state,family,observable,frozen_Delta_6Q,frozen_Delta_5Q,analytic_Tr_O_rho2,abs_error_6Q_vs_analytic,abs_error_5Q_vs_analytic
bell_Phi+,A_pure_bell,II,0.9999999999999991,0.9999999999999993,0.9999999999999996,4.440892098500626e-16,2.220446049250313e-16
bell_Phi+,A_pure_bell,IX,0.0,0.0,0.0,0.0,0.0
bell_Phi+,A_pure_bell,IY,0.0,0.0,0.0,0.0,0.0
bell_Phi+,A_pure_bell,IZ,0.0,0.0,0.0,0.0,0.0
bell_Phi+,A_pure_bell,XI,0.0,0.0,0.0,0.0,0.0
bell_Phi+,A_pure_bell,XX,0.9999999999999991,0.9999999999999993,0.9999999999999996,4.440892098500626e-16,2.220446049250313e-16
bell_Phi+,A_pure_bell,XY,0.0,0.0,0.0,0.0,0.0
bell_Phi+,A_pure_bell,XZ,0.0,0.0,0.0,0.0,0.0
bell_Phi+,A_pure_bell,YI,0.0,0.0,0.0,0.0,0.0
bell_Phi+,A_pure_bell,YX,0.0,0.0,0.0,0.0,0.0
bell_Phi+,A_pure_bell,YY,-0.9999999999999991,-0.9999999999999993,-0.9999999999999996,4.440892098500626e-16,2.220446049250313e-16
bell_Phi+,A_pure_bell,YZ,0.0,0.0,0.0,0.0,0.0
bell_Phi+,A_pure_bell,ZI,0.0,0.0,0.0,0.0,0.0
bell_Phi+,A_pure_bell,ZX,0.0,0.0,0.0,0.0,0.0
bell_Phi+,A_pure_bell,ZY,0.0,0.0,0.0,0.0,0.0
bell_Phi+,A_pure_bell,ZZ,0.9999999999999991,0.9999999999999993,0.9999999999999996,4.440892098500626e-16,2.220446049250313e-16
bell_Phi-,A_pure_bell,II,0.9999999999999991,0.9999999999999993,0.9999999999999996,4.440892098500626e-16,2.220446049250313e-16
bell_Phi-,A_pure_bell,IX,0.0,0.0,0.0,0.0,0.0
bell_Phi-,A_pure_bell,IY,0.0,0.0,0.0,0.0,0.0
bell_Phi-,A_pure_bell,IZ,0.0,0.0,0.0,0.0,0.0
bell_Phi-,A_pure_bell,XI,0.0,0.0,0.0,0.0,0.0
bell_Phi-,A_pure_bell,XX,-0.9999999999999991,-0.9999999999999993,-0.9999999999999996,4.440892098500626e-16,2.220446049250313e-16
bell_Phi-,A_pure_bell,XY,0.0,0.0,0.0,0.0,0.0
bell_Phi-,A_pure_bell,XZ,0.0,0.0,0.0,0.0,0.0
bell_Phi-,A_pure_bell,YI,0.0,0.0,0.0,0.0,0.0
bell_Phi-,A_pure_bell,YX,0.0,0.0,0.0,0.0,0.0
bell_Phi-,A_pure_bell,YY,0.9999999999999991,0.9999999999999993,0.9999999999999996,4.440892098500626e-16,2.220446049250313e-16
bell_Phi-,A_pure_bell,YZ,0.0,0.0,0.0,0.0,0.0
bell_Phi-,A_pure_bell,ZI,0.0,0.0,0.0,0.0,0.0
bell_Phi-,A_pure_bell,ZX,0.0,0.0,0.0,0.0,0.0
bell_Phi-,A_pure_bell,ZY,0.0,0.0,0.0,0.0,0.0
bell_Phi-,A_pure_bell,ZZ,0.9999999999999991,0.9999999999999993,0.9999999999999996,4.440892098500626e-16,2.220446049250313e-16
bell_Psi+,A_pure_bell,II,0.9999999999999991,0.9999999999999993,0.9999999999999996,4.440892098500626e-16,2.220446049250313e-16
bell_Psi+,A_pure_bell,IX,0.0,0.0,0.0,0.0,0.0
bell_Psi+,A_pure_bell,IY,0.0,0.0,0.0,0.0,0.0
bell_Psi+,A_pure_bell,IZ,0.0,0.0,0.0,0.0,0.0
bell_Psi+,A_pure_bell,XI,0.0,0.0,0.0,0.0,0.0
bell_Psi+,A_pure_bell,XX,0.9999999999999991,0.9999999999999993,0.9999999999999996,4.440892098500626e-16,2.220446049250313e-16
bell_Psi+,A_pure_bell,XY,0.0,0.0,0.0,0.0,0.0
bell_Psi+,A_pure_bell,XZ,0.0,0.0,0.0,0.0,0.0
bell_Psi+,A_pure_bell,YI,0.0,0.0,0.0,0.0,0.0
bell_Psi+,A_pure_bell,YX,0.0,0.0,0.0,0.0,0.0
bell_Psi+,A_pure_bell,YY,0.9999999999999991,0.9999999999999993,0.9999999999999996,4.440892098500626e-16,2.220446049250313e-16
bell_Psi+,A_pure_bell,YZ,0.0,0.0,0.0,0.0,0.0
bell_Psi+,A_pure_bell,ZI,0.0,0.0,0.0,0.0,0.0
bell_Psi+,A_pure_bell,ZX,0.0,0.0,0.0,0.0,0.0
bell_Psi+,A_pure_bell,ZY,0.0,0.0,0.0,0.0,0.0
bell_Psi+,A_pure_bell,ZZ,-0.9999999999999991,-0.9999999999999993,-0.9999999999999996,4.440892098500626e-16,2.220446049250313e-16
bell_Psi-,A_pure_bell,II,0.9999999999999991,0.9999999999999993,0.9999999999999996,4.440892098500626e-16,2.220446049250313e-16
bell_Psi-,A_pure_bell,IX,0.0,0.0,0.0,0.0,0.0
bell_Psi-,A_pure_bell,IY,0.0,0.0,0.0,0.0,0.0
bell_Psi-,A_pure_bell,IZ,0.0,0.0,0.0,0.0,0.0
bell_Psi-,A_pure_bell,XI,0.0,0.0,0.0,0.0,0.0
bell_Psi-,A_pure_bell,XX,-0.9999999999999991,-0.9999999999999993,-0.9999999999999996,4.440892098500626e-16,2.220446049250313e-16
bell_Psi-,A_pure_bell,XY,0.0,0.0,0.0,0.0,0.0
bell_Psi-,A_pure_bell,XZ,0.0,0.0,0.0,0.0,0.0
bell_Psi-,A_pure_bell,YI,0.0,0.0,0.0,0.0,0.0
bell_Psi-,A_pure_bell,YX,0.0,0.0,0.0,0.0,0.0
bell_Psi-,A_pure_bell,YY,-0.9999999999999991,-0.9999999999999993,-0.9999999999999996,4.440892098500626e-16,2.220446049250313e-16
bell_Psi-,A_pure_bell,YZ,0.0,0.0,0.0,0.0,0.0
bell_Psi-,A_pure_bell,ZI,0.0,0.0,0.0,0.0,0.0
bell_Psi-,A_pure_bell,ZX,0.0,0.0,0.0,0.0,0.0
bell_Psi-,A_pure_bell,ZY,0.0,0.0,0.0,0.0,0.0
bell_Psi-,A_pure_bell,ZZ,-0.9999999999999991,-0.9999999999999993,-0.9999999999999996,4.440892098500626e-16,2.220446049250313e-16
isotropic_eps0.000000,B_isotropic,II,0.9999999999999991,0.9999999999999993,0.9999999999999996,4.440892098500626e-16,2.220446049250313e-16
isotropic_eps0.000000,B_isotropic,IX,0.0,0.0,0.0,0.0,0.0
isotropic_eps0.000000,B_isotropic,IY,0.0,0.0,0.0,0.0,0.0
isotropic_eps0.000000,B_isotropic,IZ,0.0,0.0,0.0,0.0,0.0
isotropic_eps0.000000,B_isotropic,XI,0.0,0.0,0.0,0.0,0.0
isotropic_eps0.000000,B_isotropic,XX,0.9999999999999991,0.9999999999999993,0.9999999999999996,4.440892098500626e-16,2.220446049250313e-16
isotropic_eps0.000000,B_isotropic,XY,0.0,0.0,0.0,0.0,0.0
isotropic_eps0.000000,B_isotropic,XZ,0.0,0.0,0.0,0.0,0.0
isotropic_eps0.000000,B_isotropic,YI,0.0,0.0,0.0,0.0,0.0
isotropic_eps0.000000,B_isotropic,YX,0.0,0.0,0.0,0.0,0.0
isotropic_eps0.000000,B_isotropic,YY,-0.9999999999999991,-0.9999999999999993,-0.9999999999999996,4.440892098500626e-16,2.220446049250313e-16
isotropic_eps0.000000,B_isotropic,YZ,0.0,0.0,0.0,0.0,0.0
isotropic_eps0.000000,B_isotropic,ZI,0.0,0.0,0.0,0.0,0.0
isotropic_eps0.000000,B_isotropic,ZX,0.0,0.0,0.0,0.0,0.0
isotropic_eps0.000000,B_isotropic,ZY,0.0,0.0,0.0,0.0,0.0
isotropic_eps0.000000,B_isotropic,ZZ,0.9999999999999991,0.9999999999999993,0.9999999999999996,4.440892098500626e-16,2.220446049250313e-16
isotropic_eps0.010000,B_isotropic,II,0.9850749999999991,0.9850749999999993,0.9850749999999995,3.3306690738754696e-16,2.220446049250313e-16
isotropic_eps0.010000,B_isotropic,IX,0.0,0.0,0.0,0.0,0.0
isotropic_eps0.010000,B_isotropic,IY,0.0,0.0,0.0,0.0,0.0
isotropic_eps0.010000,B_isotropic,IZ,0.0,0.0,5.551115123125783e-17,5.551115123125783e-17,5.551115123125783e-17
isotropic_eps0.010000,B_isotropic,XI,0.0,0.0,0.0,0.0,0.0
isotropic_eps0.010000,B_isotropic,XX,0.9850499999999991,0.9850499999999993,0.9850499999999995,4.440892098500626e-16,2.220446049250313e-16
isotropic_eps0.010000,B_isotropic,XY,0.0,0.0,0.0,0.0,0.0
isotropic_eps0.010000,B_isotropic,XZ,0.0,0.0,0.0,0.0,0.0
isotropic_eps0.010000,B_isotropic,YI,0.0,0.0,0.0,0.0,0.0
isotropic_eps0.010000,B_isotropic,YX,0.0,0.0,0.0,0.0,0.0
isotropic_eps0.010000,B_isotropic,YY,-0.9850499999999991,-0.9850499999999993,-0.9850499999999995,4.440892098500626e-16,2.220446049250313e-16
isotropic_eps0.010000,B_isotropic,YZ,0.0,0.0,0.0,0.0,0.0
isotropic_eps0.010000,B_isotropic,ZI,-1.3877787807814457e-17,0.0,5.551115123125783e-17,6.938893903907228e-17,5.551115123125783e-17
isotropic_eps0.010000,B_isotropic,ZX,0.0,0.0,0.0,0.0,0.0
isotropic_eps0.010000,B_isotropic,ZY,0.0,0.0,0.0,0.0,0.0
isotropic_eps0.010000,B_isotropic,ZZ,0.9850499999999991,0.9850499999999993,0.9850499999999995,4.440892098500626e-16,2.220446049250313e-16
isotropic_eps0.100000,B_isotropic,II,0.8574999999999993,0.8574999999999995,0.8574999999999997,4.440892098500626e-16,2.220446049250313e-16
isotropic_eps0.100000,B_isotropic,IX,0.0,0.0,0.0,0.0,0.0
isotropic_eps0.100000,B_isotropic,IY,0.0,0.0,0.0,0.0,0.0
isotropic_eps0.100000,B_isotropic,IZ,0.0,0.0,5.551115123125783e-17,5.551115123125783e-17,5.551115123125783e-17
isotropic_eps0.100000,B_isotropic,XI,0.0,0.0,0.0,0.0,0.0
isotropic_eps0.100000,B_isotropic,XX,0.8549999999999992,0.8549999999999994,0.8549999999999996,4.440892098500626e-16,2.220446049250313e-16
isotropic_eps0.100000,B_isotropic,XY,0.0,0.0,0.0,0.0,0.0
isotropic_eps0.100000,B_isotropic,XZ,0.0,0.0,0.0,0.0,0.0
isotropic_eps0.100000,B_isotropic,YI,0.0,0.0,0.0,0.0,0.0
isotropic_eps0.100000,B_isotropic,YX,0.0,0.0,0.0,0.0,0.0
isotropic_eps0.100000,B_isotropic,YY,-0.8549999999999992,-0.8549999999999994,-0.8549999999999996,4.440892098500626e-16,2.220446049250313e-16
isotropic_eps0.100000,B_isotropic,YZ,0.0,0.0,0.0,0.0,0.0
isotropic_eps0.100000,B_isotropic,ZI,0.0,0.0,5.551115123125783e-17,5.551115123125783e-17,5.551115123125783e-17
isotropic_eps0.100000,B_isotropic,ZX,0.0,0.0,0.0,0.0,0.0
isotropic_eps0.100000,B_isotropic,ZY,0.0,0.0,0.0,0.0,0.0
isotropic_eps0.100000,B_isotropic,ZZ,0.8549999999999993,0.8549999999999995,0.8549999999999998,4.440892098500626e-16,2.220446049250313e-16
isotropic_eps0.300000,B_isotropic,II,0.6174999999999995,0.6174999999999997,0.6174999999999997,2.220446049250313e-16,0.0
isotropic_eps0.300000,B_isotropic,IX,0.0,0.0,0.0,0.0,0.0
isotropic_eps0.300000,B_isotropic,IY,0.0,0.0,0.0,0.0,0.0
isotropic_eps0.300000,B_isotropic,IZ,0.0,0.0,5.551115123125783e-17,5.551115123125783e-17,5.551115123125783e-17
isotropic_eps0.300000,B_isotropic,XI,0.0,0.0,0.0,0.0,0.0
isotropic_eps0.300000,B_isotropic,XX,0.5949999999999995,0.5949999999999996,0.5949999999999998,2.220446049250313e-16,1.1102230246251565e-16
isotropic_eps0.300000,B_isotropic,XY,0.0,0.0,0.0,0.0,0.0
isotropic_eps0.300000,B_isotropic,XZ,0.0,0.0,0.0,0.0,0.0
isotropic_eps0.300000,B_isotropic,YI,0.0,0.0,0.0,0.0,0.0
isotropic_eps0.300000,B_isotropic,YX,0.0,0.0,0.0,0.0,0.0
isotropic_eps0.300000,B_isotropic,YY,-0.5949999999999995,-0.5949999999999996,-0.5949999999999998,2.220446049250313e-16,1.1102230246251565e-16
isotropic_eps0.300000,B_isotropic,YZ,0.0,0.0,0.0,0.0,0.0
isotropic_eps0.300000,B_isotropic,ZI,2.7755575615628914e-17,0.0,5.551115123125783e-17,2.7755575615628914e-17,5.551115123125783e-17
isotropic_eps0.300000,B_isotropic,ZX,0.0,0.0,0.0,0.0,0.0
isotropic_eps0.300000,B_isotropic,ZY,0.0,0.0,0.0,0.0,0.0
isotropic_eps0.300000,B_isotropic,ZZ,0.5949999999999996,0.5949999999999998,0.5949999999999998,1.1102230246251565e-16,0.0
isotropic_eps0.666667,B_isotropic,II,0.33333333333333315,0.3333333333333332,0.33333333333333326,1.1102230246251565e-16,5.551115123125783e-17
isotropic_eps0.666667,B_isotropic,IX,0.0,0.0,0.0,0.0,0.0
isotropic_eps0.666667,B_isotropic,IY,0.0,0.0,0.0,0.0,0.0
isotropic_eps0.666667,B_isotropic,IZ,0.0,0.0,0.0,0.0,0.0
isotropic_eps0.666667,B_isotropic,XI,0.0,0.0,0.0,0.0,0.0
isotropic_eps0.666667,B_isotropic,XX,0.2222222222222221,0.22222222222222215,0.2222222222222222,1.1102230246251565e-16,5.551115123125783e-17
isotropic_eps0.666667,B_isotropic,XY,0.0,0.0,0.0,0.0,0.0
isotropic_eps0.666667,B_isotropic,XZ,0.0,0.0,0.0,0.0,0.0
isotropic_eps0.666667,B_isotropic,YI,0.0,0.0,0.0,0.0,0.0
isotropic_eps0.666667,B_isotropic,YX,0.0,0.0,0.0,0.0,0.0
isotropic_eps0.666667,B_isotropic,YY,-0.2222222222222221,-0.22222222222222215,-0.2222222222222222,1.1102230246251565e-16,5.551115123125783e-17
isotropic_eps0.666667,B_isotropic,YZ,0.0,0.0,0.0,0.0,0.0
isotropic_eps0.666667,B_isotropic,ZI,0.0,0.0,0.0,0.0,0.0
isotropic_eps0.666667,B_isotropic,ZX,0.0,0.0,0.0,0.0,0.0
isotropic_eps0.666667,B_isotropic,ZY,0.0,0.0,0.0,0.0,0.0
isotropic_eps0.666667,B_isotropic,ZZ,0.22222222222222213,0.22222222222222215,0.22222222222222218,5.551115123125783e-17,2.7755575615628914e-17
isotropic_eps0.800000,B_isotropic,II,0.2799999999999998,0.27999999999999986,0.2799999999999999,1.1102230246251565e-16,5.551115123125783e-17
isotropic_eps0.800000,B_isotropic,IX,0.0,0.0,0.0,0.0,0.0
isotropic_eps0.800000,B_isotropic,IY,0.0,0.0,0.0,0.0,0.0
isotropic_eps0.800000,B_isotropic,IZ,-1.5612511283791264e-17,0.0,0.0,1.5612511283791264e-17,0.0
isotropic_eps0.800000,B_isotropic,XI,0.0,0.0,0.0,0.0,0.0
isotropic_eps0.800000,B_isotropic,XX,0.11999999999999986,0.11999999999999988,0.11999999999999991,5.551115123125783e-17,2.7755575615628914e-17
isotropic_eps0.800000,B_isotropic,XY,0.0,0.0,0.0,0.0,0.0
isotropic_eps0.800000,B_isotropic,XZ,0.0,0.0,0.0,0.0,0.0
isotropic_eps0.800000,B_isotropic,YI,0.0,0.0,0.0,0.0,0.0
isotropic_eps0.800000,B_isotropic,YX,0.0,0.0,0.0,0.0,0.0
isotropic_eps0.800000,B_isotropic,YY,-0.11999999999999986,-0.11999999999999988,-0.11999999999999991,5.551115123125783e-17,2.7755575615628914e-17
isotropic_eps0.800000,B_isotropic,YZ,0.0,0.0,0.0,0.0,0.0
isotropic_eps0.800000,B_isotropic,ZI,-1.5612511283791264e-17,0.0,0.0,1.5612511283791264e-17,0.0
isotropic_eps0.800000,B_isotropic,ZX,0.0,0.0,0.0,0.0,0.0
isotropic_eps0.800000,B_isotropic,ZY,0.0,0.0,0.0,0.0,0.0
isotropic_eps0.800000,B_isotropic,ZZ,0.11999999999999983,0.11999999999999984,0.11999999999999988,5.551115123125783e-17,4.163336342344337e-17
isotropic_eps1.000000,B_isotropic,II,0.2499999999999999,0.24999999999999994,0.25,1.1102230246251565e-16,5.551115123125783e-17
isotropic_eps1.000000,B_isotropic,IX,0.0,0.0,0.0,0.0,0.0
isotropic_eps1.000000,B_isotropic,IY,0.0,0.0,0.0,0.0,0.0
isotropic_eps1.000000,B_isotropic,IZ,0.0,0.0,0.0,0.0,0.0
isotropic_eps1.000000,B_isotropic,XI,0.0,0.0,0.0,0.0,0.0
isotropic_eps1.000000,B_isotropic,XX,0.0,0.0,0.0,0.0,0.0
isotropic_eps1.000000,B_isotropic,XY,0.0,0.0,0.0,0.0,0.0
isotropic_eps1.000000,B_isotropic,XZ,0.0,0.0,0.0,0.0,0.0
isotropic_eps1.000000,B_isotropic,YI,0.0,0.0,0.0,0.0,0.0
isotropic_eps1.000000,B_isotropic,YX,0.0,0.0,0.0,0.0,0.0
isotropic_eps1.000000,B_isotropic,YY,0.0,0.0,0.0,0.0,0.0
isotropic_eps1.000000,B_isotropic,YZ,0.0,0.0,0.0,0.0,0.0
isotropic_eps1.000000,B_isotropic,ZI,0.0,0.0,0.0,0.0,0.0
isotropic_eps1.000000,B_isotropic,ZX,0.0,0.0,0.0,0.0,0.0
isotropic_eps1.000000,B_isotropic,ZY,0.0,0.0,0.0,0.0,0.0
isotropic_eps1.000000,B_isotropic,ZZ,0.0,0.0,0.0,0.0,0.0
belldiag_fixed_0,C_bell_diagonal,II,0.9999999999999991,0.9999999999999993,0.9999999999999996,4.440892098500626e-16,2.220446049250313e-16
belldiag_fixed_0,C_bell_diagonal,IX,0.0,0.0,0.0,0.0,0.0
belldiag_fixed_0,C_bell_diagonal,IY,0.0,0.0,0.0,0.0,0.0
belldiag_fixed_0,C_bell_diagonal,IZ,0.0,0.0,0.0,0.0,0.0
belldiag_fixed_0,C_bell_diagonal,XI,0.0,0.0,0.0,0.0,0.0
belldiag_fixed_0,C_bell_diagonal,XX,0.9999999999999991,0.9999999999999993,0.9999999999999996,4.440892098500626e-16,2.220446049250313e-16
belldiag_fixed_0,C_bell_diagonal,XY,0.0,0.0,0.0,0.0,0.0
belldiag_fixed_0,C_bell_diagonal,XZ,0.0,0.0,0.0,0.0,0.0
belldiag_fixed_0,C_bell_diagonal,YI,0.0,0.0,0.0,0.0,0.0
belldiag_fixed_0,C_bell_diagonal,YX,0.0,0.0,0.0,0.0,0.0
belldiag_fixed_0,C_bell_diagonal,YY,-0.9999999999999991,-0.9999999999999993,-0.9999999999999996,4.440892098500626e-16,2.220446049250313e-16
belldiag_fixed_0,C_bell_diagonal,YZ,0.0,0.0,0.0,0.0,0.0
belldiag_fixed_0,C_bell_diagonal,ZI,0.0,0.0,0.0,0.0,0.0
belldiag_fixed_0,C_bell_diagonal,ZX,0.0,0.0,0.0,0.0,0.0
belldiag_fixed_0,C_bell_diagonal,ZY,0.0,0.0,0.0,0.0,0.0
belldiag_fixed_0,C_bell_diagonal,ZZ,0.9999999999999991,0.9999999999999993,0.9999999999999996,4.440892098500626e-16,2.220446049250313e-16
belldiag_fixed_1,C_bell_diagonal,II,0.9999999999999991,0.9999999999999993,0.9999999999999996,4.440892098500626e-16,2.220446049250313e-16
belldiag_fixed_1,C_bell_diagonal,IX,0.0,0.0,0.0,0.0,0.0
belldiag_fixed_1,C_bell_diagonal,IY,0.0,0.0,0.0,0.0,0.0
belldiag_fixed_1,C_bell_diagonal,IZ,0.0,0.0,0.0,0.0,0.0
belldiag_fixed_1,C_bell_diagonal,XI,0.0,0.0,0.0,0.0,0.0
belldiag_fixed_1,C_bell_diagonal,XX,-0.9999999999999991,-0.9999999999999993,-0.9999999999999996,4.440892098500626e-16,2.220446049250313e-16
belldiag_fixed_1,C_bell_diagonal,XY,0.0,0.0,0.0,0.0,0.0
belldiag_fixed_1,C_bell_diagonal,XZ,0.0,0.0,0.0,0.0,0.0
belldiag_fixed_1,C_bell_diagonal,YI,0.0,0.0,0.0,0.0,0.0
belldiag_fixed_1,C_bell_diagonal,YX,0.0,0.0,0.0,0.0,0.0
belldiag_fixed_1,C_bell_diagonal,YY,0.9999999999999991,0.9999999999999993,0.9999999999999996,4.440892098500626e-16,2.220446049250313e-16
belldiag_fixed_1,C_bell_diagonal,YZ,0.0,0.0,0.0,0.0,0.0
belldiag_fixed_1,C_bell_diagonal,ZI,0.0,0.0,0.0,0.0,0.0
belldiag_fixed_1,C_bell_diagonal,ZX,0.0,0.0,0.0,0.0,0.0
belldiag_fixed_1,C_bell_diagonal,ZY,0.0,0.0,0.0,0.0,0.0
belldiag_fixed_1,C_bell_diagonal,ZZ,0.9999999999999991,0.9999999999999993,0.9999999999999996,4.440892098500626e-16,2.220446049250313e-16
belldiag_fixed_2,C_bell_diagonal,II,0.49999999999999956,0.49999999999999967,0.4999999999999998,2.220446049250313e-16,1.1102230246251565e-16
belldiag_fixed_2,C_bell_diagonal,IX,0.0,0.0,0.0,0.0,0.0
belldiag_fixed_2,C_bell_diagonal,IY,0.0,0.0,0.0,0.0,0.0
belldiag_fixed_2,C_bell_diagonal,IZ,0.0,0.0,0.0,0.0,0.0
belldiag_fixed_2,C_bell_diagonal,XI,0.0,0.0,0.0,0.0,0.0
belldiag_fixed_2,C_bell_diagonal,XX,0.0,0.0,0.0,0.0,0.0
belldiag_fixed_2,C_bell_diagonal,XY,0.0,0.0,0.0,0.0,0.0
belldiag_fixed_2,C_bell_diagonal,XZ,0.0,0.0,0.0,0.0,0.0
belldiag_fixed_2,C_bell_diagonal,YI,0.0,0.0,0.0,0.0,0.0
belldiag_fixed_2,C_bell_diagonal,YX,0.0,0.0,0.0,0.0,0.0
belldiag_fixed_2,C_bell_diagonal,YY,0.0,0.0,0.0,0.0,0.0
belldiag_fixed_2,C_bell_diagonal,YZ,0.0,0.0,0.0,0.0,0.0
belldiag_fixed_2,C_bell_diagonal,ZI,0.0,0.0,0.0,0.0,0.0
belldiag_fixed_2,C_bell_diagonal,ZX,0.0,0.0,0.0,0.0,0.0
belldiag_fixed_2,C_bell_diagonal,ZY,0.0,0.0,0.0,0.0,0.0
belldiag_fixed_2,C_bell_diagonal,ZZ,0.49999999999999956,0.49999999999999967,0.4999999999999998,2.220446049250313e-16,1.1102230246251565e-16
belldiag_fixed_3,C_bell_diagonal,II,0.49999999999999956,0.49999999999999967,0.4999999999999998,2.220446049250313e-16,1.1102230246251565e-16
belldiag_fixed_3,C_bell_diagonal,IX,0.0,0.0,0.0,0.0,0.0
belldiag_fixed_3,C_bell_diagonal,IY,0.0,0.0,0.0,0.0,0.0
belldiag_fixed_3,C_bell_diagonal,IZ,0.0,0.0,0.0,0.0,0.0
belldiag_fixed_3,C_bell_diagonal,XI,0.0,0.0,0.0,0.0,0.0
belldiag_fixed_3,C_bell_diagonal,XX,0.49999999999999956,0.49999999999999967,0.4999999999999998,2.220446049250313e-16,1.1102230246251565e-16
belldiag_fixed_3,C_bell_diagonal,XY,0.0,0.0,0.0,0.0,0.0
belldiag_fixed_3,C_bell_diagonal,XZ,0.0,0.0,0.0,0.0,0.0
belldiag_fixed_3,C_bell_diagonal,YI,0.0,0.0,0.0,0.0,0.0
belldiag_fixed_3,C_bell_diagonal,YX,0.0,0.0,0.0,0.0,0.0
belldiag_fixed_3,C_bell_diagonal,YY,0.0,0.0,0.0,0.0,0.0
belldiag_fixed_3,C_bell_diagonal,YZ,0.0,0.0,0.0,0.0,0.0
belldiag_fixed_3,C_bell_diagonal,ZI,0.0,0.0,0.0,0.0,0.0
belldiag_fixed_3,C_bell_diagonal,ZX,0.0,0.0,0.0,0.0,0.0
belldiag_fixed_3,C_bell_diagonal,ZY,0.0,0.0,0.0,0.0,0.0
belldiag_fixed_3,C_bell_diagonal,ZZ,0.0,0.0,0.0,0.0,0.0
belldiag_fixed_4,C_bell_diagonal,II,0.37499999999999967,0.3749999999999998,0.37499999999999983,1.6653345369377348e-16,5.551115123125783e-17
belldiag_fixed_4,C_bell_diagonal,IX,0.0,0.0,0.0,0.0,0.0
belldiag_fixed_4,C_bell_diagonal,IY,0.0,0.0,0.0,0.0,0.0
belldiag_fixed_4,C_bell_diagonal,IZ,0.0,0.0,0.0,0.0,0.0
belldiag_fixed_4,C_bell_diagonal,XI,0.0,0.0,0.0,0.0,0.0
belldiag_fixed_4,C_bell_diagonal,XX,-0.24999999999999978,-0.24999999999999983,-0.2499999999999999,1.1102230246251565e-16,5.551115123125783e-17
belldiag_fixed_4,C_bell_diagonal,XY,0.0,0.0,0.0,0.0,0.0
belldiag_fixed_4,C_bell_diagonal,XZ,0.0,0.0,0.0,0.0,0.0
belldiag_fixed_4,C_bell_diagonal,YI,0.0,0.0,0.0,0.0,0.0
belldiag_fixed_4,C_bell_diagonal,YX,0.0,0.0,0.0,0.0,0.0
belldiag_fixed_4,C_bell_diagonal,YY,0.24999999999999978,0.24999999999999983,0.2499999999999999,1.1102230246251565e-16,5.551115123125783e-17
belldiag_fixed_4,C_bell_diagonal,YZ,0.0,0.0,0.0,0.0,0.0
belldiag_fixed_4,C_bell_diagonal,ZI,0.0,0.0,0.0,0.0,0.0
belldiag_fixed_4,C_bell_diagonal,ZX,0.0,0.0,0.0,0.0,0.0
belldiag_fixed_4,C_bell_diagonal,ZY,0.0,0.0,0.0,0.0,0.0
belldiag_fixed_4,C_bell_diagonal,ZZ,0.12499999999999989,0.12499999999999992,0.12499999999999994,5.551115123125783e-17,2.7755575615628914e-17
belldiag_fixed_5,C_bell_diagonal,II,0.5399999999999996,0.5399999999999996,0.5399999999999998,2.220446049250313e-16,2.220446049250313e-16
belldiag_fixed_5,C_bell_diagonal,IX,0.0,0.0,0.0,0.0,0.0
belldiag_fixed_5,C_bell_diagonal,IY,0.0,0.0,0.0,0.0,0.0
belldiag_fixed_5,C_bell_diagonal,IZ,0.0,0.0,0.0,0.0,0.0
belldiag_fixed_5,C_bell_diagonal,XI,0.0,0.0,0.0,0.0,0.0
belldiag_fixed_5,C_bell_diagonal,XX,0.4599999999999995,0.4599999999999997,0.4599999999999998,2.7755575615628914e-16,1.1102230246251565e-16
belldiag_fixed_5,C_bell_diagonal,XY,0.0,0.0,0.0,0.0,0.0
belldiag_fixed_5,C_bell_diagonal,XZ,0.0,0.0,0.0,0.0,0.0
belldiag_fixed_5,C_bell_diagonal,YI,0.0,0.0,0.0,0.0,0.0
belldiag_fixed_5,C_bell_diagonal,YX,0.0,0.0,0.0,0.0,0.0
belldiag_fixed_5,C_bell_diagonal,YY,-0.43999999999999956,-0.43999999999999967,-0.4399999999999998,2.220446049250313e-16,1.1102230246251565e-16
belldiag_fixed_5,C_bell_diagonal,YZ,0.0,0.0,0.0,0.0,0.0
belldiag_fixed_5,C_bell_diagonal,ZI,3.469446951953614e-18,0.0,0.0,3.469446951953614e-18,0.0
belldiag_fixed_5,C_bell_diagonal,ZX,0.0,0.0,0.0,0.0,0.0
belldiag_fixed_5,C_bell_diagonal,ZY,0.0,0.0,0.0,0.0,0.0
belldiag_fixed_5,C_bell_diagonal,ZZ,0.5199999999999995,0.5199999999999996,0.5199999999999998,3.3306690738754696e-16,2.220446049250313e-16
belldiag_fixed_6,C_bell_diagonal,II,0.4549999999999995,0.4549999999999996,0.4549999999999998,2.7755575615628914e-16,1.6653345369377348e-16
belldiag_fixed_6,C_bell_diagonal,IX,0.0,0.0,0.0,0.0,0.0
belldiag_fixed_6,C_bell_diagonal,IY,0.0,0.0,0.0,0.0,0.0
belldiag_fixed_6,C_bell_diagonal,IZ,0.0,2.7755575615628914e-17,0.0,0.0,2.7755575615628914e-17
belldiag_fixed_6,C_bell_diagonal,XI,0.0,0.0,0.0,0.0,0.0
belldiag_fixed_6,C_bell_diagonal,XX,0.2699999999999998,0.26999999999999985,0.2699999999999999,1.1102230246251565e-16,5.551115123125783e-17
belldiag_fixed_6,C_bell_diagonal,XY,0.0,0.0,0.0,0.0,0.0
belldiag_fixed_6,C_bell_diagonal,XZ,0.0,0.0,0.0,0.0,0.0
belldiag_fixed_6,C_bell_diagonal,YI,0.0,0.0,0.0,0.0,0.0
belldiag_fixed_6,C_bell_diagonal,YX,0.0,0.0,0.0,0.0,0.0
belldiag_fixed_6,C_bell_diagonal,YY,-0.2699999999999998,-0.26999999999999985,-0.2699999999999999,1.1102230246251565e-16,5.551115123125783e-17
belldiag_fixed_6,C_bell_diagonal,YZ,0.0,0.0,0.0,0.0,0.0
belldiag_fixed_6,C_bell_diagonal,ZI,3.469446951953614e-18,2.7755575615628914e-17,0.0,3.469446951953614e-18,2.7755575615628914e-17
belldiag_fixed_6,C_bell_diagonal,ZX,0.0,0.0,0.0,0.0,0.0
belldiag_fixed_6,C_bell_diagonal,ZY,0.0,0.0,0.0,0.0,0.0
belldiag_fixed_6,C_bell_diagonal,ZZ,0.44499999999999956,0.4449999999999996,0.4449999999999998,2.220446049250313e-16,1.6653345369377348e-16
belldiag_fixed_7,C_bell_diagonal,II,0.24999999999999978,0.24999999999999983,0.2499999999999999,1.1102230246251565e-16,5.551115123125783e-17
belldiag_fixed_7,C_bell_diagonal,IX,0.0,0.0,0.0,0.0,0.0
belldiag_fixed_7,C_bell_diagonal,IY,0.0,0.0,0.0,0.0,0.0
belldiag_fixed_7,C_bell_diagonal,IZ,0.0,0.0,0.0,0.0,0.0
belldiag_fixed_7,C_bell_diagonal,XI,0.0,0.0,0.0,0.0,0.0
belldiag_fixed_7,C_bell_diagonal,XX,0.0,0.0,0.0,0.0,0.0
belldiag_fixed_7,C_bell_diagonal,XY,0.0,0.0,0.0,0.0,0.0
belldiag_fixed_7,C_bell_diagonal,XZ,0.0,0.0,0.0,0.0,0.0
belldiag_fixed_7,C_bell_diagonal,YI,0.0,0.0,0.0,0.0,0.0
belldiag_fixed_7,C_bell_diagonal,YX,0.0,0.0,0.0,0.0,0.0
belldiag_fixed_7,C_bell_diagonal,YY,0.0,0.0,0.0,0.0,0.0
belldiag_fixed_7,C_bell_diagonal,YZ,0.0,0.0,0.0,0.0,0.0
belldiag_fixed_7,C_bell_diagonal,ZI,0.0,0.0,0.0,0.0,0.0
belldiag_fixed_7,C_bell_diagonal,ZX,0.0,0.0,0.0,0.0,0.0
belldiag_fixed_7,C_bell_diagonal,ZY,0.0,0.0,0.0,0.0,0.0
belldiag_fixed_7,C_bell_diagonal,ZZ,0.0,0.0,0.0,0.0,0.0
belldiag_fixed_8,C_bell_diagonal,II,0.8199999999999994,0.8199999999999994,0.8199999999999996,2.220446049250313e-16,2.220446049250313e-16
belldiag_fixed_8,C_bell_diagonal,IX,0.0,0.0,0.0,0.0,0.0
belldiag_fixed_8,C_bell_diagonal,IY,0.0,0.0,0.0,0.0,0.0
belldiag_fixed_8,C_bell_diagonal,IZ,0.0,-1.3877787807814457e-17,0.0,0.0,1.3877787807814457e-17
belldiag_fixed_8,C_bell_diagonal,XI,0.0,0.0,0.0,0.0,0.0
belldiag_fixed_8,C_bell_diagonal,XX,0.7999999999999992,0.7999999999999994,0.7999999999999996,4.440892098500626e-16,2.220446049250313e-16
belldiag_fixed_8,C_bell_diagonal,XY,0.0,0.0,0.0,0.0,0.0
belldiag_fixed_8,C_bell_diagonal,XZ,0.0,0.0,0.0,0.0,0.0
belldiag_fixed_8,C_bell_diagonal,YI,0.0,0.0,0.0,0.0,0.0
belldiag_fixed_8,C_bell_diagonal,YX,0.0,0.0,0.0,0.0,0.0
belldiag_fixed_8,C_bell_diagonal,YY,-0.7999999999999992,-0.7999999999999994,-0.7999999999999996,4.440892098500626e-16,2.220446049250313e-16
belldiag_fixed_8,C_bell_diagonal,YZ,0.0,0.0,0.0,0.0,0.0
belldiag_fixed_8,C_bell_diagonal,ZI,0.0,-1.3877787807814457e-17,0.0,0.0,1.3877787807814457e-17
belldiag_fixed_8,C_bell_diagonal,ZX,0.0,0.0,0.0,0.0,0.0
belldiag_fixed_8,C_bell_diagonal,ZY,0.0,0.0,0.0,0.0,0.0
belldiag_fixed_8,C_bell_diagonal,ZZ,0.8199999999999994,0.8199999999999994,0.8199999999999996,2.220446049250313e-16,2.220446049250313e-16
belldiag_fixed_9,C_bell_diagonal,II,0.2999999999999997,0.2999999999999998,0.2999999999999999,1.6653345369377348e-16,5.551115123125783e-17
belldiag_fixed_9,C_bell_diagonal,IX,0.0,0.0,0.0,0.0,0.0
belldiag_fixed_9,C_bell_diagonal,IY,0.0,0.0,0.0,0.0,0.0
belldiag_fixed_9,C_bell_diagonal,IZ,8.673617379884035e-19,0.0,0.0,8.673617379884035e-19,0.0
belldiag_fixed_9,C_bell_diagonal,XI,0.0,0.0,0.0,0.0,0.0
belldiag_fixed_9,C_bell_diagonal,XX,0.09999999999999991,0.09999999999999992,0.09999999999999995,4.163336342344337e-17,2.7755575615628914e-17
belldiag_fixed_9,C_bell_diagonal,XY,0.0,0.0,0.0,0.0,0.0
belldiag_fixed_9,C_bell_diagonal,XZ,0.0,0.0,0.0,0.0,0.0
belldiag_fixed_9,C_bell_diagonal,YI,0.0,0.0,0.0,0.0,0.0
belldiag_fixed_9,C_bell_diagonal,YX,0.0,0.0,0.0,0.0,0.0
belldiag_fixed_9,C_bell_diagonal,YY,-0.039999999999999966,-0.03999999999999997,-0.03999999999999998,1.3877787807814457e-17,6.938893903907228e-18
belldiag_fixed_9,C_bell_diagonal,YZ,0.0,0.0,0.0,0.0,0.0
belldiag_fixed_9,C_bell_diagonal,ZI,1.3010426069826053e-18,0.0,0.0,1.3010426069826053e-18,0.0
belldiag_fixed_9,C_bell_diagonal,ZX,0.0,0.0,0.0,0.0,0.0
belldiag_fixed_9,C_bell_diagonal,ZY,0.0,0.0,0.0,0.0,0.0
belldiag_fixed_9,C_bell_diagonal,ZZ,0.19999999999999982,0.19999999999999987,0.1999999999999999,8.326672684688674e-17,2.7755575615628914e-17
belldiag_rand_0,C_bell_diagonal,II,0.32393770747485895,0.32393770747485895,0.32393770747485906,1.1102230246251565e-16,1.1102230246251565e-16
belldiag_rand_0,C_bell_diagonal,IX,0.0,0.0,0.0,0.0,0.0
belldiag_rand_0,C_bell_diagonal,IY,0.0,0.0,0.0,0.0,0.0
belldiag_rand_0,C_bell_diagonal,IZ,0.0,0.0,1.3877787807814457e-17,1.3877787807814457e-17,1.3877787807814457e-17
belldiag_rand_0,C_bell_diagonal,XI,0.0,0.0,0.0,0.0,0.0
belldiag_rand_0,C_bell_diagonal,XX,-0.22770880654281245,-0.2277088065428125,-0.22770880654281253,8.326672684688674e-17,2.7755575615628914e-17
belldiag_rand_0,C_bell_diagonal,XY,0.0,0.0,0.0,0.0,0.0
belldiag_rand_0,C_bell_diagonal,XZ,0.0,0.0,0.0,0.0,0.0
belldiag_rand_0,C_bell_diagonal,YI,0.0,0.0,0.0,0.0,0.0
belldiag_rand_0,C_bell_diagonal,YX,0.0,0.0,0.0,0.0,0.0
belldiag_rand_0,C_bell_diagonal,YY,0.0442516854266263,0.044251685426626344,0.04425168542662636,5.551115123125783e-17,1.3877787807814457e-17
belldiag_rand_0,C_bell_diagonal,YZ,0.0,0.0,0.0,0.0,0.0
belldiag_rand_0,C_bell_diagonal,ZI,0.0,0.0,0.0,0.0,0.0
belldiag_rand_0,C_bell_diagonal,ZX,0.0,0.0,0.0,0.0,0.0
belldiag_rand_0,C_bell_diagonal,ZY,0.0,0.0,0.0,0.0,0.0
belldiag_rand_0,C_bell_diagonal,ZZ,-0.04492977217572075,-0.04492977217572072,-0.044929772175720736,1.3877787807814457e-17,1.3877787807814457e-17
belldiag_rand_1,C_bell_diagonal,II,0.30118675224353764,0.30118675224353775,0.30118675224353775,1.1102230246251565e-16,0.0
belldiag_rand_1,C_bell_diagonal,IX,0.0,0.0,0.0,0.0,0.0
belldiag_rand_1,C_bell_diagonal,IY,0.0,0.0,0.0,0.0,0.0
belldiag_rand_1,C_bell_diagonal,IZ,6.938893903907228e-18,-1.3877787807814457e-17,1.3877787807814457e-17,6.938893903907228e-18,2.7755575615628914e-17
belldiag_rand_1,C_bell_diagonal,XI,0.0,0.0,0.0,0.0,0.0
belldiag_rand_1,C_bell_diagonal,XX,-0.10484494177627851,-0.10484494177627851,-0.10484494177627854,2.7755575615628914e-17,2.7755575615628914e-17
belldiag_rand_1,C_bell_diagonal,XY,0.0,0.0,0.0,0.0,0.0
belldiag_rand_1,C_bell_diagonal,XZ,0.0,0.0,0.0,0.0,0.0
belldiag_rand_1,C_bell_diagonal,YI,0.0,0.0,0.0,0.0,0.0
belldiag_rand_1,C_bell_diagonal,YX,0.0,0.0,0.0,0.0,0.0
belldiag_rand_1,C_bell_diagonal,YY,0.18017671559747567,0.18017671559747572,0.18017671559747575,8.326672684688674e-17,2.7755575615628914e-17
belldiag_rand_1,C_bell_diagonal,YZ,0.0,0.0,0.0,0.0,0.0
belldiag_rand_1,C_bell_diagonal,ZI,1.0408340855860843e-17,1.3877787807814457e-17,2.7755575615628914e-17,1.734723475976807e-17,1.3877787807814457e-17
belldiag_rand_1,C_bell_diagonal,ZX,0.0,0.0,0.0,0.0,0.0
belldiag_rand_1,C_bell_diagonal,ZY,0.0,0.0,0.0,0.0,0.0
belldiag_rand_1,C_bell_diagonal,ZZ,0.007945716965835889,0.007945716965835944,0.007945716965835944,5.551115123125783e-17,0.0
belldiag_rand_2,C_bell_diagonal,II,0.28046467241396683,0.2804646724139669,0.280464672413967,1.6653345369377348e-16,1.1102230246251565e-16
belldiag_rand_2,C_bell_diagonal,IX,0.0,0.0,0.0,0.0,0.0
belldiag_rand_2,C_bell_diagonal,IY,0.0,0.0,0.0,0.0,0.0
belldiag_rand_2,C_bell_diagonal,IZ,-1.5612511283791264e-17,0.0,0.0,1.5612511283791264e-17,0.0
belldiag_rand_2,C_bell_diagonal,XI,0.0,0.0,0.0,0.0,0.0
belldiag_rand_2,C_bell_diagonal,XX,0.038711824625449254,0.03871182462544927,0.03871182462544928,2.7755575615628914e-17,1.3877787807814457e-17
belldiag_rand_2,C_bell_diagonal,XY,0.0,0.0,0.0,0.0,0.0
belldiag_rand_2,C_bell_diagonal,XZ,0.0,0.0,0.0,0.0,0.0
belldiag_rand_2,C_bell_diagonal,YI,0.0,0.0,0.0,0.0,0.0
belldiag_rand_2,C_bell_diagonal,YX,0.0,0.0,0.0,0.0,0.0
belldiag_rand_2,C_bell_diagonal,YY,0.07016297095051342,0.07016297095051344,0.07016297095051345,2.7755575615628914e-17,1.3877787807814457e-17
belldiag_rand_2,C_bell_diagonal,YZ,0.0,0.0,0.0,0.0,0.0
belldiag_rand_2,C_bell_diagonal,ZI,2.211772431870429e-17,0.0,0.0,2.211772431870429e-17,0.0
belldiag_rand_2,C_bell_diagonal,ZX,0.0,0.0,0.0,0.0,0.0
belldiag_rand_2,C_bell_diagonal,ZY,0.0,0.0,0.0,0.0,0.0
belldiag_rand_2,C_bell_diagonal,ZZ,0.1264680575549315,0.12646805755493157,0.1264680575549316,8.326672684688674e-17,2.7755575615628914e-17
belldiag_rand_3,C_bell_diagonal,II,0.4582633057710218,0.4582633057710219,0.45826330577102203,2.220446049250313e-16,1.1102230246251565e-16
belldiag_rand_3,C_bell_diagonal,IX,0.0,0.0,0.0,0.0,0.0
belldiag_rand_3,C_bell_diagonal,IY,0.0,0.0,0.0,0.0,0.0
belldiag_rand_3,C_bell_diagonal,IZ,-1.3877787807814457e-17,1.3877787807814457e-17,0.0,1.3877787807814457e-17,1.3877787807814457e-17
belldiag_rand_3,C_bell_diagonal,XI,0.0,0.0,0.0,0.0,0.0
belldiag_rand_3,C_bell_diagonal,XX,-0.43500417909997435,-0.4350041790999746,-0.4350041790999747,3.3306690738754696e-16,1.1102230246251565e-16
belldiag_rand_3,C_bell_diagonal,XY,0.0,0.0,0.0,0.0,0.0
belldiag_rand_3,C_bell_diagonal,XZ,0.0,0.0,0.0,0.0,0.0
belldiag_rand_3,C_bell_diagonal,YI,0.0,0.0,0.0,0.0,0.0
belldiag_rand_3,C_bell_diagonal,YX,0.0,0.0,0.0,0.0,0.0
belldiag_rand_3,C_bell_diagonal,YY,0.34949204319747884,0.34949204319747895,0.34949204319747906,2.220446049250313e-16,1.1102230246251565e-16
belldiag_rand_3,C_bell_diagonal,YZ,0.0,0.0,0.0,0.0,0.0
belldiag_rand_3,C_bell_diagonal,ZI,-2.0816681711721685e-17,0.0,0.0,2.0816681711721685e-17,0.0
belldiag_rand_3,C_bell_diagonal,ZX,0.0,0.0,0.0,0.0,0.0
belldiag_rand_3,C_bell_diagonal,ZY,0.0,0.0,0.0,0.0,0.0
belldiag_rand_3,C_bell_diagonal,ZZ,0.35582975101367736,0.3558297510136774,0.35582975101367753,1.6653345369377348e-16,1.1102230246251565e-16
belldiag_rand_4,C_bell_diagonal,II,0.37589192750631367,0.3758919275063137,0.37589192750631384,1.6653345369377348e-16,1.1102230246251565e-16
belldiag_rand_4,C_bell_diagonal,IX,0.0,0.0,0.0,0.0,0.0
belldiag_rand_4,C_bell_diagonal,IY,0.0,0.0,0.0,0.0,0.0
belldiag_rand_4,C_bell_diagonal,IZ,0.0,0.0,0.0,0.0,0.0
belldiag_rand_4,C_bell_diagonal,XI,0.0,0.0,0.0,0.0,0.0
belldiag_rand_4,C_bell_diagonal,XX,-0.3409574989322221,-0.34095749893222216,-0.34095749893222227,1.6653345369377348e-16,1.1102230246251565e-16
belldiag_rand_4,C_bell_diagonal,XY,0.0,0.0,0.0,0.0,0.0
belldiag_rand_4,C_bell_diagonal,XZ,0.0,0.0,0.0,0.0,0.0
belldiag_rand_4,C_bell_diagonal,YI,0.0,0.0,0.0,0.0,0.0
belldiag_rand_4,C_bell_diagonal,YX,0.0,0.0,0.0,0.0,0.0
belldiag_rand_4,C_bell_diagonal,YY,-0.04301384967378802,-0.043013849673788074,-0.0430138496737881,8.326672684688674e-17,2.7755575615628914e-17
belldiag_rand_4,C_bell_diagonal,YZ,0.0,0.0,0.0,0.0,0.0
belldiag_rand_4,C_bell_diagonal,ZI,-5.204170427930421e-18,0.0,0.0,5.204170427930421e-18,0.0
belldiag_rand_4,C_bell_diagonal,ZX,0.0,0.0,0.0,0.0,0.0
belldiag_rand_4,C_bell_diagonal,ZY,0.0,0.0,0.0,0.0,0.0
belldiag_rand_4,C_bell_diagonal,ZZ,-0.010372178836449655,-0.010372178836449614,-0.010372178836449614,4.163336342344337e-17,0.0
belldiag_rand_5,C_bell_diagonal,II,0.4542768231029023,0.45427682310290235,0.4542768231029025,2.220446049250313e-16,1.6653345369377348e-16
belldiag_rand_5,C_bell_diagonal,IX,0.0,0.0,0.0,0.0,0.0
belldiag_rand_5,C_bell_diagonal,IY,0.0,0.0,0.0,0.0,0.0
belldiag_rand_5,C_bell_diagonal,IZ,3.469446951953614e-18,3.469446951953614e-18,-2.7755575615628914e-17,3.122502256758253e-17,3.122502256758253e-17
belldiag_rand_5,C_bell_diagonal,XI,0.0,0.0,0.0,0.0,0.0
belldiag_rand_5,C_bell_diagonal,XX,-0.4495466192681532,-0.4495466192681533,-0.4495466192681534,2.220446049250313e-16,1.1102230246251565e-16
belldiag_rand_5,C_bell_diagonal,XY,0.0,0.0,0.0,0.0,0.0
belldiag_rand_5,C_bell_diagonal,XZ,0.0,0.0,0.0,0.0,0.0
belldiag_rand_5,C_bell_diagonal,YI,0.0,0.0,0.0,0.0,0.0
belldiag_rand_5,C_bell_diagonal,YX,0.0,0.0,0.0,0.0,0.0
belldiag_rand_5,C_bell_diagonal,YY,-0.09256676416092822,-0.09256676416092824,-0.09256676416092827,4.163336342344337e-17,2.7755575615628914e-17
belldiag_rand_5,C_bell_diagonal,YZ,0.0,0.0,0.0,0.0,0.0
belldiag_rand_5,C_bell_diagonal,ZI,-3.469446951953614e-18,3.469446951953614e-18,2.7755575615628914e-17,3.122502256758253e-17,2.42861286636753e-17
belldiag_rand_5,C_bell_diagonal,ZX,0.0,0.0,0.0,0.0,0.0
belldiag_rand_5,C_bell_diagonal,ZY,0.0,0.0,0.0,0.0,0.0
belldiag_rand_5,C_bell_diagonal,ZZ,-0.08797220401831735,-0.08797220401831735,-0.08797220401831737,2.7755575615628914e-17,2.7755575615628914e-17
belldiag_rand_6,C_bell_diagonal,II,0.2918596303340393,0.29185963033403933,0.2918596303340394,1.1102230246251565e-16,5.551115123125783e-17
belldiag_rand_6,C_bell_diagonal,IX,0.0,0.0,0.0,0.0,0.0
belldiag_rand_6,C_bell_diagonal,IY,0.0,0.0,0.0,0.0,0.0
belldiag_rand_6,C_bell_diagonal,IZ,2.168404344971009e-17,0.0,0.0,2.168404344971009e-17,0.0
belldiag_rand_6,C_bell_diagonal,XI,0.0,0.0,0.0,0.0,0.0
belldiag_rand_6,C_bell_diagonal,XX,0.1794071693585135,0.17940716935851353,0.17940716935851359,8.326672684688674e-17,5.551115123125783e-17
belldiag_rand_6,C_bell_diagonal,XY,0.0,0.0,0.0,0.0,0.0
belldiag_rand_6,C_bell_diagonal,XZ,0.0,0.0,0.0,0.0,0.0
belldiag_rand_6,C_bell_diagonal,YI,0.0,0.0,0.0,0.0,0.0
belldiag_rand_6,C_bell_diagonal,YX,0.0,0.0,0.0,0.0,0.0
belldiag_rand_6,C_bell_diagonal,YY,0.047525121536557524,0.04752512153655754,0.04752512153655755,2.7755575615628914e-17,1.3877787807814457e-17
belldiag_rand_6,C_bell_diagonal,YZ,0.0,0.0,0.0,0.0,0.0
belldiag_rand_6,C_bell_diagonal,ZI,-1.5178830414797062e-18,0.0,0.0,1.5178830414797062e-18,0.0
belldiag_rand_6,C_bell_diagonal,ZX,0.0,0.0,0.0,0.0,0.0
belldiag_rand_6,C_bell_diagonal,ZY,0.0,0.0,0.0,0.0,0.0
belldiag_rand_6,C_bell_diagonal,ZZ,-0.10590631971594637,-0.10590631971594638,-0.10590631971594641,4.163336342344337e-17,2.7755575615628914e-17
belldiag_rand_7,C_bell_diagonal,II,0.4092210478127032,0.4092210478127033,0.40922104781270335,1.6653345369377348e-16,5.551115123125783e-17
belldiag_rand_7,C_bell_diagonal,IX,0.0,0.0,0.0,0.0,0.0
belldiag_rand_7,C_bell_diagonal,IY,0.0,0.0,0.0,0.0,0.0
belldiag_rand_7,C_bell_diagonal,IZ,0.0,6.938893903907228e-18,0.0,0.0,6.938893903907228e-18
belldiag_rand_7,C_bell_diagonal,XI,0.0,0.0,0.0,0.0,0.0
belldiag_rand_7,C_bell_diagonal,XX,0.3759408495085012,0.3759408495085013,0.3759408495085014,1.6653345369377348e-16,5.551115123125783e-17
belldiag_rand_7,C_bell_diagonal,XY,0.0,0.0,0.0,0.0,0.0
belldiag_rand_7,C_bell_diagonal,XZ,0.0,0.0,0.0,0.0,0.0
belldiag_rand_7,C_bell_diagonal,YI,0.0,0.0,0.0,0.0,0.0
belldiag_rand_7,C_bell_diagonal,YX,0.0,0.0,0.0,0.0,0.0
belldiag_rand_7,C_bell_diagonal,YY,-0.27473951298715854,-0.27473951298715854,-0.2747395129871586,5.551115123125783e-17,5.551115123125783e-17
belldiag_rand_7,C_bell_diagonal,YZ,0.0,0.0,0.0,0.0,0.0
belldiag_rand_7,C_bell_diagonal,ZI,0.0,1.3877787807814457e-17,0.0,0.0,1.3877787807814457e-17
belldiag_rand_7,C_bell_diagonal,ZX,0.0,0.0,0.0,0.0,0.0
belldiag_rand_7,C_bell_diagonal,ZY,0.0,0.0,0.0,0.0,0.0
belldiag_rand_7,C_bell_diagonal,ZZ,0.25586277388119494,0.25586277388119505,0.2558627738811951,1.6653345369377348e-16,5.551115123125783e-17
belldiag_rand_8,C_bell_diagonal,II,0.3078613088314781,0.30786130883147816,0.3078613088314782,1.1102230246251565e-16,5.551115123125783e-17
belldiag_rand_8,C_bell_diagonal,IX,0.0,0.0,0.0,0.0,0.0
belldiag_rand_8,C_bell_diagonal,IY,0.0,0.0,0.0,0.0,0.0
belldiag_rand_8,C_bell_diagonal,IZ,-6.938893903907228e-18,0.0,0.0,6.938893903907228e-18,0.0
belldiag_rand_8,C_bell_diagonal,XI,0.0,0.0,0.0,0.0,0.0
belldiag_rand_8,C_bell_diagonal,XX,0.1953816644181231,0.19538166441812313,0.19538166441812316,5.551115123125783e-17,2.7755575615628914e-17
belldiag_rand_8,C_bell_diagonal,XY,0.0,0.0,0.0,0.0,0.0
belldiag_rand_8,C_bell_diagonal,XZ,0.0,0.0,0.0,0.0,0.0
belldiag_rand_8,C_bell_diagonal,YI,0.0,0.0,0.0,0.0,0.0
belldiag_rand_8,C_bell_diagonal,YX,0.0,0.0,0.0,0.0,0.0
belldiag_rand_8,C_bell_diagonal,YY,-0.17211763596115662,-0.17211763596115667,-0.1721176359611567,8.326672684688674e-17,2.7755575615628914e-17
belldiag_rand_8,C_bell_diagonal,YZ,0.0,0.0,0.0,0.0,0.0
belldiag_rand_8,C_bell_diagonal,ZI,-1.734723475976807e-18,0.0,0.0,1.734723475976807e-18,0.0
belldiag_rand_8,C_bell_diagonal,ZX,0.0,0.0,0.0,0.0,0.0
belldiag_rand_8,C_bell_diagonal,ZY,0.0,0.0,0.0,0.0,0.0
belldiag_rand_8,C_bell_diagonal,ZZ,0.11260282141093855,0.11260282141093854,0.11260282141093857,1.3877787807814457e-17,2.7755575615628914e-17
belldiag_rand_9,C_bell_diagonal,II,0.42700691496603194,0.42700691496603205,0.4270069149660321,1.6653345369377348e-16,5.551115123125783e-17
belldiag_rand_9,C_bell_diagonal,IX,0.0,0.0,0.0,0.0,0.0
belldiag_rand_9,C_bell_diagonal,IY,0.0,0.0,0.0,0.0,0.0
belldiag_rand_9,C_bell_diagonal,IZ,0.0,6.938893903907228e-18,0.0,0.0,6.938893903907228e-18
belldiag_rand_9,C_bell_diagonal,XI,0.0,0.0,0.0,0.0,0.0
belldiag_rand_9,C_bell_diagonal,XX,0.4015629125403112,0.40156291254031123,0.4015629125403113,1.1102230246251565e-16,5.551115123125783e-17
belldiag_rand_9,C_bell_diagonal,XY,0.0,0.0,0.0,0.0,0.0
belldiag_rand_9,C_bell_diagonal,XZ,0.0,0.0,0.0,0.0,0.0
belldiag_rand_9,C_bell_diagonal,YI,0.0,0.0,0.0,0.0,0.0
belldiag_rand_9,C_bell_diagonal,YX,0.0,0.0,0.0,0.0,0.0
belldiag_rand_9,C_bell_diagonal,YY,0.24247343598406335,0.2424734359840634,0.24247343598406343,8.326672684688674e-17,2.7755575615628914e-17
belldiag_rand_9,C_bell_diagonal,YZ,0.0,0.0,0.0,0.0,0.0
belldiag_rand_9,C_bell_diagonal,ZI,-6.938893903907228e-18,6.938893903907228e-18,0.0,6.938893903907228e-18,6.938893903907228e-18
belldiag_rand_9,C_bell_diagonal,ZX,0.0,0.0,0.0,0.0,0.0
belldiag_rand_9,C_bell_diagonal,ZY,0.0,0.0,0.0,0.0,0.0
belldiag_rand_9,C_bell_diagonal,ZZ,-0.21826957098267816,-0.21826957098267818,-0.21826957098267824,8.326672684688674e-17,5.551115123125783e-17
pure_0,D_random_pure,II,1.0,1.0000000000000002,1.0000000000000004,4.440892098500626e-16,2.220446049250313e-16
pure_0,D_random_pure,IX,0.11735711850836303,0.11735711850836307,0.11735711850836308,5.551115123125783e-17,1.3877787807814457e-17
pure_0,D_random_pure,IY,-0.588858198069291,-0.5888581980692913,-0.5888581980692915,5.551115123125783e-16,2.220446049250313e-16
pure_0,D_random_pure,IZ,-0.25508534724826865,-0.2550853472482687,-0.2550853472482687,5.551115123125783e-17,0.0
pure_0,D_random_pure,XI,-0.25432014010202647,-0.2543201401020265,-0.2543201401020265,5.551115123125783e-17,0.0
pure_0,D_random_pure,XX,-0.6227592703958378,-0.622759270395838,-0.622759270395838,2.220446049250313e-16,0.0
pure_0,D_random_pure,XY,0.42375552834544006,0.42375552834544,0.42375552834544017,1.1102230246251565e-16,1.6653345369377348e-16
pure_0,D_random_pure,XZ,-0.26774180083705057,-0.2677418008370506,-0.2677418008370507,1.1102230246251565e-16,5.551115123125783e-17
pure_0,D_random_pure,YI,0.037747056592284625,0.0377470565922846,0.037747056592284584,4.163336342344337e-17,1.3877787807814457e-17
pure_0,D_random_pure,YX,0.437199059960826,0.43719905996082603,0.4371990599608261,1.1102230246251565e-16,5.551115123125783e-17
pure_0,D_random_pure,YY,0.2657861092157205,0.26578610921572055,0.26578610921572055,5.551115123125783e-17,0.0
pure_0,D_random_pure,YZ,-0.5603966107320351,-0.5603966107320353,-0.5603966107320353,2.220446049250313e-16,0.0
pure_0,D_random_pure,ZI,-0.5995762096146519,-0.599576209614652,-0.5995762096146522,3.3306690738754696e-16,2.220446049250313e-16
pure_0,D_random_pure,ZX,0.09594457405831558,0.09594457405831561,0.09594457405831563,5.551115123125783e-17,2.7755575615628914e-17
pure_0,D_random_pure,ZY,0.8191140144688591,0.8191140144688592,0.8191140144688596,4.440892098500626e-16,3.3306690738754696e-16
pure_0,D_random_pure,ZZ,0.5037293877337141,0.5037293877337142,0.5037293877337143,2.220446049250313e-16,1.1102230246251565e-16
pure_1,D_random_pure,II,0.9999999999999999,1.0,1.0000000000000002,3.3306690738754696e-16,2.220446049250313e-16
pure_1,D_random_pure,IX,0.08228371610928015,0.08228371610928013,0.08228371610928015,0.0,1.3877787807814457e-17
pure_1,D_random_pure,IY,-0.880498556479597,-0.8804985564795973,-0.8804985564795973,3.3306690738754696e-16,0.0
pure_1,D_random_pure,IZ,-0.14403210737738248,-0.1440321073773825,-0.1440321073773825,2.7755575615628914e-17,0.0
pure_1,D_random_pure,XI,0.3650069877479588,0.3650069877479589,0.36500698774795903,2.220446049250313e-16,1.1102230246251565e-16
pure_1,D_random_pure,XX,-0.19527644944092862,-0.19527644944092867,-0.1952764494409287,8.326672684688674e-17,2.7755575615628914e-17
pure_1,D_random_pure,XY,-0.36800442415509854,-0.3680044241550987,-0.36800442415509876,2.220446049250313e-16,5.551115123125783e-17
pure_1,D_random_pure,XZ,-0.3960762393099094,-0.39607623930990954,-0.39607623930990954,1.6653345369377348e-16,0.0
pure_1,D_random_pure,YI,0.20173029195734962,0.20173029195734968,0.2017302919573497,8.326672684688674e-17,2.7755575615628914e-17
pure_1,D_random_pure,YX,-0.30400047195456903,-0.3040004719545691,-0.3040004719545692,1.6653345369377348e-16,1.1102230246251565e-16
pure_1,D_random_pure,YY,-0.2967232692541156,-0.2967232692541157,-0.29672326925411574,1.6653345369377348e-16,5.551115123125783e-17
pure_1,D_random_pure,YZ,0.23966760184215496,0.23966760184215502,0.23966760184215508,1.1102230246251565e-16,5.551115123125783e-17
pure_1,D_random_pure,ZI,0.7930122029684918,0.7930122029684918,0.7930122029684921,2.220446049250313e-16,2.220446049250313e-16
pure_1,D_random_pure,ZX,0.27097576538672163,0.27097576538672175,0.2709757653867218,1.6653345369377348e-16,5.551115123125783e-17
pure_1,D_random_pure,ZY,-0.8654549019984237,-0.8654549019984239,-0.8654549019984241,4.440892098500626e-16,2.220446049250313e-16
pure_1,D_random_pure,ZZ,-0.06028876663146136,-0.0602887666314614,-0.060288766631461405,4.163336342344337e-17,6.938893903907228e-18
pure_2,D_random_pure,II,0.999999999999999,0.9999999999999992,0.9999999999999996,5.551115123125783e-16,3.3306690738754696e-16
pure_2,D_random_pure,IX,0.5241513680953549,0.5241513680953549,0.524151368095355,1.1102230246251565e-16,1.1102230246251565e-16
pure_2,D_random_pure,IY,-0.7650330467432773,-0.7650330467432775,-0.7650330467432778,4.440892098500626e-16,2.220446049250313e-16
pure_2,D_random_pure,IZ,-0.22101474879914718,-0.2210147487991472,-0.2210147487991473,1.1102230246251565e-16,8.326672684688674e-17
pure_2,D_random_pure,XI,0.6399760935347907,0.6399760935347908,0.6399760935347909,2.220446049250313e-16,1.1102230246251565e-16
pure_2,D_random_pure,XX,0.20251941318611943,0.2025194131861195,0.20251941318611955,1.1102230246251565e-16,5.551115123125783e-17
pure_2,D_random_pure,XY,-0.6722058112937289,-0.672205811293729,-0.6722058112937292,3.3306690738754696e-16,2.220446049250313e-16
pure_2,D_random_pure,XZ,-0.08852624678283297,-0.08852624678283298,-0.088526246782833,2.7755575615628914e-17,1.3877787807814457e-17
pure_2,D_random_pure,YI,-0.6096589128670596,-0.6096589128670598,-0.60965891286706,3.3306690738754696e-16,2.220446049250313e-16
pure_2,D_random_pure,YX,-0.5395985737371918,-0.5395985737371918,-0.539598573737192,2.220446049250313e-16,2.220446049250313e-16
pure_2,D_random_pure,YY,0.41002946881417895,0.410029468814179,0.4100294688141791,1.6653345369377348e-16,1.1102230246251565e-16
pure_2,D_random_pure,YZ,0.05945978044619826,0.05945978044619824,0.05945978044619826,0.0,2.0816681711721685e-17
pure_2,D_random_pure,ZI,-0.3572175081627268,-0.3572175081627269,-0.3572175081627269,1.1102230246251565e-16,0.0
pure_2,D_random_pure,ZX,-0.18356520560140127,-0.18356520560140127,-0.18356520560140133,5.551115123125783e-17,5.551115123125783e-17
pure_2,D_random_pure,ZY,0.2375563219615889,0.23755632196158893,0.23755632196158905,1.3877787807814457e-16,1.1102230246251565e-16
pure_2,D_random_pure,ZZ,0.35863270745192677,0.3586327074519269,0.358632707451927,2.220446049250313e-16,1.1102230246251565e-16
pure_3,D_random_pure,II,0.9999999999999991,0.9999999999999992,0.9999999999999996,4.440892098500626e-16,3.3306690738754696e-16
pure_3,D_random_pure,IX,0.14673550733029683,0.14673550733029686,0.1467355073302969,5.551115123125783e-17,2.7755575615628914e-17
pure_3,D_random_pure,IY,0.4721477987487511,0.4721477987487512,0.4721477987487513,1.6653345369377348e-16,1.1102230246251565e-16
pure_3,D_random_pure,IZ,0.8591287915786148,0.859128791578615,0.8591287915786151,3.3306690738754696e-16,1.1102230246251565e-16
pure_3,D_random_pure,XI,0.924375324146933,0.924375324146933,0.9243753241469334,3.3306690738754696e-16,3.3306690738754696e-16
pure_3,D_random_pure,XX,0.1257592702373645,0.1257592702373645,0.12575927023736452,2.7755575615628914e-17,2.7755575615628914e-17
pure_3,D_random_pure,XY,0.4047287472419484,0.4047287472419484,0.4047287472419485,1.1102230246251565e-16,1.1102230246251565e-16
pure_3,D_random_pure,XZ,0.8320407763463111,0.8320407763463116,0.8320407763463117,5.551115123125783e-16,1.1102230246251565e-16
pure_3,D_random_pure,YI,-0.32990794946407126,-0.3299079494640713,-0.32990794946407137,1.1102230246251565e-16,5.551115123125783e-17
pure_3,D_random_pure,YX,-0.029638327146899172,-0.029638327146899176,-0.029638327146899207,3.469446951953614e-17,3.122502256758253e-17
pure_3,D_random_pure,YY,-0.26769623343425863,-0.2676962334342587,-0.2676962334342587,5.551115123125783e-17,0.0
pure_3,D_random_pure,YZ,-0.2318241096058152,-0.23182410960581523,-0.2318241096058153,8.326672684688674e-17,5.551115123125783e-17
pure_3,D_random_pure,ZI,-0.13873766065047463,-0.13873766065047466,-0.13873766065047471,8.326672684688674e-17,5.551115123125783e-17
pure_3,D_random_pure,ZX,-0.1492660414517483,-0.14926604145174832,-0.14926604145174832,2.7755575615628914e-17,0.0
pure_3,D_random_pure,ZY,-0.06999841519821508,-0.06999841519821512,-0.06999841519821509,1.3877787807814457e-17,2.7755575615628914e-17
pure_3,D_random_pure,ZZ,-0.09752371879561429,-0.0975237187956143,-0.09752371879561439,9.71445146547012e-17,8.326672684688674e-17
pure_4,D_random_pure,II,0.9999999999999996,0.9999999999999998,0.9999999999999999,3.3306690738754696e-16,1.1102230246251565e-16
pure_4,D_random_pure,IX,0.13445107239612641,0.13445107239612647,0.1344510723961265,8.326672684688674e-17,2.7755575615628914e-17
pure_4,D_random_pure,IY,0.23680564248054808,0.23680564248054814,0.2368056424805482,1.1102230246251565e-16,5.551115123125783e-17
pure_4,D_random_pure,IZ,0.703066776960783,0.703066776960783,0.7030667769607833,3.3306690738754696e-16,3.3306690738754696e-16
pure_4,D_random_pure,XI,0.206640645475293,0.20664064547529304,0.20664064547529304,2.7755575615628914e-17,0.0
pure_4,D_random_pure,XX,-0.5221050242547872,-0.5221050242547873,-0.5221050242547876,3.3306690738754696e-16,2.220446049250313e-16
pure_4,D_random_pure,XY,0.3558474069456903,0.3558474069456904,0.3558474069456904,1.1102230246251565e-16,0.0
pure_4,D_random_pure,XZ,0.27390222148654453,0.27390222148654464,0.27390222148654464,1.1102230246251565e-16,0.0
pure_4,D_random_pure,YI,0.48345994536617215,0.4834599453661721,0.4834599453661722,5.551115123125783e-17,1.1102230246251565e-16
pure_4,D_random_pure,YX,0.4133248051420652,0.4133248051420653,0.4133248051420654,1.6653345369377348e-16,5.551115123125783e-17
pure_4,D_random_pure,YY,0.5652821157575234,0.5652821157575236,0.5652821157575236,2.220446049250313e-16,0.0
pure_4,D_random_pure,YZ,0.4182049231983238,0.4182049231983238,0.4182049231983238,0.0,0.0
pure_4,D_random_pure,ZI,0.5403915440763385,0.5403915440763385,0.5403915440763386,1.1102230246251565e-16,1.1102230246251565e-16
pure_4,D_random_pure,ZX,0.07867111239541702,0.07867111239541705,0.07867111239541708,5.551115123125783e-17,2.7755575615628914e-17
pure_4,D_random_pure,ZY,-0.2035897071077844,-0.20358970710778446,-0.20358970710778446,5.551115123125783e-17,0.0
pure_4,D_random_pure,ZZ,0.8221485340851284,0.8221485340851287,0.8221485340851288,3.3306690738754696e-16,1.1102230246251565e-16
pure_5,D_random_pure,II,0.9999999999999998,1.0,1.0000000000000004,6.661338147750939e-16,4.440892098500626e-16
pure_5,D_random_pure,IX,0.058368774128113414,0.05836877412811342,0.058368774128113435,2.0816681711721685e-17,1.3877787807814457e-17
pure_5,D_random_pure,IY,-0.3180491925475981,-0.31804919254759806,-0.31804919254759817,5.551115123125783e-17,1.1102230246251565e-16
pure_5,D_random_pure,IZ,-0.3136447456719117,-0.3136447456719118,-0.3136447456719118,1.1102230246251565e-16,0.0
pure_5,D_random_pure,XI,-0.020668736726715167,-0.020668736726715174,-0.020668736726715174,6.938893903907228e-18,0.0
pure_5,D_random_pure,XX,-0.8894563443846343,-0.8894563443846345,-0.8894563443846347,4.440892098500626e-16,2.220446049250313e-16
pure_5,D_random_pure,XY,-0.07669114806921523,-0.07669114806921526,-0.07669114806921529,5.551115123125783e-17,2.7755575615628914e-17
pure_5,D_random_pure,XZ,-0.021859706279596783,-0.021859706279596783,-0.021859706279596786,3.469446951953614e-18,3.469446951953614e-18
pure_5,D_random_pure,YI,-0.27035921443077593,-0.27035921443077604,-0.27035921443077604,1.1102230246251565e-16,0.0
pure_5,D_random_pure,YX,-0.0837612226534939,-0.08376122265349394,-0.08376122265349395,5.551115123125783e-17,1.3877787807814457e-17
pure_5,D_random_pure,YY,0.9245724649432207,0.9245724649432208,0.9245724649432211,4.440892098500626e-16,3.3306690738754696e-16
pure_5,D_random_pure,YZ,-0.09115201761364777,-0.09115201761364779,-0.0911520176136478,2.7755575615628914e-17,1.3877787807814457e-17
pure_5,D_random_pure,ZI,-0.35974147336037215,-0.3597414733603722,-0.35974147336037243,2.7755575615628914e-16,2.220446049250313e-16
pure_5,D_random_pure,ZX,-0.04819910420056388,-0.04819910420056388,-0.048199104200563905,2.7755575615628914e-17,2.7755575615628914e-17
pure_5,D_random_pure,ZY,0.1936602297732433,0.19366022977324338,0.19366022977324343,1.3877787807814457e-16,5.551115123125783e-17
pure_5,D_random_pure,ZZ,0.9416216120358181,0.9416216120358183,0.9416216120358185,4.440892098500626e-16,2.220446049250313e-16
pure_6,D_random_pure,II,0.9999999999999999,1.0,1.0000000000000004,5.551115123125783e-16,4.440892098500626e-16
pure_6,D_random_pure,IX,0.005192679551956889,0.005192679551956891,0.0051926795519569025,1.3877787807814457e-17,1.1275702593849246e-17
pure_6,D_random_pure,IY,-0.6075659487149412,-0.6075659487149416,-0.6075659487149417,5.551115123125783e-16,1.1102230246251565e-16
pure_6,D_random_pure,IZ,0.371167540970101,0.37116754097010113,0.37116754097010124,2.220446049250313e-16,1.1102230246251565e-16
pure_6,D_random_pure,XI,-0.30693740361517974,-0.30693740361517985,-0.3069374036151799,1.6653345369377348e-16,5.551115123125783e-17
pure_6,D_random_pure,XX,-0.46813871657075706,-0.4681387165707572,-0.46813871657075734,2.7755575615628914e-16,1.6653345369377348e-16
pure_6,D_random_pure,XY,0.5893316919594072,0.5893316919594073,0.5893316919594074,2.220446049250313e-16,1.1102230246251565e-16
pure_6,D_random_pure,XZ,0.1442781314308116,0.14427813143081164,0.14427813143081164,2.7755575615628914e-17,0.0
pure_6,D_random_pure,YI,0.07463050703621392,0.07463050703621402,0.0746305070362141,1.8041124150158794e-16,8.326672684688674e-17
pure_6,D_random_pure,YX,0.44866393281860883,0.44866393281860895,0.44866393281860906,2.220446049250313e-16,1.1102230246251565e-16
pure_6,D_random_pure,YY,0.19264141563150122,0.19264141563150128,0.1926414156315014,1.6653345369377348e-16,1.1102230246251565e-16
pure_6,D_random_pure,YZ,0.5101283990556733,0.5101283990556735,0.5101283990556736,3.3306690738754696e-16,1.1102230246251565e-16
pure_6,D_random_pure,ZI,0.6380818185077033,0.6380818185077035,0.6380818185077036,3.3306690738754696e-16,1.1102230246251565e-16
pure_6,D_random_pure,ZX,-0.2695275346370839,-0.26952753463708395,-0.269527534637084,1.1102230246251565e-16,5.551115123125783e-17
pure_6,D_random_pure,ZY,-0.6912200333070739,-0.691220033307074,-0.6912200333070743,3.3306690738754696e-16,2.220446049250313e-16
pure_6,D_random_pure,ZZ,0.5914300392344918,0.5914300392344919,0.5914300392344922,4.440892098500626e-16,3.3306690738754696e-16
pure_7,D_random_pure,II,0.9999999999999993,0.9999999999999996,0.9999999999999998,4.440892098500626e-16,2.220446049250313e-16
pure_7,D_random_pure,IX,-0.5822500685017196,-0.5822500685017198,-0.58225006850172,4.440892098500626e-16,2.220446049250313e-16
pure_7,D_random_pure,IY,0.01447442199119979,0.014474421991199759,0.014474421991199776,1.3877787807814457e-17,1.734723475976807e-17
pure_7,D_random_pure,IZ,-0.618134879864724,-0.6181348798647242,-0.6181348798647243,2.220446049250313e-16,1.1102230246251565e-16
pure_7,D_random_pure,XI,-0.7305982298620257,-0.7305982298620258,-0.7305982298620259,2.220446049250313e-16,1.1102230246251565e-16
pure_7,D_random_pure,XX,0.7691342997948891,0.7691342997948891,0.7691342997948893,2.220446049250313e-16,2.220446049250313e-16
pure_7,D_random_pure,XY,-0.1190238811379715,-0.11902388113797152,-0.11902388113797152,2.7755575615628914e-17,0.0
pure_7,D_random_pure,XZ,0.45466926134036195,0.454669261340362,0.454669261340362,5.551115123125783e-17,0.0
pure_7,D_random_pure,YI,-0.36910869178295486,-0.3691086917829549,-0.369108691782955,1.6653345369377348e-16,1.1102230246251565e-16
pure_7,D_random_pure,YX,-0.04091016649553647,-0.040910166495536485,-0.040910166495536485,1.3877787807814457e-17,0.0
pure_7,D_random_pure,YY,-0.1118022165350869,-0.1118022165350869,-0.1118022165350869,0.0,0.0
pure_7,D_random_pure,YZ,0.6330501308247702,0.6330501308247702,0.6330501308247705,2.220446049250313e-16,2.220446049250313e-16
pure_7,D_random_pure,ZI,-0.22649587422371253,-0.2264958742237126,-0.2264958742237127,1.6653345369377348e-16,1.1102230246251565e-16
pure_7,D_random_pure,ZX,0.15639229059955523,0.15639229059955528,0.15639229059955534,1.1102230246251565e-16,5.551115123125783e-17
pure_7,D_random_pure,ZY,0.5022227674260299,0.50222276742603,0.5022227674260301,2.220446049250313e-16,1.1102230246251565e-16
pure_7,D_random_pure,ZZ,0.23086520632766028,0.23086520632766036,0.2308652063276604,1.1102230246251565e-16,2.7755575615628914e-17
pure_8,D_random_pure,II,0.9999999999999996,0.9999999999999996,0.9999999999999999,3.3306690738754696e-16,3.3306690738754696e-16
pure_8,D_random_pure,IX,-0.15971879162598732,-0.15971879162598734,-0.15971879162598737,5.551115123125783e-17,2.7755575615628914e-17
pure_8,D_random_pure,IY,-0.7613637782852076,-0.7613637782852076,-0.7613637782852078,2.220446049250313e-16,2.220446049250313e-16
pure_8,D_random_pure,IZ,-0.39602657417673925,-0.39602657417673937,-0.3960265741767395,2.220446049250313e-16,1.1102230246251565e-16
pure_8,D_random_pure,XI,0.3934025509325732,0.39340255093257337,0.3934025509325735,2.7755575615628914e-16,1.1102230246251565e-16
pure_8,D_random_pure,XX,-0.31974123587502895,-0.319741235875029,-0.3197412358750291,1.6653345369377348e-16,1.1102230246251565e-16
pure_8,D_random_pure,XY,-0.18661550654079218,-0.18661550654079226,-0.18661550654079234,1.6653345369377348e-16,8.326672684688674e-17
pure_8,D_random_pure,XZ,-0.5056518754464687,-0.5056518754464687,-0.5056518754464688,1.1102230246251565e-16,1.1102230246251565e-16
pure_8,D_random_pure,YI,0.1971557086555615,0.19715570865556148,0.19715570865556153,2.7755575615628914e-17,5.551115123125783e-17
pure_8,D_random_pure,YX,0.37519227652397513,0.37519227652397524,0.3751922765239753,1.6653345369377348e-16,5.551115123125783e-17
pure_8,D_random_pure,YY,-0.16641337695121955,-0.1664133769512196,-0.16641337695121963,8.326672684688674e-17,2.7755575615628914e-17
pure_8,D_random_pure,YZ,-0.32921994825126777,-0.3292199482512678,-0.3292199482512679,1.1102230246251565e-16,5.551115123125783e-17
pure_8,D_random_pure,ZI,-0.7539137896348788,-0.7539137896348787,-0.753913789634879,2.220446049250313e-16,3.3306690738754696e-16
pure_8,D_random_pure,ZX,0.14312388821917227,0.14312388821917227,0.1431238882191723,2.7755575615628914e-17,2.7755575615628914e-17
pure_8,D_random_pure,ZY,0.8689845227836821,0.8689845227836823,0.8689845227836825,4.440892098500626e-16,2.220446049250313e-16
pure_8,D_random_pure,ZZ,0.17534397978746938,0.17534397978746938,0.1753439797874694,2.7755575615628914e-17,2.7755575615628914e-17
pure_9,D_random_pure,II,0.9999999999999988,0.9999999999999991,0.9999999999999992,4.440892098500626e-16,1.1102230246251565e-16
pure_9,D_random_pure,IX,0.38062125463449115,0.38062125463449115,0.38062125463449126,1.1102230246251565e-16,1.1102230246251565e-16
pure_9,D_random_pure,IY,0.18423041397525447,0.18423041397525447,0.18423041397525453,5.551115123125783e-17,5.551115123125783e-17
pure_9,D_random_pure,IZ,0.0011993906443915625,0.0011993906443915764,0.0011993906443915903,2.7755575615628914e-17,1.3877787807814457e-17
pure_9,D_random_pure,XI,0.13332990532446742,0.13332990532446748,0.13332990532446753,1.1102230246251565e-16,5.551115123125783e-17
pure_9,D_random_pure,XX,0.48185243810625833,0.48185243810625855,0.48185243810625855,2.220446049250313e-16,0.0
pure_9,D_random_pure,XY,-0.2670335833027655,-0.26703358330276555,-0.2670335833027656,1.1102230246251565e-16,5.551115123125783e-17
pure_9,D_random_pure,XZ,-0.7317604344882436,-0.7317604344882438,-0.7317604344882439,3.3306690738754696e-16,1.1102230246251565e-16
pure_9,D_random_pure,YI,-0.381386053537717,-0.38138605353771704,-0.38138605353771715,1.6653345369377348e-16,1.1102230246251565e-16
pure_9,D_random_pure,YX,-0.8535260136964425,-0.8535260136964429,-0.853526013696443,4.440892098500626e-16,1.1102230246251565e-16
pure_9,D_random_pure,YY,-0.30428384755457466,-0.3042838475545747,-0.3042838475545747,5.551115123125783e-17,0.0
pure_9,D_random_pure,YZ,-0.38150384328728704,-0.38150384328728715,-0.38150384328728726,2.220446049250313e-16,1.1102230246251565e-16
pure_9,D_random_pure,ZI,-0.12483043684951134,-0.12483043684951134,-0.12483043684951134,0.0,0.0
pure_9,D_random_pure,ZX,0.07327542468727657,0.07327542468727655,0.07327542468727655,2.7755575615628914e-17,0.0
pure_9,D_random_pure,ZY,-0.8314026867219129,-0.8314026867219131,-0.8314026867219132,3.3306690738754696e-16,1.1102230246251565e-16
pure_9,D_random_pure,ZZ,0.374390303241919,0.37439030324191913,0.37439030324191913,1.1102230246251565e-16,0.0
pure_10,D_random_pure,II,0.9999999999999998,1.0,1.0,2.220446049250313e-16,0.0
pure_10,D_random_pure,IX,0.38412347356988075,0.38412347356988086,0.3841234735698809,1.6653345369377348e-16,5.551115123125783e-17
pure_10,D_random_pure,IY,0.8114877250197037,0.8114877250197038,0.8114877250197041,4.440892098500626e-16,3.3306690738754696e-16
pure_10,D_random_pure,IZ,0.14930721879468803,0.14930721879468808,0.14930721879468817,1.3877787807814457e-16,8.326672684688674e-17
pure_10,D_random_pure,XI,0.862194599202498,0.862194599202498,0.8621945992024982,2.220446049250313e-16,2.220446049250313e-16
pure_10,D_random_pure,XX,0.48711393049608387,0.487113930496084,0.4871139304960841,2.220446049250313e-16,1.1102230246251565e-16
pure_10,D_random_pure,XY,0.7881463871676605,0.7881463871676607,0.7881463871676608,3.3306690738754696e-16,1.1102230246251565e-16
pure_10,D_random_pure,XZ,0.23784238818159767,0.2378423881815977,0.23784238818159778,1.1102230246251565e-16,8.326672684688674e-17
pure_10,D_random_pure,YI,0.13303517088243505,0.1330351708824351,0.13303517088243513,8.326672684688674e-17,2.7755575615628914e-17
pure_10,D_random_pure,YX,-0.2860828470484968,-0.28608284704849685,-0.28608284704849685,5.551115123125783e-17,0.0
pure_10,D_random_pure,YY,0.26344810615679415,0.2634481061567942,0.26344810615679426,1.1102230246251565e-16,5.551115123125783e-17
pure_10,D_random_pure,YZ,0.19517745845638262,0.19517745845638262,0.19517745845638265,2.7755575615628914e-17,2.7755575615628914e-17
pure_10,D_random_pure,ZI,0.259379900538911,0.25937990053891113,0.259379900538911,0.0,1.1102230246251565e-16
pure_10,D_random_pure,ZX,0.008464626360503609,0.008464626360503607,0.008464626360503658,4.85722573273506e-17,5.0306980803327406e-17
pure_10,D_random_pure,ZY,0.37359989189688786,0.373599891896888,0.37359989189688814,2.7755575615628914e-16,1.1102230246251565e-16
pure_10,D_random_pure,ZZ,-0.31507711324298926,-0.3150771132429893,-0.3150771132429893,5.551115123125783e-17,0.0
pure_11,D_random_pure,II,0.9999999999999992,0.9999999999999993,0.9999999999999996,3.3306690738754696e-16,2.220446049250313e-16
pure_11,D_random_pure,IX,0.1718763553901834,0.17187635539018345,0.17187635539018353,1.3877787807814457e-16,8.326672684688674e-17
pure_11,D_random_pure,IY,-0.07377717098079589,-0.07377717098079593,-0.07377717098079595,5.551115123125783e-17,1.3877787807814457e-17
pure_11,D_random_pure,IZ,-0.6550956378323128,-0.6550956378323128,-0.655095637832313,1.1102230246251565e-16,1.1102230246251565e-16
pure_11,D_random_pure,XI,-0.5727801345569206,-0.5727801345569209,-0.572780134556921,4.440892098500626e-16,1.1102230246251565e-16
pure_11,D_random_pure,XX,0.08340063661939415,0.08340063661939418,0.08340063661939418,2.7755575615628914e-17,0.0
pure_11,D_random_pure,XY,0.35071414249719746,0.35071414249719757,0.35071414249719757,1.1102230246251565e-16,0.0
pure_11,D_random_pure,XZ,0.8567299220874167,0.8567299220874167,0.8567299220874169,2.220446049250313e-16,2.220446049250313e-16
pure_11,D_random_pure,YI,0.27569640106821813,0.27569640106821824,0.2756964010682183,1.6653345369377348e-16,5.551115123125783e-17
pure_11,D_random_pure,YX,0.1451163063157313,0.1451163063157313,0.1451163063157313,0.0,0.0
pure_11,D_random_pure,YY,0.6211676449207698,0.6211676449207699,0.6211676449207701,3.3306690738754696e-16,2.220446049250313e-16
pure_11,D_random_pure,YZ,-0.4527313473791744,-0.45273134737917453,-0.4527313473791746,1.6653345369377348e-16,5.551115123125783e-17
pure_11,D_random_pure,ZI,0.24504950337034953,0.2450495033703496,0.24504950337034964,1.1102230246251565e-16,5.551115123125783e-17
pure_11,D_random_pure,ZX,0.7330704098433539,0.733070409843354,0.7330704098433541,2.220446049250313e-16,1.1102230246251565e-16
pure_11,D_random_pure,ZY,-0.18016262350138285,-0.1801626235013829,-0.18016262350138296,1.1102230246251565e-16,5.551115123125783e-17
pure_11,D_random_pure,ZZ,-0.16144229681277042,-0.16144229681277045,-0.1614422968127704,2.7755575615628914e-17,5.551115123125783e-17
pure_12,D_random_pure,II,0.9999999999999989,0.9999999999999992,0.9999999999999993,4.440892098500626e-16,1.1102230246251565e-16
pure_12,D_random_pure,IX,0.48309859682332057,0.4830985968233207,0.4830985968233209,3.3306690738754696e-16,2.220446049250313e-16
pure_12,D_random_pure,IY,-0.5520863180354174,-0.5520863180354175,-0.5520863180354175,1.1102230246251565e-16,0.0
pure_12,D_random_pure,IZ,0.5560940851310313,0.5560940851310314,0.5560940851310315,2.220446049250313e-16,1.1102230246251565e-16
pure_12,D_random_pure,XI,-0.08838147416224396,-0.08838147416224397,-0.088381474162244,4.163336342344337e-17,2.7755575615628914e-17
pure_12,D_random_pure,XX,0.010236893622369098,0.01023689362236912,0.01023689362236914,4.163336342344337e-17,1.9081958235744878e-17
pure_12,D_random_pure,XY,-0.1873405189440166,-0.18734051894401665,-0.1873405189440167,1.1102230246251565e-16,5.551115123125783e-17
pure_12,D_random_pure,XZ,-0.3538160999920104,-0.3538160999920104,-0.35381609999201047,5.551115123125783e-17,5.551115123125783e-17
pure_12,D_random_pure,YI,-0.6204471772360202,-0.6204471772360202,-0.6204471772360204,2.220446049250313e-16,2.220446049250313e-16
pure_12,D_random_pure,YX,-0.5982008930346113,-0.5982008930346115,-0.5982008930346117,3.3306690738754696e-16,1.1102230246251565e-16
pure_12,D_random_pure,YY,0.2783675235287632,0.27836752352876326,0.27836752352876326,5.551115123125783e-17,0.0
pure_12,D_random_pure,YZ,-0.3196837888053073,-0.3196837888053073,-0.31968378880530735,5.551115123125783e-17,5.551115123125783e-17
pure_12,D_random_pure,ZI,0.6742834742280485,0.6742834742280486,0.6742834742280488,3.3306690738754696e-16,2.220446049250313e-16
pure_12,D_random_pure,ZX,0.16736476182856722,0.16736476182856724,0.16736476182856733,1.1102230246251565e-16,8.326672684688674e-17
pure_12,D_random_pure,ZY,-0.5871883565227329,-0.587188356522733,-0.587188356522733,1.1102230246251565e-16,0.0
pure_12,D_random_pure,ZZ,0.4841826987274124,0.4841826987274125,0.4841826987274126,2.220446049250313e-16,1.1102230246251565e-16
pure_13,D_random_pure,II,1.0,1.0000000000000002,1.0000000000000004,4.440892098500626e-16,2.220446049250313e-16
pure_13,D_random_pure,IX,0.32089188931328216,0.32089188931328233,0.3208918893132824,2.220446049250313e-16,5.551115123125783e-17
pure_13,D_random_pure,IY,0.40357681522261796,0.4035768152226181,0.4035768152226181,1.6653345369377348e-16,0.0
pure_13,D_random_pure,IZ,0.6257963045312679,0.6257963045312679,0.625796304531268,1.1102230246251565e-16,1.1102230246251565e-16
pure_13,D_random_pure,XI,0.20156801063916413,0.20156801063916424,0.2015680106391643,1.6653345369377348e-16,5.551115123125783e-17
pure_13,D_random_pure,XX,0.06413466476608748,0.06413466476608748,0.06413466476608749,1.3877787807814457e-17,1.3877787807814457e-17
pure_13,D_random_pure,XY,-0.3436534955119185,-0.34365349551191854,-0.3436534955119186,1.1102230246251565e-16,5.551115123125783e-17
pure_13,D_random_pure,XZ,0.5108344326036971,0.5108344326036973,0.5108344326036974,3.3306690738754696e-16,1.1102230246251565e-16
pure_13,D_random_pure,YI,-0.40173146131650206,-0.40173146131650206,-0.40173146131650217,1.1102230246251565e-16,1.1102230246251565e-16
pure_13,D_random_pure,YX,-0.6614163987374753,-0.6614163987374754,-0.6614163987374756,3.3306690738754696e-16,2.220446049250313e-16
pure_13,D_random_pure,YY,-0.1725202529116193,-0.17252025291161927,-0.17252025291161932,2.7755575615628914e-17,5.551115123125783e-17
pure_13,D_random_pure,YZ,-0.191536972020239,-0.19153697202023903,-0.19153697202023912,1.1102230246251565e-16,8.326672684688674e-17
pure_13,D_random_pure,ZI,0.6748696431554377,0.674869643155438,0.6748696431554381,3.3306690738754696e-16,1.1102230246251565e-16
pure_13,D_random_pure,ZX,0.06260855936905202,0.06260855936905203,0.06260855936905207,5.551115123125783e-17,4.163336342344337e-17
pure_13,D_random_pure,ZY,0.5979518525481058,0.5979518525481059,0.5979518525481059,1.1102230246251565e-16,0.0
pure_13,D_random_pure,ZZ,0.660693514727894,0.6606935147278941,0.6606935147278943,3.3306690738754696e-16,2.220446049250313e-16
pure_14,D_random_pure,II,0.9999999999999996,0.9999999999999998,0.9999999999999999,3.3306690738754696e-16,1.1102230246251565e-16
pure_14,D_random_pure,IX,-0.23049291812251943,-0.23049291812251949,-0.23049291812251954,1.1102230246251565e-16,5.551115123125783e-17
pure_14,D_random_pure,IY,-0.5048026165503651,-0.5048026165503652,-0.5048026165503653,2.220446049250313e-16,1.1102230246251565e-16
pure_14,D_random_pure,IZ,-0.3156007970810826,-0.31560079708108263,-0.3156007970810827,1.1102230246251565e-16,5.551115123125783e-17
pure_14,D_random_pure,XI,-0.5596290287244733,-0.5596290287244734,-0.5596290287244736,3.3306690738754696e-16,2.220446049250313e-16
pure_14,D_random_pure,XX,0.25574448117718074,0.25574448117718085,0.2557444811771809,1.6653345369377348e-16,5.551115123125783e-17
pure_14,D_random_pure,XY,0.9063906527603375,0.9063906527603378,0.906390652760338,5.551115123125783e-16,2.220446049250313e-16
pure_14,D_random_pure,XZ,0.13667064289106182,0.13667064289106184,0.13667064289106184,2.7755575615628914e-17,0.0
pure_14,D_random_pure,YI,0.03877260005877799,0.038772600058778035,0.038772600058778084,9.71445146547012e-17,4.85722573273506e-17
pure_14,D_random_pure,YX,0.6650478671457194,0.6650478671457196,0.6650478671457198,4.440892098500626e-16,2.220446049250313e-16
pure_14,D_random_pure,YY,-0.1579103300048919,-0.15791033000489196,-0.157910330004892,8.326672684688674e-17,2.7755575615628914e-17
pure_14,D_random_pure,YZ,-0.3559809636750938,-0.3559809636750938,-0.3559809636750939,1.1102230246251565e-16,1.1102230246251565e-16
pure_14,D_random_pure,ZI,-0.3047434425751089,-0.30474344257510894,-0.3047434425751091,2.220446049250313e-16,1.6653345369377348e-16
pure_14,D_random_pure,ZX,0.3713173170726534,0.3713173170726535,0.37131731707265353,1.1102230246251565e-16,5.551115123125783e-17
pure_14,D_random_pure,ZY,-0.028097399231693784,-0.028097399231693767,-0.028097399231693826,4.163336342344337e-17,5.898059818321144e-17
pure_14,D_random_pure,ZZ,0.7393551392206353,0.7393551392206354,0.7393551392206356,2.220446049250313e-16,1.1102230246251565e-16
pure_15,D_random_pure,II,0.9999999999999991,0.9999999999999996,0.9999999999999997,5.551115123125783e-16,1.1102230246251565e-16
pure_15,D_random_pure,IX,-0.5586758814758483,-0.5586758814758483,-0.5586758814758485,1.1102230246251565e-16,1.1102230246251565e-16
pure_15,D_random_pure,IY,-0.31709213671489667,-0.3170921367148967,-0.3170921367148969,2.220446049250313e-16,1.6653345369377348e-16
pure_15,D_random_pure,IZ,0.5178357530636307,0.5178357530636308,0.5178357530636309,2.220446049250313e-16,1.1102230246251565e-16
pure_15,D_random_pure,XI,0.3927321964957716,0.3927321964957716,0.3927321964957717,5.551115123125783e-17,5.551115123125783e-17
pure_15,D_random_pure,XX,0.03538647716887436,0.035386477168874324,0.03538647716887432,4.163336342344337e-17,6.938893903907228e-18
pure_15,D_random_pure,XY,-0.44281551418537535,-0.4428155141853754,-0.4428155141853755,1.6653345369377348e-16,1.1102230246251565e-16
pure_15,D_random_pure,XZ,0.5254338825527891,0.525433882552789,0.5254338825527891,0.0,1.1102230246251565e-16
pure_15,D_random_pure,YI,0.17954856139503028,0.17954856139503028,0.17954856139503034,5.551115123125783e-17,5.551115123125783e-17
pure_15,D_random_pure,YX,-0.11151986107631437,-0.11151986107631442,-0.11151986107631445,8.326672684688674e-17,2.7755575615628914e-17
pure_15,D_random_pure,YY,0.36759197932301213,0.36759197932301224,0.36759197932301235,2.220446049250313e-16,1.1102230246251565e-16
pure_15,D_random_pure,YZ,0.451505384643108,0.45150538464310813,0.45150538464310824,2.220446049250313e-16,1.1102230246251565e-16
pure_15,D_random_pure,ZI,-0.7030958446732523,-0.7030958446732524,-0.7030958446732526,3.3306690738754696e-16,2.220446049250313e-16
pure_15,D_random_pure,ZX,0.7858815607339942,0.7858815607339944,0.7858815607339945,3.3306690738754696e-16,1.1102230246251565e-16
pure_15,D_random_pure,ZY,0.29751966227517945,0.2975196622751796,0.2975196622751797,2.220446049250313e-16,5.551115123125783e-17
pure_15,D_random_pure,ZZ,-0.3277132267616686,-0.3277132267616687,-0.3277132267616688,2.220446049250313e-16,1.1102230246251565e-16
pure_16,D_random_pure,II,0.9999999999999999,1.0000000000000002,1.0000000000000004,5.551115123125783e-16,2.220446049250313e-16
pure_16,D_random_pure,IX,-0.49787330351651543,-0.4978733035165156,-0.4978733035165157,2.7755575615628914e-16,1.1102230246251565e-16
pure_16,D_random_pure,IY,-0.18782750966384087,-0.18782750966384093,-0.18782750966384096,8.326672684688674e-17,2.7755575615628914e-17
pure_16,D_random_pure,IZ,0.5863259949002962,0.5863259949002964,0.5863259949002964,1.1102230246251565e-16,0.0
pure_16,D_random_pure,XI,-0.011054832492675047,-0.01105483249267503,-0.011054832492675054,6.938893903907228e-18,2.42861286636753e-17
pure_16,D_random_pure,XX,-0.46593547855099726,-0.4659354785509974,-0.4659354785509975,2.220446049250313e-16,1.1102230246251565e-16
pure_16,D_random_pure,XY,0.1047183250292196,0.10471832502921966,0.10471832502921963,2.7755575615628914e-17,2.7755575615628914e-17
pure_16,D_random_pure,XZ,-0.38095306733924383,-0.38095306733924394,-0.38095306733924394,1.1102230246251565e-16,0.0
pure_16,D_random_pure,YI,0.334565471266221,0.33456547126622105,0.33456547126622116,1.6653345369377348e-16,1.1102230246251565e-16
pure_16,D_random_pure,YX,-0.2568680450703532,-0.25686804507035327,-0.2568680450703533,1.1102230246251565e-16,5.551115123125783e-17
pure_16,D_random_pure,YY,-0.6294959573395934,-0.6294959573395937,-0.6294959573395937,3.3306690738754696e-16,0.0
pure_16,D_random_pure,YZ,0.1508394167372761,0.15083941673727613,0.1508394167372762,8.326672684688674e-17,5.551115123125783e-17
pure_16,D_random_pure,ZI,-0.7175506310719552,-0.7175506310719553,-0.7175506310719555,3.3306690738754696e-16,2.220446049250313e-16
pure_16,D_random_pure,ZX,0.5812620678892146,0.5812620678892148,0.5812620678892149,2.220446049250313e-16,1.1102230246251565e-16
pure_16,D_random_pure,ZY,-0.033360357400859464,-0.03336035740085948,-0.03336035740085949,2.7755575615628914e-17,1.3877787807814457e-17
pure_16,D_random_pure,ZZ,-0.7409218792168384,-0.7409218792168387,-0.7409218792168388,4.440892098500626e-16,1.1102230246251565e-16
pure_17,D_random_pure,II,0.9999999999999991,0.9999999999999993,0.9999999999999996,4.440892098500626e-16,2.220446049250313e-16
pure_17,D_random_pure,IX,0.046284841444505564,0.04628484144450559,0.04628484144450562,5.551115123125783e-17,2.7755575615628914e-17
pure_17,D_random_pure,IY,0.6570328586263889,0.657032858626389,0.6570328586263892,2.220446049250313e-16,1.1102230246251565e-16
pure_17,D_random_pure,IZ,0.023340286440837896,0.023340286440837882,0.02334028644083791,1.3877787807814457e-17,2.7755575615628914e-17
pure_17,D_random_pure,XI,-0.5233732972355941,-0.5233732972355942,-0.5233732972355944,3.3306690738754696e-16,2.220446049250313e-16
pure_17,D_random_pure,XX,-0.22047237853929996,-0.22047237853930005,-0.22047237853930007,1.1102230246251565e-16,2.7755575615628914e-17
pure_17,D_random_pure,XY,-0.7951873567611246,-0.7951873567611248,-0.795187356761125,3.3306690738754696e-16,1.1102230246251565e-16
pure_17,D_random_pure,XZ,0.3982579231782939,0.398257923178294,0.3982579231782941,2.220446049250313e-16,1.1102230246251565e-16
pure_17,D_random_pure,YI,0.3115945720006594,0.3115945720006595,0.31159457200065954,1.6653345369377348e-16,5.551115123125783e-17
pure_17,D_random_pure,YX,0.30543239336212946,0.3054323933621296,0.3054323933621297,2.220446049250313e-16,1.1102230246251565e-16
pure_17,D_random_pure,YY,0.4307182277777321,0.43071822777773217,0.4307182277777322,1.1102230246251565e-16,5.551115123125783e-17
pure_17,D_random_pure,YZ,0.6196005211520693,0.6196005211520694,0.6196005211520695,2.220446049250313e-16,1.1102230246251565e-16
pure_17,D_random_pure,ZI,-0.2517309025008967,-0.2517309025008968,-0.25173090250089686,1.6653345369377348e-16,5.551115123125783e-17
pure_17,D_random_pure,ZX,0.6525841226235884,0.6525841226235886,0.6525841226235887,2.220446049250313e-16,1.1102230246251565e-16
pure_17,D_random_pure,ZY,-0.4236411457691293,-0.42364114576912937,-0.42364114576912953,2.220446049250313e-16,1.6653345369377348e-16
pure_17,D_random_pure,ZZ,-0.15378997675884898,-0.15378997675884898,-0.15378997675884903,5.551115123125783e-17,5.551115123125783e-17
pure_18,D_random_pure,II,0.9999999999999998,1.0,1.0000000000000002,4.440892098500626e-16,2.220446049250313e-16
pure_18,D_random_pure,IX,0.8569067143315697,0.8569067143315701,0.8569067143315702,4.440892098500626e-16,1.1102230246251565e-16
pure_18,D_random_pure,IY,-0.054111831324993795,-0.054111831324993795,-0.054111831324993816,2.0816681711721685e-17,2.0816681711721685e-17
pure_18,D_random_pure,IZ,0.46514840281554043,0.4651484028155405,0.4651484028155407,2.7755575615628914e-16,2.220446049250313e-16
pure_18,D_random_pure,XI,-0.6007732708107636,-0.6007732708107639,-0.600773270810764,4.440892098500626e-16,1.1102230246251565e-16
pure_18,D_random_pure,XX,-0.5346722715202021,-0.5346722715202022,-0.5346722715202024,2.220446049250313e-16,1.1102230246251565e-16
pure_18,D_random_pure,XY,-0.13318156227672157,-0.13318156227672157,-0.1331815622767216,2.7755575615628914e-17,2.7755575615628914e-17
pure_18,D_random_pure,XZ,-0.322081530764964,-0.32208153076496393,-0.32208153076496404,5.551115123125783e-17,1.1102230246251565e-16
pure_18,D_random_pure,YI,-0.25863948509067347,-0.2586394850906736,-0.2586394850906736,1.1102230246251565e-16,0.0
pure_18,D_random_pure,YX,-0.13666466348986012,-0.13666466348986014,-0.13666466348986014,2.7755575615628914e-17,0.0
pure_18,D_random_pure,YY,0.09192379857855668,0.0919237985785567,0.0919237985785567,2.7755575615628914e-17,0.0
pure_18,D_random_pure,YZ,-0.2935760961971209,-0.2935760961971209,-0.293576096197121,1.1102230246251565e-16,1.1102230246251565e-16
pure_18,D_random_pure,ZI,-0.7250912617244035,-0.7250912617244036,-0.7250912617244039,3.3306690738754696e-16,2.220446049250313e-16
pure_18,D_random_pure,ZX,-0.6900414515733366,-0.6900414515733366,-0.6900414515733367,1.1102230246251565e-16,1.1102230246251565e-16
pure_18,D_random_pure,ZY,0.15218585024911307,0.1521858502491131,0.15218585024911313,5.551115123125783e-17,2.7755575615628914e-17
pure_18,D_random_pure,ZZ,-0.2699247227022469,-0.269924722702247,-0.2699247227022471,2.220446049250313e-16,1.1102230246251565e-16
pure_19,D_random_pure,II,0.9999999999999998,1.0,1.0000000000000002,4.440892098500626e-16,2.220446049250313e-16
pure_19,D_random_pure,IX,-0.00579656775938249,-0.005796567759382513,-0.0057965677593825315,4.163336342344337e-17,1.8214596497756474e-17
pure_19,D_random_pure,IY,-0.7898748856891508,-0.7898748856891509,-0.7898748856891511,3.3306690738754696e-16,2.220446049250313e-16
pure_19,D_random_pure,IZ,0.5195738335313418,0.519573833531342,0.519573833531342,2.220446049250313e-16,0.0
pure_19,D_random_pure,XI,0.673825508152246,0.6738255081522461,0.6738255081522462,2.220446049250313e-16,1.1102230246251565e-16
pure_19,D_random_pure,XX,0.08375144685553863,0.08375144685553865,0.0837514468555387,6.938893903907228e-17,5.551115123125783e-17
pure_19,D_random_pure,XY,-0.4800084640089843,-0.4800084640089844,-0.48000846400898456,2.7755575615628914e-16,1.6653345369377348e-16
pure_19,D_random_pure,XZ,0.568089325137587,0.5680893251375873,0.5680893251375874,3.3306690738754696e-16,1.1102230246251565e-16
pure_19,D_random_pure,YI,0.41579176426352804,0.41579176426352804,0.41579176426352815,1.1102230246251565e-16,1.1102230246251565e-16
pure_19,D_random_pure,YX,0.17531283039586779,0.17531283039586784,0.1753128303958679,1.1102230246251565e-16,5.551115123125783e-17
pure_19,D_random_pure,YY,-0.4959036323010884,-0.49590363230108847,-0.4959036323010886,1.6653345369377348e-16,1.1102230246251565e-16
pure_19,D_random_pure,YZ,0.048320662949312046,0.04832066294931203,0.04832066294931203,1.3877787807814457e-17,0.0
pure_19,D_random_pure,ZI,0.5166907170297167,0.5166907170297168,0.5166907170297169,2.220446049250313e-16,1.1102230246251565e-16
pure_19,D_random_pure,ZX,-0.261518265356915,-0.26151826535691514,-0.26151826535691514,1.1102230246251565e-16,0.0
pure_19,D_random_pure,ZY,-0.5036674431230179,-0.503667443123018,-0.5036674431230181,2.220446049250313e-16,1.1102230246251565e-16
pure_19,D_random_pure,ZZ,0.22583998086393284,0.2258399808639329,0.2258399808639329,5.551115123125783e-17,0.0
pure_20,D_random_pure,II,0.9999999999999991,0.9999999999999993,0.9999999999999996,4.440892098500626e-16,2.220446049250313e-16
pure_20,D_random_pure,IX,-0.32267674224064063,-0.3226767422406407,-0.3226767422406408,1.6653345369377348e-16,1.1102230246251565e-16
pure_20,D_random_pure,IY,-0.3077904751985247,-0.30779047519852476,-0.30779047519852476,5.551115123125783e-17,0.0
pure_20,D_random_pure,IZ,0.3939291988660576,0.3939291988660576,0.3939291988660578,2.220446049250313e-16,2.220446049250313e-16
pure_20,D_random_pure,XI,-0.030949546634567983,-0.030949546634567997,-0.030949546634568018,3.469446951953614e-17,2.0816681711721685e-17
pure_20,D_random_pure,XX,0.1819126119504987,0.18191261195049874,0.18191261195049876,5.551115123125783e-17,2.7755575615628914e-17
pure_20,D_random_pure,XY,-0.6499948487584273,-0.6499948487584275,-0.6499948487584275,2.220446049250313e-16,0.0
pure_20,D_random_pure,XZ,-0.43742073832012096,-0.43742073832012107,-0.4374207383201212,2.220446049250313e-16,1.1102230246251565e-16
pure_20,D_random_pure,YI,0.39136267903217264,0.3913626790321728,0.3913626790321728,1.6653345369377348e-16,0.0
pure_20,D_random_pure,YX,0.14331623130854923,0.14331623130854917,0.14331623130854923,0.0,5.551115123125783e-17
pure_20,D_random_pure,YY,-0.4514547171595864,-0.45145471715958646,-0.4514547171595865,1.1102230246251565e-16,5.551115123125783e-17
pure_20,D_random_pure,YZ,0.7581413934167489,0.7581413934167491,0.7581413934167491,2.220446049250313e-16,0.0
pure_20,D_random_pure,ZI,-0.44711614749312706,-0.4471161474931271,-0.4471161474931273,2.220446049250313e-16,1.6653345369377348e-16
pure_20,D_random_pure,ZX,0.8345376379257394,0.8345376379257397,0.8345376379257398,3.3306690738754696e-16,1.1102230246251565e-16
pure_20,D_random_pure,ZY,0.3382230643223177,0.3382230643223178,0.33822306432231786,1.6653345369377348e-16,5.551115123125783e-17
pure_20,D_random_pure,ZZ,-0.1871616111001999,-0.1871616111001999,-0.18716161110020002,1.1102230246251565e-16,1.1102230246251565e-16
pure_21,D_random_pure,II,0.9999999999999998,1.0,1.0,2.220446049250313e-16,0.0
pure_21,D_random_pure,IX,-0.07617291448249905,-0.07617291448249912,-0.07617291448249919,1.3877787807814457e-16,6.938893903907228e-17
pure_21,D_random_pure,IY,-0.011827250853490179,-0.011827250853490208,-0.011827250853490234,5.551115123125783e-17,2.6020852139652106e-17
pure_21,D_random_pure,IZ,0.20157606674731027,0.20157606674731032,0.20157606674731032,5.551115123125783e-17,0.0
pure_21,D_random_pure,XI,-0.21347523241771738,-0.21347523241771746,-0.21347523241771738,0.0,8.326672684688674e-17
pure_21,D_random_pure,XX,0.23179124474081303,0.23179124474081303,0.23179124474081314,1.1102230246251565e-16,1.1102230246251565e-16
pure_21,D_random_pure,XY,0.12604997675506005,0.1260499767550601,0.12604997675506008,2.7755575615628914e-17,2.7755575615628914e-17
pure_21,D_random_pure,XZ,-0.9640439770199934,-0.9640439770199938,-0.9640439770199938,3.3306690738754696e-16,0.0
pure_21,D_random_pure,YI,-0.028164979963158657,-0.02816497996315866,-0.028164979963158678,2.0816681711721685e-17,1.734723475976807e-17
pure_21,D_random_pure,YX,0.5468244222174782,0.5468244222174783,0.5468244222174785,3.3306690738754696e-16,2.220446049250313e-16
pure_21,D_random_pure,YY,-0.8092116655472426,-0.8092116655472427,-0.8092116655472429,3.3306690738754696e-16,2.220446049250313e-16
pure_21,D_random_pure,YZ,0.019434254713722024,0.019434254713722024,0.019434254713722045,2.0816681711721685e-17,2.0816681711721685e-17
pure_21,D_random_pure,ZI,-0.014497120289975251,-0.014497120289975234,-0.014497120289975185,6.591949208711867e-17,4.85722573273506e-17
pure_21,D_random_pure,ZX,0.7787702328543109,0.778770232854311,0.7787702328543112,3.3306690738754696e-16,2.220446049250313e-16
pure_21,D_random_pure,ZY,0.5318389418952243,0.5318389418952245,0.5318389418952245,2.220446049250313e-16,0.0
pure_21,D_random_pure,ZZ,0.2535731124383783,0.2535731124383784,0.25357311243837843,1.1102230246251565e-16,5.551115123125783e-17
pure_22,D_random_pure,II,0.9999999999999992,0.9999999999999993,0.9999999999999996,3.3306690738754696e-16,2.220446049250313e-16
pure_22,D_random_pure,IX,0.4729236634623328,0.47292366346233283,0.47292366346233294,1.6653345369377348e-16,1.1102230246251565e-16
pure_22,D_random_pure,IY,0.33419021780336994,0.3341902178033701,0.3341902178033701,1.6653345369377348e-16,0.0
pure_22,D_random_pure,IZ,-0.08076887572615186,-0.08076887572615188,-0.08076887572615196,9.71445146547012e-17,8.326672684688674e-17
pure_22,D_random_pure,XI,-0.15793545160894537,-0.15793545160894543,-0.15793545160894545,8.326672684688674e-17,2.7755575615628914e-17
pure_22,D_random_pure,XX,-0.6706152459678442,-0.6706152459678442,-0.6706152459678444,2.220446049250313e-16,2.220446049250313e-16
pure_22,D_random_pure,XY,0.41782328194561186,0.41782328194561197,0.417823281945612,1.6653345369377348e-16,5.551115123125783e-17
pure_22,D_random_pure,XZ,-0.24244380666546464,-0.24244380666546472,-0.24244380666546472,8.326672684688674e-17,0.0
pure_22,D_random_pure,YI,-0.2385751521266936,-0.23857515212669367,-0.23857515212669375,1.3877787807814457e-16,8.326672684688674e-17
pure_22,D_random_pure,YX,-0.20021964326295544,-0.20021964326295544,-0.2002196432629555,5.551115123125783e-17,5.551115123125783e-17
pure_22,D_random_pure,YY,-0.5728764215536554,-0.5728764215536555,-0.5728764215536556,2.220446049250313e-16,1.1102230246251565e-16
pure_22,D_random_pure,YZ,-0.58887969812827,-0.5888796981282702,-0.5888796981282703,3.3306690738754696e-16,1.1102230246251565e-16
pure_22,D_random_pure,ZI,0.5099037108483989,0.5099037108483991,0.5099037108483992,3.3306690738754696e-16,1.1102230246251565e-16
pure_22,D_random_pure,ZX,0.626083519480916,0.6260835194809162,0.6260835194809163,3.3306690738754696e-16,1.1102230246251565e-16
pure_22,D_random_pure,ZY,0.516774523311061,0.516774523311061,0.5167745233110611,1.1102230246251565e-16,1.1102230246251565e-16
pure_22,D_random_pure,ZZ,-0.5090204402613091,-0.5090204402613091,-0.5090204402613092,1.1102230246251565e-16,1.1102230246251565e-16
pure_23,D_random_pure,II,0.9999999999999996,1.0,1.0,4.440892098500626e-16,0.0
pure_23,D_random_pure,IX,-0.2242517924132968,-0.22425179241329687,-0.2242517924132969,1.1102230246251565e-16,2.7755575615628914e-17
pure_23,D_random_pure,IY,0.6137790118788108,0.6137790118788109,0.613779011878811,2.220446049250313e-16,1.1102230246251565e-16
pure_23,D_random_pure,IZ,-0.41641578474004226,-0.4164157847400423,-0.41641578474004237,1.1102230246251565e-16,5.551115123125783e-17
pure_23,D_random_pure,XI,0.39814659124124063,0.39814659124124074,0.3981465912412408,1.6653345369377348e-16,5.551115123125783e-17
pure_23,D_random_pure,XX,-0.34541549110446174,-0.34541549110446174,-0.3454154911044619,1.6653345369377348e-16,1.6653345369377348e-16
pure_23,D_random_pure,XY,0.07603698948608476,0.0760369894860848,0.07603698948608481,5.551115123125783e-17,1.3877787807814457e-17
pure_23,D_random_pure,XZ,-0.6580361504110579,-0.6580361504110581,-0.6580361504110583,4.440892098500626e-16,2.220446049250313e-16
pure_23,D_random_pure,YI,-0.1798604252925962,-0.1798604252925962,-0.17986042529259622,2.7755575615628914e-17,2.7755575615628914e-17
pure_23,D_random_pure,YX,-0.5037623030480862,-0.5037623030480863,-0.5037623030480864,2.220446049250313e-16,1.1102230246251565e-16
pure_23,D_random_pure,YY,-0.24289956941534172,-0.2428995694153418,-0.24289956941534183,1.1102230246251565e-16,2.7755575615628914e-17
pure_23,D_random_pure,YZ,0.34519192659706244,0.34519192659706255,0.3451919265970626,1.6653345369377348e-16,5.551115123125783e-17
pure_23,D_random_pure,ZI,-0.6399571602073983,-0.6399571602073986,-0.6399571602073986,2.220446049250313e-16,0.0
pure_23,D_random_pure,ZX,0.27710088294546537,0.2771008829454654,0.2771008829454655,1.1102230246251565e-16,5.551115123125783e-17
pure_23,D_random_pure,ZY,-0.843520718907658,-0.8435207189076582,-0.8435207189076585,4.440892098500626e-16,2.220446049250313e-16
pure_23,D_random_pure,ZZ,0.14428242006875705,0.14428242006875705,0.14428242006875705,0.0,0.0
pure_24,D_random_pure,II,0.9999999999999988,0.999999999999999,0.9999999999999992,4.440892098500626e-16,2.220446049250313e-16
pure_24,D_random_pure,IX,-0.09738416984814083,-0.0973841698481408,-0.0973841698481408,2.7755575615628914e-17,0.0
pure_24,D_random_pure,IY,-0.39127489002483545,-0.3912748900248355,-0.39127489002483556,1.1102230246251565e-16,5.551115123125783e-17
pure_24,D_random_pure,IZ,0.5272286025118799,0.52722860251188,0.52722860251188,1.1102230246251565e-16,0.0
pure_24,D_random_pure,XI,-0.4953282167412679,-0.49532821674126803,-0.4953282167412682,2.7755575615628914e-16,1.6653345369377348e-16
pure_24,D_random_pure,XX,0.07541073860604355,0.0754107386060435,0.0754107386060435,5.551115123125783e-17,0.0
pure_24,D_random_pure,XY,0.04409118620445884,0.04409118620445881,0.044091186204458815,2.7755575615628914e-17,6.938893903907228e-18
pure_24,D_random_pure,XZ,-0.8928434995532355,-0.8928434995532357,-0.8928434995532359,4.440892098500626e-16,2.220446049250313e-16
pure_24,D_random_pure,YI,-0.43040784763539747,-0.4304078476353975,-0.43040784763539763,1.6653345369377348e-16,1.1102230246251565e-16
pure_24,D_random_pure,YX,0.29899799391228404,0.2989979939122841,0.29899799391228415,1.1102230246251565e-16,5.551115123125783e-17
pure_24,D_random_pure,YY,0.790477440540075,0.7904774405400752,0.7904774405400754,4.440892098500626e-16,2.220446049250313e-16
pure_24,D_random_pure,YZ,-0.1744901588405109,-0.17449015884051094,-0.174490158840511,1.1102230246251565e-16,5.551115123125783e-17
pure_24,D_random_pure,ZI,-0.09974345994283645,-0.09974345994283648,-0.09974345994283651,5.551115123125783e-17,2.7755575615628914e-17
pure_24,D_random_pure,ZX,-0.6883657322010892,-0.6883657322010893,-0.6883657322010894,2.220446049250313e-16,1.1102230246251565e-16
pure_24,D_random_pure,ZY,0.29282709480622215,0.29282709480622227,0.2928270948062223,1.6653345369377348e-16,5.551115123125783e-17
pure_24,D_random_pure,ZZ,-0.09901491641355717,-0.09901491641355717,-0.0990149164135572,2.7755575615628914e-17,2.7755575615628914e-17
pure_25,D_random_pure,II,0.9999999999999998,0.9999999999999999,1.0000000000000002,4.440892098500626e-16,3.3306690738754696e-16
pure_25,D_random_pure,IX,-0.23503940368295687,-0.2350394036829569,-0.23503940368295695,8.326672684688674e-17,5.551115123125783e-17
pure_25,D_random_pure,IY,0.40033348202078634,0.40033348202078645,0.40033348202078656,2.220446049250313e-16,1.1102230246251565e-16
pure_25,D_random_pure,IZ,0.17318160640844568,0.17318160640844568,0.17318160640844565,2.7755575615628914e-17,2.7755575615628914e-17
pure_25,D_random_pure,XI,-0.10894560032933084,-0.10894560032933084,-0.10894560032933084,0.0,0.0
pure_25,D_random_pure,XX,0.8484490725804691,0.8484490725804693,0.8484490725804694,3.3306690738754696e-16,1.1102230246251565e-16
pure_25,D_random_pure,XY,0.21378616118234994,0.21378616118234997,0.21378616118235005,1.1102230246251565e-16,8.326672684688674e-17
pure_25,D_random_pure,XZ,0.02822242807833679,0.028222428078336793,0.028222428078336793,3.469446951953614e-18,0.0
pure_25,D_random_pure,YI,0.46959488011615536,0.4695948801161554,0.4695948801161555,1.6653345369377348e-16,1.1102230246251565e-16
pure_25,D_random_pure,YX,-0.29923989163142717,-0.29923989163142717,-0.2992398916314273,1.1102230246251565e-16,1.1102230246251565e-16
pure_25,D_random_pure,YY,0.9267433430704672,0.9267433430704675,0.9267433430704677,4.440892098500626e-16,2.220446049250313e-16
pure_25,D_random_pure,YZ,0.16315430688018823,0.16315430688018825,0.16315430688018834,1.1102230246251565e-16,8.326672684688674e-17
pure_25,D_random_pure,ZI,-0.11451546466007322,-0.11451546466007327,-0.11451546466007329,6.938893903907228e-17,1.3877787807814457e-17
pure_25,D_random_pure,ZX,0.018190460924781483,0.01819046092478149,0.018190460924781493,1.0408340855860843e-17,3.469446951953614e-18
pure_25,D_random_pure,ZY,0.10102902196714676,0.1010290219671468,0.10102902196714689,1.249000902703301e-16,8.326672684688674e-17
pure_25,D_random_pure,ZZ,-0.8700998497812079,-0.8700998497812081,-0.8700998497812082,3.3306690738754696e-16,1.1102230246251565e-16
pure_26,D_random_pure,II,1.0000000000000004,1.0000000000000004,1.0000000000000009,4.440892098500626e-16,4.440892098500626e-16
pure_26,D_random_pure,IX,-0.5339719659427788,-0.5339719659427791,-0.5339719659427792,3.3306690738754696e-16,1.1102230246251565e-16
pure_26,D_random_pure,IY,-0.18273191561321753,-0.1827319156132176,-0.18273191561321767,1.3877787807814457e-16,5.551115123125783e-17
pure_26,D_random_pure,IZ,0.3768089544748219,0.3768089544748219,0.376808954474822,1.1102230246251565e-16,1.1102230246251565e-16
pure_26,D_random_pure,XI,0.10963627261526403,0.10963627261526411,0.10963627261526407,4.163336342344337e-17,4.163336342344337e-17
pure_26,D_random_pure,XX,0.24692242593408542,0.24692242593408553,0.24692242593408556,1.3877787807814457e-16,2.7755575615628914e-17
pure_26,D_random_pure,XY,0.10607517642866848,0.10607517642866851,0.10607517642866854,5.551115123125783e-17,2.7755575615628914e-17
pure_26,D_random_pure,XZ,0.6923116951348873,0.6923116951348876,0.6923116951348878,4.440892098500626e-16,2.220446049250313e-16
pure_26,D_random_pure,YI,0.6397936794601882,0.6397936794601883,0.6397936794601884,2.220446049250313e-16,1.1102230246251565e-16
pure_26,D_random_pure,YX,-0.8738152011018396,-0.8738152011018397,-0.8738152011018401,4.440892098500626e-16,3.3306690738754696e-16
pure_26,D_random_pure,YY,-0.07313808599524588,-0.07313808599524595,-0.07313808599524596,8.326672684688674e-17,1.3877787807814457e-17
pure_26,D_random_pure,YZ,0.4241836458523942,0.42418364585239443,0.4241836458523945,2.7755575615628914e-16,5.551115123125783e-17
pure_26,D_random_pure,ZI,-0.19785332198046662,-0.19785332198046665,-0.19785332198046668,5.551115123125783e-17,2.7755575615628914e-17
pure_26,D_random_pure,ZX,0.010018419939980955,0.010018419939980946,0.010018419939980983,2.7755575615628914e-17,3.642919299551295e-17
pure_26,D_random_pure,ZY,0.7458470545208145,0.7458470545208147,0.7458470545208149,4.440892098500626e-16,2.220446049250313e-16
pure_26,D_random_pure,ZZ,-0.1491835713956381,-0.14918357139563812,-0.1491835713956381,0.0,2.7755575615628914e-17
pure_27,D_random_pure,II,0.9999999999999993,0.9999999999999996,0.9999999999999998,4.440892098500626e-16,2.220446049250313e-16
pure_27,D_random_pure,IX,-0.09855919835268942,-0.09855919835268948,-0.09855919835268948,5.551115123125783e-17,0.0
pure_27,D_random_pure,IY,-0.48807761731282556,-0.48807761731282573,-0.48807761731282584,2.7755575615628914e-16,1.1102230246251565e-16
pure_27,D_random_pure,IZ,0.41610864635965306,0.41610864635965317,0.4161086463596532,1.6653345369377348e-16,5.551115123125783e-17
pure_27,D_random_pure,XI,-0.5500202800052167,-0.5500202800052167,-0.5500202800052169,1.1102230246251565e-16,1.1102230246251565e-16
pure_27,D_random_pure,XX,0.5097358236369907,0.5097358236369909,0.509735823636991,3.3306690738754696e-16,1.1102230246251565e-16
pure_27,D_random_pure,XY,0.6708666551687308,0.6708666551687309,0.670866655168731,2.220446049250313e-16,1.1102230246251565e-16
pure_27,D_random_pure,XZ,-0.41418540271706933,-0.4141854027170695,-0.4141854027170696,2.7755575615628914e-16,1.1102230246251565e-16
pure_27,D_random_pure,YI,0.15334001645065412,0.1533400164506542,0.15334001645065423,1.1102230246251565e-16,2.7755575615628914e-17
pure_27,D_random_pure,YX,0.034918989286505504,0.034918989286505525,0.034918989286505525,2.0816681711721685e-17,0.0
pure_27,D_random_pure,YY,0.2913745743842845,0.2913745743842846,0.2913745743842847,2.220446049250313e-16,1.1102230246251565e-16
pure_27,D_random_pure,YZ,0.7185503465712886,0.7185503465712888,0.7185503465712888,2.220446049250313e-16,0.0
pure_27,D_random_pure,ZI,-0.30829306287175645,-0.3082930628717565,-0.30829306287175645,0.0,5.551115123125783e-17
pure_27,D_random_pure,ZX,-0.572349445873147,-0.5723494458731472,-0.5723494458731473,3.3306690738754696e-16,1.1102230246251565e-16
pure_27,D_random_pure,ZY,0.5312047319347857,0.5312047319347858,0.5312047319347859,2.220446049250313e-16,1.1102230246251565e-16
pure_27,D_random_pure,ZZ,-0.2533814821897783,-0.2533814821897784,-0.25338148218977846,1.6653345369377348e-16,5.551115123125783e-17
pure_28,D_random_pure,II,0.9999999999999991,0.9999999999999992,0.9999999999999996,4.440892098500626e-16,3.3306690738754696e-16
pure_28,D_random_pure,IX,0.0728972805795394,0.07289728057953943,0.07289728057953943,2.7755575615628914e-17,0.0
pure_28,D_random_pure,IY,0.13579946159537934,0.13579946159537934,0.13579946159537937,2.7755575615628914e-17,2.7755575615628914e-17
pure_28,D_random_pure,IZ,0.04413840379616464,0.04413840379616463,0.04413840379616463,1.3877787807814457e-17,0.0
pure_28,D_random_pure,XI,-0.08570072902927472,-0.08570072902927475,-0.08570072902927474,1.3877787807814457e-17,1.3877787807814457e-17
pure_28,D_random_pure,XX,-0.8932781642664809,-0.893278164266481,-0.8932781642664811,2.220446049250313e-16,1.1102230246251565e-16
pure_28,D_random_pure,XY,-0.26185343992066523,-0.26185343992066534,-0.26185343992066534,1.1102230246251565e-16,0.0
pure_28,D_random_pure,XZ,0.3393048868310147,0.33930488683101473,0.3393048868310148,1.1102230246251565e-16,5.551115123125783e-17
pure_28,D_random_pure,YI,0.006325023535541513,0.0063250235355414575,0.00632502353554143,8.326672684688674e-17,2.7755575615628914e-17
pure_28,D_random_pure,YX,0.42364184554888984,0.4236418455488899,0.42364184554889,1.6653345369377348e-16,1.1102230246251565e-16
pure_28,D_random_pure,YY,-0.4339671232608553,-0.43396712326085535,-0.43396712326085546,1.6653345369377348e-16,1.1102230246251565e-16
pure_28,D_random_pure,YZ,0.7788044828942571,0.7788044828942573,0.7788044828942573,2.220446049250313e-16,0.0
pure_28,D_random_pure,ZI,-0.13534801474822583,-0.13534801474822586,-0.13534801474822583,0.0,2.7755575615628914e-17
pure_28,D_random_pure,ZX,0.04681896501810561,0.046818965018105625,0.04681896501810562,6.938893903907228e-18,6.938893903907228e-18
pure_28,D_random_pure,ZY,-0.8578129747939494,-0.8578129747939496,-0.8578129747939497,3.3306690738754696e-16,1.1102230246251565e-16
pure_28,D_random_pure,ZZ,-0.5045594750977453,-0.5045594750977455,-0.5045594750977456,2.220446049250313e-16,1.1102230246251565e-16
pure_29,D_random_pure,II,1.0000000000000004,1.0000000000000007,1.0000000000000007,2.220446049250313e-16,0.0
pure_29,D_random_pure,IX,0.01316544370750447,0.013165443707504502,0.013165443707504498,2.7755575615628914e-17,3.469446951953614e-18
pure_29,D_random_pure,IY,0.29625963554474777,0.2962596355447478,0.2962596355447479,1.1102230246251565e-16,5.551115123125783e-17
pure_29,D_random_pure,IZ,-0.22224254308001362,-0.22224254308001373,-0.22224254308001368,5.551115123125783e-17,5.551115123125783e-17
pure_29,D_random_pure,XI,-0.2852661596206909,-0.285266159620691,-0.285266159620691,1.1102230246251565e-16,0.0
pure_29,D_random_pure,XX,-0.2662980924826297,-0.2662980924826298,-0.26629809248262987,1.6653345369377348e-16,5.551115123125783e-17
pure_29,D_random_pure,XY,-0.28302559434488894,-0.28302559434488894,-0.28302559434488905,1.1102230246251565e-16,1.1102230246251565e-16
pure_29,D_random_pure,XZ,0.8905188219205585,0.8905188219205586,0.8905188219205588,2.220446049250313e-16,1.1102230246251565e-16
pure_29,D_random_pure,YI,0.20874147462152023,0.20874147462152026,0.20874147462152032,8.326672684688674e-17,5.551115123125783e-17
pure_29,D_random_pure,YX,0.16532870486174286,0.1653287048617429,0.16532870486174295,8.326672684688674e-17,5.551115123125783e-17
pure_29,D_random_pure,YY,0.898350811044032,0.8983508110440322,0.8983508110440324,3.3306690738754696e-16,1.1102230246251565e-16
pure_29,D_random_pure,YZ,0.2680865426623315,0.26808654266233156,0.26808654266233156,5.551115123125783e-17,0.0
pure_29,D_random_pure,ZI,-0.11128820002089035,-0.11128820002089036,-0.1112882000208903,5.551115123125783e-17,6.938893903907228e-17
pure_29,D_random_pure,ZX,0.8744085004624975,0.8744085004624979,0.874408500462498,4.440892098500626e-16,1.1102230246251565e-16
pure_29,D_random_pure,ZY,-0.25158945999299287,-0.2515894599929929,-0.251589459992993,1.1102230246251565e-16,5.551115123125783e-17
pure_29,D_random_pure,ZZ,0.21716982499292342,0.21716982499292348,0.21716982499292348,5.551115123125783e-17,0.0
pure_30,D_random_pure,II,0.9999999999999998,1.0,1.0,2.220446049250313e-16,0.0
pure_30,D_random_pure,IX,-0.49039546205076534,-0.49039546205076534,-0.49039546205076556,2.220446049250313e-16,2.220446049250313e-16
pure_30,D_random_pure,IY,-0.6740835080598256,-0.6740835080598259,-0.6740835080598261,4.440892098500626e-16,2.220446049250313e-16
pure_30,D_random_pure,IZ,0.3525144099201154,0.3525144099201155,0.35251440992011557,1.6653345369377348e-16,5.551115123125783e-17
pure_30,D_random_pure,XI,0.5288611250020415,0.5288611250020416,0.5288611250020417,2.220446049250313e-16,1.1102230246251565e-16
pure_30,D_random_pure,XX,-0.5903736695429115,-0.5903736695429116,-0.5903736695429118,3.3306690738754696e-16,2.220446049250313e-16
pure_30,D_random_pure,XY,-0.2259542627770093,-0.22595426277700942,-0.22595426277700942,1.1102230246251565e-16,0.0
pure_30,D_random_pure,XZ,0.24689065746238292,0.24689065746238298,0.24689065746238312,1.942890293094024e-16,1.3877787807814457e-16
pure_30,D_random_pure,YI,-0.16579433317483394,-0.165794333174834,-0.16579433317483405,1.1102230246251565e-16,5.551115123125783e-17
pure_30,D_random_pure,YX,0.1698525432548904,0.16985254325489046,0.1698525432548905,8.326672684688674e-17,2.7755575615628914e-17
pure_30,D_random_pure,YY,0.285896136718375,0.2858961367183751,0.28589613671837516,1.6653345369377348e-16,5.551115123125783e-17
pure_30,D_random_pure,YZ,0.31266368390442945,0.3126636839044295,0.31266368390442956,1.1102230246251565e-16,5.551115123125783e-17
pure_30,D_random_pure,ZI,0.7155143910420245,0.7155143910420247,0.7155143910420247,2.220446049250313e-16,0.0
pure_30,D_random_pure,ZX,-0.2096522330449014,-0.2096522330449015,-0.20965223304490155,1.3877787807814457e-16,5.551115123125783e-17
pure_30,D_random_pure,ZY,-0.7088398632562187,-0.708839863256219,-0.7088398632562191,3.3306690738754696e-16,1.1102230246251565e-16
pure_30,D_random_pure,ZZ,0.38263577849814023,0.3826357784981403,0.3826357784981404,1.6653345369377348e-16,1.1102230246251565e-16
pure_31,D_random_pure,II,0.9999999999999996,0.9999999999999998,1.0,4.440892098500626e-16,2.220446049250313e-16
pure_31,D_random_pure,IX,0.1999094821279597,0.19990948212795973,0.19990948212795978,8.326672684688674e-17,5.551115123125783e-17
pure_31,D_random_pure,IY,0.5375853252151117,0.5375853252151118,0.537585325215112,3.3306690738754696e-16,2.220446049250313e-16
pure_31,D_random_pure,IZ,0.7830033138392973,0.7830033138392974,0.7830033138392978,4.440892098500626e-16,3.3306690738754696e-16
pure_31,D_random_pure,XI,0.1539896120455135,0.15398961204551356,0.1539896120455136,8.326672684688674e-17,2.7755575615628914e-17
pure_31,D_random_pure,XX,-0.15326486455267607,-0.1532648645526761,-0.15326486455267616,8.326672684688674e-17,5.551115123125783e-17
pure_31,D_random_pure,XY,0.2277141515133352,0.22771415151333524,0.2277141515133353,8.326672684688674e-17,5.551115123125783e-17
pure_31,D_random_pure,XZ,0.07945423020526297,0.07945423020526299,0.07945423020526302,4.163336342344337e-17,2.7755575615628914e-17
pure_31,D_random_pure,YI,-0.19731436344216144,-0.19731436344216144,-0.19731436344216152,8.326672684688674e-17,8.326672684688674e-17
pure_31,D_random_pure,YX,0.09043227098153668,0.0904322709815367,0.09043227098153671,2.7755575615628914e-17,1.3877787807814457e-17
pure_31,D_random_pure,YY,0.030794102736663484,0.030794102736663484,0.030794102736663477,6.938893903907228e-18,6.938893903907228e-18
pure_31,D_random_pure,YZ,-0.29622746869208905,-0.2962274686920891,-0.29622746869208916,1.1102230246251565e-16,5.551115123125783e-17
pure_31,D_random_pure,ZI,0.9377687421620079,0.9377687421620081,0.9377687421620085,5.551115123125783e-16,3.3306690738754696e-16
pure_31,D_random_pure,ZX,0.2573707720173608,0.2573707720173608,0.2573707720173609,1.1102230246251565e-16,1.1102230246251565e-16
pure_31,D_random_pure,ZY,0.5423467506210531,0.542346750621053,0.5423467506210532,1.1102230246251565e-16,2.220446049250313e-16
pure_31,D_random_pure,ZZ,0.7595883945687026,0.759588394568703,0.7595883945687032,5.551115123125783e-16,2.220446049250313e-16
pure_32,D_random_pure,II,0.9999999999999997,0.9999999999999999,1.0,3.3306690738754696e-16,1.1102230246251565e-16
pure_32,D_random_pure,IX,0.03516643729026554,0.03516643729026554,0.035166437290265556,1.3877787807814457e-17,1.3877787807814457e-17
pure_32,D_random_pure,IY,0.9174061581440625,0.9174061581440627,0.9174061581440627,2.220446049250313e-16,0.0
pure_32,D_random_pure,IZ,-0.32685268562789593,-0.32685268562789604,-0.32685268562789616,2.220446049250313e-16,1.1102230246251565e-16
pure_32,D_random_pure,XI,-0.0797023826699152,-0.07970238266991518,-0.0797023826699152,0.0,1.3877787807814457e-17
pure_32,D_random_pure,XX,-0.10493829614143171,-0.10493829614143177,-0.1049382961414318,8.326672684688674e-17,2.7755575615628914e-17
pure_32,D_random_pure,XY,-0.006782520807478945,-0.006782520807478993,-0.006782520807478994,4.85722573273506e-17,8.673617379884035e-19
pure_32,D_random_pure,XZ,0.21352050440925713,0.21352050440925718,0.21352050440925724,1.1102230246251565e-16,5.551115123125783e-17
pure_32,D_random_pure,YI,0.919772223432511,0.9197722234325112,0.9197722234325114,4.440892098500626e-16,2.220446049250313e-16
pure_32,D_random_pure,YX,0.09019423964400988,0.09019423964400992,0.09019423964400994,5.551115123125783e-17,1.3877787807814457e-17
pure_32,D_random_pure,YY,0.9028106440131491,0.9028106440131494,0.9028106440131496,4.440892098500626e-16,2.220446049250313e-16
pure_32,D_random_pure,YZ,-0.270324745029158,-0.270324745029158,-0.27032474502915815,1.6653345369377348e-16,1.6653345369377348e-16
pure_32,D_random_pure,ZI,-0.31204166807216654,-0.3120416680721666,-0.31204166807216666,1.1102230246251565e-16,5.551115123125783e-17
pure_32,D_random_pure,ZX,0.17996170713558757,0.1799617071355876,0.17996170713558765,8.326672684688674e-17,5.551115123125783e-17
pure_32,D_random_pure,ZY,-0.2771598492823227,-0.27715984928232273,-0.27715984928232285,1.6653345369377348e-16,1.1102230246251565e-16
pure_32,D_random_pure,ZZ,0.19611932365118445,0.19611932365118454,0.19611932365118456,1.1102230246251565e-16,2.7755575615628914e-17
pure_33,D_random_pure,II,1.0000000000000002,1.0000000000000004,1.0000000000000007,4.440892098500626e-16,2.220446049250313e-16
pure_33,D_random_pure,IX,-0.6634764855025279,-0.6634764855025279,-0.6634764855025281,2.220446049250313e-16,2.220446049250313e-16
pure_33,D_random_pure,IY,-0.6630307292825521,-0.6630307292825524,-0.6630307292825525,3.3306690738754696e-16,1.1102230246251565e-16
pure_33,D_random_pure,IZ,-0.13910631406990326,-0.13910631406990331,-0.13910631406990331,5.551115123125783e-17,0.0
pure_33,D_random_pure,XI,0.5128490749273503,0.5128490749273504,0.5128490749273505,2.220446049250313e-16,1.1102230246251565e-16
pure_33,D_random_pure,XX,-0.4916346637964758,-0.4916346637964759,-0.49163466379647597,1.6653345369377348e-16,5.551115123125783e-17
pure_33,D_random_pure,XY,-0.31380747203446796,-0.31380747203446807,-0.3138074720344681,1.6653345369377348e-16,5.551115123125783e-17
pure_33,D_random_pure,XZ,0.153860456586638,0.153860456586638,0.15386045658663802,2.7755575615628914e-17,2.7755575615628914e-17
pure_33,D_random_pure,YI,0.7856321073118219,0.785632107311822,0.7856321073118222,3.3306690738754696e-16,2.220446049250313e-16
pure_33,D_random_pure,YX,-0.5395056433157654,-0.5395056433157657,-0.5395056433157657,2.220446049250313e-16,0.0
pure_33,D_random_pure,YY,-0.5832102629914625,-0.5832102629914628,-0.5832102629914628,3.3306690738754696e-16,0.0
pure_33,D_random_pure,YZ,-0.29471324471294463,-0.2947132447129447,-0.29471324471294474,1.1102230246251565e-16,5.551115123125783e-17
pure_33,D_random_pure,ZI,-0.13758408232350383,-0.13758408232350386,-0.1375840823235039,5.551115123125783e-17,2.7755575615628914e-17
pure_33,D_random_pure,ZX,-0.09093241224723544,-0.0909324122472355,-0.09093241224723547,2.7755575615628914e-17,2.7755575615628914e-17
pure_33,D_random_pure,ZY,0.3191223060330719,0.319122306033072,0.319122306033072,1.1102230246251565e-16,0.0
pure_33,D_random_pure,ZZ,-0.09828666492449945,-0.09828666492449945,-0.0982866649244995,5.551115123125783e-17,5.551115123125783e-17
pure_34,D_random_pure,II,1.0000000000000002,1.0000000000000004,1.0000000000000004,2.220446049250313e-16,0.0
pure_34,D_random_pure,IX,-0.21334118831858156,-0.21334118831858165,-0.2133411883185817,1.3877787807814457e-16,5.551115123125783e-17
pure_34,D_random_pure,IY,-0.5134693964090248,-0.5134693964090251,-0.5134693964090251,3.3306690738754696e-16,0.0
pure_34,D_random_pure,IZ,-0.23142068379484965,-0.23142068379484967,-0.2314206837948497,5.551115123125783e-17,2.7755575615628914e-17
pure_34,D_random_pure,XI,0.09765355242953361,0.09765355242953361,0.09765355242953366,5.551115123125783e-17,5.551115123125783e-17
pure_34,D_random_pure,XX,0.015176288479638304,0.015176288479638294,0.015176288479638284,2.0816681711721685e-17,1.0408340855860843e-17
pure_34,D_random_pure,XY,-0.4854149625573513,-0.4854149625573514,-0.48541496255735145,1.6653345369377348e-16,5.551115123125783e-17
pure_34,D_random_pure,XZ,0.6410595870319913,0.6410595870319915,0.6410595870319915,2.220446049250313e-16,0.0
pure_34,D_random_pure,YI,-0.3087061797861411,-0.3087061797861412,-0.30870617978614123,1.1102230246251565e-16,5.551115123125783e-17
pure_34,D_random_pure,YX,0.8225762458377089,0.8225762458377092,0.8225762458377093,3.3306690738754696e-16,1.1102230246251565e-16
pure_34,D_random_pure,YY,0.21577675994156847,0.21577675994156853,0.21577675994156856,8.326672684688674e-17,2.7755575615628914e-17
pure_34,D_random_pure,YZ,0.09688858818717824,0.09688858818717823,0.09688858818717827,2.7755575615628914e-17,4.163336342344337e-17
pure_34,D_random_pure,ZI,0.5078238817047181,0.5078238817047184,0.5078238817047185,3.3306690738754696e-16,1.1102230246251565e-16
pure_34,D_random_pure,ZX,0.07701718064691733,0.07701718064691734,0.07701718064691734,1.3877787807814457e-17,0.0
pure_34,D_random_pure,ZY,-0.7866020013153436,-0.7866020013153437,-0.7866020013153439,2.220446049250313e-16,1.1102230246251565e-16
pure_34,D_random_pure,ZZ,-0.5200864578814136,-0.5200864578814138,-0.5200864578814138,2.220446049250313e-16,0.0
pure_35,D_random_pure,II,0.9999999999999991,0.9999999999999993,0.9999999999999996,4.440892098500626e-16,2.220446049250313e-16
pure_35,D_random_pure,IX,0.4366367353785082,0.4366367353785084,0.4366367353785085,2.7755575615628914e-16,1.1102230246251565e-16
pure_35,D_random_pure,IY,0.3877034246558911,0.3877034246558912,0.3877034246558913,2.220446049250313e-16,1.1102230246251565e-16
pure_35,D_random_pure,IZ,-0.7064821249525437,-0.7064821249525439,-0.706482124952544,3.3306690738754696e-16,1.1102230246251565e-16
pure_35,D_random_pure,XI,-0.16966648058498307,-0.16966648058498318,-0.1696664805849832,1.3877787807814457e-16,2.7755575615628914e-17
pure_35,D_random_pure,XX,-0.16270617937620035,-0.16270617937620044,-0.16270617937620047,1.1102230246251565e-16,2.7755575615628914e-17
pure_35,D_random_pure,XY,0.27753248239951445,0.27753248239951456,0.2775324823995146,1.6653345369377348e-16,5.551115123125783e-17
pure_35,D_random_pure,XZ,0.2919016238233119,0.2919016238233119,0.29190162382331203,1.1102230246251565e-16,1.1102230246251565e-16
pure_35,D_random_pure,YI,-0.43620006231781505,-0.43620006231781505,-0.43620006231781505,0.0,0.0
pure_35,D_random_pure,YX,0.08046401340027606,0.0804640134002761,0.08046401340027613,6.938893903907228e-17,2.7755575615628914e-17
pure_35,D_random_pure,YY,-0.24591691389626008,-0.24591691389626014,-0.24591691389626014,5.551115123125783e-17,0.0
pure_35,D_random_pure,YZ,0.5322014010916866,0.5322014010916867,0.5322014010916867,1.1102230246251565e-16,0.0
pure_35,D_random_pure,ZI,-0.7880516277815872,-0.7880516277815874,-0.7880516277815874,2.220446049250313e-16,0.0
pure_35,D_random_pure,ZX,-0.5635790125376834,-0.5635790125376835,-0.5635790125376836,2.220446049250313e-16,1.1102230246251565e-16
pure_35,D_random_pure,ZY,-0.41561034769774163,-0.41561034769774186,-0.4156103476977419,2.7755575615628914e-16,5.551115123125783e-17
pure_35,D_random_pure,ZZ,0.5390635644462073,0.5390635644462073,0.5390635644462073,0.0,0.0
pure_36,D_random_pure,II,0.9999999999999999,0.9999999999999999,1.0,1.1102230246251565e-16,1.1102230246251565e-16
pure_36,D_random_pure,IX,-0.1469712232683384,-0.1469712232683384,-0.1469712232683384,0.0,0.0
pure_36,D_random_pure,IY,0.3422982208427608,0.34229822084276096,0.34229822084276096,1.6653345369377348e-16,0.0
pure_36,D_random_pure,IZ,0.20908496654120473,0.2090849665412048,0.2090849665412049,1.6653345369377348e-16,1.1102230246251565e-16
pure_36,D_random_pure,XI,-0.31115013123535995,-0.31115013123536006,-0.3111501312353602,2.220446049250313e-16,1.1102230246251565e-16
pure_36,D_random_pure,XX,-0.32432030740022166,-0.3243203074002217,-0.3243203074002219,2.220446049250313e-16,1.6653345369377348e-16
pure_36,D_random_pure,XY,-0.7142684902380314,-0.7142684902380316,-0.7142684902380319,4.440892098500626e-16,2.220446049250313e-16
pure_36,D_random_pure,XZ,-0.5467779535918049,-0.546777953591805,-0.5467779535918051,2.220446049250313e-16,1.1102230246251565e-16
pure_36,D_random_pure,YI,-0.06750848418816424,-0.06750848418816432,-0.06750848418816435,1.1102230246251565e-16,2.7755575615628914e-17
pure_36,D_random_pure,YX,0.3210553950184796,0.3210553950184797,0.3210553950184798,2.220446049250313e-16,1.1102230246251565e-16
pure_36,D_random_pure,YY,0.3979784493289532,0.39797844932895327,0.39797844932895343,2.220446049250313e-16,1.6653345369377348e-16
pure_36,D_random_pure,YZ,-0.7487381698177172,-0.7487381698177175,-0.7487381698177176,3.3306690738754696e-16,1.1102230246251565e-16
pure_36,D_random_pure,ZI,0.2848040310274462,0.28480403102744634,0.2848040310274463,5.551115123125783e-17,5.551115123125783e-17
pure_36,D_random_pure,ZX,-0.7942639210688703,-0.7942639210688707,-0.7942639210688707,3.3306690738754696e-16,0.0
pure_36,D_random_pure,ZY,0.5158649183849158,0.5158649183849158,0.515864918384916,2.220446049250313e-16,2.220446049250313e-16
pure_36,D_random_pure,ZZ,-0.04069901795942075,-0.04069901795942076,-0.04069901795942077,2.0816681711721685e-17,6.938893903907228e-18
pure_37,D_random_pure,II,1.0000000000000004,1.0000000000000004,1.0000000000000004,0.0,0.0
pure_37,D_random_pure,IX,0.3850729595991648,0.3850729595991648,0.3850729595991649,5.551115123125783e-17,5.551115123125783e-17
pure_37,D_random_pure,IY,0.20016066769189553,0.20016066769189558,0.2001606676918956,8.326672684688674e-17,2.7755575615628914e-17
pure_37,D_random_pure,IZ,-0.7818729657039759,-0.781872965703976,-0.781872965703976,1.1102230246251565e-16,0.0
pure_37,D_random_pure,XI,0.285401717862931,0.2854017178629311,0.2854017178629311,1.1102230246251565e-16,0.0
pure_37,D_random_pure,XX,-0.16224777984490998,-0.16224777984491,-0.1622477798449101,1.1102230246251565e-16,8.326672684688674e-17
pure_37,D_random_pure,XY,0.36260535039857983,0.3626053503985799,0.3626053503985799,5.551115123125783e-17,0.0
pure_37,D_random_pure,XZ,-0.35210275027721283,-0.35210275027721294,-0.35210275027721305,2.220446049250313e-16,1.1102230246251565e-16
pure_37,D_random_pure,YI,0.25055206345240866,0.2505520634524087,0.25055206345240877,1.1102230246251565e-16,5.551115123125783e-17
pure_37,D_random_pure,YX,0.39062553149839396,0.3906255314983941,0.3906255314983942,2.220446049250313e-16,1.1102230246251565e-16
pure_37,D_random_pure,YY,0.32955645480392204,0.32955645480392215,0.32955645480392226,2.220446049250313e-16,1.1102230246251565e-16
pure_37,D_random_pure,YZ,-0.04370082533399011,-0.04370082533399017,-0.0437008253339902,9.020562075079397e-17,3.469446951953614e-17
pure_37,D_random_pure,ZI,-0.8095926966967303,-0.8095926966967305,-0.8095926966967306,3.3306690738754696e-16,1.1102230246251565e-16
pure_37,D_random_pure,ZX,-0.41194383681200913,-0.4119438368120092,-0.4119438368120093,1.6653345369377348e-16,1.1102230246251565e-16
pure_37,D_random_pure,ZY,-0.01741792887238712,-0.01741792887238712,-0.01741792887238712,0.0,0.0
pure_37,D_random_pure,ZZ,0.8281113536276541,0.8281113536276543,0.8281113536276545,4.440892098500626e-16,2.220446049250313e-16
pure_38,D_random_pure,II,0.9999999999999998,1.0,1.0000000000000002,4.440892098500626e-16,2.220446049250313e-16
pure_38,D_random_pure,IX,-0.36700702058754875,-0.36700702058754875,-0.36700702058754886,1.1102230246251565e-16,1.1102230246251565e-16
pure_38,D_random_pure,IY,-0.8649623431011413,-0.8649623431011415,-0.8649623431011417,4.440892098500626e-16,2.220446049250313e-16
pure_38,D_random_pure,IZ,0.030615792311622085,0.030615792311622078,0.030615792311622037,4.85722573273506e-17,4.163336342344337e-17
pure_38,D_random_pure,XI,-0.8227589902359445,-0.8227589902359447,-0.8227589902359448,3.3306690738754696e-16,1.1102230246251565e-16
pure_38,D_random_pure,XX,0.21559705239158322,0.21559705239158328,0.21559705239158333,1.1102230246251565e-16,5.551115123125783e-17
pure_38,D_random_pure,XY,0.8619049831765486,0.8619049831765487,0.8619049831765488,2.220446049250313e-16,1.1102230246251565e-16
pure_38,D_random_pure,XZ,0.061471392591436816,0.0614713925914368,0.06147139259143686,4.163336342344337e-17,5.551115123125783e-17
pure_38,D_random_pure,YI,-0.4202385681215841,-0.4202385681215842,-0.42023856812158433,2.220446049250313e-16,1.1102230246251565e-16
pure_38,D_random_pure,YX,0.31832109632046557,0.3183210963204657,0.3183210963204657,1.1102230246251565e-16,0.0
pure_38,D_random_pure,YY,0.3410782353757426,0.3410782353757427,0.3410782353757428,1.6653345369377348e-16,5.551115123125783e-17
pure_38,D_random_pure,YZ,-0.2741285031600159,-0.2741285031600159,-0.274128503160016,1.1102230246251565e-16,1.1102230246251565e-16
pure_38,D_random_pure,ZI,-0.1739497764628745,-0.17394977646287457,-0.17394977646287463,1.3877787807814457e-16,5.551115123125783e-17
pure_38,D_random_pure,ZX,0.32108006620703244,0.32108006620703256,0.32108006620703256,1.1102230246251565e-16,0.0
pure_38,D_random_pure,ZY,0.07179106789137962,0.07179106789137964,0.07179106789137962,0.0,1.3877787807814457e-17
pure_38,D_random_pure,ZZ,0.1955014667580583,0.19550146675805835,0.19550146675805835,5.551115123125783e-17,0.0
pure_39,D_random_pure,II,1.0000000000000004,1.0000000000000004,1.0000000000000007,2.220446049250313e-16,2.220446049250313e-16
pure_39,D_random_pure,IX,-0.5425734289356998,-0.5425734289356999,-0.5425734289357002,3.3306690738754696e-16,2.220446049250313e-16
pure_39,D_random_pure,IY,-0.5155899678541478,-0.5155899678541478,-0.515589967854148,2.220446049250313e-16,2.220446049250313e-16
pure_39,D_random_pure,IZ,-0.21551985986220937,-0.2155198598622094,-0.21551985986220945,8.326672684688674e-17,5.551115123125783e-17
pure_39,D_random_pure,XI,0.4653906952604324,0.4653906952604327,0.46539069526043264,2.220446049250313e-16,5.551115123125783e-17
pure_39,D_random_pure,XX,-0.17672104677189374,-0.17672104677189382,-0.1767210467718939,1.6653345369377348e-16,8.326672684688674e-17
pure_39,D_random_pure,XY,-0.4650093556545765,-0.4650093556545767,-0.46500935565457674,2.220446049250313e-16,5.551115123125783e-17
pure_39,D_random_pure,XZ,-0.6020437851872904,-0.6020437851872906,-0.6020437851872907,3.3306690738754696e-16,1.1102230246251565e-16
pure_39,D_random_pure,YI,0.5813170035104491,0.5813170035104491,0.5813170035104493,2.220446049250313e-16,2.220446049250313e-16
pure_39,D_random_pure,YX,-0.5629565856373724,-0.5629565856373724,-0.5629565856373726,2.220446049250313e-16,2.220446049250313e-16
pure_39,D_random_pure,YY,-0.6147871256474116,-0.6147871256474118,-0.6147871256474118,2.220446049250313e-16,0.0
pure_39,D_random_pure,YZ,0.19073117380796223,0.19073117380796228,0.19073117380796228,5.551115123125783e-17,0.0
pure_39,D_random_pure,ZI,-0.22836329155219792,-0.22836329155219798,-0.22836329155219803,1.1102230246251565e-16,5.551115123125783e-17
pure_39,D_random_pure,ZX,0.5827244025853824,0.5827244025853826,0.5827244025853827,3.3306690738754696e-16,1.1102230246251565e-16
pure_39,D_random_pure,ZY,-0.25488890425014676,-0.25488890425014676,-0.2548889042501468,5.551115123125783e-17,5.551115123125783e-17
pure_39,D_random_pure,ZZ,0.20235107935544314,0.2023510793554432,0.20235107935544328,1.3877787807814457e-16,8.326672684688674e-17
mixed_full_0,E_random_full_rank,II,0.45709582068509336,0.45709582068509347,0.4570958206850936,2.220446049250313e-16,1.1102230246251565e-16
mixed_full_0,E_random_full_rank,IX,0.04146650549353917,0.04146650549353917,0.04146650549353917,0.0,0.0
mixed_full_0,E_random_full_rank,IY,0.3203021326629099,0.32030213266290997,0.32030213266291,1.1102230246251565e-16,5.551115123125783e-17
mixed_full_0,E_random_full_rank,IZ,-0.037517045389935375,-0.0375170453899354,-0.037517045389935416,4.163336342344337e-17,1.3877787807814457e-17
mixed_full_0,E_random_full_rank,XI,0.08820143977292222,0.08820143977292222,0.08820143977292223,1.3877787807814457e-17,1.3877787807814457e-17
mixed_full_0,E_random_full_rank,XX,-0.0218571980704325,-0.021857198070432512,-0.021857198070432515,1.3877787807814457e-17,3.469446951953614e-18
mixed_full_0,E_random_full_rank,XY,0.09801552346558232,0.09801552346558234,0.09801552346558241,9.71445146547012e-17,6.938893903907228e-17
mixed_full_0,E_random_full_rank,XZ,0.09938311634868702,0.09938311634868703,0.09938311634868706,4.163336342344337e-17,2.7755575615628914e-17
mixed_full_0,E_random_full_rank,YI,-0.21070299285756322,-0.21070299285756325,-0.21070299285756328,5.551115123125783e-17,2.7755575615628914e-17
mixed_full_0,E_random_full_rank,YX,-0.25777400572263737,-0.2577740057226374,-0.25777400572263753,1.6653345369377348e-16,1.1102230246251565e-16
mixed_full_0,E_random_full_rank,YY,-0.24459044573278435,-0.24459044573278435,-0.24459044573278443,8.326672684688674e-17,8.326672684688674e-17
mixed_full_0,E_random_full_rank,YZ,-0.006246466819252514,-0.006246466819252512,-0.006246466819252505,8.673617379884035e-18,6.938893903907228e-18
mixed_full_0,E_random_full_rank,ZI,0.11476145877996356,0.11476145877996358,0.1147614587799636,4.163336342344337e-17,2.7755575615628914e-17
mixed_full_0,E_random_full_rank,ZX,-0.04566348108510819,-0.045663481085108204,-0.04566348108510822,2.7755575615628914e-17,1.3877787807814457e-17
mixed_full_0,E_random_full_rank,ZY,0.1531006925274887,0.15310069252748873,0.15310069252748876,5.551115123125783e-17,2.7755575615628914e-17
mixed_full_0,E_random_full_rank,ZZ,-0.04436865840896219,-0.044368658408962154,-0.044368658408962175,1.3877787807814457e-17,2.0816681711721685e-17
mixed_full_1,E_random_full_rank,II,0.5808256330888862,0.5808256330888865,0.5808256330888866,3.3306690738754696e-16,1.1102230246251565e-16
mixed_full_1,E_random_full_rank,IX,-0.04327696639936032,-0.04327696639936034,-0.04327696639936035,2.7755575615628914e-17,6.938893903907228e-18
mixed_full_1,E_random_full_rank,IY,-0.1816731205849635,-0.18167312058496354,-0.1816731205849636,1.1102230246251565e-16,5.551115123125783e-17
mixed_full_1,E_random_full_rank,IZ,-0.39186884921011,-0.39186884921011006,-0.39186884921011017,1.6653345369377348e-16,1.1102230246251565e-16
mixed_full_1,E_random_full_rank,XI,0.38660916520619504,0.38660916520619515,0.3866091652061953,2.7755575615628914e-16,1.6653345369377348e-16
mixed_full_1,E_random_full_rank,XX,0.054708799909540265,0.05470879990954029,0.05470879990954029,2.7755575615628914e-17,0.0
mixed_full_1,E_random_full_rank,XY,-0.07149420130386781,-0.07149420130386785,-0.07149420130386785,4.163336342344337e-17,0.0
mixed_full_1,E_random_full_rank,XZ,-0.4722891074222426,-0.47228910742224267,-0.4722891074222428,1.6653345369377348e-16,1.1102230246251565e-16
mixed_full_1,E_random_full_rank,YI,-0.10982914697751871,-0.10982914697751871,-0.10982914697751874,2.7755575615628914e-17,2.7755575615628914e-17
mixed_full_1,E_random_full_rank,YX,0.3325446049853391,0.3325446049853392,0.3325446049853393,1.6653345369377348e-16,5.551115123125783e-17
mixed_full_1,E_random_full_rank,YY,-0.0002791349102890042,-0.0002791349102890077,-0.0002791349102890077,3.469446951953614e-18,0.0
mixed_full_1,E_random_full_rank,YZ,0.14404741978325747,0.14404741978325747,0.14404741978325752,5.551115123125783e-17,5.551115123125783e-17
mixed_full_1,E_random_full_rank,ZI,-0.13299854273228953,-0.1329985427322895,-0.1329985427322895,2.7755575615628914e-17,0.0
mixed_full_1,E_random_full_rank,ZX,-0.006898776397045385,-0.006898776397045395,-0.006898776397045395,1.0408340855860843e-17,0.0
mixed_full_1,E_random_full_rank,ZY,0.3242275995065922,0.3242275995065923,0.32422759950659236,1.6653345369377348e-16,5.551115123125783e-17
mixed_full_1,E_random_full_rank,ZZ,0.06368245782657463,0.06368245782657463,0.06368245782657461,1.3877787807814457e-17,1.3877787807814457e-17
mixed_full_2,E_random_full_rank,II,0.44016386816587694,0.44016386816587705,0.44016386816587716,2.220446049250313e-16,1.1102230246251565e-16
mixed_full_2,E_random_full_rank,IX,0.09381408920857512,0.09381408920857513,0.09381408920857515,2.7755575615628914e-17,1.3877787807814457e-17
mixed_full_2,E_random_full_rank,IY,-0.19149155999369474,-0.19149155999369477,-0.1914915599936948,5.551115123125783e-17,2.7755575615628914e-17
mixed_full_2,E_random_full_rank,IZ,-0.0453215878297036,-0.04532158782970361,-0.04532158782970361,6.938893903907228e-18,0.0
mixed_full_2,E_random_full_rank,XI,0.030782281108223383,0.03078228110822339,0.030782281108223397,1.3877787807814457e-17,6.938893903907228e-18
mixed_full_2,E_random_full_rank,XX,-0.10496622429264718,-0.10496622429264718,-0.10496622429264722,4.163336342344337e-17,4.163336342344337e-17
mixed_full_2,E_random_full_rank,XY,-0.07891803486532603,-0.07891803486532609,-0.07891803486532609,5.551115123125783e-17,0.0
mixed_full_2,E_random_full_rank,XZ,0.09971778146508524,0.09971778146508523,0.09971778146508525,1.3877787807814457e-17,2.7755575615628914e-17
mixed_full_2,E_random_full_rank,YI,-0.0680697380702682,-0.06806973807026823,-0.06806973807026824,4.163336342344337e-17,1.3877787807814457e-17
mixed_full_2,E_random_full_rank,YX,-0.30967917809382217,-0.3096791780938222,-0.3096791780938223,1.1102230246251565e-16,5.551115123125783e-17
mixed_full_2,E_random_full_rank,YY,0.050756314599117454,0.05075631459911748,0.05075631459911749,3.469446951953614e-17,6.938893903907228e-18
mixed_full_2,E_random_full_rank,YZ,0.02592869254212347,0.025928692542123464,0.025928692542123474,3.469446951953614e-18,1.0408340855860843e-17
mixed_full_2,E_random_full_rank,ZI,-0.1699209104615187,-0.16992091046151875,-0.1699209104615188,1.1102230246251565e-16,5.551115123125783e-17
mixed_full_2,E_random_full_rank,ZX,-0.11990813063489489,-0.11990813063489489,-0.11990813063489492,2.7755575615628914e-17,2.7755575615628914e-17
mixed_full_2,E_random_full_rank,ZY,0.1398215216905987,0.1398215216905987,0.13982152169059872,2.7755575615628914e-17,2.7755575615628914e-17
mixed_full_2,E_random_full_rank,ZZ,0.12467941559296256,0.12467941559296264,0.12467941559296267,1.1102230246251565e-16,2.7755575615628914e-17
mixed_full_3,E_random_full_rank,II,0.4124817672006357,0.4124817672006358,0.4124817672006359,2.220446049250313e-16,1.1102230246251565e-16
mixed_full_3,E_random_full_rank,IX,0.10739641707082902,0.10739641707082902,0.10739641707082903,1.3877787807814457e-17,1.3877787807814457e-17
mixed_full_3,E_random_full_rank,IY,-0.12057748962426616,-0.1205774896242662,-0.12057748962426623,6.938893903907228e-17,2.7755575615628914e-17
mixed_full_3,E_random_full_rank,IZ,0.14691549968952003,0.14691549968952006,0.1469154996895201,8.326672684688674e-17,5.551115123125783e-17
mixed_full_3,E_random_full_rank,XI,-0.1515015912401415,-0.15150159124014154,-0.15150159124014156,5.551115123125783e-17,2.7755575615628914e-17
mixed_full_3,E_random_full_rank,XX,-0.00967478756791993,-0.009674787567919948,-0.009674787567919958,2.7755575615628914e-17,1.0408340855860843e-17
mixed_full_3,E_random_full_rank,XY,0.15206995562487613,0.15206995562487619,0.1520699556248762,8.326672684688674e-17,2.7755575615628914e-17
mixed_full_3,E_random_full_rank,XZ,0.07637555529563332,0.07637555529563334,0.07637555529563335,2.7755575615628914e-17,1.3877787807814457e-17
mixed_full_3,E_random_full_rank,YI,-0.21530130873010167,-0.21530130873010173,-0.21530130873010178,1.1102230246251565e-16,5.551115123125783e-17
mixed_full_3,E_random_full_rank,YX,-0.04572374617141033,-0.04572374617141033,-0.04572374617141035,1.3877787807814457e-17,1.3877787807814457e-17
mixed_full_3,E_random_full_rank,YY,0.10607484135975824,0.10607484135975825,0.10607484135975828,4.163336342344337e-17,2.7755575615628914e-17
mixed_full_3,E_random_full_rank,YZ,-0.24102615828047166,-0.24102615828047178,-0.2410261582804718,1.3877787807814457e-16,2.7755575615628914e-17
mixed_full_3,E_random_full_rank,ZI,0.00640674453088764,0.0064067445308876175,0.006406744530887604,3.642919299551295e-17,1.3877787807814457e-17
mixed_full_3,E_random_full_rank,ZX,0.1688709193108643,0.16887091931086437,0.1688709193108644,1.1102230246251565e-16,2.7755575615628914e-17
mixed_full_3,E_random_full_rank,ZY,-0.048453434152377295,-0.048453434152377295,-0.048453434152377295,0.0,0.0
mixed_full_3,E_random_full_rank,ZZ,-0.03685024787635819,-0.036850247876358225,-0.036850247876358225,3.469446951953614e-17,0.0
mixed_full_4,E_random_full_rank,II,0.4665054223447427,0.46650542234474274,0.4665054223447428,1.1102230246251565e-16,5.551115123125783e-17
mixed_full_4,E_random_full_rank,IX,0.02700803526239285,0.027008035262392857,0.02700803526239287,2.0816681711721685e-17,1.3877787807814457e-17
mixed_full_4,E_random_full_rank,IY,-0.21663154296945297,-0.21663154296945303,-0.21663154296945308,1.1102230246251565e-16,5.551115123125783e-17
mixed_full_4,E_random_full_rank,IZ,-0.08494993083012027,-0.0849499308301203,-0.08494993083012033,5.551115123125783e-17,2.7755575615628914e-17
mixed_full_4,E_random_full_rank,XI,0.048525972933672515,0.048525972933672515,0.048525972933672536,2.0816681711721685e-17,2.0816681711721685e-17
mixed_full_4,E_random_full_rank,XX,-0.04600845566169308,-0.0460084556616931,-0.04600845566169312,4.163336342344337e-17,2.0816681711721685e-17
mixed_full_4,E_random_full_rank,XY,-0.20149222657922242,-0.2014922265792225,-0.20149222657922256,1.3877787807814457e-16,5.551115123125783e-17
mixed_full_4,E_random_full_rank,XZ,0.08505698075112048,0.08505698075112048,0.0850569807511205,2.7755575615628914e-17,2.7755575615628914e-17
mixed_full_4,E_random_full_rank,YI,-0.29002911774615575,-0.29002911774615575,-0.2900291177461558,5.551115123125783e-17,5.551115123125783e-17
mixed_full_4,E_random_full_rank,YX,0.035684225554807936,0.035684225554807956,0.03568422555480795,1.3877787807814457e-17,6.938893903907228e-18
mixed_full_4,E_random_full_rank,YY,0.24022613387907626,0.24022613387907635,0.2402261338790764,1.3877787807814457e-16,5.551115123125783e-17
mixed_full_4,E_random_full_rank,YZ,0.2014721067649763,0.20147210676497634,0.20147210676497637,8.326672684688674e-17,2.7755575615628914e-17
mixed_full_4,E_random_full_rank,ZI,0.05540454316758573,0.05540454316758578,0.05540454316758578,4.85722573273506e-17,0.0
mixed_full_4,E_random_full_rank,ZX,0.28113021930168564,0.2811302193016857,0.2811302193016858,1.6653345369377348e-16,1.1102230246251565e-16
mixed_full_4,E_random_full_rank,ZY,0.009208757355346531,0.009208757355346524,0.009208757355346514,1.734723475976807e-17,1.0408340855860843e-17
mixed_full_4,E_random_full_rank,ZZ,-0.018601939506261746,-0.018601939506261753,-0.01860193950626178,3.469446951953614e-17,2.7755575615628914e-17
mixed_full_5,E_random_full_rank,II,0.598465202356083,0.5984652023560832,0.5984652023560832,2.220446049250313e-16,0.0
mixed_full_5,E_random_full_rank,IX,0.2086403395486111,0.2086403395486111,0.2086403395486112,8.326672684688674e-17,8.326672684688674e-17
mixed_full_5,E_random_full_rank,IY,0.3718700609803708,0.3718700609803709,0.3718700609803709,1.1102230246251565e-16,0.0
mixed_full_5,E_random_full_rank,IZ,-0.045441039313671334,-0.04544103931367132,-0.045441039313671355,2.0816681711721685e-17,3.469446951953614e-17
mixed_full_5,E_random_full_rank,XI,-0.11601488509584398,-0.11601488509584396,-0.116014885095844,1.3877787807814457e-17,4.163336342344337e-17
mixed_full_5,E_random_full_rank,XX,0.06718521646076284,0.06718521646076284,0.06718521646076285,1.3877787807814457e-17,1.3877787807814457e-17
mixed_full_5,E_random_full_rank,XY,-0.25161290024301963,-0.2516129002430197,-0.25161290024301974,1.1102230246251565e-16,5.551115123125783e-17
mixed_full_5,E_random_full_rank,XZ,-0.2969416719394953,-0.29694167193949533,-0.2969416719394954,1.1102230246251565e-16,5.551115123125783e-17
mixed_full_5,E_random_full_rank,YI,0.16924959137830214,0.16924959137830217,0.16924959137830226,1.1102230246251565e-16,8.326672684688674e-17
mixed_full_5,E_random_full_rank,YX,-0.15593539477583296,-0.155935394775833,-0.15593539477583304,8.326672684688674e-17,5.551115123125783e-17
mixed_full_5,E_random_full_rank,YY,0.26542183433081407,0.2654218343308141,0.2654218343308142,1.1102230246251565e-16,5.551115123125783e-17
mixed_full_5,E_random_full_rank,YZ,-0.22230802997538485,-0.2223080299753849,-0.22230802997538496,1.1102230246251565e-16,5.551115123125783e-17
mixed_full_5,E_random_full_rank,ZI,-0.36919235428328057,-0.36919235428328057,-0.3691923542832807,1.1102230246251565e-16,1.1102230246251565e-16
mixed_full_5,E_random_full_rank,ZX,-0.35245622308084135,-0.35245622308084146,-0.35245622308084157,2.220446049250313e-16,1.1102230246251565e-16
mixed_full_5,E_random_full_rank,ZY,-0.360543881629303,-0.36054388162930306,-0.3605438816293032,1.6653345369377348e-16,1.1102230246251565e-16
mixed_full_5,E_random_full_rank,ZZ,0.09105881088596651,0.09105881088596657,0.0910588108859666,8.326672684688674e-17,2.7755575615628914e-17
mixed_full_6,E_random_full_rank,II,0.42936050105973805,0.42936050105973816,0.4293605010597383,2.220446049250313e-16,1.1102230246251565e-16
mixed_full_6,E_random_full_rank,IX,-0.22587765594250847,-0.22587765594250853,-0.22587765594250858,1.1102230246251565e-16,5.551115123125783e-17
mixed_full_6,E_random_full_rank,IY,-0.04565513898878719,-0.04565513898878722,-0.04565513898878723,4.163336342344337e-17,1.3877787807814457e-17
mixed_full_6,E_random_full_rank,IZ,-0.13694235400877497,-0.13694235400877502,-0.1369423540087751,1.3877787807814457e-16,8.326672684688674e-17
mixed_full_6,E_random_full_rank,XI,0.16073582355964416,0.1607358235596442,0.16073582355964422,5.551115123125783e-17,2.7755575615628914e-17
mixed_full_6,E_random_full_rank,XX,-0.1597093583079118,-0.15970935830791183,-0.1597093583079119,8.326672684688674e-17,5.551115123125783e-17
mixed_full_6,E_random_full_rank,XY,0.07328266989233319,0.0732826698923332,0.07328266989233322,2.7755575615628914e-17,1.3877787807814457e-17
mixed_full_6,E_random_full_rank,XZ,-0.029581321069244895,-0.029581321069244923,-0.029581321069244937,4.163336342344337e-17,1.3877787807814457e-17
mixed_full_6,E_random_full_rank,YI,0.08057734418147369,0.08057734418147372,0.08057734418147373,4.163336342344337e-17,1.3877787807814457e-17
mixed_full_6,E_random_full_rank,YX,0.003045709681138462,0.0030457096811384726,0.0030457096811384726,1.0408340855860843e-17,0.0
mixed_full_6,E_random_full_rank,YY,0.014388481294548165,0.014388481294548165,0.014388481294548158,6.938893903907228e-18,6.938893903907228e-18
mixed_full_6,E_random_full_rank,YZ,-0.1330617718150235,-0.1330617718150235,-0.13306177181502352,2.7755575615628914e-17,2.7755575615628914e-17
mixed_full_6,E_random_full_rank,ZI,-0.18308459477543734,-0.18308459477543737,-0.18308459477543743,8.326672684688674e-17,5.551115123125783e-17
mixed_full_6,E_random_full_rank,ZX,0.1956995985927412,0.19569959859274128,0.19569959859274133,1.3877787807814457e-16,5.551115123125783e-17
mixed_full_6,E_random_full_rank,ZY,0.04203562023712359,0.042035620237123594,0.04203562023712361,2.0816681711721685e-17,1.3877787807814457e-17
mixed_full_6,E_random_full_rank,ZZ,0.23716251528332832,0.23716251528332838,0.23716251528332846,1.3877787807814457e-16,8.326672684688674e-17
mixed_full_7,E_random_full_rank,II,0.4523372582801803,0.45233725828018034,0.4523372582801805,2.220446049250313e-16,1.6653345369377348e-16
mixed_full_7,E_random_full_rank,IX,-0.0946011895853395,-0.09460118958533952,-0.09460118958533954,4.163336342344337e-17,2.7755575615628914e-17
mixed_full_7,E_random_full_rank,IY,-0.1241245281482323,-0.12412452814823233,-0.12412452814823237,6.938893903907228e-17,4.163336342344337e-17
mixed_full_7,E_random_full_rank,IZ,0.15275346286400318,0.15275346286400326,0.15275346286400332,1.3877787807814457e-16,5.551115123125783e-17
mixed_full_7,E_random_full_rank,XI,0.03426740119217567,0.03426740119217565,0.03426740119217567,0.0,1.3877787807814457e-17
mixed_full_7,E_random_full_rank,XX,-0.25864822840981605,-0.2586482284098161,-0.25864822840981616,1.1102230246251565e-16,5.551115123125783e-17
mixed_full_7,E_random_full_rank,XY,-0.06401983701823041,-0.06401983701823043,-0.06401983701823045,4.163336342344337e-17,2.7755575615628914e-17
mixed_full_7,E_random_full_rank,XZ,0.07174154657858975,0.07174154657858975,0.07174154657858978,2.7755575615628914e-17,2.7755575615628914e-17
mixed_full_7,E_random_full_rank,YI,-0.0839019323847578,-0.08390193238475781,-0.08390193238475782,2.7755575615628914e-17,1.3877787807814457e-17
mixed_full_7,E_random_full_rank,YX,-0.11516446052522222,-0.11516446052522222,-0.11516446052522224,1.3877787807814457e-17,1.3877787807814457e-17
mixed_full_7,E_random_full_rank,YY,0.028517150781442346,0.028517150781442326,0.028517150781442346,0.0,2.0816681711721685e-17
mixed_full_7,E_random_full_rank,YZ,-0.24033396085469225,-0.2403339608546923,-0.24033396085469236,1.1102230246251565e-16,5.551115123125783e-17
mixed_full_7,E_random_full_rank,ZI,0.1479426211465663,0.1479426211465663,0.14794262114656637,5.551115123125783e-17,5.551115123125783e-17
mixed_full_7,E_random_full_rank,ZX,-0.1700144240516822,-0.17001442405168224,-0.17001442405168227,5.551115123125783e-17,2.7755575615628914e-17
mixed_full_7,E_random_full_rank,ZY,0.15466662058219433,0.15466662058219435,0.1546666205821944,8.326672684688674e-17,5.551115123125783e-17
mixed_full_7,E_random_full_rank,ZZ,0.09097537878920003,0.09097537878920003,0.09097537878920009,5.551115123125783e-17,5.551115123125783e-17
mixed_full_8,E_random_full_rank,II,0.4022077216192943,0.40220772161929436,0.40220772161929436,5.551115123125783e-17,0.0
mixed_full_8,E_random_full_rank,IX,0.07573947541361709,0.07573947541361711,0.07573947541361713,4.163336342344337e-17,1.3877787807814457e-17
mixed_full_8,E_random_full_rank,IY,-0.14609030165127262,-0.14609030165127265,-0.14609030165127268,5.551115123125783e-17,2.7755575615628914e-17
mixed_full_8,E_random_full_rank,IZ,0.20190651022541284,0.2019065102254129,0.20190651022541295,1.1102230246251565e-16,5.551115123125783e-17
mixed_full_8,E_random_full_rank,XI,-0.022411193795579466,-0.02241119379557947,-0.022411193795579477,1.0408340855860843e-17,6.938893903907228e-18
mixed_full_8,E_random_full_rank,XX,-0.07524285144843337,-0.07524285144843339,-0.0752428514484334,2.7755575615628914e-17,1.3877787807814457e-17
mixed_full_8,E_random_full_rank,XY,-0.07862688640866664,-0.07862688640866666,-0.07862688640866668,4.163336342344337e-17,1.3877787807814457e-17
mixed_full_8,E_random_full_rank,XZ,-0.023575871452307343,-0.02357587145230735,-0.023575871452307353,1.0408340855860843e-17,3.469446951953614e-18
mixed_full_8,E_random_full_rank,YI,-0.010120763806631617,-0.010120763806631619,-0.010120763806631622,5.204170427930421e-18,3.469446951953614e-18
mixed_full_8,E_random_full_rank,YX,0.08416534654625085,0.08416534654625085,0.08416534654625087,1.3877787807814457e-17,1.3877787807814457e-17
mixed_full_8,E_random_full_rank,YY,-0.01681721418356475,-0.01681721418356477,-0.016817214183564765,1.3877787807814457e-17,6.938893903907228e-18
mixed_full_8,E_random_full_rank,YZ,0.011635570373880928,0.011635570373880941,0.011635570373880943,1.5612511283791264e-17,1.734723475976807e-18
mixed_full_8,E_random_full_rank,ZI,-0.10277642105500678,-0.10277642105500678,-0.10277642105500678,0.0,0.0
mixed_full_8,E_random_full_rank,ZX,0.15344022130591603,0.15344022130591606,0.1534402213059161,8.326672684688674e-17,5.551115123125783e-17
mixed_full_8,E_random_full_rank,ZY,0.15523941202506228,0.15523941202506236,0.15523941202506236,8.326672684688674e-17,0.0
mixed_full_8,E_random_full_rank,ZZ,-0.15347393384412256,-0.1534739338441226,-0.1534739338441226,5.551115123125783e-17,0.0
mixed_full_9,E_random_full_rank,II,0.4653413190073475,0.4653413190073476,0.46534131900734754,5.551115123125783e-17,5.551115123125783e-17
mixed_full_9,E_random_full_rank,IX,-0.017523305421779455,-0.01752330542177947,-0.017523305421779475,2.0816681711721685e-17,6.938893903907228e-18
mixed_full_9,E_random_full_rank,IY,-0.10347279223501478,-0.10347279223501477,-0.1034727922350148,1.3877787807814457e-17,2.7755575615628914e-17
mixed_full_9,E_random_full_rank,IZ,-0.19307832370638112,-0.19307832370638117,-0.1930783237063812,8.326672684688674e-17,2.7755575615628914e-17
mixed_full_9,E_random_full_rank,XI,0.20659523979725042,0.20659523979725047,0.20659523979725053,1.1102230246251565e-16,5.551115123125783e-17
mixed_full_9,E_random_full_rank,XX,-0.08570697386491734,-0.08570697386491735,-0.08570697386491737,2.7755575615628914e-17,1.3877787807814457e-17
mixed_full_9,E_random_full_rank,XY,-0.21600082600972548,-0.21600082600972548,-0.21600082600972553,5.551115123125783e-17,5.551115123125783e-17
mixed_full_9,E_random_full_rank,XZ,-0.19322817024285116,-0.19322817024285116,-0.19322817024285122,5.551115123125783e-17,5.551115123125783e-17
mixed_full_9,E_random_full_rank,YI,0.17461278966370836,0.1746127896637084,0.17461278966370847,1.1102230246251565e-16,5.551115123125783e-17
mixed_full_9,E_random_full_rank,YX,0.22128597750112633,0.22128597750112633,0.22128597750112639,5.551115123125783e-17,5.551115123125783e-17
mixed_full_9,E_random_full_rank,YY,-0.04137394630731318,-0.041373946307313184,-0.04137394630731321,3.469446951953614e-17,2.7755575615628914e-17
mixed_full_9,E_random_full_rank,YZ,-0.12489611526246717,-0.12489611526246722,-0.12489611526246726,8.326672684688674e-17,4.163336342344337e-17
mixed_full_9,E_random_full_rank,ZI,0.035612607712771444,0.0356126077127714,0.03561260771277139,5.551115123125783e-17,1.3877787807814457e-17
mixed_full_9,E_random_full_rank,ZX,0.0358568568431211,0.03585685684312109,0.03585685684312109,6.938893903907228e-18,0.0
mixed_full_9,E_random_full_rank,ZY,0.21382741287110493,0.21382741287110496,0.213827412871105,5.551115123125783e-17,2.7755575615628914e-17
mixed_full_9,E_random_full_rank,ZZ,-0.2418092543203485,-0.24180925432034855,-0.24180925432034853,2.7755575615628914e-17,2.7755575615628914e-17
mixed_full_10,E_random_full_rank,II,0.4487168609819494,0.44871686098194946,0.44871686098194963,2.220446049250313e-16,1.6653345369377348e-16
mixed_full_10,E_random_full_rank,IX,-0.039767257470496524,-0.03976725747049653,-0.03976725747049654,1.3877787807814457e-17,6.938893903907228e-18
mixed_full_10,E_random_full_rank,IY,0.14467838912370665,0.14467838912370673,0.14467838912370679,1.3877787807814457e-16,5.551115123125783e-17
mixed_full_10,E_random_full_rank,IZ,0.00825728520367654,0.008257285203676565,0.008257285203676537,3.469446951953614e-18,2.7755575615628914e-17
mixed_full_10,E_random_full_rank,XI,0.012857055908862002,0.01285705590886201,0.012857055908862006,3.469446951953614e-18,3.469446951953614e-18
mixed_full_10,E_random_full_rank,XX,-0.2064745993289551,-0.20647459932895515,-0.2064745993289552,1.1102230246251565e-16,5.551115123125783e-17
mixed_full_10,E_random_full_rank,XY,0.0739746126645776,0.07397461266457761,0.07397461266457761,1.3877787807814457e-17,0.0
mixed_full_10,E_random_full_rank,XZ,-0.14387178862029587,-0.1438717886202959,-0.14387178862029593,5.551115123125783e-17,2.7755575615628914e-17
mixed_full_10,E_random_full_rank,YI,-0.07525224554932193,-0.07525224554932199,-0.07525224554932203,9.71445146547012e-17,4.163336342344337e-17
mixed_full_10,E_random_full_rank,YX,0.22791254741152484,0.22791254741152486,0.2279125474115249,5.551115123125783e-17,2.7755575615628914e-17
mixed_full_10,E_random_full_rank,YY,-0.11400592948317441,-0.11400592948317448,-0.11400592948317448,6.938893903907228e-17,0.0
mixed_full_10,E_random_full_rank,YZ,-0.17557427042359272,-0.17557427042359275,-0.1755742704235928,8.326672684688674e-17,5.551115123125783e-17
mixed_full_10,E_random_full_rank,ZI,0.142217694408857,0.14221769440885706,0.14221769440885712,1.1102230246251565e-16,5.551115123125783e-17
mixed_full_10,E_random_full_rank,ZX,-0.03121840346526013,-0.03121840346526014,-0.03121840346526015,1.734723475976807e-17,6.938893903907228e-18
mixed_full_10,E_random_full_rank,ZY,0.32581157410456674,0.3258115741045668,0.32581157410456685,1.1102230246251565e-16,5.551115123125783e-17
mixed_full_10,E_random_full_rank,ZZ,0.045793897788098545,0.045793897788098545,0.045793897788098545,0.0,0.0
mixed_full_11,E_random_full_rank,II,0.3711602509336739,0.37116025093367394,0.371160250933674,1.1102230246251565e-16,5.551115123125783e-17
mixed_full_11,E_random_full_rank,IX,-0.09854371443461778,-0.09854371443461779,-0.09854371443461782,4.163336342344337e-17,2.7755575615628914e-17
mixed_full_11,E_random_full_rank,IY,-0.12093920796756516,-0.12093920796756519,-0.12093920796756519,2.7755575615628914e-17,0.0
mixed_full_11,E_random_full_rank,IZ,-0.15697921592603375,-0.15697921592603384,-0.1569792159260339,1.3877787807814457e-16,5.551115123125783e-17
mixed_full_11,E_random_full_rank,XI,-0.11744634687374735,-0.11744634687374736,-0.11744634687374739,4.163336342344337e-17,2.7755575615628914e-17
mixed_full_11,E_random_full_rank,XX,0.09479055054903701,0.09479055054903704,0.09479055054903705,4.163336342344337e-17,1.3877787807814457e-17
mixed_full_11,E_random_full_rank,XY,0.13974567785855851,0.13974567785855851,0.13974567785855857,5.551115123125783e-17,5.551115123125783e-17
mixed_full_11,E_random_full_rank,XZ,0.12128617892386355,0.12128617892386359,0.12128617892386362,6.938893903907228e-17,2.7755575615628914e-17
mixed_full_11,E_random_full_rank,YI,0.02401463234143399,0.024014632341433986,0.024014632341433986,3.469446951953614e-18,0.0
mixed_full_11,E_random_full_rank,YX,-0.07006476226310494,-0.07006476226310496,-0.07006476226310497,2.7755575615628914e-17,1.3877787807814457e-17
mixed_full_11,E_random_full_rank,YY,0.09489721800196564,0.09489721800196566,0.0948972180019657,5.551115123125783e-17,4.163336342344337e-17
mixed_full_11,E_random_full_rank,YZ,-0.07189041079243425,-0.07189041079243427,-0.07189041079243427,2.7755575615628914e-17,0.0
mixed_full_11,E_random_full_rank,ZI,-0.036108870978173425,-0.036108870978173474,-0.036108870978173474,4.85722573273506e-17,0.0
mixed_full_11,E_random_full_rank,ZX,0.1912983313956873,0.19129833139568736,0.1912983313956874,8.326672684688674e-17,2.7755575615628914e-17
mixed_full_11,E_random_full_rank,ZY,0.08708619859337219,0.0870861985933722,0.08708619859337222,2.7755575615628914e-17,1.3877787807814457e-17
mixed_full_11,E_random_full_rank,ZZ,-0.036033889733645366,-0.03603388973364535,-0.03603388973364538,1.3877787807814457e-17,2.7755575615628914e-17
mixed_full_12,E_random_full_rank,II,0.44542666559429317,0.4454266655942932,0.44542666559429334,1.6653345369377348e-16,1.1102230246251565e-16
mixed_full_12,E_random_full_rank,IX,-0.13479317089044465,-0.13479317089044468,-0.1347931708904447,5.551115123125783e-17,2.7755575615628914e-17
mixed_full_12,E_random_full_rank,IY,0.1733302179474919,0.17333021794749198,0.17333021794749204,1.3877787807814457e-16,5.551115123125783e-17
mixed_full_12,E_random_full_rank,IZ,-0.10480026796290473,-0.10480026796290476,-0.10480026796290474,1.3877787807814457e-17,1.3877787807814457e-17
mixed_full_12,E_random_full_rank,XI,-0.08798509482675275,-0.08798509482675279,-0.08798509482675279,4.163336342344337e-17,0.0
mixed_full_12,E_random_full_rank,XX,-0.035773766353571504,-0.03577376635357152,-0.03577376635357152,1.3877787807814457e-17,0.0
mixed_full_12,E_random_full_rank,XY,0.03810362185704443,0.038103621857044453,0.03810362185704447,3.469446951953614e-17,1.3877787807814457e-17
mixed_full_12,E_random_full_rank,XZ,0.1691978974723628,0.1691978974723628,0.16919789747236283,2.7755575615628914e-17,2.7755575615628914e-17
mixed_full_12,E_random_full_rank,YI,0.016548757387286075,0.016548757387286082,0.01654875738728609,1.3877787807814457e-17,6.938893903907228e-18
mixed_full_12,E_random_full_rank,YX,0.1377174965322971,0.13771749653229712,0.13771749653229715,5.551115123125783e-17,2.7755575615628914e-17
mixed_full_12,E_random_full_rank,YY,0.1617632247775571,0.16176322477755717,0.1617632247775572,8.326672684688674e-17,2.7755575615628914e-17
mixed_full_12,E_random_full_rank,YZ,-0.023201928936931116,-0.02320192893693112,-0.023201928936931127,1.0408340855860843e-17,6.938893903907228e-18
mixed_full_12,E_random_full_rank,ZI,-0.23962197558242898,-0.23962197558242904,-0.23962197558242904,5.551115123125783e-17,0.0
mixed_full_12,E_random_full_rank,ZX,0.294772484369224,0.29477248436922415,0.2947724843692242,2.220446049250313e-16,5.551115123125783e-17
mixed_full_12,E_random_full_rank,ZY,-0.15784667252255258,-0.15784667252255263,-0.1578466725225527,1.1102230246251565e-16,5.551115123125783e-17
mixed_full_12,E_random_full_rank,ZZ,0.15692589536664162,0.15692589536664162,0.1569258953666416,2.7755575615628914e-17,2.7755575615628914e-17
mixed_full_13,E_random_full_rank,II,0.5971518593495407,0.5971518593495408,0.597151859349541,2.220446049250313e-16,1.1102230246251565e-16
mixed_full_13,E_random_full_rank,IX,-0.23510273449383506,-0.23510273449383512,-0.23510273449383512,5.551115123125783e-17,0.0
mixed_full_13,E_random_full_rank,IY,0.2153853646795877,0.21538536467958772,0.21538536467958772,2.7755575615628914e-17,0.0
mixed_full_13,E_random_full_rank,IZ,0.22437420185712828,0.2243742018571283,0.22437420185712845,1.6653345369377348e-16,1.3877787807814457e-16
mixed_full_13,E_random_full_rank,XI,0.09729338011083025,0.09729338011083027,0.09729338011083032,6.938893903907228e-17,4.163336342344337e-17
mixed_full_13,E_random_full_rank,XX,-0.28911736746542693,-0.289117367465427,-0.28911736746542704,1.1102230246251565e-16,5.551115123125783e-17
mixed_full_13,E_random_full_rank,XY,0.1863100165652634,0.18631001656526347,0.18631001656526355,1.6653345369377348e-16,8.326672684688674e-17
mixed_full_13,E_random_full_rank,XZ,-0.23474011629016578,-0.23474011629016583,-0.2347401162901659,1.1102230246251565e-16,5.551115123125783e-17
mixed_full_13,E_random_full_rank,YI,0.29615456429350384,0.29615456429350384,0.2961545642935039,5.551115123125783e-17,5.551115123125783e-17
mixed_full_13,E_random_full_rank,YX,-0.36877633901814966,-0.3687763390181497,-0.36877633901814977,1.1102230246251565e-16,5.551115123125783e-17
mixed_full_13,E_random_full_rank,YY,0.010926032677443687,0.010926032677443683,0.010926032677443687,0.0,3.469446951953614e-18
mixed_full_13,E_random_full_rank,YZ,0.32276144113041416,0.3227614411304143,0.32276144113041433,1.6653345369377348e-16,5.551115123125783e-17
mixed_full_13,E_random_full_rank,ZI,-0.21174209600200591,-0.21174209600200597,-0.21174209600200608,1.6653345369377348e-16,1.1102230246251565e-16
mixed_full_13,E_random_full_rank,ZX,-0.05335524043957826,-0.05335524043957826,-0.053355240439578275,1.3877787807814457e-17,1.3877787807814457e-17
mixed_full_13,E_random_full_rank,ZY,-0.405858625305458,-0.40585862530545813,-0.40585862530545824,2.220446049250313e-16,1.1102230246251565e-16
mixed_full_13,E_random_full_rank,ZZ,-0.23368169100395855,-0.2336816910039586,-0.23368169100395872,1.6653345369377348e-16,1.1102230246251565e-16
mixed_full_14,E_random_full_rank,II,0.45537230891994107,0.45537230891994107,0.4553723089199412,1.1102230246251565e-16,1.1102230246251565e-16
mixed_full_14,E_random_full_rank,IX,0.050585940081801006,0.05058594008180101,0.05058594008180102,1.3877787807814457e-17,6.938893903907228e-18
mixed_full_14,E_random_full_rank,IY,-0.3420940587666648,-0.3420940587666648,-0.34209405876666493,1.1102230246251565e-16,1.1102230246251565e-16
mixed_full_14,E_random_full_rank,IZ,0.09630756477971902,0.09630756477971904,0.09630756477971904,1.3877787807814457e-17,0.0
mixed_full_14,E_random_full_rank,XI,-0.023575701084586526,-0.02357570108458653,-0.02357570108458654,1.3877787807814457e-17,1.0408340855860843e-17
mixed_full_14,E_random_full_rank,XX,-0.011233066429746516,-0.011233066429746516,-0.011233066429746523,6.938893903907228e-18,6.938893903907228e-18
mixed_full_14,E_random_full_rank,XY,0.02602495110166285,0.026024951101662863,0.026024951101662877,2.7755575615628914e-17,1.3877787807814457e-17
mixed_full_14,E_random_full_rank,XZ,0.0454036559211541,0.04540365592115411,0.045403655921154126,2.7755575615628914e-17,1.3877787807814457e-17
mixed_full_14,E_random_full_rank,YI,-0.15625177179139169,-0.1562517717913917,-0.15625177179139174,5.551115123125783e-17,2.7755575615628914e-17
mixed_full_14,E_random_full_rank,YX,-0.00453786562106407,-0.00453786562106406,-0.004537865621064063,6.938893903907228e-18,3.469446951953614e-18
mixed_full_14,E_random_full_rank,YY,0.08294897199726156,0.08294897199726158,0.08294897199726159,2.7755575615628914e-17,1.3877787807814457e-17
mixed_full_14,E_random_full_rank,YZ,-0.05689487301063004,-0.05689487301063005,-0.056894873010630065,2.7755575615628914e-17,1.3877787807814457e-17
mixed_full_14,E_random_full_rank,ZI,0.29778755131594564,0.2977875513159457,0.2977875513159458,1.6653345369377348e-16,1.1102230246251565e-16
mixed_full_14,E_random_full_rank,ZX,-0.02385827477722068,-0.023858274777220686,-0.023858274777220686,6.938893903907228e-18,0.0
mixed_full_14,E_random_full_rank,ZY,-0.3444012278262024,-0.34440122782620236,-0.34440122782620247,5.551115123125783e-17,1.1102230246251565e-16
mixed_full_14,E_random_full_rank,ZZ,0.0011607142053722676,0.0011607142053722264,0.0011607142053722125,5.5077470362263625e-17,1.3877787807814457e-17
mixed_full_15,E_random_full_rank,II,0.6242171486662904,0.6242171486662905,0.6242171486662906,2.220446049250313e-16,1.1102230246251565e-16
mixed_full_15,E_random_full_rank,IX,0.12983262017698413,0.12983262017698416,0.1298326201769842,5.551115123125783e-17,2.7755575615628914e-17
mixed_full_15,E_random_full_rank,IY,-0.3401882663246519,-0.3401882663246519,-0.340188266324652,1.1102230246251565e-16,1.1102230246251565e-16
mixed_full_15,E_random_full_rank,IZ,-0.2753870633861877,-0.2753870633861878,-0.2753870633861878,1.1102230246251565e-16,0.0
mixed_full_15,E_random_full_rank,XI,0.026988329970892483,0.02698832997089249,0.026988329970892497,1.3877787807814457e-17,6.938893903907228e-18
mixed_full_15,E_random_full_rank,XX,0.325416366967006,0.3254163669670061,0.32541636696700615,1.6653345369377348e-16,5.551115123125783e-17
mixed_full_15,E_random_full_rank,XY,0.018101499295831547,0.018101499295831554,0.01810149929583156,1.3877787807814457e-17,6.938893903907228e-18
mixed_full_15,E_random_full_rank,XZ,0.09749649031664556,0.09749649031664559,0.0974964903166456,4.163336342344337e-17,1.3877787807814457e-17
mixed_full_15,E_random_full_rank,YI,0.16633794310091993,0.16633794310091995,0.16633794310092,8.326672684688674e-17,5.551115123125783e-17
mixed_full_15,E_random_full_rank,YX,0.015958057869485197,0.015958057869485204,0.015958057869485204,6.938893903907228e-18,0.0
mixed_full_15,E_random_full_rank,YY,-0.3953942830265271,-0.3953942830265272,-0.39539428302652724,1.1102230246251565e-16,5.551115123125783e-17
mixed_full_15,E_random_full_rank,YZ,0.15475045818667646,0.1547504581866765,0.15475045818667651,5.551115123125783e-17,2.7755575615628914e-17
mixed_full_15,E_random_full_rank,ZI,-0.40416068641508907,-0.4041606864150892,-0.4041606864150893,2.220446049250313e-16,1.1102230246251565e-16
mixed_full_15,E_random_full_rank,ZX,-0.15318188000421332,-0.15318188000421334,-0.15318188000421337,5.551115123125783e-17,2.7755575615628914e-17
mixed_full_15,E_random_full_rank,ZY,0.26905644097913717,0.2690564409791373,0.26905644097913733,1.6653345369377348e-16,5.551115123125783e-17
mixed_full_15,E_random_full_rank,ZZ,0.4343439641389783,0.4343439641389783,0.43434396413897836,5.551115123125783e-17,5.551115123125783e-17
mixed_full_16,E_random_full_rank,II,0.41954590730909713,0.4195459073090972,0.41954590730909735,2.220446049250313e-16,1.6653345369377348e-16
mixed_full_16,E_random_full_rank,IX,-0.04876754677858243,-0.04876754677858245,-0.04876754677858245,2.0816681711721685e-17,0.0
mixed_full_16,E_random_full_rank,IY,-0.10133109593567902,-0.10133109593567902,-0.10133109593567904,2.7755575615628914e-17,2.7755575615628914e-17
mixed_full_16,E_random_full_rank,IZ,-0.23542063548529704,-0.23542063548529707,-0.23542063548529713,8.326672684688674e-17,5.551115123125783e-17
mixed_full_16,E_random_full_rank,XI,-0.015716907523324303,-0.015716907523324324,-0.01571690752332433,2.7755575615628914e-17,6.938893903907228e-18
mixed_full_16,E_random_full_rank,XX,0.0017660324696661955,0.0017660324696661955,0.0017660324696661886,6.938893903907228e-18,6.938893903907228e-18
mixed_full_16,E_random_full_rank,XY,-0.09403490013320374,-0.09403490013320376,-0.09403490013320376,1.3877787807814457e-17,0.0
mixed_full_16,E_random_full_rank,XZ,0.17376812466521652,0.17376812466521657,0.17376812466521663,1.1102230246251565e-16,5.551115123125783e-17
mixed_full_16,E_random_full_rank,YI,0.13766611775317839,0.13766611775317844,0.13766611775317847,8.326672684688674e-17,2.7755575615628914e-17
mixed_full_16,E_random_full_rank,YX,-0.14805253998757995,-0.14805253998757997,-0.14805253998758,5.551115123125783e-17,2.7755575615628914e-17
mixed_full_16,E_random_full_rank,YY,0.06771597959462296,0.06771597959462297,0.06771597959462297,1.3877787807814457e-17,0.0
mixed_full_16,E_random_full_rank,YZ,-0.12929926331761826,-0.12929926331761826,-0.1292992633176183,2.7755575615628914e-17,2.7755575615628914e-17
mixed_full_16,E_random_full_rank,ZI,-0.12088104240365778,-0.1208810424036578,-0.12088104240365782,4.163336342344337e-17,2.7755575615628914e-17
mixed_full_16,E_random_full_rank,ZX,0.06275468286342599,0.062754682863426,0.06275468286342603,4.163336342344337e-17,2.7755575615628914e-17
mixed_full_16,E_random_full_rank,ZY,0.20315821501265585,0.2031582150126559,0.20315821501265593,8.326672684688674e-17,2.7755575615628914e-17
mixed_full_16,E_random_full_rank,ZZ,0.07884452919698483,0.07884452919698481,0.07884452919698481,1.3877787807814457e-17,0.0
mixed_full_17,E_random_full_rank,II,0.4134540158661459,0.41345401586614594,0.41345401586614605,1.6653345369377348e-16,1.1102230246251565e-16
mixed_full_17,E_random_full_rank,IX,-0.14486051195893324,-0.14486051195893324,-0.1448605119589333,5.551115123125783e-17,5.551115123125783e-17
mixed_full_17,E_random_full_rank,IY,0.049633608524296435,0.04963360852429646,0.04963360852429649,5.551115123125783e-17,2.7755575615628914e-17
mixed_full_17,E_random_full_rank,IZ,0.06520344912684849,0.0652034491268485,0.06520344912684854,5.551115123125783e-17,4.163336342344337e-17
mixed_full_17,E_random_full_rank,XI,-0.0492457014555491,-0.0492457014555491,-0.0492457014555491,0.0,0.0
mixed_full_17,E_random_full_rank,XX,-0.11822714109666002,-0.11822714109666004,-0.11822714109666008,5.551115123125783e-17,4.163336342344337e-17
mixed_full_17,E_random_full_rank,XY,-0.2264183168639649,-0.22641831686396496,-0.22641831686396502,1.1102230246251565e-16,5.551115123125783e-17
mixed_full_17,E_random_full_rank,XZ,0.02953911734909287,0.02953911734909287,0.029539117349092873,3.469446951953614e-18,3.469446951953614e-18
mixed_full_17,E_random_full_rank,YI,-0.0877199114180074,-0.08771991141800739,-0.08771991141800739,1.3877787807814457e-17,0.0
mixed_full_17,E_random_full_rank,YX,0.0676100378584176,0.0676100378584176,0.06761003785841764,4.163336342344337e-17,4.163336342344337e-17
mixed_full_17,E_random_full_rank,YY,-0.05207133903936329,-0.052071339039363285,-0.05207133903936331,2.0816681711721685e-17,2.7755575615628914e-17
mixed_full_17,E_random_full_rank,YZ,-0.17921211099122586,-0.17921211099122591,-0.17921211099122591,5.551115123125783e-17,0.0
mixed_full_17,E_random_full_rank,ZI,-0.01346008466568377,-0.013460084665683741,-0.013460084665683797,2.7755575615628914e-17,5.551115123125783e-17
mixed_full_17,E_random_full_rank,ZX,-0.07635725849975283,-0.07635725849975288,-0.0763572584997529,6.938893903907228e-17,2.7755575615628914e-17
mixed_full_17,E_random_full_rank,ZY,0.22813443556524762,0.22813443556524765,0.22813443556524776,1.3877787807814457e-16,1.1102230246251565e-16
mixed_full_17,E_random_full_rank,ZZ,-0.12238210404181943,-0.12238210404181946,-0.12238210404181947,4.163336342344337e-17,1.3877787807814457e-17
mixed_full_18,E_random_full_rank,II,0.45916698941793177,0.4591669894179319,0.45916698941793205,2.7755575615628914e-16,1.6653345369377348e-16
mixed_full_18,E_random_full_rank,IX,0.14766058864040982,0.14766058864040987,0.1476605886404099,8.326672684688674e-17,2.7755575615628914e-17
mixed_full_18,E_random_full_rank,IY,-0.12664731877383584,-0.12664731877383587,-0.12664731877383587,2.7755575615628914e-17,0.0
mixed_full_18,E_random_full_rank,IZ,-0.04081591946791815,-0.040815919467918176,-0.04081591946791821,6.245004513516506e-17,3.469446951953614e-17
mixed_full_18,E_random_full_rank,XI,0.017343770293233085,0.01734377029323311,0.017343770293233113,2.7755575615628914e-17,3.469446951953614e-18
mixed_full_18,E_random_full_rank,XX,0.14635929912470452,0.14635929912470458,0.14635929912470458,5.551115123125783e-17,0.0
mixed_full_18,E_random_full_rank,XY,0.13089457687256748,0.1308945768725675,0.13089457687256753,5.551115123125783e-17,2.7755575615628914e-17
mixed_full_18,E_random_full_rank,XZ,-0.2563054244975168,-0.2563054244975169,-0.2563054244975169,1.1102230246251565e-16,0.0
mixed_full_18,E_random_full_rank,YI,0.09909401905099702,0.09909401905099705,0.09909401905099705,2.7755575615628914e-17,0.0
mixed_full_18,E_random_full_rank,YX,-0.14529589200992496,-0.145295892009925,-0.14529589200992502,5.551115123125783e-17,2.7755575615628914e-17
mixed_full_18,E_random_full_rank,YY,-0.10800016076853325,-0.10800016076853328,-0.10800016076853329,4.163336342344337e-17,1.3877787807814457e-17
mixed_full_18,E_random_full_rank,YZ,-0.1790541622893459,-0.1790541622893459,-0.17905416228934593,2.7755575615628914e-17,2.7755575615628914e-17
mixed_full_18,E_random_full_rank,ZI,0.1496546769878629,0.1496546769878629,0.149654676987863,1.1102230246251565e-16,1.1102230246251565e-16
mixed_full_18,E_random_full_rank,ZX,0.19551872981380353,0.19551872981380358,0.1955187298138036,8.326672684688674e-17,2.7755575615628914e-17
mixed_full_18,E_random_full_rank,ZY,-0.3017767926977576,-0.3017767926977577,-0.3017767926977577,1.1102230246251565e-16,0.0
mixed_full_18,E_random_full_rank,ZZ,0.00463077007689033,0.00463077007689033,0.0046307700768903615,3.122502256758253e-17,3.122502256758253e-17
mixed_full_19,E_random_full_rank,II,0.4659553517379966,0.46595535173799674,0.46595535173799685,2.220446049250313e-16,1.1102230246251565e-16
mixed_full_19,E_random_full_rank,IX,0.153920141531939,0.15392014153193906,0.1539201415319391,8.326672684688674e-17,2.7755575615628914e-17
mixed_full_19,E_random_full_rank,IY,0.09298516498582172,0.09298516498582175,0.09298516498582177,4.163336342344337e-17,1.3877787807814457e-17
mixed_full_19,E_random_full_rank,IZ,0.2242451992561615,0.22424519925616154,0.22424519925616163,1.3877787807814457e-16,8.326672684688674e-17
mixed_full_19,E_random_full_rank,XI,-0.25140171722584137,-0.2514017172258415,-0.2514017172258415,1.1102230246251565e-16,0.0
mixed_full_19,E_random_full_rank,XX,-0.10434389892485531,-0.10434389892485535,-0.10434389892485534,2.7755575615628914e-17,1.3877787807814457e-17
mixed_full_19,E_random_full_rank,XY,0.004113069090933747,0.004113069090933744,0.0041130690909337506,3.469446951953614e-18,6.938893903907228e-18
mixed_full_19,E_random_full_rank,XZ,-0.26241819901714636,-0.26241819901714647,-0.26241819901714647,1.1102230246251565e-16,0.0
mixed_full_19,E_random_full_rank,YI,0.18102444785439636,0.18102444785439642,0.18102444785439648,1.1102230246251565e-16,5.551115123125783e-17
mixed_full_19,E_random_full_rank,YX,0.050086754041686124,0.050086754041686124,0.05008675404168613,6.938893903907228e-18,6.938893903907228e-18
mixed_full_19,E_random_full_rank,YY,0.09216004504989672,0.09216004504989672,0.09216004504989674,1.3877787807814457e-17,1.3877787807814457e-17
mixed_full_19,E_random_full_rank,YZ,0.12830607731080654,0.1283060773108066,0.12830607731080662,8.326672684688674e-17,2.7755575615628914e-17
mixed_full_19,E_random_full_rank,ZI,-0.2680449889437398,-0.26804498894373985,-0.26804498894373996,1.6653345369377348e-16,1.1102230246251565e-16
mixed_full_19,E_random_full_rank,ZX,-0.12407346664065386,-0.1240734666406539,-0.12407346664065391,5.551115123125783e-17,1.3877787807814457e-17
mixed_full_19,E_random_full_rank,ZY,-0.07014220875817552,-0.07014220875817556,-0.07014220875817556,4.163336342344337e-17,0.0
mixed_full_19,E_random_full_rank,ZZ,-0.04999651686013026,-0.04999651686013025,-0.04999651686013032,5.551115123125783e-17,6.938893903907228e-17
mixed_full_20,E_random_full_rank,II,0.5245408885625599,0.5245408885625599,0.52454088856256,1.1102230246251565e-16,1.1102230246251565e-16
mixed_full_20,E_random_full_rank,IX,0.26015543259159035,0.26015543259159035,0.2601554325915904,5.551115123125783e-17,5.551115123125783e-17
mixed_full_20,E_random_full_rank,IY,0.21061224759084024,0.21061224759084024,0.21061224759084035,1.1102230246251565e-16,1.1102230246251565e-16
mixed_full_20,E_random_full_rank,IZ,-0.057298978072237994,-0.05729897807223797,-0.05729897807223791,8.326672684688674e-17,6.245004513516506e-17
mixed_full_20,E_random_full_rank,XI,0.24570158384491717,0.2457015838449172,0.2457015838449173,1.3877787807814457e-16,1.1102230246251565e-16
mixed_full_20,E_random_full_rank,XX,0.3375510359137867,0.33755103591378677,0.3375510359137869,1.6653345369377348e-16,1.1102230246251565e-16
mixed_full_20,E_random_full_rank,XY,0.18681190968911082,0.18681190968911082,0.18681190968911088,5.551115123125783e-17,5.551115123125783e-17
mixed_full_20,E_random_full_rank,XZ,-0.058003399399176585,-0.058003399399176606,-0.05800339939917665,6.245004513516506e-17,4.163336342344337e-17
mixed_full_20,E_random_full_rank,YI,0.04367636962135449,0.04367636962135449,0.043676369621354516,2.7755575615628914e-17,2.7755575615628914e-17
mixed_full_20,E_random_full_rank,YX,-0.021737170907697737,-0.02173717090769775,-0.021737170907697778,4.163336342344337e-17,2.7755575615628914e-17
mixed_full_20,E_random_full_rank,YY,0.1897739190383028,0.18977391903830287,0.18977391903830287,8.326672684688674e-17,0.0
mixed_full_20,E_random_full_rank,YZ,0.23986190007729813,0.23986190007729818,0.23986190007729824,1.1102230246251565e-16,5.551115123125783e-17
mixed_full_20,E_random_full_rank,ZI,0.012869814757896664,0.012869814757896614,0.012869814757896558,1.0581813203458523e-16,5.551115123125783e-17
mixed_full_20,E_random_full_rank,ZX,-0.19016615987093083,-0.19016615987093086,-0.1901661598709309,8.326672684688674e-17,5.551115123125783e-17
mixed_full_20,E_random_full_rank,ZY,0.22501396552686032,0.22501396552686037,0.22501396552686043,1.1102230246251565e-16,5.551115123125783e-17
mixed_full_20,E_random_full_rank,ZZ,-0.24084179586612509,-0.24084179586612514,-0.24084179586612522,1.3877787807814457e-16,8.326672684688674e-17
mixed_full_21,E_random_full_rank,II,0.48573799745970525,0.48573799745970536,0.4857379974597054,1.6653345369377348e-16,5.551115123125783e-17
mixed_full_21,E_random_full_rank,IX,-0.2557526849905106,-0.2557526849905107,-0.2557526849905108,1.6653345369377348e-16,1.1102230246251565e-16
mixed_full_21,E_random_full_rank,IY,0.044568325182773316,0.0445683251827733,0.04456832518277333,1.3877787807814457e-17,2.7755575615628914e-17
mixed_full_21,E_random_full_rank,IZ,-0.18798675580184177,-0.18798675580184182,-0.18798675580184182,5.551115123125783e-17,0.0
mixed_full_21,E_random_full_rank,XI,-0.24139333697131177,-0.2413933369713118,-0.24139333697131185,8.326672684688674e-17,5.551115123125783e-17
mixed_full_21,E_random_full_rank,XX,0.16983015709409224,0.1698301570940923,0.16983015709409233,8.326672684688674e-17,2.7755575615628914e-17
mixed_full_21,E_random_full_rank,XY,-0.24534935039297123,-0.24534935039297123,-0.24534935039297134,1.1102230246251565e-16,1.1102230246251565e-16
mixed_full_21,E_random_full_rank,XZ,0.24175994631484002,0.2417599463148401,0.24175994631484013,1.1102230246251565e-16,2.7755575615628914e-17
mixed_full_21,E_random_full_rank,YI,0.03267078438260498,0.03267078438260497,0.032670784382605,2.0816681711721685e-17,2.7755575615628914e-17
mixed_full_21,E_random_full_rank,YX,0.13925351501314776,0.13925351501314784,0.13925351501314787,1.1102230246251565e-16,2.7755575615628914e-17
mixed_full_21,E_random_full_rank,YY,-0.040939942156168384,-0.040939942156168405,-0.04093994215616842,3.469446951953614e-17,1.3877787807814457e-17
mixed_full_21,E_random_full_rank,YZ,-0.060138811441870076,-0.06013881144187008,-0.06013881144187008,6.938893903907228e-18,0.0
mixed_full_21,E_random_full_rank,ZI,0.038368969289574964,0.03836896928957495,0.03836896928957495,1.3877787807814457e-17,0.0
mixed_full_21,E_random_full_rank,ZX,-0.03146448272521337,-0.03146448272521339,-0.03146448272521342,4.85722573273506e-17,2.7755575615628914e-17
mixed_full_21,E_random_full_rank,ZY,-0.1372204953666679,-0.13722049536666792,-0.13722049536666797,8.326672684688674e-17,5.551115123125783e-17
mixed_full_21,E_random_full_rank,ZZ,-0.13929731679030108,-0.1392973167903011,-0.1392973167903011,2.7755575615628914e-17,0.0
mixed_full_22,E_random_full_rank,II,0.4911357932842554,0.4911357932842555,0.49113579328425566,2.7755575615628914e-16,1.6653345369377348e-16
mixed_full_22,E_random_full_rank,IX,-0.23789415688934337,-0.23789415688934334,-0.23789415688934343,5.551115123125783e-17,8.326672684688674e-17
mixed_full_22,E_random_full_rank,IY,-0.16204416005252587,-0.16204416005252587,-0.16204416005252592,5.551115123125783e-17,5.551115123125783e-17
mixed_full_22,E_random_full_rank,IZ,-0.2109600416073827,-0.21096004160738274,-0.2109600416073828,1.1102230246251565e-16,5.551115123125783e-17
mixed_full_22,E_random_full_rank,XI,0.11521107135057074,0.11521107135057074,0.11521107135057079,5.551115123125783e-17,5.551115123125783e-17
mixed_full_22,E_random_full_rank,XX,0.00853004203315545,0.008530042033155428,0.008530042033155438,1.214306433183765e-17,1.0408340855860843e-17
mixed_full_22,E_random_full_rank,XY,0.016292236210597326,0.016292236210597326,0.01629223621059732,6.938893903907228e-18,6.938893903907228e-18
mixed_full_22,E_random_full_rank,XZ,-0.3162889758766077,-0.31628897587660776,-0.3162889758766078,1.1102230246251565e-16,5.551115123125783e-17
mixed_full_22,E_random_full_rank,YI,-0.20009679036822164,-0.2000967903682217,-0.20009679036822173,8.326672684688674e-17,2.7755575615628914e-17
mixed_full_22,E_random_full_rank,YX,0.07639601618696928,0.07639601618696928,0.0763960161869693,1.3877787807814457e-17,1.3877787807814457e-17
mixed_full_22,E_random_full_rank,YY,0.29122213875300645,0.2912221387530065,0.2912221387530066,1.6653345369377348e-16,1.1102230246251565e-16
mixed_full_22,E_random_full_rank,YZ,0.11219784242311201,0.11219784242311202,0.11219784242311207,5.551115123125783e-17,4.163336342344337e-17
mixed_full_22,E_random_full_rank,ZI,0.13177133477455286,0.1317713347745529,0.131771334774553,1.3877787807814457e-16,8.326672684688674e-17
mixed_full_22,E_random_full_rank,ZX,-0.28368941938605763,-0.2836894193860577,-0.28368941938605774,1.1102230246251565e-16,5.551115123125783e-17
mixed_full_22,E_random_full_rank,ZY,0.024371549977319506,0.024371549977319502,0.02437154997731951,3.469446951953614e-18,6.938893903907228e-18
mixed_full_22,E_random_full_rank,ZZ,-0.03573815385165679,-0.03573815385165678,-0.03573815385165682,3.469446951953614e-17,4.163336342344337e-17
mixed_full_23,E_random_full_rank,II,0.49035466197729305,0.49035466197729305,0.49035466197729327,2.220446049250313e-16,2.220446049250313e-16
mixed_full_23,E_random_full_rank,IX,-0.3080955744070576,-0.30809557440705765,-0.3080955744070577,1.1102230246251565e-16,5.551115123125783e-17
mixed_full_23,E_random_full_rank,IY,-0.02343299848305368,-0.023432998483053684,-0.023432998483053684,3.469446951953614e-18,0.0
mixed_full_23,E_random_full_rank,IZ,0.20516609210006015,0.2051660921000602,0.20516609210006026,1.1102230246251565e-16,5.551115123125783e-17
mixed_full_23,E_random_full_rank,XI,0.19803415151840764,0.19803415151840773,0.19803415151840775,1.1102230246251565e-16,2.7755575615628914e-17
mixed_full_23,E_random_full_rank,XX,-0.10337596278813685,-0.10337596278813685,-0.10337596278813688,2.7755575615628914e-17,2.7755575615628914e-17
mixed_full_23,E_random_full_rank,XY,0.05693949778385364,0.05693949778385365,0.05693949778385367,2.7755575615628914e-17,2.0816681711721685e-17
mixed_full_23,E_random_full_rank,XZ,0.33489044003630475,0.3348904400363048,0.33489044003630486,1.1102230246251565e-16,5.551115123125783e-17
mixed_full_23,E_random_full_rank,YI,0.07884234004492563,0.07884234004492564,0.07884234004492567,4.163336342344337e-17,2.7755575615628914e-17
mixed_full_23,E_random_full_rank,YX,-0.09768937039043507,-0.09768937039043508,-0.09768937039043511,4.163336342344337e-17,2.7755575615628914e-17
mixed_full_23,E_random_full_rank,YY,-0.11990863680461333,-0.11990863680461335,-0.11990863680461336,2.7755575615628914e-17,1.3877787807814457e-17
mixed_full_23,E_random_full_rank,YZ,0.07256756551379617,0.07256756551379617,0.07256756551379619,1.3877787807814457e-17,1.3877787807814457e-17
mixed_full_23,E_random_full_rank,ZI,-0.04992132879126085,-0.04992132879126085,-0.04992132879126088,2.7755575615628914e-17,2.7755575615628914e-17
mixed_full_23,E_random_full_rank,ZX,-0.06842289130055584,-0.06842289130055587,-0.0684228913005559,5.551115123125783e-17,2.7755575615628914e-17
mixed_full_23,E_random_full_rank,ZY,0.06433370427528576,0.06433370427528576,0.06433370427528579,2.7755575615628914e-17,2.7755575615628914e-17
mixed_full_23,E_random_full_rank,ZZ,-0.10531789739916653,-0.1053178973991665,-0.10531789739916657,4.163336342344337e-17,6.938893903907228e-17
mixed_full_24,E_random_full_rank,II,0.46937350405321915,0.46937350405321926,0.4693735040532193,1.6653345369377348e-16,5.551115123125783e-17
mixed_full_24,E_random_full_rank,IX,-0.24061607654038136,-0.24061607654038147,-0.2406160765403815,1.3877787807814457e-16,2.7755575615628914e-17
mixed_full_24,E_random_full_rank,IY,0.18342207632495167,0.18342207632495167,0.18342207632495172,5.551115123125783e-17,5.551115123125783e-17
mixed_full_24,E_random_full_rank,IZ,0.10211170412189793,0.10211170412189796,0.10211170412189795,1.3877787807814457e-17,1.3877787807814457e-17
mixed_full_24,E_random_full_rank,XI,0.33497568220161167,0.3349756822016118,0.3349756822016118,1.1102230246251565e-16,0.0
mixed_full_24,E_random_full_rank,XX,-0.2234799863011396,-0.2234799863011397,-0.22347998630113974,1.3877787807814457e-16,5.551115123125783e-17
mixed_full_24,E_random_full_rank,XY,0.2791463865515519,0.279146386551552,0.27914638655155205,1.6653345369377348e-16,5.551115123125783e-17
mixed_full_24,E_random_full_rank,XZ,0.12934206101638912,0.12934206101638915,0.12934206101638918,5.551115123125783e-17,2.7755575615628914e-17
mixed_full_24,E_random_full_rank,YI,-0.010649889782909124,-0.01064988978290915,-0.010649889782909136,1.214306433183765e-17,1.3877787807814457e-17
mixed_full_24,E_random_full_rank,YX,-0.15089630142230326,-0.15089630142230331,-0.15089630142230331,5.551115123125783e-17,0.0
mixed_full_24,E_random_full_rank,YY,-0.06038522524153428,-0.060385225241534286,-0.06038522524153428,0.0,6.938893903907228e-18
mixed_full_24,E_random_full_rank,YZ,-0.10406993983368709,-0.1040699398336871,-0.10406993983368715,5.551115123125783e-17,4.163336342344337e-17
mixed_full_24,E_random_full_rank,ZI,0.015694463399228153,0.01569446339922817,0.015694463399228198,4.5102810375396984e-17,2.7755575615628914e-17
mixed_full_24,E_random_full_rank,ZX,0.020246257744340454,0.020246257744340426,0.02024625774434044,1.3877787807814457e-17,1.3877787807814457e-17
mixed_full_24,E_random_full_rank,ZY,0.051844327737374976,0.05184432773737499,0.05184432773737499,1.3877787807814457e-17,0.0
mixed_full_24,E_random_full_rank,ZZ,-0.18194026260499116,-0.18194026260499124,-0.1819402626049912,2.7755575615628914e-17,5.551115123125783e-17
mixed_full_25,E_random_full_rank,II,0.4885463264075695,0.48854632640756956,0.4885463264075696,1.1102230246251565e-16,5.551115123125783e-17
mixed_full_25,E_random_full_rank,IX,-0.049983013735318146,-0.04998301373531815,-0.049983013735318174,2.7755575615628914e-17,2.0816681711721685e-17
mixed_full_25,E_random_full_rank,IY,0.14572161986767615,0.1457216198676762,0.14572161986767626,1.1102230246251565e-16,5.551115123125783e-17
mixed_full_25,E_random_full_rank,IZ,0.04425322500904677,0.04425322500904677,0.044253225009046826,5.551115123125783e-17,5.551115123125783e-17
mixed_full_25,E_random_full_rank,XI,-0.0013940754729498675,-0.001394075472949877,-0.0013940754729498753,7.806255641895632e-18,1.734723475976807e-18
mixed_full_25,E_random_full_rank,XX,0.266990271573197,0.2669902715731971,0.2669902715731971,1.1102230246251565e-16,0.0
mixed_full_25,E_random_full_rank,XY,0.08611602073114406,0.08611602073114408,0.08611602073114409,2.7755575615628914e-17,1.3877787807814457e-17
mixed_full_25,E_random_full_rank,XZ,0.08413493078769266,0.08413493078769267,0.08413493078769269,2.7755575615628914e-17,1.3877787807814457e-17
mixed_full_25,E_random_full_rank,YI,0.004106159505708952,0.004106159505708952,0.004106159505708945,6.938893903907228e-18,6.938893903907228e-18
mixed_full_25,E_random_full_rank,YX,0.026958018691151525,0.026958018691151525,0.026958018691151525,0.0,0.0
mixed_full_25,E_random_full_rank,YY,0.15293871194633607,0.1529387119463361,0.1529387119463361,2.7755575615628914e-17,0.0
mixed_full_25,E_random_full_rank,YZ,-0.37681330631683635,-0.37681330631683646,-0.3768133063168365,1.6653345369377348e-16,5.551115123125783e-17
mixed_full_25,E_random_full_rank,ZI,-0.1176580626430244,-0.11765806264302445,-0.11765806264302442,1.3877787807814457e-17,2.7755575615628914e-17
mixed_full_25,E_random_full_rank,ZX,0.14409822656436966,0.1440982265643697,0.1440982265643697,5.551115123125783e-17,0.0
mixed_full_25,E_random_full_rank,ZY,-0.34220447499481055,-0.34220447499481055,-0.34220447499481066,1.1102230246251565e-16,1.1102230246251565e-16
mixed_full_25,E_random_full_rank,ZZ,0.008214090210871966,0.008214090210871966,0.008214090210871938,2.7755575615628914e-17,2.7755575615628914e-17
mixed_full_26,E_random_full_rank,II,0.4159875088123225,0.4159875088123226,0.4159875088123227,2.220446049250313e-16,1.1102230246251565e-16
mixed_full_26,E_random_full_rank,IX,-0.06670382956803551,-0.06670382956803551,-0.06670382956803551,0.0,0.0
mixed_full_26,E_random_full_rank,IY,-0.12563911686223755,-0.1256391168622376,-0.1256391168622376,5.551115123125783e-17,0.0
mixed_full_26,E_random_full_rank,IZ,-0.1554746786913672,-0.15547467869136722,-0.15547467869136725,5.551115123125783e-17,2.7755575615628914e-17
mixed_full_26,E_random_full_rank,XI,0.208189295099319,0.20818929509931905,0.2081892950993191,1.1102230246251565e-16,5.551115123125783e-17
mixed_full_26,E_random_full_rank,XX,0.06673304450502088,0.0667330445050209,0.06673304450502089,1.3877787807814457e-17,1.3877787807814457e-17
mixed_full_26,E_random_full_rank,XY,-0.025980883717999073,-0.02598088371799909,-0.02598088371799909,1.734723475976807e-17,0.0
mixed_full_26,E_random_full_rank,XZ,-0.2225081603474691,-0.22250816034746912,-0.22250816034746917,8.326672684688674e-17,5.551115123125783e-17
mixed_full_26,E_random_full_rank,YI,0.030781406646026275,0.030781406646026285,0.030781406646026292,1.734723475976807e-17,6.938893903907228e-18
mixed_full_26,E_random_full_rank,YX,0.006041386860444503,0.0060413868604445205,0.0060413868604445205,1.734723475976807e-17,0.0
mixed_full_26,E_random_full_rank,YY,-0.18804683640106848,-0.1880468364010685,-0.18804683640106856,8.326672684688674e-17,5.551115123125783e-17
mixed_full_26,E_random_full_rank,YZ,-0.1315043354050142,-0.13150433540501424,-0.13150433540501427,8.326672684688674e-17,2.7755575615628914e-17
mixed_full_26,E_random_full_rank,ZI,-0.03311949242323497,-0.03311949242323495,-0.033119492423235,3.469446951953614e-17,5.551115123125783e-17
mixed_full_26,E_random_full_rank,ZX,0.17789146294845887,0.17789146294845887,0.17789146294845892,5.551115123125783e-17,5.551115123125783e-17
mixed_full_26,E_random_full_rank,ZY,-0.07609501015253717,-0.0760950101525372,-0.07609501015253722,5.551115123125783e-17,2.7755575615628914e-17
mixed_full_26,E_random_full_rank,ZZ,0.055992278398058884,0.055992278398058884,0.05599227839805895,6.938893903907228e-17,6.938893903907228e-17
mixed_full_27,E_random_full_rank,II,0.4881213064885046,0.4881213064885047,0.4881213064885047,1.1102230246251565e-16,0.0
mixed_full_27,E_random_full_rank,IX,-0.29606037151797365,-0.29606037151797365,-0.2960603715179737,5.551115123125783e-17,5.551115123125783e-17
mixed_full_27,E_random_full_rank,IY,-0.1487076140000713,-0.14870761400007132,-0.14870761400007132,2.7755575615628914e-17,0.0
mixed_full_27,E_random_full_rank,IZ,-0.16900269741783613,-0.1690026974178362,-0.16900269741783622,8.326672684688674e-17,2.7755575615628914e-17
mixed_full_27,E_random_full_rank,XI,0.19876330457806932,0.1987633045780694,0.19876330457806946,1.3877787807814457e-16,5.551115123125783e-17
mixed_full_27,E_random_full_rank,XX,-0.2223305832174653,-0.22233058321746532,-0.2223305832174654,1.1102230246251565e-16,8.326672684688674e-17
mixed_full_27,E_random_full_rank,XY,-0.04600436330983023,-0.046004363309830223,-0.04600436330983023,0.0,6.938893903907228e-18
mixed_full_27,E_random_full_rank,XZ,-0.09886031556276034,-0.09886031556276034,-0.09886031556276037,2.7755575615628914e-17,2.7755575615628914e-17
mixed_full_27,E_random_full_rank,YI,-0.21247354575224647,-0.2124735457522465,-0.21247354575224653,5.551115123125783e-17,2.7755575615628914e-17
mixed_full_27,E_random_full_rank,YX,0.15626453565633266,0.1562645356563327,0.15626453565633272,5.551115123125783e-17,2.7755575615628914e-17
mixed_full_27,E_random_full_rank,YY,0.19206731659332402,0.19206731659332407,0.1920673165933241,8.326672684688674e-17,2.7755575615628914e-17
mixed_full_27,E_random_full_rank,YZ,-0.04286146175902432,-0.042861461759024375,-0.042861461759024375,5.551115123125783e-17,0.0
mixed_full_27,E_random_full_rank,ZI,-0.013733141888750602,-0.013733141888750605,-0.013733141888750605,3.469446951953614e-18,0.0
mixed_full_27,E_random_full_rank,ZX,-0.04064484318186111,-0.04064484318186111,-0.04064484318186107,4.163336342344337e-17,4.163336342344337e-17
mixed_full_27,E_random_full_rank,ZY,0.21762396981693777,0.21762396981693782,0.21762396981693788,1.1102230246251565e-16,5.551115123125783e-17
mixed_full_27,E_random_full_rank,ZZ,0.03117606519467208,0.0311760651946721,0.031176065194672115,3.469446951953614e-17,1.3877787807814457e-17
mixed_full_28,E_random_full_rank,II,0.4114809937924633,0.4114809937924634,0.41148099379246345,1.6653345369377348e-16,5.551115123125783e-17
mixed_full_28,E_random_full_rank,IX,0.17328750036065196,0.17328750036065202,0.17328750036065207,1.1102230246251565e-16,5.551115123125783e-17
mixed_full_28,E_random_full_rank,IY,-0.1645194142897482,-0.16451941428974823,-0.16451941428974826,5.551115123125783e-17,2.7755575615628914e-17
mixed_full_28,E_random_full_rank,IZ,0.08056318815715055,0.08056318815715059,0.08056318815715058,2.7755575615628914e-17,1.3877787807814457e-17
mixed_full_28,E_random_full_rank,XI,0.012057918039897903,0.012057918039897919,0.012057918039897919,1.5612511283791264e-17,0.0
mixed_full_28,E_random_full_rank,XX,0.012805700659532702,0.01280570065953271,0.012805700659532723,2.0816681711721685e-17,1.3877787807814457e-17
mixed_full_28,E_random_full_rank,XY,-0.0458210364991455,-0.04582103649914549,-0.04582103649914549,6.938893903907228e-18,0.0
mixed_full_28,E_random_full_rank,XZ,0.18449685916666153,0.18449685916666153,0.1844968591666616,5.551115123125783e-17,5.551115123125783e-17
mixed_full_28,E_random_full_rank,YI,0.15970781350293983,0.15970781350293986,0.15970781350293992,8.326672684688674e-17,5.551115123125783e-17
mixed_full_28,E_random_full_rank,YX,0.09418060844176498,0.09418060844176498,0.09418060844176501,2.7755575615628914e-17,2.7755575615628914e-17
mixed_full_28,E_random_full_rank,YY,-0.21865517867174045,-0.2186551786717405,-0.21865517867174056,1.1102230246251565e-16,5.551115123125783e-17
mixed_full_28,E_random_full_rank,YZ,-0.08695451136781698,-0.086954511367817,-0.08695451136781701,2.7755575615628914e-17,1.3877787807814457e-17
mixed_full_28,E_random_full_rank,ZI,0.07932489471808694,0.07932489471808699,0.07932489471808696,1.3877787807814457e-17,2.7755575615628914e-17
mixed_full_28,E_random_full_rank,ZX,-0.11564809371295456,-0.11564809371295458,-0.11564809371295462,5.551115123125783e-17,4.163336342344337e-17
mixed_full_28,E_random_full_rank,ZY,-0.05991115785638622,-0.05991115785638623,-0.05991115785638624,2.0816681711721685e-17,6.938893903907228e-18
mixed_full_28,E_random_full_rank,ZZ,0.08850844353202654,0.08850844353202653,0.08850844353202658,4.163336342344337e-17,5.551115123125783e-17
mixed_full_29,E_random_full_rank,II,0.3701301411801552,0.3701301411801552,0.3701301411801553,1.1102230246251565e-16,1.1102230246251565e-16
mixed_full_29,E_random_full_rank,IX,-0.07500018899560337,-0.0750001889956034,-0.07500018899560343,5.551115123125783e-17,2.7755575615628914e-17
mixed_full_29,E_random_full_rank,IY,-0.11413132288668615,-0.11413132288668615,-0.11413132288668619,4.163336342344337e-17,4.163336342344337e-17
mixed_full_29,E_random_full_rank,IZ,0.05101919331578409,0.051019193315784084,0.05101919331578411,2.0816681711721685e-17,2.7755575615628914e-17
mixed_full_29,E_random_full_rank,XI,-0.0010853451118724884,-0.0010853451118724919,-0.0010853451118724988,1.0408340855860843e-17,6.938893903907228e-18
mixed_full_29,E_random_full_rank,XX,0.14489205222319249,0.14489205222319254,0.14489205222319257,8.326672684688674e-17,2.7755575615628914e-17
mixed_full_29,E_random_full_rank,XY,0.035985176586355444,0.035985176586355444,0.035985176586355444,0.0,0.0
mixed_full_29,E_random_full_rank,XZ,0.2236377186637912,0.22363771866379126,0.2236377186637913,1.1102230246251565e-16,5.551115123125783e-17
mixed_full_29,E_random_full_rank,YI,-0.050400105655665786,-0.05040010565566579,-0.0504001056556658,1.3877787807814457e-17,6.938893903907228e-18
mixed_full_29,E_random_full_rank,YX,-0.12610030200042285,-0.12610030200042285,-0.12610030200042288,2.7755575615628914e-17,2.7755575615628914e-17
mixed_full_29,E_random_full_rank,YY,0.07197713588465028,0.07197713588465031,0.07197713588465032,4.163336342344337e-17,1.3877787807814457e-17
mixed_full_29,E_random_full_rank,YZ,0.06307473411242524,0.06307473411242526,0.06307473411242526,1.3877787807814457e-17,0.0
mixed_full_29,E_random_full_rank,ZI,0.031198323469744244,0.031198323469744257,0.03119832346974427,2.7755575615628914e-17,1.3877787807814457e-17
mixed_full_29,E_random_full_rank,ZX,0.0037644330349893423,0.0037644330349893146,0.0037644330349893285,1.3877787807814457e-17,1.3877787807814457e-17
mixed_full_29,E_random_full_rank,ZY,0.10180577020623968,0.1018057702062397,0.10180577020623972,4.163336342344337e-17,2.7755575615628914e-17
mixed_full_29,E_random_full_rank,ZZ,-0.06415824109505647,-0.06415824109505648,-0.06415824109505647,0.0,1.3877787807814457e-17
mixed_full_30,E_random_full_rank,II,0.4405839627260934,0.4405839627260935,0.4405839627260937,2.7755575615628914e-16,1.6653345369377348e-16
mixed_full_30,E_random_full_rank,IX,0.114440794974107,0.11444079497410697,0.11444079497410702,1.3877787807814457e-17,4.163336342344337e-17
mixed_full_30,E_random_full_rank,IY,-0.0819551426979766,-0.08195514269797662,-0.08195514269797663,2.7755575615628914e-17,1.3877787807814457e-17
mixed_full_30,E_random_full_rank,IZ,-0.06694449994861038,-0.0669444999486104,-0.06694449994861042,4.163336342344337e-17,1.3877787807814457e-17
mixed_full_30,E_random_full_rank,XI,0.10120139230002652,0.10120139230002655,0.1012013923000266,8.326672684688674e-17,5.551115123125783e-17
mixed_full_30,E_random_full_rank,XX,-0.03210143394939363,-0.03210143394939362,-0.032101433949393604,2.7755575615628914e-17,1.3877787807814457e-17
mixed_full_30,E_random_full_rank,XY,-0.07204719975332084,-0.07204719975332087,-0.0720471997533209,5.551115123125783e-17,2.7755575615628914e-17
mixed_full_30,E_random_full_rank,XZ,-0.18685609276948695,-0.18685609276948703,-0.18685609276948706,1.1102230246251565e-16,2.7755575615628914e-17
mixed_full_30,E_random_full_rank,YI,0.1303943943581301,0.13039439435813016,0.1303943943581302,8.326672684688674e-17,2.7755575615628914e-17
mixed_full_30,E_random_full_rank,YX,0.09305591613620859,0.0930559161362086,0.09305591613620863,4.163336342344337e-17,2.7755575615628914e-17
mixed_full_30,E_random_full_rank,YY,-0.1855333677905318,-0.18553336779053187,-0.1855333677905319,8.326672684688674e-17,2.7755575615628914e-17
mixed_full_30,E_random_full_rank,YZ,0.07020191678843413,0.07020191678843414,0.07020191678843415,2.7755575615628914e-17,1.3877787807814457e-17
mixed_full_30,E_random_full_rank,ZI,0.0659717206870781,0.0659717206870781,0.06597172068707816,5.551115123125783e-17,5.551115123125783e-17
mixed_full_30,E_random_full_rank,ZX,0.35456488491826593,0.354564884918266,0.35456488491826604,1.1102230246251565e-16,5.551115123125783e-17
mixed_full_30,E_random_full_rank,ZY,-0.012630872794162716,-0.01263087279416272,-0.012630872794162723,6.938893903907228e-18,3.469446951953614e-18
mixed_full_30,E_random_full_rank,ZZ,0.03635534686607753,0.03635534686607754,0.03635534686607754,6.938893903907228e-18,0.0
mixed_full_31,E_random_full_rank,II,0.44758575497112396,0.4475857549711241,0.4475857549711242,2.220446049250313e-16,1.1102230246251565e-16
mixed_full_31,E_random_full_rank,IX,-0.03365002353733977,-0.03365002353733978,-0.033650023537339785,1.3877787807814457e-17,6.938893903907228e-18
mixed_full_31,E_random_full_rank,IY,0.1584112370509795,0.15841123705097956,0.15841123705097956,5.551115123125783e-17,0.0
mixed_full_31,E_random_full_rank,IZ,0.16020555370505773,0.1602055537050577,0.16020555370505773,0.0,2.7755575615628914e-17
mixed_full_31,E_random_full_rank,XI,0.06511161823984299,0.065111618239843,0.06511161823984303,4.163336342344337e-17,2.7755575615628914e-17
mixed_full_31,E_random_full_rank,XX,-0.01835850843364422,-0.018358508433644227,-0.018358508433644234,1.3877787807814457e-17,6.938893903907228e-18
mixed_full_31,E_random_full_rank,XY,0.20556660229347906,0.20556660229347912,0.20556660229347912,5.551115123125783e-17,0.0
mixed_full_31,E_random_full_rank,XZ,-0.13781933611900238,-0.13781933611900238,-0.13781933611900243,5.551115123125783e-17,5.551115123125783e-17
mixed_full_31,E_random_full_rank,YI,0.06949807105406222,0.06949807105406224,0.06949807105406224,1.3877787807814457e-17,0.0
mixed_full_31,E_random_full_rank,YX,0.2997542649724665,0.29975426497246654,0.2997542649724666,1.1102230246251565e-16,5.551115123125783e-17
mixed_full_31,E_random_full_rank,YY,0.03307660252242865,0.03307660252242865,0.03307660252242866,6.938893903907228e-18,6.938893903907228e-18
mixed_full_31,E_random_full_rank,YZ,0.07368545353837835,0.07368545353837835,0.0736854535383784,4.163336342344337e-17,4.163336342344337e-17
mixed_full_31,E_random_full_rank,ZI,0.1368339760543413,0.13683397605434128,0.13683397605434133,2.7755575615628914e-17,5.551115123125783e-17
mixed_full_31,E_random_full_rank,ZX,0.0377578515374641,0.03775785153746412,0.03775785153746414,3.469446951953614e-17,2.0816681711721685e-17
mixed_full_31,E_random_full_rank,ZY,0.18793270940603352,0.18793270940603357,0.1879327094060336,8.326672684688674e-17,2.7755575615628914e-17
mixed_full_31,E_random_full_rank,ZZ,0.23620212935056734,0.23620212935056742,0.23620212935056745,1.1102230246251565e-16,2.7755575615628914e-17
mixed_full_32,E_random_full_rank,II,0.4634492305369423,0.4634492305369424,0.46344923053694254,2.220446049250313e-16,1.1102230246251565e-16
mixed_full_32,E_random_full_rank,IX,0.19658598792589246,0.1965859879258925,0.19658598792589252,5.551115123125783e-17,2.7755575615628914e-17
mixed_full_32,E_random_full_rank,IY,-0.03052929342803406,-0.030529293428034066,-0.030529293428034072,1.3877787807814457e-17,6.938893903907228e-18
mixed_full_32,E_random_full_rank,IZ,0.15196891198830595,0.151968911988306,0.15196891198830606,1.1102230246251565e-16,5.551115123125783e-17
mixed_full_32,E_random_full_rank,XI,-0.22779948707185244,-0.2277994870718525,-0.22779948707185255,1.1102230246251565e-16,5.551115123125783e-17
mixed_full_32,E_random_full_rank,XX,-0.32003270228246394,-0.32003270228246394,-0.32003270228246394,0.0,0.0
mixed_full_32,E_random_full_rank,XY,0.0571751583206483,0.0571751583206483,0.057175158320648324,2.0816681711721685e-17,2.0816681711721685e-17
mixed_full_32,E_random_full_rank,XZ,0.011189512070760355,0.011189512070760375,0.011189512070760368,1.3877787807814457e-17,6.938893903907228e-18
mixed_full_32,E_random_full_rank,YI,-0.080801562775588,-0.08080156277558805,-0.08080156277558806,5.551115123125783e-17,1.3877787807814457e-17
mixed_full_32,E_random_full_rank,YX,-0.0488404098341032,-0.048840409834103204,-0.04884040983410321,1.3877787807814457e-17,6.938893903907228e-18
mixed_full_32,E_random_full_rank,YY,0.1798896629331815,0.17988966293318154,0.17988966293318157,5.551115123125783e-17,2.7755575615628914e-17
mixed_full_32,E_random_full_rank,YZ,-0.11172246769214245,-0.11172246769214247,-0.1117224676921425,5.551115123125783e-17,2.7755575615628914e-17
mixed_full_32,E_random_full_rank,ZI,0.21512476443456838,0.21512476443456843,0.21512476443456852,1.3877787807814457e-16,8.326672684688674e-17
mixed_full_32,E_random_full_rank,ZX,0.0973451711637045,0.09734517116370452,0.09734517116370453,2.7755575615628914e-17,1.3877787807814457e-17
mixed_full_32,E_random_full_rank,ZY,0.09751506330481596,0.09751506330481599,0.09751506330481602,5.551115123125783e-17,2.7755575615628914e-17
mixed_full_32,E_random_full_rank,ZZ,0.25030606747771333,0.2503060674777134,0.25030606747771345,1.1102230246251565e-16,5.551115123125783e-17
mixed_full_33,E_random_full_rank,II,0.4228037865119123,0.4228037865119124,0.42280378651191247,1.6653345369377348e-16,5.551115123125783e-17
mixed_full_33,E_random_full_rank,IX,0.16297724961996987,0.1629772496199699,0.1629772496199699,2.7755575615628914e-17,0.0
mixed_full_33,E_random_full_rank,IY,0.0597288518464112,0.059728851846411204,0.05972885184641122,2.0816681711721685e-17,1.3877787807814457e-17
mixed_full_33,E_random_full_rank,IZ,-0.049038021170970295,-0.049038021170970274,-0.04903802117097027,2.7755575615628914e-17,6.938893903907228e-18
mixed_full_33,E_random_full_rank,XI,-0.08769020696729542,-0.08769020696729543,-0.08769020696729546,4.163336342344337e-17,2.7755575615628914e-17
mixed_full_33,E_random_full_rank,XX,-0.00021270052184570176,-0.0002127005218456931,-0.00021270052184570176,0.0,8.673617379884035e-18
mixed_full_33,E_random_full_rank,XY,-0.1190652125341299,-0.11906521253412991,-0.11906521253412995,5.551115123125783e-17,4.163336342344337e-17
mixed_full_33,E_random_full_rank,XZ,-0.07116284363192552,-0.07116284363192552,-0.07116284363192554,2.7755575615628914e-17,2.7755575615628914e-17
mixed_full_33,E_random_full_rank,YI,-0.11362936721200895,-0.11362936721200892,-0.11362936721200892,2.7755575615628914e-17,0.0
mixed_full_33,E_random_full_rank,YX,-0.05652623277852892,-0.056526232778528925,-0.05652623277852893,1.3877787807814457e-17,6.938893903907228e-18
mixed_full_33,E_random_full_rank,YY,-0.09197054505820026,-0.09197054505820032,-0.09197054505820033,6.938893903907228e-17,1.3877787807814457e-17
mixed_full_33,E_random_full_rank,YZ,0.30868058206899196,0.308680582068992,0.30868058206899207,1.1102230246251565e-16,5.551115123125783e-17
mixed_full_33,E_random_full_rank,ZI,0.1675069064934824,0.16750690649348246,0.1675069064934825,8.326672684688674e-17,2.7755575615628914e-17
mixed_full_33,E_random_full_rank,ZX,0.19128656565825544,0.19128656565825547,0.19128656565825547,2.7755575615628914e-17,0.0
mixed_full_33,E_random_full_rank,ZY,0.04884581257860551,0.04884581257860553,0.04884581257860553,1.3877787807814457e-17,0.0
mixed_full_33,E_random_full_rank,ZZ,0.03506009324727568,0.03506009324727567,0.0350600932472757,2.0816681711721685e-17,2.7755575615628914e-17
mixed_full_34,E_random_full_rank,II,0.4413718147340699,0.44137181473406994,0.44137181473407006,1.6653345369377348e-16,1.1102230246251565e-16
mixed_full_34,E_random_full_rank,IX,0.12199306262417389,0.1219930626241739,0.12199306262417393,4.163336342344337e-17,2.7755575615628914e-17
mixed_full_34,E_random_full_rank,IY,0.08269212926638755,0.08269212926638758,0.0826921292663876,4.163336342344337e-17,1.3877787807814457e-17
mixed_full_34,E_random_full_rank,IZ,-0.024034829152932643,-0.024034829152932674,-0.024034829152932688,4.5102810375396984e-17,1.3877787807814457e-17
mixed_full_34,E_random_full_rank,XI,0.0036255465162218703,0.0036255465162218573,0.0036255465162218573,1.3010426069826053e-17,0.0
mixed_full_34,E_random_full_rank,XX,0.061710923795011835,0.06171092379501185,0.06171092379501187,3.469446951953614e-17,2.0816681711721685e-17
mixed_full_34,E_random_full_rank,XY,0.07607318138548128,0.07607318138548128,0.07607318138548128,0.0,0.0
mixed_full_34,E_random_full_rank,XZ,-0.11502408503584825,-0.11502408503584825,-0.11502408503584827,1.3877787807814457e-17,1.3877787807814457e-17
mixed_full_34,E_random_full_rank,YI,-0.2192658890965644,-0.21926588909656447,-0.2192658890965645,1.1102230246251565e-16,2.7755575615628914e-17
mixed_full_34,E_random_full_rank,YX,-0.19440951509560148,-0.1944095150956015,-0.19440951509560153,5.551115123125783e-17,2.7755575615628914e-17
mixed_full_34,E_random_full_rank,YY,-0.012066221277538945,-0.012066221277538935,-0.012066221277538945,0.0,1.0408340855860843e-17
mixed_full_34,E_random_full_rank,YZ,0.08244824653506005,0.08244824653506004,0.08244824653506008,2.7755575615628914e-17,4.163336342344337e-17
mixed_full_34,E_random_full_rank,ZI,-0.04807552569204505,-0.04807552569204501,-0.04807552569204501,3.469446951953614e-17,0.0
mixed_full_34,E_random_full_rank,ZX,-0.2830245176999223,-0.28302451769992243,-0.28302451769992254,2.220446049250313e-16,1.1102230246251565e-16
mixed_full_34,E_random_full_rank,ZY,-0.13098313716547139,-0.13098313716547144,-0.13098313716547144,5.551115123125783e-17,0.0
mixed_full_34,E_random_full_rank,ZZ,0.04751737865626755,0.047517378656267525,0.047517378656267525,2.7755575615628914e-17,0.0
mixed_full_35,E_random_full_rank,II,0.6274059361342864,0.6274059361342865,0.6274059361342867,3.3306690738754696e-16,2.220446049250313e-16
mixed_full_35,E_random_full_rank,IX,0.34504806750523076,0.34504806750523076,0.34504806750523087,1.1102230246251565e-16,1.1102230246251565e-16
mixed_full_35,E_random_full_rank,IY,0.44953373443421873,0.4495337344342188,0.44953373443421885,1.1102230246251565e-16,5.551115123125783e-17
mixed_full_35,E_random_full_rank,IZ,-0.11036689140001751,-0.11036689140001749,-0.1103668914000175,1.3877787807814457e-17,1.3877787807814457e-17
mixed_full_35,E_random_full_rank,XI,0.42918241682590014,0.42918241682590025,0.4291824168259003,1.6653345369377348e-16,5.551115123125783e-17
mixed_full_35,E_random_full_rank,XX,0.19646945781412117,0.1964694578141212,0.19646945781412126,8.326672684688674e-17,5.551115123125783e-17
mixed_full_35,E_random_full_rank,XY,0.39536426321247625,0.3953642632124763,0.39536426321247636,1.1102230246251565e-16,5.551115123125783e-17
mixed_full_35,E_random_full_rank,XZ,-0.1628084574394754,-0.16280845743947542,-0.16280845743947547,8.326672684688674e-17,5.551115123125783e-17
mixed_full_35,E_random_full_rank,YI,0.24641280360418444,0.2464128036041845,0.2464128036041845,5.551115123125783e-17,0.0
mixed_full_35,E_random_full_rank,YX,0.2542568284971748,0.2542568284971748,0.25425682849717485,5.551115123125783e-17,5.551115123125783e-17
mixed_full_35,E_random_full_rank,YY,0.10997088337045695,0.10997088337045702,0.10997088337045705,9.71445146547012e-17,2.7755575615628914e-17
mixed_full_35,E_random_full_rank,YZ,-0.0538605744410539,-0.05386057444105391,-0.053860574441053896,6.938893903907228e-18,1.3877787807814457e-17
mixed_full_35,E_random_full_rank,ZI,0.29179899876531207,0.29179899876531223,0.2917989987653123,2.220446049250313e-16,5.551115123125783e-17
mixed_full_35,E_random_full_rank,ZX,0.1712040099766356,0.17120400997663565,0.17120400997663565,5.551115123125783e-17,0.0
mixed_full_35,E_random_full_rank,ZY,0.26059444972065493,0.260594449720655,0.26059444972065504,1.1102230246251565e-16,5.551115123125783e-17
mixed_full_35,E_random_full_rank,ZZ,0.057013869013982414,0.057013869013982456,0.05701386901398249,7.632783294297951e-17,3.469446951953614e-17
mixed_full_36,E_random_full_rank,II,0.42967147640690445,0.42967147640690456,0.4296714764069046,1.6653345369377348e-16,5.551115123125783e-17
mixed_full_36,E_random_full_rank,IX,-0.17882479674754886,-0.17882479674754886,-0.1788247967475489,2.7755575615628914e-17,2.7755575615628914e-17
mixed_full_36,E_random_full_rank,IY,-0.09140293678225642,-0.09140293678225643,-0.09140293678225644,2.7755575615628914e-17,1.3877787807814457e-17
mixed_full_36,E_random_full_rank,IZ,0.21912910126800558,0.21912910126800564,0.21912910126800567,8.326672684688674e-17,2.7755575615628914e-17
mixed_full_36,E_random_full_rank,XI,-0.11444277212786703,-0.11444277212786702,-0.11444277212786705,1.3877787807814457e-17,2.7755575615628914e-17
mixed_full_36,E_random_full_rank,XX,0.009617883239527128,0.009617883239527114,0.009617883239527128,0.0,1.3877787807814457e-17
mixed_full_36,E_random_full_rank,XY,0.027852243996601366,0.027852243996601377,0.027852243996601377,1.0408340855860843e-17,0.0
mixed_full_36,E_random_full_rank,XZ,-0.007836086616575009,-0.007836086616575005,-0.007836086616575012,3.469446951953614e-18,6.938893903907228e-18
mixed_full_36,E_random_full_rank,YI,0.22272510562126552,0.22272510562126555,0.22272510562126557,5.551115123125783e-17,2.7755575615628914e-17
mixed_full_36,E_random_full_rank,YX,-0.07527046740463093,-0.07527046740463098,-0.07527046740463098,4.163336342344337e-17,0.0
mixed_full_36,E_random_full_rank,YY,-0.14468485465229175,-0.14468485465229178,-0.1446848546522918,5.551115123125783e-17,2.7755575615628914e-17
mixed_full_36,E_random_full_rank,YZ,0.17839785455378093,0.17839785455378096,0.178397854553781,5.551115123125783e-17,2.7755575615628914e-17
mixed_full_36,E_random_full_rank,ZI,0.1644304115973555,0.16443041159735555,0.1644304115973556,1.1102230246251565e-16,5.551115123125783e-17
mixed_full_36,E_random_full_rank,ZX,-0.16721453038803294,-0.16721453038803302,-0.16721453038803305,1.1102230246251565e-16,2.7755575615628914e-17
mixed_full_36,E_random_full_rank,ZY,-0.14971754237434212,-0.14971754237434215,-0.14971754237434218,5.551115123125783e-17,2.7755575615628914e-17
mixed_full_36,E_random_full_rank,ZZ,0.07634538539420342,0.07634538539420342,0.07634538539420344,1.3877787807814457e-17,1.3877787807814457e-17
mixed_full_37,E_random_full_rank,II,0.4611909849468745,0.46119098494687466,0.4611909849468747,2.220446049250313e-16,5.551115123125783e-17
mixed_full_37,E_random_full_rank,IX,-0.05173842893018196,-0.05173842893018195,-0.051738428930181934,2.7755575615628914e-17,1.3877787807814457e-17
mixed_full_37,E_random_full_rank,IY,-0.11879510126970974,-0.11879510126970978,-0.11879510126970981,6.938893903907228e-17,2.7755575615628914e-17
mixed_full_37,E_random_full_rank,IZ,0.1387865856404129,0.13878658564041288,0.1387865856404129,0.0,2.7755575615628914e-17
mixed_full_37,E_random_full_rank,XI,-0.08407905255711096,-0.08407905255711097,-0.08407905255711098,2.7755575615628914e-17,1.3877787807814457e-17
mixed_full_37,E_random_full_rank,XX,-0.13820044579658447,-0.13820044579658453,-0.13820044579658455,8.326672684688674e-17,2.7755575615628914e-17
mixed_full_37,E_random_full_rank,XY,0.2925712941095132,0.29257129410951327,0.2925712941095133,1.1102230246251565e-16,5.551115123125783e-17
mixed_full_37,E_random_full_rank,XZ,-0.0067728858183977,-0.006772885818397696,-0.006772885818397703,3.469446951953614e-18,6.938893903907228e-18
mixed_full_37,E_random_full_rank,YI,-0.15568371381261428,-0.15568371381261428,-0.15568371381261437,8.326672684688674e-17,8.326672684688674e-17
mixed_full_37,E_random_full_rank,YX,0.12420635459125126,0.12420635459125125,0.12420635459125129,2.7755575615628914e-17,4.163336342344337e-17
mixed_full_37,E_random_full_rank,YY,0.1108571920750435,0.11085719207504352,0.11085719207504353,2.7755575615628914e-17,1.3877787807814457e-17
mixed_full_37,E_random_full_rank,YZ,-0.29286897586207594,-0.29286897586207594,-0.292868975862076,5.551115123125783e-17,5.551115123125783e-17
mixed_full_37,E_random_full_rank,ZI,-0.010774449718263109,-0.010774449718263163,-0.01077444971826319,8.153200337090993e-17,2.7755575615628914e-17
mixed_full_37,E_random_full_rank,ZX,0.27955211342260267,0.2795521134226027,0.2795521134226028,1.1102230246251565e-16,5.551115123125783e-17
mixed_full_37,E_random_full_rank,ZY,0.12766001790751344,0.12766001790751344,0.12766001790751347,2.7755575615628914e-17,2.7755575615628914e-17
mixed_full_37,E_random_full_rank,ZZ,0.2210639334957581,0.2210639334957582,0.2210639334957582,1.1102230246251565e-16,0.0
mixed_full_38,E_random_full_rank,II,0.46980053091361584,0.4698005309136159,0.469800530913616,1.6653345369377348e-16,1.1102230246251565e-16
mixed_full_38,E_random_full_rank,IX,0.30546450221705335,0.30546450221705346,0.30546450221705357,2.220446049250313e-16,1.1102230246251565e-16
mixed_full_38,E_random_full_rank,IY,-0.14898490143692916,-0.14898490143692916,-0.14898490143692922,5.551115123125783e-17,5.551115123125783e-17
mixed_full_38,E_random_full_rank,IZ,-0.19785584949891594,-0.19785584949891594,-0.197855849498916,5.551115123125783e-17,5.551115123125783e-17
mixed_full_38,E_random_full_rank,XI,0.02737136318173368,0.027371363181733662,0.027371363181733662,1.734723475976807e-17,0.0
mixed_full_38,E_random_full_rank,XX,0.0526793368135196,0.05267933681351959,0.052679336813519606,6.938893903907228e-18,1.3877787807814457e-17
mixed_full_38,E_random_full_rank,XY,0.055663388021996295,0.0556633880219963,0.0556633880219963,6.938893903907228e-18,0.0
mixed_full_38,E_random_full_rank,XZ,0.018589563385194432,0.01858956338519443,0.018589563385194432,0.0,3.469446951953614e-18
mixed_full_38,E_random_full_rank,YI,-0.25359136009294875,-0.2535913600929488,-0.25359136009294886,1.1102230246251565e-16,5.551115123125783e-17
mixed_full_38,E_random_full_rank,YX,-0.17136971788109598,-0.17136971788109606,-0.1713697178810961,1.1102230246251565e-16,2.7755575615628914e-17
mixed_full_38,E_random_full_rank,YY,0.23045106300212342,0.23045106300212345,0.23045106300212354,1.1102230246251565e-16,8.326672684688674e-17
mixed_full_38,E_random_full_rank,YZ,0.07624306984401011,0.07624306984401014,0.07624306984401014,2.7755575615628914e-17,0.0
mixed_full_38,E_random_full_rank,ZI,0.06467247999234242,0.06467247999234242,0.06467247999234244,1.3877787807814457e-17,1.3877787807814457e-17
mixed_full_38,E_random_full_rank,ZX,0.07105881439596437,0.07105881439596437,0.07105881439596444,6.938893903907228e-17,6.938893903907228e-17
mixed_full_38,E_random_full_rank,ZY,0.10706791138175464,0.10706791138175467,0.1070679113817547,5.551115123125783e-17,2.7755575615628914e-17
mixed_full_38,E_random_full_rank,ZZ,-0.06159492066396778,-0.06159492066396777,-0.06159492066396777,1.3877787807814457e-17,0.0
mixed_full_39,E_random_full_rank,II,0.3993344902021473,0.39933449020214734,0.3993344902021474,1.1102230246251565e-16,5.551115123125783e-17
mixed_full_39,E_random_full_rank,IX,-0.051880562509570655,-0.05188056250957066,-0.05188056250957067,1.3877787807814457e-17,6.938893903907228e-18
mixed_full_39,E_random_full_rank,IY,0.042777122043723,0.04277712204372301,0.04277712204372301,1.3877787807814457e-17,0.0
mixed_full_39,E_random_full_rank,IZ,0.07091290087532368,0.07091290087532366,0.07091290087532368,0.0,1.3877787807814457e-17
mixed_full_39,E_random_full_rank,XI,0.015586900018218091,0.015586900018218101,0.015586900018218094,3.469446951953614e-18,6.938893903907228e-18
mixed_full_39,E_random_full_rank,XX,0.04012189069519351,0.04012189069519352,0.04012189069519352,1.3877787807814457e-17,0.0
mixed_full_39,E_random_full_rank,XY,-0.23580856050950577,-0.2358085605095058,-0.23580856050950588,1.1102230246251565e-16,8.326672684688674e-17
mixed_full_39,E_random_full_rank,XZ,0.09588742958108483,0.09588742958108486,0.09588742958108488,5.551115123125783e-17,2.7755575615628914e-17
mixed_full_39,E_random_full_rank,YI,-0.09196527832016252,-0.09196527832016255,-0.09196527832016257,5.551115123125783e-17,2.7755575615628914e-17
mixed_full_39,E_random_full_rank,YX,0.1361392496595235,0.13613924965952354,0.13613924965952356,5.551115123125783e-17,2.7755575615628914e-17
mixed_full_39,E_random_full_rank,YY,-0.1411000264238651,-0.1411000264238651,-0.1411000264238651,0.0,0.0
mixed_full_39,E_random_full_rank,YZ,-0.0018301271106669417,-0.0018301271106669383,-0.0018301271106669417,0.0,3.469446951953614e-18
mixed_full_39,E_random_full_rank,ZI,-0.16006058762572697,-0.160060587625727,-0.16006058762572703,5.551115123125783e-17,2.7755575615628914e-17
mixed_full_39,E_random_full_rank,ZX,-0.004736724667776599,-0.004736724667776608,-0.004736724667776613,1.3877787807814457e-17,5.204170427930421e-18
mixed_full_39,E_random_full_rank,ZY,-0.10823180395825492,-0.10823180395825495,-0.10823180395825498,5.551115123125783e-17,2.7755575615628914e-17
mixed_full_39,E_random_full_rank,ZZ,-0.11616299820709396,-0.11616299820709397,-0.11616299820709397,1.3877787807814457e-17,0.0
mixed_rank2_0,F_rank_deficient,II,0.7508430045457493,0.7508430045457493,0.7508430045457495,2.220446049250313e-16,2.220446049250313e-16
mixed_rank2_0,F_rank_deficient,IX,0.027905242827202283,0.02790524282720229,0.027905242827202317,3.469446951953614e-17,2.7755575615628914e-17
mixed_rank2_0,F_rank_deficient,IY,0.04920708020222393,0.049207080202224016,0.04920708020222403,9.71445146547012e-17,1.3877787807814457e-17
mixed_rank2_0,F_rank_deficient,IZ,0.3719916740860816,0.3719916740860817,0.37199167408608175,1.6653345369377348e-16,5.551115123125783e-17
mixed_rank2_0,F_rank_deficient,XI,0.3769095724411321,0.3769095724411322,0.3769095724411323,2.220446049250313e-16,1.1102230246251565e-16
mixed_rank2_0,F_rank_deficient,XX,-0.16619862288677584,-0.16619862288677587,-0.1661986228867759,5.551115123125783e-17,2.7755575615628914e-17
mixed_rank2_0,F_rank_deficient,XY,0.09111611815880992,0.09111611815880992,0.09111611815880996,4.163336342344337e-17,4.163336342344337e-17
mixed_rank2_0,F_rank_deficient,XZ,0.6846249884295349,0.684624988429535,0.6846249884295351,2.220446049250313e-16,1.1102230246251565e-16
mixed_rank2_0,F_rank_deficient,YI,0.10371568971468216,0.10371568971468217,0.1037156897146822,4.163336342344337e-17,2.7755575615628914e-17
mixed_rank2_0,F_rank_deficient,YX,0.5632245582648605,0.5632245582648607,0.5632245582648608,3.3306690738754696e-16,1.1102230246251565e-16
mixed_rank2_0,F_rank_deficient,YY,0.19327546147359365,0.1932754614735937,0.19327546147359376,1.1102230246251565e-16,5.551115123125783e-17
mixed_rank2_0,F_rank_deficient,YZ,0.18474724281740768,0.18474724281740768,0.18474724281740773,5.551115123125783e-17,5.551115123125783e-17
mixed_rank2_0,F_rank_deficient,ZI,0.013258307351497656,0.013258307351497634,0.013258307351497634,2.2551405187698492e-17,0.0
mixed_rank2_0,F_rank_deficient,ZX,0.1417275234321959,0.1417275234321959,0.1417275234321959,0.0,0.0
mixed_rank2_0,F_rank_deficient,ZY,-0.5831821792126628,-0.583182179212663,-0.583182179212663,2.220446049250313e-16,0.0
mixed_rank2_0,F_rank_deficient,ZZ,0.1379613645430214,0.13796136454302144,0.1379613645430215,8.326672684688674e-17,5.551115123125783e-17
mixed_rank2_1,F_rank_deficient,II,0.7401231619846882,0.7401231619846883,0.7401231619846885,3.3306690738754696e-16,2.220446049250313e-16
mixed_rank2_1,F_rank_deficient,IX,0.21227534765434955,0.21227534765434966,0.21227534765434974,1.942890293094024e-16,8.326672684688674e-17
mixed_rank2_1,F_rank_deficient,IY,0.10245479375221406,0.10245479375221411,0.10245479375221414,8.326672684688674e-17,2.7755575615628914e-17
mixed_rank2_1,F_rank_deficient,IZ,-0.07066778271566018,-0.07066778271566015,-0.07066778271566018,0.0,2.7755575615628914e-17
mixed_rank2_1,F_rank_deficient,XI,-0.010504474888843877,-0.010504474888843894,-0.010504474888843901,2.42861286636753e-17,6.938893903907228e-18
mixed_rank2_1,F_rank_deficient,XX,-0.2886830995307966,-0.2886830995307966,-0.2886830995307967,5.551115123125783e-17,5.551115123125783e-17
mixed_rank2_1,F_rank_deficient,XY,0.5569279360780246,0.5569279360780247,0.5569279360780249,3.3306690738754696e-16,2.220446049250313e-16
mixed_rank2_1,F_rank_deficient,XZ,-0.17438441662393928,-0.1743844166239393,-0.17438441662393933,5.551115123125783e-17,2.7755575615628914e-17
mixed_rank2_1,F_rank_deficient,YI,0.2192274901183337,0.21922749011833376,0.2192274901183338,1.1102230246251565e-16,5.551115123125783e-17
mixed_rank2_1,F_rank_deficient,YX,0.46625004986948126,0.46625004986948143,0.4662500498694816,3.3306690738754696e-16,1.6653345369377348e-16
mixed_rank2_1,F_rank_deficient,YY,0.08645247532897876,0.08645247532897879,0.08645247532897882,5.551115123125783e-17,2.7755575615628914e-17
mixed_rank2_1,F_rank_deficient,YZ,-0.5084376585613477,-0.5084376585613479,-0.5084376585613479,2.220446049250313e-16,0.0
mixed_rank2_1,F_rank_deficient,ZI,0.12818974086306792,0.128189740863068,0.128189740863068,8.326672684688674e-17,0.0
mixed_rank2_1,F_rank_deficient,ZX,0.4606837235564787,0.4606837235564788,0.4606837235564789,2.220446049250313e-16,1.1102230246251565e-16
mixed_rank2_1,F_rank_deficient,ZY,0.3476771214218678,0.3476771214218679,0.347677121421868,2.220446049250313e-16,1.1102230246251565e-16
mixed_rank2_1,F_rank_deficient,ZZ,0.377785791845467,0.3777857918454671,0.3777857918454671,1.1102230246251565e-16,0.0
mixed_rank2_2,F_rank_deficient,II,0.6321711066409931,0.6321711066409932,0.6321711066409933,2.220446049250313e-16,1.1102230246251565e-16
mixed_rank2_2,F_rank_deficient,IX,0.11659926325872702,0.11659926325872702,0.11659926325872706,4.163336342344337e-17,4.163336342344337e-17
mixed_rank2_2,F_rank_deficient,IY,0.512514205727395,0.5125142057273951,0.5125142057273951,1.1102230246251565e-16,0.0
mixed_rank2_2,F_rank_deficient,IZ,0.08939915953895142,0.08939915953895142,0.08939915953895142,0.0,0.0
mixed_rank2_2,F_rank_deficient,XI,-0.05151819586197234,-0.05151819586197234,-0.05151819586197233,1.3877787807814457e-17,1.3877787807814457e-17
mixed_rank2_2,F_rank_deficient,XX,0.045245220090239235,0.04524522009023928,0.04524522009023926,2.7755575615628914e-17,1.3877787807814457e-17
mixed_rank2_2,F_rank_deficient,XY,-0.0833697433601349,-0.08336974336013495,-0.08336974336013495,4.163336342344337e-17,0.0
mixed_rank2_2,F_rank_deficient,XZ,0.1854499647869182,0.18544996478691825,0.18544996478691828,8.326672684688674e-17,2.7755575615628914e-17
mixed_rank2_2,F_rank_deficient,YI,0.37867642077753483,0.37867642077753494,0.37867642077753505,2.220446049250313e-16,1.1102230246251565e-16
mixed_rank2_2,F_rank_deficient,YX,0.3172441888584416,0.31724418885844163,0.31724418885844174,1.6653345369377348e-16,1.1102230246251565e-16
mixed_rank2_2,F_rank_deficient,YY,0.39060675973545256,0.39060675973545267,0.3906067597354528,2.220446049250313e-16,1.1102230246251565e-16
mixed_rank2_2,F_rank_deficient,YZ,0.005399084055458145,0.00539908405545814,0.005399084055458164,1.9081958235744878e-17,2.42861286636753e-17
mixed_rank2_2,F_rank_deficient,ZI,-0.2838511745009642,-0.2838511745009643,-0.2838511745009643,1.1102230246251565e-16,0.0
mixed_rank2_2,F_rank_deficient,ZX,0.08193110218474237,0.0819311021847424,0.08193110218474241,4.163336342344337e-17,1.3877787807814457e-17
mixed_rank2_2,F_rank_deficient,ZY,-0.3232421772315133,-0.3232421772315133,-0.32324217723151333,5.551115123125783e-17,5.551115123125783e-17
mixed_rank2_2,F_rank_deficient,ZZ,-0.09803402400235184,-0.09803402400235181,-0.09803402400235181,2.7755575615628914e-17,0.0
mixed_rank2_3,F_rank_deficient,II,0.7193774813422863,0.7193774813422864,0.7193774813422866,3.3306690738754696e-16,2.220446049250313e-16
mixed_rank2_3,F_rank_deficient,IX,0.19414599834863866,0.19414599834863872,0.19414599834863877,1.1102230246251565e-16,5.551115123125783e-17
mixed_rank2_3,F_rank_deficient,IY,0.3307866666705538,0.33078666667055384,0.33078666667055395,1.6653345369377348e-16,1.1102230246251565e-16
mixed_rank2_3,F_rank_deficient,IZ,-0.3624201225888052,-0.3624201225888053,-0.3624201225888054,2.220446049250313e-16,1.1102230246251565e-16
mixed_rank2_3,F_rank_deficient,XI,0.30103624904747317,0.3010362490474733,0.3010362490474734,2.220446049250313e-16,1.1102230246251565e-16
mixed_rank2_3,F_rank_deficient,XX,0.523541046110702,0.5235410461107022,0.5235410461107022,2.220446049250313e-16,0.0
mixed_rank2_3,F_rank_deficient,XY,0.17011801709053986,0.17011801709053984,0.17011801709053986,0.0,2.7755575615628914e-17
mixed_rank2_3,F_rank_deficient,XZ,-0.16187868250428963,-0.1618786825042897,-0.16187868250428972,8.326672684688674e-17,2.7755575615628914e-17
mixed_rank2_3,F_rank_deficient,YI,-0.18606905048448552,-0.18606905048448558,-0.18606905048448563,1.1102230246251565e-16,5.551115123125783e-17
mixed_rank2_3,F_rank_deficient,YX,0.03563493904647398,0.035634939046473996,0.03563493904647401,2.7755575615628914e-17,1.3877787807814457e-17
mixed_rank2_3,F_rank_deficient,YY,-0.47251860337115886,-0.4725186033711589,-0.47251860337115903,1.6653345369377348e-16,1.1102230246251565e-16
mixed_rank2_3,F_rank_deficient,YZ,-0.03889087617982066,-0.03889087617982069,-0.03889087617982068,1.3877787807814457e-17,1.3877787807814457e-17
mixed_rank2_3,F_rank_deficient,ZI,-0.3499404624461731,-0.3499404624461732,-0.3499404624461733,1.6653345369377348e-16,5.551115123125783e-17
mixed_rank2_3,F_rank_deficient,ZX,0.02094300077975684,0.020943000779756825,0.020943000779756846,6.938893903907228e-18,2.0816681711721685e-17
mixed_rank2_3,F_rank_deficient,ZY,-0.18009315883006893,-0.18009315883006907,-0.1800931588300691,1.6653345369377348e-16,2.7755575615628914e-17
mixed_rank2_3,F_rank_deficient,ZZ,0.5297941127023036,0.5297941127023036,0.5297941127023037,1.1102230246251565e-16,1.1102230246251565e-16
mixed_rank2_4,F_rank_deficient,II,0.6697705966506681,0.6697705966506683,0.6697705966506684,3.3306690738754696e-16,1.1102230246251565e-16
mixed_rank2_4,F_rank_deficient,IX,0.3583553479926339,0.358355347992634,0.35835534799263413,2.220446049250313e-16,1.1102230246251565e-16
mixed_rank2_4,F_rank_deficient,IY,0.2612299606384832,0.26122996063848325,0.26122996063848336,1.6653345369377348e-16,1.1102230246251565e-16
mixed_rank2_4,F_rank_deficient,IZ,-0.14159982010480934,-0.14159982010480943,-0.14159982010480943,8.326672684688674e-17,0.0
mixed_rank2_4,F_rank_deficient,XI,0.1393730059449565,0.13937300594495655,0.13937300594495652,2.7755575615628914e-17,2.7755575615628914e-17
mixed_rank2_4,F_rank_deficient,XX,0.3749990685508887,0.37499906855088877,0.3749990685508889,1.6653345369377348e-16,1.1102230246251565e-16
mixed_rank2_4,F_rank_deficient,XY,-0.16414688353451523,-0.16414688353451526,-0.1641468835345153,5.551115123125783e-17,2.7755575615628914e-17
mixed_rank2_4,F_rank_deficient,XZ,-0.10615374751635293,-0.10615374751635294,-0.10615374751635295,2.7755575615628914e-17,1.3877787807814457e-17
mixed_rank2_4,F_rank_deficient,YI,-0.21585371447818055,-0.21585371447818058,-0.21585371447818064,8.326672684688674e-17,5.551115123125783e-17
mixed_rank2_4,F_rank_deficient,YX,-0.24140560815974876,-0.24140560815974876,-0.24140560815974882,5.551115123125783e-17,5.551115123125783e-17
mixed_rank2_4,F_rank_deficient,YY,-0.2766460992254799,-0.2766460992254799,-0.27664609922548006,1.6653345369377348e-16,1.6653345369377348e-16
mixed_rank2_4,F_rank_deficient,YZ,-0.25194218422290643,-0.2519421842229065,-0.25194218422290654,1.1102230246251565e-16,5.551115123125783e-17
mixed_rank2_4,F_rank_deficient,ZI,-0.3754839113553592,-0.37548391135535925,-0.37548391135535936,1.6653345369377348e-16,1.1102230246251565e-16
mixed_rank2_4,F_rank_deficient,ZX,-0.25364300407376417,-0.2536430040737642,-0.2536430040737643,1.1102230246251565e-16,5.551115123125783e-17
mixed_rank2_4,F_rank_deficient,ZY,-0.326212576361952,-0.326212576361952,-0.3262125763619521,1.1102230246251565e-16,1.1102230246251565e-16
mixed_rank2_4,F_rank_deficient,ZZ,0.39507963746432784,0.39507963746432795,0.39507963746432806,2.220446049250313e-16,1.1102230246251565e-16
mixed_rank2_5,F_rank_deficient,II,0.7246667144518676,0.7246667144518679,0.7246667144518681,5.551115123125783e-16,2.220446049250313e-16
mixed_rank2_5,F_rank_deficient,IX,-0.0022064745930732692,-0.002206474593073267,-0.0022064745930732675,1.734723475976807e-18,4.336808689942018e-19
mixed_rank2_5,F_rank_deficient,IY,-0.03182981752534702,-0.03182981752534701,-0.03182981752534702,0.0,6.938893903907228e-18
mixed_rank2_5,F_rank_deficient,IZ,-0.6684779267135975,-0.6684779267135977,-0.6684779267135978,3.3306690738754696e-16,1.1102230246251565e-16
mixed_rank2_5,F_rank_deficient,XI,-0.11018032371024687,-0.11018032371024687,-0.1101803237102469,2.7755575615628914e-17,2.7755575615628914e-17
mixed_rank2_5,F_rank_deficient,XX,0.10441971113553082,0.10441971113553083,0.10441971113553086,4.163336342344337e-17,2.7755575615628914e-17
mixed_rank2_5,F_rank_deficient,XY,0.18155418310331184,0.18155418310331184,0.1815541831033119,5.551115123125783e-17,5.551115123125783e-17
mixed_rank2_5,F_rank_deficient,XZ,0.12530519475545138,0.1253051947554514,0.12530519475545143,5.551115123125783e-17,2.7755575615628914e-17
mixed_rank2_5,F_rank_deficient,YI,-0.12996584989697418,-0.12996584989697424,-0.12996584989697424,5.551115123125783e-17,0.0
mixed_rank2_5,F_rank_deficient,YX,-0.16205555027764473,-0.16205555027764473,-0.1620555502776448,5.551115123125783e-17,5.551115123125783e-17
mixed_rank2_5,F_rank_deficient,YY,0.05308697817463999,0.05308697817463999,0.053086978174640004,1.3877787807814457e-17,1.3877787807814457e-17
mixed_rank2_5,F_rank_deficient,YZ,0.1439047115189387,0.14390471151893872,0.14390471151893874,5.551115123125783e-17,2.7755575615628914e-17
mixed_rank2_5,F_rank_deficient,ZI,0.6429149152439884,0.6429149152439882,0.6429149152439884,0.0,1.1102230246251565e-16
mixed_rank2_5,F_rank_deficient,ZX,-0.04552307526568216,-0.045523075265682174,-0.045523075265682195,3.469446951953614e-17,2.0816681711721685e-17
mixed_rank2_5,F_rank_deficient,ZY,0.01758587706624946,0.017585877066249464,0.01758587706624947,1.0408340855860843e-17,6.938893903907228e-18
mixed_rank2_5,F_rank_deficient,ZZ,-0.6494769811332419,-0.6494769811332421,-0.6494769811332421,2.220446049250313e-16,0.0
mixed_rank2_6,F_rank_deficient,II,0.6917974746465416,0.6917974746465418,0.6917974746465418,2.220446049250313e-16,0.0
mixed_rank2_6,F_rank_deficient,IX,0.2112936823731149,0.2112936823731149,0.21129368237311494,2.7755575615628914e-17,2.7755575615628914e-17
mixed_rank2_6,F_rank_deficient,IY,-0.1709159879936595,-0.1709159879936595,-0.17091598799365956,5.551115123125783e-17,5.551115123125783e-17
mixed_rank2_6,F_rank_deficient,IZ,0.02995789127547607,0.02995789127547608,0.029957891275476087,1.734723475976807e-17,6.938893903907228e-18
mixed_rank2_6,F_rank_deficient,XI,0.2079269990243467,0.20792699902434675,0.20792699902434675,5.551115123125783e-17,0.0
mixed_rank2_6,F_rank_deficient,XX,0.05540487159263276,0.055404871592632715,0.055404871592632715,4.163336342344337e-17,0.0
mixed_rank2_6,F_rank_deficient,XY,-0.5119324683255903,-0.5119324683255904,-0.5119324683255906,3.3306690738754696e-16,2.220446049250313e-16
mixed_rank2_6,F_rank_deficient,XZ,0.3025277278912457,0.30252772789124577,0.3025277278912458,1.1102230246251565e-16,5.551115123125783e-17
mixed_rank2_6,F_rank_deficient,YI,0.06596641424831513,0.06596641424831513,0.06596641424831512,1.3877787807814457e-17,1.3877787807814457e-17
mixed_rank2_6,F_rank_deficient,YX,-0.10611641862106069,-0.10611641862106075,-0.10611641862106083,1.3877787807814457e-16,8.326672684688674e-17
mixed_rank2_6,F_rank_deficient,YY,-0.28251671985473115,-0.2825167198547312,-0.28251671985473126,1.1102230246251565e-16,5.551115123125783e-17
mixed_rank2_6,F_rank_deficient,YZ,-0.47488334141861016,-0.4748833414186103,-0.4748833414186104,2.220446049250313e-16,5.551115123125783e-17
mixed_rank2_6,F_rank_deficient,ZI,-0.20561529942091458,-0.2056152994209146,-0.2056152994209146,2.7755575615628914e-17,0.0
mixed_rank2_6,F_rank_deficient,ZX,-0.624021303755542,-0.6240213037555421,-0.6240213037555422,2.220446049250313e-16,1.1102230246251565e-16
mixed_rank2_6,F_rank_deficient,ZY,0.10119696804944074,0.10119696804944074,0.10119696804944076,1.3877787807814457e-17,1.3877787807814457e-17
mixed_rank2_6,F_rank_deficient,ZZ,0.0908539862059423,0.09085398620594232,0.0908539862059423,0.0,1.3877787807814457e-17
mixed_rank2_7,F_rank_deficient,II,0.7173854674483017,0.7173854674483018,0.7173854674483021,4.440892098500626e-16,3.3306690738754696e-16
mixed_rank2_7,F_rank_deficient,IX,-0.39971980368397014,-0.3997198036839702,-0.3997198036839703,1.6653345369377348e-16,1.1102230246251565e-16
mixed_rank2_7,F_rank_deficient,IY,0.27832820249315743,0.2783282024931575,0.2783282024931575,5.551115123125783e-17,0.0
mixed_rank2_7,F_rank_deficient,IZ,0.38105215383359853,0.38105215383359875,0.3810521538335988,2.7755575615628914e-16,5.551115123125783e-17
mixed_rank2_7,F_rank_deficient,XI,-0.2520569146746589,-0.252056914674659,-0.25205691467465907,1.6653345369377348e-16,5.551115123125783e-17
mixed_rank2_7,F_rank_deficient,XX,0.3425988223197704,0.34259882231977057,0.34259882231977057,1.6653345369377348e-16,0.0
mixed_rank2_7,F_rank_deficient,XY,-0.143683333513054,-0.14368333351305407,-0.14368333351305412,1.1102230246251565e-16,5.551115123125783e-17
mixed_rank2_7,F_rank_deficient,XZ,-0.039193425258101086,-0.039193425258101114,-0.03919342525810113,4.163336342344337e-17,1.3877787807814457e-17
mixed_rank2_7,F_rank_deficient,YI,0.10542366416656342,0.10542366416656344,0.10542366416656349,6.938893903907228e-17,4.163336342344337e-17
mixed_rank2_7,F_rank_deficient,YX,0.0035538340871007212,0.003553834087100716,0.0035538340871007212,0.0,5.204170427930421e-18
mixed_rank2_7,F_rank_deficient,YY,0.2979431570050043,0.2979431570050044,0.2979431570050044,1.1102230246251565e-16,0.0
mixed_rank2_7,F_rank_deficient,YZ,0.011960296713986018,0.011960296713986022,0.011960296713986011,6.938893903907228e-18,1.0408340855860843e-17
mixed_rank2_7,F_rank_deficient,ZI,-0.5757115274415243,-0.5757115274415243,-0.5757115274415247,3.3306690738754696e-16,3.3306690738754696e-16
mixed_rank2_7,F_rank_deficient,ZX,0.3144116163300883,0.31441161633008835,0.3144116163300884,1.1102230246251565e-16,5.551115123125783e-17
mixed_rank2_7,F_rank_deficient,ZY,-0.23925931798573621,-0.2392593179857363,-0.2392593179857363,8.326672684688674e-17,0.0
mixed_rank2_7,F_rank_deficient,ZZ,-0.45942296202162153,-0.4594229620216217,-0.4594229620216218,2.7755575615628914e-16,1.1102230246251565e-16
mixed_rank2_8,F_rank_deficient,II,0.5565256530135785,0.5565256530135787,0.5565256530135787,2.220446049250313e-16,0.0
mixed_rank2_8,F_rank_deficient,IX,0.07710354342542317,0.07710354342542315,0.07710354342542317,0.0,1.3877787807814457e-17
mixed_rank2_8,F_rank_deficient,IY,0.3329966061570997,0.33299660615709975,0.3329966061570998,1.1102230246251565e-16,5.551115123125783e-17
mixed_rank2_8,F_rank_deficient,IZ,-0.07296264836102116,-0.07296264836102118,-0.07296264836102118,1.3877787807814457e-17,0.0
mixed_rank2_8,F_rank_deficient,XI,-0.04659049281141266,-0.046590492811412657,-0.046590492811412726,6.245004513516506e-17,6.938893903907228e-17
mixed_rank2_8,F_rank_deficient,XX,-0.07233221642398058,-0.07233221642398062,-0.07233221642398065,6.938893903907228e-17,2.7755575615628914e-17
mixed_rank2_8,F_rank_deficient,XY,0.06103135069765322,0.0610313506976532,0.06103135069765321,6.938893903907228e-18,1.3877787807814457e-17
mixed_rank2_8,F_rank_deficient,XZ,0.39099579395586953,0.3909957939558696,0.3909957939558697,1.6653345369377348e-16,1.1102230246251565e-16
mixed_rank2_8,F_rank_deficient,YI,-0.25380949188434737,-0.2538094918843474,-0.2538094918843475,1.1102230246251565e-16,5.551115123125783e-17
mixed_rank2_8,F_rank_deficient,YX,-0.024316382704657885,-0.0243163827046579,-0.0243163827046579,1.3877787807814457e-17,0.0
mixed_rank2_8,F_rank_deficient,YY,-0.3155337817951385,-0.3155337817951386,-0.31553378179513863,1.1102230246251565e-16,5.551115123125783e-17
mixed_rank2_8,F_rank_deficient,YZ,0.047257659472787414,0.04725765947278743,0.047257659472787414,0.0,1.3877787807814457e-17
mixed_rank2_8,F_rank_deficient,ZI,-0.14788943381396463,-0.14788943381396466,-0.14788943381396466,2.7755575615628914e-17,0.0
mixed_rank2_8,F_rank_deficient,ZX,-0.21066436231412802,-0.21066436231412805,-0.21066436231412808,5.551115123125783e-17,2.7755575615628914e-17
mixed_rank2_8,F_rank_deficient,ZY,-0.09422238685400805,-0.09422238685400806,-0.09422238685400806,1.3877787807814457e-17,0.0
mixed_rank2_8,F_rank_deficient,ZZ,-0.08791470462132238,-0.08791470462132238,-0.08791470462132239,1.3877787807814457e-17,1.3877787807814457e-17
mixed_rank2_9,F_rank_deficient,II,0.6028337315668258,0.602833731566826,0.6028337315668261,2.220446049250313e-16,1.1102230246251565e-16
mixed_rank2_9,F_rank_deficient,IX,0.26285952495882836,0.2628595249588284,0.26285952495882847,1.1102230246251565e-16,5.551115123125783e-17
mixed_rank2_9,F_rank_deficient,IY,-0.3439701635367357,-0.34397016353673576,-0.3439701635367358,1.1102230246251565e-16,5.551115123125783e-17
mixed_rank2_9,F_rank_deficient,IZ,-0.06831572243288735,-0.06831572243288742,-0.06831572243288747,1.249000902703301e-16,5.551115123125783e-17
mixed_rank2_9,F_rank_deficient,XI,-0.27335795294327825,-0.2733579529432783,-0.27335795294327836,1.1102230246251565e-16,5.551115123125783e-17
mixed_rank2_9,F_rank_deficient,XX,0.004358169233696432,0.004358169233696415,0.004358169233696413,1.9081958235744878e-17,1.734723475976807e-18
mixed_rank2_9,F_rank_deficient,XY,0.3271940027163913,0.3271940027163915,0.3271940027163915,1.6653345369377348e-16,0.0
mixed_rank2_9,F_rank_deficient,XZ,0.15358895778345777,0.15358895778345777,0.15358895778345782,5.551115123125783e-17,5.551115123125783e-17
mixed_rank2_9,F_rank_deficient,YI,0.1671145985554493,0.16711459855544936,0.1671145985554494,1.1102230246251565e-16,5.551115123125783e-17
mixed_rank2_9,F_rank_deficient,YX,0.25852195459723265,0.25852195459723265,0.25852195459723276,1.1102230246251565e-16,1.1102230246251565e-16
mixed_rank2_9,F_rank_deficient,YY,-0.015862015766353023,-0.015862015766353016,-0.015862015766353023,0.0,6.938893903907228e-18
mixed_rank2_9,F_rank_deficient,YZ,-0.29382343437021186,-0.29382343437021197,-0.293823434370212,1.6653345369377348e-16,5.551115123125783e-17
mixed_rank2_9,F_rank_deficient,ZI,0.22953576735777168,0.22953576735777168,0.22953576735777179,1.1102230246251565e-16,1.1102230246251565e-16
mixed_rank2_9,F_rank_deficient,ZX,0.28806798694328994,0.28806798694329,0.28806798694329006,1.1102230246251565e-16,5.551115123125783e-17
mixed_rank2_9,F_rank_deficient,ZY,-0.2447445289493832,-0.2447445289493832,-0.24474452894938323,2.7755575615628914e-17,2.7755575615628914e-17
mixed_rank2_9,F_rank_deficient,ZZ,0.019034791970549594,0.019034791970549594,0.019034791970549525,6.938893903907228e-17,6.938893903907228e-17
mixed_rank2_10,F_rank_deficient,II,0.5280255095802222,0.5280255095802224,0.5280255095802225,3.3306690738754696e-16,1.1102230246251565e-16
mixed_rank2_10,F_rank_deficient,IX,-0.1722275807277675,-0.17222758072776756,-0.17222758072776764,1.3877787807814457e-16,8.326672684688674e-17
mixed_rank2_10,F_rank_deficient,IY,0.15532385040202226,0.1553238504020223,0.15532385040202235,8.326672684688674e-17,5.551115123125783e-17
mixed_rank2_10,F_rank_deficient,IZ,-0.01810410022950809,-0.018104100229508105,-0.018104100229508105,1.3877787807814457e-17,0.0
mixed_rank2_10,F_rank_deficient,XI,0.0635236953516551,0.06352369535165514,0.06352369535165514,4.163336342344337e-17,0.0
mixed_rank2_10,F_rank_deficient,XX,0.12239055831542629,0.1223905583154263,0.12239055831542633,4.163336342344337e-17,2.7755575615628914e-17
mixed_rank2_10,F_rank_deficient,XY,-0.04592635476463434,-0.045926354764634324,-0.045926354764634345,6.938893903907228e-18,2.0816681711721685e-17
mixed_rank2_10,F_rank_deficient,XZ,0.047625209191854326,0.04762520919185431,0.04762520919185431,1.3877787807814457e-17,0.0
mixed_rank2_10,F_rank_deficient,YI,0.32110634841646435,0.3211063484164644,0.3211063484164645,1.6653345369377348e-16,1.1102230246251565e-16
mixed_rank2_10,F_rank_deficient,YX,-0.09640792210241958,-0.0964079221024196,-0.09640792210241962,4.163336342344337e-17,2.7755575615628914e-17
mixed_rank2_10,F_rank_deficient,YY,0.1287415964996485,0.1287415964996485,0.12874159649964856,5.551115123125783e-17,5.551115123125783e-17
mixed_rank2_10,F_rank_deficient,YZ,-0.024467735485678016,-0.024467735485678058,-0.0244677354856781,8.326672684688674e-17,4.163336342344337e-17
mixed_rank2_10,F_rank_deficient,ZI,-0.21852122822742645,-0.21852122822742656,-0.2185212282274266,1.3877787807814457e-16,2.7755575615628914e-17
mixed_rank2_10,F_rank_deficient,ZX,0.3183169569715379,0.318316956971538,0.31831695697153806,1.6653345369377348e-16,5.551115123125783e-17
mixed_rank2_10,F_rank_deficient,ZY,-0.18628793589366202,-0.18628793589366208,-0.1862879358936621,8.326672684688674e-17,2.7755575615628914e-17
mixed_rank2_10,F_rank_deficient,ZZ,0.006930425675695573,0.0069304256756955625,0.006930425675695559,1.3877787807814457e-17,3.469446951953614e-18
mixed_rank2_11,F_rank_deficient,II,0.5542662735739837,0.5542662735739837,0.5542662735739838,1.1102230246251565e-16,1.1102230246251565e-16
mixed_rank2_11,F_rank_deficient,IX,0.2432714845556612,0.24327148455566128,0.24327148455566128,8.326672684688674e-17,0.0
mixed_rank2_11,F_rank_deficient,IY,0.10843967250316433,0.10843967250316439,0.10843967250316439,5.551115123125783e-17,0.0
mixed_rank2_11,F_rank_deficient,IZ,-0.29856115948850415,-0.29856115948850426,-0.29856115948850426,1.1102230246251565e-16,0.0
mixed_rank2_11,F_rank_deficient,XI,0.11846840911864238,0.11846840911864243,0.11846840911864245,6.938893903907228e-17,2.7755575615628914e-17
mixed_rank2_11,F_rank_deficient,XX,0.006213541826934208,0.006213541826934205,0.006213541826934222,1.3877787807814457e-17,1.734723475976807e-17
mixed_rank2_11,F_rank_deficient,XY,-0.05865069116478894,-0.05865069116478894,-0.058650691164788965,2.7755575615628914e-17,2.7755575615628914e-17
mixed_rank2_11,F_rank_deficient,XZ,-0.0792681112013093,-0.0792681112013093,-0.07926811120130933,2.7755575615628914e-17,2.7755575615628914e-17
mixed_rank2_11,F_rank_deficient,YI,-0.3462885086310532,-0.3462885086310533,-0.34628850863105337,1.6653345369377348e-16,5.551115123125783e-17
mixed_rank2_11,F_rank_deficient,YX,-0.1959268688047,-0.19592686880470006,-0.1959268688047001,8.326672684688674e-17,2.7755575615628914e-17
mixed_rank2_11,F_rank_deficient,YY,0.01776585444725743,0.01776585444725743,0.017765854447257427,3.469446951953614e-18,3.469446951953614e-18
mixed_rank2_11,F_rank_deficient,YZ,0.38164126108973073,0.38164126108973084,0.3816412610897309,1.6653345369377348e-16,5.551115123125783e-17
mixed_rank2_11,F_rank_deficient,ZI,0.031258459606001404,0.031258459606001376,0.031258459606001376,2.7755575615628914e-17,0.0
mixed_rank2_11,F_rank_deficient,ZX,0.08604211213144473,0.08604211213144476,0.08604211213144476,2.7755575615628914e-17,0.0
mixed_rank2_11,F_rank_deficient,ZY,0.017119891037386266,0.01711989103738623,0.01711989103738623,3.469446951953614e-17,0.0
mixed_rank2_11,F_rank_deficient,ZZ,0.16570567159026897,0.165705671590269,0.16570567159026905,8.326672684688674e-17,5.551115123125783e-17
mixed_rank2_12,F_rank_deficient,II,0.7399036174813317,0.7399036174813318,0.739903617481332,3.3306690738754696e-16,2.220446049250313e-16
mixed_rank2_12,F_rank_deficient,IX,-0.5223930083249596,-0.5223930083249597,-0.5223930083249598,2.220446049250313e-16,1.1102230246251565e-16
mixed_rank2_12,F_rank_deficient,IY,-0.07664836968904518,-0.0766483696890452,-0.0766483696890452,2.7755575615628914e-17,0.0
mixed_rank2_12,F_rank_deficient,IZ,-0.4466736207963269,-0.44667362079632705,-0.4466736207963272,3.3306690738754696e-16,1.6653345369377348e-16
mixed_rank2_12,F_rank_deficient,XI,0.057460614004922875,0.05746061400492288,0.05746061400492289,1.3877787807814457e-17,6.938893903907228e-18
mixed_rank2_12,F_rank_deficient,XX,-0.06624223350185515,-0.06624223350185517,-0.06624223350185518,2.7755575615628914e-17,1.3877787807814457e-17
mixed_rank2_12,F_rank_deficient,XY,-0.09709008771608468,-0.09709008771608471,-0.09709008771608468,0.0,2.7755575615628914e-17
mixed_rank2_12,F_rank_deficient,XZ,0.044944875936816654,0.04494487593681666,0.044944875936816675,2.0816681711721685e-17,1.3877787807814457e-17
mixed_rank2_12,F_rank_deficient,YI,0.6730189857584945,0.6730189857584947,0.6730189857584948,3.3306690738754696e-16,1.1102230246251565e-16
mixed_rank2_12,F_rank_deficient,YX,-0.5276353382219261,-0.5276353382219261,-0.5276353382219263,2.220446049250313e-16,2.220446049250313e-16
mixed_rank2_12,F_rank_deficient,YY,-0.03542728894673045,-0.035427288946730466,-0.03542728894673047,2.0816681711721685e-17,6.938893903907228e-18
mixed_rank2_12,F_rank_deficient,YZ,-0.46281578188873934,-0.46281578188873934,-0.4628157818887394,5.551115123125783e-17,5.551115123125783e-17
mixed_rank2_12,F_rank_deficient,ZI,-0.16905551499041144,-0.16905551499041155,-0.1690555149904116,1.6653345369377348e-16,5.551115123125783e-17
mixed_rank2_12,F_rank_deficient,ZX,0.05868739038474412,0.058687390384744124,0.05868739038474413,1.3877787807814457e-17,6.938893903907228e-18
mixed_rank2_12,F_rank_deficient,ZY,0.08336308891331706,0.08336308891331708,0.08336308891331709,2.7755575615628914e-17,1.3877787807814457e-17
mixed_rank2_12,F_rank_deficient,ZZ,0.15449359711973099,0.15449359711973104,0.15449359711973112,1.3877787807814457e-16,8.326672684688674e-17
mixed_rank2_13,F_rank_deficient,II,0.7366223278190321,0.7366223278190323,0.7366223278190326,4.440892098500626e-16,3.3306690738754696e-16
mixed_rank2_13,F_rank_deficient,IX,-0.48594250267084144,-0.4859425026708415,-0.4859425026708416,1.6653345369377348e-16,1.1102230246251565e-16
mixed_rank2_13,F_rank_deficient,IY,-0.034958848124358254,-0.034958848124358295,-0.034958848124358316,6.245004513516506e-17,2.0816681711721685e-17
mixed_rank2_13,F_rank_deficient,IZ,0.07197593668076949,0.07197593668076949,0.07197593668076949,0.0,0.0
mixed_rank2_13,F_rank_deficient,XI,0.11211260269678473,0.11211260269678475,0.11211260269678472,1.3877787807814457e-17,2.7755575615628914e-17
mixed_rank2_13,F_rank_deficient,XX,-0.2678768204907874,-0.26787682049078754,-0.26787682049078754,1.1102230246251565e-16,0.0
mixed_rank2_13,F_rank_deficient,XY,-0.14660067752555636,-0.1466006775255564,-0.14660067752555644,8.326672684688674e-17,5.551115123125783e-17
mixed_rank2_13,F_rank_deficient,XZ,-0.4130588741882918,-0.4130588741882918,-0.4130588741882919,1.1102230246251565e-16,1.1102230246251565e-16
mixed_rank2_13,F_rank_deficient,YI,0.22543833378543737,0.22543833378543743,0.22543833378543746,8.326672684688674e-17,2.7755575615628914e-17
mixed_rank2_13,F_rank_deficient,YX,-0.2716099319381786,-0.2716099319381787,-0.2716099319381787,5.551115123125783e-17,0.0
mixed_rank2_13,F_rank_deficient,YY,-0.42481337515819234,-0.42481337515819245,-0.4248133751581925,1.6653345369377348e-16,5.551115123125783e-17
mixed_rank2_13,F_rank_deficient,YZ,0.26955894349811393,0.26955894349811405,0.2695589434981141,1.6653345369377348e-16,5.551115123125783e-17
mixed_rank2_13,F_rank_deficient,ZI,-0.40751594656019813,-0.40751594656019824,-0.4075159465601984,2.7755575615628914e-16,1.6653345369377348e-16
mixed_rank2_13,F_rank_deficient,ZX,0.5820961696432131,0.5820961696432132,0.5820961696432133,2.220446049250313e-16,1.1102230246251565e-16
mixed_rank2_13,F_rank_deficient,ZY,-0.2553286213890989,-0.255328621389099,-0.25532862138909906,1.6653345369377348e-16,5.551115123125783e-17
mixed_rank2_13,F_rank_deficient,ZZ,-0.14933735748601978,-0.14933735748601978,-0.1493373574860198,2.7755575615628914e-17,2.7755575615628914e-17
mixed_rank2_14,F_rank_deficient,II,0.577778260540872,0.5777782605408721,0.5777782605408722,2.220446049250313e-16,1.1102230246251565e-16
mixed_rank2_14,F_rank_deficient,IX,-0.3243865173557695,-0.3243865173557696,-0.3243865173557697,1.6653345369377348e-16,5.551115123125783e-17
mixed_rank2_14,F_rank_deficient,IY,0.10600380970946452,0.10600380970946456,0.10600380970946459,6.938893903907228e-17,2.7755575615628914e-17
mixed_rank2_14,F_rank_deficient,IZ,-0.32927754644351215,-0.32927754644351226,-0.32927754644351237,2.220446049250313e-16,1.1102230246251565e-16
mixed_rank2_14,F_rank_deficient,XI,-0.23082946163084067,-0.23082946163084073,-0.2308294616308408,1.3877787807814457e-16,8.326672684688674e-17
mixed_rank2_14,F_rank_deficient,XX,0.11173564421029152,0.11173564421029156,0.11173564421029158,6.938893903907228e-17,2.7755575615628914e-17
mixed_rank2_14,F_rank_deficient,XY,-0.19692856487596982,-0.19692856487596988,-0.19692856487596996,1.3877787807814457e-16,8.326672684688674e-17
mixed_rank2_14,F_rank_deficient,XZ,0.13423630438983658,0.13423630438983658,0.1342363043898366,2.7755575615628914e-17,2.7755575615628914e-17
mixed_rank2_14,F_rank_deficient,YI,-0.32678307850292554,-0.32678307850292565,-0.3267830785029257,1.6653345369377348e-16,5.551115123125783e-17
mixed_rank2_14,F_rank_deficient,YX,0.2666832336940233,0.26668323369402336,0.2666832336940234,1.1102230246251565e-16,5.551115123125783e-17
mixed_rank2_14,F_rank_deficient,YY,-0.14157681813595369,-0.14157681813595374,-0.14157681813595374,5.551115123125783e-17,0.0
mixed_rank2_14,F_rank_deficient,YZ,0.19161281785133683,0.19161281785133688,0.19161281785133694,1.1102230246251565e-16,5.551115123125783e-17
mixed_rank2_14,F_rank_deficient,ZI,0.12438539777228827,0.12438539777228828,0.12438539777228827,0.0,1.3877787807814457e-17
mixed_rank2_14,F_rank_deficient,ZX,0.01768428402476359,0.017684284024763602,0.017684284024763575,1.3877787807814457e-17,2.7755575615628914e-17
mixed_rank2_14,F_rank_deficient,ZY,-0.13924053041773102,-0.13924053041773105,-0.1392405304177311,8.326672684688674e-17,5.551115123125783e-17
mixed_rank2_14,F_rank_deficient,ZZ,-0.16627482270833044,-0.16627482270833052,-0.16627482270833052,8.326672684688674e-17,0.0
mixed_rank2_15,F_rank_deficient,II,0.5200864258255852,0.5200864258255853,0.5200864258255854,2.220446049250313e-16,1.1102230246251565e-16
mixed_rank2_15,F_rank_deficient,IX,-0.19727601137043255,-0.1972760113704327,-0.19727601137043274,1.942890293094024e-16,2.7755575615628914e-17
mixed_rank2_15,F_rank_deficient,IY,-0.07741606924745505,-0.07741606924745509,-0.07741606924745512,6.938893903907228e-17,2.7755575615628914e-17
mixed_rank2_15,F_rank_deficient,IZ,-0.06628756093270025,-0.06628756093270027,-0.06628756093270032,6.938893903907228e-17,4.163336342344337e-17
mixed_rank2_15,F_rank_deficient,XI,0.00908502258491068,0.00908502258491068,0.009085022584910698,1.734723475976807e-17,1.734723475976807e-17
mixed_rank2_15,F_rank_deficient,XX,0.09597432191151926,0.09597432191151928,0.09597432191151932,5.551115123125783e-17,4.163336342344337e-17
mixed_rank2_15,F_rank_deficient,XY,0.0772601121221173,0.07726011212211731,0.07726011212211734,4.163336342344337e-17,2.7755575615628914e-17
mixed_rank2_15,F_rank_deficient,XZ,0.018083353726646476,0.018083353726646482,0.0180833537266465,2.42861286636753e-17,1.734723475976807e-17
mixed_rank2_15,F_rank_deficient,YI,0.10310754587916106,0.1031075458791611,0.10310754587916113,6.938893903907228e-17,2.7755575615628914e-17
mixed_rank2_15,F_rank_deficient,YX,-0.11668262130186431,-0.11668262130186437,-0.11668262130186438,6.938893903907228e-17,1.3877787807814457e-17
mixed_rank2_15,F_rank_deficient,YY,-0.0472614394780117,-0.04726143947801173,-0.047261439478011744,4.163336342344337e-17,1.3877787807814457e-17
mixed_rank2_15,F_rank_deficient,YZ,0.001398946377016176,0.0013989463770161803,0.0013989463770161734,2.6020852139652106e-18,6.938893903907228e-18
mixed_rank2_15,F_rank_deficient,ZI,-0.19042600112736946,-0.19042600112736957,-0.19042600112736963,1.6653345369377348e-16,5.551115123125783e-17
mixed_rank2_15,F_rank_deficient,ZX,0.36477001752381766,0.3647700175238179,0.364770017523818,3.3306690738754696e-16,1.1102230246251565e-16
mixed_rank2_15,F_rank_deficient,ZY,0.30014048933584214,0.30014048933584225,0.30014048933584225,1.1102230246251565e-16,0.0
mixed_rank2_15,F_rank_deficient,ZZ,-0.007456404971613621,-0.00745640497161363,-0.007456404971613581,3.9898639947466563e-17,4.85722573273506e-17
mixed_rank2_16,F_rank_deficient,II,0.5314963751627892,0.5314963751627892,0.5314963751627895,2.220446049250313e-16,2.220446049250313e-16
mixed_rank2_16,F_rank_deficient,IX,0.1662270995873456,0.16622709958734563,0.16622709958734566,5.551115123125783e-17,2.7755575615628914e-17
mixed_rank2_16,F_rank_deficient,IY,-0.3028754049738973,-0.3028754049738973,-0.30287540497389737,5.551115123125783e-17,5.551115123125783e-17
mixed_rank2_16,F_rank_deficient,IZ,0.24761226390194674,0.2476122639019467,0.24761226390194677,2.7755575615628914e-17,5.551115123125783e-17
mixed_rank2_16,F_rank_deficient,XI,-0.12830778056607325,-0.12830778056607323,-0.1283077805660733,5.551115123125783e-17,8.326672684688674e-17
mixed_rank2_16,F_rank_deficient,XX,-0.06826027831524589,-0.06826027831524592,-0.06826027831524593,4.163336342344337e-17,1.3877787807814457e-17
mixed_rank2_16,F_rank_deficient,XY,0.07975038543590064,0.07975038543590068,0.0797503854359007,5.551115123125783e-17,1.3877787807814457e-17
mixed_rank2_16,F_rank_deficient,XZ,-0.15288936837078776,-0.15288936837078776,-0.1528893683707878,2.7755575615628914e-17,2.7755575615628914e-17
mixed_rank2_16,F_rank_deficient,YI,-0.15317401048917909,-0.15317401048917909,-0.15317401048917917,8.326672684688674e-17,8.326672684688674e-17
mixed_rank2_16,F_rank_deficient,YX,0.023166833497573175,0.02316683349757316,0.02316683349757316,1.3877787807814457e-17,0.0
mixed_rank2_16,F_rank_deficient,YY,0.08663549673731362,0.08663549673731363,0.08663549673731365,2.7755575615628914e-17,1.3877787807814457e-17
mixed_rank2_16,F_rank_deficient,YZ,-0.2261070153522773,-0.2261070153522774,-0.22610701535227745,1.3877787807814457e-16,5.551115123125783e-17
mixed_rank2_16,F_rank_deficient,ZI,0.13549625388963488,0.135496253889635,0.13549625388963502,1.3877787807814457e-16,2.7755575615628914e-17
mixed_rank2_16,F_rank_deficient,ZX,0.030327747743056202,0.030327747743056216,0.030327747743056202,0.0,1.3877787807814457e-17
mixed_rank2_16,F_rank_deficient,ZY,0.0036476925735576503,0.003647692573557626,0.003647692573557626,2.42861286636753e-17,0.0
mixed_rank2_16,F_rank_deficient,ZZ,0.2738942961297849,0.27389429612978494,0.273894296129785,1.1102230246251565e-16,5.551115123125783e-17
mixed_rank2_17,F_rank_deficient,II,0.9179077035695776,0.917907703569578,0.9179077035695782,5.551115123125783e-16,2.220446049250313e-16
mixed_rank2_17,F_rank_deficient,IX,-0.6237429425675595,-0.6237429425675597,-0.6237429425675598,3.3306690738754696e-16,1.1102230246251565e-16
mixed_rank2_17,F_rank_deficient,IY,-0.5301220289827999,-0.5301220289827999,-0.5301220289828001,2.220446049250313e-16,2.220446049250313e-16
mixed_rank2_17,F_rank_deficient,IZ,-0.32908918583916785,-0.32908918583916796,-0.329089185839168,1.6653345369377348e-16,5.551115123125783e-17
mixed_rank2_17,F_rank_deficient,XI,-0.2785888890785819,-0.27858888907858204,-0.2785888890785821,1.6653345369377348e-16,5.551115123125783e-17
mixed_rank2_17,F_rank_deficient,XX,0.2181451569521906,0.21814515695219067,0.21814515695219067,5.551115123125783e-17,0.0
mixed_rank2_17,F_rank_deficient,XY,0.0440736574243119,0.04407365742431191,0.044073657424311935,3.469446951953614e-17,2.7755575615628914e-17
mixed_rank2_17,F_rank_deficient,XZ,0.29612122097830224,0.2961212209783023,0.29612122097830235,1.1102230246251565e-16,5.551115123125783e-17
mixed_rank2_17,F_rank_deficient,YI,0.7904290709746209,0.7904290709746212,0.7904290709746213,4.440892098500626e-16,1.1102230246251565e-16
mixed_rank2_17,F_rank_deficient,YX,-0.5172816650171231,-0.5172816650171235,-0.5172816650171236,4.440892098500626e-16,1.1102230246251565e-16
mixed_rank2_17,F_rank_deficient,YY,-0.5768123930922051,-0.5768123930922054,-0.5768123930922056,4.440892098500626e-16,1.1102230246251565e-16
mixed_rank2_17,F_rank_deficient,YZ,-0.2817239009316207,-0.2817239009316207,-0.28172390093162075,5.551115123125783e-17,5.551115123125783e-17
mixed_rank2_17,F_rank_deficient,ZI,0.2810591911323823,0.28105919113238226,0.28105919113238237,5.551115123125783e-17,1.1102230246251565e-16
mixed_rank2_17,F_rank_deficient,ZX,-0.36528318364637613,-0.3652831836463762,-0.3652831836463763,1.6653345369377348e-16,1.1102230246251565e-16
mixed_rank2_17,F_rank_deficient,ZY,-0.06338762664974912,-0.06338762664974912,-0.06338762664974912,0.0,0.0
mixed_rank2_17,F_rank_deficient,ZZ,0.009397452520029076,0.009397452520029098,0.009397452520029104,2.7755575615628914e-17,5.204170427930421e-18
mixed_rank2_18,F_rank_deficient,II,0.6476770125604754,0.6476770125604754,0.6476770125604756,2.220446049250313e-16,2.220446049250313e-16
mixed_rank2_18,F_rank_deficient,IX,-0.20655652221496554,-0.2065565222149656,-0.20655652221496568,1.3877787807814457e-16,8.326672684688674e-17
mixed_rank2_18,F_rank_deficient,IY,0.16789586172186954,0.16789586172186957,0.1678958617218696,5.551115123125783e-17,2.7755575615628914e-17
mixed_rank2_18,F_rank_deficient,IZ,-0.3613270176448672,-0.3613270176448672,-0.36132701764486735,1.6653345369377348e-16,1.6653345369377348e-16
mixed_rank2_18,F_rank_deficient,XI,0.16144376214621325,0.16144376214621328,0.1614437621462133,5.551115123125783e-17,2.7755575615628914e-17
mixed_rank2_18,F_rank_deficient,XX,0.015202947677632389,0.015202947677632405,0.015202947677632417,2.7755575615628914e-17,1.214306433183765e-17
mixed_rank2_18,F_rank_deficient,XY,-0.08309511919013679,-0.08309511919013683,-0.08309511919013687,8.326672684688674e-17,4.163336342344337e-17
mixed_rank2_18,F_rank_deficient,XZ,-0.37668948375112654,-0.37668948375112665,-0.3766894837511267,1.6653345369377348e-16,5.551115123125783e-17
mixed_rank2_18,F_rank_deficient,YI,-0.4152277820786895,-0.4152277820786895,-0.4152277820786895,0.0,0.0
mixed_rank2_18,F_rank_deficient,YX,0.38230781360625343,0.38230781360625354,0.38230781360625365,2.220446049250313e-16,1.1102230246251565e-16
mixed_rank2_18,F_rank_deficient,YY,-0.251722952864871,-0.2517229528648711,-0.2517229528648712,1.6653345369377348e-16,5.551115123125783e-17
mixed_rank2_18,F_rank_deficient,YZ,0.2773611844409923,0.27736118444099234,0.27736118444099234,5.551115123125783e-17,0.0
mixed_rank2_18,F_rank_deficient,ZI,0.06961409398958489,0.06961409398958483,0.06961409398958485,4.163336342344337e-17,1.3877787807814457e-17
mixed_rank2_18,F_rank_deficient,ZX,0.27450985181875454,0.27450985181875454,0.27450985181875465,1.1102230246251565e-16,1.1102230246251565e-16
mixed_rank2_18,F_rank_deficient,ZY,0.29766516222240835,0.2976651622224084,0.29766516222240846,1.1102230246251565e-16,5.551115123125783e-17
mixed_rank2_18,F_rank_deficient,ZZ,-0.07754593049215233,-0.07754593049215237,-0.07754593049215236,2.7755575615628914e-17,1.3877787807814457e-17
mixed_rank2_19,F_rank_deficient,II,0.7564821240194727,0.7564821240194729,0.7564821240194731,4.440892098500626e-16,2.220446049250313e-16
mixed_rank2_19,F_rank_deficient,IX,-0.22203369615750204,-0.22203369615750213,-0.22203369615750218,1.3877787807814457e-16,5.551115123125783e-17
mixed_rank2_19,F_rank_deficient,IY,-0.0887375472301972,-0.08873754723019721,-0.08873754723019724,4.163336342344337e-17,2.7755575615628914e-17
mixed_rank2_19,F_rank_deficient,IZ,0.4094054412784835,0.4094054412784837,0.40940544127848366,1.6653345369377348e-16,5.551115123125783e-17
mixed_rank2_19,F_rank_deficient,XI,0.06158730550933263,0.061587305509332634,0.06158730550933262,6.938893903907228e-18,1.3877787807814457e-17
mixed_rank2_19,F_rank_deficient,XX,-0.43494031387266785,-0.43494031387266785,-0.43494031387266796,1.1102230246251565e-16,1.1102230246251565e-16
mixed_rank2_19,F_rank_deficient,XY,-0.31023783666150573,-0.31023783666150573,-0.31023783666150584,1.1102230246251565e-16,1.1102230246251565e-16
mixed_rank2_19,F_rank_deficient,XZ,-0.18517267930177306,-0.18517267930177306,-0.1851726793017731,5.551115123125783e-17,5.551115123125783e-17
mixed_rank2_19,F_rank_deficient,YI,0.15769350611211638,0.15769350611211638,0.15769350611211644,5.551115123125783e-17,5.551115123125783e-17
mixed_rank2_19,F_rank_deficient,YX,-0.3596795134515092,-0.3596795134515093,-0.3596795134515094,1.6653345369377348e-16,1.1102230246251565e-16
mixed_rank2_19,F_rank_deficient,YY,0.4014863877427608,0.4014863877427609,0.401486387742761,2.220446049250313e-16,1.1102230246251565e-16
mixed_rank2_19,F_rank_deficient,YZ,0.12246017782221301,0.12246017782221304,0.12246017782221305,4.163336342344337e-17,1.3877787807814457e-17
mixed_rank2_19,F_rank_deficient,ZI,0.47305265830063803,0.4730526583006381,0.47305265830063814,1.1102230246251565e-16,5.551115123125783e-17
mixed_rank2_19,F_rank_deficient,ZX,-0.19133504302680837,-0.1913350430268084,-0.19133504302680848,1.1102230246251565e-16,8.326672684688674e-17
mixed_rank2_19,F_rank_deficient,ZY,-0.21873367838742472,-0.21873367838742475,-0.2187336783874248,8.326672684688674e-17,5.551115123125783e-17
mixed_rank2_19,F_rank_deficient,ZZ,0.6412864521000181,0.6412864521000183,0.6412864521000184,3.3306690738754696e-16,1.1102230246251565e-16
mixed_rank3_0,F_rank_deficient,II,0.5400714068674763,0.5400714068674765,0.5400714068674766,2.220446049250313e-16,1.1102230246251565e-16
mixed_rank3_0,F_rank_deficient,IX,0.2404600554351594,0.24046005543515947,0.24046005543515947,8.326672684688674e-17,0.0
mixed_rank3_0,F_rank_deficient,IY,-0.1900775826746255,-0.19007758267462552,-0.19007758267462552,2.7755575615628914e-17,0.0
mixed_rank3_0,F_rank_deficient,IZ,0.3170049922718936,0.3170049922718937,0.3170049922718937,1.1102230246251565e-16,0.0
mixed_rank3_0,F_rank_deficient,XI,0.3377813394875712,0.3377813394875713,0.3377813394875714,1.6653345369377348e-16,1.1102230246251565e-16
mixed_rank3_0,F_rank_deficient,XX,0.29754166451881225,0.2975416645188124,0.2975416645188124,1.6653345369377348e-16,0.0
mixed_rank3_0,F_rank_deficient,XY,-0.1434015477298946,-0.14340154772989464,-0.14340154772989466,5.551115123125783e-17,2.7755575615628914e-17
mixed_rank3_0,F_rank_deficient,XZ,0.24656317811769182,0.24656317811769193,0.24656317811769202,1.942890293094024e-16,8.326672684688674e-17
mixed_rank3_0,F_rank_deficient,YI,0.06048894291602002,0.06048894291602003,0.060488942916020014,6.938893903907228e-18,1.3877787807814457e-17
mixed_rank3_0,F_rank_deficient,YX,-0.05495447462699851,-0.05495447462699851,-0.054954474626998526,1.3877787807814457e-17,1.3877787807814457e-17
mixed_rank3_0,F_rank_deficient,YY,0.15754558709194172,0.15754558709194172,0.15754558709194177,5.551115123125783e-17,5.551115123125783e-17
mixed_rank3_0,F_rank_deficient,YZ,0.23039532132540522,0.2303953213254053,0.2303953213254053,8.326672684688674e-17,0.0
mixed_rank3_0,F_rank_deficient,ZI,-0.013570971582948657,-0.013570971582948621,-0.013570971582948621,3.642919299551295e-17,0.0
mixed_rank3_0,F_rank_deficient,ZX,0.12595844449051044,0.12595844449051044,0.12595844449051047,2.7755575615628914e-17,2.7755575615628914e-17
mixed_rank3_0,F_rank_deficient,ZY,0.1340308719941879,0.13403087199418792,0.13403087199418792,2.7755575615628914e-17,0.0
mixed_rank3_0,F_rank_deficient,ZZ,-0.1000096780151919,-0.10000967801519192,-0.10000967801519191,1.3877787807814457e-17,1.3877787807814457e-17
mixed_rank3_1,F_rank_deficient,II,0.4812860400712168,0.4812860400712169,0.4812860400712169,1.1102230246251565e-16,0.0
mixed_rank3_1,F_rank_deficient,IX,-0.1776668017406712,-0.17766680174067123,-0.17766680174067126,5.551115123125783e-17,2.7755575615628914e-17
mixed_rank3_1,F_rank_deficient,IY,-0.18473586870977807,-0.1847358687097781,-0.18473586870977815,8.326672684688674e-17,5.551115123125783e-17
mixed_rank3_1,F_rank_deficient,IZ,0.02294965560739019,0.022949655607390186,0.02294965560739015,3.8163916471489756e-17,3.469446951953614e-17
mixed_rank3_1,F_rank_deficient,XI,-0.20915529008637057,-0.20915529008637063,-0.20915529008637068,1.1102230246251565e-16,5.551115123125783e-17
mixed_rank3_1,F_rank_deficient,XX,0.17368088625330025,0.17368088625330025,0.1736808862533003,5.551115123125783e-17,5.551115123125783e-17
mixed_rank3_1,F_rank_deficient,XY,0.28349052167320843,0.2834905216732085,0.28349052167320854,1.1102230246251565e-16,5.551115123125783e-17
mixed_rank3_1,F_rank_deficient,XZ,-0.11219323153543867,-0.11219323153543871,-0.11219323153543875,8.326672684688674e-17,4.163336342344337e-17
mixed_rank3_1,F_rank_deficient,YI,-0.19931992608691632,-0.19931992608691643,-0.19931992608691648,1.6653345369377348e-16,5.551115123125783e-17
mixed_rank3_1,F_rank_deficient,YX,0.08760063040842515,0.08760063040842514,0.08760063040842514,1.3877787807814457e-17,0.0
mixed_rank3_1,F_rank_deficient,YY,0.14634154903032537,0.1463415490303254,0.14634154903032542,5.551115123125783e-17,2.7755575615628914e-17
mixed_rank3_1,F_rank_deficient,YZ,0.18780820600233397,0.18780820600233403,0.18780820600233408,1.1102230246251565e-16,5.551115123125783e-17
mixed_rank3_1,F_rank_deficient,ZI,0.06012286439813619,0.060122864398136217,0.06012286439813619,0.0,2.7755575615628914e-17
mixed_rank3_1,F_rank_deficient,ZX,-0.2801690231763681,-0.28016902317636816,-0.28016902317636816,5.551115123125783e-17,0.0
mixed_rank3_1,F_rank_deficient,ZY,0.13942779447451148,0.13942779447451148,0.13942779447451153,5.551115123125783e-17,5.551115123125783e-17
mixed_rank3_1,F_rank_deficient,ZZ,-0.02165461320678352,-0.02165461320678355,-0.02165461320678358,5.898059818321144e-17,2.7755575615628914e-17
mixed_rank3_2,F_rank_deficient,II,0.4749925127538706,0.47499251275387067,0.4749925127538708,1.6653345369377348e-16,1.1102230246251565e-16
mixed_rank3_2,F_rank_deficient,IX,0.03956809229313832,0.03956809229313829,0.03956809229313829,2.7755575615628914e-17,0.0
mixed_rank3_2,F_rank_deficient,IY,0.17733932129983415,0.1773393212998342,0.17733932129983423,8.326672684688674e-17,2.7755575615628914e-17
mixed_rank3_2,F_rank_deficient,IZ,0.09028935427956014,0.09028935427956016,0.09028935427956014,0.0,1.3877787807814457e-17
mixed_rank3_2,F_rank_deficient,XI,0.2809357722759399,0.28093577227594,0.2809357722759401,1.6653345369377348e-16,5.551115123125783e-17
mixed_rank3_2,F_rank_deficient,XX,0.028451836939126236,0.028451836939126236,0.028451836939126264,2.7755575615628914e-17,2.7755575615628914e-17
mixed_rank3_2,F_rank_deficient,XY,0.020573858677738803,0.020573858677738796,0.02057385867773881,6.938893903907228e-18,1.3877787807814457e-17
mixed_rank3_2,F_rank_deficient,XZ,0.08569883682217823,0.0856988368221783,0.08569883682217831,8.326672684688674e-17,1.3877787807814457e-17
mixed_rank3_2,F_rank_deficient,YI,-0.24588119735954128,-0.24588119735954128,-0.24588119735954134,5.551115123125783e-17,5.551115123125783e-17
mixed_rank3_2,F_rank_deficient,YX,-0.008360585601007586,-0.008360585601007622,-0.008360585601007622,3.642919299551295e-17,0.0
mixed_rank3_2,F_rank_deficient,YY,-0.13535792471938785,-0.13535792471938785,-0.13535792471938787,2.7755575615628914e-17,2.7755575615628914e-17
mixed_rank3_2,F_rank_deficient,YZ,0.048875464843943096,0.04887546484394313,0.04887546484394317,7.632783294297951e-17,4.163336342344337e-17
mixed_rank3_2,F_rank_deficient,ZI,-0.020693433706612956,-0.020693433706612946,-0.020693433706612974,1.734723475976807e-17,2.7755575615628914e-17
mixed_rank3_2,F_rank_deficient,ZX,0.18220379528441147,0.18220379528441155,0.18220379528441158,1.1102230246251565e-16,2.7755575615628914e-17
mixed_rank3_2,F_rank_deficient,ZY,-0.07451094826544032,-0.07451094826544033,-0.07451094826544033,1.3877787807814457e-17,0.0
mixed_rank3_2,F_rank_deficient,ZZ,0.016027218102493423,0.016027218102493426,0.016027218102493412,1.0408340855860843e-17,1.3877787807814457e-17
mixed_rank3_3,F_rank_deficient,II,0.5912067271825345,0.5912067271825348,0.5912067271825348,2.220446049250313e-16,0.0
mixed_rank3_3,F_rank_deficient,IX,0.08668085486043486,0.08668085486043493,0.08668085486043495,8.326672684688674e-17,1.3877787807814457e-17
mixed_rank3_3,F_rank_deficient,IY,-0.08800523387794301,-0.08800523387794305,-0.08800523387794307,5.551115123125783e-17,1.3877787807814457e-17
mixed_rank3_3,F_rank_deficient,IZ,0.31622487810597255,0.3162248781059726,0.3162248781059727,1.6653345369377348e-16,1.1102230246251565e-16
mixed_rank3_3,F_rank_deficient,XI,0.17501362812161492,0.1750136281216149,0.17501362812161492,0.0,2.7755575615628914e-17
mixed_rank3_3,F_rank_deficient,XX,0.05630596904362441,0.05630596904362439,0.05630596904362442,1.3877787807814457e-17,2.7755575615628914e-17
mixed_rank3_3,F_rank_deficient,XY,0.2691025848737574,0.2691025848737574,0.2691025848737575,1.1102230246251565e-16,1.1102230246251565e-16
mixed_rank3_3,F_rank_deficient,XZ,0.2734802193563961,0.27348021935639616,0.27348021935639627,1.6653345369377348e-16,1.1102230246251565e-16
mixed_rank3_3,F_rank_deficient,YI,0.2764551851909519,0.27645518519095197,0.276455185190952,1.1102230246251565e-16,5.551115123125783e-17
mixed_rank3_3,F_rank_deficient,YX,0.03154793056424854,0.031547930564248525,0.03154793056424855,1.3877787807814457e-17,2.7755575615628914e-17
mixed_rank3_3,F_rank_deficient,YY,-0.2564730745036684,-0.2564730745036684,-0.2564730745036685,1.1102230246251565e-16,1.1102230246251565e-16
mixed_rank3_3,F_rank_deficient,YZ,0.40299131703352764,0.40299131703352764,0.40299131703352775,1.1102230246251565e-16,1.1102230246251565e-16
mixed_rank3_3,F_rank_deficient,ZI,-0.008463178937147962,-0.008463178937147958,-0.00846317893714793,3.122502256758253e-17,2.7755575615628914e-17
mixed_rank3_3,F_rank_deficient,ZX,-0.42916168178504976,-0.4291616817850499,-0.4291616817850499,1.1102230246251565e-16,0.0
mixed_rank3_3,F_rank_deficient,ZY,-0.02797004850075821,-0.027970048500758217,-0.02797004850075823,2.0816681711721685e-17,1.3877787807814457e-17
mixed_rank3_3,F_rank_deficient,ZZ,0.1043838617153919,0.10438386171539189,0.10438386171539199,8.326672684688674e-17,9.71445146547012e-17
mixed_rank3_4,F_rank_deficient,II,0.6411319843638318,0.6411319843638319,0.6411319843638321,3.3306690738754696e-16,2.220446049250313e-16
mixed_rank3_4,F_rank_deficient,IX,0.08703035879561889,0.0870303587956189,0.08703035879561893,4.163336342344337e-17,2.7755575615628914e-17
mixed_rank3_4,F_rank_deficient,IY,0.004056279022214443,0.004056279022214424,0.004056279022214428,1.5612511283791264e-17,3.469446951953614e-18
mixed_rank3_4,F_rank_deficient,IZ,0.30629381495392183,0.30629381495392183,0.30629381495392194,1.1102230246251565e-16,1.1102230246251565e-16
mixed_rank3_4,F_rank_deficient,XI,-0.006356974401586788,-0.006356974401586803,-0.006356974401586793,5.204170427930421e-18,1.0408340855860843e-17
mixed_rank3_4,F_rank_deficient,XX,-0.013608828270293194,-0.013608828270293194,-0.013608828270293196,1.734723475976807e-18,1.734723475976807e-18
mixed_rank3_4,F_rank_deficient,XY,0.46498023797490856,0.4649802379749086,0.46498023797490873,1.6653345369377348e-16,1.1102230246251565e-16
mixed_rank3_4,F_rank_deficient,XZ,-0.11379133526926641,-0.11379133526926644,-0.11379133526926645,4.163336342344337e-17,1.3877787807814457e-17
mixed_rank3_4,F_rank_deficient,YI,0.3007815348984144,0.3007815348984144,0.30078153489841447,5.551115123125783e-17,5.551115123125783e-17
mixed_rank3_4,F_rank_deficient,YX,0.39014286954574373,0.39014286954574384,0.39014286954574395,2.220446049250313e-16,1.1102230246251565e-16
mixed_rank3_4,F_rank_deficient,YY,0.03464563515802074,0.03464563515802075,0.03464563515802075,6.938893903907228e-18,0.0
mixed_rank3_4,F_rank_deficient,YZ,0.439789052650556,0.4397890526505561,0.4397890526505562,1.6653345369377348e-16,5.551115123125783e-17
mixed_rank3_4,F_rank_deficient,ZI,0.1740461662943632,0.1740461662943632,0.17404616629436326,5.551115123125783e-17,5.551115123125783e-17
mixed_rank3_4,F_rank_deficient,ZX,-0.3217964469243905,-0.3217964469243906,-0.3217964469243907,1.6653345369377348e-16,1.1102230246251565e-16
mixed_rank3_4,F_rank_deficient,ZY,0.06826915728187208,0.06826915728187209,0.0682691572818721,2.7755575615628914e-17,1.3877787807814457e-17
mixed_rank3_4,F_rank_deficient,ZZ,0.369280349983846,0.3692803499838461,0.3692803499838462,1.6653345369377348e-16,5.551115123125783e-17
mixed_rank3_5,F_rank_deficient,II,0.5170769347909575,0.5170769347909576,0.5170769347909576,1.1102230246251565e-16,0.0
mixed_rank3_5,F_rank_deficient,IX,0.05317844635675145,0.05317844635675146,0.05317844635675147,2.0816681711721685e-17,1.3877787807814457e-17
mixed_rank3_5,F_rank_deficient,IY,0.3084027596289868,0.30840275962898683,0.3084027596289869,1.1102230246251565e-16,5.551115123125783e-17
mixed_rank3_5,F_rank_deficient,IZ,0.2953503701689078,0.29535037016890786,0.29535037016890786,5.551115123125783e-17,0.0
mixed_rank3_5,F_rank_deficient,XI,0.3801123949795917,0.3801123949795918,0.38011239497959187,1.6653345369377348e-16,5.551115123125783e-17
mixed_rank3_5,F_rank_deficient,XX,0.02332807058796277,0.02332807058796277,0.023328070587962782,1.0408340855860843e-17,1.0408340855860843e-17
mixed_rank3_5,F_rank_deficient,XY,0.2481572004825666,0.24815720048256665,0.2481572004825667,1.1102230246251565e-16,5.551115123125783e-17
mixed_rank3_5,F_rank_deficient,XZ,0.2664223924997964,0.2664223924997965,0.26642239249979655,1.6653345369377348e-16,5.551115123125783e-17
mixed_rank3_5,F_rank_deficient,YI,0.2102360590559118,0.21023605905591183,0.21023605905591186,5.551115123125783e-17,2.7755575615628914e-17
mixed_rank3_5,F_rank_deficient,YX,-0.009438835776027065,-0.009438835776027074,-0.009438835776027082,1.734723475976807e-17,8.673617379884035e-18
mixed_rank3_5,F_rank_deficient,YY,0.21623727670510418,0.21623727670510423,0.2162372767051043,1.1102230246251565e-16,5.551115123125783e-17
mixed_rank3_5,F_rank_deficient,YZ,0.08520024968407683,0.08520024968407686,0.08520024968407687,4.163336342344337e-17,1.3877787807814457e-17
mixed_rank3_5,F_rank_deficient,ZI,0.0578608493690808,0.057860849369080786,0.05786084936908081,1.3877787807814457e-17,2.7755575615628914e-17
mixed_rank3_5,F_rank_deficient,ZX,0.09928518692545886,0.09928518692545885,0.09928518692545887,1.3877787807814457e-17,2.7755575615628914e-17
mixed_rank3_5,F_rank_deficient,ZY,0.12653453866139797,0.126534538661398,0.12653453866139797,0.0,2.7755575615628914e-17
mixed_rank3_5,F_rank_deficient,ZZ,0.021817670042494026,0.021817670042494033,0.02181767004249402,6.938893903907228e-18,1.3877787807814457e-17
mixed_rank3_6,F_rank_deficient,II,0.5134285756934579,0.513428575693458,0.5134285756934581,2.220446049250313e-16,1.1102230246251565e-16
mixed_rank3_6,F_rank_deficient,IX,0.02758784800750719,0.027587848007507194,0.027587848007507194,3.469446951953614e-18,0.0
mixed_rank3_6,F_rank_deficient,IY,0.17466103310125367,0.1746610331012537,0.1746610331012537,2.7755575615628914e-17,0.0
mixed_rank3_6,F_rank_deficient,IZ,-0.12099030722174142,-0.12099030722174145,-0.12099030722174145,2.7755575615628914e-17,0.0
mixed_rank3_6,F_rank_deficient,XI,0.14318786457521435,0.14318786457521437,0.14318786457521443,8.326672684688674e-17,5.551115123125783e-17
mixed_rank3_6,F_rank_deficient,XX,0.27354812326581346,0.2735481232658135,0.27354812326581357,1.1102230246251565e-16,5.551115123125783e-17
mixed_rank3_6,F_rank_deficient,XY,0.1787653894407544,0.17876538944075443,0.17876538944075446,5.551115123125783e-17,2.7755575615628914e-17
mixed_rank3_6,F_rank_deficient,XZ,-0.1442201925170335,-0.14422019251703355,-0.14422019251703355,5.551115123125783e-17,0.0
mixed_rank3_6,F_rank_deficient,YI,-0.16590135271614226,-0.16590135271614226,-0.16590135271614231,5.551115123125783e-17,5.551115123125783e-17
mixed_rank3_6,F_rank_deficient,YX,0.04148253729708891,0.041482537297088895,0.04148253729708892,1.3877787807814457e-17,2.7755575615628914e-17
mixed_rank3_6,F_rank_deficient,YY,-0.18077829731176784,-0.18077829731176787,-0.18077829731176792,8.326672684688674e-17,5.551115123125783e-17
mixed_rank3_6,F_rank_deficient,YZ,0.3682268313128308,0.36822683131283096,0.368226831312831,2.220446049250313e-16,5.551115123125783e-17
mixed_rank3_6,F_rank_deficient,ZI,0.020970074805912564,0.020970074805912578,0.02097007480591262,5.551115123125783e-17,4.163336342344337e-17
mixed_rank3_6,F_rank_deficient,ZX,-0.04521361321170678,-0.0452136132117068,-0.0452136132117068,2.0816681711721685e-17,0.0
mixed_rank3_6,F_rank_deficient,ZY,0.28276986505886353,0.2827698650588636,0.28276986505886365,1.1102230246251565e-16,5.551115123125783e-17
mixed_rank3_6,F_rank_deficient,ZZ,0.027534630820184335,0.02753463082018435,0.02753463082018434,6.938893903907228e-18,6.938893903907228e-18
mixed_rank3_7,F_rank_deficient,II,0.510832685670557,0.5108326856705571,0.5108326856705572,2.220446049250313e-16,1.1102230246251565e-16
mixed_rank3_7,F_rank_deficient,IX,0.26589339793496947,0.2658933979349696,0.26589339793496963,1.6653345369377348e-16,5.551115123125783e-17
mixed_rank3_7,F_rank_deficient,IY,0.044720900393730445,0.044720900393730445,0.044720900393730445,0.0,0.0
mixed_rank3_7,F_rank_deficient,IZ,0.016437070408699274,0.016437070408699274,0.016437070408699295,2.0816681711721685e-17,2.0816681711721685e-17
mixed_rank3_7,F_rank_deficient,XI,-0.1710714067255266,-0.17107140672552665,-0.1710714067255267,1.1102230246251565e-16,5.551115123125783e-17
mixed_rank3_7,F_rank_deficient,XX,-0.2619608735422818,-0.2619608735422818,-0.2619608735422819,1.1102230246251565e-16,1.1102230246251565e-16
mixed_rank3_7,F_rank_deficient,XY,-0.2436674958232083,-0.24366749582320837,-0.24366749582320843,1.3877787807814457e-16,5.551115123125783e-17
mixed_rank3_7,F_rank_deficient,XZ,-0.13141721986118268,-0.1314172198611827,-0.1314172198611828,1.1102230246251565e-16,8.326672684688674e-17
mixed_rank3_7,F_rank_deficient,YI,-0.01307391661860119,-0.013073916618601217,-0.013073916618601217,2.6020852139652106e-17,0.0
mixed_rank3_7,F_rank_deficient,YX,0.02150782708058073,0.02150782708058074,0.02150782708058077,4.163336342344337e-17,3.122502256758253e-17
mixed_rank3_7,F_rank_deficient,YY,-0.22644420957969053,-0.22644420957969058,-0.2264442095796906,8.326672684688674e-17,2.7755575615628914e-17
mixed_rank3_7,F_rank_deficient,YZ,0.3217787845880058,0.3217787845880058,0.3217787845880059,1.1102230246251565e-16,1.1102230246251565e-16
mixed_rank3_7,F_rank_deficient,ZI,0.09056673969774583,0.0905667396977459,0.09056673969774592,9.71445146547012e-17,2.7755575615628914e-17
mixed_rank3_7,F_rank_deficient,ZX,0.27860299200950533,0.27860299200950533,0.2786029920095054,5.551115123125783e-17,5.551115123125783e-17
mixed_rank3_7,F_rank_deficient,ZY,-0.15534767354671203,-0.15534767354671206,-0.15534767354671208,5.551115123125783e-17,2.7755575615628914e-17
mixed_rank3_7,F_rank_deficient,ZZ,-0.17750523592656742,-0.17750523592656747,-0.1775052359265675,8.326672684688674e-17,2.7755575615628914e-17
mixed_rank3_8,F_rank_deficient,II,0.6641284394894409,0.6641284394894409,0.6641284394894412,3.3306690738754696e-16,3.3306690738754696e-16
mixed_rank3_8,F_rank_deficient,IX,0.3769973306106578,0.3769973306106579,0.376997330610658,1.6653345369377348e-16,1.1102230246251565e-16
mixed_rank3_8,F_rank_deficient,IY,0.3700727653454373,0.3700727653454374,0.3700727653454375,1.6653345369377348e-16,5.551115123125783e-17
mixed_rank3_8,F_rank_deficient,IZ,-0.23219944551558175,-0.23219944551558175,-0.23219944551558186,1.1102230246251565e-16,1.1102230246251565e-16
mixed_rank3_8,F_rank_deficient,XI,-0.24023267111320903,-0.24023267111320912,-0.24023267111320917,1.3877787807814457e-16,5.551115123125783e-17
mixed_rank3_8,F_rank_deficient,XX,-0.24966511602554642,-0.24966511602554647,-0.24966511602554653,1.1102230246251565e-16,5.551115123125783e-17
mixed_rank3_8,F_rank_deficient,XY,-0.2295846111482333,-0.22958461114823336,-0.22958461114823336,5.551115123125783e-17,0.0
mixed_rank3_8,F_rank_deficient,XZ,-0.10170850969729384,-0.10170850969729386,-0.10170850969729389,5.551115123125783e-17,2.7755575615628914e-17
mixed_rank3_8,F_rank_deficient,YI,-0.45933625574963305,-0.4593362557496332,-0.4593362557496332,1.6653345369377348e-16,0.0
mixed_rank3_8,F_rank_deficient,YX,-0.3138280297700364,-0.31382802977003643,-0.31382802977003643,5.551115123125783e-17,0.0
mixed_rank3_8,F_rank_deficient,YY,-0.245202034367341,-0.2452020343673411,-0.24520203436734112,1.1102230246251565e-16,2.7755575615628914e-17
mixed_rank3_8,F_rank_deficient,YZ,0.35844369992171915,0.3584436999217192,0.3584436999217193,1.6653345369377348e-16,1.1102230246251565e-16
mixed_rank3_8,F_rank_deficient,ZI,-0.08576685193405259,-0.08576685193405262,-0.08576685193405265,5.551115123125783e-17,2.7755575615628914e-17
mixed_rank3_8,F_rank_deficient,ZX,0.12266353420725114,0.12266353420725118,0.12266353420725118,4.163336342344337e-17,0.0
mixed_rank3_8,F_rank_deficient,ZY,-0.2567994057509023,-0.2567994057509023,-0.2567994057509024,5.551115123125783e-17,5.551115123125783e-17
mixed_rank3_8,F_rank_deficient,ZZ,-0.013456136038108649,-0.013456136038108649,-0.013456136038108635,1.3877787807814457e-17,1.3877787807814457e-17
mixed_rank3_9,F_rank_deficient,II,0.48265248115229176,0.4826524811522919,0.482652481152292,2.220446049250313e-16,5.551115123125783e-17
mixed_rank3_9,F_rank_deficient,IX,0.11624469048173294,0.11624469048173297,0.11624469048173298,4.163336342344337e-17,1.3877787807814457e-17
mixed_rank3_9,F_rank_deficient,IY,0.015978040419536883,0.01597804041953689,0.015978040419536883,0.0,6.938893903907228e-18
mixed_rank3_9,F_rank_deficient,IZ,0.23539662331554093,0.23539662331554106,0.23539662331554106,1.3877787807814457e-16,0.0
mixed_rank3_9,F_rank_deficient,XI,-0.2754439335140144,-0.2754439335140144,-0.2754439335140145,1.1102230246251565e-16,1.1102230246251565e-16
mixed_rank3_9,F_rank_deficient,XX,-0.15979604157906754,-0.15979604157906757,-0.1597960415790676,5.551115123125783e-17,2.7755575615628914e-17
mixed_rank3_9,F_rank_deficient,XY,-0.10246139394372229,-0.10246139394372233,-0.10246139394372236,6.938893903907228e-17,2.7755575615628914e-17
mixed_rank3_9,F_rank_deficient,XZ,-0.2647122234945039,-0.264712223494504,-0.2647122234945041,1.6653345369377348e-16,5.551115123125783e-17
mixed_rank3_9,F_rank_deficient,YI,-0.10393867578180323,-0.10393867578180326,-0.10393867578180328,5.551115123125783e-17,2.7755575615628914e-17
mixed_rank3_9,F_rank_deficient,YX,-0.06222646437395443,-0.06222646437395445,-0.06222646437395446,2.7755575615628914e-17,6.938893903907228e-18
mixed_rank3_9,F_rank_deficient,YY,0.12292165250986155,0.12292165250986159,0.12292165250986162,6.938893903907228e-17,2.7755575615628914e-17
mixed_rank3_9,F_rank_deficient,YZ,-0.14451872701713675,-0.1445187270171368,-0.1445187270171368,5.551115123125783e-17,0.0
mixed_rank3_9,F_rank_deficient,ZI,0.05176519636133758,0.0517651963613376,0.051765196361337584,6.938893903907228e-18,1.3877787807814457e-17
mixed_rank3_9,F_rank_deficient,ZX,-0.08102870104681983,-0.08102870104681983,-0.08102870104681985,1.3877787807814457e-17,1.3877787807814457e-17
mixed_rank3_9,F_rank_deficient,ZY,0.06346908228371306,0.06346908228371309,0.06346908228371309,2.7755575615628914e-17,0.0
mixed_rank3_9,F_rank_deficient,ZZ,0.28873277382391904,0.2887327738239191,0.2887327738239192,1.6653345369377348e-16,1.1102230246251565e-16
mixed_rank3_10,F_rank_deficient,II,0.43320157180245733,0.43320157180245744,0.4332015718024575,1.6653345369377348e-16,5.551115123125783e-17
mixed_rank3_10,F_rank_deficient,IX,-0.0017369572669327892,-0.0017369572669327857,-0.0017369572669327926,3.469446951953614e-18,6.938893903907228e-18
mixed_rank3_10,F_rank_deficient,IY,-0.11046693104979058,-0.11046693104979058,-0.1104669310497906,2.7755575615628914e-17,2.7755575615628914e-17
mixed_rank3_10,F_rank_deficient,IZ,0.016303767078179807,0.016303767078179814,0.016303767078179807,0.0,6.938893903907228e-18
mixed_rank3_10,F_rank_deficient,XI,0.18433712153873813,0.18433712153873816,0.1843371215387382,8.326672684688674e-17,5.551115123125783e-17
mixed_rank3_10,F_rank_deficient,XX,0.08825989789410371,0.08825989789410374,0.08825989789410374,2.7755575615628914e-17,0.0
mixed_rank3_10,F_rank_deficient,XY,-0.234173400014886,-0.23417340001488612,-0.23417340001488618,1.6653345369377348e-16,5.551115123125783e-17
mixed_rank3_10,F_rank_deficient,XZ,0.0803073163863919,0.08030731638639191,0.08030731638639194,4.163336342344337e-17,2.7755575615628914e-17
mixed_rank3_10,F_rank_deficient,YI,0.14262797489377033,0.14262797489377038,0.1426279748937704,8.326672684688674e-17,2.7755575615628914e-17
mixed_rank3_10,F_rank_deficient,YX,-0.2100030316264982,-0.21000303162649822,-0.21000303162649825,5.551115123125783e-17,2.7755575615628914e-17
mixed_rank3_10,F_rank_deficient,YY,-0.08785500431908354,-0.08785500431908355,-0.08785500431908358,4.163336342344337e-17,2.7755575615628914e-17
mixed_rank3_10,F_rank_deficient,YZ,-0.13728148632650178,-0.13728148632650183,-0.13728148632650186,8.326672684688674e-17,2.7755575615628914e-17
mixed_rank3_10,F_rank_deficient,ZI,0.11859849078570503,0.11859849078570504,0.11859849078570511,8.326672684688674e-17,6.938893903907228e-17
mixed_rank3_10,F_rank_deficient,ZX,-0.11395793150669101,-0.11395793150669105,-0.11395793150669106,5.551115123125783e-17,1.3877787807814457e-17
mixed_rank3_10,F_rank_deficient,ZY,0.031066750343770613,0.031066750343770627,0.031066750343770627,1.3877787807814457e-17,0.0
mixed_rank3_10,F_rank_deficient,ZZ,0.179991660949967,0.17999166094996702,0.1799916609499671,1.1102230246251565e-16,8.326672684688674e-17
mixed_rank3_11,F_rank_deficient,II,0.7625991769704308,0.7625991769704309,0.762599176970431,2.220446049250313e-16,1.1102230246251565e-16
mixed_rank3_11,F_rank_deficient,IX,-0.2950038007324148,-0.29500380073241483,-0.29500380073241483,5.551115123125783e-17,0.0
mixed_rank3_11,F_rank_deficient,IY,-0.21242771950237355,-0.21242771950237366,-0.21242771950237366,1.1102230246251565e-16,0.0
mixed_rank3_11,F_rank_deficient,IZ,-0.239657286487306,-0.23965728648730608,-0.2396572864873061,1.1102230246251565e-16,2.7755575615628914e-17
mixed_rank3_11,F_rank_deficient,XI,-0.07544301437925457,-0.07544301437925455,-0.0754430143792546,2.7755575615628914e-17,5.551115123125783e-17
mixed_rank3_11,F_rank_deficient,XX,0.3061482605875876,0.3061482605875876,0.3061482605875877,1.1102230246251565e-16,1.1102230246251565e-16
mixed_rank3_11,F_rank_deficient,XY,0.29048822169492006,0.29048822169492017,0.2904882216949202,1.6653345369377348e-16,5.551115123125783e-17
mixed_rank3_11,F_rank_deficient,XZ,-0.43393578327208376,-0.4339357832720838,-0.43393578327208404,2.7755575615628914e-16,2.220446049250313e-16
mixed_rank3_11,F_rank_deficient,YI,0.010857488200973639,0.010857488200973642,0.010857488200973653,1.3877787807814457e-17,1.0408340855860843e-17
mixed_rank3_11,F_rank_deficient,YX,0.36114220365279615,0.36114220365279615,0.3611422036527963,1.6653345369377348e-16,1.6653345369377348e-16
mixed_rank3_11,F_rank_deficient,YY,-0.47622247387428934,-0.4762224738742895,-0.4762224738742895,1.6653345369377348e-16,0.0
mixed_rank3_11,F_rank_deficient,YZ,-0.037241015609460186,-0.037241015609460214,-0.03724101560946022,3.469446951953614e-17,6.938893903907228e-18
mixed_rank3_11,F_rank_deficient,ZI,-0.43990453819686587,-0.43990453819686587,-0.439904538196866,1.1102230246251565e-16,1.1102230246251565e-16
mixed_rank3_11,F_rank_deficient,ZX,0.46521141607441385,0.46521141607441385,0.46521141607441396,1.1102230246251565e-16,1.1102230246251565e-16
mixed_rank3_11,F_rank_deficient,ZY,0.3011244890072336,0.30112448900723365,0.3011244890072337,1.1102230246251565e-16,5.551115123125783e-17
mixed_rank3_11,F_rank_deficient,ZZ,0.48655596400522066,0.4865559640052209,0.48655596400522094,2.7755575615628914e-16,5.551115123125783e-17
mixed_rank3_12,F_rank_deficient,II,0.5088651641841292,0.5088651641841294,0.5088651641841294,2.220446049250313e-16,0.0
mixed_rank3_12,F_rank_deficient,IX,0.201447572425676,0.20144757242567607,0.2014475724256761,8.326672684688674e-17,2.7755575615628914e-17
mixed_rank3_12,F_rank_deficient,IY,-0.04268868771363926,-0.042688687713639276,-0.04268868771363929,2.7755575615628914e-17,1.3877787807814457e-17
mixed_rank3_12,F_rank_deficient,IZ,0.21943105315904182,0.21943105315904193,0.21943105315904193,1.1102230246251565e-16,0.0
mixed_rank3_12,F_rank_deficient,XI,0.23342436243872447,0.23342436243872453,0.23342436243872453,5.551115123125783e-17,0.0
mixed_rank3_12,F_rank_deficient,XX,0.16086012249523968,0.16086012249523973,0.16086012249523973,5.551115123125783e-17,0.0
mixed_rank3_12,F_rank_deficient,XY,-0.26563408344111755,-0.2656340834411176,-0.26563408344111766,1.1102230246251565e-16,5.551115123125783e-17
mixed_rank3_12,F_rank_deficient,XZ,0.1849234899871811,0.1849234899871812,0.1849234899871812,8.326672684688674e-17,0.0
mixed_rank3_12,F_rank_deficient,YI,0.02671378981354515,0.02671378981354511,0.026713789813545108,4.163336342344337e-17,3.469446951953614e-18
mixed_rank3_12,F_rank_deficient,YX,-0.048911510313416326,-0.04891151031341637,-0.04891151031341638,5.551115123125783e-17,1.3877787807814457e-17
mixed_rank3_12,F_rank_deficient,YY,0.05893371535257931,0.05893371535257933,0.058933715352579345,3.469446951953614e-17,1.3877787807814457e-17
mixed_rank3_12,F_rank_deficient,YZ,0.2609372091585112,0.26093720915851126,0.2609372091585113,1.1102230246251565e-16,5.551115123125783e-17
mixed_rank3_12,F_rank_deficient,ZI,-0.08476548205368475,-0.08476548205368473,-0.08476548205368473,2.7755575615628914e-17,0.0
mixed_rank3_12,F_rank_deficient,ZX,0.18548444401340547,0.18548444401340547,0.1854844440134055,2.7755575615628914e-17,2.7755575615628914e-17
mixed_rank3_12,F_rank_deficient,ZY,0.039700422803444484,0.03970042280344449,0.039700422803444504,2.0816681711721685e-17,1.3877787807814457e-17
mixed_rank3_12,F_rank_deficient,ZZ,-0.06981036086331696,-0.06981036086331696,-0.06981036086331698,1.3877787807814457e-17,1.3877787807814457e-17
mixed_rank3_13,F_rank_deficient,II,0.5362582145161019,0.5362582145161019,0.5362582145161021,2.220446049250313e-16,2.220446049250313e-16
mixed_rank3_13,F_rank_deficient,IX,0.33618735490988627,0.3361873549098864,0.3361873549098864,1.1102230246251565e-16,0.0
mixed_rank3_13,F_rank_deficient,IY,0.06748167449018491,0.06748167449018493,0.06748167449018494,2.7755575615628914e-17,1.3877787807814457e-17
mixed_rank3_13,F_rank_deficient,IZ,0.13779631451902413,0.13779631451902413,0.13779631451902413,0.0,0.0
mixed_rank3_13,F_rank_deficient,XI,-0.11552745184729049,-0.11552745184729052,-0.11552745184729053,4.163336342344337e-17,1.3877787807814457e-17
mixed_rank3_13,F_rank_deficient,XX,-0.1502405119638482,-0.15024051196384822,-0.15024051196384824,5.551115123125783e-17,2.7755575615628914e-17
mixed_rank3_13,F_rank_deficient,XY,-0.13241316514636176,-0.13241316514636178,-0.13241316514636178,2.7755575615628914e-17,0.0
mixed_rank3_13,F_rank_deficient,XZ,0.15798481417621643,0.15798481417621646,0.15798481417621651,8.326672684688674e-17,5.551115123125783e-17
mixed_rank3_13,F_rank_deficient,YI,0.24703537559823627,0.2470353755982363,0.24703537559823638,1.1102230246251565e-16,8.326672684688674e-17
mixed_rank3_13,F_rank_deficient,YX,0.11770870863139798,0.11770870863139798,0.117708708631398,1.3877787807814457e-17,1.3877787807814457e-17
mixed_rank3_13,F_rank_deficient,YY,0.07953905286851387,0.07953905286851388,0.0795390528685139,2.7755575615628914e-17,1.3877787807814457e-17
mixed_rank3_13,F_rank_deficient,YZ,0.2773293029310152,0.2773293029310153,0.2773293029310153,1.1102230246251565e-16,0.0
mixed_rank3_13,F_rank_deficient,ZI,0.19490061797879984,0.19490061797879998,0.19490061797880004,1.942890293094024e-16,5.551115123125783e-17
mixed_rank3_13,F_rank_deficient,ZX,0.27632530392522014,0.2763253039252202,0.27632530392522026,1.1102230246251565e-16,5.551115123125783e-17
mixed_rank3_13,F_rank_deficient,ZY,-0.03150187343846614,-0.03150187343846616,-0.031501873438466166,2.7755575615628914e-17,6.938893903907228e-18
mixed_rank3_13,F_rank_deficient,ZZ,-0.08803444020513432,-0.08803444020513436,-0.08803444020513441,9.71445146547012e-17,5.551115123125783e-17
mixed_rank3_14,F_rank_deficient,II,0.49619264168601784,0.496192641686018,0.4961926416860182,3.3306690738754696e-16,1.6653345369377348e-16
mixed_rank3_14,F_rank_deficient,IX,0.1427182978310384,0.14271829783103843,0.14271829783103843,2.7755575615628914e-17,0.0
mixed_rank3_14,F_rank_deficient,IY,-0.14327813276643164,-0.14327813276643164,-0.1432781327664317,5.551115123125783e-17,5.551115123125783e-17
mixed_rank3_14,F_rank_deficient,IZ,-0.08464855314265268,-0.08464855314265267,-0.08464855314265268,0.0,1.3877787807814457e-17
mixed_rank3_14,F_rank_deficient,XI,0.08027113336644527,0.08027113336644529,0.0802711333664453,2.7755575615628914e-17,1.3877787807814457e-17
mixed_rank3_14,F_rank_deficient,XX,0.18770613182335408,0.18770613182335408,0.1877061318233541,2.7755575615628914e-17,2.7755575615628914e-17
mixed_rank3_14,F_rank_deficient,XY,-0.13337148810014293,-0.13337148810014296,-0.133371488100143,5.551115123125783e-17,2.7755575615628914e-17
mixed_rank3_14,F_rank_deficient,XZ,0.15777840644232588,0.15777840644232588,0.15777840644232594,5.551115123125783e-17,5.551115123125783e-17
mixed_rank3_14,F_rank_deficient,YI,-0.08889413994872125,-0.08889413994872128,-0.08889413994872125,0.0,2.7755575615628914e-17
mixed_rank3_14,F_rank_deficient,YX,-0.1520001873292267,-0.15200018732922674,-0.15200018732922677,5.551115123125783e-17,2.7755575615628914e-17
mixed_rank3_14,F_rank_deficient,YY,-0.12964730334766558,-0.12964730334766564,-0.12964730334766567,8.326672684688674e-17,2.7755575615628914e-17
mixed_rank3_14,F_rank_deficient,YZ,-0.12493660878381557,-0.1249366087838156,-0.12493660878381563,5.551115123125783e-17,2.7755575615628914e-17
mixed_rank3_14,F_rank_deficient,ZI,-0.3293445098107295,-0.32934450981072955,-0.3293445098107296,1.1102230246251565e-16,5.551115123125783e-17
mixed_rank3_14,F_rank_deficient,ZX,-0.15191940677575558,-0.1519194067757556,-0.15191940677575563,5.551115123125783e-17,2.7755575615628914e-17
mixed_rank3_14,F_rank_deficient,ZY,0.10563555623962251,0.10563555623962254,0.10563555623962256,5.551115123125783e-17,2.7755575615628914e-17
mixed_rank3_14,F_rank_deficient,ZZ,0.22093344673346443,0.22093344673346446,0.2209334467334645,5.551115123125783e-17,2.7755575615628914e-17
mixed_rank3_15,F_rank_deficient,II,0.5143119519661594,0.5143119519661596,0.5143119519661598,3.3306690738754696e-16,1.1102230246251565e-16
mixed_rank3_15,F_rank_deficient,IX,0.04745135380629227,0.047451353806292264,0.04745135380629226,1.3877787807814457e-17,6.938893903907228e-18
mixed_rank3_15,F_rank_deficient,IY,-0.10308172406913309,-0.1030817240691331,-0.10308172406913313,4.163336342344337e-17,2.7755575615628914e-17
mixed_rank3_15,F_rank_deficient,IZ,-0.13604528092048812,-0.13604528092048818,-0.13604528092048818,5.551115123125783e-17,0.0
mixed_rank3_15,F_rank_deficient,XI,-0.22573736598202931,-0.22573736598202937,-0.22573736598202943,1.1102230246251565e-16,5.551115123125783e-17
mixed_rank3_15,F_rank_deficient,XX,-0.057922932143162714,-0.057922932143162686,-0.057922932143162714,0.0,2.7755575615628914e-17
mixed_rank3_15,F_rank_deficient,XY,0.2756048804282937,0.27560488042829373,0.2756048804282938,1.1102230246251565e-16,5.551115123125783e-17
mixed_rank3_15,F_rank_deficient,XZ,0.3196453647301562,0.31964536473015626,0.31964536473015637,1.6653345369377348e-16,1.1102230246251565e-16
mixed_rank3_15,F_rank_deficient,YI,-0.0018838015282023196,-0.0018838015282023057,-0.0018838015282022919,2.7755575615628914e-17,1.3877787807814457e-17
mixed_rank3_15,F_rank_deficient,YX,-0.05015399354399716,-0.05015399354399718,-0.05015399354399719,2.7755575615628914e-17,6.938893903907228e-18
mixed_rank3_15,F_rank_deficient,YY,-0.32723459777526326,-0.3272345977752633,-0.3272345977752634,1.6653345369377348e-16,1.1102230246251565e-16
mixed_rank3_15,F_rank_deficient,YZ,0.23389749462693707,0.2338974946269371,0.23389749462693715,8.326672684688674e-17,5.551115123125783e-17
mixed_rank3_15,F_rank_deficient,ZI,-0.006253573595540248,-0.006253573595540199,-0.0062535735955402405,7.806255641895632e-18,4.163336342344337e-17
mixed_rank3_15,F_rank_deficient,ZX,-0.383964004458626,-0.3839640044586261,-0.3839640044586261,1.1102230246251565e-16,0.0
mixed_rank3_15,F_rank_deficient,ZY,0.03918641984925823,0.03918641984925825,0.03918641984925825,1.3877787807814457e-17,0.0
mixed_rank3_15,F_rank_deficient,ZZ,-0.10121645306728551,-0.10121645306728551,-0.10121645306728555,4.163336342344337e-17,4.163336342344337e-17
mixed_rank3_16,F_rank_deficient,II,0.5535820181460822,0.5535820181460824,0.5535820181460824,2.220446049250313e-16,0.0
mixed_rank3_16,F_rank_deficient,IX,-0.14813776922184776,-0.1481377692218478,-0.14813776922184782,5.551115123125783e-17,2.7755575615628914e-17
mixed_rank3_16,F_rank_deficient,IY,0.4265779324887893,0.42657793248878934,0.4265779324887894,1.1102230246251565e-16,5.551115123125783e-17
mixed_rank3_16,F_rank_deficient,IZ,-0.22837720687063823,-0.22837720687063826,-0.2283772068706383,8.326672684688674e-17,5.551115123125783e-17
mixed_rank3_16,F_rank_deficient,XI,0.29815597903502444,0.2981559790350245,0.29815597903502455,1.1102230246251565e-16,5.551115123125783e-17
mixed_rank3_16,F_rank_deficient,XX,-0.023864140477496614,-0.023864140477496604,-0.023864140477496604,1.0408340855860843e-17,0.0
mixed_rank3_16,F_rank_deficient,XY,0.2714335902610684,0.2714335902610684,0.2714335902610685,1.1102230246251565e-16,1.1102230246251565e-16
mixed_rank3_16,F_rank_deficient,XZ,-0.21238343679036956,-0.21238343679036958,-0.21238343679036964,8.326672684688674e-17,5.551115123125783e-17
mixed_rank3_16,F_rank_deficient,YI,-0.26800651577600754,-0.26800651577600754,-0.26800651577600754,0.0,0.0
mixed_rank3_16,F_rank_deficient,YX,0.1986822080638603,0.1986822080638604,0.19868220806386044,1.3877787807814457e-16,5.551115123125783e-17
mixed_rank3_16,F_rank_deficient,YY,-0.2393128866975894,-0.2393128866975895,-0.23931288669758952,1.1102230246251565e-16,2.7755575615628914e-17
mixed_rank3_16,F_rank_deficient,YZ,0.03583893220298208,0.03583893220298211,0.03583893220298211,2.7755575615628914e-17,0.0
mixed_rank3_16,F_rank_deficient,ZI,0.1135671185712433,0.1135671185712433,0.11356711857124333,2.7755575615628914e-17,2.7755575615628914e-17
mixed_rank3_16,F_rank_deficient,ZX,0.085798186455605,0.08579818645560501,0.08579818645560502,2.7755575615628914e-17,1.3877787807814457e-17
mixed_rank3_16,F_rank_deficient,ZY,0.17971649130022682,0.1797164913002268,0.17971649130022682,0.0,2.7755575615628914e-17
mixed_rank3_16,F_rank_deficient,ZZ,0.045235871344867784,0.0452358713448678,0.04523587134486781,2.7755575615628914e-17,1.3877787807814457e-17
mixed_rank3_17,F_rank_deficient,II,0.6964770672042434,0.6964770672042437,0.6964770672042438,4.440892098500626e-16,1.1102230246251565e-16
mixed_rank3_17,F_rank_deficient,IX,0.16342512877214205,0.16342512877214205,0.1634251287721421,5.551115123125783e-17,5.551115123125783e-17
mixed_rank3_17,F_rank_deficient,IY,0.41406080563560677,0.4140608056356068,0.41406080563560693,1.6653345369377348e-16,1.1102230246251565e-16
mixed_rank3_17,F_rank_deficient,IZ,-0.10585113652411231,-0.10585113652411231,-0.10585113652411235,4.163336342344337e-17,4.163336342344337e-17
mixed_rank3_17,F_rank_deficient,XI,-0.12894781815917822,-0.12894781815917822,-0.12894781815917827,5.551115123125783e-17,5.551115123125783e-17
mixed_rank3_17,F_rank_deficient,XX,-0.49693325754141315,-0.49693325754141304,-0.49693325754141326,1.1102230246251565e-16,2.220446049250313e-16
mixed_rank3_17,F_rank_deficient,XY,0.03679457592032896,0.036794575920328976,0.03679457592032896,0.0,1.3877787807814457e-17
mixed_rank3_17,F_rank_deficient,XZ,0.15195365819371143,0.15195365819371145,0.15195365819371148,5.551115123125783e-17,2.7755575615628914e-17
mixed_rank3_17,F_rank_deficient,YI,-0.4263522488939634,-0.4263522488939635,-0.4263522488939636,2.220446049250313e-16,1.1102230246251565e-16
mixed_rank3_17,F_rank_deficient,YX,-0.12477928167015534,-0.1247792816701554,-0.12477928167015541,6.938893903907228e-17,1.3877787807814457e-17
mixed_rank3_17,F_rank_deficient,YY,-0.6200417688119337,-0.620041768811934,-0.6200417688119341,3.3306690738754696e-16,1.1102230246251565e-16
mixed_rank3_17,F_rank_deficient,YZ,0.1177145187451796,0.11771451874517964,0.11771451874517971,1.1102230246251565e-16,6.938893903907228e-17
mixed_rank3_17,F_rank_deficient,ZI,-0.03835888469635394,-0.038358884696353956,-0.038358884696353956,1.3877787807814457e-17,0.0
mixed_rank3_17,F_rank_deficient,ZX,-0.12775113379057,-0.12775113379057002,-0.12775113379057002,2.7755575615628914e-17,0.0
mixed_rank3_17,F_rank_deficient,ZY,-0.07905710829999553,-0.07905710829999558,-0.07905710829999563,9.71445146547012e-17,4.163336342344337e-17
mixed_rank3_17,F_rank_deficient,ZZ,-0.4541210102055562,-0.45412101020555634,-0.4541210102055564,2.220446049250313e-16,5.551115123125783e-17
mixed_rank3_18,F_rank_deficient,II,0.4488307545226362,0.4488307545226363,0.4488307545226363,1.1102230246251565e-16,0.0
mixed_rank3_18,F_rank_deficient,IX,0.2772567508031297,0.2772567508031298,0.27725675080312984,1.1102230246251565e-16,5.551115123125783e-17
mixed_rank3_18,F_rank_deficient,IY,-0.14638869591655593,-0.14638869591655596,-0.14638869591655596,2.7755575615628914e-17,0.0
mixed_rank3_18,F_rank_deficient,IZ,0.02768658082278326,0.027686580822783247,0.027686580822783302,4.163336342344337e-17,5.551115123125783e-17
mixed_rank3_18,F_rank_deficient,XI,-0.0012634883983004448,-0.001263488398300443,-0.0012634883983004414,3.469446951953614e-18,1.734723475976807e-18
mixed_rank3_18,F_rank_deficient,XX,-0.0029284735652432316,-0.002928473565243228,-0.002928473565243228,3.469446951953614e-18,0.0
mixed_rank3_18,F_rank_deficient,XY,-0.10010016099300277,-0.10010016099300278,-0.10010016099300281,4.163336342344337e-17,2.7755575615628914e-17
mixed_rank3_18,F_rank_deficient,XZ,0.047095148912572445,0.04709514891257245,0.04709514891257246,1.3877787807814457e-17,6.938893903907228e-18
mixed_rank3_18,F_rank_deficient,YI,-0.09971041674064669,-0.0997104167406467,-0.09971041674064672,2.7755575615628914e-17,1.3877787807814457e-17
mixed_rank3_18,F_rank_deficient,YX,-0.16495910063797412,-0.16495910063797417,-0.16495910063797423,1.1102230246251565e-16,5.551115123125783e-17
mixed_rank3_18,F_rank_deficient,YY,0.044639541520081004,0.044639541520081025,0.04463954152008104,3.469446951953614e-17,1.3877787807814457e-17
mixed_rank3_18,F_rank_deficient,YZ,0.22612413614143367,0.22612413614143367,0.22612413614143367,0.0,0.0
mixed_rank3_18,F_rank_deficient,ZI,0.20592453359333868,0.20592453359333868,0.2059245335933387,2.7755575615628914e-17,2.7755575615628914e-17
mixed_rank3_18,F_rank_deficient,ZX,0.22042630972225113,0.22042630972225125,0.22042630972225133,1.942890293094024e-16,8.326672684688674e-17
mixed_rank3_18,F_rank_deficient,ZY,-0.0036087646549668624,-0.003608764654966859,-0.003608764654966859,3.469446951953614e-18,0.0
mixed_rank3_18,F_rank_deficient,ZZ,0.03873306927965624,0.03873306927965627,0.03873306927965631,6.938893903907228e-17,3.469446951953614e-17
mixed_rank3_19,F_rank_deficient,II,0.5768246975800388,0.576824697580039,0.5768246975800391,2.220446049250313e-16,1.1102230246251565e-16
mixed_rank3_19,F_rank_deficient,IX,-0.19858563342507013,-0.19858563342507018,-0.19858563342507024,1.1102230246251565e-16,5.551115123125783e-17
mixed_rank3_19,F_rank_deficient,IY,0.2609030226111697,0.2609030226111697,0.2609030226111698,1.1102230246251565e-16,1.1102230246251565e-16
mixed_rank3_19,F_rank_deficient,IZ,0.14151580746293418,0.14151580746293418,0.14151580746293424,5.551115123125783e-17,5.551115123125783e-17
mixed_rank3_19,F_rank_deficient,XI,-0.16267764528582124,-0.16267764528582127,-0.16267764528582132,8.326672684688674e-17,5.551115123125783e-17
mixed_rank3_19,F_rank_deficient,XX,-0.13013363999873773,-0.13013363999873775,-0.13013363999873778,5.551115123125783e-17,2.7755575615628914e-17
mixed_rank3_19,F_rank_deficient,XY,-0.3118149388076976,-0.31181493880769773,-0.31181493880769784,2.220446049250313e-16,1.1102230246251565e-16
mixed_rank3_19,F_rank_deficient,XZ,0.012738856043400568,0.012738856043400582,0.012738856043400582,1.3877787807814457e-17,0.0
mixed_rank3_19,F_rank_deficient,YI,0.3000645864595885,0.30006458645958856,0.3000645864595886,1.1102230246251565e-16,5.551115123125783e-17
mixed_rank3_19,F_rank_deficient,YX,-0.42458192187961885,-0.42458192187961885,-0.42458192187961896,1.1102230246251565e-16,1.1102230246251565e-16
mixed_rank3_19,F_rank_deficient,YY,0.2880234291608695,0.2880234291608696,0.28802342916086965,1.6653345369377348e-16,5.551115123125783e-17
mixed_rank3_19,F_rank_deficient,YZ,0.027867139816149956,0.027867139816149952,0.027867139816149966,1.0408340855860843e-17,1.3877787807814457e-17
mixed_rank3_19,F_rank_deficient,ZI,0.1633353059437167,0.16333530594371679,0.1633353059437168,1.1102230246251565e-16,2.7755575615628914e-17
mixed_rank3_19,F_rank_deficient,ZX,-0.006047917110949995,-0.0060479171109500095,-0.006047917110949999,4.336808689942018e-18,1.0408340855860843e-17
mixed_rank3_19,F_rank_deficient,ZY,0.07454003972713041,0.07454003972713041,0.07454003972713044,2.7755575615628914e-17,2.7755575615628914e-17
mixed_rank3_19,F_rank_deficient,ZZ,0.34895398414429757,0.34895398414429757,0.3489539841442978,2.220446049250313e-16,2.220446049250313e-16
