pair,observable,circuit_Delta_6Q,circuit_Delta_5Q,analytic_half_Tr_O_rs_plus_sr,identical_copy_formula_Tr_O_rho2,abs_error_6Q,abs_error_5Q,abs_gap_to_identical_copy_formula
0,II,0.20504727377768983,0.2050472737776899,0.2050472737776899,0.9999999999999997,5.551115123125783e-17,0.0,0.7949527262223098
0,IX,-0.05620748262608173,-0.05620748262608175,-0.05620748262608176,0.49414776024146767,2.7755575615628914e-17,6.938893903907228e-18,0.5503552428675494
0,IY,0.14479840995963406,0.14479840995963408,0.14479840995963408,0.06336174150729021,2.7755575615628914e-17,0.0,0.08143666845234385
0,IZ,-0.3062667298591823,-0.3062667298591824,-0.30626672985918246,-0.4743222638856186,1.6653345369377348e-16,5.551115123125783e-17,0.1680555340264363
0,XI,0.1003039817833969,0.10030398178339689,0.10030398178339693,0.05851749719936794,2.7755575615628914e-17,4.163336342344337e-17,0.04178648458402896
0,XX,0.033406006399247186,0.03340600639924722,0.03340600639924722,0.012616671771431769,3.469446951953614e-17,0.0,0.020789334627815417
0,XY,0.11591366610804843,0.11591366610804844,0.11591366610804846,0.7279548120362368,2.7755575615628914e-17,1.3877787807814457e-17,0.6120411459281884
0,XZ,0.04263603029140248,0.04263603029140246,0.04263603029140246,-0.01298381489018657,1.3877787807814457e-17,0.0,0.05561984518158905
0,YI,-0.18127145417769322,-0.18127145417769325,-0.18127145417769328,-0.16763688443197705,5.551115123125783e-17,2.7755575615628914e-17,0.013634569745716169
0,YX,0.1286889929646824,0.12868899296468245,0.12868899296468247,0.31123832787147443,8.326672684688674e-17,2.7755575615628914e-17,0.18254933490679204
0,YY,-0.09094385360188133,-0.09094385360188137,-0.09094385360188138,-0.006799207961126568,5.551115123125783e-17,1.3877787807814457e-17,0.08414464564075476
0,YZ,0.10061830759232349,0.10061830759232351,0.10061830759232351,0.6767630824748461,2.7755575615628914e-17,0.0,0.5761447748825226
0,ZI,-0.1360456049888134,-0.1360456049888134,-0.1360456049888134,-0.6645689631298891,0.0,0.0,0.5285233581410758
0,ZX,-0.012338051776398538,-0.012338051776398533,-0.012338051776398531,-0.8209599274951032,6.938893903907228e-18,1.734723475976807e-18,0.8086218757187046
0,ZY,-0.08651551127054169,-0.08651551127054172,-0.08651551127054172,-0.029528688341181948,2.7755575615628914e-17,0.0,0.05698682292935974
0,ZZ,0.2880863157306146,0.2880863157306146,0.2880863157306147,0.5418730769391904,1.1102230246251565e-16,1.1102230246251565e-16,0.2537867612085758
1,II,0.3086542538677264,0.3086542538677264,0.30865425386772644,0.6219119934298285,5.551115123125783e-17,5.551115123125783e-17,0.3132577395621021
1,IX,-0.050805940143067926,-0.05080594014306792,-0.050805940143067926,-0.13208549728793462,0.0,6.938893903907228e-18,0.08127955714486669
1,IY,-0.09555142580287371,-0.09555142580287374,-0.09555142580287375,0.022134836880342887,4.163336342344337e-17,1.3877787807814457e-17,0.1176862626832166
1,IZ,-0.09177348687944564,-0.09177348687944567,-0.0917734868794457,-0.37507951679319174,5.551115123125783e-17,2.7755575615628914e-17,0.2833060299137461
1,XI,0.10839842280119787,0.10839842280119791,0.10839842280119792,0.1999024366063802,5.551115123125783e-17,1.3877787807814457e-17,0.09150401380518235
1,XX,-0.023138289856042507,-0.023138289856042524,-0.023138289856042535,-0.15975134490879198,2.7755575615628914e-17,1.0408340855860843e-17,0.13661305505274945
1,XY,-0.22007066989589844,-0.22007066989589852,-0.22007066989589852,-0.25884901560667584,8.326672684688674e-17,0.0,0.0387783457107774
1,XZ,0.017352908306425,0.017352908306425004,0.01735290830642501,-0.07608652121871126,1.0408340855860843e-17,6.938893903907228e-18,0.09343942952513626
1,YI,0.14852935576230217,0.1485293557623022,0.14852935576230225,0.44200708262918526,8.326672684688674e-17,5.551115123125783e-17,0.2934777268668831
1,YX,-0.1119433794215147,-0.11194337942151472,-0.11194337942151472,-0.14322080818816663,2.7755575615628914e-17,0.0,0.03127742876665193
1,YY,-0.024585676477606577,-0.024585676477606563,-0.024585676477606573,0.12620468773872487,3.469446951953614e-18,1.0408340855860843e-17,0.15079036421633144
1,YZ,-0.22551095172745422,-0.22551095172745428,-0.22551095172745433,-0.5035644513799581,1.1102230246251565e-16,5.551115123125783e-17,0.27805349965250387
1,ZI,-0.024768084841466392,-0.024768084841466392,-0.02476808484146642,0.015322116787647166,2.7755575615628914e-17,2.7755575615628914e-17,0.04009020162911356
1,ZX,-0.1722347587508169,-0.17223475875081695,-0.17223475875081695,-0.24045117774490476,5.551115123125783e-17,0.0,0.06821641899408787
1,ZY,-0.018028676396420303,-0.018028676396420314,-0.018028676396420307,0.12115765999254115,3.469446951953614e-18,6.938893903907228e-18,0.13918633638896144
1,ZZ,0.18883475707617,0.18883475707617006,0.18883475707617003,0.1393195040649353,2.7755575615628914e-17,2.7755575615628914e-17,0.04951525301123472
2,II,0.31350301159960414,0.3135030115996042,0.31350301159960425,0.39926725702302057,1.1102230246251565e-16,5.551115123125783e-17,0.08576424542341643
2,IX,-0.1491403603557828,-0.14914036035578282,-0.14914036035578285,-0.1508895350089549,5.551115123125783e-17,2.7755575615628914e-17,0.0017491746531721197
2,IY,-0.08044156026838638,-0.0804415602683864,-0.08044156026838642,-0.08682053514314571,4.163336342344337e-17,1.3877787807814457e-17,0.00637897487475933
2,IZ,-0.21317467734333018,-0.2131746773433302,-0.21317467734333026,-0.11599092731104174,8.326672684688674e-17,5.551115123125783e-17,0.09718375003228844
2,XI,0.0271025022945612,0.027102502294561202,0.027102502294561206,0.04596855261175693,6.938893903907228e-18,3.469446951953614e-18,0.018866050317195734
2,XX,0.008486843273000071,0.008486843273000085,0.008486843273000082,0.026746876553939106,1.0408340855860843e-17,3.469446951953614e-18,0.018260033280939034
2,XY,0.007670857360129424,0.007670857360129423,0.0076708573601294286,0.059345299348785574,4.336808689942018e-18,5.204170427930421e-18,0.05167444198865615
2,XZ,0.024929338699748265,0.02492933869974828,0.024929338699748286,0.14673647742952406,2.0816681711721685e-17,6.938893903907228e-18,0.12180713872977579
2,YI,-0.04226464385239719,-0.0422646438523972,-0.042264643852397206,-0.03196837113253098,1.3877787807814457e-17,6.938893903907228e-18,0.01029627271986621
2,YX,0.0012799246884760834,0.0012799246884760795,0.0012799246884760774,-0.04356213556702962,6.071532165918825e-18,2.168404344971009e-18,0.0448420602555057
2,YY,0.09241109130238928,0.0924110913023893,0.09241109130238934,0.12632036948644737,5.551115123125783e-17,4.163336342344337e-17,0.03390927818405809
2,YZ,0.049651475344596664,0.04965147534459668,0.04965147534459668,0.006420723536284055,1.3877787807814457e-17,0.0,0.04323075180831261
2,ZI,-0.2627261752944527,-0.2627261752944528,-0.26272617529445286,-0.2047722560996662,1.6653345369377348e-16,5.551115123125783e-17,0.057953919194786485
2,ZX,0.10817363234747189,0.10817363234747192,0.10817363234747193,0.20111244145563656,4.163336342344337e-17,1.3877787807814457e-17,0.09293880910816467
2,ZY,0.07841293796369342,0.07841293796369343,0.07841293796369345,0.144013168256023,2.7755575615628914e-17,1.3877787807814457e-17,0.06560023029232959
2,ZZ,0.17394322751759533,0.17394322751759533,0.17394322751759536,0.05268798603752901,2.7755575615628914e-17,2.7755575615628914e-17,0.12125524148006633
3,II,0.3503445459032738,0.3503445459032739,0.350344545903274,1.0000000000000002,2.220446049250313e-16,1.1102230246251565e-16,0.6496554540967264
3,IX,0.26355338056270805,0.2635533805627081,0.26355338056270816,0.8050060764431115,1.1102230246251565e-16,5.551115123125783e-17,0.5414526958804035
3,IY,-0.14967044810934496,-0.149670448109345,-0.14967044810934504,-0.40587023194462035,8.326672684688674e-17,5.551115123125783e-17,0.2561997838352754
3,IZ,-0.06697215283880795,-0.06697215283880802,-0.06697215283880802,-0.2795574475204634,6.938893903907228e-17,0.0,0.21258529468165546
3,XI,-0.1976703111524819,-0.19767031115248196,-0.19767031115248201,-0.4142647837804835,1.1102230246251565e-16,5.551115123125783e-17,0.21659447262800158
3,XX,-0.20529336209563268,-0.20529336209563273,-0.20529336209563276,-0.26660009376140226,8.326672684688674e-17,2.7755575615628914e-17,0.06130673166576958
3,XY,0.2100021412234035,0.2100021412234035,0.21000214122340352,0.4546361535830509,2.7755575615628914e-17,2.7755575615628914e-17,0.24463401235964738
3,XZ,-0.17750594143166737,-0.1775059414316674,-0.17750594143166742,0.054109834494683984,5.551115123125783e-17,2.7755575615628914e-17,0.23161577592635135
3,YI,0.24258869647966042,0.24258869647966047,0.24258869647966053,0.8432283943982473,1.1102230246251565e-16,5.551115123125783e-17,0.6006396979185868
3,YX,0.21756338712941503,0.2175633871294151,0.21756338712941511,0.8009360230374664,8.326672684688674e-17,2.7755575615628914e-17,0.5833726359080513
3,YY,-0.08540513094524178,-0.0854051309452418,-0.08540513094524183,-0.25892322209557117,4.163336342344337e-17,2.7755575615628914e-17,0.1735180911503294
3,YZ,-0.20029014889348798,-0.20029014889348795,-0.20029014889348806,-0.3340308105949991,8.326672684688674e-17,1.1102230246251565e-16,0.13374066170151114
3,ZI,0.05703135710309193,0.05703135710309193,0.05703135710309193,0.09093051497232585,0.0,0.0,0.03389915786923392
3,ZX,0.19848026519182954,0.19848026519182957,0.1984802651918296,0.21105180729954087,5.551115123125783e-17,2.7755575615628914e-17,0.012571542107711331
3,ZY,0.21252743948335023,0.21252743948335032,0.2125274394833504,0.008808140573774575,1.6653345369377348e-16,8.326672684688674e-17,0.20371929890957566
3,ZZ,0.07467012950807742,0.07467012950807748,0.07467012950807746,0.269685214824791,4.163336342344337e-17,2.7755575615628914e-17,0.1950150853167136
4,II,0.1589984835325181,0.15899848353251814,0.15899848353251816,0.7547744551784553,5.551115123125783e-17,2.7755575615628914e-17,0.5957759716459372
4,IX,-0.023489424356066352,-0.023489424356066352,-0.02348942435606636,-0.05038349403956554,6.938893903907228e-18,6.938893903907228e-18,0.026894069683499187
4,IY,-0.14422742375109476,-0.14422742375109482,-0.14422742375109482,-0.2610564902124509,5.551115123125783e-17,0.0,0.11682906646135616
4,IZ,-0.07248404061822018,-0.0724840406182202,-0.0724840406182202,-0.656263984410923,1.3877787807814457e-17,0.0,0.5837799437927028
4,XI,-0.12114333103436112,-0.12114333103436115,-0.12114333103436119,-0.12067878348783129,6.938893903907228e-17,4.163336342344337e-17,0.000464547546529831
4,XX,-0.10228799655692329,-0.1022879965569233,-0.10228799655692333,0.14907439801532082,4.163336342344337e-17,2.7755575615628914e-17,0.25136239457224413
4,XY,0.011982404486843484,0.011982404486843488,0.011982404486843498,-0.07397068074978937,1.3877787807814457e-17,1.0408340855860843e-17,0.08595308523663285
4,XZ,0.08374506184669546,0.08374506184669547,0.08374506184669551,0.1276007758325881,5.551115123125783e-17,4.163336342344337e-17,0.04385571398589265
4,YI,-0.00414852207170284,-0.004148522071702833,-0.004148522071702843,0.14301586992443324,3.469446951953614e-18,1.0408340855860843e-17,0.14716439199613607
4,YX,0.07082927967179364,0.07082927967179367,0.07082927967179369,0.09028600797779086,4.163336342344337e-17,1.3877787807814457e-17,0.01945672830599722
4,YY,-0.04867789214399108,-0.048677892143991076,-0.048677892143991076,0.08958465332469301,6.938893903907228e-18,0.0,0.1382625454686841
4,YZ,0.035583248104951996,0.03558324810495199,0.03558324810495199,-0.20896438221266586,6.938893903907228e-18,0.0,0.24454763031761786
4,ZI,0.07759265588168429,0.07759265588168429,0.07759265588168426,0.6766005569881518,2.7755575615628914e-17,2.7755575615628914e-17,0.5990079011064675
4,ZX,-0.099918531188168,-0.09991853118816804,-0.09991853118816807,-0.07366643656756272,6.938893903907228e-17,2.7755575615628914e-17,0.02625209462060528
4,ZY,-0.15828162588640562,-0.15828162588640562,-0.15828162588640565,-0.312221054646598,2.7755575615628914e-17,2.7755575615628914e-17,0.15393942876019237
4,ZZ,-0.02042028102428835,-0.020420281024288344,-0.02042028102428833,-0.622797767814135,2.0816681711721685e-17,1.3877787807814457e-17,0.6023774867898466
5,II,0.16483834515743367,0.1648383451574337,0.16483834515743376,0.4434020648728935,8.326672684688674e-17,5.551115123125783e-17,0.27856371971545985
5,IX,-0.1280165806637547,-0.12801658066375474,-0.12801658066375476,-0.08825330563549141,5.551115123125783e-17,2.7755575615628914e-17,0.039763275028263295
5,IY,0.014564338430687775,0.014564338430687778,0.014564338430687775,0.08365531995267311,0.0,3.469446951953614e-18,0.06909098152198534
5,IZ,0.05376143743541656,0.053761437435416594,0.0537614374354166,0.17325291765649536,4.163336342344337e-17,6.938893903907228e-18,0.1194914802210788
5,XI,-0.12143252716768088,-0.1214325271676809,-0.12143252716768094,-0.264342492034866,5.551115123125783e-17,4.163336342344337e-17,0.1429099648671851
5,XX,0.11966627384780053,0.11966627384780054,0.11966627384780056,0.04959039161471547,2.7755575615628914e-17,1.3877787807814457e-17,0.07007588223308506
5,XY,0.04032682766088773,0.04032682766088773,0.04032682766088774,-0.13675834073378784,1.3877787807814457e-17,1.3877787807814457e-17,0.17708516839467559
5,XZ,-0.02173816629994095,-0.021738166299940978,-0.02173816629994097,-0.2931575172414225,2.0816681711721685e-17,6.938893903907228e-18,0.27141935094148156
5,YI,0.02368144628393938,0.02368144628393939,0.023681446283939388,-0.07706339818551453,6.938893903907228e-18,3.469446951953614e-18,0.1007448444694539
5,YX,-0.021039264977400676,-0.021039264977400687,-0.021039264977400687,-0.007589687617236135,1.0408340855860843e-17,0.0,0.013449577360164541
5,YY,0.009385701225016935,0.009385701225016942,0.00938570122501696,0.10230561145237636,2.42861286636753e-17,1.734723475976807e-17,0.09291991022735943
5,YZ,-0.03787100624721919,-0.037871006247219195,-0.0378710062472192,-0.13217929873890452,1.3877787807814457e-17,6.938893903907228e-18,0.09430829249168533
5,ZI,0.05420299825640749,0.05420299825640748,0.05420299825640751,0.15972118619416315,2.0816681711721685e-17,2.7755575615628914e-17,0.10551818793775566
5,ZX,-0.008404754678295372,-0.008404754678295361,-0.008404754678295365,-0.1603135916449189,6.938893903907228e-18,3.469446951953614e-18,0.15190883696662352
5,ZY,-0.042205034676139196,-0.042205034676139196,-0.042205034676139216,-0.019123198047133257,2.0816681711721685e-17,2.0816681711721685e-17,0.02308183662900594
5,ZZ,-0.008352581912007925,-0.008352581912007898,-0.008352581912007898,-0.06053872615073448,2.7755575615628914e-17,0.0,0.052186144238726556
6,II,0.41835938242736903,0.41835938242736914,0.4183593824273692,0.9999999999999998,1.6653345369377348e-16,5.551115123125783e-17,0.5816406175726307
6,IX,-0.32768070543051536,-0.3276807054305154,-0.3276807054305155,-0.6096168108719866,1.1102230246251565e-16,5.551115123125783e-17,0.28193610544147124
6,IY,0.03524646139972313,0.03524646139972312,0.03524646139972315,-0.10704931961010175,2.0816681711721685e-17,2.7755575615628914e-17,0.14229578100982487
6,IZ,0.2657174262377248,0.26571742623772493,0.26571742623772493,0.601199054370629,1.1102230246251565e-16,0.0,0.3354816281329042
6,XI,-0.267972715913223,-0.26797271591322314,-0.26797271591322314,-0.4889073694132977,1.1102230246251565e-16,0.0,0.22093465350007468
6,XX,0.22487419296595998,0.22487419296596006,0.22487419296596012,0.4997823184424305,1.3877787807814457e-16,5.551115123125783e-17,0.2749081254764705
6,XY,0.08344277806996273,0.08344277806996277,0.08344277806996278,0.4388573226306912,5.551115123125783e-17,1.3877787807814457e-17,0.3554145445607285
6,XZ,-0.1954903607267499,-0.19549036072674994,-0.19549036072674997,-0.22829757885160504,5.551115123125783e-17,2.7755575615628914e-17,0.032807218124855125
6,YI,-0.09585615969381381,-0.09585615969381384,-0.09585615969381385,-0.3686741497053573,4.163336342344337e-17,1.3877787807814457e-17,0.2728179900115435
6,YX,0.002907096008884613,0.0029070960088846028,0.002907096008884596,-0.021512127747006657,1.734723475976807e-17,6.938893903907228e-18,0.02441922375589127
6,YY,-0.04329654336031042,-0.04329654336031044,-0.043296543360310455,0.11556738615031092,3.469446951953614e-17,1.3877787807814457e-17,0.15886392951062134
6,YZ,-0.16767324878712836,-0.16767324878712836,-0.16767324878712841,-0.6144668586476355,5.551115123125783e-17,5.551115123125783e-17,0.44679360986050715
6,ZI,-0.3115184903432815,-0.3115184903432816,-0.31151849034328155,-0.6079321272767682,5.551115123125783e-17,5.551115123125783e-17,0.29641363693348666
6,ZX,0.24443955683401197,0.24443955683401197,0.24443955683401203,0.6138851706361546,5.551115123125783e-17,5.551115123125783e-17,0.3694456138021426
6,ZY,-0.1102928403175401,-0.11029284031754016,-0.11029284031754019,-0.24693211730744083,9.71445146547012e-17,2.7755575615628914e-17,0.13663927698990075
6,ZZ,-0.17267240931159927,-0.17267240931159933,-0.17267240931159933,-0.43268751101399283,5.551115123125783e-17,0.0,0.26001510170239356
7,II,0.14239490665495752,0.14239490665495758,0.14239490665495758,0.7614410257789854,5.551115123125783e-17,0.0,0.619046119124028
7,IX,0.13448275885885438,0.13448275885885438,0.1344827588588544,0.2528557804323599,2.7755575615628914e-17,2.7755575615628914e-17,0.11837302157350552
7,IY,0.045846450297168974,0.04584645029716898,0.04584645029716898,0.6137788458593868,6.938893903907228e-18,0.0,0.5679323955622179
7,IZ,0.07599709242086902,0.075997092420869,0.07599709242086905,-0.051319346329256096,2.7755575615628914e-17,5.551115123125783e-17,0.1273164387501251
7,XI,-0.04524594862368872,-0.045245948623688734,-0.045245948623688734,0.271757645426581,1.3877787807814457e-17,0.0,0.3170035940502697
7,XX,-0.0015897141860929664,-0.0015897141860929942,-0.0015897141860929803,0.03205874169039713,1.3877787807814457e-17,1.3877787807814457e-17,0.033648455876490097
7,XY,-0.010055003429322265,-0.010055003429322262,-0.010055003429322272,0.35128996805326224,6.938893903907228e-18,1.0408340855860843e-17,0.3613449714825845
7,XZ,-0.013645532525938364,-0.013645532525938368,-0.013645532525938375,0.21496951816309076,1.0408340855860843e-17,6.938893903907228e-18,0.22861505068902913
7,YI,-0.07619454354189534,-0.07619454354189537,-0.0761945435418954,-0.5261135717001636,5.551115123125783e-17,2.7755575615628914e-17,0.44991902815826823
7,YX,-0.09581301140722624,-0.09581301140722626,-0.09581301140722628,-0.13417607406419263,4.163336342344337e-17,2.7755575615628914e-17,0.03836306265696639
7,YY,-0.07107372479500923,-0.07107372479500926,-0.07107372479500924,-0.5697086173118684,1.3877787807814457e-17,1.3877787807814457e-17,0.49863489251685916
7,YZ,-0.01861613381325896,-0.018616133813258967,-0.018616133813258967,0.22816546656984926,6.938893903907228e-18,0.0,0.24678160038310823
7,ZI,-0.04800936138450569,-0.048009361384505705,-0.04800936138450575,-0.285868206562556,5.551115123125783e-17,4.163336342344337e-17,0.23785884517805034
7,ZX,-0.045801205627927256,-0.04580120562792724,-0.04580120562792725,-0.376930645679461,6.938893903907228e-18,6.938893903907228e-18,0.3311294400515337
7,ZY,-0.06158983458966371,-0.06158983458966373,-0.06158983458966373,-0.20625596403111043,2.0816681711721685e-17,0.0,0.14466612944144672
7,ZZ,-0.0009532610149325382,-0.0009532610149325035,-0.0009532610149325105,-0.0009307188291154816,2.7755575615628914e-17,6.938893903907228e-18,2.254218581705658e-05
8,II,0.2956605111931891,0.29566051119318915,0.29566051119318926,0.42575505833589755,1.6653345369377348e-16,1.1102230246251565e-16,0.13009454714270846
8,IX,0.026762329397281827,0.02676232939728184,0.026762329397281844,0.03134090243042523,1.734723475976807e-17,3.469446951953614e-18,0.0045785730331434
8,IY,-0.024940427439702817,-0.024940427439702803,-0.024940427439702817,0.0234305358116373,0.0,1.3877787807814457e-17,0.04837096325134012
8,IZ,-0.16424296529939658,-0.16424296529939658,-0.16424296529939666,-0.23958654225833412,8.326672684688674e-17,8.326672684688674e-17,0.07534357695893754
8,XI,-0.12241140880839449,-0.12241140880839452,-0.12241140880839453,-0.11661782219667746,4.163336342344337e-17,1.3877787807814457e-17,0.005793586611717028
8,XX,0.08751681151195058,0.08751681151195059,0.08751681151195062,0.0224719673163982,4.163336342344337e-17,2.7755575615628914e-17,0.06504484419555237
8,XY,0.02955492115536658,0.02955492115536659,0.029554921155366606,0.12110366012776765,2.7755575615628914e-17,1.734723475976807e-17,0.09154873897240107
8,XZ,0.17646890979678873,0.17646890979678878,0.1764689097967888,0.12876140879494732,8.326672684688674e-17,2.7755575615628914e-17,0.0477075010018414
8,YI,0.029069857497792544,0.02906985749779255,0.029069857497792555,-0.11802252181611286,1.0408340855860843e-17,3.469446951953614e-18,0.1470923793139054
8,YX,-0.12597773249816557,-0.1259777324981656,-0.12597773249816563,-0.11569105014806837,5.551115123125783e-17,2.7755575615628914e-17,0.010286682350097207
8,YY,-0.15279735755531396,-0.15279735755531396,-0.15279735755531398,-0.09489352610590679,2.7755575615628914e-17,2.7755575615628914e-17,0.05790383144940717
8,YZ,0.03835263311848825,0.03835263311848826,0.03835263311848828,0.16155695860880612,2.7755575615628914e-17,2.0816681711721685e-17,0.12320432549031787
8,ZI,0.022055968080457122,0.02205596808045711,0.02205596808045715,0.1066498984847811,2.7755575615628914e-17,4.163336342344337e-17,0.08459393040432397
8,ZX,-0.04619387642099128,-0.0461938764209913,-0.04619387642099132,-0.20041488557275075,4.163336342344337e-17,2.0816681711721685e-17,0.15422100915175946
8,ZY,0.19213585826321028,0.19213585826321036,0.1921358582632104,0.14964249800027207,1.1102230246251565e-16,2.7755575615628914e-17,0.04249336026293821
8,ZZ,0.012259270138688022,0.012259270138688008,0.012259270138688022,-0.18491246605909853,0.0,1.3877787807814457e-17,0.19717173619778655
9,II,0.39458748700626256,0.39458748700626256,0.39458748700626267,0.9999999999999998,1.1102230246251565e-16,1.1102230246251565e-16,0.6054125129937372
9,IX,0.07815589675143599,0.07815589675143601,0.078155896751436,0.5266243179582837,1.3877787807814457e-17,1.3877787807814457e-17,0.4484684212068477
9,IY,0.2613855000432114,0.2613855000432115,0.2613855000432115,0.6067700440244946,5.551115123125783e-17,0.0,0.3453845439812832
9,IZ,0.3029866352192447,0.30298663521924485,0.30298663521924496,0.47936472600286917,2.7755575615628914e-16,1.1102230246251565e-16,0.17637809078362449
9,XI,-0.2837421223052192,-0.2837421223052192,-0.28374212230521934,-0.6700129485362925,1.1102230246251565e-16,1.1102230246251565e-16,0.3862708262310732
9,XX,-0.17630525794933652,-0.17630525794933655,-0.17630525794933663,-0.5987449025029578,1.1102230246251565e-16,8.326672684688674e-17,0.42243964455362126
9,XY,-0.20980358144373895,-0.209803581443739,-0.209803581443739,-0.31730383838137854,5.551115123125783e-17,0.0,0.1075002569376396
9,XZ,-0.1997172016329172,-0.1997172016329172,-0.19971720163291729,-0.3382995240244111,8.326672684688674e-17,8.326672684688674e-17,0.1385823223914939
9,YI,-0.07397670797447578,-0.0739767079744758,-0.07397670797447581,-0.17896771195517763,2.7755575615628914e-17,1.3877787807814457e-17,0.10499100398070185
9,YX,0.027125129396067225,0.027125129396067236,0.027125129396067246,-0.1309626292811014,2.0816681711721685e-17,1.0408340855860843e-17,0.15808775867716862
9,YY,-0.20051693647079688,-0.2005169364707969,-0.20051693647079696,-0.3257809341274741,8.326672684688674e-17,5.551115123125783e-17,0.12526399765667723
9,YZ,0.00576236012140882,0.005762360121408811,0.005762360121408815,0.18289728124540755,5.204170427930421e-18,3.469446951953614e-18,0.17713492112399873
9,ZI,-0.22556868526535587,-0.22556868526535584,-0.2255686852653559,-0.6279703862424986,2.7755575615628914e-17,5.551115123125783e-17,0.4024017009771427
9,ZX,0.06933448233423677,0.06933448233423678,0.06933448233423681,-0.16245893203271683,4.163336342344337e-17,2.7755575615628914e-17,0.2317934143669536
9,ZY,-0.14264173702101163,-0.14264173702101163,-0.14264173702101166,-0.5348470288845594,2.7755575615628914e-17,2.7755575615628914e-17,0.39220529186354774
9,ZZ,-0.2776696953284511,-0.2776696953284512,-0.2776696953284513,-0.45453158082511724,2.220446049250313e-16,1.1102230246251565e-16,0.17686188549666615
10,II,0.25657531621604557,0.25657531621604557,0.2565753162160457,0.5230888329455862,1.1102230246251565e-16,1.1102230246251565e-16,0.2665135167295406
10,IX,0.10857061556350799,0.10857061556350803,0.10857061556350805,0.05991752941364935,6.938893903907228e-17,2.7755575615628914e-17,0.04865308614985864
10,IY,0.14080582037148998,0.14080582037148998,0.14080582037149003,0.15265023123828408,5.551115123125783e-17,5.551115123125783e-17,0.011844410866794108
10,IZ,0.07094781269428212,0.07094781269428212,0.07094781269428216,-0.12478241739518887,4.163336342344337e-17,4.163336342344337e-17,0.195730230089471
10,XI,-0.12553494944033802,-0.12553494944033805,-0.1255349494403381,-0.03710250752002481,8.326672684688674e-17,5.551115123125783e-17,0.08843244192031322
10,XX,-0.1493460402551333,-0.14934604025513334,-0.14934604025513334,0.012949773197319644,5.551115123125783e-17,0.0,0.16229581345245292
10,XY,-0.12406842395855368,-0.12406842395855373,-0.12406842395855375,-0.3141900219321718,6.938893903907228e-17,1.3877787807814457e-17,0.19012159797361816
10,XZ,-0.20547514860095645,-0.2054751486009565,-0.20547514860095656,-0.19867156992549173,1.1102230246251565e-16,5.551115123125783e-17,0.0068035786754647165
10,YI,0.009583061639049248,0.009583061639049269,0.009583061639049262,-0.040016557290415034,1.3877787807814457e-17,6.938893903907228e-18,0.04959961892946428
10,YX,-0.10293103766679959,-0.1029310376667996,-0.10293103766679959,-0.051801177494940204,0.0,1.3877787807814457e-17,0.05112986017185939
10,YY,-0.007234146702072564,-0.007234146702072543,-0.007234146702072536,0.0022841308131682425,2.7755575615628914e-17,6.938893903907228e-18,0.009518277515240807
10,YZ,0.08523526183412845,0.0852352618341285,0.08523526183412852,0.31134857581893877,6.938893903907228e-17,2.7755575615628914e-17,0.22611331398481033
10,ZI,-0.12250108905274634,-0.12250108905274637,-0.12250108905274638,-0.18731400963223865,4.163336342344337e-17,1.3877787807814457e-17,0.06481292057949231
10,ZX,-0.030530111535676162,-0.030530111535676155,-0.03053011153567617,0.17663423290430996,6.938893903907228e-18,1.3877787807814457e-17,0.20716434443998613
10,ZY,-0.1909540149044619,-0.1909540149044619,-0.19095401490446196,-0.0529407330737455,5.551115123125783e-17,5.551115123125783e-17,0.1380132818307164
10,ZZ,0.04608187954052802,0.04608187954052803,0.046081879540528004,0.11604997684266459,1.3877787807814457e-17,2.7755575615628914e-17,0.06996809730213657
11,II,0.2853989109356556,0.28539891093565567,0.2853989109356557,0.4258030535402871,1.1102230246251565e-16,5.551115123125783e-17,0.14040414260463147
11,IX,0.016604733377902286,0.016604733377902293,0.016604733377902296,-0.009712560066583505,1.0408340855860843e-17,3.469446951953614e-18,0.02631729344448579
11,IY,0.036954648126351436,0.03695464812635145,0.036954648126351436,0.0425506486725416,0.0,1.3877787807814457e-17,0.005596000546190166
11,IZ,0.059312201539994,0.059312201539994024,0.059312201539994024,0.09587954831196069,2.0816681711721685e-17,0.0,0.036567346771966686
11,XI,-0.16365795112152096,-0.16365795112152098,-0.16365795112152098,-0.11659770961008481,2.7755575615628914e-17,0.0,0.047060241511436146
11,XX,0.10371023759495615,0.10371023759495618,0.10371023759495622,-0.050031872383921955,6.938893903907228e-17,4.163336342344337e-17,0.1537421099788781
11,XY,0.04196994227100937,0.04196994227100939,0.041969942271009406,-0.01149077029967703,3.469446951953614e-17,1.3877787807814457e-17,0.0534607125706864
11,XZ,-0.21473669065733422,-0.21473669065733428,-0.2147366906573343,-0.204543432915668,8.326672684688674e-17,2.7755575615628914e-17,0.010193257741666212
11,YI,-0.007868684743015164,-0.007868684743015171,-0.007868684743015171,-0.057954419487290076,6.938893903907228e-18,0.0,0.05008573474427491
11,YX,0.12977046420262173,0.12977046420262178,0.12977046420262178,0.13531143578153765,5.551115123125783e-17,0.0,0.005540971578915921
11,YY,-0.14858602301896115,-0.1485860230189612,-0.14858602301896126,-0.2626578133523013,1.1102230246251565e-16,5.551115123125783e-17,0.11407179033334017
11,YZ,0.09048871515357476,0.09048871515357476,0.09048871515357479,0.0897429189185745,2.7755575615628914e-17,2.7755575615628914e-17,0.0007457962350002623
11,ZI,0.056447717531325964,0.056447717531325964,0.056447717531325964,-0.16125349775698378,0.0,0.0,0.21770121528830974
11,ZX,0.09470230058219914,0.09470230058219917,0.0947023005821992,0.10774113178820202,5.551115123125783e-17,2.7755575615628914e-17,0.013038831206002882
11,ZY,0.19201110933932414,0.1920111093393242,0.19201110933932422,0.10846102005661279,8.326672684688674e-17,2.7755575615628914e-17,0.08355008928271135
11,ZZ,0.07306949689811057,0.0730694968981106,0.0730694968981106,-0.11522174770705867,2.7755575615628914e-17,0.0,0.18829124460516924
12,II,0.3827305975087518,0.38273059750875194,0.38273059750875205,0.9999999999999998,2.220446049250313e-16,1.1102230246251565e-16,0.617269402491248
12,IX,0.14733957358134164,0.14733957358134167,0.14733957358134175,0.38036964886036273,1.1102230246251565e-16,8.326672684688674e-17,0.2330300752790211
12,IY,0.11889668993816363,0.11889668993816366,0.1188966899381637,0.19784103285189492,6.938893903907228e-17,4.163336342344337e-17,0.07894434291373129
12,IZ,-0.31096036693193496,-0.31096036693193496,-0.3109603669319351,-0.8441960908595081,1.1102230246251565e-16,1.1102230246251565e-16,0.5332357239275731
12,XI,-0.2767865709283116,-0.2767865709283117,-0.2767865709283117,-0.7360065605192141,1.1102230246251565e-16,0.0,0.4592199895909025
12,XX,-0.19321499661892316,-0.19321499661892322,-0.19321499661892325,-0.24958531573073348,8.326672684688674e-17,2.7755575615628914e-17,0.05637031911181031
12,XY,0.01889455708340515,0.018894557083405147,0.018894557083405136,0.016741267430399012,1.3877787807814457e-17,1.0408340855860843e-17,0.002153289653006138
12,XZ,0.2565530495555132,0.2565530495555133,0.2565530495555134,0.7633107973736533,1.6653345369377348e-16,1.1102230246251565e-16,0.50675774781814
12,YI,0.25137079768706827,0.25137079768706827,0.2513707976870684,0.4578341099822423,1.1102230246251565e-16,1.1102230246251565e-16,0.206463312295174
12,YX,0.1115256853711363,0.1115256853711363,0.11152568537113633,0.43115593305429833,2.7755575615628914e-17,2.7755575615628914e-17,0.31963024768316206
12,YY,0.2983778579933963,0.29837785799339633,0.2983778579933964,0.18567724342006067,1.1102230246251565e-16,5.551115123125783e-17,0.1127006145733356
12,YZ,-0.1715708825165228,-0.17157088251652286,-0.17157088251652286,-0.30455116327917964,5.551115123125783e-17,0.0,0.13298028076265683
12,ZI,-0.061086552233823053,-0.06108655223382309,-0.061086552233823144,-0.3810137195508574,9.020562075079397e-17,5.551115123125783e-17,0.31992716731703436
12,ZX,0.20391596847474194,0.20391596847474197,0.20391596847474203,0.001901962483263936,8.326672684688674e-17,5.551115123125783e-17,0.202014005991478
12,ZY,-0.025747110207387867,-0.02574711020738788,-0.02574711020738786,-0.32847462861554566,6.938893903907228e-18,2.0816681711721685e-17,0.3027275184081578
12,ZZ,0.14680451972598485,0.14680451972598488,0.14680451972598493,0.3752107028111482,8.326672684688674e-17,5.551115123125783e-17,0.22840618308516336
13,II,0.21033484475804615,0.21033484475804617,0.2103348447580462,0.7226492000226363,5.551115123125783e-17,2.7755575615628914e-17,0.5123143552645901
13,IX,0.05959640632448769,0.059596406324487705,0.05959640632448771,0.3063611734511959,2.0816681711721685e-17,6.938893903907228e-18,0.2467647671267082
13,IY,0.11441494865221881,0.11441494865221888,0.11441494865221889,0.23265249060215157,8.326672684688674e-17,1.3877787807814457e-17,0.11823754194993276
13,IZ,-0.12597814437403101,-0.12597814437403104,-0.1259781443740311,0.0446361696147716,8.326672684688674e-17,5.551115123125783e-17,0.1706143139888026
13,XI,0.09853382680595263,0.09853382680595264,0.09853382680595266,0.02696848863509632,2.7755575615628914e-17,1.3877787807814457e-17,0.07156533817085631
13,XX,0.07750018003241282,0.07750018003241282,0.07750018003241285,0.3270617628293434,2.7755575615628914e-17,2.7755575615628914e-17,0.24956158279693058
13,XY,0.047427264394754386,0.04742726439475438,0.04742726439475437,-0.25576657924580837,1.3877787807814457e-17,6.938893903907228e-18,0.30319384364056273
13,XZ,-0.15915764554969017,-0.15915764554969014,-0.15915764554969022,-0.40151764548003627,5.551115123125783e-17,8.326672684688674e-17,0.2423599999303461
13,YI,-0.0743046891174922,-0.0743046891174922,-0.07430468911749219,0.1386305089469492,1.3877787807814457e-17,1.3877787807814457e-17,0.2129351980644414
13,YX,0.10396082273015117,0.1039608227301512,0.10396082273015123,0.38267622059587936,5.551115123125783e-17,2.7755575615628914e-17,0.2787153978657282
13,YY,-0.07483494224239162,-0.07483494224239165,-0.07483494224239168,-0.14126500543804846,5.551115123125783e-17,2.7755575615628914e-17,0.06643006319565684
13,YZ,0.05966467745091908,0.0596646774509191,0.0596646774509191,0.43396185292035905,2.0816681711721685e-17,0.0,0.37429717546943997
13,ZI,0.10148759637792809,0.10148759637792813,0.10148759637792815,0.32850515510958367,5.551115123125783e-17,1.3877787807814457e-17,0.22701755873165558
13,ZX,0.029902217294124553,0.02990221729412457,0.02990221729412456,0.3810404109796242,6.938893903907228e-18,1.0408340855860843e-17,0.35113819368549964
13,ZY,0.18201698266264413,0.18201698266264418,0.1820169826626442,0.53989741843486,8.326672684688674e-17,2.7755575615628914e-17,0.35788043577221595
13,ZZ,-0.06909403949530683,-0.06909403949530694,-0.06909403949530692,-0.09988701843269412,8.326672684688674e-17,2.7755575615628914e-17,0.03079297893738729
14,II,0.3405400837275997,0.34054008372759975,0.34054008372759986,0.4260467751813996,1.6653345369377348e-16,1.1102230246251565e-16,0.08550669145379991
14,IX,0.10569735611796827,0.1056973561179683,0.1056973561179683,0.17959103089029071,2.7755575615628914e-17,0.0,0.07389367477232245
14,IY,-0.007426931182688042,-0.007426931182688057,-0.007426931182688057,-0.0005309179591775418,1.474514954580286e-17,0.0,0.0068960132235105
14,IZ,0.05439893288357369,0.05439893288357371,0.054398932883573725,0.026867872552027924,3.469446951953614e-17,1.3877787807814457e-17,0.027531060331545766
14,XI,0.10547517518429946,0.10547517518429947,0.10547517518429951,0.10626532896074598,5.551115123125783e-17,4.163336342344337e-17,0.00079015377644652
14,XX,0.07101885242152738,0.07101885242152739,0.07101885242152742,0.1105986397946967,4.163336342344337e-17,2.7755575615628914e-17,0.03957978737316932
14,XY,-0.10021061724500618,-0.10021061724500621,-0.10021061724500621,-0.07825373874751132,2.7755575615628914e-17,0.0,0.021956878497494864
14,XZ,-0.053823324315654154,-0.05382332431565419,-0.05382332431565422,-0.06574990927111216,6.245004513516506e-17,2.7755575615628914e-17,0.011926584955458001
14,YI,-0.13360140291696643,-0.13360140291696646,-0.1336014029169665,-0.08501383987347386,8.326672684688674e-17,5.551115123125783e-17,0.04858756304349257
14,YX,-0.06257098844788571,-0.06257098844788574,-0.06257098844788575,0.051370812991495096,4.163336342344337e-17,1.3877787807814457e-17,0.1139418014393808
14,YY,-0.1107079876800813,-0.11070798768008132,-0.11070798768008133,-0.07597699649012168,2.7755575615628914e-17,1.3877787807814457e-17,0.03473099118995962
14,YZ,0.07856206557008127,0.07856206557008127,0.07856206557008132,0.10001033296476253,4.163336342344337e-17,4.163336342344337e-17,0.021448267394681253
14,ZI,0.014499348433192056,0.01449934843319206,0.01449934843319206,0.1698844655194352,5.204170427930421e-18,0.0,0.15538511708624314
14,ZX,0.21105872693523833,0.2110587269352383,0.2110587269352384,0.3326631177729381,5.551115123125783e-17,8.326672684688674e-17,0.12160439083769978
14,ZY,0.12197134138801391,0.12197134138801394,0.12197134138801397,0.11267508066662832,5.551115123125783e-17,2.7755575615628914e-17,0.00929626072138559
14,ZZ,-0.0429738235285121,-0.04297382352851213,-0.042973823528512145,0.04219659143785527,4.163336342344337e-17,1.3877787807814457e-17,0.08517041496636737
15,II,0.2462908575102832,0.24629085751028323,0.24629085751028335,1.0,1.3877787807814457e-16,1.1102230246251565e-16,0.7537091424897168
15,IX,-0.14543715617082437,-0.1454371561708244,-0.14543715617082442,-0.33112669332991546,5.551115123125783e-17,2.7755575615628914e-17,0.1856895371590911
15,IY,0.27573548186939295,0.275735481869393,0.27573548186939306,0.7738834914044872,1.1102230246251565e-16,5.551115123125783e-17,0.49814800953509425
15,IZ,0.04117515931105623,0.04117515931105624,0.04117515931105629,0.1298831545741291,5.551115123125783e-17,4.85722573273506e-17,0.08870799526307288
15,XI,0.06253404898567902,0.06253404898567903,0.06253404898567906,0.040182378046082726,4.163336342344337e-17,2.7755575615628914e-17,0.022351670939596294
15,XX,0.01701935614480101,0.017019356144801028,0.01701935614480103,-0.4998232878924613,2.0816681711721685e-17,3.469446951953614e-18,0.5168426440372623
15,XY,0.06554049896038966,0.06554049896038966,0.0655404989603897,-0.15260675677465035,4.163336342344337e-17,4.163336342344337e-17,0.21814725573504
15,XZ,-0.007534754302427921,-0.007534754302427914,-0.0075347543024279085,-0.05560847980659689,1.214306433183765e-17,5.204170427930421e-18,0.04807372550416897
15,YI,0.08708167224464272,0.08708167224464279,0.08708167224464279,-0.16366625610678964,6.938893903907228e-17,0.0,0.25074792835143234
15,YX,-0.026262986718445895,-0.026262986718445895,-0.026262986718445888,0.09710945933554797,6.938893903907228e-18,6.938893903907228e-18,0.12337244605399386
15,YY,0.11728623120591687,0.11728623120591687,0.1172862312059169,-0.08025847955875504,2.7755575615628914e-17,2.7755575615628914e-17,0.1975447107646719
15,YZ,0.04284102872835859,0.04284102872835861,0.04284102872835861,-0.5343264859693534,2.0816681711721685e-17,0.0,0.577167514697712
15,ZI,0.333743681208793,0.3337436812087933,0.3337436812087933,0.834870596112163,2.7755575615628914e-16,0.0,0.5011269149033699
15,ZX,-0.10922177399882169,-0.10922177399882171,-0.10922177399882171,-0.3535267198917234,2.7755575615628914e-17,0.0,0.24430494589290172
15,ZY,0.23101328585887781,0.2310132858588779,0.23101328585887795,0.918561502223944,1.3877787807814457e-16,5.551115123125783e-17,0.6875482163650661
15,ZZ,0.13490765132361407,0.13490765132361407,0.1349076513236141,0.05350100990858678,2.7755575615628914e-17,2.7755575615628914e-17,0.08140664141502729
16,II,0.4105998100678816,0.4105998100678817,0.41059981006788177,0.8040342571424084,1.6653345369377348e-16,5.551115123125783e-17,0.3934344470745268
16,IX,-0.05435057291931468,-0.054350572919314694,-0.054350572919314694,-0.058173802622464965,1.3877787807814457e-17,0.0,0.0038232297031502854
16,IY,-0.20967542114652757,-0.2096754211465276,-0.20967542114652762,-0.4749542312841982,5.551115123125783e-17,2.7755575615628914e-17,0.26527881013767063
16,IZ,-0.09703858911976299,-0.09703858911976303,-0.09703858911976303,0.11741464896461778,4.163336342344337e-17,0.0,0.21445323808438077
16,XI,-0.19274234854288336,-0.19274234854288344,-0.19274234854288344,-0.4233383932065592,8.326672684688674e-17,0.0,0.23059604466367584
16,XX,0.20892182437038043,0.20892182437038054,0.20892182437038054,0.33983956079985367,1.1102230246251565e-16,0.0,0.13091773642947324
16,XY,0.3550986674193672,0.35509866741936724,0.35509866741936735,0.6690137079087854,1.6653345369377348e-16,1.1102230246251565e-16,0.31391504048941826
16,XZ,0.03166718177962367,0.03166718177962367,0.03166718177962366,-0.03826855144719943,6.938893903907228e-18,6.938893903907228e-18,0.06993573322682309
16,YI,-0.10376161053758447,-0.1037616105375845,-0.10376161053758452,-0.17648927777955795,5.551115123125783e-17,2.7755575615628914e-17,0.07272766724197348
16,YX,-0.3091121387809004,-0.3091121387809005,-0.3091121387809005,-0.5197410042672135,1.1102230246251565e-16,0.0,0.2106288654863131
16,YY,0.22486166557990434,0.2248616655799044,0.22486166557990445,0.3822119317090259,1.1102230246251565e-16,5.551115123125783e-17,0.15735026612912156
16,YZ,-0.050386166398024526,-0.05038616639802454,-0.050386166398024554,0.05252415308070446,2.7755575615628914e-17,1.3877787807814457e-17,0.10291031947872899
16,ZI,0.08208794874506417,0.08208794874506417,0.08208794874506414,-0.16525802848301524,2.7755575615628914e-17,2.7755575615628914e-17,0.2473459772280794
16,ZX,0.062919930382658,0.06291993038265802,0.06291993038265803,-0.053278906431038636,2.7755575615628914e-17,1.3877787807814457e-17,0.11619883681369664
16,ZY,-0.05966533910875614,-0.05966533910875613,-0.05966533910875613,0.09909400944817637,1.3877787807814457e-17,0.0,0.15875934855693252
16,ZZ,-0.3298937774384674,-0.3298937774384675,-0.3298937774384675,-0.6212999694356722,1.1102230246251565e-16,0.0,0.29140619199720486
17,II,0.3154594814571129,0.31545948145711294,0.315459481457113,0.45954085942738726,1.1102230246251565e-16,5.551115123125783e-17,0.14408137797027437
17,IX,0.09130433318354386,0.09130433318354386,0.09130433318354389,0.1355791204525187,2.7755575615628914e-17,2.7755575615628914e-17,0.044274787268974825
17,IY,0.037904297644596685,0.03790429764459669,0.0379042976445967,-0.0020832790901693645,1.3877787807814457e-17,6.938893903907228e-18,0.03998757673476605
17,IZ,-0.19307880978629538,-0.1930788097862954,-0.19307880978629544,-0.30570456120706696,5.551115123125783e-17,2.7755575615628914e-17,0.11262575142077158
17,XI,0.11924999976399225,0.11924999976399228,0.11924999976399231,0.11080312130973319,5.551115123125783e-17,2.7755575615628914e-17,0.008446878454259066
17,XX,0.0515956355753622,0.05159563557536221,0.05159563557536223,0.13610000828877003,2.7755575615628914e-17,2.0816681711721685e-17,0.08450437271340783
17,XY,0.15520503646287823,0.15520503646287825,0.15520503646287828,0.09918543262418852,5.551115123125783e-17,2.7755575615628914e-17,0.0560196038386897
17,XZ,-0.11691272407712192,-0.11691272407712192,-0.11691272407712194,-0.13987022856815806,2.7755575615628914e-17,2.7755575615628914e-17,0.022957504491036146
17,YI,0.16342858438740573,0.16342858438740576,0.16342858438740582,0.2842708255390661,8.326672684688674e-17,5.551115123125783e-17,0.12084224115166034
17,YX,0.06703016806163388,0.0670301680616339,0.0670301680616339,0.10520076087541194,1.3877787807814457e-17,0.0,0.03817059281377806
17,YY,0.00574841142832274,0.0057484114283227455,0.005748411428322751,-0.06892767273444858,1.0408340855860843e-17,5.204170427930421e-18,0.07467608416277133
17,YZ,-0.15916568905843165,-0.15916568905843168,-0.1591656890584317,-0.2451523958996637,5.551115123125783e-17,2.7755575615628914e-17,0.08598670684123205
17,ZI,0.128292426906378,0.12829242690637802,0.128292426906378,0.15161404277055018,0.0,2.7755575615628914e-17,0.023321615864172196
17,ZX,0.10897517221952398,0.10897517221952399,0.10897517221952402,0.19463855488386794,4.163336342344337e-17,2.7755575615628914e-17,0.08566338266434396
17,ZY,-0.024831400266488043,-0.024831400266488057,-0.024831400266488057,-0.016907408530197197,1.3877787807814457e-17,0.0,0.007923991736290846
17,ZZ,-0.058016095677212456,-0.05801609567721247,-0.05801609567721244,-0.05911661885821824,1.3877787807814457e-17,2.7755575615628914e-17,0.0011005231810057858
18,II,0.3225363237803359,0.322536323780336,0.32253632378033603,0.9999999999999998,1.1102230246251565e-16,5.551115123125783e-17,0.6774636762196639
18,IX,-0.3194932146550879,-0.31949321465508795,-0.31949321465508806,-0.9052240554177915,1.6653345369377348e-16,1.1102230246251565e-16,0.5857308407627035
18,IY,-0.06125580384585145,-0.061255803845851456,-0.06125580384585149,-0.023665079954189743,4.163336342344337e-17,3.469446951953614e-17,0.03759072389166171
18,IZ,0.06617047848213457,0.06617047848213459,0.06617047848213459,-0.25943955941272046,1.3877787807814457e-17,0.0,0.32561003789485504
18,XI,-0.20524642765226775,-0.20524642765226775,-0.2052464276522678,-0.34871835763637193,5.551115123125783e-17,5.551115123125783e-17,0.14347192998410419
18,XX,0.2168726284534837,0.21687262845348373,0.2168726284534838,0.3494964142517105,8.326672684688674e-17,5.551115123125783e-17,0.1326237857982268
18,XY,0.1477502980679477,0.1477502980679477,0.14775029806794776,0.3210255855268096,5.551115123125783e-17,5.551115123125783e-17,0.1732752874588619
18,XZ,-0.027398656593208535,-0.027398656593208566,-0.02739865659320856,0.0953929311345265,2.42861286636753e-17,6.938893903907228e-18,0.12279158772773503
18,YI,0.1631427303389051,0.16314273033890517,0.1631427303389052,0.8273500645537655,8.326672684688674e-17,2.7755575615628914e-17,0.6642073342148603
18,YX,-0.20856489997603425,-0.20856489997603428,-0.20856489997603433,-0.8162718605674726,8.326672684688674e-17,5.551115123125783e-17,0.6077069605914384
18,YY,0.010232042615587482,0.010232042615587474,0.010232042615587467,0.09378305705828908,1.5612511283791264e-17,6.938893903907228e-18,0.0835510144427016
18,YZ,-0.0366632792152731,-0.0366632792152731,-0.03666327921527314,-0.3494475721293545,4.163336342344337e-17,4.163336342344337e-17,0.3127842929140814
18,ZI,-0.23495330728385527,-0.23495330728385538,-0.2349533072838554,-0.2849331311638028,1.3877787807814457e-16,2.7755575615628914e-17,0.04997982387994754
18,ZX,0.24326757034111154,0.24326757034111163,0.24326757034111168,0.379056176672282,1.3877787807814457e-16,5.551115123125783e-17,0.13578860633117043
18,ZY,-0.055952505119125674,-0.05595250511912568,-0.0559525051191257,-0.03752114271542163,2.7755575615628914e-17,2.0816681711721685e-17,0.018431362403704042
18,ZZ,-0.09812444840521342,-0.09812444840521345,-0.09812444840521348,-0.2208980681359429,5.551115123125783e-17,2.7755575615628914e-17,0.12277361973072948
19,II,0.30098811913270673,0.3009881191327068,0.30098811913270684,0.5779016634650056,1.1102230246251565e-16,5.551115123125783e-17,0.27691354433229887
19,IX,0.21289628441981084,0.2128962844198109,0.21289628441981093,0.006441316657259263,8.326672684688674e-17,2.7755575615628914e-17,0.20645496776255157
19,IY,0.0012882849237900208,0.0012882849237900104,0.0012882849237900035,0.0031963576677875583,1.734723475976807e-17,6.938893903907228e-18,0.0019080727439975374
19,IZ,-0.10313034748522641,-0.10313034748522643,-0.10313034748522647,-0.21192429868407003,5.551115123125783e-17,4.163336342344337e-17,0.10879395119884362
19,XI,0.22441837453891306,0.22441837453891308,0.22441837453891314,0.13120805366078392,8.326672684688674e-17,5.551115123125783e-17,0.09321032087812914
19,XX,0.19260138802008472,0.19260138802008475,0.19260138802008478,0.1671821745683016,5.551115123125783e-17,2.7755575615628914e-17,0.025419213451783135
19,XY,-0.056008252387501845,-0.05600825238750186,-0.05600825238750186,0.19757632405827696,1.3877787807814457e-17,0.0,0.2535845764457788
19,XZ,-0.16369484799272496,-0.16369484799272502,-0.16369484799272502,-0.28240749538717574,5.551115123125783e-17,0.0,0.11871264739445078
19,YI,0.056369627089579336,0.056369627089579336,0.056369627089579336,-0.18287305212201244,0.0,0.0,0.23924267921159176
19,YX,0.1194792218216927,0.11947922182169268,0.11947922182169272,0.2505274740815636,2.7755575615628914e-17,4.163336342344337e-17,0.13104825225987093
19,YY,0.08319059506506218,0.08319059506506221,0.08319059506506218,0.14200112604920762,0.0,2.7755575615628914e-17,0.05881053098414543
19,YZ,0.2019311828664453,0.20193118286644535,0.2019311828664454,0.44368142885083717,1.1102230246251565e-16,5.551115123125783e-17,0.24175024598439188
19,ZI,0.05491072578624769,0.0549107257862477,0.054910725786247686,0.05817407790594681,6.938893903907228e-18,1.3877787807814457e-17,0.003263352119699116
19,ZX,0.036128273041156296,0.0361282730411563,0.03612827304115632,-0.19444231007255092,2.0816681711721685e-17,1.3877787807814457e-17,0.2305705831137072
19,ZY,0.17096453319020927,0.1709645331902093,0.17096453319020932,0.2690501129556523,5.551115123125783e-17,2.7755575615628914e-17,0.09808557976544302
19,ZZ,-0.1113417458054663,-0.11134174580546632,-0.11134174580546637,0.09926451332542552,6.938893903907228e-17,4.163336342344337e-17,0.21060625913089182
20,II,0.2887191120176256,0.2887191120176257,0.2887191120176258,0.5224967171272099,1.6653345369377348e-16,1.1102230246251565e-16,0.23377760510958429
20,IX,-0.046994992854036424,-0.04699499285403646,-0.04699499285403645,-0.04235087767079153,2.7755575615628914e-17,6.938893903907228e-18,0.004644115183244896
20,IY,0.08388310150112271,0.08388310150112274,0.08388310150112274,0.20468574327104055,2.7755575615628914e-17,0.0,0.12080264176991784
20,IZ,-0.10511216869029201,-0.10511216869029204,-0.10511216869029205,0.1423073929538016,4.163336342344337e-17,1.3877787807814457e-17,0.24741956164409362
20,XI,0.13626858468036757,0.1362685846803676,0.13626858468036762,0.07360002956361679,5.551115123125783e-17,2.7755575615628914e-17,0.06266855511675078
20,XX,-0.20148721448547297,-0.201487214485473,-0.20148721448547305,-0.14689533199881888,8.326672684688674e-17,5.551115123125783e-17,0.054591882486654086
20,XY,0.20153215280016137,0.20153215280016143,0.20153215280016148,0.2396643689844668,1.1102230246251565e-16,5.551115123125783e-17,0.03813221618430543
20,XZ,-0.10210849542342944,-0.10210849542342947,-0.10210849542342948,-0.23928964121419127,4.163336342344337e-17,1.3877787807814457e-17,0.13718114579076185
20,YI,0.03233709067571164,0.03233709067571164,0.03233709067571165,-0.19850744041736615,1.3877787807814457e-17,1.3877787807814457e-17,0.2308445310930778
20,YX,-0.008600319359587107,-0.008600319359587109,-0.008600319359587105,0.18810764257996532,1.734723475976807e-18,3.469446951953614e-18,0.19670796193955242
20,YY,-0.03379612985496504,-0.033796129854965024,-0.033796129854965024,-0.129775524748857,1.3877787807814457e-17,0.0,0.09597939489389197
20,YZ,-0.2470136887922065,-0.24701368879220653,-0.2470136887922066,-0.37177701450925893,8.326672684688674e-17,5.551115123125783e-17,0.12476332571705243
20,ZI,0.03534638737027003,0.03534638737027006,0.035346387370270044,0.15026696207066673,1.3877787807814457e-17,1.3877787807814457e-17,0.1149205747003967
20,ZX,0.17269964135163407,0.17269964135163413,0.17269964135163418,0.21063794606026964,1.1102230246251565e-16,5.551115123125783e-17,0.03793830470863557
20,ZY,0.16068324675334766,0.16068324675334772,0.16068324675334775,0.2642502549769179,8.326672684688674e-17,2.7755575615628914e-17,0.10356700822357023
20,ZZ,-0.06324730642173443,-0.06324730642173441,-0.06324730642173443,0.09912113279267373,0.0,1.3877787807814457e-17,0.16236843921440816
21,II,0.256946393829848,0.2569463938298481,0.2569463938298482,1.0000000000000004,1.6653345369377348e-16,1.1102230246251565e-16,0.7430536061701525
21,IX,0.10853121569793119,0.10853121569793123,0.10853121569793123,0.7248842005375189,4.163336342344337e-17,0.0,0.6163529848395877
21,IY,0.09491307994030054,0.09491307994030054,0.09491307994030056,0.3947733365086006,1.3877787807814457e-17,1.3877787807814457e-17,0.29986025656830007
21,IZ,0.23676259098686764,0.23676259098686772,0.2367625909868678,0.45893717263541733,1.6653345369377348e-16,8.326672684688674e-17,0.2221745816485497
21,XI,0.23772299443046488,0.23772299443046496,0.23772299443046502,0.5255414643651325,1.3877787807814457e-16,5.551115123125783e-17,0.28781846993466764
21,XX,0.259700805934691,0.2597008059346911,0.25970080593469114,0.34840650713162347,1.1102230246251565e-16,5.551115123125783e-17,0.08870570119693244
21,XY,0.1352200809686943,0.13522008096869437,0.13522008096869442,0.47904025424354457,1.1102230246251565e-16,5.551115123125783e-17,0.34382017327485026
21,XZ,0.009966697412413072,0.009966697412413055,0.009966697412413072,0.18275872492450004,0.0,1.734723475976807e-17,0.17279202751208697
21,YI,-0.03647858923914571,-0.0364785892391457,-0.03647858923914572,-0.43317195692262844,1.3877787807814457e-17,2.0816681711721685e-17,0.39669336768348273
21,YX,0.1822003858380542,0.18220038583805426,0.1822003858380543,-0.22419725300157575,1.1102230246251565e-16,5.551115123125783e-17,0.40639763883963
21,YY,-0.1656803925888959,-0.16568039258889586,-0.1656803925888959,-0.1297486555096611,0.0,2.7755575615628914e-17,0.03593173707923478
21,YZ,-0.14075343181274275,-0.14075343181274277,-0.1407534318127428,-0.4781342934474804,5.551115123125783e-17,2.7755575615628914e-17,0.3373808616347376
21,ZI,0.12848454496340386,0.1284845449634039,0.12848454496340397,0.6542894197542968,1.1102230246251565e-16,8.326672684688674e-17,0.5258048747908929
21,ZX,0.09002933624760046,0.09002933624760048,0.09002933624760046,0.679616937612775,0.0,2.7755575615628914e-17,0.5895876013651745
21,ZY,-0.1255454926943796,-0.12554549269437962,-0.1255454926943796,0.13268492224894013,0.0,2.7755575615628914e-17,0.2582304149433197
21,ZZ,0.30108820023492555,0.30108820023492566,0.3010882002349258,0.23808350317987081,2.220446049250313e-16,1.1102230246251565e-16,0.06300469705505474
22,II,0.2660152281431721,0.26601522814317213,0.2660152281431722,0.6049907703567299,1.1102230246251565e-16,5.551115123125783e-17,0.3389755422135578
22,IX,-0.08739045146587923,-0.08739045146587926,-0.08739045146587927,0.0201894020133824,4.163336342344337e-17,1.3877787807814457e-17,0.10757985347926163
22,IY,0.10881135590578622,0.1088113559057862,0.10881135590578625,-0.0005274311124611464,2.7755575615628914e-17,5.551115123125783e-17,0.10933878701824737
22,IZ,-0.04395773591855705,-0.043957735918557034,-0.043957735918557034,-0.4087492651474948,1.3877787807814457e-17,0.0,0.36479152922893776
22,XI,-0.007785139733862162,-0.007785139733862175,-0.007785139733862162,0.19940514900218215,0.0,1.3010426069826053e-17,0.2071902887360443
22,XX,-0.11371429953339289,-0.1137142995333929,-0.11371429953339293,0.015070379143550857,4.163336342344337e-17,2.7755575615628914e-17,0.12878467867694374
22,XY,-0.02798227230791721,-0.027982272307917215,-0.02798227230791725,-0.21266667321574073,3.8163916471489756e-17,3.469446951953614e-17,0.1846844009078235
22,XZ,-0.19988202639843525,-0.19988202639843528,-0.1998820263984353,-0.2848442312132654,5.551115123125783e-17,2.7755575615628914e-17,0.08496220481483016
22,YI,-0.01118046617237775,-0.011180466172377775,-0.011180466172377765,0.2598205916301244,1.5612511283791264e-17,1.0408340855860843e-17,0.2710010578025021
22,YX,0.20147221295529585,0.20147221295529585,0.2014722129552959,0.30272721195209784,5.551115123125783e-17,5.551115123125783e-17,0.10125499899680199
22,YY,0.04668297445023498,0.046682974450235004,0.046682974450235004,0.07505045017743803,2.0816681711721685e-17,0.0,0.028367475727203044
22,YZ,-0.1230560217177738,-0.12305602171777383,-0.12305602171777387,-0.36410326793017833,6.938893903907228e-17,4.163336342344337e-17,0.24104724621240453
22,ZI,0.04026599595718436,0.04026599595718437,0.040265995957184345,0.18502657550748186,1.3877787807814457e-17,2.7755575615628914e-17,0.1447605795502975
22,ZX,-0.013001571611235597,-0.013001571611235621,-0.013001571611235621,-0.10324498118688924,2.42861286636753e-17,0.0,0.09024340957565365
22,ZY,0.2723599059578455,0.27235990595784554,0.27235990595784565,0.13831520735420788,1.6653345369377348e-16,1.1102230246251565e-16,0.1340446986036376
22,ZZ,-0.09878850115746549,-0.09878850115746549,-0.09878850115746551,-0.30126476921359574,2.7755575615628914e-17,2.7755575615628914e-17,0.20247626805613025
23,II,0.2128183384483327,0.21281833844833276,0.2128183384483328,0.40533740298820525,1.1102230246251565e-16,5.551115123125783e-17,0.19251906453987255
23,IX,0.04924346152409846,0.04924346152409846,0.049243461524098475,0.2114803275932391,1.3877787807814457e-17,1.3877787807814457e-17,0.16223686606914062
23,IY,0.0400147079520251,0.04001470795202512,0.04001470795202513,-0.15853683910485797,2.7755575615628914e-17,6.938893903907228e-18,0.19855154705688308
23,IZ,-0.15205332774242253,-0.15205332774242258,-0.15205332774242264,0.0030856678491648984,1.1102230246251565e-16,5.551115123125783e-17,0.15513899559158742
23,XI,0.12385402656598085,0.12385402656598087,0.12385402656598091,0.11737565298853003,5.551115123125783e-17,4.163336342344337e-17,0.006478373577450819
23,XX,0.034124548632852345,0.034124548632852345,0.03412454863285236,-0.001042974585828839,1.3877787807814457e-17,1.3877787807814457e-17,0.03516752321868118
23,XY,0.0048125921446964155,0.0048125921446964225,0.004812592144696426,-0.06302659990248342,1.0408340855860843e-17,3.469446951953614e-18,0.06783919204717984
23,XZ,-0.07547056513863051,-0.07547056513863054,-0.07547056513863057,0.11118003753548006,5.551115123125783e-17,2.7755575615628914e-17,0.18665060267411057
23,YI,0.13680784457448636,0.1368078445744864,0.13680784457448644,0.08327882812363734,8.326672684688674e-17,5.551115123125783e-17,0.053529016450849023
23,YX,-0.0024279342934700465,-0.00242793429347005,-0.0024279342934700535,0.008925301100661576,6.938893903907228e-18,3.469446951953614e-18,0.011353235394131623
23,YY,0.04741525451983938,0.04741525451983939,0.04741525451983941,0.052189883006951376,3.469446951953614e-17,2.0816681711721685e-17,0.0047746284871119996
23,YZ,-0.14101760970409635,-0.14101760970409638,-0.1410176097040964,-0.0777432388057863,5.551115123125783e-17,2.7755575615628914e-17,0.06327437089831005
23,ZI,-0.05204659071810404,-0.05204659071810405,-0.05204659071810408,-0.10192217991664448,4.163336342344337e-17,2.7755575615628914e-17,0.049875589198540446
23,ZX,-0.00038679094906252705,-0.0003867909490625279,-0.0003867909490625314,0.011680303222156685,4.336808689942018e-18,3.469446951953614e-18,0.012067094171219213
23,ZY,0.05230180586436837,0.05230180586436839,0.052301805864368396,0.1558598813204841,2.7755575615628914e-17,6.938893903907228e-18,0.10355807545611573
23,ZZ,0.01726469642503086,0.017264696425030854,0.01726469642503088,0.10367015691031592,2.0816681711721685e-17,2.7755575615628914e-17,0.08640546048528505
24,II,0.12443803713893808,0.12443803713893814,0.12443803713893817,1.0000000000000004,8.326672684688674e-17,2.7755575615628914e-17,0.8755619628610624
24,IX,-0.1585769571539952,-0.15857695715399522,-0.15857695715399528,-0.35648072915860457,8.326672684688674e-17,5.551115123125783e-17,0.19790377200460937
24,IY,0.12115712530321696,0.12115712530321697,0.12115712530321698,0.7770220078045141,2.7755575615628914e-17,1.3877787807814457e-17,0.6558648825012972
24,IZ,0.032602156741444115,0.03260215674144411,0.03260215674144413,-0.2269981972774684,1.3877787807814457e-17,2.0816681711721685e-17,0.2596003540189125
24,XI,-0.03282174491173959,-0.0328217449117396,-0.032821744911739614,0.3019736936843671,2.0816681711721685e-17,1.3877787807814457e-17,0.3347954385961067
24,XX,-0.05336045957579149,-0.05336045957579148,-0.053360459575791504,0.2539212968500645,1.3877787807814457e-17,2.0816681711721685e-17,0.307281756425856
24,XY,-0.013391707022055555,-0.013391707022055555,-0.013391707022055572,0.43842436246128286,1.734723475976807e-17,1.734723475976807e-17,0.4518160694833384
24,XZ,0.04083630563960221,0.04083630563960222,0.040836305639602236,-0.22831178822511666,2.7755575615628914e-17,1.3877787807814457e-17,0.2691480938647189
24,YI,-0.18206528153721963,-0.18206528153721963,-0.18206528153721968,-0.692902754904199,5.551115123125783e-17,5.551115123125783e-17,0.5108374733669794
24,YX,0.10805821291525317,0.10805821291525317,0.1080582129152532,0.3824696678921725,2.7755575615628914e-17,2.7755575615628914e-17,0.2744114549769193
24,YY,-0.09194005719271048,-0.0919400571927105,-0.09194005719271053,-0.7386451070195796,5.551115123125783e-17,2.7755575615628914e-17,0.6467050498268692
24,YZ,0.025061488442373686,0.0250614884423737,0.025061488442373693,-0.0765812923048762,6.938893903907228e-18,6.938893903907228e-18,0.10164278074724989
24,ZI,-0.05883171689919636,-0.05883171689919636,-0.05883171689919639,-0.45942088873931386,2.7755575615628914e-17,2.7755575615628914e-17,0.4005891718401175
24,ZX,0.027097055710672495,0.027097055710672502,0.02709705571067253,0.36599118291108396,3.469446951953614e-17,2.7755575615628914e-17,0.33889412720041145
24,ZY,-0.045897815616438964,-0.04589781561643895,-0.045897815616438964,-0.2891034286337354,0.0,1.3877787807814457e-17,0.24320561301729643
24,ZZ,-0.03262183427385197,-0.03262183427385196,-0.032621834273851964,0.45952945732820705,6.938893903907228e-18,6.938893903907228e-18,0.492151291602059
25,II,0.3096153070775699,0.3096153070775699,0.30961530707757,0.6912008880248763,1.1102230246251565e-16,1.1102230246251565e-16,0.38158558094730644
25,IX,0.26413097216295794,0.26413097216295806,0.2641309721629581,0.2516568895344183,1.6653345369377348e-16,5.551115123125783e-17,0.012474082628539662
25,IY,0.0741816523866734,0.07418165238667343,0.07418165238667343,0.29666272415104145,2.7755575615628914e-17,0.0,0.22248107176436804
25,IZ,0.01612725557008228,0.016127255570082277,0.016127255570082287,0.3030241818295778,6.938893903907228e-18,1.0408340855860843e-17,0.28689692625949553
25,XI,-0.05516211720312538,-0.055162117203125395,-0.0551621172031254,-0.007383061176147371,2.0816681711721685e-17,6.938893903907228e-18,0.04777905602697801
25,XX,-0.030308499448877313,-0.03030849944887731,-0.0303084994488773,-0.20722999628096006,1.3877787807814457e-17,1.0408340855860843e-17,0.17692149683208275
25,XY,0.03455213657138979,0.03455213657138981,0.03455213657138981,-0.10138925804942883,2.0816681711721685e-17,0.0,0.1359413946208186
25,XZ,0.093264450357079,0.09326445035707903,0.09326445035707905,0.3165108203386029,4.163336342344337e-17,1.3877787807814457e-17,0.2232463699815239
25,YI,-0.22994908260743907,-0.22994908260743913,-0.22994908260743918,-0.49814078829657144,1.1102230246251565e-16,5.551115123125783e-17,0.26819170568913236
25,YX,-0.30364204848769916,-0.30364204848769916,-0.30364204848769927,-0.39980426648432027,1.1102230246251565e-16,1.1102230246251565e-16,0.09616221799662111
25,YY,-0.16754113369146045,-0.16754113369146048,-0.1675411336914605,-0.35967326008183487,5.551115123125783e-17,2.7755575615628914e-17,0.1921321263903744
25,YZ,0.03953211509068383,0.03953211509068383,0.03953211509068384,-0.36497473922191487,1.3877787807814457e-17,1.3877787807814457e-17,0.4045068543125987
25,ZI,-0.06977344538447984,-0.06977344538447987,-0.06977344538447985,0.10760906144884202,1.3877787807814457e-17,1.3877787807814457e-17,0.17738250683332185
25,ZX,-0.13348205891569012,-0.13348205891569015,-0.13348205891569018,-0.23851678014448496,5.551115123125783e-17,2.7755575615628914e-17,0.10503472122879484
25,ZY,-0.015634909374913002,-0.015634909374913013,-0.015634909374913027,0.32687754238949907,2.42861286636753e-17,1.3877787807814457e-17,0.3425124517644121
25,ZZ,-0.06936696142324787,-0.06936696142324783,-0.06936696142324783,-0.007933347628165638,4.163336342344337e-17,0.0,0.061433613795082234
26,II,0.23375423502750833,0.2337542350275084,0.23375423502750847,0.5484586976849035,1.3877787807814457e-16,8.326672684688674e-17,0.31470446265739516
26,IX,-0.09785896163606984,-0.09785896163606986,-0.09785896163606989,-0.1287521080558452,4.163336342344337e-17,2.7755575615628914e-17,0.03089314641977535
26,IY,0.09924711477495583,0.09924711477495587,0.09924711477495589,0.34559133805140074,5.551115123125783e-17,1.3877787807814457e-17,0.2463442232764449
26,IZ,0.06360905916407428,0.0636090591640743,0.06360905916407432,0.007208861068709264,4.163336342344337e-17,1.3877787807814457e-17,0.05640019809536501
26,XI,-0.01304914723419291,-0.013049147234192884,-0.013049147234192926,-0.04552305730987205,1.5612511283791264e-17,4.163336342344337e-17,0.03247391007567914
26,XX,0.07303571714225049,0.07303571714225049,0.07303571714225052,0.12178257621482899,2.7755575615628914e-17,2.7755575615628914e-17,0.0487468590725785
26,XY,0.00214319547722713,0.002143195477227137,0.00214319547722713,0.009137748752080732,0.0,6.938893903907228e-18,0.006994553274853602
26,XZ,0.15894397890106474,0.15894397890106474,0.15894397890106476,0.312555842807698,2.7755575615628914e-17,2.7755575615628914e-17,0.15361186390663326
26,YI,-0.08065314016318234,-0.08065314016318235,-0.08065314016318235,0.07565242757989583,1.3877787807814457e-17,0.0,0.1563055677430782
26,YX,-0.05866660407309729,-0.05866660407309731,-0.05866660407309732,-0.2955969499190296,2.7755575615628914e-17,6.938893903907228e-18,0.23693034584593228
26,YY,-0.21236567268335682,-0.21236567268335685,-0.2123656726833569,-0.003331457326109122,8.326672684688674e-17,5.551115123125783e-17,0.2090342153572477
26,YZ,0.01990726896169074,0.019907268961690747,0.019907268961690743,0.10290157892892397,3.469446951953614e-18,3.469446951953614e-18,0.08299430996723323
26,ZI,0.11003224228427867,0.11003224228427869,0.11003224228427873,0.3918689351607548,5.551115123125783e-17,4.163336342344337e-17,0.28183669287647617
26,ZX,-0.1840335232799793,-0.1840335232799794,-0.1840335232799794,-0.08594528990307425,1.1102230246251565e-16,0.0,0.09808823337690505
26,ZY,0.09824203688033342,0.09824203688033342,0.09824203688033346,0.4648104201627278,4.163336342344337e-17,4.163336342344337e-17,0.3665683832823944
26,ZZ,0.07536641960243957,0.07536641960243966,0.07536641960243969,-0.006368570196816518,1.1102230246251565e-16,2.7755575615628914e-17,0.08173498979925609
27,II,0.19146047445155,0.19146047445155007,0.19146047445155012,1.0,1.1102230246251565e-16,5.551115123125783e-17,0.80853952554845
27,IX,0.042733473903847644,0.04273347390384763,0.04273347390384766,0.4894919769598093,1.3877787807814457e-17,2.7755575615628914e-17,0.44675850305596165
27,IY,-0.0599107904437383,-0.0599107904437383,-0.059910790443738315,0.1508231963084548,1.3877787807814457e-17,1.3877787807814457e-17,0.21073398675219313
27,IZ,0.02049130458762044,0.020491304587620468,0.02049130458762043,0.06690172560760424,1.0408340855860843e-17,3.8163916471489756e-17,0.0464104210199838
27,XI,0.05254593459122837,0.052545934591228374,0.05254593459122839,-0.2196988793465498,2.0816681711721685e-17,1.3877787807814457e-17,0.27224481393777816
27,XX,-0.006813340005222615,-0.006813340005222615,-0.0068133400052226185,-0.17303128938701384,3.469446951953614e-18,3.469446951953614e-18,0.16621794938179124
27,XY,-0.19116923541152833,-0.19116923541152836,-0.19116923541152842,-0.8640644705506617,8.326672684688674e-17,5.551115123125783e-17,0.6728952351391334
27,XZ,-0.004317671430836077,-0.004317671430836077,-0.0043176714308360824,-0.06996061941696888,5.204170427930421e-18,5.204170427930421e-18,0.0656429479861328
27,YI,0.006362228500169421,0.006362228500169431,0.006362228500169431,0.031126400933132348,1.0408340855860843e-17,0.0,0.024764172432962927
27,YX,-0.042090541684618815,-0.04209054168461884,-0.04209054168461884,-0.036558992465043516,2.7755575615628914e-17,0.0,0.005531549219575299
27,YY,-0.000652376608759794,-0.0006523766087597853,-0.0006523766087597714,-0.05393796832859632,2.2551405187698492e-17,1.3877787807814457e-17,0.053285591719836524
27,YZ,0.20698063862074423,0.20698063862074428,0.20698063862074434,0.8543401638314673,1.1102230246251565e-16,5.551115123125783e-17,0.647359525210723
27,ZI,0.05273475789160831,0.05273475789160831,0.05273475789160832,0.46646481380787597,1.3877787807814457e-17,1.3877787807814457e-17,0.41373005591626766
27,ZX,0.2024177230325355,0.20241772303253555,0.20241772303253558,0.9703092988985701,8.326672684688674e-17,2.7755575615628914e-17,0.7678915758660346
27,ZY,-0.04940733822295703,-0.04940733822295704,-0.04940733822295704,-0.08003155569705407,6.938893903907228e-18,0.0,0.03062421747409704
27,ZZ,0.045727855989671586,0.04572785598967162,0.045727855989671634,0.053463671240337324,4.85722573273506e-17,1.3877787807814457e-17,0.007735815250665738
28,II,0.218431243291758,0.21843124329175806,0.21843124329175811,0.7843769058114378,1.1102230246251565e-16,5.551115123125783e-17,0.5659456625196798
28,IX,-0.05519099375747734,-0.055190993757477345,-0.055190993757477366,0.08569454249561968,2.7755575615628914e-17,2.0816681711721685e-17,0.14088553625309702
28,IY,-0.06714318285221126,-0.06714318285221127,-0.06714318285221127,-0.5307795485362742,1.3877787807814457e-17,0.0,0.4636363656840629
28,IZ,0.07295548519462401,0.07295548519462403,0.072955485194624,0.4328442428962967,1.3877787807814457e-17,2.7755575615628914e-17,0.35988875770167267
28,XI,-0.14224677703862343,-0.14224677703862348,-0.14224677703862354,-0.5287778646358036,1.1102230246251565e-16,5.551115123125783e-17,0.38653108759718013
28,XX,-0.004408811602929375,-0.004408811602929372,-0.004408811602929379,-0.11573630425766124,3.469446951953614e-18,6.938893903907228e-18,0.11132749265473187
28,XY,0.03394423458230901,0.03394423458230903,0.03394423458230904,0.30128325373949616,2.7755575615628914e-17,6.938893903907228e-18,0.26733901915718716
28,XZ,-0.06599159671416244,-0.06599159671416246,-0.06599159671416244,-0.5111527491435971,0.0,2.7755575615628914e-17,0.44516115242943466
28,YI,-0.07764313141718772,-0.07764313141718773,-0.07764313141718776,-0.45311080896119227,4.163336342344337e-17,2.7755575615628914e-17,0.37546767754400456
28,YX,0.034463928719842746,0.03446392871984276,0.03446392871984276,-0.05172290211374023,1.3877787807814457e-17,0.0,0.08618683083358297
28,YY,0.11312638179907711,0.11312638179907714,0.11312638179907716,0.5450965265756847,5.551115123125783e-17,2.7755575615628914e-17,0.43197014477660767
28,YZ,-0.11312370590169539,-0.1131237059016954,-0.1131237059016954,-0.14728860725273943,1.3877787807814457e-17,0.0,0.03416490135104404
28,ZI,0.044592852188662976,0.044592852188662976,0.044592852188663004,0.024086535701813794,2.7755575615628914e-17,2.7755575615628914e-17,0.020506316486849183
28,ZX,-0.06290901893292686,-0.06290901893292689,-0.06290901893292691,-0.3130627719108879,5.551115123125783e-17,2.7755575615628914e-17,0.25015375297796105
28,ZY,0.08466041889160324,0.08466041889160324,0.08466041889160325,-0.010894006822350977,1.3877787807814457e-17,1.3877787807814457e-17,0.09555442571395421
28,ZZ,0.008331529561145763,0.008331529561145794,0.00833152956114578,0.07592441242193998,1.734723475976807e-17,1.3877787807814457e-17,0.06759288286079422
29,II,0.34753950305254466,0.34753950305254466,0.3475395030525448,0.49900915481800173,1.1102230246251565e-16,1.1102230246251565e-16,0.15146965176545707
29,IX,-0.192936917763112,-0.19293691776311203,-0.1929369177631121,-0.22221023950852745,8.326672684688674e-17,5.551115123125783e-17,0.029273321745415443
29,IY,0.08884963233549177,0.08884963233549178,0.08884963233549181,0.0916388409386547,4.163336342344337e-17,2.7755575615628914e-17,0.0027892086031629237
29,IZ,0.07164493813773772,0.07164493813773772,0.07164493813773777,-0.06853073370808548,5.551115123125783e-17,5.551115123125783e-17,0.1401756718458232
29,XI,-0.08385797325601435,-0.08385797325601436,-0.08385797325601439,-0.1528348529061873,4.163336342344337e-17,2.7755575615628914e-17,0.06897687965017296
29,XX,0.15767607584885107,0.1576760758488511,0.15767607584885113,0.14567062575739048,5.551115123125783e-17,2.7755575615628914e-17,0.01200545009146059
29,XY,-0.18611063981808443,-0.18611063981808448,-0.18611063981808448,-0.25937365329179934,5.551115123125783e-17,0.0,0.07326301347371492
29,XZ,0.1123446508071251,0.11234465080712513,0.11234465080712515,0.16941279281333904,5.551115123125783e-17,1.3877787807814457e-17,0.05706814200621395
29,YI,0.17299533145864976,0.17299533145864976,0.17299533145864981,0.1729627331743807,5.551115123125783e-17,5.551115123125783e-17,3.259828426904754e-05
29,YX,-0.20324090664024927,-0.2032409066402493,-0.20324090664024932,-0.23501536003879944,5.551115123125783e-17,2.7755575615628914e-17,0.03177445339855017
29,YY,-0.026658182314217415,-0.026658182314217415,-0.026658182314217432,-0.1502373213293554,1.734723475976807e-17,1.734723475976807e-17,0.12357913901513799
29,YZ,0.1470772928600582,0.14707729286005822,0.14707729286005827,-0.028176963369822894,8.326672684688674e-17,5.551115123125783e-17,0.17525425622988108
29,ZI,0.15025123079945102,0.15025123079945107,0.1502512307994511,0.12198057622165154,8.326672684688674e-17,2.7755575615628914e-17,0.02827065457779948
29,ZX,0.01104344178148206,0.011043441781482068,0.01104344178148206,-0.14276621744139148,0.0,6.938893903907228e-18,0.15380965922287354
29,ZY,0.17531263164413574,0.1753126316441358,0.1753126316441358,0.2731385579839236,5.551115123125783e-17,0.0,0.09782592633978787
29,ZZ,0.10503341459654576,0.10503341459654575,0.10503341459654582,0.162133008269624,5.551115123125783e-17,6.938893903907228e-17,0.05709959367307825
30,II,0.3688598002772733,0.36885980027727333,0.3688598002772735,0.9999999999999998,2.220446049250313e-16,1.6653345369377348e-16,0.6311401997227265
30,IX,0.27959310119056974,0.27959310119056974,0.27959310119056985,0.38693154495888504,1.1102230246251565e-16,1.1102230246251565e-16,0.1073384437683153
30,IY,0.02776828728383462,0.02776828728383464,0.02776828728383464,0.2832493326684794,1.734723475976807e-17,0.0,0.2554810453846448
30,IZ,0.10139637709496475,0.10139637709496477,0.1013963770949648,0.22322487463747687,4.163336342344337e-17,2.7755575615628914e-17,0.12182849754251211
30,XI,0.06212949366963465,0.06212949366963468,0.06212949366963469,0.08825705926401783,4.163336342344337e-17,6.938893903907228e-18,0.026127565594383187
30,XX,-0.025984950157361672,-0.025984950157361686,-0.025984950157361707,0.2590613960163576,3.469446951953614e-17,2.0816681711721685e-17,0.28504634617371927
30,XY,-0.2176088899631245,-0.21760888996312458,-0.2176088899631246,-0.5288733513945869,1.1102230246251565e-16,2.7755575615628914e-17,0.3112644614314624
30,XZ,0.20619132326017103,0.20619132326017106,0.20619132326017112,0.6174090460872111,8.326672684688674e-17,5.551115123125783e-17,0.4112177228270401
30,YI,0.22602379336393072,0.22602379336393078,0.22602379336393086,0.30657905310595757,1.3877787807814457e-16,8.326672684688674e-17,0.08055525974202685
30,YX,0.35487240768662387,0.354872407686624,0.35487240768662404,0.8647671696118336,1.6653345369377348e-16,5.551115123125783e-17,0.5098947619252098
30,YY,-0.06784032107275215,-0.06784032107275215,-0.06784032107275217,0.09102496185922647,2.7755575615628914e-17,2.7755575615628914e-17,0.1588652829319786
30,YZ,0.005126708390861401,0.005126708390861403,0.005126708390861406,-0.24105469272570504,5.204170427930421e-18,3.469446951953614e-18,0.24618140111656645
30,ZI,-0.1514722429902587,-0.15147224299025872,-0.15147224299025877,-0.42189515911544645,8.326672684688674e-17,5.551115123125783e-17,0.27042291612518776
30,ZX,-0.16291975762819347,-0.16291975762819352,-0.16291975762819355,-0.23453231406682054,8.326672684688674e-17,2.7755575615628914e-17,0.07161255643862707
30,ZY,-0.1803830541350122,-0.18038305413501224,-0.18038305413501227,-0.7158645607669072,5.551115123125783e-17,2.7755575615628914e-17,0.535481506631895
30,ZZ,-0.2203792326091163,-0.22037923260911635,-0.2203792326091164,-0.5751108588639124,1.1102230246251565e-16,5.551115123125783e-17,0.35473162625479615
31,II,0.22182258827305024,0.2218225882730503,0.22182258827305035,0.5494462045322385,1.1102230246251565e-16,5.551115123125783e-17,0.32762361625918823
31,IX,0.05132992114474828,0.05132992114474828,0.0513299211447483,0.0385506415762607,1.3877787807814457e-17,1.3877787807814457e-17,0.012779279568487581
31,IY,-0.10519787519004008,-0.1051978751900401,-0.10519787519004012,-0.40575511630252353,4.163336342344337e-17,1.3877787807814457e-17,0.30055724111248344
31,IZ,0.058926768327715956,0.058926768327715956,0.058926768327716005,0.09535995526994195,4.85722573273506e-17,4.85722573273506e-17,0.036433186942226
31,XI,0.05858953560403048,0.05858953560403048,0.05858953560403048,0.10683809996239926,0.0,0.0,0.04824856435836879
31,XX,0.025470087357793915,0.02547008735779393,0.025470087357793915,0.008154589705832688,0.0,1.3877787807814457e-17,0.017315497651961227
31,XY,-0.10447691571546644,-0.1044769157154665,-0.1044769157154665,-0.12292672724311682,5.551115123125783e-17,0.0,0.018449811527650378
31,XZ,-0.03304552323239825,-0.03304552323239825,-0.03304552323239826,0.052228469499909724,1.3877787807814457e-17,1.3877787807814457e-17,0.08527399273230797
31,YI,0.1992290218543011,0.19922902185430114,0.1992290218543012,0.3017235497024909,8.326672684688674e-17,5.551115123125783e-17,0.10249452784818977
31,YX,-0.031015978223916545,-0.03101597822391653,-0.031015978223916524,-0.1027811373504573,2.0816681711721685e-17,6.938893903907228e-18,0.07176515912654075
31,YY,-0.1223107584757881,-0.12231075847578814,-0.12231075847578818,-0.212904358255235,8.326672684688674e-17,4.163336342344337e-17,0.09059359977944689
31,YZ,0.12918209949534182,0.12918209949534182,0.12918209949534187,0.03535118847256574,5.551115123125783e-17,5.551115123125783e-17,0.09383091102277608
31,ZI,0.058645393566433744,0.05864539356643372,0.05864539356643372,0.252854177203371,2.0816681711721685e-17,0.0,0.19420878363693725
31,ZX,0.18237342448358432,0.18237342448358437,0.18237342448358443,0.18057733763044842,1.1102230246251565e-16,5.551115123125783e-17,0.0017960868531358976
31,ZY,-0.01485418233823782,-0.014854182338237834,-0.014854182338237834,-0.16798081426445816,1.3877787807814457e-17,0.0,0.15312663192622034
31,ZZ,0.046839666852435666,0.04683966685243565,0.04683966685243569,0.1489946087709732,2.0816681711721685e-17,3.469446951953614e-17,0.10215494191853754
32,II,0.21896961587096764,0.2189696158709677,0.2189696158709677,0.4117203127696101,5.551115123125783e-17,0.0,0.19275069689864244
32,IX,-0.1286120861168359,-0.12861208611683592,-0.12861208611683597,0.03756392770871411,8.326672684688674e-17,5.551115123125783e-17,0.16617601382555
32,IY,-0.1609570697465465,-0.16095706974654653,-0.16095706974654655,0.000610834425889599,5.551115123125783e-17,2.7755575615628914e-17,0.1615679041724361
32,IZ,0.1310750438661404,0.1310750438661404,0.13107504386614044,0.16587927168167407,2.7755575615628914e-17,2.7755575615628914e-17,0.03480422781553366
32,XI,-0.062406716404811116,-0.06240671640481114,-0.06240671640481116,-0.048613095354677636,4.163336342344337e-17,2.0816681711721685e-17,0.01379362105013348
32,XX,0.062453870559673,0.062453870559673025,0.062453870559673046,-0.13558633805954803,4.85722573273506e-17,2.0816681711721685e-17,0.19804020861922103
32,XY,0.04250923352311012,0.042509233523110174,0.042509233523110174,0.0569068158117593,5.551115123125783e-17,0.0,0.01439758228864918
32,XZ,-0.048186508305810116,-0.04818650830581014,-0.048186508305810144,0.09198434989443813,2.7755575615628914e-17,6.938893903907228e-18,0.14017085820024824
32,YI,0.16267964003564606,0.1626796400356461,0.1626796400356461,-0.13683410816382355,5.551115123125783e-17,0.0,0.29951374819946963
32,YX,-0.07049770838624336,-0.07049770838624339,-0.0704977083862434,-0.09817057509333754,4.163336342344337e-17,1.3877787807814457e-17,0.02767286670709418
32,YY,-0.09332832190689266,-0.09332832190689272,-0.09332832190689273,-0.2086434549044303,6.938893903907228e-17,1.3877787807814457e-17,0.11531513299753762
32,YZ,0.09181669027281797,0.09181669027281798,0.09181669027281801,-0.09102989787906238,4.163336342344337e-17,2.7755575615628914e-17,0.18284658815188035
32,ZI,-0.09776324109001239,-0.09776324109001243,-0.09776324109001244,-0.1328979096411138,5.551115123125783e-17,1.3877787807814457e-17,0.03513466855110142
32,ZX,0.05641459570899992,0.05641459570899993,0.05641459570899996,-0.14729017650274331,4.163336342344337e-17,2.7755575615628914e-17,0.20370477221174324
32,ZY,0.06777616280829225,0.0677761628082923,0.06777616280829231,0.11407165604332417,5.551115123125783e-17,1.3877787807814457e-17,0.04629549323503192
32,ZZ,-0.05377071273830348,-0.0537707127383035,-0.05377071273830353,-0.2433339154928503,4.85722573273506e-17,2.7755575615628914e-17,0.18956320275454683
33,II,0.24444330133841086,0.2444433013384109,0.24444330133841094,0.9999999999999999,8.326672684688674e-17,2.7755575615628914e-17,0.755556698661589
33,IX,0.09312961356489428,0.09312961356489428,0.0931296135648943,0.5128398430178459,1.3877787807814457e-17,1.3877787807814457e-17,0.4197102294529516
33,IY,0.09758770332346803,0.09758770332346806,0.09758770332346806,0.13903684619620815,2.7755575615628914e-17,0.0,0.041449142872740125
33,IZ,-0.16315285063601248,-0.16315285063601254,-0.16315285063601256,-0.6447625796788853,8.326672684688674e-17,2.7755575615628914e-17,0.4816097290428728
33,XI,-0.2355544768949172,-0.2355544768949173,-0.2355544768949173,-0.5270226868020396,8.326672684688674e-17,0.0,0.29146820990712236
33,XX,-0.14661309299924236,-0.14661309299924238,-0.1466130929992424,-0.16430398752705813,5.551115123125783e-17,2.7755575615628914e-17,0.017690894527815776
33,XY,-0.04778925356939957,-0.047789253569399566,-0.04778925356939955,0.1708401846346114,2.0816681711721685e-17,1.3877787807814457e-17,0.21862943820401098
33,XZ,0.2572577921470498,0.25725779214704986,0.25725779214704997,0.7235440622794393,1.6653345369377348e-16,1.1102230246251565e-16,0.46628627013238955
33,YI,-0.14734752410302937,-0.14734752410302937,-0.14734752410302943,-0.38378885429433274,5.551115123125783e-17,5.551115123125783e-17,0.23644133019130337
33,YX,-0.10239627354351204,-0.10239627354351204,-0.10239627354351205,-0.12722202249034373,1.3877787807814457e-17,1.3877787807814457e-17,0.02482574894683169
33,YY,-0.1853800484180808,-0.1853800484180809,-0.18538004841808098,-0.5387656410985804,1.6653345369377348e-16,8.326672684688674e-17,0.35338559268049957
33,YZ,0.05707384806404798,0.05707384806404799,0.057073848064047986,0.3778694117082394,6.938893903907228e-18,6.938893903907228e-18,0.32079556364419143
33,ZI,0.027117954535509407,0.02711795453550942,0.027117954535509442,-0.5225016136399298,3.469446951953614e-17,2.0816681711721685e-17,0.5496195681754391
33,ZX,-0.12260780779564334,-0.12260780779564337,-0.12260780779564343,-0.7223356061567335,8.326672684688674e-17,5.551115123125783e-17,0.5997277983610902
33,ZY,0.005252923612626602,0.005252923612626616,0.005252923612626609,-0.04268168863702336,6.938893903907228e-18,6.938893903907228e-18,0.04793461224964996
33,ZZ,-0.10849838928507924,-0.10849838928507925,-0.10849838928507924,0.2266335113099537,0.0,1.3877787807814457e-17,0.33513190059503295
34,II,0.13678797792044428,0.1367879779204443,0.13678797792044434,0.8161006160589832,5.551115123125783e-17,2.7755575615628914e-17,0.6793126381385389
34,IX,-0.07520838971832201,-0.07520838971832206,-0.07520838971832204,-0.23563846065272817,2.7755575615628914e-17,1.3877787807814457e-17,0.16043007093440614
34,IY,0.007601776659978167,0.007601776659978146,0.007601776659978139,-0.5028842149851745,2.7755575615628914e-17,6.938893903907228e-18,0.5104859916451527
34,IZ,-0.10792904484993149,-0.10792904484993164,-0.10792904484993163,-0.1932757660157307,1.3877787807814457e-16,1.3877787807814457e-17,0.08534672116579922
34,XI,0.021009821586015283,0.02100982158601531,0.021009821586015304,-0.48028797588225763,2.0816681711721685e-17,6.938893903907228e-18,0.501297797468273
34,XX,0.07267945469334952,0.07267945469334954,0.07267945469334952,0.39680119895202914,0.0,1.3877787807814457e-17,0.3241217442586796
34,XY,-0.03433385583997223,-0.03433385583997221,-0.03433385583997222,0.607951141303825,6.938893903907228e-18,6.938893903907228e-18,0.6422849971437972
34,XZ,-0.038965043938379934,-0.038965043938379934,-0.038965043938379955,-0.05158895844553174,2.0816681711721685e-17,2.0816681711721685e-17,0.012623914507151807
34,YI,0.056035568397020306,0.05603556839702034,0.056035568397020355,0.1486485380426469,4.85722573273506e-17,1.3877787807814457e-17,0.0926129696456266
34,YX,-0.03377465797608883,-0.03377465797608885,-0.03377465797608884,0.4051058760263919,1.3877787807814457e-17,6.938893903907228e-18,0.4388805340024807
34,YY,-0.10802266180973659,-0.10802266180973662,-0.10802266180973666,-0.3925365551207055,6.938893903907228e-17,4.163336342344337e-17,0.28451389331096893
34,YZ,0.031109883732914262,0.031109883732914262,0.031109883732914276,-0.05705001031476592,1.3877787807814457e-17,1.3877787807814457e-17,0.08815989404768018
34,ZI,-0.16006655773545458,-0.16006655773545467,-0.1600665577354547,-0.2996925020057483,1.1102230246251565e-16,2.7755575615628914e-17,0.13962594427029373
34,ZX,0.07432597791900691,0.07432597791900691,0.07432597791900693,0.1617395789678939,1.3877787807814457e-17,1.3877787807814457e-17,0.08741360104888699
34,ZY,0.02683599912705182,0.02683599912705182,0.02683599912705182,0.17016472886576806,0.0,0.0,0.14332872973871624
34,ZZ,0.10381466912867629,0.10381466912867626,0.10381466912867629,0.5794629121491759,0.0,2.7755575615628914e-17,0.4756482430204996
35,II,0.23470710017716828,0.23470710017716834,0.2347071001771684,0.5260938895906194,1.1102230246251565e-16,5.551115123125783e-17,0.29138678941345114
35,IX,-0.1999317330030757,-0.19993173300307573,-0.19993173300307576,-0.11126505730598456,5.551115123125783e-17,2.7755575615628914e-17,0.08866667569709115
35,IY,0.1251034812195152,0.12510348121951526,0.12510348121951528,0.35207342097093897,8.326672684688674e-17,2.7755575615628914e-17,0.22696993975142377
35,IZ,-0.03450373098459622,-0.03450373098459624,-0.034503730984596276,0.04046401547157022,5.551115123125783e-17,3.469446951953614e-17,0.07496774645616644
35,XI,-0.1323808440243226,-0.1323808440243226,-0.13238084402432262,-0.2520185970527885,2.7755575615628914e-17,2.7755575615628914e-17,0.11963775302846591
35,XX,0.1542685489542544,0.15426854895425446,0.15426854895425443,0.19913835803762672,2.7755575615628914e-17,2.7755575615628914e-17,0.04486980908337232
35,XY,-0.027513004504087484,-0.02751300450408751,-0.027513004504087522,-0.27933485399218105,3.8163916471489756e-17,1.3877787807814457e-17,0.25182184948809355
35,XZ,0.03664335838075726,0.036643358380757274,0.036643358380757274,-0.1947794321789753,1.3877787807814457e-17,0.0,0.23142279055973258
35,YI,0.12408145741502039,0.1240814574150204,0.12408145741502044,0.28281235545609884,5.551115123125783e-17,4.163336342344337e-17,0.15873089804107846
35,YX,-0.07317466100430972,-0.07317466100430972,-0.07317466100430972,0.07551442327042007,0.0,0.0,0.1486890842747298
35,YY,0.10082862938600003,0.10082862938600004,0.10082862938600004,0.29800400779567493,1.3877787807814457e-17,0.0,0.19717537840967492
35,YZ,0.03553618293326645,0.035536182933266436,0.03553618293326644,0.016948858915659143,6.938893903907228e-18,6.938893903907228e-18,0.018587324017607307
35,ZI,-0.032036683582570336,-0.032036683582570336,-0.03203668358257035,0.009850014239071725,1.3877787807814457e-17,1.3877787807814457e-17,0.04188669782164206
35,ZX,0.12990097739103415,0.1299009773910342,0.12990097739103423,-0.0561671820087007,8.326672684688674e-17,2.7755575615628914e-17,0.18606815939973487
35,ZY,0.030755321249758494,0.030755321249758494,0.03075532124975852,0.06312480907302662,2.7755575615628914e-17,2.7755575615628914e-17,0.03236948782326812
35,ZZ,-0.06279524670085505,-0.06279524670085505,-0.06279524670085507,-0.18238925495848377,1.3877787807814457e-17,1.3877787807814457e-17,0.11959400825762871
36,II,0.22553663237201502,0.22553663237201504,0.2255366323720151,1.0,8.326672684688674e-17,5.551115123125783e-17,0.774463367627985
36,IX,0.19236456129079083,0.19236456129079085,0.19236456129079088,0.4116006477356164,5.551115123125783e-17,2.7755575615628914e-17,0.21923608644482556
36,IY,-0.18008481259081882,-0.18008481259081888,-0.18008481259081888,-0.8274469830059797,5.551115123125783e-17,0.0,0.6473621704151609
36,IZ,-0.0010458909344704496,-0.0010458909344704705,-0.00104589093447046,-0.29278771966383976,1.0408340855860843e-17,1.0408340855860843e-17,0.2917418287293693
36,XI,-0.20230185035601445,-0.2023018503560145,-0.20230185035601456,-0.8148167458601607,1.1102230246251565e-16,5.551115123125783e-17,0.6125148955041463
36,XX,-0.1568560986154478,-0.15685609861544786,-0.15685609861544791,-0.4755955589020493,1.1102230246251565e-16,5.551115123125783e-17,0.3187394602866015
36,XY,0.15294228611330718,0.15294228611330718,0.1529422861133072,0.6576707647364702,2.7755575615628914e-17,2.7755575615628914e-17,0.5047284786231631
36,XZ,-0.05202588217694197,-0.052025882176941984,-0.052025882176942,0.25572662593032264,2.7755575615628914e-17,1.3877787807814457e-17,0.3077525081072646
36,YI,0.04126360558813413,0.04126360558813412,0.04126360558813413,0.23282411409501647,0.0,6.938893903907228e-18,0.19156050850688233
36,YX,0.1253919194398273,0.1253919194398273,0.12539191943982733,-0.01217825486617563,2.7755575615628914e-17,2.7755575615628914e-17,0.13757017430600293
36,YY,-0.002887030238049461,-0.0028870302380494886,-0.002887030238049468,-0.18805020828183672,6.938893903907228e-18,2.0816681711721685e-17,0.18516317804378726
36,YZ,-0.02717884435563544,-0.027178844355635445,-0.027178844355635425,-0.28086941038438706,1.3877787807814457e-17,2.0816681711721685e-17,0.2536905660287516
36,ZI,-0.11479488303755181,-0.11479488303755185,-0.11479488303755186,-0.470823591432882,5.551115123125783e-17,1.3877787807814457e-17,0.3560287083953302
36,ZX,-0.05505076213008757,-0.0550507621300876,-0.055050762130087624,-0.05716114055381055,5.551115123125783e-17,2.7755575615628914e-17,0.0021103784237229833
36,ZY,0.08536289732730316,0.0853628973273032,0.08536289732730318,0.5262761084960764,1.3877787807814457e-17,2.7755575615628914e-17,0.44091321116877324
36,ZZ,0.07472402358876945,0.07472402358876948,0.0747240235887695,0.04040623959913256,5.551115123125783e-17,2.7755575615628914e-17,0.03431778398963689
37,II,0.10461754147960958,0.10461754147960961,0.10461754147960962,0.7598059002814678,4.163336342344337e-17,1.3877787807814457e-17,0.6551883588018582
37,IX,0.072636191846213,0.07263619184621303,0.07263619184621306,0.3715863479836099,5.551115123125783e-17,2.7755575615628914e-17,0.2989501561373969
37,IY,-0.020382417284220813,-0.0203824172842208,-0.020382417284220803,-0.3347659621225355,1.0408340855860843e-17,3.469446951953614e-18,0.3143835448383147
37,IZ,0.0697254192250854,0.06972541922508545,0.06972541922508543,-0.12392585683533991,2.7755575615628914e-17,1.3877787807814457e-17,0.19365127606042531
37,XI,-0.08117318605005262,-0.08117318605005265,-0.08117318605005266,-0.3069258639833079,4.163336342344337e-17,1.3877787807814457e-17,0.22575267793325526
37,XX,-0.06303469213665763,-0.06303469213665766,-0.06303469213665767,0.008664874226269353,4.163336342344337e-17,1.3877787807814457e-17,0.07169956636292699
37,XY,0.05791893818062985,0.05791893818062985,0.05791893818062986,0.5114897656718699,1.3877787807814457e-17,1.3877787807814457e-17,0.45357082749124
37,XZ,-0.09840660574922669,-0.0984066057492267,-0.09840660574922672,0.2863681956608811,2.7755575615628914e-17,1.3877787807814457e-17,0.3847748014101078
37,YI,-0.02126690723044726,-0.021266907230447267,-0.02126690723044728,0.13927557123877013,2.0816681711721685e-17,1.3877787807814457e-17,0.16054247846921738
37,YX,-0.032381857745408284,-0.03238185774540825,-0.03238185774540826,0.1338759751252089,2.0816681711721685e-17,1.3877787807814457e-17,0.16625783287061718
37,YY,0.020264921409743702,0.020264921409743696,0.020264921409743706,-0.3352474310571075,3.469446951953614e-18,1.0408340855860843e-17,0.3555123524668512
37,YZ,0.03158842808239621,0.031588428082396196,0.03158842808239621,0.4073476608798462,0.0,1.3877787807814457e-17,0.37575923279745
37,ZI,-0.031821837207793635,-0.031821837207793593,-0.03182183720779362,-0.4086048272311945,1.3877787807814457e-17,2.7755575615628914e-17,0.3767829900234009
37,ZX,-0.019811849163924644,-0.01981184916392463,-0.019811849163924644,-0.617960107681416,0.0,1.3877787807814457e-17,0.5981482585174913
37,ZY,-0.03985154447281652,-0.03985154447281652,-0.03985154447281654,0.12446711199822101,2.0816681711721685e-17,2.0816681711721685e-17,0.16431865647103752
37,ZZ,-0.0253214706553276,-0.025321470655327596,-0.025321470655327572,0.18207458945798544,2.7755575615628914e-17,2.42861286636753e-17,0.20739606011331305
38,II,0.34542759461997646,0.34542759461997646,0.3454275946199766,0.46809541615917183,1.1102230246251565e-16,1.1102230246251565e-16,0.12266782153919537
38,IX,0.13479642828334762,0.13479642828334762,0.13479642828334767,0.19676589244581383,5.551115123125783e-17,5.551115123125783e-17,0.06196946416246621
38,IY,-0.1759372057225226,-0.17593720572252264,-0.17593720572252267,-0.22762619893435887,5.551115123125783e-17,2.7755575615628914e-17,0.05168899321183626
38,IZ,-0.034235627291162335,-0.034235627291162335,-0.03423562729116232,-0.12957406699938837,1.3877787807814457e-17,1.3877787807814457e-17,0.09533843970822603
38,XI,-0.021771923627283186,-0.02177192362728319,-0.02177192362728319,-0.1650641009793592,3.469446951953614e-18,0.0,0.143292177352076
38,XX,-0.04139238213647452,-0.04139238213647452,-0.04139238213647452,-0.15213138098055012,0.0,0.0,0.1107389988440756
38,XY,-0.18648151407281388,-0.18648151407281394,-0.18648151407281394,0.05267572024212187,5.551115123125783e-17,0.0,0.23915723431493574
38,XZ,0.06174528143486873,0.06174528143486874,0.06174528143486877,-0.06973892191964942,4.163336342344337e-17,3.469446951953614e-17,0.13148420335451816
38,YI,-0.02704845172720668,-0.027048451727206685,-0.02704845172720668,0.06031334336818422,0.0,3.469446951953614e-18,0.0873617950953909
38,YX,-0.22114491440542766,-0.22114491440542774,-0.22114491440542777,-0.0031162702609905564,1.1102230246251565e-16,2.7755575615628914e-17,0.2180286441444371
38,YY,-0.0361708522656602,-0.03617085226566021,-0.036170852265660206,0.04580636584666346,6.938893903907228e-18,6.938893903907228e-18,0.08197721811232367
38,YZ,-0.043341500915699264,-0.04334150091569927,-0.04334150091569927,-0.10737761236555987,6.938893903907228e-18,0.0,0.0640361114498606
38,ZI,-0.19836894380997416,-0.19836894380997414,-0.19836894380997422,-0.30615286906224226,5.551115123125783e-17,8.326672684688674e-17,0.1077839252522681
38,ZX,-0.12150327567607634,-0.12150327567607638,-0.12150327567607641,-0.14343094368881776,6.938893903907228e-17,2.7755575615628914e-17,0.021927668012741416
38,ZY,0.18734870333686793,0.18734870333686798,0.187348703336868,0.1964413293730245,8.326672684688674e-17,2.7755575615628914e-17,0.00909262603615657
38,ZZ,0.168509371319558,0.168509371319558,0.168509371319558,0.21725818771145097,0.0,0.0,0.04874881639189296
39,II,0.25065627748571623,0.2506562774857163,0.25065627748571634,0.9999999999999993,1.1102230246251565e-16,5.551115123125783e-17,0.7493437225142832
39,IX,-0.1894073288166069,-0.18940732881660693,-0.189407328816607,-0.2871801416047471,8.326672684688674e-17,5.551115123125783e-17,0.09777281278814018
39,IY,-0.19571957891064384,-0.19571957891064387,-0.19571957891064393,-0.31837786365115595,8.326672684688674e-17,5.551115123125783e-17,0.1226582847405121
39,IZ,-0.03843049820737706,-0.03843049820737705,-0.03843049820737706,0.1919906625559119,0.0,6.938893903907228e-18,0.23042116076328897
39,XI,-0.02674621402497864,-0.026746214024978655,-0.026746214024978662,-0.24778621024669656,2.0816681711721685e-17,6.938893903907228e-18,0.2210399962217179
39,XX,-0.13100511154161615,-0.1310051115416162,-0.1310051115416162,-0.27110097915970477,5.551115123125783e-17,0.0,0.14009586761808862
39,XY,0.13134966251236996,0.13134966251236996,0.13134966251236999,0.7530811764044572,2.7755575615628914e-17,2.7755575615628914e-17,0.6217315138920871
39,XZ,-0.030231749423752924,-0.030231749423752917,-0.03023174942375293,-0.44729598089910483,6.938893903907228e-18,1.3877787807814457e-17,0.4170642314753519
39,YI,0.01026094469721878,0.010260944697218798,0.010260944697218818,0.13614334655313864,3.8163916471489756e-17,2.0816681711721685e-17,0.12588240185591987
39,YX,-0.1302117034710074,-0.1302117034710074,-0.1302117034710075,-0.297722085400722,8.326672684688674e-17,8.326672684688674e-17,0.16751038192971457
39,YY,-0.041243033334262394,-0.04124303333426238,-0.0412430333342624,0.31250625966756074,6.938893903907228e-18,2.0816681711721685e-17,0.3537492930018231
39,YZ,0.14941827711958772,0.14941827711958772,0.14941827711958777,0.7820096521399645,5.551115123125783e-17,5.551115123125783e-17,0.6325913750203769
39,ZI,0.2700108526909822,0.27001085269098224,0.2700108526909823,0.3751856813695673,1.1102230246251565e-16,5.551115123125783e-17,0.10517482867858513
39,ZX,-0.14518494105362512,-0.1451849410536251,-0.14518494105362512,-0.8364454198521032,0.0,2.7755575615628914e-17,0.6912604787984781
39,ZY,-0.25313420101655415,-0.25313420101655415,-0.25313420101655426,-0.46462429033907393,1.1102230246251565e-16,1.1102230246251565e-16,0.21149008932251978
39,ZZ,-0.05307752843940207,-0.053077528439402104,-0.05307752843940209,-0.06745599777811684,2.0816681711721685e-17,1.3877787807814457e-17,0.01437846933871477
40,II,0.15185540698394706,0.1518554069839471,0.15185540698394712,0.5822735723604195,5.551115123125783e-17,2.7755575615628914e-17,0.4304181653764725
40,IX,-0.016568294431091875,-0.016568294431091868,-0.016568294431091896,-0.2818622979941784,2.0816681711721685e-17,2.7755575615628914e-17,0.2652940035630865
40,IY,-0.048449274907603083,-0.048449274907603104,-0.048449274907603104,0.11589019963717201,2.0816681711721685e-17,0.0,0.1643394745447751
40,IZ,0.0850089054216861,0.0850089054216861,0.0850089054216861,0.3289610362255454,0.0,0.0,0.2439521308038593
40,XI,0.03699542170196353,0.03699542170196353,0.03699542170196356,0.12155970226715565,2.7755575615628914e-17,2.7755575615628914e-17,0.08456428056519212
40,XX,-0.13291683860841158,-0.13291683860841164,-0.13291683860841166,-0.30335198205178227,8.326672684688674e-17,2.7755575615628914e-17,0.17043514344337068
40,XY,0.007450450582797349,0.007450450582797339,0.007450450582797329,-0.169330842993127,2.0816681711721685e-17,1.0408340855860843e-17,0.17678129357592437
40,XZ,0.010496644768123476,0.010496644768123488,0.010496644768123483,0.00023801504240907045,6.938893903907228e-18,5.204170427930421e-18,0.010258629725714405
40,YI,-0.05949424890081421,-0.059494248900814214,-0.05949424890081423,-0.2803733152463161,2.0816681711721685e-17,1.3877787807814457e-17,0.2208790663455019
40,YX,-0.01743312598909319,-0.01743312598909319,-0.017433125989093197,0.23785046168512952,6.938893903907228e-18,6.938893903907228e-18,0.2552835876742227
40,YY,0.06620391599462928,0.0662039159946293,0.06620391599462933,-0.1851902433881531,4.163336342344337e-17,2.7755575615628914e-17,0.25139415938278237
40,YZ,-0.15477054884002905,-0.1547705488400291,-0.15477054884002917,-0.1871249130196287,1.1102230246251565e-16,5.551115123125783e-17,0.03235436417959964
40,ZI,-0.04722096257208092,-0.04722096257208096,-0.04722096257208093,-0.16156493249290077,6.938893903907228e-18,2.7755575615628914e-17,0.11434396992081985
40,ZX,0.08914307746694385,0.08914307746694386,0.08914307746694387,0.12113739221468911,2.7755575615628914e-17,1.3877787807814457e-17,0.031994314747745264
40,ZY,0.1622227285627163,0.16222272856271636,0.1622227285627164,0.13779713320946602,1.1102230246251565e-16,5.551115123125783e-17,0.024425595353250285
40,ZZ,0.0016850044296452121,0.001685004429645219,0.0016850044296452468,-0.2594486963051513,3.469446951953614e-17,2.7755575615628914e-17,0.2611337007347965
41,II,0.16364194650833447,0.1636419465083345,0.16364194650833452,0.4670109685922635,5.551115123125783e-17,2.7755575615628914e-17,0.303369022083929
41,IX,-0.09865039722641106,-0.09865039722641109,-0.09865039722641109,0.0501422931669655,2.7755575615628914e-17,0.0,0.14879269039337656
41,IY,0.044010448846081476,0.044010448846081476,0.044010448846081504,0.07345213884892597,2.7755575615628914e-17,2.7755575615628914e-17,0.029441690002844495
41,IZ,-0.04128880148633057,-0.0412888014863306,-0.0412888014863306,0.25061563588237007,2.7755575615628914e-17,0.0,0.29190443736870064
41,XI,-0.024653665140753612,-0.02465366514075363,-0.024653665140753643,-0.19638151401078568,3.122502256758253e-17,1.3877787807814457e-17,0.17172784887003206
41,XX,0.08183546217541282,0.08183546217541285,0.08183546217541288,0.13911619362121852,5.551115123125783e-17,2.7755575615628914e-17,0.0572807314458057
41,XY,0.045177544869158925,0.04517754486915895,0.04517754486915895,-0.015505350339462848,2.7755575615628914e-17,0.0,0.06068289520862177
41,XZ,0.03148776001217336,0.03148776001217335,0.03148776001217337,-0.28916566260674265,6.938893903907228e-18,2.0816681711721685e-17,0.320653422618916
41,YI,0.14314793632645562,0.14314793632645564,0.14314793632645567,0.24134920120925424,5.551115123125783e-17,2.7755575615628914e-17,0.09820126488279862
41,YX,-0.11954988720903151,-0.11954988720903154,-0.11954988720903156,0.18153907894315593,5.551115123125783e-17,2.7755575615628914e-17,0.30108896615218744
41,YY,0.06405258913828331,0.06405258913828332,0.06405258913828335,0.07313904571887356,4.163336342344337e-17,2.7755575615628914e-17,0.00908645658059025
41,YZ,0.0012351807826628657,0.0012351807826628744,0.0012351807826628952,0.2564703659110868,2.949029909160572e-17,2.0816681711721685e-17,0.2552351851284239
41,ZI,0.05175528129570678,0.05175528129570675,0.051755281295706765,0.08399972071069445,1.3877787807814457e-17,1.3877787807814457e-17,0.03224443941498767
41,ZX,-0.01138001201637311,-0.011380012016373106,-0.0113800120163731,-0.01815106471229587,1.0408340855860843e-17,6.938893903907228e-18,0.00677105269592276
41,ZY,0.00918178849018278,0.009181788490182786,0.009181788490182776,0.24143128113366075,3.469446951953614e-18,1.0408340855860843e-17,0.23224949264347797
41,ZZ,-0.05569739162965531,-0.055697391629655306,-0.055697391629655285,0.029512112433948287,2.7755575615628914e-17,2.0816681711721685e-17,0.0852095040636036
42,II,0.30147112138874743,0.30147112138874743,0.3014711213887475,0.9999999999999999,5.551115123125783e-17,5.551115123125783e-17,0.6985288786112525
42,IX,0.10563086130937582,0.10563086130937586,0.10563086130937588,0.6410963956191726,5.551115123125783e-17,1.3877787807814457e-17,0.5354655343097968
42,IY,0.15285015523122714,0.15285015523122714,0.1528501552312272,0.29884764799166635,5.551115123125783e-17,5.551115123125783e-17,0.14599749276043922
42,IZ,0.19030782972176966,0.19030782972176974,0.19030782972176974,0.3039802523462841,8.326672684688674e-17,0.0,0.11367242262451446
42,XI,-0.031184662523792418,-0.031184662523792442,-0.03118466252379245,-0.5467413835614552,3.122502256758253e-17,6.938893903907228e-18,0.5155567210376628
42,XX,-0.16574689553281804,-0.16574689553281804,-0.16574689553281807,-0.8346107543084966,2.7755575615628914e-17,2.7755575615628914e-17,0.6688638587756786
42,XY,-0.06443622871697594,-0.06443622871697596,-0.06443622871697598,-0.08640864495733251,4.163336342344337e-17,1.3877787807814457e-17,0.021972416240356576
42,XZ,0.07242588635873415,0.07242588635873418,0.07242588635873418,0.046541125527622296,2.7755575615628914e-17,0.0,0.025884760831111853
42,YI,-0.1432610873688818,-0.14326108736888182,-0.14326108736888188,-0.27829232554091504,8.326672684688674e-17,5.551115123125783e-17,0.13503123817203325
42,YX,-0.14843161857425646,-0.14843161857425646,-0.14843161857425652,-0.23863655255592442,5.551115123125783e-17,5.551115123125783e-17,0.09020493398166796
42,YY,0.11181913418374809,0.11181913418374814,0.11181913418374811,0.21057216746914215,2.7755575615628914e-17,2.7755575615628914e-17,0.09875303328539406
42,YZ,-0.17945659543972262,-0.1794565954397227,-0.1794565954397227,-0.6192253850771829,8.326672684688674e-17,0.0,0.43976878963746036
42,ZI,0.24580211117671083,0.24580211117671094,0.24580211117671097,0.4651298098906277,1.3877787807814457e-16,2.7755575615628914e-17,0.21932769871391686
42,ZX,0.09504237814937283,0.09504237814937287,0.09504237814937289,0.25448688384701545,5.551115123125783e-17,1.3877787807814457e-17,0.15944450569764262
42,ZY,0.22009769328959305,0.22009769328959305,0.2200976932895931,0.6669215291708461,5.551115123125783e-17,5.551115123125783e-17,0.4468238358812531
42,ZZ,0.2178428012599696,0.21784280125996958,0.2178428012599697,0.3377563336557746,8.326672684688674e-17,1.1102230246251565e-16,0.11991353239580502
43,II,0.16799237183270138,0.16799237183270144,0.1679923718327015,0.6911610346589661,1.1102230246251565e-16,5.551115123125783e-17,0.5231686628262646
43,IX,-0.10180940136945378,-0.1018094013694538,-0.10180940136945384,-0.3272881708847074,5.551115123125783e-17,4.163336342344337e-17,0.22547876951525364
43,IY,-0.09450003721958206,-0.09450003721958208,-0.09450003721958211,-0.5476627329123218,5.551115123125783e-17,2.7755575615628914e-17,0.45316269569273976
43,IZ,0.042418275022386535,0.042418275022386535,0.04241827502238653,0.027862964809347857,6.938893903907228e-18,6.938893903907228e-18,0.014555310213038679
43,XI,-0.16586126508172055,-0.1658612650817206,-0.1658612650817206,-0.10154384758382408,5.551115123125783e-17,0.0,0.06431741749789648
43,XX,0.2112291810530526,0.2112291810530526,0.21122918105305266,0.020379442668042314,5.551115123125783e-17,5.551115123125783e-17,0.1908497383850103
43,XY,0.10267691748829683,0.10267691748829684,0.10267691748829685,0.14135634827305768,2.7755575615628914e-17,1.3877787807814457e-17,0.038679430784760854
43,XZ,0.08425343311248293,0.08425343311248296,0.08425343311248296,0.06645277970046477,2.7755575615628914e-17,0.0,0.017800653412018155
43,YI,-0.10126568864611998,-0.10126568864611998,-0.10126568864612003,-0.5688967814401257,4.163336342344337e-17,4.163336342344337e-17,0.4676310927940057
43,YX,0.05705393749525518,0.05705393749525521,0.05705393749525522,0.32153839256258565,3.469446951953614e-17,6.938893903907228e-18,0.2644844550673305
43,YY,0.09814949929054251,0.09814949929054252,0.09814949929054252,0.48966091441050424,1.3877787807814457e-17,0.0,0.39151141511996174
43,YZ,-0.09688867669814775,-0.09688867669814778,-0.09688867669814781,0.0336178101863881,5.551115123125783e-17,2.7755575615628914e-17,0.13050648688453587
43,ZI,0.013311401799234974,0.013311401799234956,0.013311401799234998,0.23448377665862677,2.42861286636753e-17,4.163336342344337e-17,0.22117237485939178
43,ZX,0.0753836376132545,0.07538363761325452,0.07538363761325455,-0.1087441072556051,4.163336342344337e-17,2.7755575615628914e-17,0.1841277448688596
43,ZY,-0.0831112415508144,-0.0831112415508144,-0.0831112415508144,-0.25338366769705384,0.0,0.0,0.17027242614623944
43,ZZ,-0.13505279816350413,-0.13505279816350418,-0.13505279816350418,0.02134550355117748,5.551115123125783e-17,0.0,0.1563983017146816
44,II,0.20694983434216746,0.20694983434216752,0.20694983434216752,0.4352189333720408,5.551115123125783e-17,0.0,0.22826909902987336
44,IX,0.06412928566073531,0.06412928566073532,0.06412928566073535,-0.12247201506489606,4.163336342344337e-17,2.7755575615628914e-17,0.18660130072563136
44,IY,0.025438856238072526,0.025438856238072523,0.02543885623807253,0.014349381971446206,3.469446951953614e-18,6.938893903907228e-18,0.01108947426662632
44,IZ,-0.02993948396841155,-0.02993948396841156,-0.02993948396841157,-0.23890475606116723,1.734723475976807e-17,1.0408340855860843e-17,0.20896527209275567
44,XI,-0.05837827480324417,-0.05837827480324419,-0.0583782748032442,0.08743938784017727,2.7755575615628914e-17,1.3877787807814457e-17,0.14581766264342144
44,XX,0.011609190166651025,0.011609190166651021,0.011609190166651032,-0.012970722385847372,6.938893903907228e-18,1.0408340855860843e-17,0.024579912552498397
44,XY,-0.05355036806359079,-0.05355036806359079,-0.0535503680635908,-0.12436246525216728,6.938893903907228e-18,6.938893903907228e-18,0.07081209718857648
44,XZ,-0.053021140075064505,-0.053021140075064525,-0.05302114007506453,-0.210495098189285,2.7755575615628914e-17,6.938893903907228e-18,0.1574739581142205
44,YI,0.03234381351592355,0.03234381351592356,0.03234381351592356,0.18096154222542493,6.938893903907228e-18,0.0,0.14861772870950138
44,YX,0.028061705701119877,0.028061705701119866,0.028061705701119866,-0.05260385864592619,1.0408340855860843e-17,0.0,0.08066556434704607
44,YY,0.16911410923193548,0.16911410923193554,0.16911410923193554,0.20870797166528376,5.551115123125783e-17,0.0,0.03959386243334828
44,YZ,-0.06898819861414279,-0.06898819861414279,-0.06898819861414282,-0.17405077778096978,2.7755575615628914e-17,2.7755575615628914e-17,0.10506257916682699
44,ZI,-0.054849153110767226,-0.054849153110767226,-0.05484915311076721,0.16612775627530302,1.3877787807814457e-17,1.3877787807814457e-17,0.22097690938607023
44,ZX,-0.10896112373114307,-0.10896112373114307,-0.1089611237311431,-0.2629466255159166,2.7755575615628914e-17,2.7755575615628914e-17,0.1539855017847735
44,ZY,-0.07957254422922218,-0.07957254422922219,-0.0795725442292222,-0.053274107865253426,2.7755575615628914e-17,1.3877787807814457e-17,0.026298436363968752
44,ZZ,0.07208253540751733,0.07208253540751731,0.07208253540751733,-0.06575028047930224,0.0,1.3877787807814457e-17,0.13783281588681956
45,II,0.3373076855949054,0.33730768559490554,0.33730768559490565,0.9999999999999996,2.220446049250313e-16,1.1102230246251565e-16,0.6626923144050941
45,IX,0.048502520965955455,0.04850252096595547,0.04850252096595549,-0.14650242119739593,3.469446951953614e-17,2.0816681711721685e-17,0.19500494216335137
45,IY,-0.047985674222865954,-0.04798567422286598,-0.047985674222865995,0.05114090931500769,4.163336342344337e-17,1.3877787807814457e-17,0.09912658353787365
45,IZ,-0.22257251709745848,-0.2225725170974586,-0.22257251709745868,-0.7701427924164596,1.942890293094024e-16,8.326672684688674e-17,0.547570275319001
45,XI,0.09782559400325551,0.09782559400325556,0.09782559400325558,0.6157687251903543,6.938893903907228e-17,1.3877787807814457e-17,0.5179431311870988
45,XX,-0.1659068522501304,-0.16590685225013047,-0.16590685225013047,-0.44212669074537037,5.551115123125783e-17,0.0,0.27621983849523996
45,XY,-0.15921150242632176,-0.15921150242632182,-0.15921150242632184,-0.19067109725012682,8.326672684688674e-17,2.7755575615628914e-17,0.03145959482380506
45,XZ,-0.18126964875374718,-0.18126964875374724,-0.18126964875374724,-0.7281080772751025,5.551115123125783e-17,0.0,0.5468384285213553
45,YI,-0.04223908605114267,-0.04223908605114269,-0.042239086051142696,-0.17051551071616997,2.7755575615628914e-17,6.938893903907228e-18,0.1282764246650273
45,YX,0.0766607192977439,0.07666071929774393,0.07666071929774396,0.26343097621688166,5.551115123125783e-17,2.7755575615628914e-17,0.18677025691913776
45,YY,-0.25906190069515633,-0.2590619006951564,-0.25906190069515644,-0.5697983610839493,1.1102230246251565e-16,5.551115123125783e-17,0.310736460388793
45,YZ,0.1112658991256615,0.11126589912566151,0.11126589912566152,0.13345866452566726,2.7755575615628914e-17,1.3877787807814457e-17,0.022192765400005768
45,ZI,0.2065411529120157,0.2065411529120157,0.2065411529120158,0.4571122514393337,1.1102230246251565e-16,1.1102230246251565e-16,0.250571098527318
45,ZX,0.2003528870334012,0.20035288703340126,0.20035288703340132,0.3733534475311295,1.1102230246251565e-16,5.551115123125783e-17,0.17300056049772827
45,ZY,-0.03181808376428945,-0.03181808376428945,-0.031818083764289476,0.15617772008758518,2.7755575615628914e-17,2.7755575615628914e-17,0.18799580385187464
45,ZZ,-0.305772186848566,-0.30577218684856605,-0.30577218684856616,-0.6541934428343906,1.6653345369377348e-16,1.1102230246251565e-16,0.34842125598582463
46,II,0.1832194643203602,0.18321946432036018,0.18321946432036024,0.6390603922897116,2.7755575615628914e-17,5.551115123125783e-17,0.4558409279693514
46,IX,0.052940497105132225,0.05294049710513223,0.05294049710513225,0.41593517009513925,2.7755575615628914e-17,2.0816681711721685e-17,0.36299467299000704
46,IY,0.18660569880018046,0.18660569880018052,0.18660569880018055,0.19279832995030646,8.326672684688674e-17,2.7755575615628914e-17,0.006192631150125999
46,IZ,-0.01492763114212316,-0.014927631142123178,-0.014927631142123178,-0.17201451288325617,1.734723475976807e-17,0.0,0.157086881741133
46,XI,0.1640505399625788,0.16405053996257882,0.16405053996257885,0.4604061214343387,5.551115123125783e-17,2.7755575615628914e-17,0.2963555814717599
46,XX,0.10215123068563467,0.10215123068563466,0.10215123068563468,0.4411899863624981,1.3877787807814457e-17,2.7755575615628914e-17,0.3390387556768635
46,XY,0.16063264178782155,0.1606326417878216,0.16063264178782166,0.06417694275420142,1.1102230246251565e-16,5.551115123125783e-17,0.09645569903362013
46,XZ,-0.006665464000004402,-0.006665464000004402,-0.006665464000004395,-0.2449748561322237,6.938893903907228e-18,6.938893903907228e-18,0.2383093921322193
46,YI,0.053732370397084867,0.05373237039708489,0.0537323703970849,0.22940915654396873,3.469446951953614e-17,1.3877787807814457e-17,0.17567678614688387
46,YX,-0.05925414084745066,-0.05925414084745066,-0.05925414084745068,0.23324173022139283,2.0816681711721685e-17,2.0816681711721685e-17,0.2924958710688435
46,YY,0.1614015408037968,0.16140154080379687,0.16140154080379687,0.2363390963237127,8.326672684688674e-17,0.0,0.0749375555199159
46,YZ,0.05968341618938332,0.059683416189383345,0.05968341618938335,0.17026667234511236,3.469446951953614e-17,6.938893903907228e-18,0.11058325615572905
46,ZI,0.042541004796510185,0.042541004796510185,0.042541004796510226,0.014215294773703313,4.163336342344337e-17,4.163336342344337e-17,0.02832571002280687
46,ZX,-0.027978624362844068,-0.02797862436284408,-0.027978624362844096,-0.03175450792855658,2.7755575615628914e-17,1.3877787807814457e-17,0.0037758835657125123
46,ZY,0.030362932629555806,0.030362932629555812,0.030362932629555833,0.2159630536721395,2.7755575615628914e-17,2.0816681711721685e-17,0.1856001210425837
46,ZZ,-0.053425827525397734,-0.05342582752539775,-0.05342582752539777,-0.11998375307088907,3.469446951953614e-17,2.0816681711721685e-17,0.06655792554549134
47,II,0.29923407209652664,0.29923407209652675,0.29923407209652675,0.5558139431306311,1.1102230246251565e-16,0.0,0.2565798710341045
47,IX,0.1495269697921443,0.14952696979214436,0.1495269697921444,0.30267901120384944,8.326672684688674e-17,2.7755575615628914e-17,0.15315204141170513
47,IY,-0.1888468301818269,-0.18884683018182696,-0.188846830181827,-0.20849917488573302,8.326672684688674e-17,2.7755575615628914e-17,0.019652344703906116
47,IZ,-0.0635993496504824,-0.06359934965048243,-0.06359934965048246,0.05207354663995249,5.551115123125783e-17,2.7755575615628914e-17,0.1156728962904349
47,XI,-0.19187130061119723,-0.19187130061119728,-0.1918713006111973,-0.2980597312336487,8.326672684688674e-17,2.7755575615628914e-17,0.10618843062245148
47,XX,-0.03562519049979678,-0.03562519049979679,-0.03562519049979679,-0.14221240838238394,6.938893903907228e-18,0.0,0.10658721788258715
47,XY,0.22765003760774263,0.22765003760774266,0.22765003760774277,0.35659198166057604,1.3877787807814457e-16,1.1102230246251565e-16,0.1289419440528334
47,XZ,0.04712601048514363,0.04712601048514364,0.04712601048514367,-0.15365949678482985,4.163336342344337e-17,2.7755575615628914e-17,0.20078550726997346
47,YI,0.1654171582775002,0.16541715827750023,0.16541715827750025,0.24226118863363655,5.551115123125783e-17,2.7755575615628914e-17,0.07684403035613635
47,YX,0.15125276519458644,0.15125276519458652,0.15125276519458658,0.3404188909274001,1.3877787807814457e-16,5.551115123125783e-17,0.18916612573281363
47,YY,-0.053943743805282426,-0.05394374380528242,-0.05394374380528244,-0.024521470398936936,1.3877787807814457e-17,2.0816681711721685e-17,0.02942227340634549
47,YZ,-0.028832573470145926,-0.028832573470145943,-0.02883257347014595,-0.11181608069401228,2.42861286636753e-17,6.938893903907228e-18,0.08298350722386635
47,ZI,0.042173397604375745,0.042173397604375745,0.042173397604375745,0.08196102381381379,0.0,0.0,0.03978762620943804
47,ZX,0.038904839650233454,0.03890483965023345,0.038904839650233475,0.15813547976461573,2.0816681711721685e-17,2.7755575615628914e-17,0.11923064011438228
47,ZY,-0.011396583919336293,-0.011396583919336296,-0.011396583919336317,0.18022235771177328,2.42861286636753e-17,2.0816681711721685e-17,0.19161894163110957
47,ZZ,0.12309037456046514,0.12309037456046515,0.12309037456046519,0.1891365723548879,5.551115123125783e-17,4.163336342344337e-17,0.06604619779442276
48,II,0.18535347552365916,0.18535347552365916,0.18535347552365922,1.0,5.551115123125783e-17,5.551115123125783e-17,0.8146465244763408
48,IX,0.07388295657180616,0.07388295657180617,0.0738829565718062,0.1074054586574209,4.163336342344337e-17,2.7755575615628914e-17,0.03352250208561475
48,IY,0.054662079506791805,0.05466207950679185,0.05466207950679186,0.6824392915794637,5.551115123125783e-17,1.3877787807814457e-17,0.6277772120726719
48,IZ,0.01886547691220062,0.018865476912200634,0.018865476912200627,-0.04510812577346818,6.938893903907228e-18,6.938893903907228e-18,0.06397360268566879
48,XI,0.16133995144340066,0.1613399514434007,0.16133995144340074,0.22388878342732654,8.326672684688674e-17,5.551115123125783e-17,0.06254883198392588
48,XX,0.18338065948997923,0.18338065948997928,0.1833806594899793,0.6809717491167618,8.326672684688674e-17,2.7755575615628914e-17,0.4975910896267826
48,XY,0.18145188141082186,0.18145188141082186,0.1814518814108219,0.20398010881184195,5.551115123125783e-17,5.551115123125783e-17,0.02252822740102009
48,XZ,-0.05938295851878996,-0.05938295851878996,-0.05938295851878998,-0.2559330326605953,2.0816681711721685e-17,2.0816681711721685e-17,0.19655007414180534
48,YI,-0.10135630950373381,-0.10135630950373384,-0.10135630950373387,0.24566879777101247,5.551115123125783e-17,2.7755575615628914e-17,0.3470251072747463
48,YX,-0.1041121484027465,-0.10411214840274653,-0.10411214840274653,-0.25992524213520907,2.7755575615628914e-17,0.0,0.15581309373246255
48,YY,-0.060799969883588344,-0.060799969883588344,-0.06079996988358835,0.35993793891809245,6.938893903907228e-18,6.938893903907228e-18,0.42073790880168077
48,YZ,-0.17895848667703343,-0.17895848667703348,-0.1789584866770335,-0.6196310552053674,8.326672684688674e-17,2.7755575615628914e-17,0.44067256852833403
48,ZI,-0.054611905900936446,-0.05461190590093644,-0.05461190590093645,-0.6073011746315523,6.938893903907228e-18,1.3877787807814457e-17,0.5526892687306159
48,ZX,0.09812653804994204,0.09812653804994206,0.09812653804994208,-0.030955059417416553,4.163336342344337e-17,1.3877787807814457e-17,0.1290815974673586
48,ZY,-0.18068102478642245,-0.1806810247864225,-0.1806810247864225,-0.9029208823459003,5.551115123125783e-17,0.0,0.7222398575594778
48,ZZ,-0.05181562254228864,-0.05181562254228865,-0.05181562254228868,-0.2707329292445649,3.469446951953614e-17,2.7755575615628914e-17,0.21891730670227624
49,II,0.2016292753851026,0.2016292753851026,0.20162927538510267,0.7691196723792657,5.551115123125783e-17,5.551115123125783e-17,0.5674903969941631
49,IX,-0.022534181264693778,-0.022534181264693778,-0.022534181264693788,0.08894729845520012,1.0408340855860843e-17,1.0408340855860843e-17,0.1114814797198939
49,IY,-0.0748766751370473,-0.07487667513704732,-0.07487667513704735,-0.6300061287543627,5.551115123125783e-17,2.7755575615628914e-17,0.5551294536173154
49,IZ,0.06638226903571277,0.06638226903571282,0.0663822690357129,-0.02127180042568752,1.249000902703301e-16,8.326672684688674e-17,0.0876540694614003
49,XI,0.1508513977571147,0.1508513977571147,0.15085139775711476,0.536815279328807,5.551115123125783e-17,5.551115123125783e-17,0.3859638815716923
49,XX,0.05080055679886167,0.050800556798861675,0.05080055679886169,0.10745665898031026,2.0816681711721685e-17,1.3877787807814457e-17,0.05665610218144859
49,XY,-0.150481945543695,-0.15048194554369504,-0.1504819455436951,-0.600482256352658,8.326672684688674e-17,5.551115123125783e-17,0.45000031080896297
49,XZ,0.07952201356835109,0.07952201356835109,0.0795220135683511,0.19788317301015976,1.3877787807814457e-17,1.3877787807814457e-17,0.11836115944180867
49,YI,0.0293391617070464,0.029339161707046403,0.029339161707046417,-0.11725040944109066,1.734723475976807e-17,1.3877787807814457e-17,0.14658957114813706
49,YX,-0.05379075714322544,-0.05379075714322548,-0.0537907571432255,-0.3548789370141952,6.245004513516506e-17,2.0816681711721685e-17,0.30108817987096975
49,YY,-0.08038622049373553,-0.08038622049373555,-0.08038622049373557,0.05311085009998667,4.163336342344337e-17,2.7755575615628914e-17,0.1334970705937222
49,YZ,0.07066322410837832,0.07066322410837833,0.07066322410837836,0.11400477052409014,4.163336342344337e-17,2.7755575615628914e-17,0.04334154641571182
49,ZI,-0.07100013471891506,-0.07100013471891503,-0.07100013471891507,-0.3773098115509692,1.3877787807814457e-17,4.163336342344337e-17,0.3063096768320541
49,ZX,0.06720878946509906,0.06720878946509908,0.06720878946509909,0.06584474153347668,2.7755575615628914e-17,1.3877787807814457e-17,0.0013640479316223836
49,ZY,0.012368508470268954,0.01236850847026896,0.01236850847026897,0.4163555133541289,1.5612511283791264e-17,1.0408340855860843e-17,0.40398700488385997
49,ZZ,0.028561469423057276,0.028561469423057297,0.028561469423057213,0.2962143688737937,6.245004513516506e-17,8.326672684688674e-17,0.26765289945073645
50,II,0.2588779277107601,0.2588779277107602,0.25887792771076024,0.4770586934605664,1.1102230246251565e-16,5.551115123125783e-17,0.21818076574980627
50,IX,-0.06386496077658892,-0.06386496077658893,-0.06386496077658894,-0.09614876483636474,2.7755575615628914e-17,1.3877787807814457e-17,0.03228380405977582
50,IY,-0.03533710523317031,-0.03533710523317031,-0.03533710523317032,0.029830295607194256,6.938893903907228e-18,6.938893903907228e-18,0.06516740084036457
50,IZ,-0.16343367867414899,-0.16343367867414896,-0.16343367867414899,-0.27345392266808627,0.0,2.7755575615628914e-17,0.11002024399393728
50,XI,-0.11287391540109773,-0.11287391540109777,-0.11287391540109779,-0.261847459757933,5.551115123125783e-17,1.3877787807814457e-17,0.14897354435683527
50,XX,-0.006626936570648029,-0.006626936570648036,-0.006626936570648029,-0.02701818462426278,0.0,6.938893903907228e-18,0.020391248053614752
50,XY,0.15210798346743457,0.1521079834674346,0.15210798346743462,-0.039842191939981286,5.551115123125783e-17,2.7755575615628914e-17,0.19195017540741585
50,XZ,0.16670986125522783,0.16670986125522785,0.16670986125522788,0.24196340535702832,5.551115123125783e-17,2.7755575615628914e-17,0.07525354410180049
50,YI,-0.204073898388985,-0.20407389838898504,-0.2040738983889851,-0.14836058677944386,1.1102230246251565e-16,5.551115123125783e-17,0.05571331160954113
50,YX,0.05076203541663672,0.05076203541663674,0.05076203541663674,-0.01224231397610483,2.0816681711721685e-17,0.0,0.06300434939274155
50,YY,-0.07981489665302816,-0.07981489665302816,-0.07981489665302817,-0.009637547918414174,1.3877787807814457e-17,1.3877787807814457e-17,0.07017734873461398
50,YZ,0.20319829229984274,0.20319829229984276,0.20319829229984282,0.2810578034087003,8.326672684688674e-17,5.551115123125783e-17,0.07785951110885755
50,ZI,-0.061547724109821025,-0.06154772410982107,-0.061547724109821095,0.002014700768496497,6.938893903907228e-17,2.7755575615628914e-17,0.06356242487831752
50,ZX,-0.1706919518427507,-0.17069195184275074,-0.17069195184275077,0.07855846940756352,5.551115123125783e-17,2.7755575615628914e-17,0.2492504212503142
50,ZY,-0.06166628923043353,-0.061666289230433546,-0.06166628923043355,-0.06767390845160264,2.0816681711721685e-17,6.938893903907228e-18,0.006007619221169103
50,ZZ,0.01358789562090796,0.01358789562090796,0.013587895620907967,-0.14078084455890338,6.938893903907228e-18,6.938893903907228e-18,0.15436874017981134
51,II,0.2969188979001706,0.2969188979001707,0.2969188979001708,0.9999999999999994,1.6653345369377348e-16,1.1102230246251565e-16,0.7030811020998289
51,IX,0.15186280036798566,0.15186280036798575,0.15186280036798572,0.5798296439365518,5.551115123125783e-17,2.7755575615628914e-17,0.4279668435685661
51,IY,0.17954686601300007,0.17954686601300007,0.17954686601300013,-0.09299355479579613,5.551115123125783e-17,5.551115123125783e-17,0.2725404208087962
51,IZ,0.10896680996890284,0.10896680996890287,0.10896680996890293,0.25118470565563933,8.326672684688674e-17,5.551115123125783e-17,0.14221789568673648
51,XI,0.18173249980624775,0.1817324998062478,0.18173249980624784,-0.11457090060684386,8.326672684688674e-17,2.7755575615628914e-17,0.2963034004130916
51,XX,0.1740305697350382,0.17403056973503822,0.17403056973503833,0.02280703312971702,1.3877787807814457e-16,1.1102230246251565e-16,0.15122353660532117
51,XY,0.17330275679107288,0.1733027567910729,0.17330275679107293,0.7414743263711683,5.551115123125783e-17,2.7755575615628914e-17,0.5681715695800954
51,XZ,-0.19166802134479904,-0.19166802134479904,-0.1916680213447991,-0.23426092346280716,5.551115123125783e-17,5.551115123125783e-17,0.04259290211800812
51,YI,-0.09592856307029107,-0.09592856307029111,-0.09592856307029113,-0.3115357144328949,5.551115123125783e-17,1.3877787807814457e-17,0.21560715136260383
51,YX,0.004791196338999132,0.004791196338999111,0.004791196338999104,-0.23228070705366174,2.7755575615628914e-17,6.938893903907228e-18,0.23707190339266088
51,YY,-0.23816699379730016,-0.2381669937973002,-0.23816699379730027,-0.1893043612441285,1.1102230246251565e-16,8.326672684688674e-17,0.048862632553171664
51,YZ,-0.23780980019764406,-0.2378098001976441,-0.23780980019764414,-0.7741576452734673,8.326672684688674e-17,2.7755575615628914e-17,0.5363478450758232
51,ZI,0.1643184380304231,0.16431843803042318,0.16431843803042315,0.5456766267152916,5.551115123125783e-17,2.7755575615628914e-17,0.3813581886848685
51,ZX,0.30316587835145575,0.3031658783514558,0.30316587835145586,0.9347641171876471,1.1102230246251565e-16,5.551115123125783e-17,0.6315982388361914
51,ZY,-0.06438917597691582,-0.06438917597691585,-0.06438917597691586,-0.12281494128759396,4.163336342344337e-17,1.3877787807814457e-17,0.05842576531067814
51,ZZ,0.11156829343474543,0.11156829343474547,0.1115682934347455,-0.030847087088495068,6.938893903907228e-17,2.7755575615628914e-17,0.1424153805232405
52,II,0.1832219034827265,0.1832219034827265,0.18322190348272654,0.7105581720893891,5.551115123125783e-17,5.551115123125783e-17,0.5273362686066626
52,IX,0.07818918520824775,0.07818918520824777,0.07818918520824777,-0.228496495809886,2.7755575615628914e-17,0.0,0.30668568101813376
52,IY,-0.06681096780712653,-0.06681096780712655,-0.06681096780712656,-0.23722242415016445,2.7755575615628914e-17,1.3877787807814457e-17,0.17041145634303792
52,IZ,0.11812433136377816,0.11812433136377823,0.11812433136377823,0.5387368907800324,6.938893903907228e-17,0.0,0.42061255941625425
52,XI,-0.1151969613355384,-0.11519696133553842,-0.11519696133553846,-0.15426890972031698,5.551115123125783e-17,4.163336342344337e-17,0.03907194838477858
52,XX,-0.16719681602485492,-0.16719681602485495,-0.16719681602485498,0.05713312799907069,5.551115123125783e-17,2.7755575615628914e-17,0.22432994402392561
52,XY,0.19101312795187858,0.19101312795187864,0.1910131279518787,0.21597416085893822,1.1102230246251565e-16,5.551115123125783e-17,0.024961032907059644
52,XZ,-0.06679975187429416,-0.06679975187429417,-0.06679975187429417,-0.07591107357419702,1.3877787807814457e-17,0.0,0.009111321699902863
52,YI,0.03891993929723716,0.03891993929723717,0.03891993929723718,0.0869517432162723,2.0816681711721685e-17,6.938893903907228e-18,0.048031803919035145
52,YX,0.16604247273572084,0.16604247273572087,0.16604247273572093,0.10747470963900006,8.326672684688674e-17,5.551115123125783e-17,0.05856776309672078
52,YY,0.10110341604045839,0.1011034160404584,0.10110341604045842,-0.075055439088898,2.7755575615628914e-17,1.3877787807814457e-17,0.1761588551293564
52,YZ,0.1471807997232528,0.14718079972325282,0.14718079972325282,0.13774529582161857,2.7755575615628914e-17,0.0,0.009435503901634223
52,ZI,0.12728472847853967,0.1272847284785397,0.12728472847853972,0.6594164578715148,5.551115123125783e-17,2.7755575615628914e-17,0.5321317293929752
52,ZX,0.003063898499572386,0.003063898499572384,0.003063898499572386,-0.24709753344331198,0.0,1.734723475976807e-18,0.25016143194288437
52,ZY,-0.027782234594791698,-0.027782234594791705,-0.027782234594791705,-0.1977189271731226,6.938893903907228e-18,0.0,0.16993669257833088
52,ZZ,0.11457330404666921,0.11457330404666924,0.1145733040466693,0.538733779504098,8.326672684688674e-17,5.551115123125783e-17,0.42416047545742874
53,II,0.22402615937629847,0.22402615937629852,0.22402615937629855,0.3753944749100106,8.326672684688674e-17,2.7755575615628914e-17,0.15136831553371213
53,IX,0.054550790291416545,0.054550790291416566,0.05455079029141658,0.018238811211109908,3.469446951953614e-17,1.3877787807814457e-17,0.03631197908030664
53,IY,-0.08571485434097667,-0.0857148543409767,-0.08571485434097673,-0.025537037901758736,5.551115123125783e-17,2.7755575615628914e-17,0.060177816439217935
53,IZ,0.013242141495973579,0.013242141495973601,0.013242141495973567,-0.02338989630914015,1.214306433183765e-17,3.469446951953614e-17,0.03663203780511373
53,XI,0.03978703646412523,0.03978703646412526,0.039787036464125264,0.1101234343601702,3.469446951953614e-17,6.938893903907228e-18,0.07033639789604498
53,XX,-0.07562091472092923,-0.07562091472092923,-0.07562091472092926,0.01866136145224001,2.7755575615628914e-17,2.7755575615628914e-17,0.09428227617316924
53,XY,-0.00891075726850029,-0.008910757268500297,-0.008910757268500304,-0.03792234118265596,1.3877787807814457e-17,6.938893903907228e-18,0.02901158391415567
53,XZ,-0.0069709365253299155,-0.0069709365253299,-0.006970936525329902,-0.01809088019878509,1.3877787807814457e-17,1.734723475976807e-18,0.011119943673455174
53,YI,0.09294515183574457,0.0929451518357446,0.09294515183574462,0.0772782219480502,4.163336342344337e-17,1.3877787807814457e-17,0.015666929887694372
53,YX,0.0949245510418657,0.09492455104186572,0.09492455104186573,0.02836363398406673,2.7755575615628914e-17,1.3877787807814457e-17,0.06656091705779897
53,YY,-0.09535569439695167,-0.09535569439695171,-0.09535569439695173,0.12888008408442286,5.551115123125783e-17,1.3877787807814457e-17,0.22423577848137455
53,YZ,0.07022286417147361,0.07022286417147364,0.07022286417147366,0.10894314967565402,5.551115123125783e-17,2.7755575615628914e-17,0.03872028550418041
53,ZI,-0.013226118228746324,-0.013226118228746336,-0.013226118228746309,-0.03742252790215023,1.5612511283791264e-17,2.7755575615628914e-17,0.024196409673403904
53,ZX,-0.028025399101652325,-0.02802539910165234,-0.028025399101652353,0.035083970201348146,2.7755575615628914e-17,1.3877787807814457e-17,0.06310936930300047
53,ZY,0.033892151857876224,0.03389215185787625,0.033892151857876265,0.22886452323270526,4.163336342344337e-17,1.3877787807814457e-17,0.19497237137482903
53,ZZ,-0.07327816810884269,-0.07327816810884269,-0.07327816810884269,0.053922177154958395,0.0,0.0,0.12720034526380108
54,II,0.0483678380787405,0.04836783807874047,0.04836783807874048,1.0000000000000004,1.3877787807814457e-17,1.3877787807814457e-17,0.95163216192126
54,IX,0.09378946442877176,0.09378946442877174,0.09378946442877177,-0.13755922372886564,1.3877787807814457e-17,2.7755575615628914e-17,0.2313486881576374
54,IY,-0.035365473496343135,-0.03536547349634313,-0.035365473496343156,-0.6145536787097314,2.0816681711721685e-17,2.7755575615628914e-17,0.5791882052133883
54,IZ,0.05132983035889468,0.051329830358894685,0.05132983035889474,0.18237159563413752,6.245004513516506e-17,5.551115123125783e-17,0.13104176527524283
54,XI,0.016903048511367723,0.01690304851136775,0.01690304851136773,-0.5611626605258531,6.938893903907228e-18,2.0816681711721685e-17,0.5780657090372208
54,XX,-0.02008478463690514,-0.02008478463690517,-0.020084784636905165,0.24054444637123773,2.42861286636753e-17,3.469446951953614e-18,0.2606292310081429
54,XY,0.024685450939176345,0.02468545093917631,0.024685450939176314,0.8993945565396092,3.122502256758253e-17,3.469446951953614e-18,0.8747091056004328
54,XZ,0.024547748509402223,0.024547748509402174,0.02454774850940219,0.13517828824421252,3.469446951953614e-17,1.3877787807814457e-17,0.1106305397348103
54,YI,0.11080624587512561,0.11080624587512566,0.11080624587512568,0.230937641762607,6.938893903907228e-17,1.3877787807814457e-17,0.1201313958874814
54,YX,0.05769908605979768,0.05769908605979772,0.05769908605979773,0.5284239066402695,5.551115123125783e-17,1.3877787807814457e-17,0.4707248205804718
54,YY,-0.07137261940668739,-0.0713726194066874,-0.07137261940668742,-0.3555634943659334,2.7755575615628914e-17,1.3877787807814457e-17,0.284190874959246
54,YZ,-0.00022151346207013867,-0.0002215134620701109,-0.00022151346207014214,0.46670848268003867,3.469446951953614e-18,3.122502256758253e-17,0.46692999614210884
54,ZI,0.008417324929757063,0.008417324929757025,0.008417324929757036,0.24823866941184913,2.7755575615628914e-17,1.0408340855860843e-17,0.23982134448209208
54,ZX,0.0167053591559726,0.016705359155972606,0.0167053591559726,-0.5019670520075852,0.0,6.938893903907228e-18,0.5186724111635578
54,ZY,-0.03874646598486823,-0.03874646598486828,-0.03874646598486829,-0.11172329306898154,6.245004513516506e-17,1.3877787807814457e-17,0.07297682708411332
54,ZZ,0.05992871402339473,0.05992871402339472,0.05992871402339475,0.6060620913184632,2.0816681711721685e-17,3.469446951953614e-17,0.5461333772950685
55,II,0.26434288150306384,0.26434288150306384,0.26434288150306395,0.7472673229625171,1.1102230246251565e-16,1.1102230246251565e-16,0.48292444145945324
55,IX,0.15092734142032743,0.15092734142032752,0.15092734142032754,0.33170604577262275,1.1102230246251565e-16,2.7755575615628914e-17,0.18077870435229532
55,IY,-0.14405911603542826,-0.14405911603542831,-0.14405911603542837,-0.6064866747532334,1.1102230246251565e-16,5.551115123125783e-17,0.4624275587178051
55,IZ,-0.11138805026563128,-0.11138805026563131,-0.11138805026563134,-0.08240417410402524,5.551115123125783e-17,2.7755575615628914e-17,0.02898387616160604
55,XI,0.19851371396895848,0.1985137139689585,0.19851371396895856,0.27300039971538165,8.326672684688674e-17,5.551115123125783e-17,0.07448668574642317
55,XX,0.12797423887321377,0.1279742388732138,0.12797423887321382,0.11227459328191748,5.551115123125783e-17,2.7755575615628914e-17,0.015699645591296288
55,XY,-0.13491879896481868,-0.13491879896481873,-0.13491879896481876,-0.24242258939849437,8.326672684688674e-17,2.7755575615628914e-17,0.1075037904336757
55,XZ,0.007029789402912087,0.007029789402912094,0.007029789402912101,0.09194072451168983,1.3877787807814457e-17,6.938893903907228e-18,0.08491093510877774
55,YI,-0.09356620931743032,-0.09356620931743032,-0.09356620931743037,-0.36464000605632896,5.551115123125783e-17,5.551115123125783e-17,0.27107379673889864
55,YX,0.008946519153910773,0.00894651915391078,0.008946519153910787,-0.06542635559295414,1.3877787807814457e-17,6.938893903907228e-18,0.07437287474686491
55,YY,0.07531293175226682,0.07531293175226683,0.07531293175226683,0.3389190070977418,1.3877787807814457e-17,0.0,0.263606075345475
55,YZ,0.08795249467109345,0.08795249467109348,0.08795249467109348,0.09272081588720435,2.7755575615628914e-17,0.0,0.004768321216110899
55,ZI,0.13345262803622965,0.13345262803622965,0.1334526280362297,0.5612176580129673,5.551115123125783e-17,5.551115123125783e-17,0.42776502997673765
55,ZX,0.125534562793422,0.12553456279342204,0.12553456279342207,0.32743619716002115,5.551115123125783e-17,2.7755575615628914e-17,0.20190163436659914
55,ZY,-0.08344623795682649,-0.08344623795682649,-0.08344623795682653,-0.46812310515058164,4.163336342344337e-17,4.163336342344337e-17,0.38467686719375516
55,ZZ,-0.07239908863484207,-0.07239908863484208,-0.07239908863484212,-0.08031530172326816,5.551115123125783e-17,4.163336342344337e-17,0.007916213088426091
56,II,0.2606134003165358,0.2606134003165358,0.2606134003165359,0.47962126370692876,1.1102230246251565e-16,1.1102230246251565e-16,0.21900786339039297
56,IX,-0.023530869303507222,-0.02353086930350723,-0.023530869303507236,-0.2361579625480567,1.3877787807814457e-17,6.938893903907228e-18,0.21262709324454948
56,IY,0.22817908902362277,0.22817908902362288,0.22817908902362288,0.27112264063091307,1.1102230246251565e-16,0.0,0.0429435516072903
56,IZ,-0.14092116907492186,-0.14092116907492186,-0.14092116907492191,0.0674019948976035,5.551115123125783e-17,5.551115123125783e-17,0.20832316397252537
56,XI,-0.1010935012143307,-0.10109350121433072,-0.10109350121433075,0.11363549195656014,5.551115123125783e-17,2.7755575615628914e-17,0.21472899317089084
56,XX,0.04620773304775665,0.04620773304775666,0.04620773304775666,-0.047262338854790455,1.3877787807814457e-17,0.0,0.09347007190254711
56,XY,-0.01865431801629204,-0.018654318016292044,-0.018654318016292047,0.09534678558005623,6.938893903907228e-18,3.469446951953614e-18,0.11400110359634827
56,XZ,0.09726283260577706,0.09726283260577709,0.09726283260577712,0.2844964634325343,5.551115123125783e-17,2.7755575615628914e-17,0.18723363082675726
56,YI,-0.008128190846224067,-0.00812819084622407,-0.008128190846224067,0.07402043315666923,0.0,3.469446951953614e-18,0.0821486240028933
56,YX,0.04956329181168805,0.04956329181168807,0.04956329181168808,-0.050555355475625965,2.7755575615628914e-17,6.938893903907228e-18,0.10011864728731401
56,YY,0.03824879026411447,0.038248790264114485,0.0382487902641145,0.15016944156737025,2.7755575615628914e-17,1.3877787807814457e-17,0.11192065130325578
56,YZ,-0.03405436860435506,-0.03405436860435506,-0.03405436860435507,-0.08800036168242914,6.938893903907228e-18,6.938893903907228e-18,0.05394599307807408
56,ZI,0.1829504934051034,0.18295049340510344,0.18295049340510344,0.02291226738515345,5.551115123125783e-17,0.0,0.16003822601994994
56,ZX,0.0019922913418905647,0.0019922913418905577,0.001992291341890563,0.1209336822817405,1.734723475976807e-18,5.204170427930421e-18,0.11894139093984994
56,ZY,0.1212088311300251,0.12120883113002512,0.12120883113002516,0.07944583026537103,5.551115123125783e-17,4.163336342344337e-17,0.04176300086465408
56,ZZ,-0.14221044209585423,-0.14221044209585423,-0.14221044209585426,-0.021190434947692002,2.7755575615628914e-17,2.7755575615628914e-17,0.12102000714816223
57,II,0.12652426136025885,0.12652426136025885,0.12652426136025888,1.0000000000000004,2.7755575615628914e-17,2.7755575615628914e-17,0.8734757386397416
57,IX,0.08407754097366843,0.08407754097366849,0.0840775409736685,0.3576679299765534,6.938893903907228e-17,1.3877787807814457e-17,0.27359038900288496
57,IY,-0.03418260562471587,-0.03418260562471587,-0.03418260562471587,-0.2041552392094139,0.0,0.0,0.16997263358469802
57,IZ,0.05903514742319878,0.0590351474231988,0.05903514742319882,-0.4072248056412664,4.163336342344337e-17,2.0816681711721685e-17,0.46625995306446516
57,XI,-0.052585513302544705,-0.05258551330254473,-0.05258551330254476,-0.11669543793356643,5.551115123125783e-17,2.7755575615628914e-17,0.06410992463102172
57,XX,-0.10150304002790453,-0.10150304002790457,-0.10150304002790458,-0.4638599470650864,5.551115123125783e-17,1.3877787807814457e-17,0.3623569070371818
57,XY,0.031195926332656665,0.031195926332656648,0.03119592633265667,0.5521576733963762,3.469446951953614e-18,2.0816681711721685e-17,0.5209617470637196
57,XZ,-0.13916973173402283,-0.1391697317340229,-0.13916973173402292,-0.3976630813802693,8.326672684688674e-17,2.7755575615628914e-17,0.2584933496462465
57,YI,0.009361374426124253,0.009361374426124253,0.009361374426124253,0.5640472415501039,0.0,0.0,0.5546858671239796
57,YX,0.12256182144937161,0.12256182144937158,0.12256182144937164,0.4743896208738636,2.7755575615628914e-17,5.551115123125783e-17,0.351827799424492
57,YY,-0.08420119858678793,-0.08420119858678791,-0.08420119858678796,-0.3072239315403906,2.7755575615628914e-17,4.163336342344337e-17,0.2230227329536027
57,YZ,-0.042710186126216035,-0.04271018612621606,-0.04271018612621606,-0.8144197210507409,2.7755575615628914e-17,0.0,0.7717095349245249
57,ZI,0.02629453339762777,0.026294533397627787,0.0262945333976278,0.0605857757658082,3.122502256758253e-17,1.3877787807814457e-17,0.03429124236818043
57,ZX,0.06463207260670484,0.06463207260670485,0.06463207260670488,0.5935293026377954,4.163336342344337e-17,2.7755575615628914e-17,0.5288972300310906
57,ZY,0.13969606102815382,0.1396960610281539,0.1396960610281539,0.5540550235627206,8.326672684688674e-17,0.0,0.41435896253456683
57,ZZ,-0.006889403364771396,-0.0068894033647714376,-0.006889403364771399,0.09475696196279157,3.469446951953614e-18,3.8163916471489756e-17,0.10164636532756297
58,II,0.15727538048293527,0.1572753804829353,0.15727538048293535,0.7236480591045623,8.326672684688674e-17,5.551115123125783e-17,0.566372678621627
58,IX,-0.051476638812708676,-0.051476638812708676,-0.0514766388127087,0.4617107500463264,2.0816681711721685e-17,2.0816681711721685e-17,0.513187388859035
58,IY,-0.10357959909858948,-0.10357959909858949,-0.1035795990985895,-0.17031521324063145,2.7755575615628914e-17,1.3877787807814457e-17,0.06673561414204197
58,IZ,-0.02782599352944594,-0.02782599352944591,-0.027825993529445897,-0.2460729373983733,4.163336342344337e-17,1.3877787807814457e-17,0.21824694386892735
58,XI,0.057181133557492714,0.057181133557492714,0.05718113355749274,0.3498991023858903,2.7755575615628914e-17,2.7755575615628914e-17,0.29271796882839757
58,XX,0.03600977662829983,0.03600977662829985,0.03600977662829985,0.4889634224434945,2.0816681711721685e-17,0.0,0.45295364581519465
58,XY,0.02685663156547056,0.02685663156547056,0.026856631565470565,0.10094415688195751,3.469446951953614e-18,3.469446951953614e-18,0.07408752531648695
58,XZ,-0.08440150936794968,-0.08440150936794968,-0.08440150936794974,-0.006471801320215215,5.551115123125783e-17,5.551115123125783e-17,0.07792970804773447
58,YI,0.05130927424668201,0.051309274246682024,0.05130927424668204,0.44669817579082277,2.7755575615628914e-17,1.3877787807814457e-17,0.39538890154414075
58,YX,-0.032817014944512383,-0.03281701494451239,-0.03281701494451239,0.3558442969461884,6.938893903907228e-18,0.0,0.3886613118907008
58,YY,-0.21154087849262115,-0.2115408784926212,-0.21154087849262126,-0.38965144606880037,1.1102230246251565e-16,5.551115123125783e-17,0.1781105675761792
58,YZ,0.025043256328934383,0.025043256328934387,0.02504325632893438,-0.2796170356245287,3.469446951953614e-18,6.938893903907228e-18,0.3046602919534631
58,ZI,0.01564082499493033,0.01564082499493031,0.01564082499493033,-0.09560180751004344,0.0,2.0816681711721685e-17,0.11124263250497377
58,ZX,0.082974030950658,0.08297403095065801,0.08297403095065806,-0.02230171989046975,5.551115123125783e-17,4.163336342344337e-17,0.10527575084112775
58,ZY,-0.00846090265521874,-0.008460902655218747,-0.008460902655218747,-0.21654342097861365,6.938893903907228e-18,0.0,0.20808251832339492
58,ZZ,0.10433801649795406,0.10433801649795406,0.10433801649795407,0.362036003704444,1.3877787807814457e-17,1.3877787807814457e-17,0.25769798720648995
59,II,0.21291222796516118,0.21291222796516115,0.21291222796516124,0.4368118746179537,5.551115123125783e-17,8.326672684688674e-17,0.2238996466527925
59,IX,-0.04570585463871284,-0.04570585463871285,-0.045705854638712864,-0.2515678052234037,2.7755575615628914e-17,1.3877787807814457e-17,0.20586195058469087
59,IY,0.1301689564617963,0.13016895646179633,0.13016895646179638,-0.06048357923423556,8.326672684688674e-17,5.551115123125783e-17,0.19065253569603186
59,IZ,-0.02963882487206185,-0.02963882487206186,-0.02963882487206184,-0.06750166695053811,1.0408340855860843e-17,2.0816681711721685e-17,0.03786284207847626
59,XI,-0.12566483563975694,-0.12566483563975697,-0.125664835639757,-0.3164777682311771,5.551115123125783e-17,2.7755575615628914e-17,0.19081293259142018
59,XX,0.061801337264626166,0.06180133726462619,0.0618013372646262,0.19835145307944405,3.469446951953614e-17,1.3877787807814457e-17,0.13655011581481788
59,XY,-0.1550059760779485,-0.15500597607794853,-0.15500597607794853,0.06940851658958339,2.7755575615628914e-17,0.0,0.22441449266753188
59,XZ,0.07881527326818132,0.07881527326818134,0.07881527326818134,0.12155567936416506,2.7755575615628914e-17,0.0,0.04274040609598374
59,YI,0.04184623728454226,0.04184623728454227,0.04184623728454226,0.17393185496636293,0.0,1.3877787807814457e-17,0.13208561768182067
59,YX,-0.027104244107114674,-0.02710424410711467,-0.02710424410711469,-0.18549096904401693,1.734723475976807e-17,2.0816681711721685e-17,0.15838672493690226
59,YY,0.1051025161147192,0.1051025161147192,0.10510251611471924,0.053624208338776874,4.163336342344337e-17,4.163336342344337e-17,0.051478307775942325
59,YZ,0.10559705610210302,0.10559705610210304,0.10559705610210307,-0.0002872799327948705,5.551115123125783e-17,2.7755575615628914e-17,0.10588433603489789
59,ZI,-0.05361353288501891,-0.05361353288501894,-0.053613532885018966,-0.09210985460723878,5.551115123125783e-17,2.7755575615628914e-17,0.03849632172221987
59,ZX,0.08004758875132086,0.08004758875132087,0.08004758875132088,0.03159991913356974,2.7755575615628914e-17,1.3877787807814457e-17,0.04844766961775111
59,ZY,0.03483130488585608,0.0348313048858561,0.034831304885856104,0.12128805086075237,2.0816681711721685e-17,6.938893903907228e-18,0.08645674597489628
59,ZZ,0.022752041146292836,0.022752041146292826,0.02275204114629282,-0.10655889571518873,1.734723475976807e-17,6.938893903907228e-18,0.12931093686148157
