eps,F_in_circuit,F_in_analytic,P_success_circuit,P_success_analytic,F_out_circuit,F_out_analytic,eps_prime_circuit,eps_prime_analytic,gain_circuit,purity_out,C_in,C_out,N_in,N_out,abs_err_P_success,abs_err_F_out,abs_err_eps_prime
0.0,0.9999999999999997,1.0,0.9999999999999993,1.0,0.9999999999999998,1.0,2.9605947323337506e-16,0.0,1.1102230246251565e-16,1.0,0.9999999999999994,0.9999999999999999,0.4999999999999998,0.5,6.661338147750939e-16,2.220446049250313e-16,2.9605947323337506e-16
0.002,0.9984999999999996,0.9985,0.9970029999999994,0.997003,0.999999247745493,0.9999992477454932,1.0030060093590976e-06,1.003006009009e-06,0.0014992477454933706,0.9999984954917408,0.9969999999999418,0.9999984956358281,0.49849999999999983,0.4999992477454931,5.551115123125783e-16,2.220446049250313e-16,3.5009756358327874e-16
0.004,0.9969999999999996,0.997,0.9940119999999993,0.994012,0.9999969819277835,0.9999969819277836,4.024096288635093e-06,4.024096288575993e-06,0.0029969819277839704,0.9999939638677124,0.9940000000000215,0.9999939638374677,0.4969999999999999,0.49999698192778375,6.661338147750939e-16,1.1102230246251565e-16,5.91000298287743e-17
0.006,0.9954999999999996,0.9955,0.9910269999999995,0.991027,0.9999931888838547,0.9999931888838548,9.081488193748063e-06,9.081488193560821e-06,0.0044931888838550815,0.9999863778295647,0.9909999999999836,0.9999863777537127,0.4954999999999997,0.4999931888838547,4.440892098500626e-16,1.1102230246251565e-16,1.8724171518824662e-16
0.008,0.9939999999999997,0.994,0.9880479999999994,0.988048,0.9999878548410601,0.9999878548410603,1.6193545253173625e-05,1.6193545252862208e-05,0.005987854841060458,0.9999757098787939,0.988000000000004,0.9999757096750943,0.4939999999999998,0.49998785484106034,6.661338147750939e-16,2.220446049250313e-16,3.1141674525572705e-16
0.01,0.9924999999999997,0.9925,0.9850749999999995,0.985075,0.9999809659163005,0.9999809659163008,2.5378778266027524e-05,2.5378778265614294e-05,0.007480965916300764,0.999961932315663,0.9849999999999852,0.999961931827961,0.4924999999999997,0.4999809659163006,5.551115123125783e-16,3.3306690738754696e-16,4.1323010551569395e-16
0.012,0.9909999999999995,0.991,0.9821079999999993,0.982108,0.999972508115197,0.9999725081151971,3.665584640399899e-05,3.665584640385782e-05,0.008972508115197453,0.9999450172381327,0.9819999999999928,0.9999450162299283,0.49099999999999966,0.4999725081151971,6.661338147750939e-16,1.1102230246251565e-16,1.411698991211907e-16
0.014,0.9894999999999996,0.9895,0.9791469999999994,0.979147,0.9999624673312587,0.9999624673312587,5.0043558321721804e-05,5.004355832168204e-05,0.010462467331259107,0.999924936540786,0.9790000000000042,0.9999249346624334,0.4894999999999998,0.4999624673312588,5.551115123125783e-16,0.0,3.9763114675905875e-17
0.016,0.9879999999999995,0.988,0.9761919999999995,0.976192,0.9999508293450468,0.9999508293450469,6.55608732709941e-05,6.556087327083197e-05,0.01195082934504721,0.999901661913765,0.9759999999999981,0.999901658689164,0.48799999999999977,0.49995082934504675,4.440892098500626e-16,1.1102230246251565e-16,1.6212888236805112e-16
0.018000000000000002,0.9864999999999997,0.9865,0.9732429999999994,0.973243,0.9999375798233326,0.9999375798233329,8.322690222313985e-05,8.322690222277481e-05,0.013437579823332935,0.9998751648417035,0.9729999999999938,0.9998751596466915,0.4864999999999998,0.49993757982333265,5.551115123125783e-16,2.220446049250313e-16,3.6503731894871327e-16
0.02,0.9849999999999997,0.985,0.9702999999999993,0.9702999999999999,0.9999227043182519,0.999922704318252,0.00010306090899743954,0.00010306090899721736,0.014922704318252267,0.9998454166026673,0.9699999999999944,0.9998454086362998,0.48499999999999976,0.49992270431825203,6.661338147750939e-16,1.1102230246251565e-16,2.22180130196592e-16
0.022,0.9834999999999997,0.9835,0.9673629999999995,0.967363,0.999906188266452,0.9999061882664522,0.00012508231139740644,0.00012508231139706603,0.016406188266452237,0.9998123882670928,0.9669999999999983,0.9998123765330486,0.4834999999999998,0.49990618826645217,4.440892098500626e-16,2.220446049250313e-16,3.4041237710613625e-16
0.024,0.9819999999999997,0.982,0.9644319999999993,0.964432,0.9998880169882374,0.9998880169882376,0.00014931068235017145,0.00014931068234981835,0.01788801698823772,0.999776050696735,0.9640000000000022,0.9997760339763467,0.48199999999999976,0.4998880169882376,6.661338147750939e-16,2.220446049250313e-16,3.5309754252421666e-16
0.026000000000000002,0.9804999999999996,0.9805,0.9615069999999996,0.961507,0.9998681756867082,0.9998681756867085,0.00017576575105578604,0.00017576575105537459,0.019368175686708566,0.9997363745436163,0.9610000000000023,0.9997363513731863,0.4804999999999998,0.4998681756867084,4.440892098500626e-16,3.3306690738754696e-16,4.1145472445824893e-16
0.028,0.9789999999999995,0.979,0.9585879999999993,0.958588,0.9998466494468945,0.9998466494468948,0.00020446740414066986,0.00020446740414025631,0.02084664944689496,0.9996933302489791,0.9579999999999971,0.9996932988935635,0.47899999999999976,0.4998466494468947,6.661338147750939e-16,3.3306690738754696e-16,4.1354181364028353e-16
0.03,0.9774999999999997,0.9775,0.9556749999999995,0.9556749999999999,0.9998234232348863,0.9998234232348863,0.00023543568681831198,0.0002354356868182175,0.022323423234886564,0.9996468880422448,0.954999999999998,0.9996468464694543,0.4774999999999997,0.4998234232348864,4.440892098500626e-16,0.0,9.448821933211171e-17
0.032,0.9759999999999996,0.976,0.9527679999999994,0.952768,0.999798481896957,0.9997984818969571,0.0002686908040573736,0.00026869080405723115,0.023798481896957324,0.9995970179399754,0.951999999999996,0.9995969637934518,0.47599999999999976,0.4997984818969572,5.551115123125783e-16,1.1102230246251565e-16,1.4246416546459528e-16
0.034,0.9744999999999996,0.9745,0.9498669999999995,0.9498669999999999,0.9997718101586852,0.9997718101586854,0.00030425312175304714,0.0003042531217528349,0.025271810158685626,0.9995436897448422,0.9489999999999975,0.9995436203173653,0.4744999999999998,0.4997718101586853,4.440892098500626e-16,2.220446049250313e-16,2.122325752640375e-16
0.036000000000000004,0.9729999999999996,0.973,0.9469719999999994,0.9469719999999999,0.9997433926240689,0.9997433926240692,0.00034214316790818583,0.00034214316790781574,0.026743392624069218,0.9994868730445986,0.9460000000000002,0.9994867852478824,0.47299999999999975,0.49974339262406897,5.551115123125783e-16,3.3306690738754696e-16,3.7009241157792694e-16
0.038,0.9714999999999996,0.9715,0.9440829999999995,0.944083,0.9997132137746363,0.9997132137746364,0.00038238163381828133,0.000382381633818213,0.028213213774636703,0.9994265372110582,0.9429999999999952,0.9994264275495315,0.4714999999999996,0.4997132137746363,5.551115123125783e-16,1.1102230246251565e-16,6.830473686658678e-17
0.04,0.9699999999999995,0.97,0.9411999999999993,0.9411999999999999,0.9996812579685508,0.9996812579685508,0.00042498937526562014,0.0004249893752656184,0.029681257968551256,0.9993626513990786,0.9400000000000003,0.9993625159369176,0.46999999999999975,0.4996812579685508,6.661338147750939e-16,0.0,1.734723475976807e-18
0.042,0.9684999999999997,0.9685,0.9383229999999995,0.938323,0.9996475094397131,0.9996475094397131,0.0004699874137158074,0.0004699874137157461,0.03114750943971345,0.9992951845455534,0.9370000000000036,0.9992950188795321,0.4684999999999998,0.49964750943971337,5.551115123125783e-16,0.0,6.1257422745431e-17
0.044,0.9669999999999996,0.967,0.9354519999999993,0.935452,0.9996119522968574,0.9996119522968575,0.0005173969375234696,0.0005173969375232508,0.03261195229685776,0.9992241053684086,0.9339999999999973,0.9992239045935458,0.46699999999999975,0.4996119522968576,6.661338147750939e-16,1.1102230246251565e-16,2.187919984075748e-16
0.046,0.9654999999999997,0.9655,0.9325869999999995,0.932587,0.9995745705226428,0.999574570522643,0.0005672393031429893,0.000567239303142763,0.034074570522643066,0.999149382365606,0.930999999999998,0.9991491410453524,0.4654999999999998,0.49957457052264287,5.551115123125783e-16,2.220446049250313e-16,2.262729933977248e-16
0.048,0.9639999999999995,0.964,0.9297279999999992,0.9297279999999999,0.9995353479727402,0.9995353479727405,0.0006195360363463465,0.0006195360363461142,0.035535347972740716,0.9990709838141562,0.9279999999999979,0.9990706959454623,0.46399999999999975,0.49953534797274035,6.661338147750939e-16,2.220446049250313e-16,2.3223610534639505e-16
0.05,0.9624999999999996,0.9625,0.9268749999999994,0.926875,0.9994942683749156,0.9994942683749157,0.0006743088334458432,0.0006743088334457182,0.03699426837491604,0.9989888777691336,0.9250000000000009,0.9989885367497422,0.4624999999999998,0.49949426837491573,5.551115123125783e-16,1.1102230246251565e-16,1.2500851048757866e-16
0.052000000000000005,0.9609999999999995,0.961,0.9240279999999993,0.924028,0.9994513153281067,0.9994513153281069,0.0007315795625243796,0.0007315795625240796,0.038451315328107194,0.9989030320627061,0.9220000000000018,0.9989026306563099,0.46099999999999963,0.49945131532810705,6.661338147750939e-16,2.220446049250313e-16,2.999987411267391e-16
0.054,0.9594999999999997,0.9595,0.9211869999999994,0.9211870000000001,0.9994064723014977,0.9994064723014979,0.0007913702646697255,0.0007913702646693884,0.03990647230149802,0.9988134143031677,0.9190000000000031,0.9988129446029995,0.4594999999999998,0.49940647230149793,6.661338147750939e-16,2.220446049250313e-16,3.3707845542574333e-16
0.056,0.9579999999999996,0.958,0.9183519999999993,0.9183520000000001,0.9993597226335869,0.9993597226335871,0.0008537031552175259,0.0008537031552171716,0.041359722633587226,0.9987199918739821,0.9159999999999997,0.9987194452671805,0.4579999999999995,0.4993597226335871,7.771561172376096e-16,2.220446049250313e-16,3.5431726996826285e-16
0.058,0.9564999999999997,0.9565,0.9155229999999995,0.9155230000000001,0.9993110495312514,0.9993110495312515,0.000918600624998156,0.0009186006249979519,0.0428110495312517,0.9986227319328344,0.9129999999999999,0.9986220990624836,0.4564999999999998,0.4993110495312516,5.551115123125783e-16,1.1102230246251565e-16,2.0404684886177193e-16
0.06,0.9549999999999996,0.955,0.9126999999999993,0.9127000000000001,0.9992604360688067,0.9992604360688069,0.0009860852415911243,0.000986085241590884,0.04426043606880703,0.9985216014106916,0.9100000000000013,0.9985208721376312,0.45499999999999974,0.4992604360688069,7.771561172376096e-16,2.220446049250313e-16,2.402592014227878e-16
0.062,0.9534999999999996,0.9535,0.9098829999999994,0.909883,0.9992078651870623,0.9992078651870625,0.0010561797505836228,0.0010561797505833166,0.04570786518706271,0.998416567010874,0.9069999999999989,0.9984157303741873,0.4534999999999998,0.4992078651870625,5.551115123125783e-16,2.220446049250313e-16,3.0617869350990645e-16
0.064,0.9519999999999995,0.952,0.9070719999999992,0.907072,0.9991533196923729,0.9991533196923729,0.0011289070768361793,0.0011289070768362379,0.04715331969237335,0.998307595208137,0.9040000000000002,0.9983066393846466,0.45199999999999974,0.499153319692373,7.771561172376096e-16,0.0,5.854691731421724e-17
0.066,0.9504999999999997,0.9505,0.9042669999999993,0.904267,0.9990967822556832,0.9990967822556833,0.0012042903257557154,0.0012042903257555569,0.048596782255683535,0.9981946522477582,0.9009999999999992,0.998193564511209,0.4504999999999997,0.4990967822556832,7.771561172376096e-16,1.1102230246251565e-16,1.5851035761738075e-16
0.068,0.9489999999999996,0.949,0.9014679999999994,0.901468,0.9990382354115729,0.9990382354115732,0.0012823527845694886,0.0012823527845691695,0.05003823541157326,0.9980777041446443,0.8979999999999994,0.9980764708231674,0.44899999999999973,0.499038235411573,6.661338147750939e-16,3.3306690738754696e-16,3.191891195797325e-16
0.07,0.9474999999999997,0.9475,0.8986749999999996,0.898675,0.9989776615572926,0.9989776615572927,0.001363117923609843,0.001363117923609759,0.05147766155729294,0.9979567166824408,0.8950000000000011,0.9979553231146862,0.4474999999999998,0.4989776615572926,4.440892098500626e-16,1.1102230246251565e-16,8.391724815037804e-17
0.07200000000000001,0.9459999999999996,0.946,0.8958879999999994,0.895888,0.9989150429517974,0.9989150429517976,0.0014466093976034007,0.001446609397603272,0.05291504295179783,0.9978316554126571,0.8920000000000002,0.9978300859035937,0.44599999999999973,0.49891504295179745,6.661338147750939e-16,1.1102230246251565e-16,1.2858637765678083e-16
0.074,0.9444999999999996,0.9445,0.8931069999999994,0.893107,0.9988503617147776,0.9988503617147778,0.0015328510469632128,0.0015328510469630177,0.05435036171477803,0.9977024856538048,0.8889999999999997,0.9977007234295945,0.4444999999999997,0.4988503617147778,5.551115123125783e-16,2.220446049250313e-16,1.951563910473908e-16
0.076,0.9429999999999997,0.9430000000000001,0.8903319999999996,0.890332,0.9987835998256828,0.9987835998256831,0.001621866899089645,0.0016218668990893284,0.05578359982568304,0.9975691724905446,0.8860000000000008,0.9975671996514168,0.4429999999999997,0.4987835998256829,4.440892098500626e-16,3.3306690738754696e-16,3.165870343657673e-16
0.078,0.9414999999999997,0.9415,0.8875629999999994,0.887563,0.9987147391227438,0.9987147391227439,0.0017136811696749632,0.001713681169674716,0.05721473912274411,0.9974316807728513,0.8829999999999986,0.9974294782455053,0.4414999999999999,0.498714739122744,5.551115123125783e-16,1.1102230246251565e-16,2.47198095326695e-16
0.08,0.9399999999999996,0.94,0.8847999999999994,0.8848,0.9986437613019888,0.9986437613019892,0.001808318264014878,0.0018083182640144665,0.05864376130198923,0.997289975115186,0.8799999999999997,0.9972875226039791,0.4399999999999997,0.49864376130198895,6.661338147750939e-16,3.3306690738754696e-16,4.115631446754975e-16
0.082,0.9384999999999997,0.9385,0.8820429999999995,0.882043,0.9985706479162578,0.998570647916258,0.0019058027783228997,0.001905802778322599,0.06007064791625816,0.9971440198956883,0.8770000000000004,0.9971412958324226,0.4384999999999998,0.49857064791625805,5.551115123125783e-16,2.220446049250313e-16,3.0075768264747893e-16
0.084,0.9369999999999996,0.937,0.8792919999999996,0.879292,0.9984953803742098,0.9984953803742102,0.002006159501053576,0.0020061595010531204,0.06149538037421021,0.9969937792553776,0.8740000000000002,0.996990760748443,0.4369999999999996,0.49849538037421004,3.3306690738754696e-16,3.3306690738754696e-16,4.557985933129061e-16
0.08600000000000001,0.9354999999999996,0.9355,0.8765469999999994,0.876547,0.99841793993933,0.9984179399393301,0.0021094134142266205,0.002109413414226505,0.06291793993933048,0.9968392170973746,0.8709999999999981,0.9968358798786549,0.43549999999999955,0.49841793993933026,5.551115123125783e-16,1.1102230246251565e-16,1.1535911115245767e-16
0.088,0.9339999999999995,0.9339999999999999,0.8738079999999993,0.873808,0.998338307728929,0.998338307728929,0.002215589694761396,0.00221558969476132,0.06433830772892946,0.9966802970861297,0.8679999999999987,0.9966766154578484,0.4339999999999995,0.49833830772892906,7.771561172376096e-16,0.0,7.589415207398531e-17
0.09,0.9324999999999997,0.9325,0.8710749999999994,0.871075,0.9982564647131418,0.9982564647131418,0.002324713715810963,0.002324713715810923,0.06575646471314212,0.9965169826466791,0.8649999999999993,0.9965129294262743,0.43249999999999966,0.4982564647131419,6.661338147750939e-16,0.0,3.9898639947466563e-17
0.092,0.9309999999999997,0.931,0.8683479999999996,0.868348,0.9981723917139209,0.9981723917139211,0.0024368110481054472,0.002436811048105137,0.0671723917139212,0.9963492369639052,0.862,0.9963447834278584,0.4309999999999997,0.49817239171392114,4.440892098500626e-16,2.220446049250313e-16,3.1008182133085427e-16
0.094,0.9294999999999997,0.9295,0.8656269999999994,0.865627,0.9980860694040271,0.9980860694040274,0.002551907461297187,0.00255190746129684,0.06858606940402745,0.996177022981823,0.8589999999999994,0.9961721388080517,0.42949999999999977,0.49808606940402744,6.661338147750939e-16,3.3306690738754696e-16,3.469446951953614e-16
0.096,0.9279999999999996,0.9279999999999999,0.8629119999999993,0.862912,0.9979974783060147,0.997997478306015,0.002670028925313724,0.0026700289253133577,0.0699974783060151,0.9960003034028764,0.856,0.9959949566120652,0.4279999999999997,0.49799747830601504,6.661338147750939e-16,3.3306690738754696e-16,3.664603343001005e-16
0.098,0.9264999999999995,0.9265,0.8602029999999995,0.8602029999999999,0.9979065987912153,0.9979065987912156,0.002791201611712868,0.0027912016117125848,0.0714065987912158,0.9958190406872591,0.8529999999999995,0.9958131975824689,0.42649999999999977,0.49790659879121557,4.440892098500626e-16,2.220446049250313e-16,2.8319360745321376e-16
0.1,0.9249999999999997,0.925,0.8574999999999995,0.8574999999999999,0.9978134110787171,0.9978134110787172,0.00291545189504383,0.0029154518950437326,0.07281341107871742,0.9956331970522487,0.8499999999999993,0.9956268221574327,0.4249999999999997,0.49781341107871735,4.440892098500626e-16,1.1102230246251565e-16,9.75781955236954e-17
0.10200000000000001,0.9234999999999997,0.9235,0.8548029999999994,0.854803,0.9977178952343404,0.9977178952343405,0.003042806354212798,0.003042806354212609,0.07421789523434075,0.9954427344715631,0.8469999999999989,0.9954357904686822,0.42349999999999954,0.4977178952343406,5.551115123125783e-16,1.1102230246251565e-16,1.8908485888147197e-16
0.10400000000000001,0.9219999999999996,0.9219999999999999,0.8521119999999993,0.852112,0.9976200311696114,0.9976200311696115,0.0031732917738514685,0.0031732917738513254,0.0756200311696118,0.9952476146747348,0.844000000000001,0.9952400623392147,0.4219999999999995,0.4976200311696115,6.661338147750939e-16,1.1102230246251565e-16,1.4311468676808659e-16
0.106,0.9204999999999997,0.9205,0.8494269999999995,0.8494269999999999,0.9975197986407305,0.9975197986407307,0.003306935145692691,0.0033069351456923315,0.07701979864073083,0.9950477991465047,0.8409999999999982,0.9950395972814235,0.42049999999999976,0.4975197986407306,4.440892098500626e-16,2.220446049250313e-16,3.5952144039619327e-16
0.108,0.9189999999999996,0.919,0.8467479999999994,0.846748,0.99741717724754,0.99741717724754,0.003443763669946698,0.0034437636699466666,0.07841717724754038,0.9948432491262411,0.8380000000000006,0.9948343544951057,0.4189999999999998,0.4974171772475402,5.551115123125783e-16,0.0,3.122502256758253e-17
0.11,0.9174999999999995,0.9175,0.8440749999999995,0.8440749999999999,0.9973121464324849,0.9973121464324852,0.003583804756686811,0.0035838047566863138,0.07981214643248535,0.9946339256073707,0.8349999999999991,0.9946242928649786,0.41749999999999976,0.4973121464324851,4.440892098500626e-16,3.3306690738754696e-16,4.974319567363494e-16
0.112,0.9159999999999997,0.916,0.8414079999999995,0.8414079999999999,0.997204685479577,0.9972046854795771,0.0037270860272307083,0.003727086027230548,0.08120468547957727,0.994419789336845,0.8320000000000007,0.9944093709591432,0.4159999999999998,0.4972046854795771,4.440892098500626e-16,1.1102230246251565e-16,1.6046192152785466e-16
0.114,0.9144999999999996,0.9145,0.8387469999999995,0.8387469999999999,0.9970947735133475,0.9970947735133479,0.0038736353155366388,0.0038736353155361517,0.08259477351334787,0.9942008008146138,0.8289999999999993,0.9941895470267119,0.41449999999999965,0.49709477351334774,4.440892098500626e-16,3.3306690738754696e-16,4.870236158804886e-16
0.116,0.9129999999999997,0.913,0.8360919999999994,0.836092,0.9969823894978064,0.9969823894978064,0.004023480669591499,0.004023480669591385,0.08398238949780668,0.993976920293137,0.8259999999999998,0.9939647789955964,0.4129999999999998,0.4969823894978065,5.551115123125783e-16,0.0,1.1362438767648086e-16
0.11800000000000001,0.9114999999999996,0.9115,0.8334429999999994,0.8334429999999999,0.9968675122353897,0.9968675122353898,0.0041766503528137084,0.0041766503528135705,0.08536751223539008,0.993748107776907,0.823,0.9937350244707667,0.41149999999999975,0.49686751223538983,5.551115123125783e-16,1.1102230246251565e-16,1.3791051634015616e-16
0.12,0.9099999999999996,0.91,0.8307999999999995,0.8308000000000001,0.9967501203659123,0.9967501203659124,0.004333172845450317,0.004333172845450168,0.08675012036591268,0.9935143230220063,0.8200000000000002,0.9935002407318061,0.4099999999999998,0.4967501203659124,5.551115123125783e-16,1.1102230246251565e-16,1.491862189340054e-16
0.122,0.9084999999999995,0.9085,0.8281629999999994,0.828163,0.9966301923655124,0.9966301923655126,0.004493076845983435,0.004493076845983218,0.0881301923655129,0.9932755255356832,0.8169999999999995,0.9932603847310194,0.40849999999999964,0.49663019236551253,5.551115123125783e-16,2.220446049250313e-16,2.1684043449710089e-16
0.124,0.9069999999999997,0.907,0.8255319999999995,0.825532,0.9965077065455971,0.9965077065455973,0.0046563912725372525,0.004656391272536982,0.08950770654559737,0.9930316745759565,0.8140000000000002,0.993015413091192,0.4069999999999998,0.49650770654559717,5.551115123125783e-16,2.220446049250313e-16,2.706168622523819e-16
0.126,0.9054999999999996,0.9055,0.8229069999999993,0.8229069999999999,0.9963826410517834,0.9963826410517835,0.004823145264288768,0.004823145264288675,0.09088264105178379,0.9927827291512475,0.8109999999999995,0.9927652821035565,0.40549999999999975,0.49638264105178354,6.661338147750939e-16,1.1102230246251565e-16,9.280770596475918e-17
0.128,0.9039999999999997,0.904,0.8202879999999996,0.820288,0.9962549738628383,0.9962549738628385,0.004993368182882207,0.004993368182882109,0.09225497386283865,0.9925286480200345,0.808,0.9925099477256585,0.4039999999999998,0.49625497386283857,4.440892098500626e-16,1.1102230246251565e-16,9.80118763926896e-17
0.13,0.9024999999999996,0.9025,0.8176749999999994,0.8176749999999999,0.9961246827896167,0.9961246827896169,0.0051670896138443405,0.005167089613844132,0.09362468278961711,0.992269389690542,0.8049999999999998,0.9922493655792177,0.40249999999999975,0.49612468278961686,5.551115123125783e-16,1.1102230246251565e-16,2.0816681711721685e-16
0.132,0.9009999999999996,0.901,0.8150679999999996,0.815068,0.9959917454739969,0.9959917454739973,0.005344339368004085,0.005344339368003652,0.09499174547399736,0.9920049124204544,0.8020000000000006,0.9919834909480152,0.4009999999999998,0.49599174547399705,4.440892098500626e-16,3.3306690738754696e-16,4.3281350725621337e-16
0.134,0.8994999999999995,0.8995,0.8124669999999994,0.8124669999999999,0.9958561393878149,0.9958561393878151,0.0055251474829134395,0.005525147482913153,0.0963561393878154,0.9917351742166612,0.799,0.9917122787756277,0.39949999999999963,0.49585613938781514,5.551115123125783e-16,2.220446049250313e-16,2.8622937353617317e-16
0.136,0.8979999999999997,0.898,0.8098719999999995,0.809872,0.9957178418317955,0.9957178418317956,0.005709544224272722,0.005709544224272478,0.09771784183179577,0.9914601328350279,0.7960000000000005,0.9914356836636038,0.3979999999999998,0.49571784183179557,5.551115123125783e-16,1.1102230246251565e-16,2.445960101127298e-16
0.138,0.8964999999999996,0.8965,0.8072829999999994,0.807283,0.9955768299344837,0.995576829934484,0.005897560087355054,0.0058975600873547454,0.09907682993448408,0.9911797457802057,0.793,0.9911536598689478,0.39649999999999963,0.49557682993448393,5.551115123125783e-16,3.3306690738754696e-16,3.0878077872387166e-16
0.14,0.8949999999999996,0.895,0.8046999999999994,0.8047000000000001,0.9954330806511743,0.9954330806511744,0.006089225798434257,0.006089225798434199,0.10043308065117473,0.9908939703054672,0.789999999999999,0.9908661613023378,0.3949999999999998,0.4954330806511744,6.661338147750939e-16,1.1102230246251565e-16,5.811323644522304e-17
0.14200000000000002,0.8934999999999996,0.8935,0.8021229999999995,0.8021229999999999,0.9952865707628378,0.9952865707628381,0.006284572316216301,0.006284572316215845,0.10178657076283815,0.9906027634125741,0.7869999999999994,0.9905731415256847,0.39349999999999985,0.495286570762838,4.440892098500626e-16,3.3306690738754696e-16,4.562322741819003e-16
0.14400000000000002,0.8919999999999996,0.892,0.7995519999999996,0.799552,0.9951372768750497,0.99513727687505,0.006483630833267047,0.00648363083326663,0.10313727687505014,0.9903060818516864,0.783999999999999,0.9902745537501219,0.3919999999999997,0.4951372768750498,4.440892098500626e-16,3.3306690738754696e-16,4.172009959724221e-16
0.146,0.8904999999999997,0.8905000000000001,0.7969869999999996,0.796987,0.9949851754169138,0.994985175416914,0.006686432777448292,0.006686432777448063,0.10448517541691404,0.9900038821212933,0.7809999999999999,0.9899703508338284,0.39049999999999985,0.4949851754169139,4.440892098500626e-16,2.220446049250313e-16,2.2898349882893854e-16
0.148,0.8889999999999997,0.889,0.7944279999999995,0.794428,0.9948302426399873,0.9948302426399875,0.006893009813350244,0.006893009813349981,0.10583024263998764,0.9896961204681901,0.7779999999999999,0.9896604852799704,0.3889999999999998,0.4948302426399873,5.551115123125783e-16,2.220446049250313e-16,2.6281060661048627e-16
0.15,0.8874999999999996,0.8875,0.7918749999999994,0.791875,0.9946724546172058,0.994672454617206,0.00710339384372564,0.007103393843725336,0.10717245461720615,0.9893827528874862,0.7750000000000006,0.9893449092344061,0.38749999999999973,0.4946724546172059,5.551115123125783e-16,2.220446049250313e-16,3.0444397003392965e-16
0.152,0.8859999999999997,0.886,0.7893279999999995,0.789328,0.9945117872418056,0.9945117872418057,0.007317617010925925,0.007317617010925749,0.10851178724180588,0.9890637351226503,0.7719999999999997,0.9890235744836282,0.3859999999999998,0.49451178724180567,5.551115123125783e-16,1.1102230246251565e-16,1.7607443281164592e-16
0.154,0.8844999999999996,0.8845000000000001,0.7867869999999997,0.786787,0.9943482162262465,0.9943482162262467,0.007535711698338036,0.0075357116983376694,0.10984821622624685,0.9887390226655937,0.7689999999999988,0.9886964324524967,0.38449999999999984,0.4943482162262467,3.3306690738754696e-16,2.220446049250313e-16,3.668940151690947e-16
0.156,0.8829999999999996,0.883,0.7842519999999994,0.7842520000000001,0.9941817171011358,0.9941817171011359,0.007757710531818951,0.007757710531818854,0.11118171710113622,0.9884085707567936,0.7660000000000002,0.9883634342022752,0.3829999999999999,0.494181717101136,6.661338147750939e-16,1.1102230246251565e-16,9.71445146547012e-17
0.158,0.8814999999999995,0.8815,0.7817229999999993,0.7817230000000001,0.9940122652141488,0.9940122652141488,0.007983646381134987,0.007983646381135004,0.11251226521414925,0.9880723343854521,0.7629999999999997,0.9880245304282902,0.38149999999999973,0.49401226521414876,7.771561172376096e-16,0.0,1.734723475976807e-17
0.16,0.8799999999999997,0.88,0.7791999999999996,0.7792,0.9938398357289526,0.9938398357289527,0.0082135523613965,0.008213552361396304,0.11383983572895295,0.9877302682897005,0.759999999999999,0.9876796714578919,0.3799999999999998,0.4938398357289526,4.440892098500626e-16,1.1102230246251565e-16,1.960237527853792e-16
0.162,0.8784999999999997,0.8785000000000001,0.7766829999999995,0.776683,0.9936644036241297,0.9936644036241298,0.008447461834493778,0.00844746183449361,0.11516440362412994,0.9873823269568438,0.7569999999999998,0.9873288072482456,0.37849999999999984,0.4936644036241298,5.551115123125783e-16,1.1102230246251565e-16,1.682681771697503e-16
0.164,0.8769999999999997,0.877,0.7741719999999995,0.774172,0.9934859436920993,0.9934859436920994,0.00868540841053426,0.008685408410534095,0.11648594369209964,0.9870284646236422,0.7539999999999998,0.9869718873841942,0.3769999999999998,0.4934859436920995,4.440892098500626e-16,1.1102230246251565e-16,1.6479873021779667e-16
0.166,0.8754999999999996,0.8755,0.7716669999999993,0.771667,0.9933044305380427,0.993304430538043,0.00892742594927635,0.00892742594927605,0.11780443053804313,0.9866686352766458,0.7509999999999998,0.9866088610760935,0.3754999999999997,0.49330443053804296,6.661338147750939e-16,2.220446049250313e-16,3.0010716134398763e-16
0.168,0.8739999999999996,0.874,0.7691679999999995,0.769168,0.9931198385788278,0.9931198385788281,0.009173548561562939,0.009173548561562625,0.11911983857882824,0.9863027926525645,0.7479999999999989,0.9862396771576399,0.3739999999999998,0.493119838578828,4.440892098500626e-16,3.3306690738754696e-16,3.139849491518021e-16
0.17,0.8724999999999997,0.8725,0.7666749999999996,0.766675,0.9929321420419341,0.9929321420419343,0.00942381061075448,0.009423810610754233,0.12043214204193442,0.9859308902386892,0.7450000000000002,0.9858642840838695,0.37249999999999983,0.49293214204193436,4.440892098500626e-16,1.1102230246251565e-16,2.463307335887066e-16
0.17200000000000001,0.8709999999999997,0.871,0.7641879999999994,0.764188,0.9927413149643802,0.9927413149643806,0.009678246714159696,0.009678246714159346,0.12174131496438056,0.9855528812733558,0.742,0.9854826299287598,0.37099999999999966,0.49274131496438045,5.551115123125783e-16,3.3306690738754696e-16,3.5041414214731503e-16
0.17400000000000002,0.8694999999999996,0.8694999999999999,0.7617069999999992,0.761707,0.9925473311916525,0.9925473311916524,0.009936891744463328,0.009936891744463423,0.1230473311916529,0.9851687187464611,0.7389999999999998,0.985094662383303,0.3694999999999997,0.4925473311916525,7.771561172376096e-16,1.1102230246251565e-16,9.540979117872439e-17
0.176,0.8679999999999995,0.868,0.7592319999999995,0.759232,0.9923501643766331,0.9923501643766331,0.010199780831155802,0.010199780831155693,0.1243501643766336,0.9847783554000191,0.7359999999999999,0.9847003287532634,0.36799999999999977,0.49235016437663326,5.551115123125783e-16,0.0,1.0928757898653885e-16
0.178,0.8664999999999997,0.8665,0.7567629999999996,0.756763,0.9921497879785347,0.9921497879785348,0.010466949361953729,0.010466949361953477,0.125649787978535,0.984381743728779,0.7329999999999997,0.9842995759570763,0.36649999999999994,0.4921497879785348,3.3306690738754696e-16,1.1102230246251565e-16,2.5153490401663703e-16
0.18,0.8649999999999995,0.865,0.7542999999999995,0.7543,0.991946175261832,0.991946175261832,0.010738432984223945,0.010738432984223783,0.1269461752618325,0.983978835980882,0.7299999999999993,0.98389235052366,0.36499999999999977,0.49194617526183215,4.440892098500626e-16,0.0,1.6132928326584306e-16
0.182,0.8634999999999995,0.8634999999999999,0.7518429999999994,0.7518429999999999,0.9917392992951984,0.9917392992951986,0.01101426760640208,0.01101426760640187,0.12823929929519895,0.9835695841585762,0.7269999999999998,0.9834785985904011,0.3634999999999996,0.49173929929519855,5.551115123125783e-16,1.1102230246251565e-16,2.1163626406917047e-16
0.184,0.8619999999999997,0.862,0.7493919999999995,0.749392,0.991529132950445,0.9915291329504451,0.011294489399406693,0.011294489399406452,0.12952913295044532,0.9831539400189854,0.7239999999999995,0.9830582659008865,0.36199999999999977,0.4915291329504452,4.440892098500626e-16,1.1102230246251565e-16,2.411265631607762e-16
0.186,0.8604999999999996,0.8605,0.7469469999999995,0.746947,0.9913156489014613,0.9913156489014616,0.011579134798051616,0.011579134798051267,0.1308156489014617,0.9827318550749267,0.721,0.9826312978029278,0.3604999999999998,0.4913156489014616,5.551115123125783e-16,3.3306690738754696e-16,3.4867941867133823e-16
0.188,0.8589999999999997,0.859,0.7445079999999995,0.744508,0.9910988196231602,0.9910988196231605,0.011868240502453128,0.011868240502452627,0.1320988196231605,0.982303280595789,0.7179999999999995,0.9821976392463194,0.35899999999999954,0.4910988196231605,4.440892098500626e-16,3.3306690738754696e-16,5.0133508455729725e-16
0.19,0.8574999999999996,0.8574999999999999,0.7420749999999995,0.7420749999999999,0.9908786173904252,0.9908786173904255,0.012161843479433129,0.012161843479432673,0.13337861739042556,0.9818681676084644,0.715,0.9817572347808525,0.3574999999999997,0.49087861739042526,4.440892098500626e-16,3.3306690738754696e-16,4.562322741819003e-16
0.192,0.8559999999999995,0.856,0.7396479999999994,0.739648,0.9906550142770615,0.9906550142770615,0.012459980963918019,0.012459980963917972,0.13465501427706195,0.9814264668983392,0.7120000000000002,0.9813100285541219,0.35599999999999976,0.4906550142770618,5.551115123125783e-16,0.0,4.683753385137379e-17
0.194,0.8544999999999997,0.8545,0.7372269999999996,0.737227,0.9904279821547498,0.9904279821547501,0.012762690460333589,0.012762690460333116,0.1359279821547501,0.9809781290103399,0.709,0.9808559643094931,0.3544999999999998,0.49042798215475003,3.3306690738754696e-16,3.3306690738754696e-16,4.735795089416683e-16
0.196,0.8529999999999996,0.853,0.7348119999999994,0.734812,0.9901974926920082,0.9901974926920083,0.013070009743989086,0.01307000974398894,0.13719749269200854,0.9805231042500477,0.7060000000000001,0.98039498538402,0.35299999999999987,0.4901974926920083,6.661338147750939e-16,1.1102230246251565e-16,1.457167719820518e-16
0.198,0.8514999999999996,0.8514999999999999,0.7324029999999992,0.7324029999999999,0.9899635173531511,0.9899635173531512,0.013381976862465153,0.013381976862465067,0.13846351735315154,0.9800613426848632,0.703,0.9799270347062993,0.3514999999999997,0.48996351735315136,6.661338147750939e-16,1.1102230246251565e-16,8.673617379884035e-17
0.2,0.8499999999999995,0.85,0.7299999999999994,0.73,0.9897260273972601,0.9897260273972603,0.013698630136986504,0.013698630136986304,0.1397260273972606,0.979592794145243,0.7000000000000002,0.9794520547945205,0.34999999999999976,0.48972602739726023,5.551115123125783e-16,2.220446049250313e-16,1.9949319973733282e-16
0.202,0.8484999999999996,0.8485,0.7276029999999994,0.727603,0.9894849938771555,0.9894849938771555,0.014020008163792674,0.01402000816379262,0.1409849938771559,0.9791174082259959,0.6970000000000002,0.978969987754308,0.3484999999999998,0.4894849938771557,5.551115123125783e-16,0.0,5.377642775528102e-17
0.20400000000000001,0.8469999999999995,0.847,0.7252119999999995,0.725212,0.9892403876383731,0.9892403876383733,0.014346149815502566,0.014346149815502229,0.14224038763837354,0.9786351342876431,0.6939999999999993,0.9784807752767475,0.34699999999999975,0.4892403876383732,4.440892098500626e-16,2.220446049250313e-16,3.365363543395006e-16
0.20600000000000002,0.8454999999999995,0.8454999999999999,0.7228269999999994,0.722827,0.9889921793181492,0.9889921793181495,0.014677094242467733,0.014677094242467426,0.14349217931814973,0.9781459214578505,0.6909999999999997,0.9779843586363022,0.3454999999999997,0.4889921793181493,5.551115123125783e-16,3.3306690738754696e-16,3.0704605524789486e-16
0.20800000000000002,0.8439999999999996,0.844,0.7204479999999994,0.720448,0.9887403393444077,0.9887403393444079,0.015012880874123002,0.015012880874122772,0.1447403393444081,0.9776497186329215,0.6880000000000001,0.9774806786888189,0.34399999999999964,0.4887403393444081,5.551115123125783e-16,1.1102230246251565e-16,2.3071822230491534e-16
0.21,0.8424999999999997,0.8425,0.7180749999999996,0.718075,0.9884848379347558,0.988484837934756,0.015353549420325555,0.015353549420325172,0.14598483793475614,0.9771464744793638,0.6849999999999994,0.9769696758694996,0.3424999999999997,0.48848483793475594,4.440892098500626e-16,2.220446049250313e-16,3.8337388819087437e-16
0.212,0.8409999999999996,0.841,0.7157079999999995,0.7157079999999999,0.9882256450954856,0.9882256450954859,0.01569913987268586,0.01569913987268551,0.14722564509548597,0.9766361374355284,0.6820000000000003,0.976451290190967,0.34099999999999975,0.4882256450954858,4.440892098500626e-16,3.3306690738754696e-16,3.469446951953614e-16
0.214,0.8394999999999997,0.8395,0.7133469999999996,0.7133470000000001,0.9879627306205814,0.9879627306205816,0.0160496925058915,0.01604969250589124,0.14846273062058168,0.9761186557133132,0.6789999999999992,0.9759254612411653,0.3394999999999998,0.4879627306205815,4.440892098500626e-16,2.220446049250313e-16,2.6020852139652106e-16
0.216,0.8379999999999996,0.838,0.7109919999999994,0.710992,0.9876960640907352,0.9876960640907352,0.016405247879019758,0.016405247879019737,0.14969606409073555,0.9755939772999496,0.6759999999999999,0.9753921281814592,0.33799999999999975,0.4876960640907354,5.551115123125783e-16,0.0,2.0816681711721685e-17
0.218,0.8364999999999997,0.8365,0.7086429999999996,0.708643,0.9874256148723686,0.9874256148723688,0.016765846836841902,0.01676584683684168,0.15092561487236889,0.9750620499598547,0.6729999999999999,0.9748512297447391,0.3364999999999998,0.4874256148723688,4.440892098500626e-16,2.220446049250313e-16,2.220446049250313e-16
0.22,0.8349999999999996,0.835,0.7062999999999995,0.7062999999999999,0.9871513521166642,0.9871513521166644,0.017131530511114452,0.017131530511114258,0.15215135211666453,0.9745228212365684,0.6699999999999997,0.9743027042333295,0.33499999999999974,0.48715135211666405,4.440892098500626e-16,2.220446049250313e-16,1.942890293094024e-16
0.222,0.8334999999999996,0.8335,0.7039629999999996,0.703963,0.986873244758602,0.9868732447586024,0.01750234032186393,0.017502340321863506,0.15337324475860248,0.9739762384547612,0.667,0.9737464895171998,0.3334999999999998,0.48687324475860216,4.440892098500626e-16,3.3306690738754696e-16,4.2327252813834093e-16
0.224,0.8319999999999996,0.832,0.7016319999999994,0.7016319999999999,0.9865912615160083,0.9865912615160084,0.017878317978655616,0.01787831797865548,0.15459126151600866,0.9734222487223263,0.6640000000000003,0.9731825230320088,0.33199999999999963,0.4865912615160085,5.551115123125783e-16,1.1102230246251565e-16,1.3530843112619095e-16
0.226,0.8304999999999996,0.8305,0.6993069999999996,0.699307,0.986305370888608,0.9863053708886083,0.018259505481855953,0.01825950548185561,0.15580537088860846,0.9728607989325478,0.661,0.9726107417772075,0.3304999999999998,0.48630537088860815,4.440892098500626e-16,2.220446049250313e-16,3.434752482434078e-16
0.228,0.8289999999999995,0.829,0.6969879999999995,0.6969879999999999,0.9860155411570929,0.9860155411570931,0.018645945123876146,0.01864594512387588,0.15701554115709337,0.9722918357663581,0.6579999999999997,0.9720310823141868,0.3289999999999995,0.486015541157093,4.440892098500626e-16,2.220446049250313e-16,2.671474153004283e-16
0.23,0.8274999999999997,0.8275,0.6946749999999995,0.694675,0.985721740382193,0.9857217403821932,0.019037679490409392,0.019037679490409184,0.15822174038219328,0.9717153056946708,0.6550000000000001,0.9714434807643968,0.3274999999999998,0.48572174038219296,5.551115123125783e-16,2.220446049250313e-16,2.0816681711721685e-16
0.232,0.8259999999999996,0.826,0.6923679999999994,0.6923679999999999,0.9854239364037621,0.9854239364037621,0.019434751461650485,0.019434751461650458,0.1594239364037625,0.9711311549808065,0.651999999999999,0.9708478728075269,0.32599999999999973,0.48542393640376225,4.440892098500626e-16,0.0,2.7755575615628914e-17
0.234,0.8244999999999997,0.8245,0.6900669999999995,0.690067,0.985122096839872,0.9851220968398721,0.019837204213504062,0.01983720421350391,0.16062209683987227,0.9705393296830003,0.649,0.9702441936797485,0.3244999999999998,0.48512209683987195,4.440892098500626e-16,1.1102230246251565e-16,1.5265566588595902e-16
0.23600000000000002,0.8229999999999995,0.823,0.6877719999999995,0.6877719999999999,0.9848161890859177,0.9848161890859181,0.020245081218776367,0.020245081218775995,0.16181618908591822,0.969939775657002,0.6459999999999992,0.9696323781718391,0.32299999999999984,0.48481618908591795,4.440892098500626e-16,3.3306690738754696e-16,3.712308238590367e-16
0.23800000000000002,0.8214999999999996,0.8215,0.6854829999999996,0.6854830000000001,0.9845061803137348,0.984506180313735,0.020658426248353567,0.020658426248353352,0.16300618031373526,0.9693324385587638,0.6429999999999995,0.9690123606274719,0.3214999999999997,0.48450618031373494,4.440892098500626e-16,2.220446049250313e-16,2.1510571102112408e-16
0.24,0.8199999999999997,0.8200000000000001,0.6831999999999997,0.6832,0.9841920374707259,0.9841920374707259,0.021077283372365436,0.02107728337236534,0.1641920374707262,0.9687172638472212,0.6399999999999998,0.9683840749414531,0.31999999999999984,0.48419203747072603,3.3306690738754696e-16,0.0,9.71445146547012e-17
0.242,0.8184999999999997,0.8185,0.6809229999999994,0.6809230000000001,0.9838737272790021,0.9838737272790022,0.02150169696133049,0.021501696961330426,0.16537372727900246,0.9680941967871672,0.6369999999999998,0.9677474545580087,0.31849999999999956,0.48387372727900235,6.661338147750939e-16,1.1102230246251565e-16,6.591949208711867e-17
0.244,0.8169999999999996,0.817,0.6786519999999995,0.678652,0.9835512162345353,0.9835512162345355,0.02193171168728621,0.02193171168728597,0.16655121623453573,0.9674631824522217,0.634,0.9671024324690705,0.3169999999999997,0.48355121623453545,5.551115123125783e-16,1.1102230246251565e-16,2.393918396847994e-16
0.246,0.8154999999999997,0.8155,0.6763869999999995,0.676387,0.9832244706063243,0.9832244706063246,0.02236737252490088,0.022367372524900685,0.16772447060632467,0.9668241657278998,0.6310000000000001,0.9664489412126461,0.31549999999999967,0.48322447060632445,4.440892098500626e-16,2.220446049250313e-16,1.942890293094024e-16
0.248,0.8139999999999996,0.8140000000000001,0.6741279999999996,0.674128,0.9828934564355728,0.9828934564355731,0.022808724752569603,0.022808724752569245,0.16889345643557319,0.9661770913147749,0.6280000000000008,0.9657869128711457,0.31399999999999983,0.48289345643557313,3.3306690738754696e-16,3.3306690738754696e-16,3.5735303605122226e-16
0.25,0.8124999999999997,0.8125,0.6718749999999996,0.671875,0.9825581395348836,0.9825581395348837,0.023255813953488563,0.023255813953488372,0.1700581395348839,0.9655219037317471,0.6249999999999999,0.9651162790697694,0.3124999999999998,0.4825581395348838,4.440892098500626e-16,1.1102230246251565e-16,1.9081958235744878e-16
0.252,0.8109999999999996,0.8109999999999999,0.6696279999999994,0.669628,0.9822184854874646,0.9822184854874647,0.02370868601671387,0.02370868601671376,0.171218485487465,0.9648585473194087,0.6219999999999997,0.9644369709749273,0.3109999999999997,0.4822184854874647,5.551115123125783e-16,1.1102230246251565e-16,1.1102230246251565e-16
0.254,0.8094999999999997,0.8095,0.6673869999999995,0.667387,0.981874459646352,0.9818744596463521,0.024167387138197327,0.02416738713819718,0.17237445964635234,0.9641869662435198,0.6189999999999999,0.9637489192927041,0.3094999999999998,0.4818744596463521,4.440892098500626e-16,1.1102230246251565e-16,1.457167719820518e-16
0.256,0.8079999999999997,0.808,0.6651519999999995,0.665152,0.9815260271336474,0.9815260271336477,0.0246319638218034,0.024631963821803136,0.17352602713364773,0.9635071044985843,0.6159999999999997,0.9630520542672902,0.3079999999999996,0.48152602713364756,4.440892098500626e-16,2.220446049250313e-16,2.636779683484747e-16
0.258,0.8064999999999996,0.8065,0.6629229999999994,0.6629229999999999,0.9811731528397717,0.9811731528397717,0.025102462880304415,0.025102462880304353,0.17467315283977214,0.9628189059115364,0.613,0.9623463056795404,0.3064999999999998,0.4811731528397718,5.551115123125783e-16,0.0,6.245004513516506e-17
0.26,0.8049999999999996,0.8049999999999999,0.6606999999999994,0.6607,0.9808158014227333,0.9808158014227335,0.025578931436355628,0.025578931436355385,0.17581580142273368,0.9621223141455362,0.6099999999999999,0.9616316028454684,0.3049999999999997,0.4808158014227334,5.551115123125783e-16,2.220446049250313e-16,2.42861286636753e-16
0.262,0.8034999999999995,0.8035,0.6584829999999996,0.658483,0.9804539373074169,0.9804539373074171,0.026061416923444103,0.026061416923443735,0.17695393730741737,0.9614172727038774,0.6069999999999999,0.960907874614833,0.30349999999999977,0.48045393730741726,4.440892098500626e-16,2.220446049250313e-16,3.677613769070831e-16
0.264,0.8019999999999997,0.802,0.6562719999999996,0.656272,0.9800875246848867,0.9800875246848868,0.026549967086817745,0.026549967086817665,0.17808752468488698,0.960703724934007,0.6039999999999999,0.9601750493697736,0.3019999999999998,0.4800875246848868,3.3306690738754696e-16,1.1102230246251565e-16,7.979727989493313e-17
0.266,0.8004999999999997,0.8005,0.6540669999999996,0.654067,0.9797165275117073,0.9797165275117076,0.027044629984390205,0.027044629984389987,0.1792165275117077,0.9599816140316593,0.601,0.9594330550234104,0.30049999999999977,0.47971652751170746,3.3306690738754696e-16,2.220446049250313e-16,2.185751579730777e-16
0.268,0.7989999999999996,0.7989999999999999,0.6518679999999994,0.651868,0.9793409095092868,0.9793409095092871,0.027545453987617652,0.02754545398761713,0.18034090950928716,0.959250883045112,0.598,0.9586818190185729,0.2989999999999997,0.479340909509287,5.551115123125783e-16,3.3306690738754696e-16,5.204170427930421e-16
0.27,0.7974999999999997,0.7975,0.6496749999999994,0.649675,0.9789606341632352,0.9789606341632354,0.02805248778235307,0.02805248778235272,0.18146063416323555,0.9585114748795552,0.5949999999999996,0.9579212683264735,0.29749999999999976,0.47896063416323553,5.551115123125783e-16,2.220446049250313e-16,3.5041414214731503e-16
0.272,0.7959999999999997,0.796,0.6474879999999996,0.647488,0.9785756647227437,0.9785756647227439,0.028565780369675053,0.02856578036967481,0.182575664722744,0.9577633323015842,0.5920000000000003,0.9571513294454825,0.2959999999999997,0.4785756647227438,3.3306690738754696e-16,2.220446049250313e-16,2.42861286636753e-16
0.274,0.7944999999999995,0.7945,0.6453069999999995,0.645307,0.9781859641999852,0.9781859641999855,0.029085381066686455,0.029085381066686098,0.18368596419998562,0.9570063979438164,0.5889999999999996,0.9563719283999714,0.29449999999999976,0.4781859641999854,4.440892098500626e-16,3.3306690738754696e-16,3.5735303605122226e-16
0.276,0.7929999999999995,0.7929999999999999,0.6431319999999995,0.6431319999999999,0.977791495369535,0.9777914953695352,0.029611339507286633,0.029611339507286224,0.18479149536953554,0.9562406143096323,0.5859999999999994,0.9555829907390663,0.2929999999999997,0.47779149536953514,4.440892098500626e-16,2.220446049250313e-16,4.0939474033052647e-16
0.278,0.7914999999999996,0.7915,0.6409629999999994,0.640963,0.9773922207678135,0.9773922207678134,0.030143705642915315,0.030143705642915436,0.18589222076781386,0.9554659237780422,0.5829999999999992,0.9547844415356317,0.29149999999999965,0.4773922207678136,5.551115123125783e-16,1.1102230246251565e-16,1.214306433183765e-16
0.28,0.7899999999999997,0.79,0.6387999999999996,0.6387999999999999,0.9769881026925483,0.9769881026925484,0.030682529743268905,0.030682529743268638,0.18698810269254862,0.954682268608682,0.5800000000000001,0.9539762053850986,0.2899999999999998,0.47698810269254843,3.3306690738754696e-16,1.1102230246251565e-16,2.671474153004283e-16
0.28200000000000003,0.7884999999999996,0.7885,0.6366429999999995,0.636643,0.9765791032022655,0.9765791032022657,0.03122786239697935,0.03122786239697916,0.18807910320226584,0.9538895909469448,0.5769999999999992,0.95315820640453,0.28849999999999976,0.4765791032022657,4.440892098500626e-16,2.220446049250313e-16,1.9081958235744878e-16
0.28400000000000003,0.7869999999999996,0.7869999999999999,0.6344919999999994,0.634492,0.9761651841157963,0.9761651841157966,0.03177975451227155,0.03177975451227125,0.18916518411579675,0.9530878328292381,0.5739999999999997,0.9523303682315999,0.2869999999999997,0.47616518411579645,5.551115123125783e-16,2.220446049250313e-16,3.0531133177191805e-16
0.28600000000000003,0.7854999999999996,0.7855,0.6323469999999994,0.632347,0.9757463070118145,0.9757463070118148,0.03233825731758063,0.03233825731758039,0.19024630701181489,0.9522769361883829,0.571,0.9514926140236296,0.28549999999999964,0.47574630701181464,5.551115123125783e-16,2.220446049250313e-16,2.42861286636753e-16
0.28800000000000003,0.7839999999999997,0.784,0.6302079999999997,0.630208,0.9753224332283941,0.9753224332283944,0.03290342236214124,0.03290342236214076,0.19132243322839437,0.9514568428591446,0.5679999999999994,0.9506448664567906,0.2839999999999996,0.4753224332283943,3.3306690738754696e-16,3.3306690738754696e-16,4.787836793695988e-16
0.29,0.7824999999999996,0.7825,0.6280749999999995,0.628075,0.9748935238625959,0.974893523862596,0.033475301516538845,0.03347530151653862,0.19239352386259623,0.9506274945839095,0.5649999999999997,0.9497870477251895,0.28249999999999975,0.474893523862596,5.551115123125783e-16,1.1102230246251565e-16,2.220446049250313e-16
0.292,0.7809999999999997,0.781,0.6259479999999996,0.6259480000000001,0.9744595397700766,0.9744595397700768,0.0340539469732312,0.034053946973231,0.1934595397700769,0.9497888330184953,0.5619999999999998,0.9489190795401554,0.2809999999999998,0.4744595397700766,4.440892098500626e-16,2.220446049250313e-16,2.0122792321330962e-16
0.294,0.7794999999999997,0.7795000000000001,0.6238269999999997,0.623827,0.9740204415647286,0.9740204415647287,0.034639411247028594,0.034639411247028414,0.1945204415647288,0.948940799738113,0.5589999999999997,0.9480408831294559,0.27949999999999997,0.47402044156472867,3.3306690738754696e-16,1.1102230246251565e-16,1.8041124150158794e-16
0.296,0.7779999999999996,0.778,0.6217119999999995,0.621712,0.973576189618344,0.9735761896183441,0.035231747175541304,0.035231747175541075,0.19557618961834444,0.9480833362434695,0.5560000000000006,0.947152379236685,0.2779999999999998,0.47357618961834413,5.551115123125783e-16,1.1102230246251565e-16,2.2898349882893854e-16
0.298,0.7764999999999995,0.7765,0.6196029999999995,0.619603,0.9731267440603095,0.9731267440603095,0.0358310079195873,0.03583100791958722,0.19662674406031,0.9472163839670195,0.5530000000000002,0.9462534881206177,0.27649999999999975,0.47312674406030963,5.551115123125783e-16,0.0,8.326672684688674e-17
0.3,0.7749999999999997,0.775,0.6174999999999996,0.6175,0.9726720647773278,0.9726720647773279,0.03643724696356291,0.03643724696356275,0.19767206477732813,0.9463398842793687,0.5500000000000004,0.9453441295546563,0.2749999999999997,0.4726720647773279,4.440892098500626e-16,1.1102230246251565e-16,1.5959455978986625e-16
0.302,0.7734999999999997,0.7735000000000001,0.6154029999999997,0.615403,0.9722121114131713,0.9722121114131715,0.03705051811577157,0.037050518115771286,0.19871211141317158,0.9454537784958281,0.5469999999999996,0.9444242228263464,0.27349999999999974,0.47221211141317143,3.3306690738754696e-16,2.220446049250313e-16,2.8449465006019636e-16
0.304,0.7719999999999997,0.772,0.6133119999999995,0.6133120000000001,0.9717468433684648,0.971746843368465,0.03767087550871354,0.03767087550871334,0.19974684336846515,0.9445580078831247,0.5439999999999995,0.9434936867369306,0.2719999999999998,0.47174684336846495,5.551115123125783e-16,1.1102230246251565e-16,2.0122792321330962e-16
0.306,0.7704999999999996,0.7705,0.6112269999999995,0.6112270000000001,0.9712762198004995,0.9712762198004996,0.038298373599334,0.038298373599333795,0.20077621980049987,0.943652513666265,0.5409999999999996,0.9425524396009981,0.27049999999999974,0.4712762198004997,5.551115123125783e-16,1.1102230246251565e-16,2.0816681711721685e-16
0.308,0.7689999999999997,0.769,0.6091479999999997,0.609148,0.9708001996230798,0.9708001996230801,0.03893306716922688,0.03893306716922652,0.20180019962308016,0.9427372370355628,0.5380000000000003,0.9416003992461622,0.2689999999999998,0.47080019962307995,3.3306690738754696e-16,2.220446049250313e-16,3.5388358909926865e-16
0.31,0.7674999999999997,0.7675000000000001,0.6070749999999996,0.607075,0.9703187415064036,0.9703187415064037,0.03957501132479516,0.03957501132479512,0.2028187415064039,0.9418121191538257,0.5349999999999995,0.9406374830128064,0.26749999999999985,0.4703187415064036,4.440892098500626e-16,1.1102230246251565e-16,4.163336342344337e-17
0.312,0.7659999999999997,0.766,0.6050079999999995,0.605008,0.9698318038769734,0.9698318038769734,0.04022426149736876,0.04022426149736863,0.20383180387697375,0.9408771011637036,0.5319999999999999,0.9396636077539476,0.2659999999999998,0.46983180387697354,4.440892098500626e-16,0.0,1.3183898417423734e-16
0.314,0.7644999999999996,0.7645,0.6029469999999995,0.602947,0.9693393449175465,0.9693393449175467,0.04088087344327137,0.04088087344327113,0.20483934491754685,0.939932124195207,0.529,0.9386786898350937,0.26449999999999985,0.4693393449175467,5.551115123125783e-16,2.220446049250313e-16,2.3592239273284576e-16
0.316,0.7629999999999997,0.763,0.6008919999999995,0.600892,0.9688413225671167,0.9688413225671169,0.041544903243844335,0.041544903243844154,0.20584132256711707,0.938977129373389,0.5259999999999998,0.9376826451342338,0.2629999999999998,0.46884132256711675,4.440892098500626e-16,1.1102230246251565e-16,1.8041124150158794e-16
0.318,0.7614999999999996,0.7615000000000001,0.5988429999999996,0.598843,0.9683376945209345,0.9683376945209345,0.04221640730542061,0.042216407305420624,0.20683769452093492,0.9380120578262023,0.5229999999999996,0.9366753890418694,0.26149999999999984,0.4683376945209349,4.440892098500626e-16,0.0,1.3877787807814457e-17
0.32,0.7599999999999996,0.76,0.5967999999999996,0.5968,0.9678284182305629,0.967828418230563,0.042895442359249504,0.04289544235924933,0.2078284182305633,0.9370368506925227,0.5200000000000001,0.9356568364611246,0.2599999999999998,0.467828418230563,4.440892098500626e-16,1.1102230246251565e-16,1.734723475976807e-16
0.322,0.7584999999999995,0.7585,0.5947629999999995,0.594763,0.9673134509039734,0.9673134509039735,0.043582065461368856,0.04358206546136865,0.20881345090397385,0.9360514491303563,0.517,0.9346269018079479,0.25849999999999973,0.46731345090397336,5.551115123125783e-16,1.1102230246251565e-16,2.0816681711721685e-16
0.324,0.7569999999999997,0.757,0.5927319999999995,0.592732,0.9667927495056787,0.9667927495056787,0.04427633399242836,0.04427633399242828,0.20979274950567905,0.9350557943252146,0.514,0.9335854990113577,0.2569999999999998,0.46679274950567884,5.551115123125783e-16,0.0,8.326672684688674e-17
0.326,0.7554999999999997,0.7555000000000001,0.5907069999999996,0.590707,0.9662662707569064,0.9662662707569065,0.04497830565745812,0.04497830565745793,0.21076627075690668,0.9340498274986749,0.5110000000000005,0.9325325415138138,0.2554999999999997,0.4662662707569065,3.3306690738754696e-16,1.1102230246251565e-16,1.8735013540549517e-16
0.328,0.7539999999999997,0.754,0.5886879999999995,0.588688,0.9657339711358136,0.9657339711358139,0.04568803848558186,0.045688038485581506,0.21173397113581394,0.9330334899171226,0.5079999999999998,0.931467942271629,0.2539999999999998,0.4657339711358137,4.440892098500626e-16,3.3306690738754696e-16,3.5388358909926865e-16
0.33,0.7524999999999996,0.7525,0.5866749999999995,0.5866750000000001,0.965195806877743,0.9651958068777431,0.046405590829676026,0.046405590829675714,0.21269580687774337,0.9320067229006745,0.5049999999999992,0.930391613755488,0.2524999999999997,0.465195806877743,5.551115123125783e-16,1.1102230246251565e-16,3.122502256758253e-16
0.332,0.7509999999999996,0.751,0.5846679999999995,0.584668,0.9646517339755212,0.9646517339755212,0.04713102136597177,0.04713102136597181,0.21365173397552162,0.9309694678322923,0.5019999999999998,0.9293034679510409,0.25099999999999967,0.4646517339755212,4.440892098500626e-16,0.0,4.163336342344337e-17
0.334,0.7494999999999998,0.7495,0.5826669999999998,0.582667,0.9641017081798006,0.9641017081798008,0.04786438909359925,0.04786438909359892,0.21460170817980073,0.929921666167079,0.49899999999999956,0.9282034163595995,0.24949999999999994,0.4641017081798008,2.220446049250313e-16,2.220446049250313e-16,3.2612801348363973e-16
0.336,0.7479999999999998,0.748,0.5806719999999997,0.580672,0.9635456849994486,0.9635456849994489,0.048605753334068545,0.04860575333406812,0.21554568499944882,0.9288632594417768,0.49599999999999983,0.927091369998899,0.2479999999999999,0.4635456849994488,2.220446049250313e-16,3.3306690738754696e-16,4.2327252813834093e-16
0.338,0.7464999999999997,0.7464999999999999,0.5786829999999997,0.5786830000000001,0.9629836197019782,0.9629836197019784,0.04935517373069572,0.04935517373069539,0.2164836197019785,0.9277941892844471,0.49299999999999977,0.9259672394039596,0.24649999999999983,0.4629836197019783,3.3306690738754696e-16,2.220446049250313e-16,3.3306690738754696e-16
0.34,0.7449999999999998,0.745,0.5766999999999997,0.5767,0.9624154673140279,0.962415467314028,0.050112710247962745,0.05011271024796256,0.21741546731402817,0.9267143974243535,0.49000000000000005,0.9248309346280565,0.245,0.46241546731402805,3.3306690738754696e-16,1.1102230246251565e-16,1.8735013540549517e-16
0.342,0.7434999999999998,0.7435,0.5747229999999999,0.574723,0.9618411826218889,0.9618411826218891,0.05087842317081481,0.050878423170814466,0.21834118262188906,0.9256238257020394,0.48700000000000015,0.9236823652437799,0.24350000000000005,0.461841182621889,1.1102230246251565e-16,2.220446049250313e-16,3.469446951953614e-16
0.34400000000000003,0.7419999999999998,0.742,0.5727519999999997,0.572752,0.9612607201720812,0.9612607201720815,0.05165237310389174,0.0516523731038914,0.21926072017208142,0.9245224160796105,0.48400000000000043,0.9225214403441615,0.24199999999999988,0.4612607201720814,3.3306690738754696e-16,3.3306690738754696e-16,3.400058012914542e-16
0.34600000000000003,0.7404999999999997,0.7404999999999999,0.5707869999999997,0.5707869999999999,0.9606740342719785,0.960674034271979,0.052434620970695324,0.05243462097069486,0.2201740342719788,0.9234101106512127,0.4809999999999993,0.9213480685439557,0.24049999999999983,0.4606740342719786,2.220446049250313e-16,4.440892098500626e-16,4.649058915617843e-16
0.34800000000000003,0.7389999999999998,0.739,0.5688279999999997,0.568828,0.9600810789904854,0.9600810789904857,0.05322522801268607,0.05322522801268574,0.22108107899048568,0.922286851653723,0.478,0.9201621579809718,0.23899999999999977,0.46008107899048556,3.3306690738754696e-16,2.220446049250313e-16,3.2612801348363973e-16
0.35000000000000003,0.7374999999999998,0.7375,0.5668749999999998,0.566875,0.9594818081587649,0.9594818081587652,0.054024255788313415,0.05402425578831313,0.22198180815876511,0.9211525814776411,0.47499999999999964,0.9189636163175281,0.23749999999999993,0.45948180815876516,2.220446049250313e-16,2.220446049250313e-16,2.8449465006019636e-16
0.352,0.7359999999999997,0.736,0.5649279999999997,0.564928,0.9588761753710207,0.9588761753710207,0.05483176617197246,0.05483176617197235,0.222876175371021,0.9200072426781951,0.47200000000000014,0.9177523507420425,0.23599999999999977,0.45887617537102066,3.3306690738754696e-16,0.0,1.1102230246251565e-16
0.354,0.7344999999999998,0.7345,0.5629869999999998,0.5629870000000001,0.9582641339853316,0.958264133985332,0.05564782135289118,0.0556478213528909,0.2237641339853318,0.9188507779866559,0.4689999999999997,0.9165282679706626,0.23449999999999993,0.4582641339853317,3.3306690738754696e-16,3.3306690738754696e-16,2.8449465006019636e-16
0.356,0.7329999999999998,0.733,0.5610519999999998,0.561052,0.9576456371245444,0.9576456371245446,0.05647248383394077,0.05647248383394052,0.22464563712454466,0.9176831303218702,0.4660000000000002,0.9152912742490881,0.23299999999999987,0.45764563712454454,2.220446049250313e-16,2.220446049250313e-16,2.498001805406602e-16
0.358,0.7314999999999998,0.7315,0.5591229999999997,0.559123,0.9570206376772195,0.9570206376772196,0.05730581643037406,0.057305816430373996,0.22552063767721964,0.916504242802003,0.46299999999999986,0.9140412753544406,0.23150000000000004,0.45702063767721957,3.3306690738754696e-16,1.1102230246251565e-16,6.245004513516506e-17
0.36,0.7299999999999998,0.73,0.5571999999999997,0.5571999999999999,0.9563890882986359,0.956389088298636,0.058147882268485475,0.05814788226848529,0.22638908829863613,0.9153140587565043,0.4600000000000001,0.9127781765972719,0.22999999999999987,0.4563890882986361,2.220446049250313e-16,1.1102230246251565e-16,1.8735013540549517e-16
0.362,0.7284999999999997,0.7285,0.5552829999999997,0.5552830000000001,0.9557509414118566,0.9557509414118567,0.05899874478419124,0.058998744784191114,0.22725094141185687,0.914112521738296,0.4570000000000001,0.9115018828237131,0.22849999999999993,0.4557509414118567,3.3306690738754696e-16,1.1102230246251565e-16,1.249000902703301e-16
0.364,0.7269999999999996,0.727,0.5533719999999996,0.553372,0.9551061492088504,0.9551061492088505,0.059858467721532804,0.059858467721532714,0.22810614920885075,0.9128995755361784,0.4540000000000002,0.9102122984176999,0.22699999999999987,0.4551061492088506,3.3306690738754696e-16,1.1102230246251565e-16,9.020562075079397e-17
0.366,0.7254999999999998,0.7255,0.5514669999999997,0.551467,0.9544546636516781,0.9544546636516781,0.06072711513109589,0.06072711513109578,0.22895466365167827,0.9116751641874654,0.4510000000000001,0.908909327303356,0.22549999999999992,0.4544546636516782,3.3306690738754696e-16,0.0,1.1102230246251565e-16
0.368,0.7239999999999998,0.724,0.5495679999999997,0.549568,0.9537964364737392,0.9537964364737395,0.06160475136834768,0.061604751368347505,0.22979643647373948,0.9104392319908458,0.44799999999999984,0.9075928729474777,0.22399999999999987,0.45379643647373946,2.220446049250313e-16,2.220446049250313e-16,1.734723475976807e-16
0.37,0.7224999999999998,0.7225,0.5476749999999998,0.547675,0.9531314191810834,0.9531314191810837,0.062491441091888866,0.06249144109188843,0.23063141918108354,0.9091917235194729,0.44499999999999956,0.9062628383621675,0.22249999999999992,0.4531314191810836,2.220446049250313e-16,3.3306690738754696e-16,4.371503159461554e-16
0.372,0.7209999999999998,0.721,0.5457879999999997,0.5457879999999999,0.9524595630537862,0.9524595630537863,0.06338724926161839,0.06338724926161808,0.23145956305378645,0.9079325836342886,0.4419999999999996,0.9049191261075733,0.22099999999999975,0.4524595630537862,2.220446049250313e-16,1.1102230246251565e-16,3.0531133177191805e-16
0.374,0.7194999999999997,0.7195,0.5439069999999998,0.543907,0.9517808191473908,0.9517808191473911,0.06429224113681231,0.06429224113681199,0.23228081914739107,0.9066617574975773,0.4389999999999998,0.9035616382947814,0.2194999999999998,0.4517808191473909,2.220446049250313e-16,3.3306690738754696e-16,3.191891195797325e-16
0.376,0.7179999999999997,0.718,0.5420319999999997,0.542032,0.9510951382944177,0.951095138294418,0.0652064822741097,0.06520648227410929,0.23309513829441797,0.9053791905867586,0.4359999999999997,0.902190276588838,0.21799999999999986,0.45109513829441783,2.220446049250313e-16,3.3306690738754696e-16,4.163336342344337e-16
0.378,0.7164999999999998,0.7165,0.5401629999999997,0.5401630000000001,0.9504024711059438,0.950402471105944,0.06613003852540829,0.06613003852540807,0.23390247110594398,0.9040848287084169,0.4329999999999999,0.9008049422118863,0.21649999999999991,0.450402471105944,3.3306690738754696e-16,2.220446049250313e-16,2.220446049250313e-16
0.38,0.7149999999999997,0.715,0.5382999999999997,0.5383,0.9497027679732489,0.9497027679732492,0.06706297603566809,0.06706297603566784,0.23470276797324918,0.9027786180125686,0.4300000000000002,0.8994055359464974,0.21499999999999964,0.44970276797324893,3.3306690738754696e-16,2.220446049250313e-16,2.498001805406602e-16
0.382,0.7134999999999998,0.7135,0.5364429999999998,0.536443,0.9489959790695375,0.9489959790695376,0.0680053612406167,0.06800536124061643,0.23549597906953768,0.9014605050071753,0.427,0.8979919581390761,0.2134999999999999,0.4489959790695377,2.220446049250313e-16,1.1102230246251565e-16,2.636779683484747e-16
0.384,0.7119999999999997,0.712,0.5345919999999997,0.534592,0.9482820543517296,0.9482820543517299,0.06895726086436049,0.06895726086436012,0.2362820543517299,0.9001304365728962,0.4239999999999997,0.8965641087034588,0.21199999999999986,0.44828205435172974,2.220446049250313e-16,2.220446049250313e-16,3.7470027081099033e-16
0.386,0.7104999999999998,0.7105,0.5327469999999996,0.5327470000000001,0.9475609435623288,0.9475609435623289,0.06991874191689496,0.06991874191689489,0.23706094356232899,0.898788359978089,0.42100000000000015,0.8951218871246565,0.2104999999999999,0.447560943562329,4.440892098500626e-16,1.1102230246251565e-16,6.938893903907228e-17
0.388,0.7089999999999996,0.709,0.5309079999999997,0.5309079999999999,0.946832596231362,0.9468325962313621,0.07088987169151739,0.07088987169151718,0.23783259623136233,0.8974342228940541,0.4179999999999998,0.8936651924627255,0.20899999999999985,0.4468325962313622,2.220446049250313e-16,1.1102230246251565e-16,2.0816681711721685e-16
0.39,0.7074999999999998,0.7075,0.5290749999999997,0.5290750000000001,0.9460969616784008,0.946096961678401,0.0718707177621322,0.07187071776213202,0.23859696167840105,0.896067973410535,0.415,0.8921939233568014,0.2074999999999999,0.44609696167840096,3.3306690738754696e-16,1.1102230246251565e-16,1.8041124150158794e-16
0.392,0.7059999999999997,0.706,0.5272479999999997,0.5272479999999999,0.9453539890146571,0.9453539890146572,0.07286134798045725,0.07286134798045703,0.23935398901465732,0.8946895600514613,0.4119999999999998,0.8907079780293121,0.20599999999999985,0.44535398901465717,2.220446049250313e-16,1.1102230246251565e-16,2.220446049250313e-16
0.394,0.7044999999999998,0.7045,0.5254269999999996,0.5254270000000001,0.94460362714516,0.9446036271451601,0.07386183047312,0.07386183047311995,0.2401036271451602,0.8932989317909503,0.4090000000000002,0.88920725429032,0.2044999999999999,0.4446036271451602,4.440892098500626e-16,1.1102230246251565e-16,5.551115123125783e-17
0.396,0.7029999999999997,0.703,0.5236119999999997,0.523612,0.9438458247710134,0.9438458247710136,0.07487223363864877,0.07487223363864848,0.24084582477101368,0.8918960380695575,0.4059999999999999,0.8876916495420281,0.20299999999999996,0.44384582477101353,2.220446049250313e-16,2.220446049250313e-16,2.914335439641036e-16
0.398,0.7014999999999998,0.7015,0.5218029999999998,0.521803,0.9430805303917377,0.9430805303917379,0.07589262614434977,0.0758926261443495,0.24158053039173788,0.8904808288107902,0.40299999999999975,0.8861610607834751,0.2014999999999999,0.443080530391738,2.220446049250313e-16,2.220446049250313e-16,2.7755575615628914e-16
0.4,0.6999999999999997,0.7,0.5199999999999997,0.5199999999999999,0.942307692307692,0.9423076923076924,0.07692307692307739,0.07692307692307696,0.24230769230769222,0.8890532544378695,0.39999999999999947,0.8846153846153851,0.19999999999999984,0.44230769230769207,2.220446049250313e-16,4.440892098500626e-16,4.3021142204224816e-16
0.402,0.6984999999999998,0.6985,0.5182029999999997,0.5182030000000001,0.9415272586225859,0.941527258622586,0.07796365516988546,0.07796365516988515,0.24302725862258612,0.8876132658907588,0.3969999999999998,0.8830545172451715,0.1984999999999998,0.4415272586225859,3.3306690738754696e-16,1.1102230246251565e-16,3.0531133177191805e-16
0.404,0.6969999999999997,0.697,0.5164119999999996,0.5164119999999999,0.9407391772460747,0.9407391772460747,0.07901443033856707,0.07901443033856691,0.24373917724607497,0.8861608146434459,0.39400000000000013,0.881478354492149,0.19699999999999995,0.4407391772460748,2.220446049250313e-16,0.0,1.6653345369377348e-16
0.406,0.6954999999999998,0.6955,0.5146269999999998,0.5146270000000001,0.9399433958964452,0.9399433958964453,0.08007547213807313,0.08007547213807281,0.24444339589644537,0.8846958527214922,0.3909999999999997,0.8798867917928896,0.1954999999999999,0.4399433958964454,2.220446049250313e-16,1.1102230246251565e-16,3.191891195797325e-16
0.40800000000000003,0.6939999999999997,0.694,0.5128479999999996,0.512848,0.9391398621033911,0.9391398621033912,0.08114685052881192,0.08114685052881167,0.24513986210339134,0.8832183327198414,0.3879999999999998,0.8782797242067831,0.19399999999999984,0.43913986210339107,3.3306690738754696e-16,1.1102230246251565e-16,2.498001805406602e-16
0.41000000000000003,0.6924999999999998,0.6925,0.5110749999999997,0.5110750000000001,0.9383285232108789,0.938328523210879,0.08222863571882814,0.08222863571882796,0.2458285232108791,0.8817282078208929,0.3849999999999997,0.8766570464217572,0.1924999999999999,0.4383285232108789,3.3306690738754696e-16,1.1102230246251565e-16,1.8041124150158794e-16
0.41200000000000003,0.6909999999999997,0.691,0.5093079999999996,0.5093079999999999,0.9375093263801079,0.9375093263801079,0.08332089815985617,0.08332089815985616,0.24650932638010814,0.88022543181284,0.382,0.8750186527602172,0.19099999999999984,0.4375093263801081,2.220446049250313e-16,0.0,1.3877787807814457e-17
0.41400000000000003,0.6894999999999998,0.6895,0.5075469999999997,0.507547,0.9366822185925636,0.9366822185925638,0.0844237085432485,0.08442370854324822,0.24718221859256384,0.8787099591082741,0.3789999999999999,0.8733644371851274,0.1894999999999999,0.4366822185925636,2.220446049250313e-16,2.220446049250313e-16,2.7755575615628914e-16
0.41600000000000004,0.6879999999999997,0.688,0.5057919999999997,0.5057919999999999,0.9358471466531695,0.9358471466531697,0.08553713779577403,0.0855371377957738,0.24784714665316976,0.8771817447630591,0.376,0.8716942933063401,0.18799999999999983,0.4358471466531697,2.220446049250313e-16,2.220446049250313e-16,2.3592239273284576e-16
0.418,0.6864999999999998,0.6865,0.5040429999999997,0.504043,0.9350040571935331,0.9350040571935331,0.08666125707528922,0.0866612570752892,0.2485040571935333,0.8756407444954685,0.3730000000000002,0.8700081143870668,0.18649999999999978,0.4350040571935332,3.3306690738754696e-16,0.0,2.7755575615628914e-17
0.42,0.6849999999999998,0.685,0.5022999999999999,0.5023,0.9341528966752934,0.9341528966752937,0.08779613776627541,0.08779613776627512,0.2491528966752936,0.8740869147055933,0.3700000000000001,0.8683057933505873,0.18499999999999994,0.43415289667529366,1.1102230246251565e-16,2.220446049250313e-16,2.914335439641036e-16
0.422,0.6834999999999998,0.6835,0.5005629999999996,0.500563,0.9332936113935708,0.9332936113935709,0.08894185147523892,0.08894185147523888,0.24979361139357104,0.8725202124950244,0.36700000000000016,0.8665872227871435,0.18349999999999989,0.4332936113935708,3.3306690738754696e-16,1.1102230246251565e-16,4.163336342344337e-17
0.424,0.6819999999999997,0.6819999999999999,0.4988319999999997,0.498832,0.9324261474805142,0.9324261474805144,0.09009847002598104,0.09009847002598069,0.2504261474805145,0.8709405956867956,0.364,0.8648522949610297,0.18199999999999983,0.43242614748051444,2.7755575615628914e-16,2.220446049250313e-16,3.469446951953614e-16
0.426,0.6804999999999998,0.6805,0.49710699999999974,0.49710699999999997,0.931550450908959,0.9315504509089593,0.09126606545472127,0.09126606545472102,0.2510504509089593,0.8693480228456076,0.3609999999999999,0.8631009018179189,0.18049999999999977,0.43155045090895916,2.220446049250313e-16,2.220446049250313e-16,2.498001805406602e-16
0.428,0.6789999999999998,0.679,0.49538799999999983,0.49538799999999994,0.9306664674961846,0.9306664674961848,0.09244471000508714,0.09244471000508693,0.2516664674961848,0.8677424532983131,0.3580000000000001,0.8613329349923711,0.17899999999999994,0.43066646749618487,1.1102230246251565e-16,1.1102230246251565e-16,2.0816681711721685e-16
0.43,0.6774999999999998,0.6775,0.49367499999999975,0.493675,0.9297741429077833,0.9297741429077835,0.09363447612295565,0.09363447612295538,0.2522741429077835,0.8661238471546819,0.3549999999999999,0.8595482858155666,0.17749999999999988,0.4297741429077834,2.220446049250313e-16,2.220446049250313e-16,2.7755575615628914e-16
0.432,0.6759999999999997,0.6759999999999999,0.4919679999999996,0.49196799999999996,0.9288734226616364,0.9288734226616365,0.09483543645115144,0.09483543645115129,0.2528734226616367,0.8644921653284334,0.3519999999999999,0.857746845323273,0.17599999999999982,0.42887342266163664,3.885780586188048e-16,1.1102230246251565e-16,1.5265566588595902e-16
0.434,0.6744999999999998,0.6745,0.49026699999999973,0.490267,0.9279642521320013,0.9279642521320015,0.09604766382399828,0.09604766382399794,0.2534642521320015,0.8628473695585387,0.34899999999999987,0.8559285042640036,0.17449999999999988,0.4279642521320014,2.7755575615628914e-16,2.220446049250313e-16,3.3306690738754696e-16
0.436,0.6729999999999998,0.673,0.48857199999999984,0.48857199999999995,0.9270465765537115,0.9270465765537117,0.09727123126171804,0.09727123126171783,0.25404657655371166,0.8611894224308012,0.3460000000000001,0.8540931531074226,0.17299999999999993,0.4270465765537116,1.1102230246251565e-16,2.220446049250313e-16,2.0816681711721685e-16
0.438,0.6714999999999998,0.6715,0.4868829999999997,0.48688299999999995,0.9261203410264887,0.9261203410264889,0.09850621196468179,0.09850621196468146,0.2546203410264889,0.8595182873997009,0.34299999999999986,0.8522406820529771,0.17149999999999987,0.4261203410264889,2.7755575615628914e-16,2.220446049250313e-16,3.3306690738754696e-16
0.44,0.6699999999999997,0.6699999999999999,0.4851999999999997,0.48519999999999996,0.925185490519373,0.9251854905193735,0.0997526793075026,0.09975267930750206,0.25518549051937334,0.8578339288105157,0.3400000000000001,0.8503709810387478,0.16999999999999982,0.42518549051937315,2.7755575615628914e-16,4.440892098500626e-16,5.412337245047638e-16
0.442,0.6684999999999998,0.6685,0.4835229999999997,0.483523,0.9242419698752696,0.9242419698752696,0.10101070683297382,0.10101070683297383,0.25574196987526987,0.8561363119217122,0.33699999999999997,0.8484839397505395,0.16849999999999987,0.42424196987526974,2.7755575615628914e-16,0.0,1.3877787807814457e-17
0.444,0.6669999999999998,0.667,0.4818519999999998,0.48185199999999995,0.9232897238156114,0.9232897238156114,0.10228036824585152,0.10228036824585143,0.25628972381561155,0.8544254029276033,0.3340000000000001,0.8465794476312242,0.16699999999999982,0.4232897238156116,1.6653345369377348e-16,0.0,8.326672684688674e-17
0.446,0.6654999999999998,0.6655,0.48018699999999964,0.480187,0.9223286969451483,0.9223286969451485,0.10356173740646894,0.10356173740646873,0.25682869694514854,0.8527011689812817,0.33099999999999985,0.8446573938902963,0.16549999999999976,0.4223286969451484,3.3306690738754696e-16,2.220446049250313e-16,2.0816681711721685e-16
0.448,0.6639999999999997,0.6639999999999999,0.4785279999999997,0.47852799999999995,0.921358833756854,0.9213588337568543,0.10485488832419465,0.10485488832419422,0.2573588337568543,0.850963578217818,0.32799999999999985,0.8427176675137091,0.1639999999999998,0.42135883375685423,2.7755575615628914e-16,3.3306690738754696e-16,4.3021142204224816e-16
0.45,0.6624999999999998,0.6625,0.4768749999999997,0.47687499999999994,0.9203800786369593,0.9203800786369594,0.106159895150721,0.10615989515072086,0.2578800786369595,0.849212599777728,0.3250000000000004,0.8407601572739193,0.16249999999999987,0.42038007863695936,2.220446049250313e-16,1.1102230246251565e-16,1.3877787807814457e-16
0.452,0.6609999999999998,0.661,0.47522799999999976,0.475228,0.9193923758701086,0.9193923758701087,0.10747683217318856,0.10747683217318846,0.25839237587010877,0.8474482038307052,0.3220000000000002,0.8387847517402186,0.16099999999999992,0.4193923758701088,2.220446049250313e-16,1.1102230246251565e-16,9.71445146547012e-17
0.454,0.6594999999999998,0.6595,0.47358699999999965,0.473587,0.9183956696446481,0.9183956696446481,0.10880577380713581,0.10880577380713577,0.2588956696446484,0.8456703615996237,0.31899999999999984,0.8367913392892984,0.15949999999999986,0.41839566964464836,3.3306690738754696e-16,0.0,4.163336342344337e-17
0.456,0.6579999999999997,0.6579999999999999,0.4719519999999997,0.4719519999999999,0.9173899040580396,0.9173899040580398,0.1101467945892806,0.11014679458928028,0.25938990405803986,0.8438790453847991,0.31599999999999984,0.8347798081160798,0.15799999999999992,0.4173899040580398,2.220446049250313e-16,2.220446049250313e-16,3.191891195797325e-16
0.458,0.6564999999999998,0.6565,0.4703229999999997,0.47032299999999994,0.9163750231224072,0.9163750231224074,0.1114999691701238,0.11149996917012353,0.2598750231224074,0.8420742285885184,0.31299999999999983,0.8327500462448154,0.15649999999999986,0.4163750231224074,2.220446049250313e-16,2.220446049250313e-16,2.636779683484747e-16
0.46,0.6549999999999998,0.655,0.4686999999999998,0.46869999999999995,0.9153509707702154,0.9153509707702154,0.11286537230637943,0.11286537230637936,0.26035097077021563,0.8402558857398245,0.30999999999999983,0.8307019415404326,0.1549999999999998,0.41535097077021566,1.6653345369377348e-16,0.0,6.938893903907228e-17
0.462,0.6534999999999997,0.6535,0.4670829999999997,0.46708299999999997,0.9143176908600826,0.9143176908600827,0.11424307885322316,0.11424307885322312,0.2608176908600829,0.8384239925195632,0.3069999999999997,0.8286353817201662,0.15349999999999986,0.41431769086008274,2.7755575615628914e-16,1.1102230246251565e-16,4.163336342344337e-17
0.464,0.6519999999999997,0.6519999999999999,0.46547199999999966,0.46547199999999994,0.9132751271827305,0.9132751271827306,0.1156331637563593,0.11563316375635915,0.2612751271827308,0.83657852578569,0.30400000000000005,0.8265502543654613,0.1519999999999998,0.41327512718273063,2.7755575615628914e-16,1.1102230246251565e-16,1.5265566588595902e-16
0.466,0.6504999999999997,0.6505,0.4638669999999997,0.4638669999999999,0.9122232234670712,0.9122232234670713,0.11703570204390508,0.11703570204390486,0.26172322346707144,0.834719463598825,0.30100000000000005,0.824446446934142,0.15049999999999986,0.4122232234670712,2.220446049250313e-16,1.1102230246251565e-16,2.220446049250313e-16
0.468,0.6489999999999998,0.649,0.4622679999999998,0.46226799999999996,0.9111619233864336,0.9111619233864338,0.11845076881808847,0.11845076881808823,0.26216192338643385,0.8328467852480647,0.29799999999999993,0.8223238467728685,0.1489999999999998,0.41116192338643387,1.6653345369377348e-16,1.1102230246251565e-16,2.3592239273284576e-16
0.47000000000000003,0.6474999999999997,0.6475,0.4606749999999997,0.46067499999999995,0.9100911705649317,0.9100911705649318,0.11987843924675771,0.1198784392467575,0.262591170564932,0.8309604712770425,0.29499999999999993,0.8201823411298632,0.14749999999999985,0.4100911705649317,2.220446049250313e-16,1.1102230246251565e-16,2.0816681711721685e-16
0.47200000000000003,0.6459999999999997,0.6459999999999999,0.4590879999999996,0.45908799999999994,0.909010908583975,0.9090109085839752,0.12131878855469995,0.12131878855469978,0.26301090858397536,0.8290605035102353,0.29199999999999965,0.818021817167949,0.1459999999999998,0.40901090858397504,3.3306690738754696e-16,1.1102230246251565e-16,1.6653345369377348e-16
0.47400000000000003,0.6444999999999997,0.6445,0.4575069999999997,0.45750699999999994,0.9079210809889245,0.9079210809889248,0.12277189201476728,0.12277189201476703,0.2634210809889248,0.8271468650795136,0.2889999999999997,0.8158421619778493,0.14449999999999974,0.40792108098892466,2.220446049250313e-16,2.220446049250313e-16,2.498001805406602e-16
0.47600000000000003,0.6429999999999998,0.643,0.4559319999999997,0.45593199999999995,0.9068216312958948,0.906821631295895,0.12423782493880697,0.1242378249388067,0.263821631295895,0.8252195404509342,0.2859999999999999,0.8136432625917899,0.1429999999999999,0.40682163129589477,2.220446049250313e-16,2.220446049250313e-16,2.7755575615628914e-16
0.47800000000000004,0.6414999999999997,0.6415,0.4543629999999997,0.45436299999999996,0.9057125029987035,0.9057125029987035,0.1257166626683953,0.12571666266839512,0.2642125029987038,0.8232785154517667,0.2829999999999998,0.8114250059974082,0.14149999999999985,0.40571250299870365,2.7755575615628914e-16,0.0,1.6653345369377348e-16
0.48,0.6399999999999998,0.64,0.4527999999999998,0.45280000000000004,0.9045936395759715,0.9045936395759717,0.12720848056537135,0.127208480565371,0.2645936395759717,0.8213237772977562,0.2799999999999999,0.8091872791519426,0.1399999999999999,0.4045936395759716,2.220446049250313e-16,2.220446049250313e-16,3.3306690738754696e-16
0.482,0.6384999999999998,0.6385000000000001,0.45124299999999984,0.451243,0.9034649844983744,0.9034649844983745,0.12871335400216743,0.12871335400216732,0.2649649844983746,0.8193553146206146,0.277,0.8069299689967495,0.13849999999999996,0.40346498449837465,1.6653345369377348e-16,1.1102230246251565e-16,1.1102230246251565e-16
0.484,0.6369999999999998,0.637,0.44969199999999976,0.449692,0.9023264812360458,0.902326481236046,0.130231358351939,0.13023135835193866,0.26532648123604596,0.8173731174957353,0.2739999999999998,0.8046529624720914,0.1369999999999999,0.402326481236046,2.220446049250313e-16,2.220446049250313e-16,3.3306690738754696e-16
0.486,0.6354999999999997,0.6355,0.44814699999999963,0.448147,0.9011780732661382,0.9011780732661381,0.1317625689784824,0.13176256897848249,0.26567807326613846,0.8153771774701337,0.271,0.8023561465322762,0.13549999999999984,0.4011780732661383,3.885780586188048e-16,1.1102230246251565e-16,8.326672684688674e-17
0.488,0.6339999999999998,0.634,0.4466079999999998,0.446608,0.9000197040805358,0.900019704080536,0.1333070612259523,0.13330706122595207,0.266019704080536,0.8133674875905967,0.2680000000000002,0.8000394081610707,0.1339999999999999,0.400019704080536,2.220446049250313e-16,2.220446049250313e-16,2.220446049250313e-16
0.49,0.6324999999999998,0.6325000000000001,0.4450749999999999,0.445075,0.8988513171937312,0.8988513171937315,0.13486491040835835,0.13486491040835813,0.2663513171937314,0.8113440424320536,0.265,0.7977026343874623,0.13249999999999984,0.39885131719373135,1.1102230246251565e-16,2.220446049250313e-16,2.220446049250313e-16
0.492,0.6309999999999998,0.631,0.44354799999999983,0.443548,0.8976728561508559,0.8976728561508562,0.1364361917988588,0.1364361917988583,0.2666728561508561,0.8093068381261433,0.2619999999999999,0.7953457123017128,0.1309999999999999,0.3976728561508559,1.6653345369377348e-16,3.3306690738754696e-16,4.996003610813204e-16
0.494,0.6294999999999997,0.6295,0.44202699999999967,0.442027,0.8964842645358767,0.8964842645358767,0.13802098061883106,0.13802098061883097,0.266984264535877,0.8072558723899914,0.2589999999999999,0.7929685290717537,0.12949999999999984,0.3964842645358766,3.3306690738754696e-16,0.0,8.326672684688674e-17
0.496,0.6279999999999998,0.628,0.4405119999999998,0.440512,0.8952854859799505,0.8952854859799506,0.13961935202673267,0.1396193520267325,0.2672854859799507,0.8051911445551746,0.256,0.790570971959901,0.12799999999999978,0.3952854859799506,2.220446049250313e-16,1.1102230246251565e-16,1.6653345369377348e-16
0.498,0.6264999999999998,0.6265000000000001,0.43900299999999987,0.43900300000000003,0.8940764641699485,0.8940764641699488,0.1412313811067354,0.14123138110673503,0.2675764641699486,0.8031126555968842,0.2530000000000001,0.7881529283398976,0.12649999999999983,0.3940764641699487,1.6653345369377348e-16,3.3306690738754696e-16,3.608224830031759e-16
0.5,0.6249999999999998,0.625,0.4374999999999998,0.4375,0.8928571428571427,0.8928571428571429,0.1428571428571431,0.14285714285714285,0.2678571428571429,0.8010204081632654,0.25000000000000006,0.7857142857142864,0.12499999999999989,0.3928571428571428,2.220446049250313e-16,2.220446049250313e-16,2.498001805406602e-16
0.502,0.6234999999999997,0.6234999999999999,0.43600299999999964,0.43600300000000003,0.8916274658660603,0.8916274658660606,0.1444967121785862,0.14449671217858592,0.2681274658660606,0.7989144066049368,0.24700000000000008,0.7832549317321216,0.12349999999999983,0.39162746586606056,3.885780586188048e-16,2.220446049250313e-16,2.7755575615628914e-16
0.504,0.6219999999999998,0.622,0.4345119999999998,0.434512,0.8903873771035091,0.8903873771035092,0.14615016386198784,0.1461501638619877,0.26838737710350935,0.7967946570046829,0.2439999999999998,0.7807747542070173,0.12199999999999989,0.390387377103509,2.220446049250313e-16,1.1102230246251565e-16,1.3877787807814457e-16
0.506,0.6204999999999998,0.6205,0.4330269999999999,0.433027,0.8891368205677705,0.8891368205677707,0.14781757257630593,0.14781757257630587,0.2686368205677707,0.794661167207305,0.24100000000000008,0.7782736411355408,0.12049999999999994,0.38913682056777055,1.1102230246251565e-16,1.1102230246251565e-16,5.551115123125783e-17
0.508,0.6189999999999998,0.619,0.4315479999999997,0.431548,0.887875740357967,0.8878757403579671,0.14949901285604397,0.14949901285604383,0.26887574035796724,0.7925139468496329,0.2379999999999999,0.7757514807159339,0.11899999999999988,0.3878757403579671,2.7755575615628914e-16,1.1102230246251565e-16,1.3877787807814457e-16
0.51,0.6174999999999997,0.6174999999999999,0.4300749999999997,0.430075,0.8866040806836015,0.8866040806836017,0.1511945590885313,0.15119455908853108,0.2691040806836018,0.790353007390685,0.235,0.7732081613672038,0.11749999999999983,0.38660408068360175,2.7755575615628914e-16,2.220446049250313e-16,2.220446049250313e-16
0.512,0.6159999999999998,0.616,0.4286079999999997,0.428608,0.885321785874272,0.8853217858742721,0.15290428550097065,0.15290428550097057,0.26932178587427225,0.788178362141966,0.2319999999999998,0.7706435717485444,0.11599999999999977,0.385321785874272,2.7755575615628914e-16,1.1102230246251565e-16,8.326672684688674e-17
0.514,0.6144999999999998,0.6145,0.4271469999999998,0.42714699999999994,0.8840288003895612,0.8840288003895614,0.1546282661472517,0.15462826614725142,0.2695288003895614,0.7859900262979016,0.22899999999999995,0.7680576007791226,0.11449999999999982,0.38402880038956133,1.6653345369377348e-16,2.220446049250313e-16,2.7755575615628914e-16
0.516,0.6129999999999998,0.613,0.4256919999999998,0.42569199999999996,0.8827250688291062,0.8827250688291065,0.1563665748945251,0.15636657489452468,0.2697250688291064,0.7837880169663964,0.22599999999999967,0.7654501376582125,0.11299999999999988,0.3827250688291063,1.6653345369377348e-16,3.3306690738754696e-16,4.163336342344337e-16
0.518,0.6114999999999997,0.6114999999999999,0.4242429999999997,0.424243,0.8814105359428439,0.881410535942844,0.15811928540954145,0.15811928540954123,0.2699105359428442,0.7815723531995061,0.22299999999999998,0.7628210718856879,0.11149999999999982,0.381410535942844,2.7755575615628914e-16,1.1102230246251565e-16,2.220446049250313e-16
0.52,0.6099999999999998,0.61,0.4227999999999998,0.4228,0.880085146641438,0.880085146641438,0.15988647114474933,0.1598864711447493,0.27008514664143823,0.7793430560242167,0.2200000000000001,0.7601702932828761,0.10999999999999988,0.3800851466414381,2.220446049250313e-16,0.0,2.7755575615628914e-17
0.522,0.6084999999999998,0.6085,0.4213629999999998,0.421363,0.8787488460068871,0.8787488460068872,0.16166820532415058,0.16166820532415044,0.27024884600688726,0.7771001484733231,0.21700000000000014,0.7574976920137745,0.10849999999999993,0.3787488460068871,1.6653345369377348e-16,1.1102230246251565e-16,1.3877787807814457e-16
0.524,0.6069999999999998,0.607,0.41993199999999975,0.41993199999999997,0.8774015793033156,0.8774015793033157,0.16346456092891248,0.16346456092891234,0.2704015793033159,0.7748436556163932,0.21399999999999977,0.7548031586066322,0.10699999999999987,0.37740157930331586,2.220446049250313e-16,1.1102230246251565e-16,1.3877787807814457e-16
0.526,0.6054999999999997,0.6054999999999999,0.4185069999999997,0.41850699999999996,0.8760432919879475,0.8760432919879475,0.16527561068273666,0.16527561068273652,0.2705432919879478,0.7725736045908089,0.21100000000000013,0.7520865839758955,0.10549999999999982,0.3760432919879477,2.7755575615628914e-16,0.0,1.3877787807814457e-16
0.528,0.6039999999999998,0.604,0.41708799999999974,0.417088,0.8746739297222648,0.8746739297222649,0.1671014270369803,0.16710142703698022,0.270673929722265,0.7702900246328763,0.20799999999999977,0.7493478594445292,0.10399999999999987,0.374673929722265,2.7755575615628914e-16,1.1102230246251565e-16,8.326672684688674e-17
0.53,0.6024999999999998,0.6025,0.41567499999999985,0.415675,0.8732934383833523,0.8732934383833524,0.1689420821555303,0.16894208215553017,0.27079343838335246,0.7679929471089892,0.20499999999999982,0.7465868767667047,0.10249999999999992,0.3732934383833524,1.6653345369377348e-16,1.1102230246251565e-16,1.3877787807814457e-16
0.532,0.6009999999999998,0.601,0.4142679999999997,0.41426799999999997,0.8719017640754293,0.8719017640754294,0.1707976478994276,0.17079764789942747,0.27090176407542954,0.7656824055468414,0.20199999999999976,0.7438035281508582,0.10099999999999976,0.3719017640754293,2.7755575615628914e-16,1.1102230246251565e-16,1.3877787807814457e-16
0.534,0.5994999999999997,0.5994999999999999,0.41286699999999965,0.412867,0.8704988531415685,0.8704988531415686,0.17266819581124201,0.1726681958112419,0.2709988531415688,0.7633584356666692,0.1989999999999997,0.7409977062831368,0.09949999999999981,0.3704988531415685,3.3306690738754696e-16,1.1102230246251565e-16,1.1102230246251565e-16
0.536,0.5979999999999998,0.598,0.4114719999999998,0.411472,0.8690846521756035,0.8690846521756036,0.17455379709919536,0.1745537970991951,0.27108465217560374,0.7610210754125173,0.19599999999999976,0.7381693043512075,0.09799999999999986,0.3690846521756034,2.220446049250313e-16,1.1102230246251565e-16,2.498001805406602e-16
0.538,0.5964999999999998,0.5965,0.41008299999999986,0.410083,0.867659108034227,0.8676591080342272,0.1764545226210307,0.1764545226210304,0.27115910803422716,0.7586703649835161,0.1929999999999998,0.7353182160684549,0.09649999999999992,0.3676591080342271,1.1102230246251565e-16,2.220446049250313e-16,3.0531133177191805e-16
0.54,0.5949999999999998,0.595,0.40869999999999973,0.40869999999999995,0.866222167849278,0.8662221678492783,0.17837044286762938,0.1783704428676291,0.2712221678492782,0.7563063468651519,0.18999999999999986,0.7324443356985566,0.09499999999999975,0.3662221678492781,2.220446049250313e-16,3.3306690738754696e-16,2.7755575615628914e-16
0.542,0.5934999999999997,0.5934999999999999,0.4073229999999997,0.407323,0.8647737790402209,0.8647737790402211,0.18030162794637214,0.1803016279463718,0.2712737790402212,0.7539290658605262,0.18700000000000003,0.7295475580804424,0.0934999999999998,0.36477377904022124,2.7755575615628914e-16,2.220446049250313e-16,3.3306690738754696e-16
0.544,0.5919999999999997,0.592,0.4059519999999997,0.405952,0.8633138893268169,0.8633138893268169,0.1822481475642442,0.18224814756424407,0.2713138893268171,0.7515385691215828,0.18399999999999966,0.7266277786536344,0.09199999999999975,0.36331388932681685,2.7755575615628914e-16,0.0,1.3877787807814457e-16
0.546,0.5904999999999998,0.5905,0.40458699999999975,0.404587,0.8618424467419863,0.8618424467419863,0.18421007101068496,0.184210071010685,0.2713424467419865,0.749134906180294,0.18099999999999994,0.723684893483973,0.09049999999999991,0.3618424467419864,2.220446049250313e-16,0.0,5.551115123125783e-17
0.548,0.5889999999999997,0.589,0.40322799999999975,0.403228,0.8603593996448659,0.860359399644866,0.18618746714017886,0.1861874671401788,0.2713593996448661,0.7467181289797884,0.1779999999999999,0.7207187992897314,0.08899999999999975,0.36035939964486596,2.220446049250313e-16,1.1102230246251565e-16,5.551115123125783e-17
0.55,0.5874999999999997,0.5874999999999999,0.4018749999999997,0.401875,0.8588646967340589,0.8588646967340591,0.1881804043545882,0.1881804043545879,0.27136469673405916,0.7442882919054102,0.17499999999999968,0.7177293934681171,0.0874999999999998,0.35886469673405896,2.7755575615628914e-16,2.220446049250313e-16,2.7755575615628914e-16
0.552,0.5859999999999997,0.586,0.40052799999999966,0.40052799999999994,0.8573582870610792,0.8573582870610793,0.19018895058522775,0.19018895058522756,0.27135828706107945,0.7418454518156914,0.17199999999999976,0.714716574122159,0.08599999999999985,0.3573582870610792,2.7755575615628914e-16,1.1102230246251565e-16,1.942890293094024e-16
0.554,0.5844999999999998,0.5845,0.3991869999999998,0.39918699999999996,0.8558401200439892,0.8558401200439893,0.19221317327468102,0.19221317327468085,0.27134012004398944,0.7393896680732207,0.1689999999999999,0.7116802400879785,0.08449999999999991,0.35584012004398946,1.6653345369377348e-16,1.1102230246251565e-16,1.6653345369377348e-16
0.556,0.5829999999999997,0.583,0.39785199999999976,0.397852,0.8543101454812339,0.8543101454812341,0.19425313935835486,0.19425313935835442,0.2713101454812341,0.7369210025754003,0.16599999999999984,0.7086202909624679,0.08299999999999985,0.35431014548123396,2.220446049250313e-16,2.220446049250313e-16,4.440892098500626e-16
0.558,0.5814999999999997,0.5814999999999999,0.3965229999999997,0.39652299999999996,0.8527683135656695,0.8527683135656694,0.19630891524577398,0.19630891524577396,0.2712683135656698,0.7344395197850686,0.1629999999999998,0.7055366271313391,0.0814999999999998,0.3527683135656696,2.7755575615628914e-16,1.1102230246251565e-16,2.7755575615628914e-17
0.56,0.5799999999999997,0.58,0.39519999999999966,0.39519999999999994,0.8512145748987853,0.8512145748987854,0.19838056680161964,0.1983805668016195,0.27121457489878553,0.7319452867609697,0.15999999999999961,0.7024291497975708,0.07999999999999974,0.3512145748987854,2.7755575615628914e-16,1.1102230246251565e-16,1.3877787807814457e-16
0.562,0.5784999999999998,0.5785,0.39388299999999976,0.393883,0.8496488805051245,0.8496488805051247,0.2004681593265006,0.20046815932650056,0.27114888050512476,0.7294383731880658,0.1569999999999999,0.6992977610102491,0.0784999999999999,0.34964888050512477,2.220446049250313e-16,1.1102230246251565e-16,5.551115123125783e-17
0.5640000000000001,0.5769999999999997,0.577,0.3925719999999997,0.3925719999999999,0.8480711818468968,0.8480711818468969,0.20257175753747095,0.2025717575374709,0.27107118184689705,0.7269188514076588,0.1539999999999998,0.6961423636937929,0.07699999999999985,0.34807118184689667,2.220446049250313e-16,1.1102230246251565e-16,5.551115123125783e-17
0.5660000000000001,0.5754999999999997,0.5754999999999999,0.3912669999999997,0.391267,0.8464814308387877,0.8464814308387878,0.2046914255482831,0.20469142554828296,0.270981430838788,0.7243867964473167,0.15099999999999966,0.6929628616775759,0.07549999999999979,0.3464814308387877,2.7755575615628914e-16,1.1102230246251565e-16,1.3877787807814457e-16
0.5680000000000001,0.5739999999999997,0.574,0.3899679999999997,0.389968,0.8448795798629628,0.844879579862963,0.20682722684938293,0.20682722684938257,0.27087957986296307,0.7218422860505804,0.14799999999999983,0.6897591597259265,0.07399999999999973,0.344879579862963,2.7755575615628914e-16,2.220446049250313e-16,3.608224830031759e-16
0.5700000000000001,0.5724999999999998,0.5725,0.3886749999999998,0.388675,0.8432655817842669,0.843265581784267,0.20897922428764412,0.20897922428764398,0.27076558178426713,0.7192854007064331,0.14499999999999977,0.6865311635685339,0.0724999999999999,0.3432655817842668,1.6653345369377348e-16,1.1102230246251565e-16,1.3877787807814457e-16
0.5720000000000001,0.5709999999999997,0.571,0.38738799999999973,0.38738799999999995,0.8416393899656156,0.8416393899656159,0.21114748004584585,0.21114748004584558,0.2706393899656159,0.7167162236785146,0.14199999999999982,0.6832787799312311,0.07099999999999984,0.3416393899656157,2.220446049250313e-16,3.3306690738754696e-16,2.7755575615628914e-16
0.5740000000000001,0.5694999999999997,0.5694999999999999,0.38610699999999964,0.386107,0.8400009582835845,0.8400009582835846,0.2133320556218874,0.21333205562188728,0.2705009582835848,0.7141348410340642,0.1389999999999999,0.6800019165671697,0.06949999999999967,0.34000095828358456,3.3306690738754696e-16,1.1102230246251565e-16,1.1102230246251565e-16
0.5760000000000001,0.5679999999999997,0.568,0.3848319999999998,0.38483199999999995,0.8383502411441872,0.8383502411441877,0.2155330118077504,0.21553301180774995,0.2703502411441875,0.7115413416725647,0.13599999999999982,0.676700482288374,0.06799999999999984,0.33835024114418744,1.6653345369377348e-16,4.440892098500626e-16,4.440892098500626e-16
0.578,0.5664999999999998,0.5665,0.38356299999999977,0.383563,0.8366871934988515,0.8366871934988517,0.21775040866819806,0.2177504086681979,0.2701871934988517,0.7089358173540785,0.13299999999999979,0.6733743869977028,0.06649999999999989,0.33668719349885157,2.220446049250313e-16,2.220446049250313e-16,1.6653345369377348e-16
0.58,0.5649999999999998,0.5650000000000001,0.38229999999999986,0.3823000000000001,0.8350117708605805,0.8350117708605808,0.21998430551922596,0.21998430551922568,0.2700117708605807,0.7063183627272435,0.1299999999999999,0.6700235417211623,0.06499999999999995,0.33501177086058065,2.220446049250313e-16,2.220446049250313e-16,2.7755575615628914e-16
0.582,0.5634999999999998,0.5635,0.38104299999999974,0.38104299999999997,0.8333239293203129,0.833323929320313,0.22223476090624952,0.22223476090624944,0.26982392932031307,0.7036890753569195,0.12700000000000003,0.6666478586406256,0.06349999999999989,0.3333239293203131,2.220446049250313e-16,1.1102230246251565e-16,8.326672684688674e-17
0.584,0.5619999999999998,0.562,0.37979199999999985,0.3797920000000001,0.8316236255634663,0.8316236255634664,0.224501832582045,0.22450183258204484,0.2696236255634664,0.7010480557514551,0.12400000000000011,0.6632472511269334,0.061999999999999944,0.33162362556346636,2.220446049250313e-16,1.1102230246251565e-16,1.6653345369377348e-16
0.586,0.5604999999999998,0.5605,0.3785469999999998,0.37854699999999997,0.8299108168866746,0.8299108168866746,0.22678557748443393,0.2267855774844339,0.2694108168866748,0.6983954073895604,0.12100000000000011,0.6598216337733491,0.06049999999999989,0.32991081688667456,1.6653345369377348e-16,0.0,2.7755575615628914e-17
0.588,0.5589999999999999,0.559,0.37730799999999987,0.3773080000000001,0.8281854612147105,0.8281854612147105,0.22908605171371935,0.2290860517137192,0.26918546121471054,0.6957312367467567,0.11799999999999994,0.6563709224294206,0.05899999999999994,0.3281854612147106,2.220446049250313e-16,0.0,1.3877787807814457e-16
0.59,0.5574999999999998,0.5575,0.37607499999999977,0.37607499999999994,0.826447517117596,0.8264475171175962,0.23140331050987198,0.23140331050987173,0.26894751711759624,0.6930556533213885,0.11499999999999991,0.6528950342351921,0.057499999999999885,0.3264475171175961,1.6653345369377348e-16,2.220446049250313e-16,2.498001805406602e-16
0.592,0.5559999999999998,0.556,0.37484799999999985,0.37484800000000007,0.8246969438278982,0.8246969438278983,0.23373740822946912,0.23373740822946892,0.2686969438278983,0.6903687696601687,0.11199999999999999,0.6493938876557969,0.05600000000000005,0.3246969438278984,2.220446049250313e-16,1.1102230246251565e-16,1.942890293094024e-16
0.594,0.5544999999999998,0.5545,0.37362699999999976,0.373627,0.8229337012582066,0.8229337012582068,0.23608839832239115,0.23608839832239104,0.26843370125820687,0.6876707013832374,0.10900000000000001,0.6458674025164133,0.05449999999999988,0.32293370125820664,2.220446049250313e-16,1.1102230246251565e-16,1.1102230246251565e-16
0.596,0.5529999999999998,0.553,0.37241199999999985,0.3724120000000001,0.8211577500187963,0.8211577500187963,0.23845633330827157,0.23845633330827143,0.2681577500187965,0.684961567208712,0.10600000000000004,0.6423155000375927,0.05300000000000005,0.32115775001879654,2.220446049250313e-16,0.0,1.3877787807814457e-16
0.598,0.5514999999999998,0.5515,0.3712029999999998,0.37120299999999995,0.8193690514354678,0.8193690514354679,0.24084126475270962,0.24084126475270945,0.267869051435468,0.6822414889766995,0.10299999999999998,0.6387381028709358,0.05149999999999999,0.3193690514354679,1.6653345369377348e-16,1.1102230246251565e-16,1.6653345369377348e-16
0.6,0.5499999999999999,0.55,0.3699999999999999,0.3700000000000001,0.8175675675675674,0.8175675675675675,0.24324324324324342,0.24324324324324317,0.2675675675675675,0.6795105916727538,0.09999999999999987,0.6351351351351351,0.04999999999999993,0.31756756756756754,2.220446049250313e-16,1.1102230246251565e-16,2.498001805406602e-16
0.602,0.5484999999999998,0.5485,0.36880299999999977,0.36880299999999994,0.8157532612261829,0.8157532612261831,0.24566231836508953,0.24566231836508923,0.2672532612261831,0.676769003450749,0.09699999999999989,0.6315065224523662,0.04849999999999988,0.31575326122618297,1.6653345369377348e-16,2.220446049250313e-16,3.0531133177191805e-16
0.604,0.5469999999999998,0.547,0.3676119999999999,0.36761200000000005,0.8139260959925138,0.8139260959925139,0.24809853867664833,0.24809853867664816,0.26692609599251393,0.6740168556551439,0.09399999999999975,0.6278521919850273,0.04699999999999982,0.31392609599251386,1.6653345369377348e-16,1.1102230246251565e-16,1.6653345369377348e-16
0.606,0.5454999999999998,0.5455,0.3664269999999998,0.36642699999999995,0.8120860362364125,0.8120860362364127,0.25055195168478334,0.2505519516847831,0.26658603623641275,0.6712542828426158,0.09099999999999997,0.624172072472825,0.04549999999999976,0.31208603623641273,1.6653345369377348e-16,2.220446049250313e-16,2.220446049250313e-16
0.608,0.5439999999999998,0.544,0.36524799999999985,0.3652480000000001,0.8102330471350971,0.8102330471350973,0.25302260381987046,0.2530226038198703,0.2662330471350973,0.6684814228030348,0.08800000000000013,0.6204660942701945,0.04400000000000004,0.31023304713509714,2.220446049250313e-16,1.1102230246251565e-16,1.6653345369377348e-16
0.61,0.5424999999999998,0.5425,0.36407499999999976,0.3640749999999999,0.8083670946920275,0.8083670946920277,0.25551054041063,0.2555105404106297,0.26586709469202774,0.6656984165797544,0.08499999999999996,0.6167341893840551,0.04249999999999987,0.3083670946920276,1.6653345369377348e-16,2.220446049250313e-16,2.7755575615628914e-16
0.612,0.5409999999999999,0.541,0.3629079999999999,0.36290800000000006,0.806488145755949,0.8064881457559492,0.2580158056587347,0.2580158056587344,0.26548814575594903,0.6629054084891928,0.08200000000000007,0.6129762915118989,0.040999999999999925,0.3064881457559492,1.6653345369377348e-16,2.220446049250313e-16,3.3306690738754696e-16
0.614,0.5394999999999998,0.5395,0.36174699999999976,0.36174699999999993,0.8045961680400942,0.8045961680400944,0.2605384426132078,0.26053844261320763,0.2650961680400944,0.6601025461396753,0.07899999999999985,0.6091923360801881,0.03949999999999987,0.30459616804009415,1.6653345369377348e-16,2.220446049250313e-16,1.6653345369377348e-16
0.616,0.5379999999999998,0.538,0.36059199999999986,0.3605920000000001,0.8026911301415449,0.802691130141545,0.2630784931446068,0.2630784931446066,0.2646911301415451,0.6572899804495177,0.07599999999999993,0.60538226028309,0.03799999999999992,0.3026911301415449,2.220446049250313e-16,1.1102230246251565e-16,2.220446049250313e-16
0.618,0.5364999999999998,0.5365,0.35944299999999973,0.35944299999999996,0.8007730015607479,0.8007730015607482,0.2656359979190028,0.2656359979190025,0.2642730015607482,0.6544678656643144,0.07299999999999984,0.6015460031214965,0.036499999999999866,0.30077300156074793,2.220446049250313e-16,2.220446049250313e-16,2.7755575615628914e-16
0.62,0.5349999999999999,0.535,0.3582999999999999,0.35830000000000006,0.7988417527211832,0.7988417527211834,0.26821099637175577,0.2682109963717555,0.26384175272118326,0.651636359373414,0.06999999999999995,0.5976835054423661,0.03499999999999992,0.2988417527211832,1.6653345369377348e-16,2.220446049250313e-16,2.7755575615628914e-16
0.622,0.5334999999999998,0.5335,0.3571629999999998,0.35716299999999995,0.7968973549891784,0.7968973549891786,0.27080352668109553,0.27080352668109525,0.2633973549891786,0.648795622525546,0.06699999999999978,0.5937947099783568,0.03349999999999975,0.29689735498917846,1.6653345369377348e-16,2.220446049250313e-16,2.7755575615628914e-16
0.624,0.5319999999999999,0.532,0.35603199999999985,0.35603200000000007,0.79493978069387,0.7949397806938702,0.27341362574150674,0.27341362574150635,0.26293978069387003,0.6459458194435777,0.064,0.58987956138774,0.03199999999999992,0.29493978069387017,2.220446049250313e-16,2.220446049250313e-16,3.885780586188048e-16
0.626,0.5304999999999997,0.5305,0.35490699999999975,0.354907,0.7929690031473032,0.7929690031473035,0.276041329136929,0.27604132913692886,0.2624690031473035,0.6430871178383684,0.06099999999999975,0.5859380062946068,0.03049999999999986,0.29296900314730334,2.220446049250313e-16,2.220446049250313e-16,1.6653345369377348e-16
0.628,0.5289999999999998,0.529,0.3537879999999998,0.35378800000000005,0.790984996664669,0.7909849966646693,0.2786866711137746,0.2786866711137743,0.26198499666466923,0.6402196888216961,0.05799999999999983,0.5819699933293389,0.028999999999999915,0.29098499666466937,2.220446049250313e-16,2.220446049250313e-16,2.7755575615628914e-16
0.63,0.5274999999999997,0.5275,0.35267499999999974,0.35267499999999996,0.7889877365846741,0.7889877365846744,0.2813496845537678,0.2813496845537677,0.2614877365846744,0.637343706918227,0.05499999999999988,0.5779754731693484,0.027499999999999858,0.28898773658467425,2.220446049250313e-16,2.220446049250313e-16,1.1102230246251565e-16
0.632,0.5259999999999998,0.526,0.3515679999999999,0.35156800000000005,0.7869771992900376,0.7869771992900377,0.2840304009466165,0.28403040094661625,0.2609771992900378,0.6344593500764972,0.052000000000000046,0.5739543985800758,0.025999999999999912,0.28697719929003784,1.6653345369377348e-16,1.1102230246251565e-16,2.7755575615628914e-16
0.634,0.5244999999999997,0.5245,0.35046699999999975,0.350467,0.7849533622281126,0.7849533622281128,0.2867288503625165,0.28672885036251633,0.2604533622281129,0.6315667996788833,0.049000000000000016,0.5699067244562256,0.024499999999999744,0.28495336222811285,2.220446049250313e-16,2.220446049250313e-16,1.6653345369377348e-16
0.636,0.5229999999999999,0.523,0.34937199999999985,0.34937200000000007,0.7829162039316258,0.7829162039316259,0.289445061424499,0.2894450614244988,0.25991620393162584,0.6286662405505258,0.04599999999999993,0.5658324078632517,0.0229999999999998,0.282916203931626,2.220446049250313e-16,1.1102230246251565e-16,2.220446049250313e-16
0.638,0.5214999999999997,0.5215,0.3482829999999998,0.34828299999999995,0.7808657040395308,0.780865704039531,0.2921790612806256,0.29217906128062526,0.2593657040395311,0.6257578609671826,0.04300000000000004,0.5617314080790619,0.021499999999999853,0.28086570403953104,1.6653345369377348e-16,2.220446049250313e-16,3.3306690738754696e-16
0.64,0.5199999999999998,0.52,0.34719999999999984,0.34720000000000006,0.7788018433179722,0.7788018433179723,0.2949308755760371,0.2949308755760368,0.2588018433179724,0.6228418526619804,0.039999999999999786,0.5576036866359447,0.019999999999999907,0.2788018433179724,2.220446049250313e-16,1.1102230246251565e-16,2.7755575615628914e-16
0.642,0.5184999999999997,0.5185,0.34612299999999974,0.34612299999999996,0.7767246036813501,0.7767246036813502,0.29770052842486655,0.2977005284248664,0.25822460368135036,0.6199184108310338,0.03700000000000003,0.5534492073627004,0.01849999999999985,0.2767246036813502,2.220446049250313e-16,1.1102230246251565e-16,1.6653345369377348e-16
0.644,0.5169999999999998,0.517,0.3450519999999999,0.3450520000000001,0.7746339682134864,0.7746339682134866,0.30048804238201815,0.30048804238201776,0.2576339682134866,0.6169877341379062,0.033999999999999864,0.549267936426973,0.016999999999999904,0.2746339682134866,1.6653345369377348e-16,2.220446049250313e-16,3.885780586188048e-16
0.646,0.5154999999999997,0.5155,0.3439869999999997,0.34398699999999993,0.7725299211888821,0.7725299211888822,0.30329343841482387,0.30329343841482387,0.25702992118888235,0.6140500247168792,0.03099999999999986,0.545059842377764,0.015499999999999847,0.2725299211888821,2.220446049250313e-16,1.1102230246251565e-16,0.0
0.648,0.5139999999999999,0.514,0.3429279999999999,0.342928,0.7704124480940603,0.7704124480940605,0.30611673587458627,0.30611673587458593,0.2564124480940604,0.6111054881750042,0.027999999999999803,0.5408248961881207,0.013999999999999901,0.2704124480940604,1.1102230246251565e-16,2.220446049250313e-16,3.3306690738754696e-16
0.65,0.5124999999999997,0.5125,0.34187499999999976,0.34187499999999993,0.7682815356489944,0.7682815356489945,0.3089579524680075,0.3089579524680074,0.25578153564899464,0.6081543335929067,0.025000000000000022,0.5365630712979889,0.012499999999999845,0.2682815356489945,1.6653345369377348e-16,1.1102230246251565e-16,1.1102230246251565e-16
0.652,0.5109999999999998,0.511,0.34082799999999985,0.340828,0.7661371718286056,0.7661371718286055,0.3118171042285258,0.3118171042285258,0.25513717182860585,0.6051967735243089,0.02200000000000002,0.5322743436572113,0.010999999999999899,0.26613717182860563,1.6653345369377348e-16,1.1102230246251565e-16,0.0
0.654,0.5094999999999997,0.5095,0.33978699999999973,0.33978699999999995,0.7639793458843332,0.7639793458843335,0.31469420548755567,0.3146942054875555,0.2544793458843335,0.6022330239942495,0.019000000000000045,0.5279586917686664,0.009499999999999842,0.26397934588433336,2.220446049250313e-16,2.220446049250313e-16,1.6653345369377348e-16
0.656,0.5079999999999999,0.508,0.33875199999999983,0.33875200000000005,0.761808048365766,0.761808048365766,0.31758926884564537,0.3175892688456452,0.2538080483657661,0.599263304495966,0.015999999999999903,0.5236160967315322,0.007999999999999896,0.2618080483657661,2.220446049250313e-16,0.0,1.6653345369377348e-16
0.658,0.5064999999999997,0.5065,0.3377229999999998,0.3377229999999999,0.7596232711423266,0.7596232711423266,0.3205023051435645,0.32050230514356454,0.2531232711423269,0.5962878379864072,0.012999999999999845,0.5192465422846536,0.006499999999999839,0.25962327114232653,1.1102230246251565e-16,0.0,5.551115123125783e-17
0.66,0.5049999999999999,0.505,0.3366999999999999,0.33670000000000005,0.7574250074250072,0.7574250074250074,0.32343332343332376,0.3234333234333234,0.2524250074250073,0.5933068508803583,0.009999999999999787,0.5148500148500142,0.0050000000000000044,0.2574250074250073,1.6653345369377348e-16,2.220446049250313e-16,3.3306690738754696e-16
0.662,0.5034999999999997,0.5035,0.33568299999999973,0.3356829999999999,0.7552132517881452,0.7552132517881452,0.32638233094913965,0.32638233094913965,0.2517132517881455,0.590320573043136,0.006999999999999923,0.5104265035762907,0.0034999999999998366,0.25521325178814536,1.6653345369377348e-16,0.0,0.0
0.664,0.5019999999999998,0.502,0.33467199999999986,0.3346720000000001,0.7529880001912318,0.752988000191232,0.3293493330783576,0.3293493330783573,0.250988000191232,0.5873292377818331,0.004000000000000226,0.5059760003824639,0.0019999999999998908,0.2529880001912319,2.220446049250313e-16,2.220446049250313e-16,3.3306690738754696e-16
0.666,0.5004999999999997,0.5005,0.3336669999999997,0.33366699999999994,0.7507492500007491,0.7507492500007492,0.33233433333233453,0.3323343333323344,0.2502492500007494,0.5843330818350839,0.0009999999999997233,0.5014985000014984,0.0004999999999998339,0.2507492500007493,2.220446049250313e-16,1.1102230246251565e-16,1.1102230246251565e-16
0.668,0.4989999999999998,0.499,0.33266799999999985,0.3326680000000001,0.7484970000120238,0.7484970000120239,0.3353373333173016,0.3353373333173013,0.24949700001202402,0.5813323453613171,0.0,0.49699400002404803,-5.551115123125783e-17,0.24849700001202402,2.220446049250313e-16,1.1102230246251565e-16,2.7755575615628914e-16
0.67,0.4974999999999997,0.49749999999999994,0.3316749999999997,0.33167499999999994,0.7462312504710935,0.7462312504710937,0.33835833270520865,0.33835833270520854,0.2487312504710938,0.5783272719254738,0.0,0.49246250094218724,-1.6653345369377348e-16,0.2462312504710935,2.220446049250313e-16,2.220446049250313e-16,1.1102230246251565e-16
0.672,0.49599999999999983,0.496,0.33068799999999987,0.33068800000000004,0.7439520030965742,0.7439520030965744,0.3413973292045678,0.34139732920456745,0.24795200309657434,0.5753181084841574,0.0,0.4879040061931486,-1.1102230246251565e-16,0.24395200309657428,1.6653345369377348e-16,2.220446049250313e-16,3.3306690738754696e-16
0.674,0.4944999999999997,0.49449999999999994,0.32970699999999975,0.3297069999999999,0.7416592611015232,0.7416592611015234,0.3444543185313023,0.34445431853130215,0.24715926110152353,0.5723051053691945,0.0,0.4833185222030471,-1.1102230246251565e-16,0.24165926110152336,1.6653345369377348e-16,1.1102230246251565e-16,1.6653345369377348e-16
0.676,0.4929999999999998,0.493,0.3287319999999999,0.328732,0.7393530292152876,0.7393530292152878,0.3475292943796166,0.3475292943796162,0.24635302921528773,0.5692885162695709,0.0,0.4787060584305755,-1.6653345369377348e-16,0.23935302921528767,1.1102230246251565e-16,2.220446049250313e-16,3.885780586188048e-16
0.678,0.49149999999999977,0.49149999999999994,0.32776299999999975,0.3277629999999999,0.7370333137053295,0.7370333137053298,0.35062224839289396,0.35062224839289374,0.24553331370532977,0.5662685982117254,0.0,0.4740666274106592,-1.6653345369377348e-16,0.23703331370532965,1.6653345369377348e-16,2.220446049250313e-16,2.220446049250313e-16
0.68,0.4899999999999998,0.49,0.3267999999999998,0.32680000000000003,0.7347001223990207,0.7347001223990208,0.35373317013463906,0.35373317013463895,0.2447001223990209,0.5632456115381677,0.0,0.46940024479804165,-1.1102230246251565e-16,0.23470012239902083,2.220446049250313e-16,1.1102230246251565e-16,1.1102230246251565e-16
0.682,0.4884999999999997,0.48849999999999993,0.3258429999999997,0.32584299999999994,0.7323534647053948,0.7323534647053949,0.35686204705947366,0.35686204705947355,0.24385346470539504,0.5602198198843982,0.0,0.4647069294107898,-1.1102230246251565e-16,0.23235346470539486,2.220446049250313e-16,1.1102230246251565e-16,1.1102230246251565e-16
0.684,0.4869999999999998,0.487,0.32489199999999985,0.324892,0.7299933516368515,0.7299933516368515,0.36000886448419794,0.36000886448419783,0.2429933516368517,0.5571914901541044,0.0,0.4599867032737032,-5.551115123125783e-17,0.22999335163685153,1.6653345369377348e-16,0.0,1.1102230246251565e-16
0.686,0.4854999999999997,0.48549999999999993,0.32394699999999976,0.32394699999999993,0.7276197958307993,0.7276197958307994,0.3631736055589343,0.36317360555893413,0.24211979583079957,0.554160892492606,0.0,0.45523959166159883,-1.6653345369377348e-16,0.2276197958307994,1.6653345369377348e-16,1.1102230246251565e-16,1.6653345369377348e-16
0.6880000000000001,0.4839999999999998,0.484,0.32300799999999985,0.3230080000000001,0.7252328115712303,0.7252328115712303,0.3663562512383596,0.3663562512383594,0.2412328115712305,0.5511283002585288,0.0,0.4504656231424603,-5.551115123125783e-17,0.22523281157123032,2.220446049250313e-16,0.0,1.6653345369377348e-16
0.6900000000000001,0.48249999999999976,0.48249999999999993,0.3220749999999998,0.3220749999999999,0.7228324148102148,0.722832414810215,0.369556780253047,0.36955678025304683,0.240332414810215,0.5480939899936789,0.0,0.4456648296204295,-1.1102230246251565e-16,0.22283241481021498,1.1102230246251565e-16,2.220446049250313e-16,1.6653345369377348e-16
0.6920000000000001,0.4809999999999998,0.481,0.3211479999999998,0.321148,0.7204186231893082,0.7204186231893084,0.37277516908092245,0.37277516908092223,0.23941862318930834,0.5450582413910992,0.0,0.44083724637861654,-5.551115123125783e-17,0.22041862318930816,1.6653345369377348e-16,2.220446049250313e-16,2.220446049250313e-16
0.6940000000000001,0.4794999999999997,0.4794999999999999,0.32022699999999976,0.32022699999999993,0.7179914560608565,0.7179914560608568,0.3760113919188581,0.3760113919188577,0.23849145606085675,0.542021337261281,0.0,0.4359829121217134,-1.1102230246251565e-16,0.21799145606085668,1.6653345369377348e-16,3.3306690738754696e-16,3.885780586188048e-16
0.6960000000000001,0.4779999999999998,0.478,0.3193119999999999,0.31931200000000004,0.7155509345091945,0.7155509345091946,0.3792654206544073,0.379265420654407,0.23755093450919468,0.5389835634965126,0.0,0.43110186901838965,-5.551115123125783e-17,0.2155509345091946,1.6653345369377348e-16,1.1102230246251565e-16,3.3306690738754696e-16
0.6980000000000001,0.47649999999999976,0.4764999999999999,0.31840299999999977,0.3184029999999999,0.7130970813717203,0.7130970813717207,0.3825372248377062,0.38253722483770586,0.23659708137172059,0.5359452090333413,0.0,0.42619416274344113,-1.1102230246251565e-16,0.21309708137172056,1.1102230246251565e-16,3.3306690738754696e-16,3.3306690738754696e-16
0.7000000000000001,0.4749999999999998,0.475,0.31749999999999984,0.3175,0.7106299212598425,0.7106299212598425,0.38582677165354334,0.3858267716535434,0.23562992125984267,0.5329065658131316,0.0,0.4212598425196845,-5.551115123125783e-17,0.21062992125984248,1.6653345369377348e-16,0.0,5.551115123125783e-17
0.7020000000000001,0.4734999999999997,0.4734999999999999,0.31660299999999975,0.3166029999999999,0.7081494805797794,0.7081494805797796,0.3891340258936274,0.3891340258936272,0.23464948057977975,0.5298679287406958,0.0,0.41629896115955956,-1.1102230246251565e-16,0.20814948057977944,1.6653345369377348e-16,1.1102230246251565e-16,1.6653345369377348e-16
0.704,0.47199999999999975,0.472,0.31571199999999977,0.3157119999999999,0.7056557875532128,0.705655787553213,0.3924589499290496,0.39245894992904934,0.23365578755321303,0.526829595640985,0.0,0.41131157510642596,-1.6653345369377348e-16,0.205655787553213,1.1102230246251565e-16,2.220446049250313e-16,2.7755575615628914e-16
0.706,0.4704999999999998,0.47050000000000003,0.31482699999999986,0.314827,0.7031488722377685,0.7031488722377687,0.3958015036829754,0.395801503682975,0.23264887223776864,0.5237918672138153,0.0,0.406297744475537,-5.551115123125783e-17,0.20314887223776856,1.6653345369377348e-16,2.220446049250313e-16,3.885780586188048e-16
0.708,0.4689999999999999,0.4690000000000001,0.3139479999999999,0.3139480000000001,0.7006287665473262,0.7006287665473264,0.39916164460356507,0.39916164460356474,0.23162876654732628,0.5207550469866196,0.0,0.4012575330946526,-1.1102230246251565e-16,0.2006287665473262,2.220446049250313e-16,2.220446049250313e-16,3.3306690738754696e-16
0.71,0.46749999999999986,0.4675,0.3130749999999998,0.31307500000000005,0.6980955042721391,0.6980955042721393,0.4025393276371479,0.40253932763714756,0.2305955042721392,0.5177194412652036,0.0,0.39619100854427824,-1.1102230246251565e-16,0.19809550427213918,2.220446049250313e-16,2.220446049250313e-16,3.3306690738754696e-16
0.712,0.4659999999999998,0.46599999999999997,0.31220799999999976,0.31220799999999993,0.6955491210987546,0.6955491210987547,0.4059345052016606,0.40593450520166047,0.22954912109875475,0.514685359082497,0.0,0.39109824219750927,-1.1102230246251565e-16,0.19554912109875455,1.6653345369377348e-16,1.1102230246251565e-16,1.1102230246251565e-16
0.714,0.4644999999999998,0.4645,0.3113469999999998,0.311347,0.6929896546297217,0.692989654629722,0.409347127160371,0.40934712716037086,0.22848965462972193,0.5116531121452803,0.0,0.38597930925944335,-5.551115123125783e-17,0.19298965462972184,1.6653345369377348e-16,2.220446049250313e-16,1.6653345369377348e-16
0.716,0.4629999999999999,0.4630000000000001,0.3104919999999999,0.31049200000000016,0.6904171444030764,0.6904171444030764,0.41277714079589806,0.4127771407958979,0.22741714440307653,0.5086230147788805,0.0,0.3808342888061531,-1.1102230246251565e-16,0.19041714440307633,2.7755575615628914e-16,0.0,1.6653345369377348e-16
0.718,0.4614999999999998,0.4615,0.3096429999999998,0.309643,0.6878316319115884,0.6878316319115886,0.4162244907845489,0.41622449078454865,0.22633163191158856,0.5055953838698197,0.0,0.37566326382317705,-1.1102230246251565e-16,0.18783163191158847,2.220446049250313e-16,2.220446049250313e-16,2.220446049250313e-16
0.72,0.4599999999999998,0.45999999999999996,0.30879999999999974,0.3087999999999999,0.6852331606217615,0.6852331606217615,0.4196891191709846,0.41968911917098456,0.22523316062176174,0.5025705388064109,0.0,0.3704663212435232,-1.1102230246251565e-16,0.18523316062176165,1.6653345369377348e-16,0.0,5.551115123125783e-17
0.722,0.45849999999999985,0.4585,0.3079629999999998,0.307963,0.6826217759925705,0.6826217759925707,0.4231709653432394,0.4231709653432393,0.2241217759925706,0.49954880141728786,0.0,0.3652435519851407,-1.1102230246251565e-16,0.18262177599257057,1.6653345369377348e-16,2.220446049250313e-16,1.1102230246251565e-16
0.724,0.45699999999999985,0.4570000000000001,0.30713199999999985,0.3071320000000001,0.6799975254939244,0.6799975254939244,0.42666996600810075,0.42666996600810053,0.2229975254939246,0.4965304959078643,0.0,0.359995050987849,-1.1102230246251565e-16,0.17999752549392434,2.7755575615628914e-16,0.0,2.220446049250313e-16
0.726,0.4554999999999998,0.4555,0.3063069999999998,0.306307,0.6773604586248437,0.6773604586248437,0.430186055166875,0.4301860551668751,0.22186045862484394,0.4935159487947158,0.0,0.3547209172496876,-1.1102230246251565e-16,0.17736045862484373,2.220446049250313e-16,0.0,5.551115123125783e-17
0.728,0.45399999999999974,0.45399999999999996,0.30548799999999976,0.3054879999999999,0.674710626931336,0.674710626931336,0.43371916409155203,0.433719164091552,0.22071062693133625,0.49050548883787803,0.0,0.3494212538626722,-1.1102230246251565e-16,0.1747106269313361,1.6653345369377348e-16,0.0,5.551115123125783e-17
0.73,0.4524999999999998,0.4525,0.3046749999999998,0.304675,0.6720480840239599,0.67204808402396,0.43726922130138685,0.4372692213013867,0.2195480840239601,0.48749944697106073,0.0,0.34409616804791976,-1.1102230246251565e-16,0.17204808402396,1.6653345369377348e-16,1.1102230246251565e-16,1.6653345369377348e-16
0.732,0.4509999999999999,0.45100000000000007,0.30386799999999986,0.30386800000000014,0.6693728855950609,0.6693728855950611,0.44083615253991876,0.4408361525399184,0.21837288559506102,0.4844981562297708,0.0,0.338745771190122,-1.1102230246251565e-16,0.16937288559506092,2.7755575615628914e-16,2.220446049250313e-16,3.3306690738754696e-16
0.734,0.44949999999999984,0.4495,0.3030669999999998,0.30306700000000003,0.6666850894356692,0.6666850894356693,0.4444198807524411,0.4444198807524408,0.21718508943566933,0.481501951677349,0.0,0.33337017887133846,-1.1102230246251565e-16,0.1666850894356693,2.220446049250313e-16,1.1102230246251565e-16,2.7755575615628914e-16
0.736,0.4479999999999998,0.44799999999999995,0.30227199999999976,0.3022719999999999,0.663984755452043,0.6639847554520432,0.4480203260639426,0.44802032606394254,0.21598475545204326,0.47851117032891743,0.0,0.32796951090408616,-2.220446049250313e-16,0.16398475545204316,1.1102230246251565e-16,1.1102230246251565e-16,5.551115123125783e-17
0.738,0.4464999999999998,0.4465,0.30148299999999983,0.30148300000000006,0.6612719456818459,0.661271945681846,0.4516374057575388,0.4516374057575385,0.2147719456818461,0.47552615107324175,0.0,0.3225438913636923,-5.551115123125783e-17,0.161271945681846,2.220446049250313e-16,1.1102230246251565e-16,2.7755575615628914e-16
0.74,0.44499999999999984,0.44500000000000006,0.30069999999999986,0.3007000000000001,0.6585467243099433,0.6585467243099435,0.4552710342534089,0.4552710342534086,0.21354672430994348,0.47254723459251324,0.0,0.31709344861988686,-1.1102230246251565e-16,0.15854672430994343,2.220446049250313e-16,2.220446049250313e-16,3.3306690738754696e-16
0.742,0.4434999999999998,0.4435,0.29992299999999983,0.29992299999999994,0.6558091576838053,0.6558091576838055,0.45892112308825955,0.4589211230882594,0.21230915768380554,0.4695747632800528,0.0,0.31161831536761087,-1.1102230246251565e-16,0.15580915768380532,1.1102230246251565e-16,2.220446049250313e-16,1.6653345369377348e-16
0.744,0.4419999999999997,0.44199999999999995,0.29915199999999975,0.2991519999999999,0.6530593143285017,0.6530593143285018,0.46258758089533103,0.462587580895331,0.211059314328502,0.46660908115594935,0.0,0.30611862865700357,-1.1102230246251565e-16,0.15305931432850162,1.6653345369377348e-16,1.1102230246251565e-16,5.551115123125783e-17
0.746,0.44049999999999984,0.4405,0.2983869999999998,0.298387,0.650297264961275,0.650297264961275,0.4662703133849666,0.4662703133849665,0.2097972649612752,0.46365053378063636,0.0,0.30059452992254987,-1.1102230246251565e-16,0.15029726496127505,2.220446049250313e-16,0.0,1.1102230246251565e-16
0.748,0.43899999999999983,0.43900000000000006,0.29762799999999984,0.2976280000000001,0.6475230825056781,0.6475230825056782,0.46996922332576246,0.4699692233257622,0.2085230825056783,0.4606994681664217,0.0,0.2950461650113567,-1.1102230246251565e-16,0.14752308250567836,2.7755575615628914e-16,1.1102230246251565e-16,2.7755575615628914e-16
0.75,0.4374999999999998,0.4375,0.2968749999999998,0.296875,0.6447368421052629,0.6447368421052632,0.4736842105263161,0.47368421052631576,0.20723684210526316,0.4577562326869805,0.0,0.2894736842105263,-1.6653345369377348e-16,0.14473684210526305,2.220446049250313e-16,2.220446049250313e-16,3.3306690738754696e-16
0.752,0.4359999999999998,0.43599999999999994,0.2961279999999997,0.2961279999999999,0.6419386211368056,0.6419386211368057,0.4774151718175926,0.4774151718175926,0.20593862113680578,0.4548211769848272,0.0,0.2838772422736111,-1.6653345369377348e-16,0.14193862113680566,1.6653345369377348e-16,1.1102230246251565e-16,0.0
0.754,0.4344999999999998,0.4345,0.29538699999999973,0.295387,0.6391284992230531,0.6391284992230531,0.48116200103592915,0.48116200103592915,0.20462849922305337,0.451894651876781,0.0,0.2782569984461062,-1.6653345369377348e-16,0.13912849922305326,2.7755575615628914e-16,0.0,0.0
0.756,0.4329999999999999,0.43300000000000005,0.2946519999999998,0.29465200000000014,0.6363065582449805,0.6363065582449806,0.48492458900669266,0.48492458900669244,0.20330655824498062,0.4489770092574435,0.0,0.2726131164899612,-1.1102230246251565e-16,0.1363065582449806,3.3306690738754696e-16,1.1102230246251565e-16,2.220446049250313e-16
0.758,0.4314999999999998,0.4315,0.2939229999999997,0.29392299999999993,0.6334728823535415,0.6334728823535416,0.48870282352861133,0.48870282352861133,0.20197288235354172,0.44606860200071086,0.0,0.26694576470708314,-2.220446049250313e-16,0.1334728823535416,2.220446049250313e-16,1.1102230246251565e-16,0.0
0.76,0.42999999999999977,0.42999999999999994,0.29319999999999974,0.2931999999999999,0.6306275579809003,0.6306275579809003,0.4924965893587996,0.49249658935879964,0.20062755798090054,0.44316978385933825,0.0,0.26125511596180084,-2.220446049250313e-16,0.1306275579809003,1.6653345369377348e-16,0.0,5.551115123125783e-17
0.762,0.4284999999999998,0.4285,0.2924829999999997,0.29248300000000005,0.6277706738511296,0.6277706738511297,0.49630576819849387,0.49630576819849354,0.1992706738511298,0.44028090936258224,0.0,0.25554134770225967,-1.6653345369377348e-16,0.12777067385112983,3.3306690738754696e-16,1.1102230246251565e-16,3.3306690738754696e-16
0.764,0.4269999999999998,0.42700000000000005,0.2917719999999998,0.2917720000000001,0.6249023209903624,0.6249023209903625,0.5001302386795169,0.5001302386795168,0.19790232099036253,0.43740233371194776,0.0,0.24980464198072475,-1.1102230246251565e-16,0.12490232099036247,2.7755575615628914e-16,1.1102230246251565e-16,1.1102230246251565e-16
0.766,0.42549999999999977,0.4255,0.29106699999999974,0.291067,0.62202259273638,0.6220225927363803,0.5039698763514933,0.5039698763514929,0.19652259273638029,0.4345344126750649,0.0,0.24404518547276044,-1.6653345369377348e-16,0.12202259273638016,2.7755575615628914e-16,2.220446049250313e-16,3.3306690738754696e-16
0.768,0.4239999999999997,0.42399999999999993,0.29036799999999974,0.29036799999999985,0.6191315847476303,0.6191315847476304,0.5078245536698263,0.5078245536698262,0.1951315847476306,0.4316775024777295,0.0,0.2382631694952608,-1.1102230246251565e-16,0.11913158474763041,1.1102230246251565e-16,1.1102230246251565e-16,1.1102230246251565e-16
0.77,0.42249999999999976,0.4225,0.28967499999999974,0.28967499999999996,0.6162293950116509,0.616229395011651,0.5116941399844656,0.5116941399844654,0.1937293950116511,0.4288319596941332,0.0,0.232458790023302,-1.6653345369377348e-16,0.11622939501165086,2.220446049250313e-16,1.1102230246251565e-16,1.1102230246251565e-16
0.772,0.4209999999999998,0.42100000000000004,0.2889879999999998,0.28898800000000013,0.6133161238528935,0.6133161238528936,0.5155785015294754,0.515578501529475,0.19231612385289365,0.42599814113532153,0.0,0.22663224770578708,-1.1102230246251565e-16,0.11331612385289369,3.3306690738754696e-16,1.1102230246251565e-16,3.3306690738754696e-16
0.774,0.4194999999999998,0.4195,0.28830699999999976,0.288307,0.610391873939932,0.610391873939932,0.519477501413424,0.519477501413424,0.19089187393993218,0.4231764037359146,0.0,0.2207837478798644,-1.6653345369377348e-16,0.1103918739399321,2.220446049250313e-16,0.0,0.0
0.776,0.41799999999999976,0.4179999999999999,0.2876319999999998,0.2876319999999999,0.6074567502920396,0.6074567502920397,0.5233909996106139,0.5233909996106137,0.18945675029203984,0.42036710443912745,0.0,0.21491350058407926,-1.6653345369377348e-16,0.10745675029203972,1.1102230246251565e-16,1.1102230246251565e-16,1.1102230246251565e-16
0.778,0.41649999999999976,0.4165,0.28696299999999975,0.28696299999999997,0.6045108602851238,0.6045108602851239,0.5273188529531683,0.5273188529531683,0.18801086028512404,0.4175706000801316,0.0,0.2090217205702477,-1.6653345369377348e-16,0.10451086028512391,2.220446049250313e-16,1.1102230246251565e-16,0.0
0.78,0.41499999999999987,0.41500000000000004,0.2862999999999999,0.2863000000000001,0.601554313657003,0.6015543136570032,0.5312609151239961,0.5312609151239956,0.1865543136570031,0.41478724726779537,0.0,0.2031086273140065,-1.1102230246251565e-16,0.10155431365700307,2.220446049250313e-16,2.220446049250313e-16,4.440892098500626e-16
0.782,0.41349999999999976,0.4135,0.28564299999999976,0.285643,0.5985872225120166,0.5985872225120167,0.5352170366506446,0.5352170366506445,0.1850872225120168,0.4120174022648563,0.0,0.19717444502403325,-1.6653345369377348e-16,0.09858722251201668,2.220446049250313e-16,1.1102230246251565e-16,1.1102230246251565e-16
0.784,0.41199999999999976,0.4119999999999999,0.2849919999999997,0.2849919999999999,0.5956097013249493,0.5956097013249494,0.5391870649000676,0.5391870649000676,0.18360970132494953,0.40926142086656103,0.0,0.19121940264989837,-1.1102230246251565e-16,0.09560970132494928,2.220446049250313e-16,1.1102230246251565e-16,0.0
0.786,0.4104999999999998,0.4105,0.2843469999999997,0.28434699999999996,0.5926218669442618,0.5926218669442618,0.5431708440743176,0.5431708440743177,0.18212186694426197,0.40651965827782865,0.0,0.18524373388852342,-1.6653345369377348e-16,0.09262186694426178,2.7755575615628914e-16,0.0,1.1102230246251565e-16
0.788,0.40899999999999986,0.40900000000000003,0.2837079999999998,0.28370800000000007,0.5896238385946113,0.5896238385946114,0.547168215207185,0.5471682152071847,0.18062383859461145,0.4037924689889849,0.0,0.1792476771892227,-1.1102230246251565e-16,0.0896238385946112,2.7755575615628914e-16,1.1102230246251565e-16,2.220446049250313e-16
0.79,0.40749999999999975,0.4075,0.28307499999999974,0.283075,0.5866157378786538,0.586615737878654,0.5511790161617949,0.5511790161617947,0.1791157378786541,0.4010802066501209,0.0,0.17323147575730807,-1.6653345369377348e-16,0.08661573787865395,2.7755575615628914e-16,1.1102230246251565e-16,2.220446049250313e-16
0.792,0.4059999999999998,0.4059999999999999,0.2824479999999997,0.28244799999999987,0.5835976887781112,0.5835976887781112,0.555203081629185,0.5552030816291852,0.17759768877811144,0.39838322394413017,0.0,0.16719537755622232,-1.1102230246251565e-16,0.08359768877811125,1.6653345369377348e-16,0.0,2.220446049250313e-16
0.794,0.40449999999999975,0.40449999999999997,0.2818269999999997,0.28182700000000005,0.5805698176540927,0.5805698176540927,0.5592402431278765,0.5592402431278763,0.1760698176540929,0.39570187245848026,0.0,0.16113963530818576,-1.6653345369377348e-16,0.08056981765409266,3.3306690738754696e-16,0.0,1.1102230246251565e-16
0.796,0.40299999999999986,0.403,0.28121199999999985,0.28121200000000013,0.5775322532466608,0.5775322532466609,0.5632903290044523,0.563290329004452,0.17453225324666094,0.3930365025557797,0.0,0.15506450649332193,-1.1102230246251565e-16,0.0775322532466608,2.7755575615628914e-16,1.1102230246251565e-16,3.3306690738754696e-16
0.798,0.4014999999999998,0.40149999999999997,0.28060299999999977,0.28060299999999994,0.5744851266736276,0.5744851266736278,0.5673531644351631,0.567353164435163,0.1729851266736278,0.3903874632432003,0.0,0.1489702533472556,-1.6653345369377348e-16,0.07448512667362772,1.6653345369377348e-16,2.220446049250313e-16,1.1102230246251565e-16
0.8,0.39999999999999974,0.3999999999999999,0.27999999999999975,0.2799999999999999,0.5714285714285712,0.5714285714285713,0.5714285714285717,0.5714285714285717,0.17142857142857143,0.3877551020408162,0.0,0.14285714285714235,-2.220446049250313e-16,0.07142857142857129,1.6653345369377348e-16,1.1102230246251565e-16,0.0
0.802,0.39849999999999974,0.39849999999999997,0.27940299999999973,0.279403,0.5683627233780595,0.5683627233780596,0.575516368829254,0.5755163688292538,0.16986272337805974,0.3851397648489265,0.0,0.13672544675611886,-1.6653345369377348e-16,0.06836272337805938,2.7755575615628914e-16,1.1102230246251565e-16,2.220446049250313e-16
0.804,0.39699999999999985,0.397,0.27881199999999984,0.2788120000000001,0.5652877207580734,0.5652877207580735,0.5796163723225688,0.5796163723225685,0.16828772075807358,0.3825417958144279,0.0,0.13057544151614697,-1.1102230246251565e-16,0.06528772075807343,2.7755575615628914e-16,1.1102230246251565e-16,3.3306690738754696e-16
0.806,0.39549999999999974,0.39549999999999996,0.2782269999999998,0.278227,0.5622037041696166,0.5622037041696168,0.5837283944405112,0.583728394440511,0.16670370416961688,0.37996153719630604,0.0,0.12440740833923342,-1.6653345369377348e-16,0.062203704169616736,2.220446049250313e-16,2.220446049250313e-16,2.220446049250313e-16
0.808,0.39399999999999974,0.3939999999999999,0.27764799999999973,0.2776479999999999,0.5591108165735029,0.559110816573503,0.5878522445686628,0.5878522445686628,0.16511081657350318,0.3773993292303171,0.0,0.11822163314700593,-1.1102230246251565e-16,0.05911081657350303,1.6653345369377348e-16,1.1102230246251565e-16,0.0
0.81,0.3924999999999998,0.39249999999999996,0.27707499999999974,0.277075,0.556009203284309,0.5560092032843091,0.5919877289542547,0.5919877289542543,0.16350920328430923,0.3748555099929302,0.0,0.11201840656861847,-1.6653345369377348e-16,0.05600920328430914,2.7755575615628914e-16,1.1102230246251565e-16,3.3306690738754696e-16
0.812,0.3909999999999998,0.391,0.2765079999999998,0.2765080000000001,0.5528990119634875,0.5528990119634875,0.5961346507153501,0.5961346507153499,0.16189901196348766,0.3723304152646093,0.0,0.10579802392697504,-1.1102230246251565e-16,0.05289901196348756,2.7755575615628914e-16,0.0,2.220446049250313e-16
0.8140000000000001,0.38949999999999974,0.38949999999999996,0.2759469999999997,0.27594699999999994,0.5497803926116245,0.5497803926116247,0.6002928098511674,0.6002928098511673,0.16028039261162474,0.36982437839250637,0.0,0.09956078522324913,-2.220446049250313e-16,0.0497803926116247,2.220446049250313e-16,2.220446049250313e-16,1.1102230246251565e-16
0.8160000000000001,0.3879999999999997,0.3879999999999999,0.27539199999999975,0.27539199999999986,0.5466534975598417,0.5466534975598417,0.6044620032535444,0.6044620032535445,0.15865349755984204,0.3673377301526494,0.0,0.0933069951196834,-1.1102230246251565e-16,0.04665349755984183,1.1102230246251565e-16,0.0,1.1102230246251565e-16
0.8180000000000001,0.38649999999999973,0.38649999999999995,0.2748429999999997,0.27484299999999995,0.5435184814603244,0.5435184814603246,0.6086420247195674,0.6086420247195673,0.1570184814603247,0.36487079861169985,0.0,0.08703696292064889,-1.6653345369377348e-16,0.04351848146032444,2.220446049250313e-16,1.1102230246251565e-16,1.1102230246251565e-16
0.8200000000000001,0.38499999999999984,0.385,0.2742999999999998,0.2743000000000001,0.5403755012759751,0.5403755012759752,0.6128326649653665,0.6128326649653663,0.15537550127597527,0.3624239089883652,0.0,0.08075100255195017,-1.1102230246251565e-16,0.04037550127597522,2.7755575615628914e-16,1.1102230246251565e-16,2.220446049250313e-16
0.8220000000000001,0.3834999999999998,0.38349999999999995,0.27376299999999976,0.273763,0.5372247162691814,0.5372247162691817,0.6170337116410914,0.6170337116410911,0.15372471626918166,0.35999738351454913,0.0,0.07444943253836311,-1.6653345369377348e-16,0.03722471626918167,2.220446049250313e-16,2.220446049250313e-16,3.3306690738754696e-16
0.8240000000000001,0.38199999999999973,0.3819999999999999,0.2732319999999997,0.2732319999999999,0.5340662879896936,0.5340662879896936,0.6212449493470752,0.6212449493470753,0.15206628798969385,0.3575915412963248,0.0,0.06813257597938721,-1.1102230246251565e-16,0.03406628798969358,2.220446049250313e-16,0.0,1.1102230246251565e-16
0.8260000000000001,0.3804999999999997,0.38049999999999995,0.2727069999999997,0.27270700000000003,0.5309003802615994,0.5309003802615992,0.6254661596512009,0.6254661596512008,0.15040038026159963,0.35520669817481487,0.0,0.06180076052319869,-1.6653345369377348e-16,0.03090038026159936,3.3306690738754696e-16,1.1102230246251565e-16,1.1102230246251565e-16
0.8280000000000001,0.37899999999999984,0.379,0.2721879999999998,0.2721880000000001,0.5277271591693975,0.5277271591693976,0.62969712110747,0.6296971211074697,0.14872715916939766,0.3528431665870719,0.0,0.05545431833879505,-1.1102230246251565e-16,0.027727159169397497,2.7755575615628914e-16,1.1102230246251565e-16,3.3306690738754696e-16
0.8300000000000001,0.3774999999999997,0.37749999999999995,0.2716749999999998,0.2716749999999999,0.5245467930431579,0.5245467930431581,0.6339376092757895,0.6339376092757895,0.14704679304315815,0.35050125542704347,0.0,0.04909358608631603,-1.6653345369377348e-16,0.02454679304315799,1.1102230246251565e-16,2.220446049250313e-16,0.0
0.8320000000000001,0.3759999999999997,0.3759999999999999,0.27116799999999974,0.27116799999999985,0.5213594524427657,0.5213594524427658,0.6381873967429791,0.638187396742979,0.145359452442766,0.34818126990671694,0.0,0.042718904885531817,-1.1102230246251565e-16,0.021359452442765825,1.1102230246251565e-16,1.1102230246251565e-16,1.1102230246251565e-16
0.834,0.37449999999999994,0.37450000000000006,0.2706669999999999,0.2706670000000001,0.5181653101412438,0.5181653101412438,0.6424462531450083,0.6424462531450081,0.14366531014124384,0.34588351141753265,0.0,0.03633062028248754,-1.1102230246251565e-16,0.018165310141243896,2.220446049250313e-16,0.0,1.1102230246251565e-16
0.836,0.3729999999999999,0.373,0.2701719999999998,0.27017199999999997,0.5149645411071465,0.5149645411071466,0.6467139451904713,0.6467139451904713,0.14196454110714662,0.34360827739216104,0.0,0.029929082214293218,-1.6653345369377348e-16,0.014964541107146623,1.6653345369377348e-16,1.1102230246251565e-16,0.0
0.838,0.37149999999999994,0.37150000000000005,0.2696829999999999,0.2696830000000001,0.5117573224860299,0.51175732248603,0.6509902366852934,0.6509902366852932,0.14025732248602996,0.34135586116674066,0.0,0.02351464497205996,-1.1102230246251565e-16,0.011757322486030009,2.220446049250313e-16,1.1102230246251565e-16,2.220446049250313e-16
0.84,0.3699999999999999,0.37,0.26919999999999983,0.2691999999999999,0.5085438335809807,0.5085438335809807,0.6552748885586924,0.6552748885586926,0.13854383358098077,0.33912655184366647,0.0,0.017087667161961417,-1.1102230246251565e-16,0.008543833580980764,5.551115123125783e-17,0.0,2.220446049250313e-16
0.842,0.36849999999999994,0.36850000000000005,0.2687229999999999,0.26872300000000005,0.5053242558322139,0.5053242558322139,0.6595676588903815,0.6595676588903814,0.13682425583221391,0.33692063415503176,0.0,0.010648511664427956,-5.551115123125783e-17,0.005324255832213964,1.6653345369377348e-16,0.0,1.1102230246251565e-16
0.844,0.3669999999999999,0.367,0.26825199999999977,0.26825199999999993,0.5020987727957295,0.5020987727957295,0.6638683029390274,0.6638683029390277,0.13509877279572957,0.3347383883268171,0.0,0.004197545591458962,-1.1102230246251565e-16,0.0020987727957295643,1.6653345369377348e-16,0.0,2.220446049250313e-16
0.846,0.36549999999999994,0.36550000000000005,0.2677869999999999,0.267787,0.4988675701210291,0.4988675701210291,0.6681765731719612,0.6681765731719612,0.13336757012102918,0.3325800899439272,0.0,0.0,-2.220446049250313e-16,0.0,1.1102230246251565e-16,0.0,0.0
0.848,0.3639999999999999,0.364,0.26732799999999984,0.267328,0.4956308355278908,0.49563083552789083,0.6724922192961457,0.6724922192961456,0.1316308355278909,0.330446009816173,0.0,0.0,-2.220446049250313e-16,-5.551115123125783e-17,1.6653345369377348e-16,5.551115123125783e-17,1.1102230246251565e-16
0.85,0.36249999999999993,0.36250000000000004,0.26687499999999986,0.266875,0.4923887587822015,0.49238875878220156,0.6768149882903979,0.6768149882903981,0.12988875878220157,0.32833641384530177,0.0,0.0,-1.1102230246251565e-16,0.0,1.1102230246251565e-16,5.551115123125783e-17,2.220446049250313e-16
0.852,0.3609999999999998,0.361,0.2664279999999998,0.266428,0.48914153167084545,0.4891415316708454,0.6811446244388728,0.6811446244388728,0.12814153167084563,0.3262515628931707,0.0,0.0,-1.1102230246251565e-16,1.1102230246251565e-16,2.220446049250313e-16,5.551115123125783e-17,0.0
0.854,0.35949999999999993,0.35950000000000004,0.26598699999999986,0.2659870000000001,0.485889347975653,0.485889347975653,0.685480869365796,0.6854808693657958,0.12638934797565304,0.32419171265117164,0.0,0.0,-1.1102230246251565e-16,0.0,2.220446049250313e-16,0.0,2.220446049250313e-16
0.856,0.3579999999999999,0.358,0.2655519999999998,0.2655519999999999,0.48263240344640596,0.48263240344640596,0.6898234620714586,0.689823462071459,0.12463240344640608,0.3221571135110019,0.0,0.0,-1.6653345369377348e-16,0.0,1.1102230246251565e-16,0.0,3.3306690738754696e-16
0.858,0.35649999999999993,0.35650000000000004,0.2651229999999999,0.265123,0.4793708957729054,0.4793708957729055,0.6941721389694594,0.6941721389694594,0.1228708957729055,0.3201480104368868,0.0,0.0,-1.1102230246251565e-16,-1.1102230246251565e-16,1.1102230246251565e-16,5.551115123125783e-17,0.0
0.86,0.35499999999999987,0.355,0.26469999999999977,0.26469999999999994,0.47610502455610115,0.47610502455610126,0.6985266339251984,0.6985266339251984,0.12110502455610128,0.31816464283935353,0.0,0.0,-1.6653345369377348e-16,0.0,1.6653345369377348e-16,1.1102230246251565e-16,0.0
0.862,0.3534999999999999,0.35350000000000004,0.2642829999999999,0.26428300000000005,0.4728349912782889,0.4728349912782888,0.7028866782956148,0.7028866782956147,0.11933499127828895,0.3162072444506602,0.0,0.0,-1.1102230246251565e-16,0.0,1.6653345369377348e-16,5.551115123125783e-17,1.1102230246251565e-16
0.864,0.35199999999999987,0.352,0.26387199999999983,0.2638719999999999,0.4695609992723744,0.46956099927237444,0.7072520009701675,0.7072520009701676,0.11756099927237451,0.3142760432019781,0.0,0.0,-1.6653345369377348e-16,-5.551115123125783e-17,5.551115123125783e-17,5.551115123125783e-17,1.1102230246251565e-16
0.866,0.3504999999999999,0.35050000000000003,0.2634669999999999,0.263467,0.4662832536902155,0.46628325369021556,0.711622328413046,0.711622328413046,0.11578325369021558,0.31237126110243485,0.0,0.0,-1.1102230246251565e-16,-1.6653345369377348e-16,1.1102230246251565e-16,5.551115123125783e-17,0.0
0.868,0.34899999999999987,0.349,0.2630679999999998,0.26306799999999997,0.4630019614700381,0.46300196147003814,0.715997384706616,0.7159973847066159,0.11400196147003822,0.3104931141201115,0.0,0.0,-1.1102230246251565e-16,0.0,1.6653345369377348e-16,5.551115123125783e-17,1.1102230246251565e-16
0.87,0.3474999999999999,0.34750000000000003,0.2626749999999999,0.2626750000000001,0.45971733130294085,0.4597173313029409,0.720376891596079,0.7203768915960785,0.11221733130294093,0.30864181206510327,0.0,0.0,-5.551115123125783e-17,0.0,2.220446049250313e-16,5.551115123125783e-17,4.440892098500626e-16
0.872,0.34599999999999986,0.346,0.2622879999999998,0.26228799999999985,0.45642957359848707,0.4564295735984872,0.7247605685353505,0.7247605685353508,0.11042957359848721,0.3068175584747376,0.0,0.0,-1.1102230246251565e-16,-5.551115123125783e-17,5.551115123125783e-17,1.1102230246251565e-16,2.220446049250313e-16
0.874,0.3445,0.34450000000000003,0.2619069999999999,0.2619070000000001,0.4531389004493962,0.4531389004493962,0.7291481327341384,0.7291481327341381,0.10863890044939623,0.3050205505010529,0.0,0.0,-5.551115123125783e-17,-5.551115123125783e-17,2.220446049250313e-16,0.0,2.220446049250313e-16
0.876,0.34299999999999986,0.34299999999999997,0.26153199999999976,0.2615319999999999,0.44984552559533814,0.4498455255953382,0.7335392992062157,0.733539299206216,0.10684552559533828,0.303250978800636,0.0,0.0,-1.1102230246251565e-16,0.0,1.1102230246251565e-16,5.551115123125783e-17,2.220446049250313e-16
0.878,0.3414999999999999,0.3415,0.26116299999999987,0.26116300000000003,0.4465496643858433,0.44654966438584337,0.7379337808188756,0.7379337808188755,0.1050496643858434,0.3015090274269169,0.0,0.0,-5.551115123125783e-17,-5.551115123125783e-17,1.6653345369377348e-16,5.551115123125783e-17,1.1102230246251565e-16
0.88,0.3399999999999998,0.33999999999999997,0.2607999999999998,0.2607999999999999,0.44325153374233117,0.4432515337423312,0.7423312883435584,0.7423312883435584,0.10325153374233137,0.29979487372501784,0.0,0.0,-1.6653345369377348e-16,-5.551115123125783e-17,1.1102230246251565e-16,5.551115123125783e-17,0.0
0.882,0.3384999999999999,0.3385,0.26044299999999987,0.2604430000000001,0.4399513521192738,0.43995135211927366,0.7467315305076351,0.7467315305076349,0.10145135211927386,0.29810868822925385,0.0,0.0,-1.1102230246251565e-16,1.1102230246251565e-16,2.220446049250313e-16,1.1102230246251565e-16,2.220446049250313e-16
0.884,0.33699999999999986,0.33699999999999997,0.26009199999999977,0.260092,0.43664933946449713,0.4366493394644971,0.7511342140473372,0.7511342140473372,0.09964933946449728,0.2964506345633775,0.0,0.0,-1.6653345369377348e-16,0.0,2.220446049250313e-16,5.551115123125783e-17,0.0
0.886,0.3354999999999999,0.3355,0.25974699999999984,0.25974700000000006,0.43334571717863923,0.43334571717863923,0.7555390437618144,0.7555390437618142,0.09784571717863932,0.29482086934366614,0.0,0.0,-5.551115123125783e-17,0.0,2.220446049250313e-16,0.0,1.1102230246251565e-16
0.888,0.3339999999999998,0.33399999999999996,0.2594079999999998,0.25940799999999997,0.4300407080737679,0.43004070807376793,0.7599457225683096,0.7599457225683095,0.09604070807376808,0.2932195420849383,0.0,0.0,-1.6653345369377348e-16,-5.551115123125783e-17,1.6653345369377348e-16,5.551115123125783e-17,1.1102230246251565e-16
0.89,0.3324999999999999,0.3325,0.25907499999999983,0.25907500000000006,0.4267345363311783,0.42673453633117825,0.7643539515584289,0.7643539515584289,0.0942345363311784,0.29164679510959557,0.0,0.0,-1.1102230246251565e-16,1.1102230246251565e-16,2.220446049250313e-16,5.551115123125783e-17,0.0
0.892,0.3309999999999998,0.33099999999999996,0.25874799999999976,0.258748,0.4234274274583764,0.4234274274583764,0.7687634300554981,0.7687634300554981,0.09242742745837662,0.2901027634597739,0.0,0.0,-1.1102230246251565e-16,0.0,2.220446049250313e-16,0.0,0.0
0.894,0.3294999999999999,0.3295,0.25842699999999985,0.2584270000000001,0.42011960824526856,0.4201196082452685,0.7731738556729754,0.7731738556729751,0.09061960824526866,0.28858757481269826,0.0,0.0,-1.1102230246251565e-16,1.1102230246251565e-16,2.220446049250313e-16,5.551115123125783e-17,2.220446049250313e-16
0.896,0.32799999999999985,0.32799999999999996,0.2581119999999998,0.258112,0.4168113067195635,0.41681130671956346,0.7775849243739152,0.7775849243739152,0.08881130671956367,0.28710134939931775,0.0,0.0,-2.220446049250313e-16,0.0,2.220446049250313e-16,5.551115123125783e-17,0.0
0.898,0.3264999999999999,0.3265,0.2578029999999999,0.257803,0.4135027521014107,0.4135027521014108,0.7819963305314523,0.7819963305314523,0.08700275210141079,0.2856441999263139,0.0,0.0,-1.6653345369377348e-16,0.0,1.1102230246251565e-16,1.1102230246251565e-16,0.0
0.9,0.32499999999999984,0.32499999999999996,0.25749999999999984,0.25749999999999995,0.4101941747572814,0.41019417475728154,0.7864077669902914,0.7864077669902915,0.08519417475728158,0.2842162315015552,0.0,0.0,-1.1102230246251565e-16,0.0,1.1102230246251565e-16,1.1102230246251565e-16,1.1102230246251565e-16
0.902,0.3234999999999999,0.3235,0.25720299999999985,0.25720300000000007,0.40688580615311637,0.40688580615311637,0.7908189251291781,0.790818925129178,0.08338580615311647,0.28281754156308436,0.0,0.0,-1.1102230246251565e-16,0.0,2.220446049250313e-16,0.0,1.1102230246251565e-16
0.904,0.32199999999999984,0.32199999999999995,0.2569119999999998,0.2569119999999999,0.40357787880675083,0.4035778788067509,0.7952294949243323,0.7952294949243324,0.08157787880675099,0.2814482198117081,0.0,0.0,-2.220446049250313e-16,-5.551115123125783e-17,1.1102230246251565e-16,5.551115123125783e-17,1.1102230246251565e-16
0.906,0.3204999999999999,0.3205,0.2566269999999999,0.25662700000000005,0.40027062623963955,0.40027062623963966,0.7996391650138138,0.7996391650138137,0.07977062623963965,0.2801083481472713,0.0,0.0,-1.1102230246251565e-16,-1.1102230246251565e-16,1.6653345369377348e-16,1.1102230246251565e-16,1.1102230246251565e-16
0.908,0.31899999999999984,0.31899999999999995,0.2563479999999998,0.256348,0.39696428292789476,0.3969642829278947,0.804047622762807,0.8040476227628068,0.07796428292789492,0.27879800060868043,0.0,0.0,-1.6653345369377348e-16,0.0,2.220446049250313e-16,5.551115123125783e-17,1.1102230246251565e-16
0.91,0.31749999999999995,0.3175,0.25607499999999983,0.25607500000000005,0.3936590842526604,0.3936590842526604,0.8084545543297862,0.8084545543297861,0.07615908425266044,0.27751724331775074,0.0,0.0,-5.551115123125783e-17,1.1102230246251565e-16,2.220446049250313e-16,0.0,1.1102230246251565e-16
0.912,0.31599999999999984,0.31599999999999995,0.2558079999999998,0.2558079999999999,0.3903552664498373,0.3903552664498373,0.8128596447335502,0.8128596447335504,0.07435526644983748,0.2762661344269398,0.0,0.0,-1.6653345369377348e-16,-5.551115123125783e-17,1.1102230246251565e-16,0.0,2.220446049250313e-16
0.914,0.3144999999999999,0.3145,0.25554699999999986,0.25554699999999997,0.38705306655918476,0.38705306655918487,0.817262577921087,0.817262577921087,0.07255306655918486,0.27504472407103514,0.0,0.0,-1.1102230246251565e-16,0.0,1.1102230246251565e-16,1.1102230246251565e-16,0.0
0.916,0.3129999999999998,0.31299999999999994,0.2552919999999998,0.25529199999999985,0.38375272237281216,0.3837527223728122,0.8216630368362505,0.8216630368362507,0.07075272237281238,0.2738530543228515,0.0,0.0,-1.1102230246251565e-16,0.0,5.551115123125783e-17,5.551115123125783e-17,2.220446049250313e-16
0.918,0.3114999999999999,0.3115,0.2550429999999999,0.255043,0.38045447238308827,0.3804544723830883,0.8260607034892157,0.8260607034892155,0.06895447238308838,0.2726911591529999,0.0,0.0,-1.1102230246251565e-16,-5.551115123125783e-17,1.1102230246251565e-16,5.551115123125783e-17,2.220446049250313e-16
0.92,0.30999999999999983,0.30999999999999994,0.2547999999999998,0.2547999999999999,0.37715855572998414,0.3771585557299842,0.8304552590266878,0.8304552590266879,0.0671585557299843,0.27155906439378064,0.0,0.0,-1.6653345369377348e-16,-5.551115123125783e-17,1.1102230246251565e-16,5.551115123125783e-17,1.1102230246251565e-16
0.922,0.3084999999999999,0.3085,0.2545629999999999,0.2545630000000001,0.3738652121478768,0.3738652121478769,0.8348463838028309,0.8348463838028305,0.06536521214787694,0.27045678770725134,0.0,0.0,-5.551115123125783e-17,-5.551115123125783e-17,2.220446049250313e-16,5.551115123125783e-17,4.440892098500626e-16
0.924,0.3069999999999998,0.30699999999999994,0.2543319999999998,0.254332,0.3705746819118317,0.3705746819118316,0.8392337574508911,0.839233757450891,0.06357468191183191,0.2693843385575193,0.0,0.0,-1.6653345369377348e-16,1.1102230246251565e-16,2.220446049250313e-16,5.551115123125783e-17,1.1102230246251565e-16
0.926,0.3054999999999999,0.3055,0.25410699999999986,0.2541070000000001,0.3672872057833904,0.36728720578339036,0.8436170589554793,0.8436170589554792,0.06178720578339053,0.2683417181873005,0.0,0.0,-1.1102230246251565e-16,0.0,2.220446049250313e-16,5.551115123125783e-17,1.1102230246251565e-16
0.928,0.3039999999999998,0.30399999999999994,0.2538879999999998,0.2538879999999999,0.3640030249558859,0.364003024955886,0.8479959667254855,0.8479959667254857,0.06000302495588605,0.26732891959878985,0.0,0.0,-1.6653345369377348e-16,0.0,1.1102230246251565e-16,1.1102230246251565e-16,2.220446049250313e-16
0.93,0.3024999999999999,0.3025,0.2536749999999999,0.2536750000000001,0.3607223809993101,0.3607223809993101,0.8523701586675866,0.8523701586675863,0.05822238099931021,0.2663459275388752,0.0,0.0,-1.1102230246251565e-16,0.0,2.220446049250313e-16,0.0,3.3306690738754696e-16
0.932,0.3009999999999998,0.30099999999999993,0.2534679999999998,0.2534679999999999,0.35744551580475625,0.3574455158047563,0.856739312260325,0.8567393122603251,0.05644551580475643,0.26539271848873347,0.0,0.0,-1.1102230246251565e-16,-1.6653345369377348e-16,1.1102230246251565e-16,5.551115123125783e-17,1.1102230246251565e-16
0.934,0.29949999999999993,0.2995,0.25326699999999985,0.25326700000000013,0.354172671528466,0.35417267152846593,0.861103104628712,0.8611031046287116,0.054672671528466055,0.26446926065783694,0.0,0.0,-5.551115123125783e-17,0.0,2.7755575615628914e-16,5.551115123125783e-17,3.3306690738754696e-16
0.936,0.2979999999999998,0.29799999999999993,0.2530719999999998,0.25307199999999996,0.35090409053549965,0.35090409053549965,0.8654612126193338,0.8654612126193338,0.052904090535499826,0.2635755139823951,0.0,0.0,-1.6653345369377348e-16,0.0,1.6653345369377348e-16,0.0,0.0
0.9380000000000001,0.2964999999999999,0.2965,0.25288299999999986,0.25288299999999997,0.3476400153430637,0.3476400153430638,0.8698133128759151,0.8698133128759151,0.05114001534306384,0.26271143012825837,0.0,0.0,-5.551115123125783e-17,1.1102230246251565e-16,1.1102230246251565e-16,1.1102230246251565e-16,0.0
0.9400000000000001,0.2949999999999998,0.29499999999999993,0.2526999999999998,0.2526999999999999,0.34438068856351384,0.34438068856351395,0.8741590819153148,0.874159081915315,0.04938068856351402,0.26187695249829734,0.0,0.0,-1.6653345369377348e-16,0.0,1.1102230246251565e-16,1.1102230246251565e-16,2.220446049250313e-16
0.9420000000000001,0.29349999999999987,0.2935,0.2525229999999999,0.25252300000000005,0.34112635284706727,0.3411263528470674,0.8784981962039103,0.8784981962039101,0.0476263528470674,0.26107201624427756,0.0,0.0,-1.1102230246251565e-16,-5.551115123125783e-17,1.6653345369377348e-16,1.1102230246251565e-16,2.220446049250313e-16
0.9440000000000001,0.2919999999999998,0.2919999999999999,0.2523519999999998,0.2523519999999999,0.3378772508242453,0.33787725082424536,0.8828303322343395,0.8828303322343398,0.045877250824245486,0.26029654828323645,0.0,0.0,-1.6653345369377348e-16,0.0,1.1102230246251565e-16,5.551115123125783e-17,3.3306690738754696e-16
0.9460000000000001,0.29049999999999987,0.2905,0.2521869999999999,0.25218700000000005,0.3346336250480793,0.33463362504807936,0.887155166602561,0.8871551666025608,0.04413362504807944,0.25955046731837184,0.0,0.0,-5.551115123125783e-17,0.0,1.6653345369377348e-16,5.551115123125783e-17,2.220446049250313e-16
0.9480000000000001,0.2889999999999998,0.2889999999999999,0.2520279999999998,0.2520279999999999,0.3313957179361022,0.3313957179361022,0.891472376085197,0.8914723760851974,0.04239571793610236,0.2588336838644447,0.0,0.0,-1.6653345369377348e-16,0.0,1.1102230246251565e-16,0.0,3.3306690738754696e-16
0.9500000000000001,0.28749999999999987,0.2875,0.25187499999999985,0.25187500000000007,0.3281637717121587,0.3281637717121587,0.8957816377171217,0.8957816377171214,0.04066377171215885,0.258146100277694,0.0,0.0,-1.1102230246251565e-16,0.0,2.220446049250313e-16,0.0,3.3306690738754696e-16
0.9520000000000001,0.2859999999999998,0.2859999999999999,0.2517279999999998,0.25172799999999995,0.32493802834805796,0.32493802834805807,0.900082628869256,0.9000826288692559,0.03893802834805815,0.2574876107902591,0.0,0.0,-1.1102230246251565e-16,-5.551115123125783e-17,1.6653345369377348e-16,1.1102230246251565e-16,1.1102230246251565e-16
0.9540000000000001,0.28449999999999986,0.2845,0.2515869999999999,0.251587,0.32171872950510155,0.32171872950510155,0.9043750273265312,0.9043750273265313,0.03721872950510169,0.25685810154910127,0.0,0.0,-5.551115123125783e-17,0.0,1.1102230246251565e-16,0.0,1.1102230246251565e-16
0.9560000000000001,0.2829999999999998,0.2829999999999999,0.2514519999999998,0.251452,0.31850611647551,0.31850611647551,0.9086585113659865,0.9086585113659865,0.03550611647551022,0.2562574506594082,0.0,0.0,-1.1102230246251565e-16,0.0,2.220446049250313e-16,0.0,0.0
0.9580000000000001,0.28149999999999986,0.2815,0.25132299999999985,0.2513230000000001,0.31530043012378484,0.31530043012378484,0.9129327598349536,0.9129327598349533,0.033800430123784975,0.25568552823246843,0.0,0.0,-5.551115123125783e-17,0.0,2.220446049250313e-16,0.0,3.3306690738754696e-16
0.96,0.2799999999999999,0.28,0.25119999999999987,0.2512000000000001,0.31210191082802546,0.31210191082802546,0.9171974522292995,0.917197452229299,0.03210191082802555,0.2551421964379893,0.0,0.0,-1.6653345369377348e-16,-5.551115123125783e-17,2.220446049250313e-16,0.0,4.440892098500626e-16
0.962,0.27849999999999986,0.27849999999999997,0.25108299999999983,0.25108299999999995,0.3089107984212392,0.30891079842123914,0.9214522687716812,0.9214522687716812,0.030410798421239338,0.2546273095608372,0.0,0.0,-1.1102230246251565e-16,0.0,1.1102230246251565e-16,5.551115123125783e-17,0.0
0.964,0.2769999999999999,0.277,0.25097199999999986,0.250972,0.3057273321326682,0.3057273321326683,0.9256968904897759,0.9256968904897758,0.02872733213266826,0.2541407140621662,0.0,0.0,-1.6653345369377348e-16,-1.1102230246251565e-16,1.1102230246251565e-16,1.1102230246251565e-16,1.1102230246251565e-16
0.966,0.27549999999999997,0.2755000000000001,0.25086699999999984,0.2508670000000002,0.3025517505291649,0.30255175052916494,0.9299309992944469,0.9299309992944462,0.02705175052916492,0.25368224864490607,0.0,0.0,-1.1102230246251565e-16,-1.1102230246251565e-16,3.3306690738754696e-16,5.551115123125783e-17,6.661338147750939e-16
0.968,0.2739999999999999,0.274,0.2507679999999999,0.250768,0.2993842914566452,0.29938429145664525,0.9341542780578065,0.9341542780578064,0.02538429145664528,0.25325174432356645,0.0,0.0,-1.1102230246251565e-16,-5.551115123125783e-17,1.1102230246251565e-16,5.551115123125783e-17,1.1102230246251565e-16
0.97,0.2724999999999999,0.27249999999999996,0.25067499999999987,0.25067499999999987,0.2962251919816494,0.2962251919816495,0.9383664106911341,0.9383664106911344,0.023725191981649518,0.2528490244983205,0.0,0.0,-5.551115123125783e-17,-5.551115123125783e-17,0.0,5.551115123125783e-17,2.220446049250313e-16
0.972,0.2709999999999999,0.271,0.2505879999999998,0.25058800000000003,0.29307468833304073,0.2930746883330407,0.9425670822226123,0.9425670822226122,0.022074688333040826,0.25247390503331824,0.0,0.0,-5.551115123125783e-17,1.1102230246251565e-16,2.220446049250313e-16,5.551115123125783e-17,1.1102230246251565e-16
0.974,0.26949999999999996,0.2695000000000001,0.2505069999999998,0.25050700000000015,0.28993301584386866,0.2899330158438687,0.9467559788748418,0.9467559788748412,0.020433015843868696,0.2521261943391822,0.0,0.0,-1.1102230246251565e-16,-5.551115123125783e-17,3.3306690738754696e-16,5.551115123125783e-17,5.551115123125783e-16
0.976,0.2679999999999999,0.268,0.2504319999999999,0.250432,0.2868004088934321,0.2868004088934322,0.9509327881420905,0.9509327881420905,0.018800408893432208,0.25180569345963166,0.0,0.0,-1.1102230246251565e-16,-1.1102230246251565e-16,1.1102230246251565e-16,1.1102230246251565e-16,0.0
0.978,0.2664999999999999,0.26649999999999996,0.25036299999999984,0.2503629999999999,0.2836771008495664,0.2836771008495664,0.9550971988672448,0.9550971988672452,0.017177100849566473,0.25151219616217585,0.0,0.0,-1.6653345369377348e-16,0.0,5.551115123125783e-17,0.0,4.440892098500626e-16
0.98,0.2649999999999999,0.265,0.25029999999999986,0.25029999999999997,0.28056332401118655,0.28056332401118667,0.9592489013184179,0.9592489013184179,0.015563324011186652,0.25124548903281696,0.0,0.0,-1.1102230246251565e-16,-1.1102230246251565e-16,1.1102230246251565e-16,1.1102230246251565e-16,0.0
0.982,0.26349999999999996,0.26350000000000007,0.2502429999999998,0.2502430000000001,0.27745930955111636,0.2774593095511164,0.9633875872651781,0.9633875872651778,0.013959309551116406,0.25100535157469867,0.0,0.0,-1.1102230246251565e-16,-5.551115123125783e-17,2.7755575615628914e-16,5.551115123125783e-17,3.3306690738754696e-16
0.984,0.2619999999999999,0.262,0.25019199999999986,0.25019199999999997,0.2743652874592313,0.2743652874592314,0.9675129500543583,0.9675129500543583,0.012365287459231378,0.250791556310628,0.0,0.0,-1.1102230246251565e-16,0.0,1.1102230246251565e-16,1.1102230246251565e-16,0.0
0.986,0.26049999999999984,0.26049999999999995,0.25014699999999984,0.2501469999999999,0.2712814864859462,0.2712814864859462,0.9716246846854051,0.9716246846854053,0.010781486485946346,0.250603868889402,0.0,0.0,-1.6653345369377348e-16,0.0,5.551115123125783e-17,0.0,2.220446049250313e-16
0.988,0.2589999999999999,0.259,0.25010799999999983,0.250108,0.2682081340860748,0.2682081340860748,0.9757224878852336,0.9757224878852336,0.009208134086074904,0.250442048195862,0.0,0.0,-1.1102230246251565e-16,1.1102230246251565e-16,1.6653345369377348e-16,0.0,0.0
0.99,0.2574999999999999,0.25750000000000006,0.2500749999999998,0.25007500000000005,0.2651454563630911,0.26514545636309117,0.9798060581825453,0.9798060581825451,0.007645456363091219,0.2503058464645951,0.0,0.0,-1.1102230246251565e-16,1.1102230246251565e-16,2.220446049250313e-16,5.551115123125783e-17,2.220446049250313e-16
0.992,0.2559999999999999,0.256,0.2500479999999998,0.25004799999999994,0.26209367801382133,0.26209367801382133,0.9838750959815715,0.9838750959815717,0.006093678013821435,0.25019500939720263,0.0,0.0,-1.1102230246251565e-16,0.0,1.1102230246251565e-16,0.0,2.220446049250313e-16
0.994,0.2544999999999999,0.25449999999999995,0.25002699999999983,0.2500269999999999,0.2590530222735944,0.25905302227359434,0.9879293036352075,0.9879293036352078,0.004553022273594498,0.2501092762830483,0.0,0.0,-1.1102230246251565e-16,1.1102230246251565e-16,5.551115123125783e-17,5.551115123125783e-17,3.3306690738754696e-16
0.996,0.2529999999999999,0.253,0.25001199999999985,0.250012,0.2560237108618786,0.2560237108618786,0.9919683855174952,0.9919683855174951,0.0030237108618786923,0.25004838012339664,0.0,0.0,-1.1102230246251565e-16,0.0,1.6653345369377348e-16,0.0,1.1102230246251565e-16
0.998,0.25149999999999995,0.25150000000000006,0.2500029999999998,0.2500030000000001,0.2530059639284329,0.25300596392843294,0.9959920480954229,0.9959920480954225,0.0015059639284329407,0.2500120477588521,0.0,0.0,-1.1102230246251565e-16,0.0,2.7755575615628914e-16,5.551115123125783e-17,3.3306690738754696e-16
1.0,0.24999999999999992,0.25,0.24999999999999983,0.25,0.24999999999999994,0.25,1.0,1.0,2.7755575615628914e-17,0.25,0.0,0.0,-1.1102230246251565e-16,0.0,1.6653345369377348e-16,5.551115123125783e-17,0.0
