circuit,q,eps,attractor,fid_end,fid_max,n_fid_max,rounds,final_step,residual_full_map,dist_to_fixed_point,spectral_radius_at_match,offplane_defect_max,n_stable_fixed_points
Type3,0.05,0.02,F=0.881236792358,0.8812367923577957,0.985,0,22,5.551115123125783e-17,0.0,1.1102230246251565e-16,0.19074128630873657,2.220446049250313e-16,1
Type3,0.05,0.04,F=0.881236792358,0.8812367923577957,0.97,0,24,0.0,0.0,1.1102230246251565e-16,0.19074128630873657,2.220446049250313e-16,1
Type3,0.05,0.06,F=0.881236792358,0.8812367923577957,0.955,0,22,0.0,0.0,1.1102230246251565e-16,0.19074128630873657,2.220446049250313e-16,1
Type3,0.05,0.08,F=0.881236792358,0.8812367923577957,0.94,0,22,8.326672684688674e-17,0.0,1.1102230246251565e-16,0.19074128630873657,2.220446049250313e-16,1
Type3,0.05,0.1,F=0.881236792358,0.8812367923577957,0.925,0,23,0.0,0.0,1.1102230246251565e-16,0.19074128630873657,2.220446049250313e-16,1
Type3,0.05,0.12,F=0.881236792358,0.8812367923577957,0.91,0,21,5.551115123125783e-17,0.0,1.1102230246251565e-16,0.19074128630873657,0.0,1
Type3,0.05,0.14,F=0.881236792358,0.8812367923577957,0.895,0,23,0.0,0.0,1.1102230246251565e-16,0.19074128630873657,2.220446049250313e-16,1
Type3,0.05,0.16,F=0.881236792358,0.8812367923577957,0.8812368562131424,4,19,0.0,0.0,1.1102230246251565e-16,0.19074128630873657,0.0,1
Type3,0.05,0.18,F=0.881236792358,0.8812367923577954,0.8812367923577954,19,20,8.326672684688674e-17,3.3306690738754696e-16,6.661338147750939e-16,0.19074128630873657,2.220446049250313e-16,1
Type3,0.05,0.2,F=0.881236792358,0.8812367923577955,0.8812367923577955,20,21,0.0,0.0,3.3306690738754696e-16,0.19074128630873657,2.220446049250313e-16,1
Type3,0.05,0.22,F=0.881236792358,0.8812367923577954,0.8812367923577954,20,21,5.551115123125783e-17,3.3306690738754696e-16,6.661338147750939e-16,0.19074128630873657,2.220446049250313e-16,1
Type3,0.05,0.24,F=0.881236792358,0.8812367923577954,0.8812367923577954,20,21,5.551115123125783e-17,3.3306690738754696e-16,6.661338147750939e-16,0.19074128630873657,2.220446049250313e-16,1
Type3,0.05,0.26,F=0.881236792358,0.8812367923577957,0.8812367923577957,22,23,2.7755575615628914e-17,0.0,1.1102230246251565e-16,0.19074128630873657,2.220446049250313e-16,1
Type3,0.05,0.28,F=0.881236792358,0.8812367923577957,0.8812367923577957,22,23,2.7755575615628914e-17,0.0,1.1102230246251565e-16,0.19074128630873657,0.0,1
Type3,0.05,0.3,F=0.881236792358,0.8812367923577957,0.8812367923577957,22,23,2.7755575615628914e-17,0.0,1.1102230246251565e-16,0.19074128630873657,2.220446049250313e-16,1
Type3,0.05,0.32,F=0.881236792358,0.8812367923577957,0.8812367923577957,22,23,2.7755575615628914e-17,0.0,1.1102230246251565e-16,0.19074128630873657,2.220446049250313e-16,1
Type3,0.05,0.34,F=0.881236792358,0.8812367923577954,0.8812367923577954,21,22,2.7755575615628914e-17,3.3306690738754696e-16,6.661338147750939e-16,0.19074128630873657,2.220446049250313e-16,1
Type3,0.05,0.36,F=0.881236792358,0.8812367923577954,0.8812367923577954,21,22,5.551115123125783e-17,3.3306690738754696e-16,6.661338147750939e-16,0.19074128630873657,2.220446049250313e-16,1
Type3,0.05,0.38,F=0.881236792358,0.8812367923577954,0.8812367923577954,21,22,2.7755575615628914e-17,3.3306690738754696e-16,6.661338147750939e-16,0.19074128630873657,2.220446049250313e-16,1
Type3,0.05,0.4,F=0.881236792358,0.8812367923577954,0.8812367923577954,21,22,8.326672684688674e-17,3.3306690738754696e-16,6.661338147750939e-16,0.19074128630873657,2.220446049250313e-16,1
Type3,0.05,0.42,F=0.881236792358,0.8812367923577957,0.8812367923577957,23,24,2.7755575615628914e-17,0.0,1.1102230246251565e-16,0.19074128630873657,2.220446049250313e-16,1
Type3,0.05,0.44,F=0.881236792358,0.8812367923577957,0.8812367923577957,23,24,2.7755575615628914e-17,0.0,1.1102230246251565e-16,0.19074128630873657,0.0,1
Type3,0.05,0.46,F=0.881236792358,0.8812367923577957,0.8812367923577957,23,24,2.7755575615628914e-17,0.0,1.1102230246251565e-16,0.19074128630873657,2.220446049250313e-16,1
Type3,0.05,0.48,F=0.881236792358,0.8812367923577957,0.8812367923577957,23,24,2.7755575615628914e-17,0.0,1.1102230246251565e-16,0.19074128630873657,2.220446049250313e-16,1
Type3,0.05,0.5,F=0.881236792358,0.8812367923577957,0.8812367923577957,23,24,8.326672684688674e-17,0.0,1.1102230246251565e-16,0.19074128630873657,2.220446049250313e-16,1
Type3,0.05,0.52,F=0.881236792358,0.8812367923577954,0.8812367923577954,22,23,2.7755575615628914e-17,3.3306690738754696e-16,6.661338147750939e-16,0.19074128630873657,2.220446049250313e-16,1
Type3,0.05,0.54,F=0.881236792358,0.8812367923577954,0.8812367923577954,22,23,2.7755575615628914e-17,3.3306690738754696e-16,6.661338147750939e-16,0.19074128630873657,2.220446049250313e-16,1
Type3,0.05,0.56,F=0.881236792358,0.8812367923577955,0.8812367923577955,23,24,0.0,0.0,3.3306690738754696e-16,0.19074128630873657,2.220446049250313e-16,1
Type3,0.05,0.58,F=0.881236792358,0.8812367923577954,0.8812367923577954,22,23,5.551115123125783e-17,3.3306690738754696e-16,6.661338147750939e-16,0.19074128630873657,2.220446049250313e-16,1
Type3,0.05,0.6,F=0.881236792358,0.8812367923577954,0.8812367923577954,22,23,8.326672684688674e-17,3.3306690738754696e-16,6.661338147750939e-16,0.19074128630873657,2.220446049250313e-16,1
Type3,0.05,0.62,F=0.881236792358,0.8812367923577957,0.8812367923577957,24,25,2.7755575615628914e-17,0.0,1.1102230246251565e-16,0.19074128630873657,2.220446049250313e-16,1
Type3,0.05,0.64,F=0.881236792358,0.8812367923577957,0.8812367923577957,24,25,2.7755575615628914e-17,0.0,1.1102230246251565e-16,0.19074128630873657,2.220446049250313e-16,1
Type3,0.05,0.66,F=0.881236792358,0.8812367923577957,0.8812367923577957,24,25,2.7755575615628914e-17,0.0,1.1102230246251565e-16,0.19074128630873657,2.220446049250313e-16,1
Type3,0.05,0.68,F=0.881236792358,0.8812367923577957,0.8812367923577957,24,25,2.7755575615628914e-17,0.0,1.1102230246251565e-16,0.19074128630873657,2.220446049250313e-16,1
Type3,0.05,0.7,F=0.881236792358,0.8812367923577954,0.8812367923577954,23,24,2.7755575615628914e-17,3.3306690738754696e-16,6.661338147750939e-16,0.19074128630873657,2.220446049250313e-16,1
Type3,0.05,0.72,F=0.881236792358,0.8812367923577954,0.8812367923577954,23,24,5.551115123125783e-17,3.3306690738754696e-16,6.661338147750939e-16,0.19074128630873657,2.220446049250313e-16,1
Type3,0.05,0.74,F=0.881236792358,0.8812367923577954,0.8812367923577954,23,24,8.326672684688674e-17,3.3306690738754696e-16,6.661338147750939e-16,0.19074128630873657,2.220446049250313e-16,1
Type3,0.05,0.76,F=0.881236792358,0.8812367923577954,0.8812367923577954,23,24,5.551115123125783e-17,3.3306690738754696e-16,6.661338147750939e-16,0.19074128630873657,2.220446049250313e-16,1
Type3,0.05,0.78,F=0.881236792358,0.8812367923577957,0.8812367923577957,25,26,2.7755575615628914e-17,0.0,1.1102230246251565e-16,0.19074128630873657,2.220446049250313e-16,1
Type3,0.05,0.8,F=0.881236792358,0.8812367923577957,0.8812367923577957,25,26,2.7755575615628914e-17,0.0,1.1102230246251565e-16,0.19074128630873657,2.220446049250313e-16,1
Type3,0.05,0.82,F=0.881236792358,0.8812367923577954,0.8812367923577954,24,25,2.7755575615628914e-17,3.3306690738754696e-16,6.661338147750939e-16,0.19074128630873657,2.220446049250313e-16,1
Type3,0.05,0.84,F=0.881236792358,0.8812367923577955,0.8812367923577955,25,26,0.0,0.0,3.3306690738754696e-16,0.19074128630873657,2.220446049250313e-16,1
Type3,0.05,0.86,F=0.881236792358,0.8812367923577955,0.8812367923577955,25,26,0.0,0.0,3.3306690738754696e-16,0.19074128630873657,2.220446049250313e-16,1
Type3,0.05,0.88,F=0.881236792358,0.8812367923577954,0.8812367923577954,25,26,2.7755575615628914e-17,3.3306690738754696e-16,6.661338147750939e-16,0.19074128630873657,2.220446049250313e-16,1
Type3,0.05,0.9,F=0.881236792358,0.8812367923577955,0.8812367923577955,26,27,0.0,0.0,3.3306690738754696e-16,0.19074128630873657,2.220446049250313e-16,1
Type3,0.05,0.92,F=0.881236792358,0.8812367923577954,0.8812367923577954,26,27,2.7755575615628914e-17,3.3306690738754696e-16,6.661338147750939e-16,0.19074128630873657,2.220446049250313e-16,1
Type3,0.05,0.94,F=0.881236792358,0.8812367923577957,0.8812367923577957,28,29,2.7755575615628914e-17,0.0,1.1102230246251565e-16,0.19074128630873657,2.220446049250313e-16,1
Type3,0.05,0.96,F=0.881236792358,0.8812367923577957,0.8812367923577957,29,30,8.326672684688674e-17,0.0,1.1102230246251565e-16,0.19074128630873657,2.220446049250313e-16,1
Type3,0.05,0.98,F=0.881236792358,0.8812367923577954,0.8812367923577954,29,30,2.7755575615628914e-17,3.3306690738754696e-16,6.661338147750939e-16,0.19074128630873657,2.220446049250313e-16,1
Type3,0.05,1.0,unresolved,0.25,0.25,0,1,0.0,0.0,0.0,1.508872828125,0.0,1
Type3,0.10,0.02,F=0.712918309421,0.7129183094206013,0.985,0,56,0.0,0.0,0.0,0.5256785941766503,2.220446049250313e-16,1
Type3,0.10,0.04,F=0.712918309421,0.7129183094206013,0.97,0,56,0.0,0.0,0.0,0.5256785941766503,2.220446049250313e-16,1
Type3,0.10,0.06,F=0.712918309421,0.7129183094206013,0.955,0,56,0.0,0.0,0.0,0.5256785941766503,2.220446049250313e-16,1
Type3,0.10,0.08,F=0.712918309421,0.7129183094206013,0.94,0,55,0.0,0.0,0.0,0.5256785941766503,2.220446049250313e-16,1
Type3,0.10,0.1,F=0.712918309421,0.7129183094206013,0.925,0,55,0.0,0.0,0.0,0.5256785941766503,2.220446049250313e-16,1
Type3,0.10,0.12,F=0.712918309421,0.7129183094206013,0.91,0,55,0.0,0.0,0.0,0.5256785941766503,2.220446049250313e-16,1
Type3,0.10,0.14,F=0.712918309421,0.7129183094206013,0.895,0,55,0.0,0.0,0.0,0.5256785941766503,2.220446049250313e-16,1
Type3,0.10,0.16,F=0.712918309421,0.7129183094206013,0.88,0,55,0.0,0.0,0.0,0.5256785941766503,2.220446049250313e-16,1
Type3,0.10,0.18,F=0.712918309421,0.7129183094206013,0.865,0,55,0.0,0.0,0.0,0.5256785941766503,2.220446049250313e-16,1
Type3,0.10,0.2,F=0.712918309421,0.7129183094206013,0.85,0,55,0.0,0.0,0.0,0.5256785941766503,2.220446049250313e-16,1
Type3,0.10,0.22,F=0.712918309421,0.7129183094206013,0.835,0,56,0.0,0.0,0.0,0.5256785941766503,2.220446049250313e-16,1
Type3,0.10,0.24,F=0.712918309421,0.7129183094206013,0.8200000000000001,0,56,0.0,0.0,0.0,0.5256785941766503,2.220446049250313e-16,1
Type3,0.10,0.26,F=0.712918309421,0.7129183094206013,0.8049999999999999,0,55,0.0,0.0,0.0,0.5256785941766503,2.220446049250313e-16,1
Type3,0.10,0.28,F=0.712918309421,0.7129183094206013,0.79,0,55,0.0,0.0,0.0,0.5256785941766503,2.220446049250313e-16,1
Type3,0.10,0.3,F=0.712918309421,0.7129183094206013,0.775,0,54,0.0,0.0,0.0,0.5256785941766503,2.220446049250313e-16,1
Type3,0.10,0.32,F=0.712918309421,0.7129183094206013,0.76,0,55,0.0,0.0,0.0,0.5256785941766503,2.220446049250313e-16,1
Type3,0.10,0.34,F=0.712918309421,0.7129183094206013,0.745,0,53,0.0,0.0,0.0,0.5256785941766503,2.220446049250313e-16,1
Type3,0.10,0.36,F=0.712918309421,0.7129183094206013,0.73,0,53,0.0,0.0,0.0,0.5256785941766503,2.220446049250313e-16,1
Type3,0.10,0.38,F=0.712918309421,0.7129183094206013,0.715,0,50,0.0,0.0,0.0,0.5256785941766503,2.220446049250313e-16,1
Type3,0.10,0.4,F=0.712918309421,0.7129183094206013,0.7129183094206013,51,52,0.0,0.0,0.0,0.5256785941766503,2.220446049250313e-16,1
Type3,0.10,0.42,F=0.712918309421,0.7129183094206012,0.7129183094206012,51,52,0.0,0.0,1.1102230246251565e-16,0.5256785941766503,2.220446049250313e-16,1
Type3,0.10,0.44,F=0.712918309421,0.7129183094206012,0.7129183094206012,52,53,0.0,0.0,1.1102230246251565e-16,0.5256785941766503,2.220446049250313e-16,1
Type3,0.10,0.46,F=0.712918309421,0.7129183094206012,0.7129183094206012,52,53,0.0,0.0,1.1102230246251565e-16,0.5256785941766503,2.220446049250313e-16,1
Type3,0.10,0.48,F=0.712918309421,0.7129183094206012,0.7129183094206012,53,54,0.0,0.0,1.1102230246251565e-16,0.5256785941766503,2.220446049250313e-16,1
Type3,0.10,0.5,F=0.712918309421,0.7129183094206012,0.7129183094206012,53,54,0.0,0.0,1.1102230246251565e-16,0.5256785941766503,2.220446049250313e-16,1
Type3,0.10,0.52,F=0.712918309421,0.7129183094206013,0.7129183094206013,55,56,0.0,0.0,0.0,0.5256785941766503,4.440892098500626e-16,1
Type3,0.10,0.54,F=0.712918309421,0.7129183094206012,0.7129183094206012,54,55,0.0,0.0,1.1102230246251565e-16,0.5256785941766503,2.220446049250313e-16,1
Type3,0.10,0.56,F=0.712918309421,0.7129183094206012,0.7129183094206012,54,55,0.0,0.0,1.1102230246251565e-16,0.5256785941766503,2.220446049250313e-16,1
Type3,0.10,0.58,F=0.712918309421,0.7129183094206013,0.7129183094206013,56,57,0.0,0.0,0.0,0.5256785941766503,2.220446049250313e-16,1
Type3,0.10,0.6,F=0.712918309421,0.7129183094206012,0.7129183094206012,55,56,0.0,0.0,1.1102230246251565e-16,0.5256785941766503,2.220446049250313e-16,1
Type3,0.10,0.62,F=0.712918309421,0.7129183094206012,0.7129183094206012,55,56,0.0,0.0,1.1102230246251565e-16,0.5256785941766503,2.220446049250313e-16,1
Type3,0.10,0.64,F=0.712918309421,0.7129183094206013,0.7129183094206013,57,58,0.0,0.0,0.0,0.5256785941766503,2.220446049250313e-16,1
Type3,0.10,0.66,F=0.712918309421,0.7129183094206012,0.7129183094206012,56,57,0.0,0.0,1.1102230246251565e-16,0.5256785941766503,4.440892098500626e-16,1
Type3,0.10,0.68,F=0.712918309421,0.7129183094206012,0.7129183094206012,56,57,0.0,0.0,1.1102230246251565e-16,0.5256785941766503,2.220446049250313e-16,1
Type3,0.10,0.7,F=0.712918309421,0.7129183094206013,0.7129183094206013,58,59,0.0,0.0,0.0,0.5256785941766503,2.220446049250313e-16,1
Type3,0.10,0.72,F=0.712918309421,0.7129183094206012,0.7129183094206012,57,58,0.0,0.0,1.1102230246251565e-16,0.5256785941766503,2.220446049250313e-16,1
Type3,0.10,0.74,F=0.712918309421,0.7129183094206013,0.7129183094206013,59,60,0.0,0.0,0.0,0.5256785941766503,0.0,1
Type3,0.10,0.76,F=0.712918309421,0.7129183094206012,0.7129183094206012,58,59,0.0,0.0,1.1102230246251565e-16,0.5256785941766503,2.220446049250313e-16,1
Type3,0.10,0.78,F=0.712918309421,0.7129183094206012,0.7129183094206012,58,59,0.0,0.0,1.1102230246251565e-16,0.5256785941766503,2.220446049250313e-16,1
Type3,0.10,0.8,F=0.712918309421,0.7129183094206012,0.7129183094206012,59,60,0.0,0.0,1.1102230246251565e-16,0.5256785941766503,2.220446049250313e-16,1
Type3,0.10,0.82,F=0.712918309421,0.7129183094206013,0.7129183094206013,61,62,0.0,0.0,0.0,0.5256785941766503,2.220446049250313e-16,1
Type3,0.10,0.84,F=0.712918309421,0.7129183094206012,0.7129183094206012,60,61,0.0,0.0,1.1102230246251565e-16,0.5256785941766503,2.220446049250313e-16,1
Type3,0.10,0.86,F=0.712918309421,0.7129183094206012,0.7129183094206012,61,62,0.0,0.0,1.1102230246251565e-16,0.5256785941766503,2.220446049250313e-16,1
Type3,0.10,0.88,F=0.712918309421,0.7129183094206012,0.7129183094206012,62,63,0.0,0.0,1.1102230246251565e-16,0.5256785941766503,2.220446049250313e-16,1
Type3,0.10,0.9,F=0.712918309421,0.7129183094206012,0.7129183094206012,63,64,0.0,0.0,1.1102230246251565e-16,0.5256785941766503,2.220446049250313e-16,1
Type3,0.10,0.92,F=0.712918309421,0.7129183094206013,0.7129183094206013,66,67,0.0,0.0,0.0,0.5256785941766503,2.220446049250313e-16,1
Type3,0.10,0.94,F=0.712918309421,0.7129183094206013,0.7129183094206013,68,69,0.0,0.0,0.0,0.5256785941766503,2.220446049250313e-16,1
Type3,0.10,0.96,F=0.712918309421,0.7129183094206012,0.7129183094206012,70,71,0.0,0.0,1.1102230246251565e-16,0.5256785941766503,2.220446049250313e-16,1
Type3,0.10,0.98,F=0.712918309421,0.7129183094206013,0.7129183094206013,78,79,0.0,0.0,0.0,0.5256785941766503,2.220446049250313e-16,1
Type3,0.10,1.0,unresolved,0.25,0.25,0,1,0.0,0.0,0.0,1.121931,0.0,1
Type3,0.12,0.02,F=0.600670354657,0.6006703546571331,0.985,0,118,2.7755575615628914e-17,0.0,6.106226635438361e-16,0.7540388006753408,1.1102230246251565e-16,2
Type3,0.12,0.04,F=0.600670354657,0.6006703546571331,0.97,0,118,2.7755575615628914e-17,0.0,6.106226635438361e-16,0.7540388006753408,2.220446049250313e-16,2
Type3,0.12,0.06,F=0.600670354657,0.6006703546571331,0.955,0,118,2.7755575615628914e-17,0.0,6.106226635438361e-16,0.7540388006753408,3.3306690738754696e-16,2
Type3,0.12,0.08,F=0.600670354657,0.6006703546571331,0.94,0,118,2.7755575615628914e-17,0.0,6.106226635438361e-16,0.7540388006753408,3.3306690738754696e-16,2
Type3,0.12,0.1,F=0.600670354657,0.6006703546571331,0.925,0,118,2.7755575615628914e-17,0.0,6.106226635438361e-16,0.7540388006753408,2.220446049250313e-16,2
Type3,0.12,0.12,F=0.600670354657,0.6006703546571331,0.91,0,118,2.7755575615628914e-17,0.0,6.106226635438361e-16,0.7540388006753408,2.220446049250313e-16,2
Type3,0.12,0.14,F=0.600670354657,0.6006703546571331,0.895,0,118,2.7755575615628914e-17,0.0,6.106226635438361e-16,0.7540388006753408,1.1102230246251565e-16,2
Type3,0.12,0.16,F=0.600670354657,0.6006703546571331,0.88,0,118,2.7755575615628914e-17,0.0,6.106226635438361e-16,0.7540388006753408,3.3306690738754696e-16,2
Type3,0.12,0.18,F=0.600670354657,0.6006703546571331,0.865,0,118,2.7755575615628914e-17,0.0,6.106226635438361e-16,0.7540388006753408,1.1102230246251565e-16,2
Type3,0.12,0.2,F=0.600670354657,0.6006703546571331,0.85,0,118,2.7755575615628914e-17,0.0,6.106226635438361e-16,0.7540388006753408,2.220446049250313e-16,2
Type3,0.12,0.22,F=0.600670354657,0.6006703546571331,0.835,0,118,2.7755575615628914e-17,0.0,6.106226635438361e-16,0.7540388006753408,2.220446049250313e-16,2
Type3,0.12,0.24,F=0.600670354657,0.6006703546571331,0.8200000000000001,0,118,2.7755575615628914e-17,0.0,6.106226635438361e-16,0.7540388006753408,2.220446049250313e-16,2
Type3,0.12,0.26,F=0.600670354657,0.6006703546571331,0.8049999999999999,0,118,2.7755575615628914e-17,0.0,6.106226635438361e-16,0.7540388006753408,3.3306690738754696e-16,2
Type3,0.12,0.28,F=0.600670354657,0.6006703546571331,0.79,0,118,2.7755575615628914e-17,0.0,6.106226635438361e-16,0.7540388006753408,3.3306690738754696e-16,2
Type3,0.12,0.3,F=0.600670354657,0.6006703546571331,0.775,0,118,2.7755575615628914e-17,0.0,6.106226635438361e-16,0.7540388006753408,2.220446049250313e-16,2
Type3,0.12,0.32,F=0.600670354657,0.6006703546571331,0.76,0,117,2.7755575615628914e-17,0.0,6.106226635438361e-16,0.7540388006753408,1.1102230246251565e-16,2
Type3,0.12,0.34,F=0.600670354657,0.6006703546571331,0.745,0,117,2.7755575615628914e-17,0.0,6.106226635438361e-16,0.7540388006753408,2.220446049250313e-16,2
Type3,0.12,0.36,F=0.600670354657,0.6006703546571331,0.73,0,117,2.7755575615628914e-17,0.0,6.106226635438361e-16,0.7540388006753408,1.1102230246251565e-16,2
Type3,0.12,0.38,F=0.600670354657,0.6006703546571331,0.715,0,117,2.7755575615628914e-17,0.0,6.106226635438361e-16,0.7540388006753408,2.220446049250313e-16,2
Type3,0.12,0.4,F=0.600670354657,0.6006703546571331,0.7,0,117,2.7755575615628914e-17,0.0,6.106226635438361e-16,0.7540388006753408,1.1102230246251565e-16,2
Type3,0.12,0.42,F=0.600670354657,0.6006703546571331,0.685,0,116,2.7755575615628914e-17,0.0,6.106226635438361e-16,0.7540388006753408,3.3306690738754696e-16,2
Type3,0.12,0.44,F=0.600670354657,0.6006703546571331,0.6699999999999999,0,116,2.7755575615628914e-17,0.0,6.106226635438361e-16,0.7540388006753408,1.6653345369377348e-16,2
Type3,0.12,0.46,F=0.600670354657,0.6006703546571331,0.655,0,115,2.7755575615628914e-17,0.0,6.106226635438361e-16,0.7540388006753408,2.220446049250313e-16,2
Type3,0.12,0.48,F=0.600670354657,0.6006703546571331,0.64,0,114,2.7755575615628914e-17,0.0,6.106226635438361e-16,0.7540388006753408,3.3306690738754696e-16,2
Type3,0.12,0.5,F=0.600670354657,0.6006703546571331,0.625,0,113,2.7755575615628914e-17,0.0,6.106226635438361e-16,0.7540388006753408,3.3306690738754696e-16,2
Type3,0.12,0.52,F=0.600670354657,0.6006703546571331,0.61,0,110,2.7755575615628914e-17,0.0,6.106226635438361e-16,0.7540388006753408,2.220446049250313e-16,2
Type3,0.12,0.54,F=0.600670354657,0.6006703546571325,0.6006703546571325,107,108,5.551115123125783e-17,0.0,4.440892098500626e-16,0.7540388006753408,3.3306690738754696e-16,2
Type3,0.12,0.56,F=0.600670354657,0.6006703546571325,0.6006703546571325,113,114,5.551115123125783e-17,0.0,4.440892098500626e-16,0.7540388006753408,2.220446049250313e-16,2
Type3,0.12,0.58,F=0.600670354657,0.6006703546571325,0.6006703546571325,115,116,5.551115123125783e-17,0.0,4.440892098500626e-16,0.7540388006753408,2.220446049250313e-16,2
Type3,0.12,0.6,F=0.600670354657,0.6006703546571325,0.6006703546571325,117,118,5.551115123125783e-17,0.0,4.440892098500626e-16,0.7540388006753408,1.1102230246251565e-16,2
Type3,0.12,0.62,F=0.600670354657,0.6006703546571325,0.6006703546571325,118,119,5.551115123125783e-17,0.0,4.440892098500626e-16,0.7540388006753408,2.220446049250313e-16,2
Type3,0.12,0.64,F=0.600670354657,0.6006703546571325,0.6006703546571325,119,120,5.551115123125783e-17,0.0,4.440892098500626e-16,0.7540388006753408,1.6653345369377348e-16,2
Type3,0.12,0.66,F=0.600670354657,0.6006703546571325,0.6006703546571325,120,121,5.551115123125783e-17,0.0,4.440892098500626e-16,0.7540388006753408,3.3306690738754696e-16,2
Type3,0.12,0.68,F=0.600670354657,0.6006703546571325,0.6006703546571325,122,123,5.551115123125783e-17,0.0,4.440892098500626e-16,0.7540388006753408,3.3306690738754696e-16,2
Type3,0.12,0.7,F=0.600670354657,0.6006703546571325,0.6006703546571325,123,124,5.551115123125783e-17,0.0,4.440892098500626e-16,0.7540388006753408,2.220446049250313e-16,2
Type3,0.12,0.72,F=0.600670354657,0.6006703546571325,0.6006703546571325,124,125,5.551115123125783e-17,0.0,4.440892098500626e-16,0.7540388006753408,1.1102230246251565e-16,2
Type3,0.12,0.74,F=0.600670354657,0.6006703546571325,0.6006703546571325,125,126,5.551115123125783e-17,0.0,4.440892098500626e-16,0.7540388006753408,1.1102230246251565e-16,2
Type3,0.12,0.76,F=0.600670354657,0.6006703546571325,0.6006703546571325,126,127,5.551115123125783e-17,0.0,4.440892098500626e-16,0.7540388006753408,3.3306690738754696e-16,2
Type3,0.12,0.78,F=0.600670354657,0.6006703546571325,0.6006703546571325,127,128,5.551115123125783e-17,0.0,4.440892098500626e-16,0.7540388006753408,2.220446049250313e-16,2
Type3,0.12,0.8,F=0.600670354657,0.6006703546571325,0.6006703546571325,129,130,5.551115123125783e-17,0.0,4.440892098500626e-16,0.7540388006753408,3.3306690738754696e-16,2
Type3,0.12,0.82,F=0.600670354657,0.6006703546571325,0.6006703546571325,131,132,5.551115123125783e-17,0.0,4.440892098500626e-16,0.7540388006753408,1.6653345369377348e-16,2
Type3,0.12,0.84,F=0.600670354657,0.6006703546571325,0.6006703546571325,133,134,5.551115123125783e-17,0.0,4.440892098500626e-16,0.7540388006753408,2.7755575615628914e-16,2
Type3,0.12,0.86,F=0.600670354657,0.6006703546571325,0.6006703546571325,136,137,5.551115123125783e-17,0.0,4.440892098500626e-16,0.7540388006753408,3.3306690738754696e-16,2
Type3,0.12,0.88,F=0.600670354657,0.6006703546571325,0.6006703546571325,139,140,5.551115123125783e-17,0.0,4.440892098500626e-16,0.7540388006753408,3.3306690738754696e-16,2
Type3,0.12,0.9,F=0.600670354657,0.6006703546571325,0.6006703546571325,145,146,5.551115123125783e-17,0.0,4.440892098500626e-16,0.7540388006753408,2.220446049250313e-16,2
Type3,0.12,0.92,F=0.600670354657,0.6006703546571325,0.6006703546571325,156,157,5.551115123125783e-17,0.0,4.440892098500626e-16,0.7540388006753408,2.220446049250313e-16,2
Type3,0.12,0.94,F=0.600670354657,0.6006703546571325,0.6006703546571325,188,189,5.551115123125783e-17,0.0,4.440892098500626e-16,0.7540388006753408,2.220446049250313e-16,2
Type3,0.12,0.96,F=0.250000000000,0.25000000000001144,0.28,0,3537,8.326672684688674e-17,1.1102230246251565e-16,4.440892098500626e-14,0.992136003584,2.7755575615628914e-16,2
Type3,0.12,0.98,F=0.250000000000,0.25000000000001144,0.265,0,3418,8.326672684688674e-17,1.1102230246251565e-16,4.440892098500626e-14,0.992136003584,3.0531133177191805e-16,2
Type3,0.12,1.0,F=0.250000000000,0.25,0.25,0,1,0.0,0.0,0.0,0.992136003584,0.0,2
Type3,0.125,0.02,F=0.556833994055,0.5568339940550702,0.985,0,182,0.0,0.0,7.771561172376096e-16,0.8350339801495262,2.220446049250313e-16,2
Type3,0.125,0.04,F=0.556833994055,0.5568339940550702,0.97,0,182,0.0,0.0,7.771561172376096e-16,0.8350339801495262,2.220446049250313e-16,2
Type3,0.125,0.06,F=0.556833994055,0.5568339940550702,0.955,0,182,0.0,0.0,7.771561172376096e-16,0.8350339801495262,2.220446049250313e-16,2
Type3,0.125,0.08,F=0.556833994055,0.5568339940550702,0.94,0,182,0.0,0.0,7.771561172376096e-16,0.8350339801495262,2.220446049250313e-16,2
Type3,0.125,0.1,F=0.556833994055,0.5568339940550702,0.925,0,182,0.0,0.0,7.771561172376096e-16,0.8350339801495262,2.7755575615628914e-16,2
Type3,0.125,0.12,F=0.556833994055,0.5568339940550702,0.91,0,182,0.0,0.0,7.771561172376096e-16,0.8350339801495262,2.7755575615628914e-16,2
Type3,0.125,0.14,F=0.556833994055,0.5568339940550702,0.895,0,182,0.0,0.0,7.771561172376096e-16,0.8350339801495262,2.220446049250313e-16,2
Type3,0.125,0.16,F=0.556833994055,0.5568339940550702,0.88,0,182,0.0,0.0,7.771561172376096e-16,0.8350339801495262,3.3306690738754696e-16,2
Type3,0.125,0.18,F=0.556833994055,0.5568339940550702,0.865,0,182,0.0,0.0,7.771561172376096e-16,0.8350339801495262,3.3306690738754696e-16,2
Type3,0.125,0.2,F=0.556833994055,0.5568339940550702,0.85,0,182,0.0,0.0,7.771561172376096e-16,0.8350339801495262,2.7755575615628914e-16,2
Type3,0.125,0.22,F=0.556833994055,0.5568339940550702,0.835,0,182,0.0,0.0,7.771561172376096e-16,0.8350339801495262,2.220446049250313e-16,2
Type3,0.125,0.24,F=0.556833994055,0.5568339940550702,0.8200000000000001,0,182,0.0,0.0,7.771561172376096e-16,0.8350339801495262,2.220446049250313e-16,2
Type3,0.125,0.26,F=0.556833994055,0.5568339940550702,0.8049999999999999,0,182,0.0,0.0,7.771561172376096e-16,0.8350339801495262,2.7755575615628914e-16,2
Type3,0.125,0.28,F=0.556833994055,0.5568339940550702,0.79,0,182,0.0,0.0,7.771561172376096e-16,0.8350339801495262,3.3306690738754696e-16,2
Type3,0.125,0.3,F=0.556833994055,0.5568339940550702,0.775,0,182,0.0,0.0,7.771561172376096e-16,0.8350339801495262,2.220446049250313e-16,2
Type3,0.125,0.32,F=0.556833994055,0.5568339940550702,0.76,0,182,0.0,0.0,7.771561172376096e-16,0.8350339801495262,2.220446049250313e-16,2
Type3,0.125,0.34,F=0.556833994055,0.5568339940550702,0.745,0,181,0.0,0.0,7.771561172376096e-16,0.8350339801495262,2.7755575615628914e-16,2
Type3,0.125,0.36,F=0.556833994055,0.5568339940550702,0.73,0,181,0.0,0.0,7.771561172376096e-16,0.8350339801495262,1.1102230246251565e-16,2
Type3,0.125,0.38,F=0.556833994055,0.5568339940550702,0.715,0,181,0.0,0.0,7.771561172376096e-16,0.8350339801495262,2.220446049250313e-16,2
Type3,0.125,0.4,F=0.556833994055,0.5568339940550702,0.7,0,181,0.0,0.0,7.771561172376096e-16,0.8350339801495262,3.3306690738754696e-16,2
Type3,0.125,0.42,F=0.556833994055,0.5568339940550702,0.685,0,181,0.0,0.0,7.771561172376096e-16,0.8350339801495262,3.3306690738754696e-16,2
Type3,0.125,0.44,F=0.556833994055,0.5568339940550702,0.6699999999999999,0,180,0.0,0.0,7.771561172376096e-16,0.8350339801495262,2.7755575615628914e-16,2
Type3,0.125,0.46,F=0.556833994055,0.5568339940550702,0.655,0,180,0.0,0.0,7.771561172376096e-16,0.8350339801495262,2.7755575615628914e-16,2
Type3,0.125,0.48,F=0.556833994055,0.5568339940550702,0.64,0,179,0.0,0.0,7.771561172376096e-16,0.8350339801495262,2.7755575615628914e-16,2
Type3,0.125,0.5,F=0.556833994055,0.5568339940550702,0.625,0,179,0.0,0.0,7.771561172376096e-16,0.8350339801495262,2.220446049250313e-16,2
Type3,0.125,0.52,F=0.556833994055,0.5568339940550702,0.61,0,178,0.0,0.0,7.771561172376096e-16,0.8350339801495262,3.3306690738754696e-16,2
Type3,0.125,0.54,F=0.556833994055,0.5568339940550702,0.595,0,176,0.0,0.0,7.771561172376096e-16,0.8350339801495262,2.220446049250313e-16,2
Type3,0.125,0.56,F=0.556833994055,0.5568339940550702,0.58,0,174,0.0,0.0,7.771561172376096e-16,0.8350339801495262,2.220446049250313e-16,2
Type3,0.125,0.58,F=0.556833994055,0.5568339940550702,0.5650000000000001,0,169,0.0,0.0,7.771561172376096e-16,0.8350339801495262,1.6653345369377348e-16,2
Type3,0.125,0.6,F=0.556833994055,0.5568339940550691,0.5568339940550691,166,167,0.0,0.0,8.881784197001252e-16,0.8350339801495262,2.220446049250313e-16,2
Type3,0.125,0.62,F=0.556833994055,0.5568339940550691,0.5568339940550691,173,174,0.0,0.0,8.881784197001252e-16,0.8350339801495262,2.220446049250313e-16,2
Type3,0.125,0.64,F=0.556833994055,0.5568339940550691,0.5568339940550691,178,179,0.0,0.0,8.881784197001252e-16,0.8350339801495262,3.3306690738754696e-16,2
Type3,0.125,0.66,F=0.556833994055,0.5568339940550691,0.5568339940550691,180,181,0.0,0.0,8.881784197001252e-16,0.8350339801495262,3.3306690738754696e-16,2
Type3,0.125,0.68,F=0.556833994055,0.5568339940550691,0.5568339940550691,183,184,0.0,0.0,8.881784197001252e-16,0.8350339801495262,3.3306690738754696e-16,2
Type3,0.125,0.7,F=0.556833994055,0.5568339940550691,0.5568339940550691,184,185,0.0,0.0,8.881784197001252e-16,0.8350339801495262,2.7755575615628914e-16,2
Type3,0.125,0.72,F=0.556833994055,0.5568339940550691,0.5568339940550691,187,188,0.0,0.0,8.881784197001252e-16,0.8350339801495262,2.220446049250313e-16,2
Type3,0.125,0.74,F=0.556833994055,0.5568339940550691,0.5568339940550691,189,190,0.0,0.0,8.881784197001252e-16,0.8350339801495262,2.220446049250313e-16,2
Type3,0.125,0.76,F=0.556833994055,0.5568339940550691,0.5568339940550691,192,193,0.0,0.0,8.881784197001252e-16,0.8350339801495262,3.3306690738754696e-16,2
Type3,0.125,0.78,F=0.556833994055,0.5568339940550691,0.5568339940550691,194,195,0.0,0.0,8.881784197001252e-16,0.8350339801495262,3.3306690738754696e-16,2
Type3,0.125,0.8,F=0.556833994055,0.5568339940550691,0.5568339940550691,197,198,0.0,0.0,8.881784197001252e-16,0.8350339801495262,2.220446049250313e-16,2
Type3,0.125,0.82,F=0.556833994055,0.5568339940550691,0.5568339940550691,200,201,0.0,0.0,8.881784197001252e-16,0.8350339801495262,2.220446049250313e-16,2
Type3,0.125,0.84,F=0.556833994055,0.5568339940550691,0.5568339940550691,206,207,0.0,0.0,8.881784197001252e-16,0.8350339801495262,3.3306690738754696e-16,2
Type3,0.125,0.86,F=0.556833994055,0.5568339940550691,0.5568339940550691,214,215,0.0,0.0,8.881784197001252e-16,0.8350339801495262,2.220446049250313e-16,2
Type3,0.125,0.88,F=0.556833994055,0.5568339940550691,0.5568339940550691,231,232,0.0,0.0,8.881784197001252e-16,0.8350339801495262,3.3306690738754696e-16,2
Type3,0.125,0.9,F=0.250000000000,0.25000000000000233,0.32499999999999996,0,815,8.326672684688674e-17,1.1102230246251565e-16,8.409939411535561e-15,0.9617042541503906,2.220446049250313e-16,2
Type3,0.125,0.92,F=0.250000000000,0.25000000000000233,0.30999999999999994,0,787,8.326672684688674e-17,1.1102230246251565e-16,8.409939411535561e-15,0.9617042541503906,1.1102230246251565e-16,2
Type3,0.125,0.94,F=0.250000000000,0.25000000000000233,0.29500000000000004,0,771,8.326672684688674e-17,1.1102230246251565e-16,8.409939411535561e-15,0.9617042541503906,1.1102230246251565e-16,2
Type3,0.125,0.96,F=0.250000000000,0.25000000000000233,0.28,0,755,8.326672684688674e-17,1.1102230246251565e-16,8.409939411535561e-15,0.9617042541503906,2.220446049250313e-16,2
Type3,0.125,0.98,F=0.250000000000,0.25000000000000233,0.265,0,733,8.326672684688674e-17,1.1102230246251565e-16,8.409939411535561e-15,0.9617042541503906,1.1102230246251565e-16,2
Type3,0.125,1.0,F=0.250000000000,0.25,0.25,0,1,0.0,0.0,0.0,0.9617042541503906,0.0,2
Type3,0.128,0.02,F=0.519775238428,0.5197752384278344,0.985,0,296,5.551115123125783e-17,2.220446049250313e-16,9.992007221626409e-16,0.8970257293735797,2.220446049250313e-16,2
Type3,0.128,0.04,F=0.519775238428,0.5197752384278344,0.97,0,296,5.551115123125783e-17,2.220446049250313e-16,9.992007221626409e-16,0.8970257293735797,2.220446049250313e-16,2
Type3,0.128,0.06,F=0.519775238428,0.5197752384278344,0.955,0,296,5.551115123125783e-17,2.220446049250313e-16,9.992007221626409e-16,0.8970257293735797,2.220446049250313e-16,2
Type3,0.128,0.08,F=0.519775238428,0.5197752384278344,0.94,0,296,5.551115123125783e-17,2.220446049250313e-16,9.992007221626409e-16,0.8970257293735797,2.220446049250313e-16,2
Type3,0.128,0.1,F=0.519775238428,0.5197752384278344,0.925,0,296,5.551115123125783e-17,2.220446049250313e-16,9.992007221626409e-16,0.8970257293735797,2.7755575615628914e-16,2
Type3,0.128,0.12,F=0.519775238428,0.5197752384278344,0.91,0,296,5.551115123125783e-17,2.220446049250313e-16,9.992007221626409e-16,0.8970257293735797,2.7755575615628914e-16,2
Type3,0.128,0.14,F=0.519775238428,0.5197752384278344,0.895,0,296,5.551115123125783e-17,2.220446049250313e-16,9.992007221626409e-16,0.8970257293735797,2.220446049250313e-16,2
Type3,0.128,0.16,F=0.519775238428,0.5197752384278344,0.88,0,296,5.551115123125783e-17,2.220446049250313e-16,9.992007221626409e-16,0.8970257293735797,2.220446049250313e-16,2
Type3,0.128,0.18,F=0.519775238428,0.5197752384278344,0.865,0,296,5.551115123125783e-17,2.220446049250313e-16,9.992007221626409e-16,0.8970257293735797,2.220446049250313e-16,2
Type3,0.128,0.2,F=0.519775238428,0.5197752384278344,0.85,0,296,5.551115123125783e-17,2.220446049250313e-16,9.992007221626409e-16,0.8970257293735797,2.220446049250313e-16,2
Type3,0.128,0.22,F=0.519775238428,0.5197752384278344,0.835,0,296,5.551115123125783e-17,2.220446049250313e-16,9.992007221626409e-16,0.8970257293735797,2.220446049250313e-16,2
Type3,0.128,0.24,F=0.519775238428,0.5197752384278344,0.8200000000000001,0,296,5.551115123125783e-17,2.220446049250313e-16,9.992007221626409e-16,0.8970257293735797,2.220446049250313e-16,2
Type3,0.128,0.26,F=0.519775238428,0.5197752384278344,0.8049999999999999,0,295,5.551115123125783e-17,2.220446049250313e-16,9.992007221626409e-16,0.8970257293735797,2.220446049250313e-16,2
Type3,0.128,0.28,F=0.519775238428,0.5197752384278344,0.79,0,295,5.551115123125783e-17,2.220446049250313e-16,9.992007221626409e-16,0.8970257293735797,2.220446049250313e-16,2
Type3,0.128,0.3,F=0.519775238428,0.5197752384278344,0.775,0,295,5.551115123125783e-17,2.220446049250313e-16,9.992007221626409e-16,0.8970257293735797,2.220446049250313e-16,2
Type3,0.128,0.32,F=0.519775238428,0.5197752384278344,0.76,0,295,5.551115123125783e-17,2.220446049250313e-16,9.992007221626409e-16,0.8970257293735797,2.220446049250313e-16,2
Type3,0.128,0.34,F=0.519775238428,0.5197752384278344,0.745,0,295,5.551115123125783e-17,2.220446049250313e-16,9.992007221626409e-16,0.8970257293735797,2.220446049250313e-16,2
Type3,0.128,0.36,F=0.519775238428,0.5197752384278344,0.73,0,295,5.551115123125783e-17,2.220446049250313e-16,9.992007221626409e-16,0.8970257293735797,2.220446049250313e-16,2
Type3,0.128,0.38,F=0.519775238428,0.5197752384278344,0.715,0,295,5.551115123125783e-17,2.220446049250313e-16,9.992007221626409e-16,0.8970257293735797,2.220446049250313e-16,2
Type3,0.128,0.4,F=0.519775238428,0.5197752384278344,0.7,0,295,5.551115123125783e-17,2.220446049250313e-16,9.992007221626409e-16,0.8970257293735797,2.220446049250313e-16,2
Type3,0.128,0.42,F=0.519775238428,0.5197752384278344,0.685,0,294,5.551115123125783e-17,2.220446049250313e-16,9.992007221626409e-16,0.8970257293735797,2.220446049250313e-16,2
Type3,0.128,0.44,F=0.519775238428,0.5197752384278344,0.6699999999999999,0,294,5.551115123125783e-17,2.220446049250313e-16,9.992007221626409e-16,0.8970257293735797,2.220446049250313e-16,2
Type3,0.128,0.46,F=0.519775238428,0.5197752384278344,0.655,0,294,5.551115123125783e-17,2.220446049250313e-16,9.992007221626409e-16,0.8970257293735797,2.220446049250313e-16,2
Type3,0.128,0.48,F=0.519775238428,0.5197752384278344,0.64,0,293,5.551115123125783e-17,2.220446049250313e-16,9.992007221626409e-16,0.8970257293735797,2.7755575615628914e-16,2
Type3,0.128,0.5,F=0.519775238428,0.5197752384278344,0.625,0,293,5.551115123125783e-17,2.220446049250313e-16,9.992007221626409e-16,0.8970257293735797,2.220446049250313e-16,2
Type3,0.128,0.52,F=0.519775238428,0.5197752384278344,0.61,0,292,5.551115123125783e-17,2.220446049250313e-16,9.992007221626409e-16,0.8970257293735797,2.220446049250313e-16,2
Type3,0.128,0.54,F=0.519775238428,0.5197752384278344,0.595,0,291,5.551115123125783e-17,2.220446049250313e-16,9.992007221626409e-16,0.8970257293735797,2.7755575615628914e-16,2
Type3,0.128,0.56,F=0.519775238428,0.5197752384278344,0.58,0,290,5.551115123125783e-17,2.220446049250313e-16,9.992007221626409e-16,0.8970257293735797,2.220446049250313e-16,2
Type3,0.128,0.58,F=0.519775238428,0.5197752384278344,0.5650000000000001,0,289,5.551115123125783e-17,2.220446049250313e-16,9.992007221626409e-16,0.8970257293735797,2.220446049250313e-16,2
Type3,0.128,0.6,F=0.519775238428,0.5197752384278344,0.55,0,286,5.551115123125783e-17,2.220446049250313e-16,9.992007221626409e-16,0.8970257293735797,2.220446049250313e-16,2
Type3,0.128,0.62,F=0.519775238428,0.5197752384278344,0.535,0,281,5.551115123125783e-17,2.220446049250313e-16,9.992007221626409e-16,0.8970257293735797,2.220446049250313e-16,2
Type3,0.128,0.64,F=0.519775238428,0.5197752384278344,0.520222859309289,4,255,5.551115123125783e-17,2.220446049250313e-16,9.992007221626409e-16,0.8970257293735797,2.220446049250313e-16,2
Type3,0.128,0.66,F=0.519775238428,0.5197752384278327,0.5197752384278327,281,282,8.326672684688674e-17,1.1102230246251565e-16,1.2212453270876722e-15,0.8970257293735797,2.220446049250313e-16,2
Type3,0.128,0.68,F=0.519775238428,0.5197752384278327,0.5197752384278327,289,290,8.326672684688674e-17,1.1102230246251565e-16,1.2212453270876722e-15,0.8970257293735797,2.220446049250313e-16,2
Type3,0.128,0.7,F=0.519775238428,0.5197752384278327,0.5197752384278327,295,296,8.326672684688674e-17,1.1102230246251565e-16,1.2212453270876722e-15,0.8970257293735797,2.7755575615628914e-16,2
Type3,0.128,0.72,F=0.519775238428,0.5197752384278327,0.5197752384278327,300,301,8.326672684688674e-17,1.1102230246251565e-16,1.2212453270876722e-15,0.8970257293735797,2.220446049250313e-16,2
Type3,0.128,0.74,F=0.519775238428,0.5197752384278327,0.5197752384278327,304,305,8.326672684688674e-17,1.1102230246251565e-16,1.2212453270876722e-15,0.8970257293735797,2.220446049250313e-16,2
Type3,0.128,0.76,F=0.519775238428,0.5197752384278327,0.5197752384278327,310,311,8.326672684688674e-17,1.1102230246251565e-16,1.2212453270876722e-15,0.8970257293735797,2.7755575615628914e-16,2
Type3,0.128,0.78,F=0.519775238428,0.5197752384278327,0.5197752384278327,315,316,8.326672684688674e-17,1.1102230246251565e-16,1.2212453270876722e-15,0.8970257293735797,2.220446049250313e-16,2
Type3,0.128,0.8,F=0.519775238428,0.5197752384278327,0.5197752384278327,323,324,8.326672684688674e-17,1.1102230246251565e-16,1.2212453270876722e-15,0.8970257293735797,2.220446049250313e-16,2
Type3,0.128,0.82,F=0.519775238428,0.5197752384278327,0.5197752384278327,335,336,8.326672684688674e-17,1.1102230246251565e-16,1.2212453270876722e-15,0.8970257293735797,2.220446049250313e-16,2
Type3,0.128,0.84,F=0.519775238428,0.5197752384278327,0.5197752384278327,366,367,8.326672684688674e-17,1.1102230246251565e-16,1.2212453270876722e-15,0.8970257293735797,2.220446049250313e-16,2
Type3,0.128,0.86,F=0.250000000000,0.25000000000000155,0.355,0,573,8.326672684688674e-17,5.551115123125783e-17,5.3013149425851225e-15,0.9438180289979351,2.220446049250313e-16,2
Type3,0.128,0.88,F=0.250000000000,0.25000000000000155,0.33999999999999997,0,554,8.326672684688674e-17,5.551115123125783e-17,5.3013149425851225e-15,0.9438180289979351,8.326672684688674e-17,2
Type3,0.128,0.9,F=0.250000000000,0.25000000000000155,0.32499999999999996,0,544,8.326672684688674e-17,5.551115123125783e-17,5.3013149425851225e-15,0.9438180289979351,1.1102230246251565e-16,2
Type3,0.128,0.92,F=0.250000000000,0.25000000000000155,0.30999999999999994,0,535,8.326672684688674e-17,5.551115123125783e-17,5.3013149425851225e-15,0.9438180289979351,8.326672684688674e-17,2
Type3,0.128,0.94,F=0.250000000000,0.25000000000000155,0.29500000000000004,0,527,8.326672684688674e-17,5.551115123125783e-17,5.3013149425851225e-15,0.9438180289979351,1.3877787807814457e-16,2
Type3,0.128,0.96,F=0.250000000000,0.25000000000000155,0.28,0,517,8.326672684688674e-17,5.551115123125783e-17,5.3013149425851225e-15,0.9438180289979351,1.3877787807814457e-16,2
Type3,0.128,0.98,F=0.250000000000,0.25000000000000155,0.265,0,503,8.326672684688674e-17,5.551115123125783e-17,5.3013149425851225e-15,0.9438180289979351,1.1102230246251565e-16,2
Type3,0.128,1.0,F=0.250000000000,0.25,0.25,0,1,0.0,0.0,0.0,0.9438180289979351,0.0,2
Type3,0.129,0.02,F=0.502725290429,0.5027252904288841,0.985,0,389,5.551115123125783e-17,2.220446049250313e-16,2.4980018054066022e-15,0.9230607868705842,1.6653345369377348e-16,2
Type3,0.129,0.04,F=0.502725290429,0.5027252904288841,0.97,0,389,5.551115123125783e-17,2.220446049250313e-16,2.4980018054066022e-15,0.9230607868705842,2.220446049250313e-16,2
Type3,0.129,0.06,F=0.502725290429,0.5027252904288841,0.955,0,389,5.551115123125783e-17,2.220446049250313e-16,2.4980018054066022e-15,0.9230607868705842,1.1102230246251565e-16,2
Type3,0.129,0.08,F=0.502725290429,0.5027252904288841,0.94,0,389,5.551115123125783e-17,2.220446049250313e-16,2.4980018054066022e-15,0.9230607868705842,2.7755575615628914e-16,2
Type3,0.129,0.1,F=0.502725290429,0.5027252904288841,0.925,0,390,5.551115123125783e-17,2.220446049250313e-16,2.4980018054066022e-15,0.9230607868705842,2.220446049250313e-16,2
Type3,0.129,0.12,F=0.502725290429,0.5027252904288841,0.91,0,390,5.551115123125783e-17,2.220446049250313e-16,2.4980018054066022e-15,0.9230607868705842,2.220446049250313e-16,2
Type3,0.129,0.14,F=0.502725290429,0.5027252904288841,0.895,0,390,5.551115123125783e-17,2.220446049250313e-16,2.4980018054066022e-15,0.9230607868705842,2.220446049250313e-16,2
Type3,0.129,0.16,F=0.502725290429,0.5027252904288841,0.88,0,390,5.551115123125783e-17,2.220446049250313e-16,2.4980018054066022e-15,0.9230607868705842,1.1102230246251565e-16,2
Type3,0.129,0.18,F=0.502725290429,0.5027252904288841,0.865,0,390,5.551115123125783e-17,2.220446049250313e-16,2.4980018054066022e-15,0.9230607868705842,1.1102230246251565e-16,2
Type3,0.129,0.2,F=0.502725290429,0.5027252904288841,0.85,0,390,5.551115123125783e-17,2.220446049250313e-16,2.4980018054066022e-15,0.9230607868705842,2.220446049250313e-16,2
Type3,0.129,0.22,F=0.502725290429,0.5027252904288841,0.835,0,390,5.551115123125783e-17,2.220446049250313e-16,2.4980018054066022e-15,0.9230607868705842,1.6653345369377348e-16,2
Type3,0.129,0.24,F=0.502725290429,0.5027252904288841,0.8200000000000001,0,390,5.551115123125783e-17,2.220446049250313e-16,2.4980018054066022e-15,0.9230607868705842,1.1102230246251565e-16,2
Type3,0.129,0.26,F=0.502725290429,0.5027252904288841,0.8049999999999999,0,390,5.551115123125783e-17,2.220446049250313e-16,2.4980018054066022e-15,0.9230607868705842,2.220446049250313e-16,2
Type3,0.129,0.28,F=0.502725290429,0.5027252904288841,0.79,0,390,5.551115123125783e-17,2.220446049250313e-16,2.4980018054066022e-15,0.9230607868705842,1.1102230246251565e-16,2
Type3,0.129,0.3,F=0.502725290429,0.5027252904288841,0.775,0,390,5.551115123125783e-17,2.220446049250313e-16,2.4980018054066022e-15,0.9230607868705842,2.7755575615628914e-16,2
Type3,0.129,0.32,F=0.502725290429,0.5027252904288841,0.76,0,390,5.551115123125783e-17,2.220446049250313e-16,2.4980018054066022e-15,0.9230607868705842,1.6653345369377348e-16,2
Type3,0.129,0.34,F=0.502725290429,0.5027252904288841,0.745,0,390,5.551115123125783e-17,2.220446049250313e-16,2.4980018054066022e-15,0.9230607868705842,1.1102230246251565e-16,2
Type3,0.129,0.36,F=0.502725290429,0.5027252904288841,0.73,0,388,5.551115123125783e-17,2.220446049250313e-16,2.4980018054066022e-15,0.9230607868705842,2.220446049250313e-16,2
Type3,0.129,0.38,F=0.502725290429,0.5027252904288841,0.715,0,389,5.551115123125783e-17,2.220446049250313e-16,2.4980018054066022e-15,0.9230607868705842,1.1102230246251565e-16,2
Type3,0.129,0.4,F=0.502725290429,0.5027252904288841,0.7,0,389,5.551115123125783e-17,2.220446049250313e-16,2.4980018054066022e-15,0.9230607868705842,1.1102230246251565e-16,2
Type3,0.129,0.42,F=0.502725290429,0.5027252904288841,0.685,0,389,5.551115123125783e-17,2.220446049250313e-16,2.4980018054066022e-15,0.9230607868705842,2.220446049250313e-16,2
Type3,0.129,0.44,F=0.502725290429,0.5027252904288841,0.6699999999999999,0,389,5.551115123125783e-17,2.220446049250313e-16,2.4980018054066022e-15,0.9230607868705842,1.1102230246251565e-16,2
Type3,0.129,0.46,F=0.502725290429,0.5027252904288841,0.655,0,388,5.551115123125783e-17,2.220446049250313e-16,2.4980018054066022e-15,0.9230607868705842,1.1102230246251565e-16,2
Type3,0.129,0.48,F=0.502725290429,0.5027252904288841,0.64,0,388,5.551115123125783e-17,2.220446049250313e-16,2.4980018054066022e-15,0.9230607868705842,2.220446049250313e-16,2
Type3,0.129,0.5,F=0.502725290429,0.5027252904288841,0.625,0,387,5.551115123125783e-17,2.220446049250313e-16,2.4980018054066022e-15,0.9230607868705842,2.220446049250313e-16,2
Type3,0.129,0.52,F=0.502725290429,0.5027252904288841,0.61,0,387,5.551115123125783e-17,2.220446049250313e-16,2.4980018054066022e-15,0.9230607868705842,2.220446049250313e-16,2
Type3,0.129,0.54,F=0.502725290429,0.5027252904288841,0.595,0,386,5.551115123125783e-17,2.220446049250313e-16,2.4980018054066022e-15,0.9230607868705842,2.220446049250313e-16,2
Type3,0.129,0.56,F=0.502725290429,0.5027252904288841,0.58,0,385,5.551115123125783e-17,2.220446049250313e-16,2.4980018054066022e-15,0.9230607868705842,2.7755575615628914e-16,2
Type3,0.129,0.58,F=0.502725290429,0.5027252904288841,0.5650000000000001,0,384,5.551115123125783e-17,2.220446049250313e-16,2.4980018054066022e-15,0.9230607868705842,2.7755575615628914e-16,2
Type3,0.129,0.6,F=0.502725290429,0.5027252904288841,0.55,0,382,5.551115123125783e-17,2.220446049250313e-16,2.4980018054066022e-15,0.9230607868705842,1.1102230246251565e-16,2
Type3,0.129,0.62,F=0.502725290429,0.5027252904288841,0.535,0,379,5.551115123125783e-17,2.220446049250313e-16,2.4980018054066022e-15,0.9230607868705842,1.1102230246251565e-16,2
Type3,0.129,0.64,F=0.502725290429,0.5027252904288841,0.52,0,373,5.551115123125783e-17,2.220446049250313e-16,2.4980018054066022e-15,0.9230607868705842,2.220446049250313e-16,2
Type3,0.129,0.66,F=0.502725290429,0.5027252904288841,0.505,0,352,5.551115123125783e-17,2.220446049250313e-16,2.4980018054066022e-15,0.9230607868705842,2.220446049250313e-16,2
Type3,0.129,0.68,F=0.502725290429,0.502725290428881,0.502725290428881,376,377,2.7755575615628914e-17,2.7755575615628914e-17,1.8318679906315083e-15,0.9230607868705842,2.220446049250313e-16,2
Type3,0.129,0.7,F=0.502725290429,0.502725290428881,0.502725290428881,389,390,2.7755575615628914e-17,2.7755575615628914e-17,1.8318679906315083e-15,0.9230607868705842,1.1102230246251565e-16,2
Type3,0.129,0.72,F=0.502725290429,0.502725290428881,0.502725290428881,398,399,2.7755575615628914e-17,2.7755575615628914e-17,1.8318679906315083e-15,0.9230607868705842,1.1102230246251565e-16,2
Type3,0.129,0.74,F=0.502725290429,0.502725290428881,0.502725290428881,406,407,2.7755575615628914e-17,2.7755575615628914e-17,1.8318679906315083e-15,0.9230607868705842,2.220446049250313e-16,2
Type3,0.129,0.76,F=0.502725290429,0.502725290428881,0.502725290428881,414,415,2.7755575615628914e-17,2.7755575615628914e-17,1.8318679906315083e-15,0.9230607868705842,1.1102230246251565e-16,2
Type3,0.129,0.78,F=0.502725290429,0.502725290428881,0.502725290428881,424,425,2.7755575615628914e-17,2.7755575615628914e-17,1.8318679906315083e-15,0.9230607868705842,2.7755575615628914e-16,2
Type3,0.129,0.8,F=0.502725290429,0.502725290428881,0.502725290428881,439,440,2.7755575615628914e-17,2.7755575615628914e-17,1.8318679906315083e-15,0.9230607868705842,1.1102230246251565e-16,2
Type3,0.129,0.82,F=0.502725290429,0.502725290428881,0.502725290428881,482,483,2.7755575615628914e-17,2.7755575615628914e-17,1.8318679906315083e-15,0.9230607868705842,2.220446049250313e-16,2
Type3,0.129,0.84,F=0.250000000000,0.25000000000000155,0.37,0,528,5.551115123125783e-17,1.1102230246251565e-16,5.3013149425851225e-15,0.9379173345321197,1.942890293094024e-16,2
Type3,0.129,0.86,F=0.250000000000,0.25000000000000155,0.355,0,510,5.551115123125783e-17,1.1102230246251565e-16,5.3013149425851225e-15,0.9379173345321197,1.1102230246251565e-16,2
Type3,0.129,0.88,F=0.250000000000,0.25000000000000155,0.33999999999999997,0,500,5.551115123125783e-17,1.1102230246251565e-16,5.3013149425851225e-15,0.9379173345321197,8.326672684688674e-17,2
Type3,0.129,0.9,F=0.250000000000,0.25000000000000155,0.32499999999999996,0,492,5.551115123125783e-17,1.1102230246251565e-16,5.3013149425851225e-15,0.9379173345321197,1.3877787807814457e-16,2
Type3,0.129,0.92,F=0.250000000000,0.25000000000000155,0.30999999999999994,0,485,5.551115123125783e-17,1.1102230246251565e-16,5.3013149425851225e-15,0.9379173345321197,1.3877787807814457e-16,2
Type3,0.129,0.94,F=0.250000000000,0.25000000000000155,0.29500000000000004,0,477,5.551115123125783e-17,1.1102230246251565e-16,5.3013149425851225e-15,0.9379173345321197,1.6653345369377348e-16,2
Type3,0.129,0.96,F=0.250000000000,0.25000000000000155,0.28,0,469,5.551115123125783e-17,1.1102230246251565e-16,5.3013149425851225e-15,0.9379173345321197,1.1102230246251565e-16,2
Type3,0.129,0.98,F=0.250000000000,0.25000000000000155,0.265,0,456,5.551115123125783e-17,1.1102230246251565e-16,5.3013149425851225e-15,0.9379173345321197,8.326672684688674e-17,2
Type3,0.129,1.0,F=0.250000000000,0.25,0.25,0,1,0.0,0.0,0.0,0.9379173345321197,0.0,2
Type3,0.130,0.02,F=0.478636230374,0.4786362303737825,0.985,0,687,5.551115123125783e-17,1.1102230246251565e-16,4.218847493575595e-15,0.9567314504115163,2.220446049250313e-16,2
Type3,0.130,0.04,F=0.478636230374,0.4786362303737825,0.97,0,687,5.551115123125783e-17,1.1102230246251565e-16,4.218847493575595e-15,0.9567314504115163,2.220446049250313e-16,2
Type3,0.130,0.06,F=0.478636230374,0.4786362303737825,0.955,0,687,5.551115123125783e-17,1.1102230246251565e-16,4.218847493575595e-15,0.9567314504115163,1.1102230246251565e-16,2
Type3,0.130,0.08,F=0.478636230374,0.4786362303737825,0.94,0,687,5.551115123125783e-17,1.1102230246251565e-16,4.218847493575595e-15,0.9567314504115163,2.220446049250313e-16,2
Type3,0.130,0.1,F=0.478636230374,0.4786362303737825,0.925,0,687,5.551115123125783e-17,1.1102230246251565e-16,4.218847493575595e-15,0.9567314504115163,2.7755575615628914e-16,2
Type3,0.130,0.12,F=0.478636230374,0.4786362303737825,0.91,0,687,5.551115123125783e-17,1.1102230246251565e-16,4.218847493575595e-15,0.9567314504115163,2.220446049250313e-16,2
Type3,0.130,0.14,F=0.478636230374,0.4786362303737825,0.895,0,687,5.551115123125783e-17,1.1102230246251565e-16,4.218847493575595e-15,0.9567314504115163,2.220446049250313e-16,2
Type3,0.130,0.16,F=0.478636230374,0.4786362303737825,0.88,0,687,5.551115123125783e-17,1.1102230246251565e-16,4.218847493575595e-15,0.9567314504115163,2.7755575615628914e-16,2
Type3,0.130,0.18,F=0.478636230374,0.4786362303737825,0.865,0,687,5.551115123125783e-17,1.1102230246251565e-16,4.218847493575595e-15,0.9567314504115163,1.1102230246251565e-16,2
Type3,0.130,0.2,F=0.478636230374,0.4786362303737825,0.85,0,687,5.551115123125783e-17,1.1102230246251565e-16,4.218847493575595e-15,0.9567314504115163,1.1102230246251565e-16,2
Type3,0.130,0.22,F=0.478636230374,0.4786362303737825,0.835,0,687,5.551115123125783e-17,1.1102230246251565e-16,4.218847493575595e-15,0.9567314504115163,1.1102230246251565e-16,2
Type3,0.130,0.24,F=0.478636230374,0.4786362303737825,0.8200000000000001,0,687,5.551115123125783e-17,1.1102230246251565e-16,4.218847493575595e-15,0.9567314504115163,1.1102230246251565e-16,2
Type3,0.130,0.26,F=0.478636230374,0.4786362303737825,0.8049999999999999,0,687,5.551115123125783e-17,1.1102230246251565e-16,4.218847493575595e-15,0.9567314504115163,1.1102230246251565e-16,2
Type3,0.130,0.28,F=0.478636230374,0.4786362303737825,0.79,0,687,5.551115123125783e-17,1.1102230246251565e-16,4.218847493575595e-15,0.9567314504115163,2.220446049250313e-16,2
Type3,0.130,0.3,F=0.478636230374,0.4786362303737825,0.775,0,686,5.551115123125783e-17,1.1102230246251565e-16,4.218847493575595e-15,0.9567314504115163,2.220446049250313e-16,2
Type3,0.130,0.32,F=0.478636230374,0.4786362303737825,0.76,0,686,5.551115123125783e-17,1.1102230246251565e-16,4.218847493575595e-15,0.9567314504115163,2.220446049250313e-16,2
Type3,0.130,0.34,F=0.478636230374,0.4786362303737825,0.745,0,686,5.551115123125783e-17,1.1102230246251565e-16,4.218847493575595e-15,0.9567314504115163,2.220446049250313e-16,2
Type3,0.130,0.36,F=0.478636230374,0.4786362303737825,0.73,0,686,5.551115123125783e-17,1.1102230246251565e-16,4.218847493575595e-15,0.9567314504115163,1.1102230246251565e-16,2
Type3,0.130,0.38,F=0.478636230374,0.4786362303737825,0.715,0,686,5.551115123125783e-17,1.1102230246251565e-16,4.218847493575595e-15,0.9567314504115163,2.7755575615628914e-16,2
Type3,0.130,0.4,F=0.478636230374,0.4786362303737825,0.7,0,686,5.551115123125783e-17,1.1102230246251565e-16,4.218847493575595e-15,0.9567314504115163,2.220446049250313e-16,2
Type3,0.130,0.42,F=0.478636230374,0.4786362303737825,0.685,0,686,5.551115123125783e-17,1.1102230246251565e-16,4.218847493575595e-15,0.9567314504115163,2.7755575615628914e-16,2
Type3,0.130,0.44,F=0.478636230374,0.4786362303737825,0.6699999999999999,0,685,5.551115123125783e-17,1.1102230246251565e-16,4.218847493575595e-15,0.9567314504115163,2.220446049250313e-16,2
Type3,0.130,0.46,F=0.478636230374,0.4786362303737825,0.655,0,685,5.551115123125783e-17,1.1102230246251565e-16,4.218847493575595e-15,0.9567314504115163,2.220446049250313e-16,2
Type3,0.130,0.48,F=0.478636230374,0.4786362303737825,0.64,0,685,5.551115123125783e-17,1.1102230246251565e-16,4.218847493575595e-15,0.9567314504115163,2.7755575615628914e-16,2
Type3,0.130,0.5,F=0.478636230374,0.4786362303737825,0.625,0,684,5.551115123125783e-17,1.1102230246251565e-16,4.218847493575595e-15,0.9567314504115163,2.7755575615628914e-16,2
Type3,0.130,0.52,F=0.478636230374,0.4786362303737825,0.61,0,684,5.551115123125783e-17,1.1102230246251565e-16,4.218847493575595e-15,0.9567314504115163,1.1102230246251565e-16,2
Type3,0.130,0.54,F=0.478636230374,0.4786362303737825,0.595,0,683,5.551115123125783e-17,1.1102230246251565e-16,4.218847493575595e-15,0.9567314504115163,2.7755575615628914e-16,2
Type3,0.130,0.56,F=0.478636230374,0.4786362303737825,0.58,0,682,5.551115123125783e-17,1.1102230246251565e-16,4.218847493575595e-15,0.9567314504115163,2.220446049250313e-16,2
Type3,0.130,0.58,F=0.478636230374,0.4786362303737825,0.5650000000000001,0,681,5.551115123125783e-17,1.1102230246251565e-16,4.218847493575595e-15,0.9567314504115163,2.220446049250313e-16,2
Type3,0.130,0.6,F=0.478636230374,0.4786362303737825,0.55,0,679,5.551115123125783e-17,1.1102230246251565e-16,4.218847493575595e-15,0.9567314504115163,2.220446049250313e-16,2
Type3,0.130,0.62,F=0.478636230374,0.4786362303737825,0.535,0,677,5.551115123125783e-17,1.1102230246251565e-16,4.218847493575595e-15,0.9567314504115163,1.1102230246251565e-16,2
Type3,0.130,0.64,F=0.478636230374,0.4786362303737825,0.52,0,674,5.551115123125783e-17,1.1102230246251565e-16,4.218847493575595e-15,0.9567314504115163,1.1102230246251565e-16,2
Type3,0.130,0.66,F=0.478636230374,0.4786362303737825,0.505,0,668,5.551115123125783e-17,1.1102230246251565e-16,4.218847493575595e-15,0.9567314504115163,2.220446049250313e-16,2
Type3,0.130,0.68,F=0.478636230374,0.4786362303737825,0.49,0,654,5.551115123125783e-17,1.1102230246251565e-16,4.218847493575595e-15,0.9567314504115163,1.1102230246251565e-16,2
Type3,0.130,0.7,F=0.478636230374,0.47863623037377717,0.47863623037377717,631,631,5.551115123125783e-17,1.6653345369377348e-16,3.1086244689504383e-15,0.9567314504115163,2.7755575615628914e-16,2
Type3,0.130,0.72,F=0.478636230374,0.47863623037377717,0.47863623037377717,677,677,5.551115123125783e-17,1.6653345369377348e-16,3.1086244689504383e-15,0.9567314504115163,2.220446049250313e-16,2
Type3,0.130,0.74,F=0.478636230374,0.47863623037377717,0.47863623037377717,700,700,5.551115123125783e-17,1.6653345369377348e-16,3.1086244689504383e-15,0.9567314504115163,2.220446049250313e-16,2
Type3,0.130,0.76,F=0.478636230374,0.47863623037377717,0.47863623037377717,723,723,5.551115123125783e-17,1.6653345369377348e-16,3.1086244689504383e-15,0.9567314504115163,2.220446049250313e-16,2
Type3,0.130,0.78,F=0.478636230374,0.47863623037377717,0.47863623037377717,759,759,5.551115123125783e-17,1.6653345369377348e-16,3.1086244689504383e-15,0.9567314504115163,2.220446049250313e-16,2
Type3,0.130,0.8,F=0.250000000000,0.25000000000000133,0.3999999999999999,0,527,5.551115123125783e-17,5.551115123125783e-17,4.413136522884997e-15,0.932047121709,2.220446049250313e-16,2
Type3,0.130,0.82,F=0.250000000000,0.25000000000000133,0.385,0,488,5.551115123125783e-17,5.551115123125783e-17,4.413136522884997e-15,0.932047121709,1.3877787807814457e-16,2
Type3,0.130,0.84,F=0.250000000000,0.2500000000000018,0.37,0,468,8.326672684688674e-17,1.1102230246251565e-16,6.217248937900877e-15,0.932047121709,1.6653345369377348e-16,2
Type3,0.130,0.86,F=0.250000000000,0.25000000000000133,0.355,0,463,5.551115123125783e-17,5.551115123125783e-17,4.413136522884997e-15,0.932047121709,1.3877787807814457e-16,2
Type3,0.130,0.88,F=0.250000000000,0.2500000000000018,0.33999999999999997,0,451,8.326672684688674e-17,1.1102230246251565e-16,6.217248937900877e-15,0.932047121709,1.1102230246251565e-16,2
Type3,0.130,0.9,F=0.250000000000,0.2500000000000018,0.32499999999999996,0,445,8.326672684688674e-17,1.1102230246251565e-16,6.217248937900877e-15,0.932047121709,1.3877787807814457e-16,2
Type3,0.130,0.92,F=0.250000000000,0.2500000000000018,0.30999999999999994,0,439,8.326672684688674e-17,1.1102230246251565e-16,6.217248937900877e-15,0.932047121709,1.3877787807814457e-16,2
Type3,0.130,0.94,F=0.250000000000,0.25000000000000133,0.29500000000000004,0,437,5.551115123125783e-17,5.551115123125783e-17,4.413136522884997e-15,0.932047121709,1.3877787807814457e-16,2
Type3,0.130,0.96,F=0.250000000000,0.25000000000000133,0.28,0,429,5.551115123125783e-17,5.551115123125783e-17,4.413136522884997e-15,0.932047121709,2.7755575615628914e-16,2
Type3,0.130,0.98,F=0.250000000000,0.2500000000000018,0.265,0,413,8.326672684688674e-17,1.1102230246251565e-16,6.217248937900877e-15,0.932047121709,1.1102230246251565e-16,2
Type3,0.130,1.0,F=0.250000000000,0.25,0.25,0,1,0.0,0.0,0.0,0.932047121709,0.0,2
Type3,0.1305,0.02,F=0.455458129237,0.45545812923689666,0.985,0,1921,2.7755575615628914e-17,0.0,3.774758283725532e-15,0.9852679408741651,2.220446049250313e-16,2
Type3,0.1305,0.04,F=0.455458129237,0.45545812923689666,0.97,0,1921,2.7755575615628914e-17,0.0,3.774758283725532e-15,0.9852679408741651,2.7755575615628914e-16,2
Type3,0.1305,0.06,F=0.455458129237,0.45545812923689666,0.955,0,1921,2.7755575615628914e-17,0.0,3.774758283725532e-15,0.9852679408741651,2.7755575615628914e-16,2
Type3,0.1305,0.08,F=0.455458129237,0.45545812923689666,0.94,0,1921,2.7755575615628914e-17,0.0,3.774758283725532e-15,0.9852679408741651,2.7755575615628914e-16,2
Type3,0.1305,0.1,F=0.455458129237,0.45545812923689666,0.925,0,1920,2.7755575615628914e-17,0.0,3.774758283725532e-15,0.9852679408741651,2.7755575615628914e-16,2
Type3,0.1305,0.12,F=0.455458129237,0.45545812923689666,0.91,0,1920,2.7755575615628914e-17,0.0,3.774758283725532e-15,0.9852679408741651,2.220446049250313e-16,2
Type3,0.1305,0.14,F=0.455458129237,0.45545812923689666,0.895,0,1920,2.7755575615628914e-17,0.0,3.774758283725532e-15,0.9852679408741651,2.220446049250313e-16,2
Type3,0.1305,0.16,F=0.455458129237,0.45545812923689666,0.88,0,1920,2.7755575615628914e-17,0.0,3.774758283725532e-15,0.9852679408741651,2.7755575615628914e-16,2
Type3,0.1305,0.18,F=0.455458129237,0.45545812923689666,0.865,0,1920,2.7755575615628914e-17,0.0,3.774758283725532e-15,0.9852679408741651,2.220446049250313e-16,2
Type3,0.1305,0.2,F=0.455458129237,0.45545812923689666,0.85,0,1920,2.7755575615628914e-17,0.0,3.774758283725532e-15,0.9852679408741651,2.220446049250313e-16,2
Type3,0.1305,0.22,F=0.455458129237,0.45545812923689666,0.835,0,1920,2.7755575615628914e-17,0.0,3.774758283725532e-15,0.9852679408741651,2.220446049250313e-16,2
Type3,0.1305,0.24,F=0.455458129237,0.45545812923689666,0.8200000000000001,0,1920,2.7755575615628914e-17,0.0,3.774758283725532e-15,0.9852679408741651,2.7755575615628914e-16,2
Type3,0.1305,0.26,F=0.455458129237,0.45545812923689666,0.8049999999999999,0,1920,2.7755575615628914e-17,0.0,3.774758283725532e-15,0.9852679408741651,2.7755575615628914e-16,2
Type3,0.1305,0.28,F=0.455458129237,0.45545812923689666,0.79,0,1920,2.7755575615628914e-17,0.0,3.774758283725532e-15,0.9852679408741651,2.220446049250313e-16,2
Type3,0.1305,0.3,F=0.455458129237,0.45545812923689666,0.775,0,1920,2.7755575615628914e-17,0.0,3.774758283725532e-15,0.9852679408741651,2.7755575615628914e-16,2
Type3,0.1305,0.32,F=0.455458129237,0.45545812923689666,0.76,0,1920,2.7755575615628914e-17,0.0,3.774758283725532e-15,0.9852679408741651,2.220446049250313e-16,2
Type3,0.1305,0.34,F=0.455458129237,0.45545812923689666,0.745,0,1920,2.7755575615628914e-17,0.0,3.774758283725532e-15,0.9852679408741651,2.220446049250313e-16,2
Type3,0.1305,0.36,F=0.455458129237,0.45545812923689666,0.73,0,1920,2.7755575615628914e-17,0.0,3.774758283725532e-15,0.9852679408741651,2.7755575615628914e-16,2
Type3,0.1305,0.38,F=0.455458129237,0.45545812923689666,0.715,0,1919,2.7755575615628914e-17,0.0,3.774758283725532e-15,0.9852679408741651,2.7755575615628914e-16,2
Type3,0.1305,0.4,F=0.455458129237,0.45545812923689666,0.7,0,1919,2.7755575615628914e-17,0.0,3.774758283725532e-15,0.9852679408741651,2.7755575615628914e-16,2
Type3,0.1305,0.42,F=0.455458129237,0.45545812923689666,0.685,0,1919,2.7755575615628914e-17,0.0,3.774758283725532e-15,0.9852679408741651,2.7755575615628914e-16,2
Type3,0.1305,0.44,F=0.455458129237,0.45545812923689666,0.6699999999999999,0,1919,2.7755575615628914e-17,0.0,3.774758283725532e-15,0.9852679408741651,2.7755575615628914e-16,2
Type3,0.1305,0.46,F=0.455458129237,0.45545812923689666,0.655,0,1918,2.7755575615628914e-17,0.0,3.774758283725532e-15,0.9852679408741651,2.220446049250313e-16,2
Type3,0.1305,0.48,F=0.455458129237,0.45545812923689666,0.64,0,1918,2.7755575615628914e-17,0.0,3.774758283725532e-15,0.9852679408741651,2.7755575615628914e-16,2
Type3,0.1305,0.5,F=0.455458129237,0.45545812923689666,0.625,0,1918,2.7755575615628914e-17,0.0,3.774758283725532e-15,0.9852679408741651,2.220446049250313e-16,2
Type3,0.1305,0.52,F=0.455458129237,0.45545812923689666,0.61,0,1917,2.7755575615628914e-17,0.0,3.774758283725532e-15,0.9852679408741651,2.7755575615628914e-16,2
Type3,0.1305,0.54,F=0.455458129237,0.45545812923689666,0.595,0,1917,2.7755575615628914e-17,0.0,3.774758283725532e-15,0.9852679408741651,2.7755575615628914e-16,2
Type3,0.1305,0.56,F=0.455458129237,0.45545812923689666,0.58,0,1916,2.7755575615628914e-17,0.0,3.774758283725532e-15,0.9852679408741651,2.7755575615628914e-16,2
Type3,0.1305,0.58,F=0.455458129237,0.45545812923689666,0.5650000000000001,0,1915,2.7755575615628914e-17,0.0,3.774758283725532e-15,0.9852679408741651,2.220446049250313e-16,2
Type3,0.1305,0.6,F=0.455458129237,0.45545812923689666,0.55,0,1913,2.7755575615628914e-17,0.0,3.774758283725532e-15,0.9852679408741651,2.220446049250313e-16,2
Type3,0.1305,0.62,F=0.455458129237,0.45545812923689666,0.535,0,1911,2.7755575615628914e-17,0.0,3.774758283725532e-15,0.9852679408741651,2.220446049250313e-16,2
Type3,0.1305,0.64,F=0.455458129237,0.45545812923689666,0.52,0,1908,2.7755575615628914e-17,0.0,3.774758283725532e-15,0.9852679408741651,2.220446049250313e-16,2
Type3,0.1305,0.66,F=0.455458129237,0.45545812923689666,0.505,0,1904,2.7755575615628914e-17,0.0,3.774758283725532e-15,0.9852679408741651,2.220446049250313e-16,2
Type3,0.1305,0.68,F=0.455458129237,0.45545812923689666,0.49,0,1896,2.7755575615628914e-17,0.0,3.774758283725532e-15,0.9852679408741651,2.7755575615628914e-16,2
Type3,0.1305,0.7,F=0.455458129237,0.45545812923689666,0.4750000000000001,0,1879,2.7755575615628914e-17,0.0,3.774758283725532e-15,0.9852679408741651,2.7755575615628914e-16,2
Type3,0.1305,0.72,F=0.455458129237,0.45545812923689666,0.45999999999999996,0,1812,2.7755575615628914e-17,0.0,3.774758283725532e-15,0.9852679408741651,2.220446049250313e-16,2
Type3,0.1305,0.74,F=0.455458129237,0.45545812923688006,0.45545812923688006,1911,1911,5.551115123125783e-17,1.1102230246251565e-16,1.8762769116165146e-14,0.9852679408741651,2.7755575615628914e-16,2
Type3,0.1305,0.76,F=0.455458129237,0.45545812923688006,0.45545812923688006,2147,2147,5.551115123125783e-17,1.1102230246251565e-16,1.8762769116165146e-14,0.9852679408741651,2.7755575615628914e-16,2
Type3,0.1305,0.78,F=0.250000000000,0.2500000000000018,0.41500000000000004,0,511,8.326672684688674e-17,1.1102230246251565e-16,6.217248937900877e-15,0.9291234069540363,1.3877787807814457e-16,2
Type3,0.1305,0.8,F=0.250000000000,0.2500000000000018,0.3999999999999999,0,474,8.326672684688674e-17,1.1102230246251565e-16,6.217248937900877e-15,0.9291234069540363,1.6653345369377348e-16,2
Type3,0.1305,0.82,F=0.250000000000,0.2500000000000018,0.385,0,456,8.326672684688674e-17,1.1102230246251565e-16,6.217248937900877e-15,0.9291234069540363,1.942890293094024e-16,2
Type3,0.1305,0.84,F=0.250000000000,0.25000000000000133,0.37,0,450,5.551115123125783e-17,1.1102230246251565e-16,4.413136522884997e-15,0.9291234069540363,1.1102230246251565e-16,2
Type3,0.1305,0.86,F=0.250000000000,0.2500000000000018,0.355,0,438,8.326672684688674e-17,1.1102230246251565e-16,6.217248937900877e-15,0.9291234069540363,8.326672684688674e-17,2
Type3,0.1305,0.88,F=0.250000000000,0.2500000000000018,0.33999999999999997,0,431,8.326672684688674e-17,1.1102230246251565e-16,6.217248937900877e-15,0.9291234069540363,1.1102230246251565e-16,2
Type3,0.1305,0.9,F=0.250000000000,0.25000000000000133,0.32499999999999996,0,430,5.551115123125783e-17,1.1102230246251565e-16,4.413136522884997e-15,0.9291234069540363,8.326672684688674e-17,2
Type3,0.1305,0.92,F=0.250000000000,0.2500000000000018,0.30999999999999994,0,420,8.326672684688674e-17,1.1102230246251565e-16,6.217248937900877e-15,0.9291234069540363,8.326672684688674e-17,2
Type3,0.1305,0.94,F=0.250000000000,0.2500000000000018,0.29500000000000004,0,414,8.326672684688674e-17,1.1102230246251565e-16,6.217248937900877e-15,0.9291234069540363,1.3877787807814457e-16,2
Type3,0.1305,0.96,F=0.250000000000,0.25000000000000133,0.28,0,411,5.551115123125783e-17,1.1102230246251565e-16,4.413136522884997e-15,0.9291234069540363,8.326672684688674e-17,2
Type3,0.1305,0.98,F=0.250000000000,0.25000000000000133,0.265,0,400,5.551115123125783e-17,1.1102230246251565e-16,4.413136522884997e-15,0.9291234069540363,1.6653345369377348e-16,2
Type3,0.1305,1.0,F=0.250000000000,0.25,0.25,0,1,0.0,0.0,0.0,0.9291234069540363,0.0,2
Type3,0.13057,0.02,F=0.446541969234,0.4465419692336102,0.985,0,5414,8.326672684688674e-17,1.6653345369377348e-16,5.012656956182582e-14,0.9951381670690422,2.7755575615628914e-16,2
Type3,0.13057,0.04,F=0.446541969234,0.4465419692336102,0.97,0,5414,8.326672684688674e-17,1.6653345369377348e-16,5.012656956182582e-14,0.9951381670690422,2.220446049250313e-16,2
Type3,0.13057,0.06,F=0.446541969234,0.4465419692336102,0.955,0,5414,8.326672684688674e-17,1.6653345369377348e-16,5.012656956182582e-14,0.9951381670690422,2.220446049250313e-16,2
Type3,0.13057,0.08,F=0.446541969234,0.4465419692336102,0.94,0,5414,8.326672684688674e-17,1.6653345369377348e-16,5.012656956182582e-14,0.9951381670690422,2.220446049250313e-16,2
Type3,0.13057,0.1,F=0.446541969234,0.4465419692336102,0.925,0,5414,8.326672684688674e-17,1.6653345369377348e-16,5.012656956182582e-14,0.9951381670690422,2.220446049250313e-16,2
Type3,0.13057,0.12,F=0.446541969234,0.4465419692336102,0.91,0,5414,8.326672684688674e-17,1.6653345369377348e-16,5.012656956182582e-14,0.9951381670690422,2.220446049250313e-16,2
Type3,0.13057,0.14,F=0.446541969234,0.4465419692336102,0.895,0,5414,8.326672684688674e-17,1.6653345369377348e-16,5.012656956182582e-14,0.9951381670690422,2.220446049250313e-16,2
Type3,0.13057,0.16,F=0.446541969234,0.4465419692336102,0.88,0,5414,8.326672684688674e-17,1.6653345369377348e-16,5.012656956182582e-14,0.9951381670690422,2.220446049250313e-16,2
Type3,0.13057,0.18,F=0.446541969234,0.4465419692336102,0.865,0,5414,8.326672684688674e-17,1.6653345369377348e-16,5.012656956182582e-14,0.9951381670690422,2.7755575615628914e-16,2
Type3,0.13057,0.2,F=0.446541969234,0.4465419692336102,0.85,0,5414,8.326672684688674e-17,1.6653345369377348e-16,5.012656956182582e-14,0.9951381670690422,2.220446049250313e-16,2
Type3,0.13057,0.22,F=0.446541969234,0.4465419692336102,0.835,0,5414,8.326672684688674e-17,1.6653345369377348e-16,5.012656956182582e-14,0.9951381670690422,2.220446049250313e-16,2
Type3,0.13057,0.24,F=0.446541969234,0.4465419692336102,0.8200000000000001,0,5414,8.326672684688674e-17,1.6653345369377348e-16,5.012656956182582e-14,0.9951381670690422,2.220446049250313e-16,2
Type3,0.13057,0.26,F=0.446541969234,0.4465419692336102,0.8049999999999999,0,5414,8.326672684688674e-17,1.6653345369377348e-16,5.012656956182582e-14,0.9951381670690422,2.220446049250313e-16,2
Type3,0.13057,0.28,F=0.446541969234,0.4465419692336102,0.79,0,5414,8.326672684688674e-17,1.6653345369377348e-16,5.012656956182582e-14,0.9951381670690422,2.7755575615628914e-16,2
Type3,0.13057,0.3,F=0.446541969234,0.4465419692336102,0.775,0,5414,8.326672684688674e-17,1.6653345369377348e-16,5.012656956182582e-14,0.9951381670690422,2.220446049250313e-16,2
Type3,0.13057,0.32,F=0.446541969234,0.4465419692336102,0.76,0,5414,8.326672684688674e-17,1.6653345369377348e-16,5.012656956182582e-14,0.9951381670690422,2.220446049250313e-16,2
Type3,0.13057,0.34,F=0.446541969234,0.4465419692336102,0.745,0,5414,8.326672684688674e-17,1.6653345369377348e-16,5.012656956182582e-14,0.9951381670690422,2.220446049250313e-16,2
Type3,0.13057,0.36,F=0.446541969234,0.4465419692336102,0.73,0,5413,8.326672684688674e-17,1.6653345369377348e-16,5.012656956182582e-14,0.9951381670690422,2.220446049250313e-16,2
Type3,0.13057,0.38,F=0.446541969234,0.4465419692336102,0.715,0,5413,8.326672684688674e-17,1.6653345369377348e-16,5.012656956182582e-14,0.9951381670690422,2.7755575615628914e-16,2
Type3,0.13057,0.4,F=0.446541969234,0.4465419692336102,0.7,0,5413,8.326672684688674e-17,1.6653345369377348e-16,5.012656956182582e-14,0.9951381670690422,2.220446049250313e-16,2
Type3,0.13057,0.42,F=0.446541969234,0.4465419692336102,0.685,0,5413,8.326672684688674e-17,1.6653345369377348e-16,5.012656956182582e-14,0.9951381670690422,2.220446049250313e-16,2
Type3,0.13057,0.44,F=0.446541969234,0.4465419692336102,0.6699999999999999,0,5413,8.326672684688674e-17,1.6653345369377348e-16,5.012656956182582e-14,0.9951381670690422,2.220446049250313e-16,2
Type3,0.13057,0.46,F=0.446541969234,0.4465419692336102,0.655,0,5412,8.326672684688674e-17,1.6653345369377348e-16,5.012656956182582e-14,0.9951381670690422,2.220446049250313e-16,2
Type3,0.13057,0.48,F=0.446541969234,0.4465419692336102,0.64,0,5412,8.326672684688674e-17,1.6653345369377348e-16,5.012656956182582e-14,0.9951381670690422,2.220446049250313e-16,2
Type3,0.13057,0.5,F=0.446541969234,0.4465419692336102,0.625,0,5412,8.326672684688674e-17,1.6653345369377348e-16,5.012656956182582e-14,0.9951381670690422,2.7755575615628914e-16,2
Type3,0.13057,0.52,F=0.446541969234,0.4465419692336102,0.61,0,5411,8.326672684688674e-17,1.6653345369377348e-16,5.012656956182582e-14,0.9951381670690422,2.220446049250313e-16,2
Type3,0.13057,0.54,F=0.446541969234,0.4465419692336102,0.595,0,5410,8.326672684688674e-17,1.6653345369377348e-16,5.012656956182582e-14,0.9951381670690422,2.220446049250313e-16,2
Type3,0.13057,0.56,F=0.446541969234,0.4465419692336102,0.58,0,5410,8.326672684688674e-17,1.6653345369377348e-16,5.012656956182582e-14,0.9951381670690422,2.498001805406602e-16,2
Type3,0.13057,0.58,F=0.446541969234,0.4465419692336102,0.5650000000000001,0,5409,8.326672684688674e-17,1.6653345369377348e-16,5.012656956182582e-14,0.9951381670690422,2.7755575615628914e-16,2
Type3,0.13057,0.6,F=0.446541969234,0.4465419692336102,0.55,0,5407,8.326672684688674e-17,1.6653345369377348e-16,5.012656956182582e-14,0.9951381670690422,2.7755575615628914e-16,2
Type3,0.13057,0.62,F=0.446541969234,0.4465419692336102,0.535,0,5405,8.326672684688674e-17,1.6653345369377348e-16,5.012656956182582e-14,0.9951381670690422,2.220446049250313e-16,2
Type3,0.13057,0.64,F=0.446541969234,0.4465419692336102,0.52,0,5402,8.326672684688674e-17,1.6653345369377348e-16,5.012656956182582e-14,0.9951381670690422,2.220446049250313e-16,2
Type3,0.13057,0.66,F=0.446541969234,0.4465419692336102,0.505,0,5398,8.326672684688674e-17,1.6653345369377348e-16,5.012656956182582e-14,0.9951381670690422,2.220446049250313e-16,2
Type3,0.13057,0.68,F=0.446541969234,0.4465419692336102,0.49,0,5390,8.326672684688674e-17,1.6653345369377348e-16,5.012656956182582e-14,0.9951381670690422,2.220446049250313e-16,2
Type3,0.13057,0.7,F=0.446541969234,0.4465419692336102,0.4750000000000001,0,5375,8.326672684688674e-17,1.6653345369377348e-16,5.012656956182582e-14,0.9951381670690422,2.220446049250313e-16,2
Type3,0.13057,0.72,F=0.446541969234,0.4465419692336102,0.45999999999999996,0,5331,8.326672684688674e-17,1.6653345369377348e-16,5.012656956182582e-14,0.9951381670690422,2.220446049250313e-16,2
Type3,0.13057,0.74,F=0.446541969234,0.4465419692335529,0.4465419692335529,5064,5064,8.326672684688674e-17,1.6653345369377348e-16,2.7422508708241367e-14,0.9951381670690422,2.220446049250313e-16,2
Type3,0.13057,0.76,F=0.250000000000,0.25000000000000133,0.42999999999999994,0,615,5.551115123125783e-17,1.1102230246251565e-16,4.413136522884997e-15,0.9287146916253839,1.3877787807814457e-16,2
Type3,0.13057,0.78,F=0.250000000000,0.25000000000000133,0.41500000000000004,0,505,5.551115123125783e-17,1.1102230246251565e-16,4.413136522884997e-15,0.9287146916253839,1.1102230246251565e-16,2
Type3,0.13057,0.8,F=0.250000000000,0.25000000000000133,0.3999999999999999,0,474,5.551115123125783e-17,1.1102230246251565e-16,4.413136522884997e-15,0.9287146916253839,1.1102230246251565e-16,2
Type3,0.13057,0.82,F=0.250000000000,0.25000000000000133,0.385,0,458,5.551115123125783e-17,1.1102230246251565e-16,4.413136522884997e-15,0.9287146916253839,1.1102230246251565e-16,2
Type3,0.13057,0.84,F=0.250000000000,0.25000000000000133,0.37,0,447,5.551115123125783e-17,1.1102230246251565e-16,4.413136522884997e-15,0.9287146916253839,1.1102230246251565e-16,2
Type3,0.13057,0.86,F=0.250000000000,0.25000000000000133,0.355,0,439,5.551115123125783e-17,1.1102230246251565e-16,4.413136522884997e-15,0.9287146916253839,2.220446049250313e-16,2
Type3,0.13057,0.88,F=0.250000000000,0.25000000000000133,0.33999999999999997,0,433,5.551115123125783e-17,1.1102230246251565e-16,4.413136522884997e-15,0.9287146916253839,1.6653345369377348e-16,2
Type3,0.13057,0.9,F=0.250000000000,0.25000000000000133,0.32499999999999996,0,428,5.551115123125783e-17,1.1102230246251565e-16,4.413136522884997e-15,0.9287146916253839,1.1102230246251565e-16,2
Type3,0.13057,0.92,F=0.250000000000,0.25000000000000133,0.30999999999999994,0,422,5.551115123125783e-17,1.1102230246251565e-16,4.413136522884997e-15,0.9287146916253839,1.1102230246251565e-16,2
Type3,0.13057,0.94,F=0.250000000000,0.25000000000000133,0.29500000000000004,0,416,5.551115123125783e-17,1.1102230246251565e-16,4.413136522884997e-15,0.9287146916253839,8.326672684688674e-17,2
Type3,0.13057,0.96,F=0.250000000000,0.25000000000000133,0.28,0,409,5.551115123125783e-17,1.1102230246251565e-16,4.413136522884997e-15,0.9287146916253839,1.1102230246251565e-16,2
Type3,0.13057,0.98,F=0.250000000000,0.25000000000000133,0.265,0,398,5.551115123125783e-17,1.1102230246251565e-16,4.413136522884997e-15,0.9287146916253839,5.551115123125783e-17,2
Type3,0.13057,1.0,F=0.250000000000,0.25,0.25,0,1,0.0,0.0,0.0,0.9287146916253839,0.0,2
Type3,0.131,0.02,F=0.250000000000,0.25000000000000167,0.985,0,588,8.326672684688674e-17,1.1102230246251565e-16,5.773159728050814e-15,0.9262072659055873,2.220446049250313e-16,1
Type3,0.131,0.04,F=0.250000000000,0.25000000000000167,0.97,0,588,8.326672684688674e-17,1.1102230246251565e-16,5.773159728050814e-15,0.9262072659055873,2.220446049250313e-16,1
Type3,0.131,0.06,F=0.250000000000,0.25000000000000167,0.955,0,588,8.326672684688674e-17,1.1102230246251565e-16,5.773159728050814e-15,0.9262072659055873,2.7755575615628914e-16,1
Type3,0.131,0.08,F=0.250000000000,0.25000000000000167,0.94,0,587,8.326672684688674e-17,1.1102230246251565e-16,5.773159728050814e-15,0.9262072659055873,1.6653345369377348e-16,1
Type3,0.131,0.1,F=0.250000000000,0.25000000000000167,0.925,0,587,8.326672684688674e-17,1.1102230246251565e-16,5.773159728050814e-15,0.9262072659055873,2.220446049250313e-16,1
Type3,0.131,0.12,F=0.250000000000,0.25000000000000167,0.91,0,587,8.326672684688674e-17,1.1102230246251565e-16,5.773159728050814e-15,0.9262072659055873,1.6653345369377348e-16,1
Type3,0.131,0.14,F=0.250000000000,0.25000000000000167,0.895,0,587,8.326672684688674e-17,1.1102230246251565e-16,5.773159728050814e-15,0.9262072659055873,1.6653345369377348e-16,1
Type3,0.131,0.16,F=0.250000000000,0.25000000000000167,0.88,0,587,8.326672684688674e-17,1.1102230246251565e-16,5.773159728050814e-15,0.9262072659055873,1.1102230246251565e-16,1
Type3,0.131,0.18,F=0.250000000000,0.25000000000000167,0.865,0,587,8.326672684688674e-17,1.1102230246251565e-16,5.773159728050814e-15,0.9262072659055873,2.498001805406602e-16,1
Type3,0.131,0.2,F=0.250000000000,0.25000000000000167,0.85,0,587,8.326672684688674e-17,1.1102230246251565e-16,5.773159728050814e-15,0.9262072659055873,2.220446049250313e-16,1
Type3,0.131,0.22,F=0.250000000000,0.25000000000000167,0.835,0,587,8.326672684688674e-17,1.1102230246251565e-16,5.773159728050814e-15,0.9262072659055873,2.220446049250313e-16,1
Type3,0.131,0.24,F=0.250000000000,0.25000000000000167,0.8200000000000001,0,587,8.326672684688674e-17,1.1102230246251565e-16,5.773159728050814e-15,0.9262072659055873,2.220446049250313e-16,1
Type3,0.131,0.26,F=0.250000000000,0.25000000000000167,0.8049999999999999,0,587,8.326672684688674e-17,1.1102230246251565e-16,5.773159728050814e-15,0.9262072659055873,1.6653345369377348e-16,1
Type3,0.131,0.28,F=0.250000000000,0.25000000000000167,0.79,0,587,8.326672684688674e-17,1.1102230246251565e-16,5.773159728050814e-15,0.9262072659055873,1.3877787807814457e-16,1
Type3,0.131,0.3,F=0.250000000000,0.25000000000000167,0.775,0,587,8.326672684688674e-17,1.1102230246251565e-16,5.773159728050814e-15,0.9262072659055873,1.6653345369377348e-16,1
Type3,0.131,0.32,F=0.250000000000,0.25000000000000167,0.76,0,587,8.326672684688674e-17,1.1102230246251565e-16,5.773159728050814e-15,0.9262072659055873,1.6653345369377348e-16,1
Type3,0.131,0.34,F=0.250000000000,0.25000000000000167,0.745,0,587,8.326672684688674e-17,1.1102230246251565e-16,5.773159728050814e-15,0.9262072659055873,1.1102230246251565e-16,1
Type3,0.131,0.36,F=0.250000000000,0.25000000000000167,0.73,0,587,8.326672684688674e-17,1.1102230246251565e-16,5.773159728050814e-15,0.9262072659055873,2.220446049250313e-16,1
Type3,0.131,0.38,F=0.250000000000,0.25000000000000167,0.715,0,586,8.326672684688674e-17,1.1102230246251565e-16,5.773159728050814e-15,0.9262072659055873,1.1102230246251565e-16,1
Type3,0.131,0.4,F=0.250000000000,0.25000000000000167,0.7,0,586,8.326672684688674e-17,1.1102230246251565e-16,5.773159728050814e-15,0.9262072659055873,2.220446049250313e-16,1
Type3,0.131,0.42,F=0.250000000000,0.25000000000000167,0.685,0,586,8.326672684688674e-17,1.1102230246251565e-16,5.773159728050814e-15,0.9262072659055873,1.6653345369377348e-16,1
Type3,0.131,0.44,F=0.250000000000,0.25000000000000167,0.6699999999999999,0,586,8.326672684688674e-17,1.1102230246251565e-16,5.773159728050814e-15,0.9262072659055873,2.7755575615628914e-16,1
Type3,0.131,0.46,F=0.250000000000,0.25000000000000167,0.655,0,585,8.326672684688674e-17,1.1102230246251565e-16,5.773159728050814e-15,0.9262072659055873,2.220446049250313e-16,1
Type3,0.131,0.48,F=0.250000000000,0.25000000000000167,0.64,0,585,8.326672684688674e-17,1.1102230246251565e-16,5.773159728050814e-15,0.9262072659055873,2.220446049250313e-16,1
Type3,0.131,0.5,F=0.250000000000,0.25000000000000167,0.625,0,585,8.326672684688674e-17,1.1102230246251565e-16,5.773159728050814e-15,0.9262072659055873,1.1102230246251565e-16,1
Type3,0.131,0.52,F=0.250000000000,0.25000000000000167,0.61,0,584,8.326672684688674e-17,1.1102230246251565e-16,5.773159728050814e-15,0.9262072659055873,2.220446049250313e-16,1
Type3,0.131,0.54,F=0.250000000000,0.25000000000000167,0.595,0,584,8.326672684688674e-17,1.1102230246251565e-16,5.773159728050814e-15,0.9262072659055873,2.220446049250313e-16,1
Type3,0.131,0.56,F=0.250000000000,0.25000000000000167,0.58,0,583,8.326672684688674e-17,1.1102230246251565e-16,5.773159728050814e-15,0.9262072659055873,2.220446049250313e-16,1
Type3,0.131,0.58,F=0.250000000000,0.25000000000000167,0.5650000000000001,0,582,8.326672684688674e-17,1.1102230246251565e-16,5.773159728050814e-15,0.9262072659055873,1.1102230246251565e-16,1
Type3,0.131,0.6,F=0.250000000000,0.25000000000000167,0.55,0,581,8.326672684688674e-17,1.1102230246251565e-16,5.773159728050814e-15,0.9262072659055873,1.942890293094024e-16,1
Type3,0.131,0.62,F=0.250000000000,0.25000000000000167,0.535,0,579,8.326672684688674e-17,1.1102230246251565e-16,5.773159728050814e-15,0.9262072659055873,2.498001805406602e-16,1
Type3,0.131,0.64,F=0.250000000000,0.25000000000000167,0.52,0,576,8.326672684688674e-17,1.1102230246251565e-16,5.773159728050814e-15,0.9262072659055873,2.220446049250313e-16,1
Type3,0.131,0.66,F=0.250000000000,0.25000000000000167,0.505,0,573,8.326672684688674e-17,1.1102230246251565e-16,5.773159728050814e-15,0.9262072659055873,1.6653345369377348e-16,1
Type3,0.131,0.68,F=0.250000000000,0.25000000000000167,0.49,0,567,8.326672684688674e-17,1.1102230246251565e-16,5.773159728050814e-15,0.9262072659055873,2.220446049250313e-16,1
Type3,0.131,0.7,F=0.250000000000,0.25000000000000167,0.4750000000000001,0,558,8.326672684688674e-17,1.1102230246251565e-16,5.773159728050814e-15,0.9262072659055873,2.220446049250313e-16,1
Type3,0.131,0.72,F=0.250000000000,0.25000000000000167,0.45999999999999996,0,542,8.326672684688674e-17,1.1102230246251565e-16,5.773159728050814e-15,0.9262072659055873,1.3877787807814457e-16,1
Type3,0.131,0.74,F=0.250000000000,0.25000000000000167,0.44500000000000006,0,516,8.326672684688674e-17,1.1102230246251565e-16,5.773159728050814e-15,0.9262072659055873,1.6653345369377348e-16,1
Type3,0.131,0.76,F=0.250000000000,0.25000000000000167,0.42999999999999994,0,487,8.326672684688674e-17,1.1102230246251565e-16,5.773159728050814e-15,0.9262072659055873,1.1102230246251565e-16,1
Type3,0.131,0.78,F=0.250000000000,0.25000000000000167,0.41500000000000004,0,463,8.326672684688674e-17,1.1102230246251565e-16,5.773159728050814e-15,0.9262072659055873,1.1102230246251565e-16,1
Type3,0.131,0.8,F=0.250000000000,0.25000000000000167,0.3999999999999999,0,446,8.326672684688674e-17,1.1102230246251565e-16,5.773159728050814e-15,0.9262072659055873,1.1102230246251565e-16,1
Type3,0.131,0.82,F=0.250000000000,0.25000000000000167,0.385,0,435,8.326672684688674e-17,1.1102230246251565e-16,5.773159728050814e-15,0.9262072659055873,8.326672684688674e-17,1
Type3,0.131,0.84,F=0.250000000000,0.25000000000000167,0.37,0,426,8.326672684688674e-17,1.1102230246251565e-16,5.773159728050814e-15,0.9262072659055873,3.3306690738754696e-16,1
Type3,0.131,0.86,F=0.250000000000,0.25000000000000167,0.355,0,420,8.326672684688674e-17,1.1102230246251565e-16,5.773159728050814e-15,0.9262072659055873,1.3877787807814457e-16,1
Type3,0.131,0.88,F=0.250000000000,0.25000000000000167,0.33999999999999997,0,414,8.326672684688674e-17,1.1102230246251565e-16,5.773159728050814e-15,0.9262072659055873,2.220446049250313e-16,1
Type3,0.131,0.9,F=0.250000000000,0.25000000000000167,0.32499999999999996,0,409,8.326672684688674e-17,1.1102230246251565e-16,5.773159728050814e-15,0.9262072659055873,8.326672684688674e-17,1
Type3,0.131,0.92,F=0.250000000000,0.25000000000000167,0.30999999999999994,0,403,8.326672684688674e-17,1.1102230246251565e-16,5.773159728050814e-15,0.9262072659055873,8.326672684688674e-17,1
Type3,0.131,0.94,F=0.250000000000,0.25000000000000167,0.29500000000000004,0,398,8.326672684688674e-17,1.1102230246251565e-16,5.773159728050814e-15,0.9262072659055873,2.220446049250313e-16,1
Type3,0.131,0.96,F=0.250000000000,0.25000000000000167,0.28,0,391,8.326672684688674e-17,1.1102230246251565e-16,5.773159728050814e-15,0.9262072659055873,1.1102230246251565e-16,1
Type3,0.131,0.98,F=0.250000000000,0.25000000000000167,0.265,0,380,8.326672684688674e-17,1.1102230246251565e-16,5.773159728050814e-15,0.9262072659055873,8.326672684688674e-17,1
Type3,0.131,1.0,F=0.250000000000,0.25,0.25,0,1,0.0,0.0,0.0,0.9262072659055873,0.0,1
Type3,0.14,0.02,F=0.250000000000,0.25000000000000067,0.985,0,263,8.326672684688674e-17,8.326672684688674e-17,2.220446049250313e-15,0.874994252736,1.1102230246251565e-16,1
Type3,0.14,0.04,F=0.250000000000,0.25000000000000067,0.97,0,263,8.326672684688674e-17,8.326672684688674e-17,2.220446049250313e-15,0.874994252736,1.3877787807814457e-16,1
Type3,0.14,0.06,F=0.250000000000,0.25000000000000067,0.955,0,263,8.326672684688674e-17,8.326672684688674e-17,2.220446049250313e-15,0.874994252736,1.1102230246251565e-16,1
Type3,0.14,0.08,F=0.250000000000,0.25000000000000067,0.94,0,263,8.326672684688674e-17,8.326672684688674e-17,2.220446049250313e-15,0.874994252736,1.1102230246251565e-16,1
Type3,0.14,0.1,F=0.250000000000,0.25000000000000067,0.925,0,263,8.326672684688674e-17,8.326672684688674e-17,2.220446049250313e-15,0.874994252736,1.1102230246251565e-16,1
Type3,0.14,0.12,F=0.250000000000,0.25000000000000067,0.91,0,263,8.326672684688674e-17,8.326672684688674e-17,2.220446049250313e-15,0.874994252736,1.1102230246251565e-16,1
Type3,0.14,0.14,F=0.250000000000,0.25000000000000067,0.895,0,263,8.326672684688674e-17,8.326672684688674e-17,2.220446049250313e-15,0.874994252736,1.1102230246251565e-16,1
Type3,0.14,0.16,F=0.250000000000,0.25000000000000067,0.88,0,263,8.326672684688674e-17,8.326672684688674e-17,2.220446049250313e-15,0.874994252736,1.6653345369377348e-16,1
Type3,0.14,0.18,F=0.250000000000,0.2500000000000006,0.865,0,263,8.326672684688674e-17,5.551115123125783e-17,1.9984014443252818e-15,0.874994252736,8.326672684688674e-17,1
Type3,0.14,0.2,F=0.250000000000,0.2500000000000006,0.85,0,263,8.326672684688674e-17,5.551115123125783e-17,1.9984014443252818e-15,0.874994252736,8.326672684688674e-17,1
Type3,0.14,0.22,F=0.250000000000,0.2500000000000006,0.835,0,263,8.326672684688674e-17,5.551115123125783e-17,1.9984014443252818e-15,0.874994252736,8.326672684688674e-17,1
Type3,0.14,0.24,F=0.250000000000,0.2500000000000006,0.8200000000000001,0,263,8.326672684688674e-17,5.551115123125783e-17,1.9984014443252818e-15,0.874994252736,2.220446049250313e-16,1
Type3,0.14,0.26,F=0.250000000000,0.2500000000000006,0.8049999999999999,0,263,8.326672684688674e-17,5.551115123125783e-17,1.9984014443252818e-15,0.874994252736,2.220446049250313e-16,1
Type3,0.14,0.28,F=0.250000000000,0.2500000000000006,0.79,0,263,8.326672684688674e-17,5.551115123125783e-17,1.9984014443252818e-15,0.874994252736,8.326672684688674e-17,1
Type3,0.14,0.3,F=0.250000000000,0.2500000000000006,0.775,0,263,8.326672684688674e-17,5.551115123125783e-17,1.9984014443252818e-15,0.874994252736,1.6653345369377348e-16,1
Type3,0.14,0.32,F=0.250000000000,0.2500000000000006,0.76,0,263,8.326672684688674e-17,5.551115123125783e-17,1.9984014443252818e-15,0.874994252736,1.942890293094024e-16,1
Type3,0.14,0.34,F=0.250000000000,0.2500000000000006,0.745,0,263,8.326672684688674e-17,5.551115123125783e-17,1.9984014443252818e-15,0.874994252736,2.220446049250313e-16,1
Type3,0.14,0.36,F=0.250000000000,0.25000000000000067,0.73,0,262,8.326672684688674e-17,8.326672684688674e-17,2.220446049250313e-15,0.874994252736,1.3877787807814457e-16,1
Type3,0.14,0.38,F=0.250000000000,0.25000000000000067,0.715,0,262,8.326672684688674e-17,8.326672684688674e-17,2.220446049250313e-15,0.874994252736,1.1102230246251565e-16,1
Type3,0.14,0.4,F=0.250000000000,0.25000000000000067,0.7,0,262,8.326672684688674e-17,8.326672684688674e-17,2.220446049250313e-15,0.874994252736,1.6653345369377348e-16,1
Type3,0.14,0.42,F=0.250000000000,0.2500000000000006,0.685,0,262,8.326672684688674e-17,5.551115123125783e-17,1.9984014443252818e-15,0.874994252736,1.942890293094024e-16,1
Type3,0.14,0.44,F=0.250000000000,0.2500000000000006,0.6699999999999999,0,262,8.326672684688674e-17,5.551115123125783e-17,1.9984014443252818e-15,0.874994252736,8.326672684688674e-17,1
Type3,0.14,0.46,F=0.250000000000,0.2500000000000006,0.655,0,262,8.326672684688674e-17,5.551115123125783e-17,1.9984014443252818e-15,0.874994252736,1.1102230246251565e-16,1
Type3,0.14,0.48,F=0.250000000000,0.25000000000000067,0.64,0,261,8.326672684688674e-17,8.326672684688674e-17,2.220446049250313e-15,0.874994252736,1.6653345369377348e-16,1
Type3,0.14,0.5,F=0.250000000000,0.25000000000000067,0.625,0,261,8.326672684688674e-17,8.326672684688674e-17,2.220446049250313e-15,0.874994252736,1.1102230246251565e-16,1
Type3,0.14,0.52,F=0.250000000000,0.2500000000000006,0.61,0,261,8.326672684688674e-17,5.551115123125783e-17,1.9984014443252818e-15,0.874994252736,1.1102230246251565e-16,1
Type3,0.14,0.54,F=0.250000000000,0.25000000000000067,0.595,0,260,8.326672684688674e-17,8.326672684688674e-17,2.220446049250313e-15,0.874994252736,1.3877787807814457e-16,1
Type3,0.14,0.56,F=0.250000000000,0.25000000000000067,0.58,0,260,8.326672684688674e-17,8.326672684688674e-17,2.220446049250313e-15,0.874994252736,2.220446049250313e-16,1
Type3,0.14,0.58,F=0.250000000000,0.2500000000000006,0.5650000000000001,0,260,8.326672684688674e-17,5.551115123125783e-17,1.9984014443252818e-15,0.874994252736,1.3877787807814457e-16,1
Type3,0.14,0.6,F=0.250000000000,0.25000000000000067,0.55,0,259,8.326672684688674e-17,8.326672684688674e-17,2.220446049250313e-15,0.874994252736,8.326672684688674e-17,1
Type3,0.14,0.62,F=0.250000000000,0.2500000000000006,0.535,0,259,8.326672684688674e-17,5.551115123125783e-17,1.9984014443252818e-15,0.874994252736,1.6653345369377348e-16,1
Type3,0.14,0.64,F=0.250000000000,0.2500000000000006,0.52,0,258,8.326672684688674e-17,5.551115123125783e-17,1.9984014443252818e-15,0.874994252736,1.1102230246251565e-16,1
Type3,0.14,0.66,F=0.250000000000,0.2500000000000006,0.505,0,257,8.326672684688674e-17,5.551115123125783e-17,1.9984014443252818e-15,0.874994252736,8.326672684688674e-17,1
Type3,0.14,0.68,F=0.250000000000,0.25000000000000067,0.49,0,256,8.326672684688674e-17,8.326672684688674e-17,2.220446049250313e-15,0.874994252736,1.1102230246251565e-16,1
Type3,0.14,0.7,F=0.250000000000,0.2500000000000006,0.4750000000000001,0,255,8.326672684688674e-17,5.551115123125783e-17,1.9984014443252818e-15,0.874994252736,1.6653345369377348e-16,1
Type3,0.14,0.72,F=0.250000000000,0.2500000000000006,0.45999999999999996,0,254,8.326672684688674e-17,5.551115123125783e-17,1.9984014443252818e-15,0.874994252736,8.326672684688674e-17,1
Type3,0.14,0.74,F=0.250000000000,0.2500000000000006,0.44500000000000006,0,253,8.326672684688674e-17,5.551115123125783e-17,1.9984014443252818e-15,0.874994252736,8.326672684688674e-17,1
Type3,0.14,0.76,F=0.250000000000,0.25000000000000067,0.42999999999999994,0,251,8.326672684688674e-17,8.326672684688674e-17,2.220446049250313e-15,0.874994252736,5.551115123125783e-17,1
Type3,0.14,0.78,F=0.250000000000,0.2500000000000006,0.41500000000000004,0,250,8.326672684688674e-17,5.551115123125783e-17,1.9984014443252818e-15,0.874994252736,1.1102230246251565e-16,1
Type3,0.14,0.8,F=0.250000000000,0.25000000000000067,0.3999999999999999,0,248,8.326672684688674e-17,8.326672684688674e-17,2.220446049250313e-15,0.874994252736,1.1102230246251565e-16,1
Type3,0.14,0.82,F=0.250000000000,0.2500000000000006,0.385,0,247,8.326672684688674e-17,5.551115123125783e-17,1.9984014443252818e-15,0.874994252736,8.326672684688674e-17,1
Type3,0.14,0.84,F=0.250000000000,0.2500000000000006,0.37,0,245,8.326672684688674e-17,5.551115123125783e-17,1.9984014443252818e-15,0.874994252736,2.220446049250313e-16,1
Type3,0.14,0.86,F=0.250000000000,0.2500000000000006,0.355,0,243,8.326672684688674e-17,5.551115123125783e-17,1.9984014443252818e-15,0.874994252736,8.326672684688674e-17,1
Type3,0.14,0.88,F=0.250000000000,0.25000000000000067,0.33999999999999997,0,241,8.326672684688674e-17,8.326672684688674e-17,2.220446049250313e-15,0.874994252736,8.326672684688674e-17,1
Type3,0.14,0.9,F=0.250000000000,0.2500000000000006,0.32499999999999996,0,239,8.326672684688674e-17,5.551115123125783e-17,1.9984014443252818e-15,0.874994252736,8.326672684688674e-17,1
Type3,0.14,0.92,F=0.250000000000,0.2500000000000006,0.30999999999999994,0,237,8.326672684688674e-17,5.551115123125783e-17,1.9984014443252818e-15,0.874994252736,8.326672684688674e-17,1
Type3,0.14,0.94,F=0.250000000000,0.2500000000000006,0.29500000000000004,0,234,8.326672684688674e-17,5.551115123125783e-17,1.9984014443252818e-15,0.874994252736,1.1102230246251565e-16,1
Type3,0.14,0.96,F=0.250000000000,0.2500000000000006,0.28,0,230,8.326672684688674e-17,5.551115123125783e-17,1.9984014443252818e-15,0.874994252736,8.326672684688674e-17,1
Type3,0.14,0.98,F=0.250000000000,0.25000000000000067,0.265,0,224,8.326672684688674e-17,8.326672684688674e-17,2.220446049250313e-15,0.874994252736,8.326672684688674e-17,1
Type3,0.14,1.0,F=0.250000000000,0.25,0.25,0,1,0.0,0.0,0.0,0.874994252736,0.0,1
Type4,0.05,0.02,F=0.908137508560,0.9081375085603516,0.985,0,200000,2.220446049250313e-16,1.1102230246251565e-16,2.220446049250313e-16,0.11897713979043387,2.220446049250313e-16,1
Type4,0.05,0.04,F=0.908137508560,0.9081375085603517,0.97,0,200000,1.1102230246251565e-16,1.1102230246251565e-16,1.1102230246251565e-16,0.11897713979043387,2.220446049250313e-16,1
Type4,0.05,0.06,F=0.908137508560,0.9081375085603517,0.955,0,200000,1.1102230246251565e-16,1.1102230246251565e-16,1.1102230246251565e-16,0.11897713979043387,0.0,1
Type4,0.05,0.08,F=0.908137508560,0.9081375085603518,0.94,0,200000,1.1102230246251565e-16,2.220446049250313e-16,1.1102230246251565e-16,0.11897713979043387,2.220446049250313e-16,1
Type4,0.05,0.1,F=0.908137508560,0.9081375085603517,0.925,0,200000,1.1102230246251565e-16,1.1102230246251565e-16,1.1102230246251565e-16,0.11897713979043387,2.220446049250313e-16,1
Type4,0.05,0.12,F=0.908137508560,0.9081375085603518,0.91,0,200000,1.1102230246251565e-16,2.220446049250313e-16,1.1102230246251565e-16,0.11897713979043387,0.0,1
Type4,0.05,0.14,F=0.908137508560,0.9081375085603516,0.9081375085603516,15,16,0.0,0.0,3.3306690738754696e-16,0.11897713979043387,2.220446049250313e-16,1
Type4,0.05,0.16,F=0.908137508560,0.9081375085603517,0.9081375085603518,18,200000,1.1102230246251565e-16,1.1102230246251565e-16,1.1102230246251565e-16,0.11897713979043387,2.220446049250313e-16,1
Type4,0.05,0.18,F=0.908137508560,0.9081375085603517,0.9081375085603518,18,200000,1.1102230246251565e-16,1.1102230246251565e-16,1.1102230246251565e-16,0.11897713979043387,0.0,1
Type4,0.05,0.2,F=0.908137508560,0.9081375085603516,0.9081375085603516,16,17,0.0,0.0,3.3306690738754696e-16,0.11897713979043387,2.220446049250313e-16,1
Type4,0.05,0.22,F=0.908137508560,0.9081375085603517,0.9081375085603518,18,200000,1.1102230246251565e-16,1.1102230246251565e-16,1.1102230246251565e-16,0.11897713979043387,2.220446049250313e-16,1
Type4,0.05,0.24,F=0.908137508560,0.9081375085603517,0.9081375085603518,18,200000,1.1102230246251565e-16,1.1102230246251565e-16,1.1102230246251565e-16,0.11897713979043387,2.220446049250313e-16,1
Type4,0.05,0.26,F=0.908137508560,0.9081375085603517,0.9081375085603518,18,200000,1.1102230246251565e-16,1.1102230246251565e-16,1.1102230246251565e-16,0.11897713979043387,2.220446049250313e-16,1
Type4,0.05,0.28,F=0.908137508560,0.9081375085603516,0.9081375085603518,19,200000,2.220446049250313e-16,1.1102230246251565e-16,2.220446049250313e-16,0.11897713979043387,2.220446049250313e-16,1
Type4,0.05,0.3,F=0.908137508560,0.9081375085603516,0.9081375085603518,19,200000,2.220446049250313e-16,1.1102230246251565e-16,2.220446049250313e-16,0.11897713979043387,2.220446049250313e-16,1
Type4,0.05,0.32,F=0.908137508560,0.9081375085603516,0.9081375085603518,19,200000,2.220446049250313e-16,1.1102230246251565e-16,2.220446049250313e-16,0.11897713979043387,2.220446049250313e-16,1
Type4,0.05,0.34,F=0.908137508560,0.9081375085603517,0.9081375085603518,18,200000,1.1102230246251565e-16,1.1102230246251565e-16,1.1102230246251565e-16,0.11897713979043387,2.220446049250313e-16,1
Type4,0.05,0.36,F=0.908137508560,0.9081375085603516,0.9081375085603518,19,200000,2.220446049250313e-16,1.1102230246251565e-16,2.220446049250313e-16,0.11897713979043387,0.0,1
Type4,0.05,0.38,F=0.908137508560,0.9081375085603516,0.9081375085603518,19,200000,2.220446049250313e-16,1.1102230246251565e-16,2.220446049250313e-16,0.11897713979043387,2.220446049250313e-16,1
Type4,0.05,0.4,F=0.908137508560,0.9081375085603516,0.9081375085603516,17,18,0.0,0.0,3.3306690738754696e-16,0.11897713979043387,2.220446049250313e-16,1
Type4,0.05,0.42,F=0.908137508560,0.9081375085603516,0.9081375085603518,19,200000,2.220446049250313e-16,1.1102230246251565e-16,2.220446049250313e-16,0.11897713979043387,2.220446049250313e-16,1
Type4,0.05,0.44,F=0.908137508560,0.9081375085603516,0.9081375085603518,19,200000,2.220446049250313e-16,1.1102230246251565e-16,2.220446049250313e-16,0.11897713979043387,2.220446049250313e-16,1
Type4,0.05,0.46,F=0.908137508560,0.9081375085603516,0.9081375085603518,19,200000,2.220446049250313e-16,1.1102230246251565e-16,2.220446049250313e-16,0.11897713979043387,2.220446049250313e-16,1
Type4,0.05,0.48,F=0.908137508560,0.9081375085603516,0.9081375085603518,19,200000,2.220446049250313e-16,1.1102230246251565e-16,2.220446049250313e-16,0.11897713979043387,2.220446049250313e-16,1
Type4,0.05,0.5,F=0.908137508560,0.9081375085603518,0.9081375085603518,20,200000,1.1102230246251565e-16,2.220446049250313e-16,1.1102230246251565e-16,0.11897713979043387,2.220446049250313e-16,1
Type4,0.05,0.52,F=0.908137508560,0.9081375085603518,0.9081375085603518,20,200000,1.1102230246251565e-16,2.220446049250313e-16,1.1102230246251565e-16,0.11897713979043387,2.220446049250313e-16,1
Type4,0.05,0.54,F=0.908137508560,0.9081375085603518,0.9081375085603518,20,200000,1.1102230246251565e-16,2.220446049250313e-16,1.1102230246251565e-16,0.11897713979043387,0.0,1
Type4,0.05,0.56,F=0.908137508560,0.9081375085603518,0.9081375085603518,20,200000,1.1102230246251565e-16,2.220446049250313e-16,1.1102230246251565e-16,0.11897713979043387,0.0,1
Type4,0.05,0.58,F=0.908137508560,0.9081375085603516,0.9081375085603518,19,200000,2.220446049250313e-16,1.1102230246251565e-16,2.220446049250313e-16,0.11897713979043387,2.220446049250313e-16,1
Type4,0.05,0.6,F=0.908137508560,0.9081375085603518,0.9081375085603518,20,200000,1.1102230246251565e-16,2.220446049250313e-16,1.1102230246251565e-16,0.11897713979043387,2.220446049250313e-16,1
Type4,0.05,0.62,F=0.908137508560,0.9081375085603516,0.9081375085603516,18,19,0.0,0.0,3.3306690738754696e-16,0.11897713979043387,2.220446049250313e-16,1
Type4,0.05,0.64,F=0.908137508560,0.9081375085603518,0.9081375085603518,20,200000,1.1102230246251565e-16,2.220446049250313e-16,1.1102230246251565e-16,0.11897713979043387,0.0,1
Type4,0.05,0.66,F=0.908137508560,0.9081375085603518,0.9081375085603518,20,200000,1.1102230246251565e-16,2.220446049250313e-16,1.1102230246251565e-16,0.11897713979043387,2.220446049250313e-16,1
Type4,0.05,0.68,F=0.908137508560,0.9081375085603516,0.9081375085603516,18,19,0.0,0.0,3.3306690738754696e-16,0.11897713979043387,0.0,1
Type4,0.05,0.7,F=0.908137508560,0.9081375085603518,0.9081375085603518,20,200000,1.1102230246251565e-16,2.220446049250313e-16,1.1102230246251565e-16,0.11897713979043387,2.220446049250313e-16,1
Type4,0.05,0.72,F=0.908137508560,0.9081375085603517,0.9081375085603518,21,200000,1.1102230246251565e-16,1.1102230246251565e-16,1.1102230246251565e-16,0.11897713979043387,2.220446049250313e-16,1
Type4,0.05,0.74,F=0.908137508560,0.9081375085603517,0.9081375085603518,21,200000,1.1102230246251565e-16,1.1102230246251565e-16,1.1102230246251565e-16,0.11897713979043387,2.220446049250313e-16,1
Type4,0.05,0.76,F=0.908137508560,0.9081375085603518,0.9081375085603518,20,200000,1.1102230246251565e-16,2.220446049250313e-16,1.1102230246251565e-16,0.11897713979043387,2.220446049250313e-16,1
Type4,0.05,0.78,F=0.908137508560,0.9081375085603517,0.9081375085603518,21,200000,1.1102230246251565e-16,1.1102230246251565e-16,1.1102230246251565e-16,0.11897713979043387,2.220446049250313e-16,1
Type4,0.05,0.8,F=0.908137508560,0.9081375085603516,0.9081375085603516,19,20,0.0,0.0,3.3306690738754696e-16,0.11897713979043387,2.220446049250313e-16,1
Type4,0.05,0.82,F=0.908137508560,0.9081375085603516,0.9081375085603516,19,20,0.0,0.0,3.3306690738754696e-16,0.11897713979043387,2.220446049250313e-16,1
Type4,0.05,0.84,F=0.908137508560,0.9081375085603517,0.9081375085603518,21,200000,1.1102230246251565e-16,1.1102230246251565e-16,1.1102230246251565e-16,0.11897713979043387,2.220446049250313e-16,1
Type4,0.05,0.86,F=0.908137508560,0.9081375085603516,0.9081375085603518,22,200000,2.220446049250313e-16,1.1102230246251565e-16,2.220446049250313e-16,0.11897713979043387,4.440892098500626e-16,1
Type4,0.05,0.88,F=0.908137508560,0.9081375085603516,0.9081375085603516,20,21,0.0,0.0,3.3306690738754696e-16,0.11897713979043387,0.0,1
Type4,0.05,0.9,F=0.908137508560,0.9081375085603516,0.9081375085603518,22,200000,2.220446049250313e-16,1.1102230246251565e-16,2.220446049250313e-16,0.11897713979043387,0.0,1
Type4,0.05,0.92,F=0.908137508560,0.9081375085603518,0.9081375085603518,23,200000,1.1102230246251565e-16,2.220446049250313e-16,1.1102230246251565e-16,0.11897713979043387,2.220446049250313e-16,1
Type4,0.05,0.94,F=0.908137508560,0.9081375085603518,0.9081375085603518,23,200000,1.1102230246251565e-16,2.220446049250313e-16,1.1102230246251565e-16,0.11897713979043387,2.220446049250313e-16,1
Type4,0.05,0.96,F=0.908137508560,0.9081375085603516,0.9081375085603516,22,23,0.0,0.0,3.3306690738754696e-16,0.11897713979043387,8.326672684688674e-17,1
Type4,0.05,0.98,F=0.908137508560,0.9081375085603518,0.9081375085603518,26,200000,1.1102230246251565e-16,2.220446049250313e-16,1.1102230246251565e-16,0.11897713979043387,2.220446049250313e-16,1
Type4,0.05,1.0,unresolved,0.25,0.25,0,1,0.0,0.0,0.0,1.67188125,0.0,1
Type4,0.14,0.02,F=0.698577889403,0.6985778894027215,0.985,0,51,8.326672684688674e-17,5.551115123125783e-17,3.3306690738754696e-16,0.49307644734869055,2.220446049250313e-16,1
Type4,0.14,0.04,F=0.698577889403,0.6985778894027215,0.97,0,51,8.326672684688674e-17,5.551115123125783e-17,3.3306690738754696e-16,0.49307644734869055,2.220446049250313e-16,1
Type4,0.14,0.06,F=0.698577889403,0.6985778894027215,0.955,0,51,8.326672684688674e-17,5.551115123125783e-17,3.3306690738754696e-16,0.49307644734869055,2.220446049250313e-16,1
Type4,0.14,0.08,F=0.698577889403,0.6985778894027215,0.94,0,51,8.326672684688674e-17,5.551115123125783e-17,3.3306690738754696e-16,0.49307644734869055,2.220446049250313e-16,1
Type4,0.14,0.1,F=0.698577889403,0.6985778894027215,0.925,0,51,8.326672684688674e-17,5.551115123125783e-17,3.3306690738754696e-16,0.49307644734869055,2.220446049250313e-16,1
Type4,0.14,0.12,F=0.698577889403,0.6985778894027215,0.91,0,50,8.326672684688674e-17,5.551115123125783e-17,3.3306690738754696e-16,0.49307644734869055,2.220446049250313e-16,1
Type4,0.14,0.14,F=0.698577889403,0.6985778894027215,0.895,0,50,8.326672684688674e-17,5.551115123125783e-17,3.3306690738754696e-16,0.49307644734869055,2.220446049250313e-16,1
Type4,0.14,0.16,F=0.698577889403,0.6985778894027215,0.88,0,50,8.326672684688674e-17,5.551115123125783e-17,3.3306690738754696e-16,0.49307644734869055,2.220446049250313e-16,1
Type4,0.14,0.18,F=0.698577889403,0.6985778894027215,0.865,0,50,8.326672684688674e-17,5.551115123125783e-17,3.3306690738754696e-16,0.49307644734869055,2.220446049250313e-16,1
Type4,0.14,0.2,F=0.698577889403,0.6985778894027215,0.85,0,50,8.326672684688674e-17,5.551115123125783e-17,3.3306690738754696e-16,0.49307644734869055,2.220446049250313e-16,1
Type4,0.14,0.22,F=0.698577889403,0.6985778894027215,0.835,0,50,8.326672684688674e-17,5.551115123125783e-17,3.3306690738754696e-16,0.49307644734869055,2.220446049250313e-16,1
Type4,0.14,0.24,F=0.698577889403,0.6985778894027215,0.8200000000000001,0,50,8.326672684688674e-17,5.551115123125783e-17,3.3306690738754696e-16,0.49307644734869055,2.220446049250313e-16,1
Type4,0.14,0.26,F=0.698577889403,0.6985778894027215,0.8049999999999999,0,50,8.326672684688674e-17,5.551115123125783e-17,3.3306690738754696e-16,0.49307644734869055,2.220446049250313e-16,1
Type4,0.14,0.28,F=0.698577889403,0.6985778894027215,0.79,0,50,8.326672684688674e-17,5.551115123125783e-17,3.3306690738754696e-16,0.49307644734869055,4.440892098500626e-16,1
Type4,0.14,0.3,F=0.698577889403,0.6985778894027215,0.775,0,50,8.326672684688674e-17,5.551115123125783e-17,3.3306690738754696e-16,0.49307644734869055,2.220446049250313e-16,1
Type4,0.14,0.32,F=0.698577889403,0.6985778894027215,0.76,0,49,8.326672684688674e-17,5.551115123125783e-17,3.3306690738754696e-16,0.49307644734869055,2.220446049250313e-16,1
Type4,0.14,0.34,F=0.698577889403,0.6985778894027215,0.745,0,49,8.326672684688674e-17,5.551115123125783e-17,3.3306690738754696e-16,0.49307644734869055,2.220446049250313e-16,1
Type4,0.14,0.36,F=0.698577889403,0.6985778894027215,0.73,0,49,8.326672684688674e-17,5.551115123125783e-17,3.3306690738754696e-16,0.49307644734869055,2.220446049250313e-16,1
Type4,0.14,0.38,F=0.698577889403,0.6985778894027215,0.715,0,48,8.326672684688674e-17,5.551115123125783e-17,3.3306690738754696e-16,0.49307644734869055,2.220446049250313e-16,1
Type4,0.14,0.4,F=0.698577889403,0.6985778894027215,0.7,0,46,8.326672684688674e-17,5.551115123125783e-17,3.3306690738754696e-16,0.49307644734869055,2.220446049250313e-16,1
Type4,0.14,0.42,F=0.698577889403,0.6985778894027215,0.6985778894027215,44,46,5.551115123125783e-17,5.551115123125783e-17,3.3306690738754696e-16,0.49307644734869055,0.0,1
Type4,0.14,0.44,F=0.698577889403,0.6985778894027215,0.6985778894027215,46,48,5.551115123125783e-17,5.551115123125783e-17,3.3306690738754696e-16,0.49307644734869055,2.220446049250313e-16,1
Type4,0.14,0.46,F=0.698577889403,0.6985778894027215,0.6985778894027215,47,49,5.551115123125783e-17,5.551115123125783e-17,3.3306690738754696e-16,0.49307644734869055,2.220446049250313e-16,1
Type4,0.14,0.48,F=0.698577889403,0.6985778894027215,0.6985778894027215,47,49,5.551115123125783e-17,5.551115123125783e-17,3.3306690738754696e-16,0.49307644734869055,2.220446049250313e-16,1
Type4,0.14,0.5,F=0.698577889403,0.6985778894027215,0.6985778894027215,49,50,5.551115123125783e-17,5.551115123125783e-17,2.220446049250313e-16,0.49307644734869055,2.220446049250313e-16,1
Type4,0.14,0.52,F=0.698577889403,0.6985778894027215,0.6985778894027215,48,50,5.551115123125783e-17,5.551115123125783e-17,3.3306690738754696e-16,0.49307644734869055,1.1102230246251565e-16,1
Type4,0.14,0.54,F=0.698577889403,0.6985778894027215,0.6985778894027215,49,50,8.326672684688674e-17,5.551115123125783e-17,2.220446049250313e-16,0.49307644734869055,2.220446049250313e-16,1
Type4,0.14,0.56,F=0.698577889403,0.6985778894027215,0.6985778894027215,49,51,5.551115123125783e-17,5.551115123125783e-17,3.3306690738754696e-16,0.49307644734869055,2.220446049250313e-16,1
Type4,0.14,0.58,F=0.698577889403,0.6985778894027215,0.6985778894027215,49,51,5.551115123125783e-17,5.551115123125783e-17,3.3306690738754696e-16,0.49307644734869055,2.220446049250313e-16,1
Type4,0.14,0.6,F=0.698577889403,0.6985778894027215,0.6985778894027215,50,51,8.326672684688674e-17,5.551115123125783e-17,2.220446049250313e-16,0.49307644734869055,2.220446049250313e-16,1
Type4,0.14,0.62,F=0.698577889403,0.6985778894027215,0.6985778894027215,51,52,5.551115123125783e-17,5.551115123125783e-17,2.220446049250313e-16,0.49307644734869055,1.1102230246251565e-16,1
Type4,0.14,0.64,F=0.698577889403,0.6985778894027215,0.6985778894027215,51,52,5.551115123125783e-17,5.551115123125783e-17,2.220446049250313e-16,0.49307644734869055,2.220446049250313e-16,1
Type4,0.14,0.66,F=0.698577889403,0.6985778894027215,0.6985778894027215,51,52,5.551115123125783e-17,5.551115123125783e-17,2.220446049250313e-16,0.49307644734869055,2.220446049250313e-16,1
Type4,0.14,0.68,F=0.698577889403,0.6985778894027215,0.6985778894027215,52,53,5.551115123125783e-17,5.551115123125783e-17,2.220446049250313e-16,0.49307644734869055,1.1102230246251565e-16,1
Type4,0.14,0.7,F=0.698577889403,0.6985778894027215,0.6985778894027215,51,53,5.551115123125783e-17,5.551115123125783e-17,3.3306690738754696e-16,0.49307644734869055,2.220446049250313e-16,1
Type4,0.14,0.72,F=0.698577889403,0.6985778894027215,0.6985778894027215,52,53,5.551115123125783e-17,5.551115123125783e-17,2.220446049250313e-16,0.49307644734869055,2.220446049250313e-16,1
Type4,0.14,0.74,F=0.698577889403,0.6985778894027215,0.6985778894027215,53,54,5.551115123125783e-17,5.551115123125783e-17,2.220446049250313e-16,0.49307644734869055,3.3306690738754696e-16,1
Type4,0.14,0.76,F=0.698577889403,0.6985778894027215,0.6985778894027215,52,54,5.551115123125783e-17,5.551115123125783e-17,3.3306690738754696e-16,0.49307644734869055,2.220446049250313e-16,1
Type4,0.14,0.78,F=0.698577889403,0.6985778894027215,0.6985778894027215,53,54,8.326672684688674e-17,5.551115123125783e-17,2.220446049250313e-16,0.49307644734869055,1.1102230246251565e-16,1
Type4,0.14,0.8,F=0.698577889403,0.6985778894027215,0.6985778894027215,53,55,5.551115123125783e-17,5.551115123125783e-17,3.3306690738754696e-16,0.49307644734869055,2.220446049250313e-16,1
Type4,0.14,0.82,F=0.698577889403,0.6985778894027215,0.6985778894027215,54,55,8.326672684688674e-17,5.551115123125783e-17,2.220446049250313e-16,0.49307644734869055,2.220446049250313e-16,1
Type4,0.14,0.84,F=0.698577889403,0.6985778894027215,0.6985778894027215,54,56,5.551115123125783e-17,5.551115123125783e-17,3.3306690738754696e-16,0.49307644734869055,2.220446049250313e-16,1
Type4,0.14,0.86,F=0.698577889403,0.6985778894027215,0.6985778894027215,55,56,8.326672684688674e-17,5.551115123125783e-17,2.220446049250313e-16,0.49307644734869055,2.220446049250313e-16,1
Type4,0.14,0.88,F=0.698577889403,0.6985778894027215,0.6985778894027215,56,57,8.326672684688674e-17,5.551115123125783e-17,2.220446049250313e-16,0.49307644734869055,2.220446049250313e-16,1
Type4,0.14,0.9,F=0.698577889403,0.6985778894027215,0.6985778894027215,57,58,8.326672684688674e-17,5.551115123125783e-17,2.220446049250313e-16,0.49307644734869055,2.220446049250313e-16,1
Type4,0.14,0.92,F=0.698577889403,0.6985778894027215,0.6985778894027215,58,59,8.326672684688674e-17,5.551115123125783e-17,2.220446049250313e-16,0.49307644734869055,1.1102230246251565e-16,1
Type4,0.14,0.94,F=0.698577889403,0.6985778894027215,0.6985778894027215,60,61,5.551115123125783e-17,5.551115123125783e-17,2.220446049250313e-16,0.49307644734869055,2.220446049250313e-16,1
Type4,0.14,0.96,F=0.698577889403,0.6985778894027215,0.6985778894027215,62,64,5.551115123125783e-17,5.551115123125783e-17,3.3306690738754696e-16,0.49307644734869055,2.220446049250313e-16,1
Type4,0.14,0.98,F=0.698577889403,0.6985778894027215,0.6985778894027215,68,69,5.551115123125783e-17,5.551115123125783e-17,2.220446049250313e-16,0.49307644734869055,2.220446049250313e-16,1
Type4,0.14,1.0,unresolved,0.25,0.25,0,1,0.0,0.0,0.0,1.18306416,0.0,1
Type4,0.17,0.02,F=0.589902517121,0.589902517120977,0.985,0,101,2.7755575615628914e-17,0.0,2.220446049250313e-16,0.7170852680396872,2.220446049250313e-16,1
Type4,0.17,0.04,F=0.589902517121,0.589902517120977,0.97,0,101,2.7755575615628914e-17,0.0,2.220446049250313e-16,0.7170852680396872,1.1102230246251565e-16,1
Type4,0.17,0.06,F=0.589902517121,0.589902517120977,0.955,0,101,2.7755575615628914e-17,0.0,2.220446049250313e-16,0.7170852680396872,1.1102230246251565e-16,1
Type4,0.17,0.08,F=0.589902517121,0.589902517120977,0.94,0,101,2.7755575615628914e-17,0.0,2.220446049250313e-16,0.7170852680396872,1.1102230246251565e-16,1
Type4,0.17,0.1,F=0.589902517121,0.589902517120977,0.925,0,101,2.7755575615628914e-17,0.0,2.220446049250313e-16,0.7170852680396872,2.220446049250313e-16,1
Type4,0.17,0.12,F=0.589902517121,0.589902517120977,0.91,0,101,2.7755575615628914e-17,0.0,2.220446049250313e-16,0.7170852680396872,2.220446049250313e-16,1
Type4,0.17,0.14,F=0.589902517121,0.589902517120977,0.895,0,101,2.7755575615628914e-17,0.0,2.220446049250313e-16,0.7170852680396872,1.1102230246251565e-16,1
Type4,0.17,0.16,F=0.589902517121,0.589902517120977,0.88,0,101,2.7755575615628914e-17,0.0,2.220446049250313e-16,0.7170852680396872,1.1102230246251565e-16,1
Type4,0.17,0.18,F=0.589902517121,0.589902517120977,0.865,0,101,2.7755575615628914e-17,0.0,2.220446049250313e-16,0.7170852680396872,1.1102230246251565e-16,1
Type4,0.17,0.2,F=0.589902517121,0.589902517120977,0.85,0,101,2.7755575615628914e-17,0.0,2.220446049250313e-16,0.7170852680396872,1.1102230246251565e-16,1
Type4,0.17,0.22,F=0.589902517121,0.589902517120977,0.835,0,101,2.7755575615628914e-17,0.0,2.220446049250313e-16,0.7170852680396872,2.220446049250313e-16,1
Type4,0.17,0.24,F=0.589902517121,0.589902517120977,0.8200000000000001,0,101,2.7755575615628914e-17,0.0,2.220446049250313e-16,0.7170852680396872,2.220446049250313e-16,1
Type4,0.17,0.26,F=0.589902517121,0.589902517120977,0.8049999999999999,0,101,2.7755575615628914e-17,0.0,2.220446049250313e-16,0.7170852680396872,2.220446049250313e-16,1
Type4,0.17,0.28,F=0.589902517121,0.589902517120977,0.79,0,100,2.7755575615628914e-17,0.0,2.220446049250313e-16,0.7170852680396872,2.220446049250313e-16,1
Type4,0.17,0.3,F=0.589902517121,0.589902517120977,0.775,0,100,2.7755575615628914e-17,0.0,2.220446049250313e-16,0.7170852680396872,2.220446049250313e-16,1
Type4,0.17,0.32,F=0.589902517121,0.589902517120977,0.76,0,100,2.7755575615628914e-17,0.0,2.220446049250313e-16,0.7170852680396872,3.3306690738754696e-16,1
Type4,0.17,0.34,F=0.589902517121,0.589902517120977,0.745,0,100,2.7755575615628914e-17,0.0,2.220446049250313e-16,0.7170852680396872,2.220446049250313e-16,1
Type4,0.17,0.36,F=0.589902517121,0.589902517120977,0.73,0,100,2.7755575615628914e-17,0.0,2.220446049250313e-16,0.7170852680396872,3.3306690738754696e-16,1
Type4,0.17,0.38,F=0.589902517121,0.589902517120977,0.715,0,100,2.7755575615628914e-17,0.0,2.220446049250313e-16,0.7170852680396872,2.220446049250313e-16,1
Type4,0.17,0.4,F=0.589902517121,0.589902517120977,0.7,0,100,2.7755575615628914e-17,0.0,2.220446049250313e-16,0.7170852680396872,3.3306690738754696e-16,1
Type4,0.17,0.42,F=0.589902517121,0.589902517120977,0.685,0,99,2.7755575615628914e-17,0.0,2.220446049250313e-16,0.7170852680396872,3.3306690738754696e-16,1
Type4,0.17,0.44,F=0.589902517121,0.589902517120977,0.6699999999999999,0,99,2.7755575615628914e-17,0.0,2.220446049250313e-16,0.7170852680396872,2.220446049250313e-16,1
Type4,0.17,0.46,F=0.589902517121,0.589902517120977,0.655,0,99,2.7755575615628914e-17,0.0,2.220446049250313e-16,0.7170852680396872,3.3306690738754696e-16,1
Type4,0.17,0.48,F=0.589902517121,0.589902517120977,0.64,0,98,2.7755575615628914e-17,0.0,2.220446049250313e-16,0.7170852680396872,2.7755575615628914e-16,1
Type4,0.17,0.5,F=0.589902517121,0.589902517120977,0.625,0,97,2.7755575615628914e-17,0.0,2.220446049250313e-16,0.7170852680396872,2.220446049250313e-16,1
Type4,0.17,0.52,F=0.589902517121,0.589902517120977,0.61,0,96,2.7755575615628914e-17,0.0,2.220446049250313e-16,0.7170852680396872,2.220446049250313e-16,1
Type4,0.17,0.54,F=0.589902517121,0.589902517120977,0.595,0,93,2.7755575615628914e-17,0.0,2.220446049250313e-16,0.7170852680396872,2.220446049250313e-16,1
Type4,0.17,0.56,F=0.589902517121,0.5899025171209766,0.5899025171209766,95,96,2.7755575615628914e-17,0.0,3.3306690738754696e-16,0.7170852680396872,2.220446049250313e-16,1
Type4,0.17,0.58,F=0.589902517121,0.5899025171209766,0.5899025171209766,99,100,2.7755575615628914e-17,0.0,3.3306690738754696e-16,0.7170852680396872,2.220446049250313e-16,1
Type4,0.17,0.6,F=0.589902517121,0.5899025171209766,0.5899025171209766,101,102,2.7755575615628914e-17,0.0,3.3306690738754696e-16,0.7170852680396872,2.220446049250313e-16,1
Type4,0.17,0.62,F=0.589902517121,0.5899025171209766,0.5899025171209766,102,103,2.7755575615628914e-17,0.0,3.3306690738754696e-16,0.7170852680396872,2.220446049250313e-16,1
Type4,0.17,0.64,F=0.589902517121,0.5899025171209766,0.5899025171209766,103,104,2.7755575615628914e-17,0.0,3.3306690738754696e-16,0.7170852680396872,2.220446049250313e-16,1
Type4,0.17,0.66,F=0.589902517121,0.5899025171209766,0.5899025171209766,104,105,2.7755575615628914e-17,0.0,3.3306690738754696e-16,0.7170852680396872,1.1102230246251565e-16,1
Type4,0.17,0.68,F=0.589902517121,0.5899025171209766,0.5899025171209766,105,106,2.7755575615628914e-17,0.0,3.3306690738754696e-16,0.7170852680396872,2.220446049250313e-16,1
Type4,0.17,0.7,F=0.589902517121,0.5899025171209766,0.5899025171209766,106,107,2.7755575615628914e-17,0.0,3.3306690738754696e-16,0.7170852680396872,3.3306690738754696e-16,1
Type4,0.17,0.72,F=0.589902517121,0.5899025171209766,0.5899025171209766,107,108,2.7755575615628914e-17,0.0,3.3306690738754696e-16,0.7170852680396872,3.3306690738754696e-16,1
Type4,0.17,0.74,F=0.589902517121,0.5899025171209766,0.5899025171209766,108,109,2.7755575615628914e-17,0.0,3.3306690738754696e-16,0.7170852680396872,3.3306690738754696e-16,1
Type4,0.17,0.76,F=0.589902517121,0.5899025171209766,0.5899025171209766,109,110,2.7755575615628914e-17,0.0,3.3306690738754696e-16,0.7170852680396872,3.3306690738754696e-16,1
Type4,0.17,0.78,F=0.589902517121,0.5899025171209766,0.5899025171209766,110,111,2.7755575615628914e-17,0.0,3.3306690738754696e-16,0.7170852680396872,1.1102230246251565e-16,1
Type4,0.17,0.8,F=0.589902517121,0.5899025171209766,0.5899025171209766,111,112,2.7755575615628914e-17,0.0,3.3306690738754696e-16,0.7170852680396872,3.3306690738754696e-16,1
Type4,0.17,0.82,F=0.589902517121,0.5899025171209766,0.5899025171209766,112,113,2.7755575615628914e-17,0.0,3.3306690738754696e-16,0.7170852680396872,1.1102230246251565e-16,1
Type4,0.17,0.84,F=0.589902517121,0.5899025171209766,0.5899025171209766,114,115,2.7755575615628914e-17,0.0,3.3306690738754696e-16,0.7170852680396872,2.220446049250313e-16,1
Type4,0.17,0.86,F=0.589902517121,0.5899025171209766,0.5899025171209766,115,116,2.7755575615628914e-17,0.0,3.3306690738754696e-16,0.7170852680396872,2.220446049250313e-16,1
Type4,0.17,0.88,F=0.589902517121,0.5899025171209766,0.5899025171209766,118,119,2.7755575615628914e-17,0.0,3.3306690738754696e-16,0.7170852680396872,1.1102230246251565e-16,1
Type4,0.17,0.9,F=0.589902517121,0.5899025171209766,0.5899025171209766,121,122,2.7755575615628914e-17,0.0,3.3306690738754696e-16,0.7170852680396872,1.1102230246251565e-16,1
Type4,0.17,0.92,F=0.589902517121,0.5899025171209766,0.5899025171209766,125,126,2.7755575615628914e-17,0.0,3.3306690738754696e-16,0.7170852680396872,3.3306690738754696e-16,1
Type4,0.17,0.94,F=0.589902517121,0.5899025171209766,0.5899025171209766,132,133,2.7755575615628914e-17,0.0,3.3306690738754696e-16,0.7170852680396872,1.1102230246251565e-16,1
Type4,0.17,0.96,F=0.589902517121,0.5899025171209766,0.5899025171209766,144,145,2.7755575615628914e-17,0.0,3.3306690738754696e-16,0.7170852680396872,3.3306690738754696e-16,1
Type4,0.17,0.98,F=0.589902517121,0.5899025171209766,0.5899025171209766,172,173,2.7755575615628914e-17,0.0,3.3306690738754696e-16,0.7170852680396872,3.3306690738754696e-16,1
Type4,0.17,1.0,unresolved,0.25,0.25,0,1,0.0,0.0,0.0,1.04637021,0.0,1
Type4,0.18,0.02,F=0.535946533813,0.5359465338127901,0.985,0,170,5.551115123125783e-17,2.7755575615628914e-17,9.43689570931383e-16,0.8219953138703494,1.1102230246251565e-16,2
Type4,0.18,0.04,F=0.535946533813,0.5359465338127901,0.97,0,170,5.551115123125783e-17,2.7755575615628914e-17,9.43689570931383e-16,0.8219953138703494,3.3306690738754696e-16,2
Type4,0.18,0.06,F=0.535946533813,0.5359465338127901,0.955,0,170,5.551115123125783e-17,2.7755575615628914e-17,9.43689570931383e-16,0.8219953138703494,1.1102230246251565e-16,2
Type4,0.18,0.08,F=0.535946533813,0.5359465338127901,0.94,0,170,5.551115123125783e-17,2.7755575615628914e-17,9.43689570931383e-16,0.8219953138703494,1.1102230246251565e-16,2
Type4,0.18,0.1,F=0.535946533813,0.5359465338127901,0.925,0,170,5.551115123125783e-17,2.7755575615628914e-17,9.43689570931383e-16,0.8219953138703494,2.220446049250313e-16,2
Type4,0.18,0.12,F=0.535946533813,0.5359465338127901,0.91,0,170,5.551115123125783e-17,2.7755575615628914e-17,9.43689570931383e-16,0.8219953138703494,2.7755575615628914e-16,2
Type4,0.18,0.14,F=0.535946533813,0.5359465338127901,0.895,0,170,5.551115123125783e-17,2.7755575615628914e-17,9.43689570931383e-16,0.8219953138703494,2.220446049250313e-16,2
Type4,0.18,0.16,F=0.535946533813,0.5359465338127901,0.88,0,169,5.551115123125783e-17,2.7755575615628914e-17,9.43689570931383e-16,0.8219953138703494,2.7755575615628914e-16,2
Type4,0.18,0.18,F=0.535946533813,0.5359465338127901,0.865,0,169,5.551115123125783e-17,2.7755575615628914e-17,9.43689570931383e-16,0.8219953138703494,2.7755575615628914e-16,2
Type4,0.18,0.2,F=0.535946533813,0.5359465338127901,0.85,0,169,5.551115123125783e-17,2.7755575615628914e-17,9.43689570931383e-16,0.8219953138703494,1.1102230246251565e-16,2
Type4,0.18,0.22,F=0.535946533813,0.5359465338127901,0.835,0,169,5.551115123125783e-17,2.7755575615628914e-17,9.43689570931383e-16,0.8219953138703494,1.6653345369377348e-16,2
Type4,0.18,0.24,F=0.535946533813,0.5359465338127901,0.8200000000000001,0,169,5.551115123125783e-17,2.7755575615628914e-17,9.43689570931383e-16,0.8219953138703494,1.6653345369377348e-16,2
Type4,0.18,0.26,F=0.535946533813,0.5359465338127901,0.8049999999999999,0,169,5.551115123125783e-17,2.7755575615628914e-17,9.43689570931383e-16,0.8219953138703494,3.3306690738754696e-16,2
Type4,0.18,0.28,F=0.535946533813,0.5359465338127901,0.79,0,169,5.551115123125783e-17,2.7755575615628914e-17,9.43689570931383e-16,0.8219953138703494,2.220446049250313e-16,2
Type4,0.18,0.3,F=0.535946533813,0.5359465338127901,0.775,0,169,5.551115123125783e-17,2.7755575615628914e-17,9.43689570931383e-16,0.8219953138703494,2.220446049250313e-16,2
Type4,0.18,0.32,F=0.535946533813,0.5359465338127901,0.76,0,169,5.551115123125783e-17,2.7755575615628914e-17,9.43689570931383e-16,0.8219953138703494,2.220446049250313e-16,2
Type4,0.18,0.34,F=0.535946533813,0.5359465338127901,0.745,0,169,5.551115123125783e-17,2.7755575615628914e-17,9.43689570931383e-16,0.8219953138703494,2.220446049250313e-16,2
Type4,0.18,0.36,F=0.535946533813,0.5359465338127901,0.73,0,169,5.551115123125783e-17,2.7755575615628914e-17,9.43689570931383e-16,0.8219953138703494,2.220446049250313e-16,2
Type4,0.18,0.38,F=0.535946533813,0.5359465338127901,0.715,0,169,5.551115123125783e-17,2.7755575615628914e-17,9.43689570931383e-16,0.8219953138703494,2.7755575615628914e-16,2
Type4,0.18,0.4,F=0.535946533813,0.5359465338127901,0.7,0,169,5.551115123125783e-17,2.7755575615628914e-17,9.43689570931383e-16,0.8219953138703494,2.220446049250313e-16,2
Type4,0.18,0.42,F=0.535946533813,0.5359465338127901,0.685,0,168,5.551115123125783e-17,2.7755575615628914e-17,9.43689570931383e-16,0.8219953138703494,2.220446049250313e-16,2
Type4,0.18,0.44,F=0.535946533813,0.5359465338127901,0.6699999999999999,0,168,5.551115123125783e-17,2.7755575615628914e-17,9.43689570931383e-16,0.8219953138703494,1.1102230246251565e-16,2
Type4,0.18,0.46,F=0.535946533813,0.5359465338127901,0.655,0,168,5.551115123125783e-17,2.7755575615628914e-17,9.43689570931383e-16,0.8219953138703494,2.220446049250313e-16,2
Type4,0.18,0.48,F=0.535946533813,0.5359465338127901,0.64,0,168,5.551115123125783e-17,2.7755575615628914e-17,9.43689570931383e-16,0.8219953138703494,2.220446049250313e-16,2
Type4,0.18,0.5,F=0.535946533813,0.5359465338127901,0.625,0,167,5.551115123125783e-17,2.7755575615628914e-17,9.43689570931383e-16,0.8219953138703494,1.1102230246251565e-16,2
Type4,0.18,0.52,F=0.535946533813,0.5359465338127901,0.61,0,167,5.551115123125783e-17,2.7755575615628914e-17,9.43689570931383e-16,0.8219953138703494,1.1102230246251565e-16,2
Type4,0.18,0.54,F=0.535946533813,0.5359465338127901,0.595,0,166,5.551115123125783e-17,2.7755575615628914e-17,9.43689570931383e-16,0.8219953138703494,2.220446049250313e-16,2
Type4,0.18,0.56,F=0.535946533813,0.5359465338127901,0.58,0,165,5.551115123125783e-17,2.7755575615628914e-17,9.43689570931383e-16,0.8219953138703494,2.220446049250313e-16,2
Type4,0.18,0.58,F=0.535946533813,0.5359465338127901,0.5650000000000001,0,163,5.551115123125783e-17,2.7755575615628914e-17,9.43689570931383e-16,0.8219953138703494,2.220446049250313e-16,2
Type4,0.18,0.6,F=0.535946533813,0.5359465338127901,0.55,0,161,5.551115123125783e-17,2.7755575615628914e-17,9.43689570931383e-16,0.8219953138703494,1.1102230246251565e-16,2
Type4,0.18,0.62,F=0.535946533813,0.5359465338127901,0.5363023735532434,5,148,5.551115123125783e-17,2.7755575615628914e-17,9.43689570931383e-16,0.8219953138703494,1.1102230246251565e-16,2
Type4,0.18,0.64,F=0.535946533813,0.5359465338127892,0.5359465338127892,158,159,2.7755575615628914e-17,1.1102230246251565e-16,3.885780586188048e-16,0.8219953138703494,2.220446049250313e-16,2
Type4,0.18,0.66,F=0.535946533813,0.5359465338127892,0.5359465338127892,162,163,2.7755575615628914e-17,1.1102230246251565e-16,3.885780586188048e-16,0.8219953138703494,2.220446049250313e-16,2
Type4,0.18,0.68,F=0.535946533813,0.5359465338127892,0.5359465338127892,165,166,2.7755575615628914e-17,1.1102230246251565e-16,3.885780586188048e-16,0.8219953138703494,1.1102230246251565e-16,2
Type4,0.18,0.7,F=0.535946533813,0.5359465338127892,0.5359465338127892,168,169,2.7755575615628914e-17,1.1102230246251565e-16,3.885780586188048e-16,0.8219953138703494,1.1102230246251565e-16,2
Type4,0.18,0.72,F=0.535946533813,0.5359465338127892,0.5359465338127892,170,171,2.7755575615628914e-17,1.1102230246251565e-16,3.885780586188048e-16,0.8219953138703494,2.220446049250313e-16,2
Type4,0.18,0.74,F=0.535946533813,0.5359465338127892,0.5359465338127892,172,173,2.7755575615628914e-17,1.1102230246251565e-16,3.885780586188048e-16,0.8219953138703494,1.1102230246251565e-16,2
Type4,0.18,0.76,F=0.535946533813,0.5359465338127892,0.5359465338127892,174,175,2.7755575615628914e-17,1.1102230246251565e-16,3.885780586188048e-16,0.8219953138703494,2.220446049250313e-16,2
Type4,0.18,0.78,F=0.535946533813,0.5359465338127892,0.5359465338127892,176,177,2.7755575615628914e-17,1.1102230246251565e-16,3.885780586188048e-16,0.8219953138703494,2.220446049250313e-16,2
Type4,0.18,0.8,F=0.535946533813,0.5359465338127892,0.5359465338127892,178,179,2.7755575615628914e-17,1.1102230246251565e-16,3.885780586188048e-16,0.8219953138703494,2.220446049250313e-16,2
Type4,0.18,0.82,F=0.535946533813,0.5359465338127892,0.5359465338127892,181,182,2.7755575615628914e-17,1.1102230246251565e-16,3.885780586188048e-16,0.8219953138703494,1.1102230246251565e-16,2
Type4,0.18,0.84,F=0.535946533813,0.5359465338127892,0.5359465338127892,184,185,2.7755575615628914e-17,1.1102230246251565e-16,3.885780586188048e-16,0.8219953138703494,2.220446049250313e-16,2
Type4,0.18,0.86,F=0.535946533813,0.5359465338127892,0.5359465338127892,188,189,2.7755575615628914e-17,1.1102230246251565e-16,3.885780586188048e-16,0.8219953138703494,2.7755575615628914e-16,2
Type4,0.18,0.88,F=0.535946533813,0.5359465338127892,0.5359465338127892,194,195,2.7755575615628914e-17,1.1102230246251565e-16,3.885780586188048e-16,0.8219953138703494,1.1102230246251565e-16,2
Type4,0.18,0.9,F=0.535946533813,0.5359465338127892,0.5359465338127892,204,205,2.7755575615628914e-17,1.1102230246251565e-16,3.885780586188048e-16,0.8219953138703494,2.220446049250313e-16,2
Type4,0.18,0.92,F=0.535946533813,0.5359465338127892,0.5359465338127892,226,227,2.7755575615628914e-17,1.1102230246251565e-16,3.885780586188048e-16,0.8219953138703494,1.6653345369377348e-16,2
Type4,0.18,0.94,F=0.268010423976,0.2680104239762138,0.29500000000000004,0,3917,8.326672684688674e-17,1.1102230246251565e-16,4.99184027447086e-14,0.9930447521457518,2.220446049250313e-16,2
Type4,0.18,0.96,F=0.268010423976,0.26801042397618935,0.28,0,3875,8.326672684688674e-17,1.1102230246251565e-16,4.7781223422305175e-14,0.9930447521457518,2.220446049250313e-16,2
Type4,0.18,0.98,F=0.268010423976,0.26801042397618924,0.26801042397618924,4231,4231,8.326672684688674e-17,1.1102230246251565e-16,4.7781223422305175e-14,0.9930447521457518,1.1102230246251565e-16,2
Type4,0.18,1.0,unresolved,0.25,0.25,0,1,0.0,0.0,0.0,1.00348976,0.0,2
Type4,0.185,0.02,F=0.497556590744,0.49755659074350644,0.985,0,276,5.551115123125783e-17,1.1102230246251565e-16,2.7755575615628914e-16,0.8894827228599448,2.220446049250313e-16,2
Type4,0.185,0.04,F=0.497556590744,0.49755659074350644,0.97,0,276,5.551115123125783e-17,1.1102230246251565e-16,2.7755575615628914e-16,0.8894827228599448,1.1102230246251565e-16,2
Type4,0.185,0.06,F=0.497556590744,0.49755659074350644,0.955,0,276,5.551115123125783e-17,1.1102230246251565e-16,2.7755575615628914e-16,0.8894827228599448,1.1102230246251565e-16,2
Type4,0.185,0.08,F=0.497556590744,0.49755659074350644,0.94,0,276,5.551115123125783e-17,1.1102230246251565e-16,2.7755575615628914e-16,0.8894827228599448,1.1102230246251565e-16,2
Type4,0.185,0.1,F=0.497556590744,0.49755659074350644,0.925,0,276,5.551115123125783e-17,1.1102230246251565e-16,2.7755575615628914e-16,0.8894827228599448,1.1102230246251565e-16,2
Type4,0.185,0.12,F=0.497556590744,0.49755659074350644,0.91,0,276,5.551115123125783e-17,1.1102230246251565e-16,2.7755575615628914e-16,0.8894827228599448,2.220446049250313e-16,2
Type4,0.185,0.14,F=0.497556590744,0.49755659074350644,0.895,0,276,5.551115123125783e-17,1.1102230246251565e-16,2.7755575615628914e-16,0.8894827228599448,1.1102230246251565e-16,2
Type4,0.185,0.16,F=0.497556590744,0.49755659074350644,0.88,0,276,5.551115123125783e-17,1.1102230246251565e-16,2.7755575615628914e-16,0.8894827228599448,2.7755575615628914e-16,2
Type4,0.185,0.18,F=0.497556590744,0.49755659074350644,0.865,0,276,5.551115123125783e-17,1.1102230246251565e-16,2.7755575615628914e-16,0.8894827228599448,1.1102230246251565e-16,2
Type4,0.185,0.2,F=0.497556590744,0.49755659074350644,0.85,0,276,5.551115123125783e-17,1.1102230246251565e-16,2.7755575615628914e-16,0.8894827228599448,1.1102230246251565e-16,2
Type4,0.185,0.22,F=0.497556590744,0.49755659074350644,0.835,0,276,5.551115123125783e-17,1.1102230246251565e-16,2.7755575615628914e-16,0.8894827228599448,1.1102230246251565e-16,2
Type4,0.185,0.24,F=0.497556590744,0.49755659074350644,0.8200000000000001,0,276,5.551115123125783e-17,1.1102230246251565e-16,2.7755575615628914e-16,0.8894827228599448,2.220446049250313e-16,2
Type4,0.185,0.26,F=0.497556590744,0.49755659074350644,0.8049999999999999,0,275,5.551115123125783e-17,1.1102230246251565e-16,2.7755575615628914e-16,0.8894827228599448,1.1102230246251565e-16,2
Type4,0.185,0.28,F=0.497556590744,0.49755659074350644,0.79,0,275,5.551115123125783e-17,1.1102230246251565e-16,2.7755575615628914e-16,0.8894827228599448,2.220446049250313e-16,2
Type4,0.185,0.3,F=0.497556590744,0.49755659074350644,0.775,0,275,5.551115123125783e-17,1.1102230246251565e-16,2.7755575615628914e-16,0.8894827228599448,1.1102230246251565e-16,2
Type4,0.185,0.32,F=0.497556590744,0.49755659074350644,0.76,0,275,5.551115123125783e-17,1.1102230246251565e-16,2.7755575615628914e-16,0.8894827228599448,2.220446049250313e-16,2
Type4,0.185,0.34,F=0.497556590744,0.49755659074350644,0.745,0,275,5.551115123125783e-17,1.1102230246251565e-16,2.7755575615628914e-16,0.8894827228599448,1.1102230246251565e-16,2
Type4,0.185,0.36,F=0.497556590744,0.49755659074350644,0.73,0,275,5.551115123125783e-17,1.1102230246251565e-16,2.7755575615628914e-16,0.8894827228599448,2.220446049250313e-16,2
Type4,0.185,0.38,F=0.497556590744,0.49755659074350644,0.715,0,275,5.551115123125783e-17,1.1102230246251565e-16,2.7755575615628914e-16,0.8894827228599448,1.1102230246251565e-16,2
Type4,0.185,0.4,F=0.497556590744,0.49755659074350644,0.7,0,275,5.551115123125783e-17,1.1102230246251565e-16,2.7755575615628914e-16,0.8894827228599448,2.220446049250313e-16,2
Type4,0.185,0.42,F=0.497556590744,0.49755659074350644,0.685,0,275,5.551115123125783e-17,1.1102230246251565e-16,2.7755575615628914e-16,0.8894827228599448,2.220446049250313e-16,2
Type4,0.185,0.44,F=0.497556590744,0.49755659074350644,0.6699999999999999,0,274,5.551115123125783e-17,1.1102230246251565e-16,2.7755575615628914e-16,0.8894827228599448,1.1102230246251565e-16,2
Type4,0.185,0.46,F=0.497556590744,0.49755659074350644,0.655,0,274,5.551115123125783e-17,1.1102230246251565e-16,2.7755575615628914e-16,0.8894827228599448,1.1102230246251565e-16,2
Type4,0.185,0.48,F=0.497556590744,0.49755659074350644,0.64,0,274,5.551115123125783e-17,1.1102230246251565e-16,2.7755575615628914e-16,0.8894827228599448,1.1102230246251565e-16,2
Type4,0.185,0.5,F=0.497556590744,0.49755659074350644,0.625,0,274,5.551115123125783e-17,1.1102230246251565e-16,2.7755575615628914e-16,0.8894827228599448,1.1102230246251565e-16,2
Type4,0.185,0.52,F=0.497556590744,0.49755659074350644,0.61,0,273,5.551115123125783e-17,1.1102230246251565e-16,2.7755575615628914e-16,0.8894827228599448,1.1102230246251565e-16,2
Type4,0.185,0.54,F=0.497556590744,0.49755659074350644,0.595,0,273,5.551115123125783e-17,1.1102230246251565e-16,2.7755575615628914e-16,0.8894827228599448,1.1102230246251565e-16,2
Type4,0.185,0.56,F=0.497556590744,0.49755659074350644,0.58,0,272,5.551115123125783e-17,1.1102230246251565e-16,2.7755575615628914e-16,0.8894827228599448,1.1102230246251565e-16,2
Type4,0.185,0.58,F=0.497556590744,0.49755659074350644,0.5650000000000001,0,271,5.551115123125783e-17,1.1102230246251565e-16,2.7755575615628914e-16,0.8894827228599448,1.1102230246251565e-16,2
Type4,0.185,0.6,F=0.497556590744,0.49755659074350644,0.55,0,270,5.551115123125783e-17,1.1102230246251565e-16,2.7755575615628914e-16,0.8894827228599448,2.220446049250313e-16,2
Type4,0.185,0.62,F=0.497556590744,0.49755659074350644,0.535,0,268,5.551115123125783e-17,1.1102230246251565e-16,2.7755575615628914e-16,0.8894827228599448,1.1102230246251565e-16,2
Type4,0.185,0.64,F=0.497556590744,0.49755659074350644,0.52,0,265,5.551115123125783e-17,1.1102230246251565e-16,2.7755575615628914e-16,0.8894827228599448,1.1102230246251565e-16,2
Type4,0.185,0.66,F=0.497556590744,0.49755659074350644,0.505,0,258,5.551115123125783e-17,1.1102230246251565e-16,2.7755575615628914e-16,0.8894827228599448,1.1102230246251565e-16,2
Type4,0.185,0.68,F=0.497556590744,0.497556590743505,0.497556590743505,252,253,5.551115123125783e-17,5.551115123125783e-17,2.0539125955565396e-15,0.8894827228599448,1.1102230246251565e-16,2
Type4,0.185,0.7,F=0.497556590744,0.497556590743505,0.497556590743505,264,265,5.551115123125783e-17,5.551115123125783e-17,2.0539125955565396e-15,0.8894827228599448,1.1102230246251565e-16,2
Type4,0.185,0.72,F=0.497556590744,0.497556590743505,0.497556590743505,270,271,5.551115123125783e-17,5.551115123125783e-17,2.0539125955565396e-15,0.8894827228599448,1.1102230246251565e-16,2
Type4,0.185,0.74,F=0.497556590744,0.497556590743505,0.497556590743505,275,276,5.551115123125783e-17,5.551115123125783e-17,2.0539125955565396e-15,0.8894827228599448,1.1102230246251565e-16,2
Type4,0.185,0.76,F=0.497556590744,0.497556590743505,0.497556590743505,280,281,5.551115123125783e-17,5.551115123125783e-17,2.0539125955565396e-15,0.8894827228599448,1.1102230246251565e-16,2
Type4,0.185,0.78,F=0.497556590744,0.497556590743505,0.497556590743505,284,285,5.551115123125783e-17,5.551115123125783e-17,2.0539125955565396e-15,0.8894827228599448,2.7755575615628914e-16,2
Type4,0.185,0.8,F=0.497556590744,0.497556590743505,0.497556590743505,289,290,5.551115123125783e-17,5.551115123125783e-17,2.0539125955565396e-15,0.8894827228599448,1.1102230246251565e-16,2
Type4,0.185,0.82,F=0.497556590744,0.497556590743505,0.497556590743505,297,298,5.551115123125783e-17,5.551115123125783e-17,2.0539125955565396e-15,0.8894827228599448,2.220446049250313e-16,2
Type4,0.185,0.84,F=0.497556590744,0.497556590743505,0.497556590743505,304,305,5.551115123125783e-17,5.551115123125783e-17,2.0539125955565396e-15,0.8894827228599448,1.1102230246251565e-16,2
Type4,0.185,0.86,F=0.497556590744,0.497556590743505,0.497556590743505,317,318,5.551115123125783e-17,5.551115123125783e-17,2.0539125955565396e-15,0.8894827228599448,1.1102230246251565e-16,2
Type4,0.185,0.88,F=0.497556590744,0.497556590743505,0.497556590743505,356,357,5.551115123125783e-17,5.551115123125783e-17,2.0539125955565396e-15,0.8894827228599448,1.1102230246251565e-16,2
Type4,0.185,0.9,F=0.250000000000,0.250000000000005,0.32499999999999996,0,1700,8.326672684688674e-17,1.1102230246251565e-16,1.9095836023552692e-14,0.982538225625,1.1102230246251565e-16,2
Type4,0.185,0.92,F=0.250000000000,0.250000000000005,0.30999999999999994,0,1673,8.326672684688674e-17,1.1102230246251565e-16,1.9095836023552692e-14,0.982538225625,1.6653345369377348e-16,2
Type4,0.185,0.94,F=0.250000000000,0.250000000000005,0.29500000000000004,0,1649,8.326672684688674e-17,1.1102230246251565e-16,1.9095836023552692e-14,0.982538225625,1.6653345369377348e-16,2
Type4,0.185,0.96,F=0.250000000000,0.250000000000005,0.28,0,1621,8.326672684688674e-17,1.1102230246251565e-16,1.9095836023552692e-14,0.982538225625,8.326672684688674e-17,2
Type4,0.185,0.98,F=0.250000000000,0.250000000000005,0.265,0,1576,8.326672684688674e-17,1.1102230246251565e-16,1.9095836023552692e-14,0.982538225625,8.326672684688674e-17,2
Type4,0.185,1.0,F=0.250000000000,0.25,0.25,0,1,0.0,0.0,0.0,0.982538225625,0.0,2
Type4,0.188,0.02,F=0.461852245641,0.4618522456410019,0.985,0,533,5.551115123125783e-17,1.6653345369377348e-16,4.773959005888173e-15,0.9443407502778087,1.1102230246251565e-16,2
Type4,0.188,0.04,F=0.461852245641,0.4618522456410019,0.97,0,533,5.551115123125783e-17,1.6653345369377348e-16,4.773959005888173e-15,0.9443407502778087,2.7755575615628914e-16,2
Type4,0.188,0.06,F=0.461852245641,0.4618522456410019,0.955,0,533,5.551115123125783e-17,1.6653345369377348e-16,4.773959005888173e-15,0.9443407502778087,2.7755575615628914e-16,2
Type4,0.188,0.08,F=0.461852245641,0.4618522456410019,0.94,0,533,5.551115123125783e-17,1.6653345369377348e-16,4.773959005888173e-15,0.9443407502778087,2.7755575615628914e-16,2
Type4,0.188,0.1,F=0.461852245641,0.4618522456410019,0.925,0,533,5.551115123125783e-17,1.6653345369377348e-16,4.773959005888173e-15,0.9443407502778087,2.7755575615628914e-16,2
Type4,0.188,0.12,F=0.461852245641,0.4618522456410019,0.91,0,533,5.551115123125783e-17,1.6653345369377348e-16,4.773959005888173e-15,0.9443407502778087,2.220446049250313e-16,2
Type4,0.188,0.14,F=0.461852245641,0.4618522456410019,0.895,0,533,5.551115123125783e-17,1.6653345369377348e-16,4.773959005888173e-15,0.9443407502778087,1.1102230246251565e-16,2
Type4,0.188,0.16,F=0.461852245641,0.4618522456410019,0.88,0,533,5.551115123125783e-17,1.6653345369377348e-16,4.773959005888173e-15,0.9443407502778087,2.220446049250313e-16,2
Type4,0.188,0.18,F=0.461852245641,0.4618522456410019,0.865,0,533,5.551115123125783e-17,1.6653345369377348e-16,4.773959005888173e-15,0.9443407502778087,1.1102230246251565e-16,2
Type4,0.188,0.2,F=0.461852245641,0.4618522456410019,0.85,0,533,5.551115123125783e-17,1.6653345369377348e-16,4.773959005888173e-15,0.9443407502778087,2.220446049250313e-16,2
Type4,0.188,0.22,F=0.461852245641,0.4618522456410019,0.835,0,533,5.551115123125783e-17,1.6653345369377348e-16,4.773959005888173e-15,0.9443407502778087,2.220446049250313e-16,2
Type4,0.188,0.24,F=0.461852245641,0.4618522456410019,0.8200000000000001,0,533,5.551115123125783e-17,1.6653345369377348e-16,4.773959005888173e-15,0.9443407502778087,2.220446049250313e-16,2
Type4,0.188,0.26,F=0.461852245641,0.4618522456410019,0.8049999999999999,0,533,5.551115123125783e-17,1.6653345369377348e-16,4.773959005888173e-15,0.9443407502778087,2.220446049250313e-16,2
Type4,0.188,0.28,F=0.461852245641,0.4618522456410019,0.79,0,532,5.551115123125783e-17,1.6653345369377348e-16,4.773959005888173e-15,0.9443407502778087,2.220446049250313e-16,2
Type4,0.188,0.3,F=0.461852245641,0.4618522456410019,0.775,0,532,5.551115123125783e-17,1.6653345369377348e-16,4.773959005888173e-15,0.9443407502778087,2.220446049250313e-16,2
Type4,0.188,0.32,F=0.461852245641,0.4618522456410019,0.76,0,532,5.551115123125783e-17,1.6653345369377348e-16,4.773959005888173e-15,0.9443407502778087,2.7755575615628914e-16,2
Type4,0.188,0.34,F=0.461852245641,0.4618522456410019,0.745,0,532,5.551115123125783e-17,1.6653345369377348e-16,4.773959005888173e-15,0.9443407502778087,2.220446049250313e-16,2
Type4,0.188,0.36,F=0.461852245641,0.4618522456410019,0.73,0,532,5.551115123125783e-17,1.6653345369377348e-16,4.773959005888173e-15,0.9443407502778087,2.7755575615628914e-16,2
Type4,0.188,0.38,F=0.461852245641,0.4618522456410019,0.715,0,532,5.551115123125783e-17,1.6653345369377348e-16,4.773959005888173e-15,0.9443407502778087,2.220446049250313e-16,2
Type4,0.188,0.4,F=0.461852245641,0.4618522456410019,0.7,0,532,5.551115123125783e-17,1.6653345369377348e-16,4.773959005888173e-15,0.9443407502778087,2.220446049250313e-16,2
Type4,0.188,0.42,F=0.461852245641,0.4618522456410019,0.685,0,532,5.551115123125783e-17,1.6653345369377348e-16,4.773959005888173e-15,0.9443407502778087,2.220446049250313e-16,2
Type4,0.188,0.44,F=0.461852245641,0.4618522456410019,0.6699999999999999,0,532,5.551115123125783e-17,1.6653345369377348e-16,4.773959005888173e-15,0.9443407502778087,2.220446049250313e-16,2
Type4,0.188,0.46,F=0.461852245641,0.4618522456410019,0.655,0,531,5.551115123125783e-17,1.6653345369377348e-16,4.773959005888173e-15,0.9443407502778087,1.1102230246251565e-16,2
Type4,0.188,0.48,F=0.461852245641,0.4618522456410019,0.64,0,531,5.551115123125783e-17,1.6653345369377348e-16,4.773959005888173e-15,0.9443407502778087,2.220446049250313e-16,2
Type4,0.188,0.5,F=0.461852245641,0.4618522456410019,0.625,0,531,5.551115123125783e-17,1.6653345369377348e-16,4.773959005888173e-15,0.9443407502778087,2.7755575615628914e-16,2
Type4,0.188,0.52,F=0.461852245641,0.4618522456410019,0.61,0,530,5.551115123125783e-17,1.6653345369377348e-16,4.773959005888173e-15,0.9443407502778087,1.1102230246251565e-16,2
Type4,0.188,0.54,F=0.461852245641,0.4618522456410019,0.595,0,530,5.551115123125783e-17,1.6653345369377348e-16,4.773959005888173e-15,0.9443407502778087,2.220446049250313e-16,2
Type4,0.188,0.56,F=0.461852245641,0.4618522456410019,0.58,0,529,5.551115123125783e-17,1.6653345369377348e-16,4.773959005888173e-15,0.9443407502778087,2.220446049250313e-16,2
Type4,0.188,0.58,F=0.461852245641,0.4618522456410019,0.5650000000000001,0,529,5.551115123125783e-17,1.6653345369377348e-16,4.773959005888173e-15,0.9443407502778087,1.1102230246251565e-16,2
Type4,0.188,0.6,F=0.461852245641,0.4618522456410019,0.55,0,528,5.551115123125783e-17,1.6653345369377348e-16,4.773959005888173e-15,0.9443407502778087,2.220446049250313e-16,2
Type4,0.188,0.62,F=0.461852245641,0.4618522456410019,0.535,0,527,5.551115123125783e-17,1.6653345369377348e-16,4.773959005888173e-15,0.9443407502778087,2.220446049250313e-16,2
Type4,0.188,0.64,F=0.461852245641,0.4618522456410019,0.52,0,525,5.551115123125783e-17,1.6653345369377348e-16,4.773959005888173e-15,0.9443407502778087,2.7755575615628914e-16,2
Type4,0.188,0.66,F=0.461852245641,0.4618522456410019,0.505,0,522,5.551115123125783e-17,1.6653345369377348e-16,4.773959005888173e-15,0.9443407502778087,1.1102230246251565e-16,2
Type4,0.188,0.68,F=0.461852245641,0.4618522456410019,0.49,0,518,5.551115123125783e-17,1.6653345369377348e-16,4.773959005888173e-15,0.9443407502778087,2.220446049250313e-16,2
Type4,0.188,0.7,F=0.461852245641,0.4618522456410019,0.4750000000000001,0,509,5.551115123125783e-17,1.6653345369377348e-16,4.773959005888173e-15,0.9443407502778087,1.1102230246251565e-16,2
Type4,0.188,0.72,F=0.461852245641,0.4618522456409976,0.4618522456409976,464,465,5.551115123125783e-17,5.551115123125783e-17,1.1102230246251565e-15,0.9443407502778087,2.220446049250313e-16,2
Type4,0.188,0.74,F=0.461852245641,0.4618522456409976,0.4618522456409976,524,525,5.551115123125783e-17,5.551115123125783e-17,1.1102230246251565e-15,0.9443407502778087,2.220446049250313e-16,2
Type4,0.188,0.76,F=0.461852245641,0.4618522456409976,0.4618522456409976,541,542,5.551115123125783e-17,5.551115123125783e-17,1.1102230246251565e-15,0.9443407502778087,2.7755575615628914e-16,2
Type4,0.188,0.78,F=0.461852245641,0.4618522456409976,0.4618522456409976,556,557,5.551115123125783e-17,5.551115123125783e-17,1.1102230246251565e-15,0.9443407502778087,2.220446049250313e-16,2
Type4,0.188,0.8,F=0.461852245641,0.4618522456409976,0.4618522456409976,572,573,5.551115123125783e-17,5.551115123125783e-17,1.1102230246251565e-15,0.9443407502778087,2.7755575615628914e-16,2
Type4,0.188,0.82,F=0.461852245641,0.4618522456409976,0.4618522456409976,596,597,5.551115123125783e-17,5.551115123125783e-17,1.1102230246251565e-15,0.9443407502778087,2.7755575615628914e-16,2
Type4,0.188,0.84,F=0.250000000000,0.2500000000000031,0.37,0,1133,5.551115123125783e-17,1.1102230246251565e-16,1.1518563880485999e-14,0.970121838336,1.1102230246251565e-16,2
Type4,0.188,0.86,F=0.250000000000,0.2500000000000031,0.355,0,1038,5.551115123125783e-17,1.1102230246251565e-16,1.1518563880485999e-14,0.970121838336,1.1102230246251565e-16,2
Type4,0.188,0.88,F=0.250000000000,0.2500000000000031,0.33999999999999997,0,1018,5.551115123125783e-17,1.1102230246251565e-16,1.1518563880485999e-14,0.970121838336,1.6653345369377348e-16,2
Type4,0.188,0.9,F=0.250000000000,0.2500000000000031,0.32499999999999996,0,1004,5.551115123125783e-17,1.1102230246251565e-16,1.1518563880485999e-14,0.970121838336,1.1102230246251565e-16,2
Type4,0.188,0.92,F=0.250000000000,0.2500000000000031,0.30999999999999994,0,992,5.551115123125783e-17,1.1102230246251565e-16,1.1518563880485999e-14,0.970121838336,2.220446049250313e-16,2
Type4,0.188,0.94,F=0.250000000000,0.2500000000000031,0.29500000000000004,0,979,5.551115123125783e-17,1.1102230246251565e-16,1.1518563880485999e-14,0.970121838336,1.6653345369377348e-16,2
Type4,0.188,0.96,F=0.250000000000,0.2500000000000031,0.28,0,962,5.551115123125783e-17,1.1102230246251565e-16,1.1518563880485999e-14,0.970121838336,1.1102230246251565e-16,2
Type4,0.188,0.98,F=0.250000000000,0.2500000000000031,0.265,0,936,5.551115123125783e-17,1.1102230246251565e-16,1.1518563880485999e-14,0.970121838336,2.7755575615628914e-16,2
Type4,0.188,1.0,F=0.250000000000,0.25,0.25,0,1,0.0,0.0,0.0,0.970121838336,0.0,2
Type4,0.189,0.02,F=0.440724500344,0.4407245003438289,0.985,0,1057,5.551115123125783e-17,1.6653345369377348e-16,1.8596235662471372e-15,0.972274378407766,2.498001805406602e-16,2
Type4,0.189,0.04,F=0.440724500344,0.4407245003438289,0.97,0,1057,5.551115123125783e-17,1.6653345369377348e-16,1.8596235662471372e-15,0.972274378407766,2.498001805406602e-16,2
Type4,0.189,0.06,F=0.440724500344,0.4407245003438289,0.955,0,1057,5.551115123125783e-17,1.6653345369377348e-16,1.8596235662471372e-15,0.972274378407766,2.498001805406602e-16,2
Type4,0.189,0.08,F=0.440724500344,0.4407245003438289,0.94,0,1057,5.551115123125783e-17,1.6653345369377348e-16,1.8596235662471372e-15,0.972274378407766,2.498001805406602e-16,2
Type4,0.189,0.1,F=0.440724500344,0.4407245003438289,0.925,0,1057,5.551115123125783e-17,1.6653345369377348e-16,1.8596235662471372e-15,0.972274378407766,2.7755575615628914e-16,2
Type4,0.189,0.12,F=0.440724500344,0.4407245003438289,0.91,0,1057,5.551115123125783e-17,1.6653345369377348e-16,1.8596235662471372e-15,0.972274378407766,2.498001805406602e-16,2
Type4,0.189,0.14,F=0.440724500344,0.4407245003438289,0.895,0,1057,5.551115123125783e-17,1.6653345369377348e-16,1.8596235662471372e-15,0.972274378407766,2.7755575615628914e-16,2
Type4,0.189,0.16,F=0.440724500344,0.4407245003438289,0.88,0,1057,5.551115123125783e-17,1.6653345369377348e-16,1.8596235662471372e-15,0.972274378407766,2.498001805406602e-16,2
Type4,0.189,0.18,F=0.440724500344,0.4407245003438289,0.865,0,1057,5.551115123125783e-17,1.6653345369377348e-16,1.8596235662471372e-15,0.972274378407766,2.498001805406602e-16,2
Type4,0.189,0.2,F=0.440724500344,0.4407245003438289,0.85,0,1057,5.551115123125783e-17,1.6653345369377348e-16,1.8596235662471372e-15,0.972274378407766,2.498001805406602e-16,2
Type4,0.189,0.22,F=0.440724500344,0.4407245003438289,0.835,0,1057,5.551115123125783e-17,1.6653345369377348e-16,1.8596235662471372e-15,0.972274378407766,2.498001805406602e-16,2
Type4,0.189,0.24,F=0.440724500344,0.4407245003438289,0.8200000000000001,0,1057,5.551115123125783e-17,1.6653345369377348e-16,1.8596235662471372e-15,0.972274378407766,2.498001805406602e-16,2
Type4,0.189,0.26,F=0.440724500344,0.4407245003438289,0.8049999999999999,0,1057,5.551115123125783e-17,1.6653345369377348e-16,1.8596235662471372e-15,0.972274378407766,2.498001805406602e-16,2
Type4,0.189,0.28,F=0.440724500344,0.4407245003438289,0.79,0,1057,5.551115123125783e-17,1.6653345369377348e-16,1.8596235662471372e-15,0.972274378407766,2.498001805406602e-16,2
Type4,0.189,0.3,F=0.440724500344,0.4407245003438289,0.775,0,1057,5.551115123125783e-17,1.6653345369377348e-16,1.8596235662471372e-15,0.972274378407766,2.498001805406602e-16,2
Type4,0.189,0.32,F=0.440724500344,0.4407245003438289,0.76,0,1057,5.551115123125783e-17,1.6653345369377348e-16,1.8596235662471372e-15,0.972274378407766,2.498001805406602e-16,2
Type4,0.189,0.34,F=0.440724500344,0.4407245003438289,0.745,0,1057,5.551115123125783e-17,1.6653345369377348e-16,1.8596235662471372e-15,0.972274378407766,2.7755575615628914e-16,2
Type4,0.189,0.36,F=0.440724500344,0.4407245003438289,0.73,0,1057,5.551115123125783e-17,1.6653345369377348e-16,1.8596235662471372e-15,0.972274378407766,2.498001805406602e-16,2
Type4,0.189,0.38,F=0.440724500344,0.4407245003438289,0.715,0,1056,5.551115123125783e-17,1.6653345369377348e-16,1.8596235662471372e-15,0.972274378407766,2.498001805406602e-16,2
Type4,0.189,0.4,F=0.440724500344,0.4407245003438289,0.7,0,1056,5.551115123125783e-17,1.6653345369377348e-16,1.8596235662471372e-15,0.972274378407766,2.498001805406602e-16,2
Type4,0.189,0.42,F=0.440724500344,0.4407245003438289,0.685,0,1056,5.551115123125783e-17,1.6653345369377348e-16,1.8596235662471372e-15,0.972274378407766,2.498001805406602e-16,2
Type4,0.189,0.44,F=0.440724500344,0.4407245003438289,0.6699999999999999,0,1056,5.551115123125783e-17,1.6653345369377348e-16,1.8596235662471372e-15,0.972274378407766,2.498001805406602e-16,2
Type4,0.189,0.46,F=0.440724500344,0.4407245003438289,0.655,0,1056,5.551115123125783e-17,1.6653345369377348e-16,1.8596235662471372e-15,0.972274378407766,2.498001805406602e-16,2
Type4,0.189,0.48,F=0.440724500344,0.4407245003438289,0.64,0,1056,5.551115123125783e-17,1.6653345369377348e-16,1.8596235662471372e-15,0.972274378407766,2.498001805406602e-16,2
Type4,0.189,0.5,F=0.440724500344,0.4407245003438289,0.625,0,1055,5.551115123125783e-17,1.6653345369377348e-16,1.8596235662471372e-15,0.972274378407766,2.498001805406602e-16,2
Type4,0.189,0.52,F=0.440724500344,0.4407245003438289,0.61,0,1055,5.551115123125783e-17,1.6653345369377348e-16,1.8596235662471372e-15,0.972274378407766,2.498001805406602e-16,2
Type4,0.189,0.54,F=0.440724500344,0.4407245003438289,0.595,0,1055,5.551115123125783e-17,1.6653345369377348e-16,1.8596235662471372e-15,0.972274378407766,2.498001805406602e-16,2
Type4,0.189,0.56,F=0.440724500344,0.4407245003438289,0.58,0,1054,5.551115123125783e-17,1.6653345369377348e-16,1.8596235662471372e-15,0.972274378407766,2.498001805406602e-16,2
Type4,0.189,0.58,F=0.440724500344,0.4407245003438289,0.5650000000000001,0,1053,5.551115123125783e-17,1.6653345369377348e-16,1.8596235662471372e-15,0.972274378407766,2.498001805406602e-16,2
Type4,0.189,0.6,F=0.440724500344,0.4407245003438289,0.55,0,1053,5.551115123125783e-17,1.6653345369377348e-16,1.8596235662471372e-15,0.972274378407766,2.498001805406602e-16,2
Type4,0.189,0.62,F=0.440724500344,0.4407245003438289,0.535,0,1051,5.551115123125783e-17,1.6653345369377348e-16,1.8596235662471372e-15,0.972274378407766,2.498001805406602e-16,2
Type4,0.189,0.64,F=0.440724500344,0.4407245003438289,0.52,0,1050,5.551115123125783e-17,1.6653345369377348e-16,1.8596235662471372e-15,0.972274378407766,2.498001805406602e-16,2
Type4,0.189,0.66,F=0.440724500344,0.4407245003438289,0.505,0,1048,5.551115123125783e-17,1.6653345369377348e-16,1.8596235662471372e-15,0.972274378407766,2.498001805406602e-16,2
Type4,0.189,0.68,F=0.440724500344,0.4407245003438289,0.49,0,1044,5.551115123125783e-17,1.6653345369377348e-16,1.8596235662471372e-15,0.972274378407766,2.498001805406602e-16,2
Type4,0.189,0.7,F=0.440724500344,0.4407245003438289,0.4750000000000001,0,1039,5.551115123125783e-17,1.6653345369377348e-16,1.8596235662471372e-15,0.972274378407766,2.498001805406602e-16,2
Type4,0.189,0.72,F=0.440724500344,0.4407245003438289,0.45999999999999996,0,1028,5.551115123125783e-17,1.6653345369377348e-16,1.8596235662471372e-15,0.972274378407766,2.498001805406602e-16,2
Type4,0.189,0.74,F=0.440724500344,0.4407245003438289,0.44500000000000006,0,990,5.551115123125783e-17,1.6653345369377348e-16,1.8596235662471372e-15,0.972274378407766,2.498001805406602e-16,2
Type4,0.189,0.76,F=0.440724500344,0.4407245003438212,0.4407245003438212,1022,1022,5.551115123125783e-17,1.6653345369377348e-16,8.43769498715119e-15,0.972274378407766,2.220446049250313e-16,2
Type4,0.189,0.78,F=0.440724500344,0.4407245003438212,0.4407245003438212,1077,1077,5.551115123125783e-17,1.6653345369377348e-16,8.43769498715119e-15,0.972274378407766,2.220446049250313e-16,2
Type4,0.189,0.8,F=0.440724500344,0.4407245003438212,0.4407245003438212,1139,1139,5.551115123125783e-17,1.6653345369377348e-16,8.43769498715119e-15,0.972274378407766,2.220446049250313e-16,2
Type4,0.189,0.82,F=0.250000000000,0.25000000000000266,0.385,0,982,5.551115123125783e-17,1.1102230246251565e-16,9.742207041085749e-15,0.966008644841,1.6653345369377348e-16,2
Type4,0.189,0.84,F=0.250000000000,0.25000000000000266,0.37,0,930,5.551115123125783e-17,1.1102230246251565e-16,9.742207041085749e-15,0.966008644841,1.1102230246251565e-16,2
Type4,0.189,0.86,F=0.250000000000,0.25000000000000266,0.355,0,909,5.551115123125783e-17,1.1102230246251565e-16,9.742207041085749e-15,0.966008644841,8.326672684688674e-17,2
Type4,0.189,0.88,F=0.250000000000,0.25000000000000266,0.33999999999999997,0,896,5.551115123125783e-17,1.1102230246251565e-16,9.742207041085749e-15,0.966008644841,1.1102230246251565e-16,2
Type4,0.189,0.9,F=0.250000000000,0.25000000000000266,0.32499999999999996,0,886,5.551115123125783e-17,1.1102230246251565e-16,9.742207041085749e-15,0.966008644841,8.326672684688674e-17,2
Type4,0.189,0.92,F=0.250000000000,0.25000000000000266,0.30999999999999994,0,875,5.551115123125783e-17,1.1102230246251565e-16,9.742207041085749e-15,0.966008644841,5.551115123125783e-17,2
Type4,0.189,0.94,F=0.250000000000,0.25000000000000266,0.29500000000000004,0,864,5.551115123125783e-17,1.1102230246251565e-16,9.742207041085749e-15,0.966008644841,2.220446049250313e-16,2
Type4,0.189,0.96,F=0.250000000000,0.25000000000000266,0.28,0,849,5.551115123125783e-17,1.1102230246251565e-16,9.742207041085749e-15,0.966008644841,2.220446049250313e-16,2
Type4,0.189,0.98,F=0.250000000000,0.25000000000000266,0.265,0,827,5.551115123125783e-17,1.1102230246251565e-16,9.742207041085749e-15,0.966008644841,2.498001805406602e-16,2
Type4,0.189,1.0,F=0.250000000000,0.25,0.25,0,1,0.0,0.0,0.0,0.966008644841,0.0,2
Type4,0.1894,0.02,F=0.420832259345,0.4208322593452958,0.985,0,5239,8.326672684688674e-17,5.551115123125783e-17,2.836619827917275e-14,0.9949521633463171,2.220446049250313e-16,2
Type4,0.1894,0.04,F=0.420832259345,0.4208322593452958,0.97,0,5239,8.326672684688674e-17,5.551115123125783e-17,2.836619827917275e-14,0.9949521633463171,2.220446049250313e-16,2
Type4,0.1894,0.06,F=0.420832259345,0.4208322593452958,0.955,0,5239,8.326672684688674e-17,5.551115123125783e-17,2.836619827917275e-14,0.9949521633463171,2.220446049250313e-16,2
Type4,0.1894,0.08,F=0.420832259345,0.4208322593452958,0.94,0,5239,8.326672684688674e-17,5.551115123125783e-17,2.836619827917275e-14,0.9949521633463171,2.220446049250313e-16,2
Type4,0.1894,0.1,F=0.420832259345,0.4208322593452958,0.925,0,5238,8.326672684688674e-17,5.551115123125783e-17,2.836619827917275e-14,0.9949521633463171,2.220446049250313e-16,2
Type4,0.1894,0.12,F=0.420832259345,0.4208322593452958,0.91,0,5238,8.326672684688674e-17,5.551115123125783e-17,2.836619827917275e-14,0.9949521633463171,2.220446049250313e-16,2
Type4,0.1894,0.14,F=0.420832259345,0.4208322593452958,0.895,0,5238,8.326672684688674e-17,5.551115123125783e-17,2.836619827917275e-14,0.9949521633463171,2.220446049250313e-16,2
Type4,0.1894,0.16,F=0.420832259345,0.4208322593452958,0.88,0,5238,8.326672684688674e-17,5.551115123125783e-17,2.836619827917275e-14,0.9949521633463171,2.220446049250313e-16,2
Type4,0.1894,0.18,F=0.420832259345,0.4208322593452958,0.865,0,5238,8.326672684688674e-17,5.551115123125783e-17,2.836619827917275e-14,0.9949521633463171,2.220446049250313e-16,2
Type4,0.1894,0.2,F=0.420832259345,0.4208322593452958,0.85,0,5238,8.326672684688674e-17,5.551115123125783e-17,2.836619827917275e-14,0.9949521633463171,2.220446049250313e-16,2
Type4,0.1894,0.22,F=0.420832259345,0.4208322593452958,0.835,0,5238,8.326672684688674e-17,5.551115123125783e-17,2.836619827917275e-14,0.9949521633463171,2.220446049250313e-16,2
Type4,0.1894,0.24,F=0.420832259345,0.4208322593452958,0.8200000000000001,0,5238,8.326672684688674e-17,5.551115123125783e-17,2.836619827917275e-14,0.9949521633463171,2.220446049250313e-16,2
Type4,0.1894,0.26,F=0.420832259345,0.4208322593452958,0.8049999999999999,0,5238,8.326672684688674e-17,5.551115123125783e-17,2.836619827917275e-14,0.9949521633463171,2.220446049250313e-16,2
Type4,0.1894,0.28,F=0.420832259345,0.4208322593452958,0.79,0,5238,8.326672684688674e-17,5.551115123125783e-17,2.836619827917275e-14,0.9949521633463171,2.220446049250313e-16,2
Type4,0.1894,0.3,F=0.420832259345,0.4208322593452958,0.775,0,5238,8.326672684688674e-17,5.551115123125783e-17,2.836619827917275e-14,0.9949521633463171,2.220446049250313e-16,2
Type4,0.1894,0.32,F=0.420832259345,0.4208322593452958,0.76,0,5238,8.326672684688674e-17,5.551115123125783e-17,2.836619827917275e-14,0.9949521633463171,2.220446049250313e-16,2
Type4,0.1894,0.34,F=0.420832259345,0.4208322593452958,0.745,0,5238,8.326672684688674e-17,5.551115123125783e-17,2.836619827917275e-14,0.9949521633463171,2.220446049250313e-16,2
Type4,0.1894,0.36,F=0.420832259345,0.4208322593452958,0.73,0,5238,8.326672684688674e-17,5.551115123125783e-17,2.836619827917275e-14,0.9949521633463171,2.220446049250313e-16,2
Type4,0.1894,0.38,F=0.420832259345,0.4208322593452958,0.715,0,5238,8.326672684688674e-17,5.551115123125783e-17,2.836619827917275e-14,0.9949521633463171,2.220446049250313e-16,2
Type4,0.1894,0.4,F=0.420832259345,0.4208322593452958,0.7,0,5238,8.326672684688674e-17,5.551115123125783e-17,2.836619827917275e-14,0.9949521633463171,2.220446049250313e-16,2
Type4,0.1894,0.42,F=0.420832259345,0.4208322593452958,0.685,0,5237,8.326672684688674e-17,5.551115123125783e-17,2.836619827917275e-14,0.9949521633463171,2.220446049250313e-16,2
Type4,0.1894,0.44,F=0.420832259345,0.4208322593452958,0.6699999999999999,0,5237,8.326672684688674e-17,5.551115123125783e-17,2.836619827917275e-14,0.9949521633463171,2.220446049250313e-16,2
Type4,0.1894,0.46,F=0.420832259345,0.4208322593452958,0.655,0,5237,8.326672684688674e-17,5.551115123125783e-17,2.836619827917275e-14,0.9949521633463171,2.220446049250313e-16,2
Type4,0.1894,0.48,F=0.420832259345,0.4208322593452958,0.64,0,5237,8.326672684688674e-17,5.551115123125783e-17,2.836619827917275e-14,0.9949521633463171,2.220446049250313e-16,2
Type4,0.1894,0.5,F=0.420832259345,0.4208322593452958,0.625,0,5237,8.326672684688674e-17,5.551115123125783e-17,2.836619827917275e-14,0.9949521633463171,2.220446049250313e-16,2
Type4,0.1894,0.52,F=0.420832259345,0.4208322593452958,0.61,0,5236,8.326672684688674e-17,5.551115123125783e-17,2.836619827917275e-14,0.9949521633463171,2.220446049250313e-16,2
Type4,0.1894,0.54,F=0.420832259345,0.4208322593452958,0.595,0,5236,8.326672684688674e-17,5.551115123125783e-17,2.836619827917275e-14,0.9949521633463171,2.220446049250313e-16,2
Type4,0.1894,0.56,F=0.420832259345,0.4208322593452958,0.58,0,5235,8.326672684688674e-17,5.551115123125783e-17,2.836619827917275e-14,0.9949521633463171,2.7755575615628914e-16,2
Type4,0.1894,0.58,F=0.420832259345,0.4208322593452958,0.5650000000000001,0,5235,8.326672684688674e-17,5.551115123125783e-17,2.836619827917275e-14,0.9949521633463171,2.220446049250313e-16,2
Type4,0.1894,0.6,F=0.420832259345,0.4208322593452958,0.55,0,5234,8.326672684688674e-17,5.551115123125783e-17,2.836619827917275e-14,0.9949521633463171,2.220446049250313e-16,2
Type4,0.1894,0.62,F=0.420832259345,0.4208322593452958,0.535,0,5233,8.326672684688674e-17,5.551115123125783e-17,2.836619827917275e-14,0.9949521633463171,2.220446049250313e-16,2
Type4,0.1894,0.64,F=0.420832259345,0.4208322593452958,0.52,0,5231,8.326672684688674e-17,5.551115123125783e-17,2.836619827917275e-14,0.9949521633463171,2.220446049250313e-16,2
Type4,0.1894,0.66,F=0.420832259345,0.4208322593452958,0.505,0,5229,8.326672684688674e-17,5.551115123125783e-17,2.836619827917275e-14,0.9949521633463171,2.220446049250313e-16,2
Type4,0.1894,0.68,F=0.420832259345,0.4208322593452958,0.49,0,5226,8.326672684688674e-17,5.551115123125783e-17,2.836619827917275e-14,0.9949521633463171,2.220446049250313e-16,2
Type4,0.1894,0.7,F=0.420832259345,0.4208322593452958,0.4750000000000001,0,5221,8.326672684688674e-17,5.551115123125783e-17,2.836619827917275e-14,0.9949521633463171,2.220446049250313e-16,2
Type4,0.1894,0.72,F=0.420832259345,0.4208322593452958,0.45999999999999996,0,5213,8.326672684688674e-17,5.551115123125783e-17,2.836619827917275e-14,0.9949521633463171,2.498001805406602e-16,2
Type4,0.1894,0.74,F=0.420832259345,0.4208322593452958,0.44500000000000006,0,5194,8.326672684688674e-17,5.551115123125783e-17,2.836619827917275e-14,0.9949521633463171,2.220446049250313e-16,2
Type4,0.1894,0.76,F=0.420832259345,0.4208322593452958,0.42999999999999994,0,5129,8.326672684688674e-17,5.551115123125783e-17,2.836619827917275e-14,0.9949521633463171,2.220446049250313e-16,2
Type4,0.1894,0.78,F=0.420832259345,0.4208322593452432,0.4208322593452432,5296,5296,8.326672684688674e-17,1.6653345369377348e-16,4.2521541843143495e-14,0.9949521633463171,2.220446049250313e-16,2
Type4,0.1894,0.8,F=0.250000000000,0.25000000000000255,0.3999999999999999,0,989,5.551115123125783e-17,1.1102230246251565e-16,9.298117831235686e-15,0.9643669412919696,1.1102230246251565e-16,2
Type4,0.1894,0.82,F=0.250000000000,0.25000000000000255,0.385,0,911,5.551115123125783e-17,1.1102230246251565e-16,9.298117831235686e-15,0.9643669412919696,1.1102230246251565e-16,2
Type4,0.1894,0.84,F=0.250000000000,0.25000000000000255,0.37,0,883,5.551115123125783e-17,1.1102230246251565e-16,9.298117831235686e-15,0.9643669412919696,1.1102230246251565e-16,2
Type4,0.1894,0.86,F=0.250000000000,0.25000000000000255,0.355,0,867,5.551115123125783e-17,1.1102230246251565e-16,9.298117831235686e-15,0.9643669412919696,1.3877787807814457e-16,2
Type4,0.1894,0.88,F=0.250000000000,0.25000000000000255,0.33999999999999997,0,855,5.551115123125783e-17,1.1102230246251565e-16,9.298117831235686e-15,0.9643669412919696,2.220446049250313e-16,2
Type4,0.1894,0.9,F=0.250000000000,0.25000000000000255,0.32499999999999996,0,845,5.551115123125783e-17,1.1102230246251565e-16,9.298117831235686e-15,0.9643669412919696,1.1102230246251565e-16,2
Type4,0.1894,0.92,F=0.250000000000,0.25000000000000255,0.30999999999999994,0,836,5.551115123125783e-17,1.1102230246251565e-16,9.298117831235686e-15,0.9643669412919696,2.220446049250313e-16,2
Type4,0.1894,0.94,F=0.250000000000,0.25000000000000255,0.29500000000000004,0,825,5.551115123125783e-17,1.1102230246251565e-16,9.298117831235686e-15,0.9643669412919696,8.326672684688674e-17,2
Type4,0.1894,0.96,F=0.250000000000,0.25000000000000255,0.28,0,811,5.551115123125783e-17,1.1102230246251565e-16,9.298117831235686e-15,0.9643669412919696,5.551115123125783e-17,2
Type4,0.1894,0.98,F=0.250000000000,0.25000000000000255,0.265,0,789,5.551115123125783e-17,1.1102230246251565e-16,9.298117831235686e-15,0.9643669412919696,1.3877787807814457e-16,2
Type4,0.1894,1.0,F=0.250000000000,0.25,0.25,0,1,0.0,0.0,0.0,0.9643669412919696,0.0,2
Type4,0.18941,0.02,F=0.419009784703,0.41900978470347183,0.985,0,8081,8.326672684688674e-17,1.6653345369377348e-16,6.88338275267597e-14,0.9968387323591282,2.220446049250313e-16,2
Type4,0.18941,0.04,F=0.419009784703,0.41900978470347183,0.97,0,8081,8.326672684688674e-17,1.6653345369377348e-16,6.88338275267597e-14,0.9968387323591282,2.220446049250313e-16,2
Type4,0.18941,0.06,F=0.419009784703,0.41900978470347183,0.955,0,8081,8.326672684688674e-17,1.6653345369377348e-16,6.88338275267597e-14,0.9968387323591282,2.220446049250313e-16,2
Type4,0.18941,0.08,F=0.419009784703,0.41900978470347183,0.94,0,8081,8.326672684688674e-17,1.6653345369377348e-16,6.88338275267597e-14,0.9968387323591282,2.220446049250313e-16,2
Type4,0.18941,0.1,F=0.419009784703,0.41900978470347183,0.925,0,8081,8.326672684688674e-17,1.6653345369377348e-16,6.88338275267597e-14,0.9968387323591282,2.220446049250313e-16,2
Type4,0.18941,0.12,F=0.419009784703,0.41900978470347183,0.91,0,8081,8.326672684688674e-17,1.6653345369377348e-16,6.88338275267597e-14,0.9968387323591282,2.220446049250313e-16,2
Type4,0.18941,0.14,F=0.419009784703,0.41900978470347183,0.895,0,8081,8.326672684688674e-17,1.6653345369377348e-16,6.88338275267597e-14,0.9968387323591282,2.220446049250313e-16,2
Type4,0.18941,0.16,F=0.419009784703,0.41900978470347183,0.88,0,8081,8.326672684688674e-17,1.6653345369377348e-16,6.88338275267597e-14,0.9968387323591282,2.220446049250313e-16,2
Type4,0.18941,0.18,F=0.419009784703,0.41900978470347183,0.865,0,8081,8.326672684688674e-17,1.6653345369377348e-16,6.88338275267597e-14,0.9968387323591282,2.220446049250313e-16,2
Type4,0.18941,0.2,F=0.419009784703,0.41900978470347183,0.85,0,8081,8.326672684688674e-17,1.6653345369377348e-16,6.88338275267597e-14,0.9968387323591282,2.498001805406602e-16,2
Type4,0.18941,0.22,F=0.419009784703,0.41900978470347183,0.835,0,8081,8.326672684688674e-17,1.6653345369377348e-16,6.88338275267597e-14,0.9968387323591282,2.220446049250313e-16,2
Type4,0.18941,0.24,F=0.419009784703,0.41900978470347183,0.8200000000000001,0,8080,8.326672684688674e-17,1.6653345369377348e-16,6.88338275267597e-14,0.9968387323591282,2.220446049250313e-16,2
Type4,0.18941,0.26,F=0.419009784703,0.41900978470347183,0.8049999999999999,0,8080,8.326672684688674e-17,1.6653345369377348e-16,6.88338275267597e-14,0.9968387323591282,2.220446049250313e-16,2
Type4,0.18941,0.28,F=0.419009784703,0.41900978470347183,0.79,0,8080,8.326672684688674e-17,1.6653345369377348e-16,6.88338275267597e-14,0.9968387323591282,2.220446049250313e-16,2
Type4,0.18941,0.3,F=0.419009784703,0.41900978470347183,0.775,0,8080,8.326672684688674e-17,1.6653345369377348e-16,6.88338275267597e-14,0.9968387323591282,2.220446049250313e-16,2
Type4,0.18941,0.32,F=0.419009784703,0.41900978470347183,0.76,0,8080,8.326672684688674e-17,1.6653345369377348e-16,6.88338275267597e-14,0.9968387323591282,2.220446049250313e-16,2
Type4,0.18941,0.34,F=0.419009784703,0.41900978470347183,0.745,0,8080,8.326672684688674e-17,1.6653345369377348e-16,6.88338275267597e-14,0.9968387323591282,2.220446049250313e-16,2
Type4,0.18941,0.36,F=0.419009784703,0.41900978470347183,0.73,0,8080,8.326672684688674e-17,1.6653345369377348e-16,6.88338275267597e-14,0.9968387323591282,2.220446049250313e-16,2
Type4,0.18941,0.38,F=0.419009784703,0.41900978470347183,0.715,0,8080,8.326672684688674e-17,1.6653345369377348e-16,6.88338275267597e-14,0.9968387323591282,2.220446049250313e-16,2
Type4,0.18941,0.4,F=0.419009784703,0.41900978470347183,0.7,0,8080,8.326672684688674e-17,1.6653345369377348e-16,6.88338275267597e-14,0.9968387323591282,2.498001805406602e-16,2
Type4,0.18941,0.42,F=0.419009784703,0.41900978470347183,0.685,0,8080,8.326672684688674e-17,1.6653345369377348e-16,6.88338275267597e-14,0.9968387323591282,2.220446049250313e-16,2
Type4,0.18941,0.44,F=0.419009784703,0.41900978470347183,0.6699999999999999,0,8080,8.326672684688674e-17,1.6653345369377348e-16,6.88338275267597e-14,0.9968387323591282,2.220446049250313e-16,2
Type4,0.18941,0.46,F=0.419009784703,0.41900978470347183,0.655,0,8079,8.326672684688674e-17,1.6653345369377348e-16,6.88338275267597e-14,0.9968387323591282,2.498001805406602e-16,2
Type4,0.18941,0.48,F=0.419009784703,0.41900978470347183,0.64,0,8079,8.326672684688674e-17,1.6653345369377348e-16,6.88338275267597e-14,0.9968387323591282,2.220446049250313e-16,2
Type4,0.18941,0.5,F=0.419009784703,0.41900978470347183,0.625,0,8079,8.326672684688674e-17,1.6653345369377348e-16,6.88338275267597e-14,0.9968387323591282,2.220446049250313e-16,2
Type4,0.18941,0.52,F=0.419009784703,0.41900978470347183,0.61,0,8078,8.326672684688674e-17,1.6653345369377348e-16,6.88338275267597e-14,0.9968387323591282,2.220446049250313e-16,2
Type4,0.18941,0.54,F=0.419009784703,0.41900978470347183,0.595,0,8078,8.326672684688674e-17,1.6653345369377348e-16,6.88338275267597e-14,0.9968387323591282,2.220446049250313e-16,2
Type4,0.18941,0.56,F=0.419009784703,0.41900978470347183,0.58,0,8077,8.326672684688674e-17,1.6653345369377348e-16,6.88338275267597e-14,0.9968387323591282,2.220446049250313e-16,2
Type4,0.18941,0.58,F=0.419009784703,0.41900978470347183,0.5650000000000001,0,8077,8.326672684688674e-17,1.6653345369377348e-16,6.88338275267597e-14,0.9968387323591282,2.220446049250313e-16,2
Type4,0.18941,0.6,F=0.419009784703,0.41900978470347183,0.55,0,8076,8.326672684688674e-17,1.6653345369377348e-16,6.88338275267597e-14,0.9968387323591282,2.220446049250313e-16,2
Type4,0.18941,0.62,F=0.419009784703,0.41900978470347183,0.535,0,8075,8.326672684688674e-17,1.6653345369377348e-16,6.88338275267597e-14,0.9968387323591282,2.220446049250313e-16,2
Type4,0.18941,0.64,F=0.419009784703,0.41900978470347183,0.52,0,8074,8.326672684688674e-17,1.6653345369377348e-16,6.88338275267597e-14,0.9968387323591282,2.220446049250313e-16,2
Type4,0.18941,0.66,F=0.419009784703,0.41900978470347183,0.505,0,8071,8.326672684688674e-17,1.6653345369377348e-16,6.88338275267597e-14,0.9968387323591282,2.220446049250313e-16,2
Type4,0.18941,0.68,F=0.419009784703,0.41900978470347183,0.49,0,8069,8.326672684688674e-17,1.6653345369377348e-16,6.88338275267597e-14,0.9968387323591282,2.220446049250313e-16,2
Type4,0.18941,0.7,F=0.419009784703,0.41900978470347183,0.4750000000000001,0,8064,8.326672684688674e-17,1.6653345369377348e-16,6.88338275267597e-14,0.9968387323591282,2.220446049250313e-16,2
Type4,0.18941,0.72,F=0.419009784703,0.41900978470347183,0.45999999999999996,0,8055,8.326672684688674e-17,1.6653345369377348e-16,6.88338275267597e-14,0.9968387323591282,2.220446049250313e-16,2
Type4,0.18941,0.74,F=0.419009784703,0.41900978470347183,0.44500000000000006,0,8036,8.326672684688674e-17,1.6653345369377348e-16,6.88338275267597e-14,0.9968387323591282,2.220446049250313e-16,2
Type4,0.18941,0.76,F=0.419009784703,0.41900978470347183,0.42999999999999994,0,7974,8.326672684688674e-17,1.6653345369377348e-16,6.88338275267597e-14,0.9968387323591282,2.220446049250313e-16,2
Type4,0.18941,0.78,F=0.419009784703,0.41900978470338485,0.41900978470338485,8187,8187,8.326672684688674e-17,1.6653345369377348e-16,4.823919041996305e-14,0.9968387323591282,2.220446049250313e-16,2
Type4,0.18941,0.8,F=0.250000000000,0.25000000000000255,0.3999999999999999,0,985,5.551115123125783e-17,1.1102230246251565e-16,9.298117831235686e-15,0.9643259248443882,1.1102230246251565e-16,2
Type4,0.18941,0.82,F=0.250000000000,0.25000000000000255,0.385,0,910,5.551115123125783e-17,1.1102230246251565e-16,9.298117831235686e-15,0.9643259248443882,1.1102230246251565e-16,2
Type4,0.18941,0.84,F=0.250000000000,0.25000000000000255,0.37,0,882,5.551115123125783e-17,1.1102230246251565e-16,9.298117831235686e-15,0.9643259248443882,1.3877787807814457e-16,2
Type4,0.18941,0.86,F=0.250000000000,0.25000000000000255,0.355,0,866,5.551115123125783e-17,1.1102230246251565e-16,9.298117831235686e-15,0.9643259248443882,1.1102230246251565e-16,2
Type4,0.18941,0.88,F=0.250000000000,0.25000000000000255,0.33999999999999997,0,854,5.551115123125783e-17,1.1102230246251565e-16,9.298117831235686e-15,0.9643259248443882,1.1102230246251565e-16,2
Type4,0.18941,0.9,F=0.250000000000,0.25000000000000255,0.32499999999999996,0,844,5.551115123125783e-17,1.1102230246251565e-16,9.298117831235686e-15,0.9643259248443882,1.6653345369377348e-16,2
Type4,0.18941,0.92,F=0.250000000000,0.25000000000000255,0.30999999999999994,0,835,5.551115123125783e-17,1.1102230246251565e-16,9.298117831235686e-15,0.9643259248443882,1.1102230246251565e-16,2
Type4,0.18941,0.94,F=0.250000000000,0.25000000000000255,0.29500000000000004,0,824,5.551115123125783e-17,1.1102230246251565e-16,9.298117831235686e-15,0.9643259248443882,1.1102230246251565e-16,2
Type4,0.18941,0.96,F=0.250000000000,0.25000000000000255,0.28,0,810,5.551115123125783e-17,1.1102230246251565e-16,9.298117831235686e-15,0.9643259248443882,8.326672684688674e-17,2
Type4,0.18941,0.98,F=0.250000000000,0.25000000000000255,0.265,0,789,5.551115123125783e-17,1.1102230246251565e-16,9.298117831235686e-15,0.9643259248443882,5.551115123125783e-17,2
Type4,0.18941,1.0,F=0.250000000000,0.25,0.25,0,1,0.0,0.0,0.0,0.9643259248443882,0.0,2
Type4,0.190,0.02,F=0.250000000000,0.25000000000000244,0.985,0,984,5.551115123125783e-17,1.1102230246251565e-16,8.854028621385623e-15,0.96190821,2.220446049250313e-16,1
Type4,0.190,0.04,F=0.250000000000,0.25000000000000244,0.97,0,984,5.551115123125783e-17,1.1102230246251565e-16,8.854028621385623e-15,0.96190821,1.6653345369377348e-16,1
Type4,0.190,0.06,F=0.250000000000,0.25000000000000244,0.955,0,984,5.551115123125783e-17,1.1102230246251565e-16,8.854028621385623e-15,0.96190821,1.6653345369377348e-16,1
Type4,0.190,0.08,F=0.250000000000,0.25000000000000244,0.94,0,984,5.551115123125783e-17,1.1102230246251565e-16,8.854028621385623e-15,0.96190821,2.220446049250313e-16,1
Type4,0.190,0.1,F=0.250000000000,0.25000000000000244,0.925,0,984,5.551115123125783e-17,1.1102230246251565e-16,8.854028621385623e-15,0.96190821,1.1102230246251565e-16,1
Type4,0.190,0.12,F=0.250000000000,0.25000000000000244,0.91,0,984,5.551115123125783e-17,1.1102230246251565e-16,8.854028621385623e-15,0.96190821,1.1102230246251565e-16,1
Type4,0.190,0.14,F=0.250000000000,0.25000000000000244,0.895,0,984,5.551115123125783e-17,1.1102230246251565e-16,8.854028621385623e-15,0.96190821,1.1102230246251565e-16,1
Type4,0.190,0.16,F=0.250000000000,0.25000000000000244,0.88,0,984,5.551115123125783e-17,1.1102230246251565e-16,8.854028621385623e-15,0.96190821,1.6653345369377348e-16,1
Type4,0.190,0.18,F=0.250000000000,0.25000000000000244,0.865,0,984,5.551115123125783e-17,1.1102230246251565e-16,8.854028621385623e-15,0.96190821,1.1102230246251565e-16,1
Type4,0.190,0.2,F=0.250000000000,0.25000000000000244,0.85,0,984,5.551115123125783e-17,1.1102230246251565e-16,8.854028621385623e-15,0.96190821,2.220446049250313e-16,1
Type4,0.190,0.22,F=0.250000000000,0.25000000000000244,0.835,0,984,5.551115123125783e-17,1.1102230246251565e-16,8.854028621385623e-15,0.96190821,2.7755575615628914e-16,1
Type4,0.190,0.24,F=0.250000000000,0.25000000000000244,0.8200000000000001,0,984,5.551115123125783e-17,1.1102230246251565e-16,8.854028621385623e-15,0.96190821,2.220446049250313e-16,1
Type4,0.190,0.26,F=0.250000000000,0.25000000000000244,0.8049999999999999,0,983,5.551115123125783e-17,1.1102230246251565e-16,8.854028621385623e-15,0.96190821,1.1102230246251565e-16,1
Type4,0.190,0.28,F=0.250000000000,0.25000000000000244,0.79,0,983,5.551115123125783e-17,1.1102230246251565e-16,8.854028621385623e-15,0.96190821,1.3877787807814457e-16,1
Type4,0.190,0.3,F=0.250000000000,0.25000000000000244,0.775,0,983,5.551115123125783e-17,1.1102230246251565e-16,8.854028621385623e-15,0.96190821,1.3877787807814457e-16,1
Type4,0.190,0.32,F=0.250000000000,0.25000000000000244,0.76,0,983,5.551115123125783e-17,1.1102230246251565e-16,8.854028621385623e-15,0.96190821,1.1102230246251565e-16,1
Type4,0.190,0.34,F=0.250000000000,0.25000000000000244,0.745,0,983,5.551115123125783e-17,1.1102230246251565e-16,8.854028621385623e-15,0.96190821,2.220446049250313e-16,1
Type4,0.190,0.36,F=0.250000000000,0.25000000000000244,0.73,0,983,5.551115123125783e-17,1.1102230246251565e-16,8.854028621385623e-15,0.96190821,1.1102230246251565e-16,1
Type4,0.190,0.38,F=0.250000000000,0.25000000000000244,0.715,0,983,5.551115123125783e-17,1.1102230246251565e-16,8.854028621385623e-15,0.96190821,1.6653345369377348e-16,1
Type4,0.190,0.4,F=0.250000000000,0.25000000000000244,0.7,0,983,5.551115123125783e-17,1.1102230246251565e-16,8.854028621385623e-15,0.96190821,1.1102230246251565e-16,1
Type4,0.190,0.42,F=0.250000000000,0.25000000000000244,0.685,0,983,5.551115123125783e-17,1.1102230246251565e-16,8.854028621385623e-15,0.96190821,1.1102230246251565e-16,1
Type4,0.190,0.44,F=0.250000000000,0.25000000000000244,0.6699999999999999,0,983,5.551115123125783e-17,1.1102230246251565e-16,8.854028621385623e-15,0.96190821,2.220446049250313e-16,1
Type4,0.190,0.46,F=0.250000000000,0.25000000000000244,0.655,0,982,5.551115123125783e-17,1.1102230246251565e-16,8.854028621385623e-15,0.96190821,1.1102230246251565e-16,1
Type4,0.190,0.48,F=0.250000000000,0.25000000000000244,0.64,0,982,5.551115123125783e-17,1.1102230246251565e-16,8.854028621385623e-15,0.96190821,2.7755575615628914e-16,1
Type4,0.190,0.5,F=0.250000000000,0.25000000000000244,0.625,0,982,5.551115123125783e-17,1.1102230246251565e-16,8.854028621385623e-15,0.96190821,2.220446049250313e-16,1
Type4,0.190,0.52,F=0.250000000000,0.25000000000000244,0.61,0,982,5.551115123125783e-17,1.1102230246251565e-16,8.854028621385623e-15,0.96190821,2.7755575615628914e-16,1
Type4,0.190,0.54,F=0.250000000000,0.25000000000000244,0.595,0,981,5.551115123125783e-17,1.1102230246251565e-16,8.854028621385623e-15,0.96190821,1.6653345369377348e-16,1
Type4,0.190,0.56,F=0.250000000000,0.25000000000000244,0.58,0,981,5.551115123125783e-17,1.1102230246251565e-16,8.854028621385623e-15,0.96190821,2.220446049250313e-16,1
Type4,0.190,0.58,F=0.250000000000,0.25000000000000244,0.5650000000000001,0,980,5.551115123125783e-17,1.1102230246251565e-16,8.854028621385623e-15,0.96190821,1.942890293094024e-16,1
Type4,0.190,0.6,F=0.250000000000,0.25000000000000244,0.55,0,979,5.551115123125783e-17,1.1102230246251565e-16,8.854028621385623e-15,0.96190821,1.1102230246251565e-16,1
Type4,0.190,0.62,F=0.250000000000,0.25000000000000244,0.535,0,978,5.551115123125783e-17,1.1102230246251565e-16,8.854028621385623e-15,0.96190821,2.220446049250313e-16,1
Type4,0.190,0.64,F=0.250000000000,0.25000000000000244,0.52,0,977,5.551115123125783e-17,1.1102230246251565e-16,8.854028621385623e-15,0.96190821,2.220446049250313e-16,1
Type4,0.190,0.66,F=0.250000000000,0.25000000000000244,0.505,0,975,5.551115123125783e-17,1.1102230246251565e-16,8.854028621385623e-15,0.96190821,2.220446049250313e-16,1
Type4,0.190,0.68,F=0.250000000000,0.25000000000000244,0.49,0,972,5.551115123125783e-17,1.1102230246251565e-16,8.854028621385623e-15,0.96190821,2.220446049250313e-16,1
Type4,0.190,0.7,F=0.250000000000,0.25000000000000244,0.4750000000000001,0,968,5.551115123125783e-17,1.1102230246251565e-16,8.854028621385623e-15,0.96190821,1.6653345369377348e-16,1
Type4,0.190,0.72,F=0.250000000000,0.25000000000000244,0.45999999999999996,0,962,5.551115123125783e-17,1.1102230246251565e-16,8.854028621385623e-15,0.96190821,2.220446049250313e-16,1
Type4,0.190,0.74,F=0.250000000000,0.25000000000000244,0.44500000000000006,0,951,5.551115123125783e-17,1.1102230246251565e-16,8.854028621385623e-15,0.96190821,1.1102230246251565e-16,1
Type4,0.190,0.76,F=0.250000000000,0.25000000000000244,0.42999999999999994,0,931,5.551115123125783e-17,1.1102230246251565e-16,8.854028621385623e-15,0.96190821,2.7755575615628914e-16,1
Type4,0.190,0.78,F=0.250000000000,0.25000000000000244,0.41500000000000004,0,899,5.551115123125783e-17,1.1102230246251565e-16,8.854028621385623e-15,0.96190821,1.1102230246251565e-16,1
Type4,0.190,0.8,F=0.250000000000,0.25000000000000244,0.3999999999999999,0,864,5.551115123125783e-17,1.1102230246251565e-16,8.854028621385623e-15,0.96190821,1.6653345369377348e-16,1
Type4,0.190,0.82,F=0.250000000000,0.25000000000000244,0.385,0,839,5.551115123125783e-17,1.1102230246251565e-16,8.854028621385623e-15,0.96190821,2.220446049250313e-16,1
Type4,0.190,0.84,F=0.250000000000,0.25000000000000244,0.37,0,822,5.551115123125783e-17,1.1102230246251565e-16,8.854028621385623e-15,0.96190821,2.220446049250313e-16,1
Type4,0.190,0.86,F=0.250000000000,0.25000000000000244,0.355,0,809,5.551115123125783e-17,1.1102230246251565e-16,8.854028621385623e-15,0.96190821,1.1102230246251565e-16,1
Type4,0.190,0.88,F=0.250000000000,0.25000000000000244,0.33999999999999997,0,800,5.551115123125783e-17,1.1102230246251565e-16,8.854028621385623e-15,0.96190821,8.326672684688674e-17,1
Type4,0.190,0.9,F=0.250000000000,0.25000000000000244,0.32499999999999996,0,791,5.551115123125783e-17,1.1102230246251565e-16,8.854028621385623e-15,0.96190821,1.1102230246251565e-16,1
Type4,0.190,0.92,F=0.250000000000,0.25000000000000244,0.30999999999999994,0,782,5.551115123125783e-17,1.1102230246251565e-16,8.854028621385623e-15,0.96190821,1.1102230246251565e-16,1
Type4,0.190,0.94,F=0.250000000000,0.25000000000000244,0.29500000000000004,0,772,5.551115123125783e-17,1.1102230246251565e-16,8.854028621385623e-15,0.96190821,1.6653345369377348e-16,1
Type4,0.190,0.96,F=0.250000000000,0.25000000000000244,0.28,0,759,5.551115123125783e-17,1.1102230246251565e-16,8.854028621385623e-15,0.96190821,8.326672684688674e-17,1
Type4,0.190,0.98,F=0.250000000000,0.25000000000000244,0.265,0,739,5.551115123125783e-17,1.1102230246251565e-16,8.854028621385623e-15,0.96190821,1.1102230246251565e-16,1
Type4,0.190,1.0,F=0.250000000000,0.25,0.25,0,1,0.0,0.0,0.0,0.96190821,0.0,1
Type4,0.20,0.02,F=0.250000000000,0.2500000000000011,0.985,0,412,8.326672684688674e-17,8.326672684688674e-17,3.9968028886505635e-15,0.9216,1.1102230246251565e-16,1
Type4,0.20,0.04,F=0.250000000000,0.2500000000000011,0.97,0,412,8.326672684688674e-17,8.326672684688674e-17,3.9968028886505635e-15,0.9216,1.1102230246251565e-16,1
Type4,0.20,0.06,F=0.250000000000,0.2500000000000011,0.955,0,412,8.326672684688674e-17,8.326672684688674e-17,3.9968028886505635e-15,0.9216,1.1102230246251565e-16,1
Type4,0.20,0.08,F=0.250000000000,0.2500000000000011,0.94,0,412,8.326672684688674e-17,8.326672684688674e-17,3.9968028886505635e-15,0.9216,1.1102230246251565e-16,1
Type4,0.20,0.1,F=0.250000000000,0.2500000000000011,0.925,0,412,8.326672684688674e-17,8.326672684688674e-17,3.9968028886505635e-15,0.9216,1.1102230246251565e-16,1
Type4,0.20,0.12,F=0.250000000000,0.250000000000001,0.91,0,413,8.326672684688674e-17,5.551115123125783e-17,3.524958103184872e-15,0.9216,1.1102230246251565e-16,1
Type4,0.20,0.14,F=0.250000000000,0.250000000000001,0.895,0,413,8.326672684688674e-17,5.551115123125783e-17,3.524958103184872e-15,0.9216,1.6653345369377348e-16,1
Type4,0.20,0.16,F=0.250000000000,0.250000000000001,0.88,0,413,8.326672684688674e-17,5.551115123125783e-17,3.524958103184872e-15,0.9216,1.1102230246251565e-16,1
Type4,0.20,0.18,F=0.250000000000,0.250000000000001,0.865,0,413,8.326672684688674e-17,5.551115123125783e-17,3.524958103184872e-15,0.9216,1.1102230246251565e-16,1
Type4,0.20,0.2,F=0.250000000000,0.250000000000001,0.85,0,413,8.326672684688674e-17,5.551115123125783e-17,3.524958103184872e-15,0.9216,1.1102230246251565e-16,1
Type4,0.20,0.22,F=0.250000000000,0.250000000000001,0.835,0,413,8.326672684688674e-17,5.551115123125783e-17,3.524958103184872e-15,0.9216,1.1102230246251565e-16,1
Type4,0.20,0.24,F=0.250000000000,0.250000000000001,0.8200000000000001,0,413,8.326672684688674e-17,5.551115123125783e-17,3.524958103184872e-15,0.9216,1.1102230246251565e-16,1
Type4,0.20,0.26,F=0.250000000000,0.250000000000001,0.8049999999999999,0,413,8.326672684688674e-17,5.551115123125783e-17,3.524958103184872e-15,0.9216,1.1102230246251565e-16,1
Type4,0.20,0.28,F=0.250000000000,0.250000000000001,0.79,0,413,8.326672684688674e-17,5.551115123125783e-17,3.524958103184872e-15,0.9216,1.6653345369377348e-16,1
Type4,0.20,0.3,F=0.250000000000,0.250000000000001,0.775,0,413,8.326672684688674e-17,5.551115123125783e-17,3.524958103184872e-15,0.9216,5.551115123125783e-17,1
Type4,0.20,0.32,F=0.250000000000,0.250000000000001,0.76,0,413,8.326672684688674e-17,5.551115123125783e-17,3.524958103184872e-15,0.9216,1.1102230246251565e-16,1
Type4,0.20,0.34,F=0.250000000000,0.2500000000000011,0.745,0,411,8.326672684688674e-17,8.326672684688674e-17,3.9968028886505635e-15,0.9216,1.6653345369377348e-16,1
Type4,0.20,0.36,F=0.250000000000,0.2500000000000011,0.73,0,411,8.326672684688674e-17,8.326672684688674e-17,3.9968028886505635e-15,0.9216,1.1102230246251565e-16,1
Type4,0.20,0.38,F=0.250000000000,0.2500000000000011,0.715,0,411,8.326672684688674e-17,8.326672684688674e-17,3.9968028886505635e-15,0.9216,1.1102230246251565e-16,1
Type4,0.20,0.4,F=0.250000000000,0.2500000000000011,0.7,0,411,8.326672684688674e-17,8.326672684688674e-17,3.9968028886505635e-15,0.9216,8.326672684688674e-17,1
Type4,0.20,0.42,F=0.250000000000,0.2500000000000011,0.685,0,411,8.326672684688674e-17,8.326672684688674e-17,3.9968028886505635e-15,0.9216,2.220446049250313e-16,1
Type4,0.20,0.44,F=0.250000000000,0.250000000000001,0.6699999999999999,0,412,8.326672684688674e-17,5.551115123125783e-17,3.524958103184872e-15,0.9216,2.220446049250313e-16,1
Type4,0.20,0.46,F=0.250000000000,0.250000000000001,0.655,0,412,8.326672684688674e-17,5.551115123125783e-17,3.524958103184872e-15,0.9216,1.6653345369377348e-16,1
Type4,0.20,0.48,F=0.250000000000,0.250000000000001,0.64,0,412,8.326672684688674e-17,5.551115123125783e-17,3.524958103184872e-15,0.9216,1.6653345369377348e-16,1
Type4,0.20,0.5,F=0.250000000000,0.2500000000000011,0.625,0,410,8.326672684688674e-17,8.326672684688674e-17,3.9968028886505635e-15,0.9216,1.1102230246251565e-16,1
Type4,0.20,0.52,F=0.250000000000,0.2500000000000011,0.61,0,410,8.326672684688674e-17,8.326672684688674e-17,3.9968028886505635e-15,0.9216,1.6653345369377348e-16,1
Type4,0.20,0.54,F=0.250000000000,0.250000000000001,0.595,0,411,8.326672684688674e-17,5.551115123125783e-17,3.524958103184872e-15,0.9216,5.551115123125783e-17,1
Type4,0.20,0.56,F=0.250000000000,0.250000000000001,0.58,0,411,8.326672684688674e-17,5.551115123125783e-17,3.524958103184872e-15,0.9216,2.220446049250313e-16,1
Type4,0.20,0.58,F=0.250000000000,0.2500000000000011,0.5650000000000001,0,409,8.326672684688674e-17,8.326672684688674e-17,3.9968028886505635e-15,0.9216,1.1102230246251565e-16,1
Type4,0.20,0.6,F=0.250000000000,0.250000000000001,0.55,0,410,8.326672684688674e-17,5.551115123125783e-17,3.524958103184872e-15,0.9216,8.326672684688674e-17,1
Type4,0.20,0.62,F=0.250000000000,0.2500000000000011,0.535,0,408,8.326672684688674e-17,8.326672684688674e-17,3.9968028886505635e-15,0.9216,1.942890293094024e-16,1
Type4,0.20,0.64,F=0.250000000000,0.250000000000001,0.52,0,409,8.326672684688674e-17,5.551115123125783e-17,3.524958103184872e-15,0.9216,1.1102230246251565e-16,1
Type4,0.20,0.66,F=0.250000000000,0.250000000000001,0.505,0,408,8.326672684688674e-17,5.551115123125783e-17,3.524958103184872e-15,0.9216,1.1102230246251565e-16,1
Type4,0.20,0.68,F=0.250000000000,0.250000000000001,0.49,0,407,8.326672684688674e-17,5.551115123125783e-17,3.524958103184872e-15,0.9216,1.1102230246251565e-16,1
Type4,0.20,0.7,F=0.250000000000,0.250000000000001,0.4750000000000001,0,406,8.326672684688674e-17,5.551115123125783e-17,3.524958103184872e-15,0.9216,1.6653345369377348e-16,1
Type4,0.20,0.72,F=0.250000000000,0.250000000000001,0.45999999999999996,0,405,8.326672684688674e-17,5.551115123125783e-17,3.524958103184872e-15,0.9216,1.942890293094024e-16,1
Type4,0.20,0.74,F=0.250000000000,0.2500000000000011,0.44500000000000006,0,402,8.326672684688674e-17,8.326672684688674e-17,3.9968028886505635e-15,0.9216,1.3877787807814457e-16,1
Type4,0.20,0.76,F=0.250000000000,0.2500000000000011,0.42999999999999994,0,400,8.326672684688674e-17,8.326672684688674e-17,3.9968028886505635e-15,0.9216,5.551115123125783e-17,1
Type4,0.20,0.78,F=0.250000000000,0.250000000000001,0.41500000000000004,0,400,8.326672684688674e-17,5.551115123125783e-17,3.524958103184872e-15,0.9216,1.1102230246251565e-16,1
Type4,0.20,0.8,F=0.250000000000,0.2500000000000011,0.3999999999999999,0,396,8.326672684688674e-17,8.326672684688674e-17,3.9968028886505635e-15,0.9216,1.1102230246251565e-16,1
Type4,0.20,0.82,F=0.250000000000,0.2500000000000011,0.385,0,394,8.326672684688674e-17,8.326672684688674e-17,3.9968028886505635e-15,0.9216,1.1102230246251565e-16,1
Type4,0.20,0.84,F=0.250000000000,0.250000000000001,0.37,0,393,8.326672684688674e-17,5.551115123125783e-17,3.524958103184872e-15,0.9216,1.1102230246251565e-16,1
Type4,0.20,0.86,F=0.250000000000,0.2500000000000011,0.355,0,389,8.326672684688674e-17,8.326672684688674e-17,3.9968028886505635e-15,0.9216,8.326672684688674e-17,1
Type4,0.20,0.88,F=0.250000000000,0.2500000000000011,0.33999999999999997,0,386,8.326672684688674e-17,8.326672684688674e-17,3.9968028886505635e-15,0.9216,5.551115123125783e-17,1
Type4,0.20,0.9,F=0.250000000000,0.250000000000001,0.32499999999999996,0,384,8.326672684688674e-17,5.551115123125783e-17,3.524958103184872e-15,0.9216,5.551115123125783e-17,1
Type4,0.20,0.92,F=0.250000000000,0.2500000000000011,0.30999999999999994,0,379,8.326672684688674e-17,8.326672684688674e-17,3.9968028886505635e-15,0.9216,1.6653345369377348e-16,1
Type4,0.20,0.94,F=0.250000000000,0.250000000000001,0.29500000000000004,0,376,8.326672684688674e-17,5.551115123125783e-17,3.524958103184872e-15,0.9216,8.326672684688674e-17,1
Type4,0.20,0.96,F=0.250000000000,0.250000000000001,0.28,0,370,8.326672684688674e-17,5.551115123125783e-17,3.524958103184872e-15,0.9216,5.551115123125783e-17,1
Type4,0.20,0.98,F=0.250000000000,0.2500000000000011,0.265,0,359,8.326672684688674e-17,8.326672684688674e-17,3.9968028886505635e-15,0.9216,1.1102230246251565e-16,1
Type4,0.20,1.0,F=0.250000000000,0.25,0.25,0,1,0.0,0.0,0.0,0.9216,0.0,1
4Q,0.05,0.02,F=0.941508181095,0.9415081810948491,0.985,0,17,5.551115123125783e-17,0.0,2.220446049250313e-16,0.11879747334507337,2.220446049250313e-16,1
4Q,0.05,0.04,F=0.941508181095,0.9415081810948491,0.97,0,17,0.0,0.0,2.220446049250313e-16,0.11879747334507337,2.220446049250313e-16,1
4Q,0.05,0.06,F=0.941508181095,0.9415081810948491,0.955,0,17,5.551115123125783e-17,0.0,2.220446049250313e-16,0.11879747334507337,2.220446049250313e-16,1
4Q,0.05,0.08,F=0.941508181095,0.9415081810948491,0.9415081810948491,15,16,2.7755575615628914e-17,0.0,2.220446049250313e-16,0.11879747334507337,2.220446049250313e-16,1
4Q,0.05,0.1,F=0.941508181095,0.9415081810948491,0.9415081810948491,16,17,0.0,0.0,2.220446049250313e-16,0.11879747334507337,2.220446049250313e-16,1
4Q,0.05,0.12,F=0.941508181095,0.9415081810948491,0.9415081810948491,16,17,5.551115123125783e-17,0.0,2.220446049250313e-16,0.11879747334507337,2.220446049250313e-16,1
4Q,0.05,0.14,F=0.941508181095,0.9415081810948491,0.9415081810948491,16,17,5.551115123125783e-17,0.0,2.220446049250313e-16,0.11879747334507337,2.220446049250313e-16,1
4Q,0.05,0.16,F=0.941508181095,0.9415081810948491,0.9415081810948491,17,18,0.0,0.0,2.220446049250313e-16,0.11879747334507337,2.220446049250313e-16,1
4Q,0.05,0.18,F=0.941508181095,0.9415081810948491,0.9415081810948491,16,17,5.551115123125783e-17,2.7755575615628914e-17,2.220446049250313e-16,0.11879747334507337,2.220446049250313e-16,1
4Q,0.05,0.2,F=0.941508181095,0.9415081810948491,0.9415081810948491,17,18,0.0,0.0,2.220446049250313e-16,0.11879747334507337,2.220446049250313e-16,1
4Q,0.05,0.22,F=0.941508181095,0.9415081810948491,0.9415081810948491,17,18,0.0,0.0,2.220446049250313e-16,0.11879747334507337,2.220446049250313e-16,1
4Q,0.05,0.24,F=0.941508181095,0.9415081810948491,0.9415081810948492,17,20,8.326672684688674e-17,0.0,2.220446049250313e-16,0.11879747334507337,2.220446049250313e-16,1
4Q,0.05,0.26,F=0.941508181095,0.9415081810948491,0.9415081810948491,17,18,5.551115123125783e-17,0.0,2.220446049250313e-16,0.11879747334507337,2.220446049250313e-16,1
4Q,0.05,0.28,F=0.941508181095,0.9415081810948491,0.9415081810948491,17,18,5.551115123125783e-17,0.0,2.220446049250313e-16,0.11879747334507337,2.220446049250313e-16,1
4Q,0.05,0.3,F=0.941508181095,0.9415081810948491,0.9415081810948491,17,18,5.551115123125783e-17,0.0,2.220446049250313e-16,0.11879747334507337,0.0,1
4Q,0.05,0.32,F=0.941508181095,0.9415081810948491,0.9415081810948492,17,19,8.326672684688674e-17,0.0,2.220446049250313e-16,0.11879747334507337,2.220446049250313e-16,1
4Q,0.05,0.34,F=0.941508181095,0.9415081810948491,0.9415081810948491,17,18,8.326672684688674e-17,8.326672684688674e-17,1.1102230246251565e-16,0.11879747334507337,2.220446049250313e-16,1
4Q,0.05,0.36,F=0.941508181095,0.9415081810948491,0.9415081810948491,17,18,2.7755575615628914e-17,8.326672684688674e-17,1.1102230246251565e-16,0.11879747334507337,2.220446049250313e-16,1
4Q,0.05,0.38,F=0.941508181095,0.9415081810948491,0.9415081810948491,18,19,0.0,0.0,2.220446049250313e-16,0.11879747334507337,2.220446049250313e-16,1
4Q,0.05,0.4,F=0.941508181095,0.9415081810948491,0.9415081810948491,17,18,2.7755575615628914e-17,8.326672684688674e-17,1.1102230246251565e-16,0.11879747334507337,2.220446049250313e-16,1
4Q,0.05,0.42,F=0.941508181095,0.9415081810948491,0.9415081810948491,18,19,0.0,0.0,2.220446049250313e-16,0.11879747334507337,2.220446049250313e-16,1
4Q,0.05,0.44,F=0.941508181095,0.9415081810948491,0.9415081810948491,18,19,0.0,0.0,2.220446049250313e-16,0.11879747334507337,2.220446049250313e-16,1
4Q,0.05,0.46,F=0.941508181095,0.9415081810948491,0.9415081810948491,18,19,0.0,0.0,2.220446049250313e-16,0.11879747334507337,2.220446049250313e-16,1
4Q,0.05,0.48,F=0.941508181095,0.9415081810948491,0.9415081810948491,18,19,0.0,0.0,2.220446049250313e-16,0.11879747334507337,2.220446049250313e-16,1
4Q,0.05,0.5,F=0.941508181095,0.9415081810948491,0.9415081810948492,18,21,8.326672684688674e-17,0.0,2.220446049250313e-16,0.11879747334507337,2.220446049250313e-16,1
4Q,0.05,0.52,F=0.941508181095,0.9415081810948491,0.9415081810948491,18,19,5.551115123125783e-17,0.0,2.220446049250313e-16,0.11879747334507337,2.220446049250313e-16,1
4Q,0.05,0.54,F=0.941508181095,0.9415081810948491,0.9415081810948491,18,19,5.551115123125783e-17,0.0,2.220446049250313e-16,0.11879747334507337,2.220446049250313e-16,1
4Q,0.05,0.56,F=0.941508181095,0.9415081810948491,0.9415081810948491,18,19,5.551115123125783e-17,0.0,2.220446049250313e-16,0.11879747334507337,2.220446049250313e-16,1
4Q,0.05,0.58,F=0.941508181095,0.9415081810948491,0.9415081810948491,18,19,2.7755575615628914e-17,0.0,2.220446049250313e-16,0.11879747334507337,2.220446049250313e-16,1
4Q,0.05,0.6,F=0.941508181095,0.9415081810948491,0.9415081810948491,18,19,2.7755575615628914e-17,0.0,2.220446049250313e-16,0.11879747334507337,2.220446049250313e-16,1
4Q,0.05,0.62,F=0.941508181095,0.9415081810948491,0.9415081810948491,19,20,0.0,0.0,2.220446049250313e-16,0.11879747334507337,2.220446049250313e-16,1
4Q,0.05,0.64,F=0.941508181095,0.9415081810948491,0.9415081810948491,18,19,2.7755575615628914e-17,8.326672684688674e-17,1.1102230246251565e-16,0.11879747334507337,2.220446049250313e-16,1
4Q,0.05,0.66,F=0.941508181095,0.9415081810948491,0.9415081810948491,19,20,0.0,0.0,2.220446049250313e-16,0.11879747334507337,2.220446049250313e-16,1
4Q,0.05,0.68,F=0.941508181095,0.9415081810948491,0.9415081810948492,19,22,8.326672684688674e-17,0.0,2.220446049250313e-16,0.11879747334507337,2.220446049250313e-16,1
4Q,0.05,0.7,F=0.941508181095,0.9415081810948491,0.9415081810948491,19,20,0.0,0.0,2.220446049250313e-16,0.11879747334507337,2.220446049250313e-16,1
4Q,0.05,0.72,F=0.941508181095,0.9415081810948491,0.9415081810948491,19,20,5.551115123125783e-17,0.0,2.220446049250313e-16,0.11879747334507337,2.220446049250313e-16,1
4Q,0.05,0.74,F=0.941508181095,0.9415081810948491,0.9415081810948491,19,20,5.551115123125783e-17,0.0,2.220446049250313e-16,0.11879747334507337,2.220446049250313e-16,1
4Q,0.05,0.76,F=0.941508181095,0.9415081810948491,0.9415081810948491,19,20,5.551115123125783e-17,0.0,2.220446049250313e-16,0.11879747334507337,2.220446049250313e-16,1
4Q,0.05,0.78,F=0.941508181095,0.9415081810948491,0.9415081810948491,19,20,2.7755575615628914e-17,8.326672684688674e-17,1.1102230246251565e-16,0.11879747334507337,2.220446049250313e-16,1
4Q,0.05,0.8,F=0.941508181095,0.9415081810948491,0.9415081810948491,19,20,5.551115123125783e-17,2.7755575615628914e-17,2.220446049250313e-16,0.11879747334507337,2.220446049250313e-16,1
4Q,0.05,0.82,F=0.941508181095,0.9415081810948491,0.9415081810948491,20,21,0.0,0.0,2.220446049250313e-16,0.11879747334507337,2.220446049250313e-16,1
4Q,0.05,0.84,F=0.941508181095,0.9415081810948491,0.9415081810948492,20,23,8.326672684688674e-17,0.0,2.220446049250313e-16,0.11879747334507337,2.220446049250313e-16,1
4Q,0.05,0.86,F=0.941508181095,0.9415081810948491,0.9415081810948491,20,21,2.7755575615628914e-17,0.0,2.220446049250313e-16,0.11879747334507337,2.220446049250313e-16,1
4Q,0.05,0.88,F=0.941508181095,0.9415081810948491,0.9415081810948491,21,22,0.0,0.0,2.220446049250313e-16,0.11879747334507337,2.220446049250313e-16,1
4Q,0.05,0.9,F=0.941508181095,0.9415081810948491,0.9415081810948492,21,24,8.326672684688674e-17,0.0,2.220446049250313e-16,0.11879747334507337,2.220446049250313e-16,1
4Q,0.05,0.92,F=0.941508181095,0.9415081810948491,0.9415081810948491,21,22,5.551115123125783e-17,0.0,2.220446049250313e-16,0.11879747334507337,2.220446049250313e-16,1
4Q,0.05,0.94,F=0.941508181095,0.9415081810948491,0.9415081810948491,22,23,0.0,0.0,2.220446049250313e-16,0.11879747334507337,2.220446049250313e-16,1
4Q,0.05,0.96,F=0.941508181095,0.9415081810948491,0.9415081810948491,22,23,5.551115123125783e-17,2.7755575615628914e-17,2.220446049250313e-16,0.11879747334507337,2.220446049250313e-16,1
4Q,0.05,0.98,F=0.941508181095,0.9415081810948491,0.9415081810948491,24,25,5.551115123125783e-17,0.0,2.220446049250313e-16,0.11879747334507337,8.326672684688674e-17,1
4Q,0.05,1.0,unresolved,0.25,0.25,0,1,0.0,0.0,0.0,1.67188125,0.0,1
4Q,0.14,0.02,F=0.754388141929,0.7543881419285245,0.985,0,55,8.326672684688674e-17,0.0,3.3306690738754696e-16,0.5324982153653101,2.220446049250313e-16,1
4Q,0.14,0.04,F=0.754388141929,0.7543881419285245,0.97,0,55,8.326672684688674e-17,0.0,3.3306690738754696e-16,0.5324982153653101,2.220446049250313e-16,1
4Q,0.14,0.06,F=0.754388141929,0.7543881419285245,0.955,0,54,8.326672684688674e-17,0.0,3.3306690738754696e-16,0.5324982153653101,2.220446049250313e-16,1
4Q,0.14,0.08,F=0.754388141929,0.7543881419285245,0.94,0,54,8.326672684688674e-17,0.0,3.3306690738754696e-16,0.5324982153653101,2.220446049250313e-16,1
4Q,0.14,0.1,F=0.754388141929,0.7543881419285245,0.925,0,54,8.326672684688674e-17,0.0,3.3306690738754696e-16,0.5324982153653101,2.220446049250313e-16,1
4Q,0.14,0.12,F=0.754388141929,0.7543881419285245,0.91,0,54,8.326672684688674e-17,0.0,3.3306690738754696e-16,0.5324982153653101,2.220446049250313e-16,1
4Q,0.14,0.14,F=0.754388141929,0.7543881419285245,0.895,0,54,8.326672684688674e-17,0.0,3.3306690738754696e-16,0.5324982153653101,2.220446049250313e-16,1
4Q,0.14,0.16,F=0.754388141929,0.7543881419285245,0.88,0,54,8.326672684688674e-17,0.0,3.3306690738754696e-16,0.5324982153653101,2.220446049250313e-16,1
4Q,0.14,0.18,F=0.754388141929,0.7543881419285245,0.865,0,54,8.326672684688674e-17,0.0,3.3306690738754696e-16,0.5324982153653101,2.220446049250313e-16,1
4Q,0.14,0.2,F=0.754388141929,0.7543881419285245,0.85,0,54,8.326672684688674e-17,0.0,3.3306690738754696e-16,0.5324982153653101,2.220446049250313e-16,1
4Q,0.14,0.22,F=0.754388141929,0.7543881419285245,0.835,0,54,8.326672684688674e-17,0.0,3.3306690738754696e-16,0.5324982153653101,2.220446049250313e-16,1
4Q,0.14,0.24,F=0.754388141929,0.7543881419285245,0.8200000000000001,0,53,8.326672684688674e-17,0.0,3.3306690738754696e-16,0.5324982153653101,2.220446049250313e-16,1
4Q,0.14,0.26,F=0.754388141929,0.7543881419285245,0.8049999999999999,0,53,8.326672684688674e-17,0.0,3.3306690738754696e-16,0.5324982153653101,2.220446049250313e-16,1
4Q,0.14,0.28,F=0.754388141929,0.7543881419285245,0.79,0,52,8.326672684688674e-17,0.0,3.3306690738754696e-16,0.5324982153653101,2.220446049250313e-16,1
4Q,0.14,0.3,F=0.754388141929,0.7543881419285245,0.775,0,51,8.326672684688674e-17,0.0,3.3306690738754696e-16,0.5324982153653101,4.440892098500626e-16,1
4Q,0.14,0.32,F=0.754388141929,0.754388141928524,0.76,0,48,2.7755575615628914e-17,0.0,5.551115123125783e-16,0.5324982153653101,2.220446049250313e-16,1
4Q,0.14,0.34,F=0.754388141929,0.754388141928524,0.754388141928524,50,51,5.551115123125783e-17,0.0,5.551115123125783e-16,0.5324982153653101,2.220446049250313e-16,1
4Q,0.14,0.36,F=0.754388141929,0.754388141928524,0.754388141928524,52,53,2.7755575615628914e-17,0.0,5.551115123125783e-16,0.5324982153653101,2.220446049250313e-16,1
4Q,0.14,0.38,F=0.754388141929,0.754388141928524,0.754388141928524,52,53,5.551115123125783e-17,0.0,5.551115123125783e-16,0.5324982153653101,2.220446049250313e-16,1
4Q,0.14,0.4,F=0.754388141929,0.754388141928524,0.754388141928524,53,54,0.0,0.0,5.551115123125783e-16,0.5324982153653101,2.220446049250313e-16,1
4Q,0.14,0.42,F=0.754388141929,0.754388141928524,0.754388141928524,53,54,5.551115123125783e-17,0.0,5.551115123125783e-16,0.5324982153653101,2.220446049250313e-16,1
4Q,0.14,0.44,F=0.754388141929,0.754388141928524,0.754388141928524,54,55,0.0,0.0,5.551115123125783e-16,0.5324982153653101,2.220446049250313e-16,1
4Q,0.14,0.46,F=0.754388141929,0.754388141928524,0.754388141928524,54,55,2.7755575615628914e-17,0.0,5.551115123125783e-16,0.5324982153653101,2.220446049250313e-16,1
4Q,0.14,0.48,F=0.754388141929,0.754388141928524,0.754388141928524,54,55,5.551115123125783e-17,0.0,5.551115123125783e-16,0.5324982153653101,2.220446049250313e-16,1
4Q,0.14,0.5,F=0.754388141929,0.754388141928524,0.754388141928524,55,56,2.7755575615628914e-17,0.0,5.551115123125783e-16,0.5324982153653101,2.220446049250313e-16,1
4Q,0.14,0.52,F=0.754388141929,0.754388141928524,0.754388141928524,55,56,2.7755575615628914e-17,0.0,5.551115123125783e-16,0.5324982153653101,4.440892098500626e-16,1
4Q,0.14,0.54,F=0.754388141929,0.754388141928524,0.754388141928524,55,56,5.551115123125783e-17,0.0,5.551115123125783e-16,0.5324982153653101,2.220446049250313e-16,1
4Q,0.14,0.56,F=0.754388141929,0.754388141928524,0.754388141928524,56,57,2.7755575615628914e-17,0.0,5.551115123125783e-16,0.5324982153653101,2.220446049250313e-16,1
4Q,0.14,0.58,F=0.754388141929,0.754388141928524,0.754388141928524,56,57,2.7755575615628914e-17,0.0,5.551115123125783e-16,0.5324982153653101,4.440892098500626e-16,1
4Q,0.14,0.6,F=0.754388141929,0.754388141928524,0.754388141928524,56,57,5.551115123125783e-17,0.0,5.551115123125783e-16,0.5324982153653101,2.220446049250313e-16,1
4Q,0.14,0.62,F=0.754388141929,0.754388141928524,0.754388141928524,57,58,2.7755575615628914e-17,0.0,5.551115123125783e-16,0.5324982153653101,2.220446049250313e-16,1
4Q,0.14,0.64,F=0.754388141929,0.754388141928524,0.754388141928524,57,58,2.7755575615628914e-17,0.0,5.551115123125783e-16,0.5324982153653101,2.220446049250313e-16,1
4Q,0.14,0.66,F=0.754388141929,0.754388141928524,0.754388141928524,57,58,5.551115123125783e-17,0.0,5.551115123125783e-16,0.5324982153653101,3.3306690738754696e-16,1
4Q,0.14,0.68,F=0.754388141929,0.754388141928524,0.754388141928524,58,59,2.7755575615628914e-17,0.0,5.551115123125783e-16,0.5324982153653101,2.220446049250313e-16,1
4Q,0.14,0.7,F=0.754388141929,0.754388141928524,0.754388141928524,58,59,2.7755575615628914e-17,0.0,5.551115123125783e-16,0.5324982153653101,2.220446049250313e-16,1
4Q,0.14,0.72,F=0.754388141929,0.754388141928524,0.754388141928524,58,59,5.551115123125783e-17,0.0,5.551115123125783e-16,0.5324982153653101,2.220446049250313e-16,1
4Q,0.14,0.74,F=0.754388141929,0.754388141928524,0.754388141928524,59,60,2.7755575615628914e-17,0.0,5.551115123125783e-16,0.5324982153653101,2.220446049250313e-16,1
4Q,0.14,0.76,F=0.754388141929,0.754388141928524,0.754388141928524,59,60,2.7755575615628914e-17,0.0,5.551115123125783e-16,0.5324982153653101,2.220446049250313e-16,1
4Q,0.14,0.78,F=0.754388141929,0.754388141928524,0.754388141928524,60,61,2.7755575615628914e-17,0.0,5.551115123125783e-16,0.5324982153653101,2.220446049250313e-16,1
4Q,0.14,0.8,F=0.754388141929,0.754388141928524,0.754388141928524,60,61,2.7755575615628914e-17,0.0,5.551115123125783e-16,0.5324982153653101,2.220446049250313e-16,1
4Q,0.14,0.82,F=0.754388141929,0.754388141928524,0.754388141928524,61,62,0.0,0.0,5.551115123125783e-16,0.5324982153653101,2.220446049250313e-16,1
4Q,0.14,0.84,F=0.754388141929,0.754388141928524,0.754388141928524,61,62,5.551115123125783e-17,0.0,5.551115123125783e-16,0.5324982153653101,2.220446049250313e-16,1
4Q,0.14,0.86,F=0.754388141929,0.754388141928524,0.754388141928524,62,63,5.551115123125783e-17,0.0,5.551115123125783e-16,0.5324982153653101,2.220446049250313e-16,1
4Q,0.14,0.88,F=0.754388141929,0.754388141928524,0.754388141928524,63,64,5.551115123125783e-17,0.0,5.551115123125783e-16,0.5324982153653101,2.220446049250313e-16,1
4Q,0.14,0.9,F=0.754388141929,0.754388141928524,0.754388141928524,65,66,2.7755575615628914e-17,0.0,5.551115123125783e-16,0.5324982153653101,2.220446049250313e-16,1
4Q,0.14,0.92,F=0.754388141929,0.754388141928524,0.754388141928524,66,67,2.7755575615628914e-17,0.0,5.551115123125783e-16,0.5324982153653101,2.220446049250313e-16,1
4Q,0.14,0.94,F=0.754388141929,0.754388141928524,0.754388141928524,68,69,5.551115123125783e-17,0.0,5.551115123125783e-16,0.5324982153653101,2.220446049250313e-16,1
4Q,0.14,0.96,F=0.754388141929,0.754388141928524,0.754388141928524,72,73,2.7755575615628914e-17,0.0,5.551115123125783e-16,0.5324982153653101,2.220446049250313e-16,1
4Q,0.14,0.98,F=0.754388141929,0.754388141928524,0.754388141928524,78,79,2.7755575615628914e-17,0.0,5.551115123125783e-16,0.5324982153653101,4.440892098500626e-16,1
4Q,0.14,1.0,unresolved,0.25,0.25,0,1,0.0,0.0,0.0,1.18306416,0.0,1
4Q,0.17,0.02,F=0.614101230364,0.6141012303637393,0.985,0,151,5.551115123125783e-17,2.7755575615628914e-17,2.7755575615628914e-16,0.8020099282260669,2.220446049250313e-16,1
4Q,0.17,0.04,F=0.614101230364,0.6141012303637393,0.97,0,151,5.551115123125783e-17,2.7755575615628914e-17,2.7755575615628914e-16,0.8020099282260669,2.220446049250313e-16,1
4Q,0.17,0.06,F=0.614101230364,0.6141012303637393,0.955,0,151,5.551115123125783e-17,2.7755575615628914e-17,2.7755575615628914e-16,0.8020099282260669,2.220446049250313e-16,1
4Q,0.17,0.08,F=0.614101230364,0.6141012303637393,0.94,0,151,5.551115123125783e-17,2.7755575615628914e-17,2.7755575615628914e-16,0.8020099282260669,2.220446049250313e-16,1
4Q,0.17,0.1,F=0.614101230364,0.6141012303637393,0.925,0,151,5.551115123125783e-17,2.7755575615628914e-17,2.7755575615628914e-16,0.8020099282260669,2.220446049250313e-16,1
4Q,0.17,0.12,F=0.614101230364,0.6141012303637393,0.91,0,151,5.551115123125783e-17,2.7755575615628914e-17,2.7755575615628914e-16,0.8020099282260669,2.220446049250313e-16,1
4Q,0.17,0.14,F=0.614101230364,0.6141012303637393,0.895,0,151,5.551115123125783e-17,2.7755575615628914e-17,2.7755575615628914e-16,0.8020099282260669,2.220446049250313e-16,1
4Q,0.17,0.16,F=0.614101230364,0.6141012303637393,0.88,0,151,5.551115123125783e-17,2.7755575615628914e-17,2.7755575615628914e-16,0.8020099282260669,2.220446049250313e-16,1
4Q,0.17,0.18,F=0.614101230364,0.6141012303637393,0.865,0,151,5.551115123125783e-17,2.7755575615628914e-17,2.7755575615628914e-16,0.8020099282260669,2.220446049250313e-16,1
4Q,0.17,0.2,F=0.614101230364,0.6141012303637393,0.85,0,151,5.551115123125783e-17,2.7755575615628914e-17,2.7755575615628914e-16,0.8020099282260669,2.220446049250313e-16,1
4Q,0.17,0.22,F=0.614101230364,0.6141012303637393,0.835,0,151,5.551115123125783e-17,2.7755575615628914e-17,2.7755575615628914e-16,0.8020099282260669,2.220446049250313e-16,1
4Q,0.17,0.24,F=0.614101230364,0.6141012303637393,0.8200000000000001,0,150,5.551115123125783e-17,2.7755575615628914e-17,2.7755575615628914e-16,0.8020099282260669,2.220446049250313e-16,1
4Q,0.17,0.26,F=0.614101230364,0.6141012303637393,0.8049999999999999,0,150,5.551115123125783e-17,2.7755575615628914e-17,2.7755575615628914e-16,0.8020099282260669,1.6653345369377348e-16,1
4Q,0.17,0.28,F=0.614101230364,0.6141012303637393,0.79,0,150,5.551115123125783e-17,2.7755575615628914e-17,2.7755575615628914e-16,0.8020099282260669,2.7755575615628914e-16,1
4Q,0.17,0.3,F=0.614101230364,0.6141012303637393,0.775,0,150,5.551115123125783e-17,2.7755575615628914e-17,2.7755575615628914e-16,0.8020099282260669,2.7755575615628914e-16,1
4Q,0.17,0.32,F=0.614101230364,0.6141012303637393,0.76,0,150,5.551115123125783e-17,2.7755575615628914e-17,2.7755575615628914e-16,0.8020099282260669,2.220446049250313e-16,1
4Q,0.17,0.34,F=0.614101230364,0.6141012303637393,0.745,0,149,5.551115123125783e-17,2.7755575615628914e-17,2.7755575615628914e-16,0.8020099282260669,2.220446049250313e-16,1
4Q,0.17,0.36,F=0.614101230364,0.6141012303637393,0.73,0,149,5.551115123125783e-17,2.7755575615628914e-17,2.7755575615628914e-16,0.8020099282260669,2.7755575615628914e-16,1
4Q,0.17,0.38,F=0.614101230364,0.6141012303637393,0.715,0,149,5.551115123125783e-17,2.7755575615628914e-17,2.7755575615628914e-16,0.8020099282260669,2.220446049250313e-16,1
4Q,0.17,0.4,F=0.614101230364,0.6141012303637393,0.7,0,148,5.551115123125783e-17,2.7755575615628914e-17,2.7755575615628914e-16,0.8020099282260669,2.220446049250313e-16,1
4Q,0.17,0.42,F=0.614101230364,0.6141012303637393,0.685,0,148,5.551115123125783e-17,2.7755575615628914e-17,2.7755575615628914e-16,0.8020099282260669,2.220446049250313e-16,1
4Q,0.17,0.44,F=0.614101230364,0.6141012303637393,0.6699999999999999,0,147,5.551115123125783e-17,2.7755575615628914e-17,2.7755575615628914e-16,0.8020099282260669,2.220446049250313e-16,1
4Q,0.17,0.46,F=0.614101230364,0.6141012303637393,0.655,0,145,5.551115123125783e-17,2.7755575615628914e-17,2.7755575615628914e-16,0.8020099282260669,2.220446049250313e-16,1
4Q,0.17,0.48,F=0.614101230364,0.6141012303637393,0.64,0,143,5.551115123125783e-17,2.7755575615628914e-17,2.7755575615628914e-16,0.8020099282260669,2.220446049250313e-16,1
4Q,0.17,0.5,F=0.614101230364,0.6141012303637393,0.625,0,137,5.551115123125783e-17,2.7755575615628914e-17,2.7755575615628914e-16,0.8020099282260669,2.220446049250313e-16,1
4Q,0.17,0.52,F=0.614101230364,0.6141012303637384,0.6141012303637384,138,139,2.7755575615628914e-17,0.0,1.0547118733938987e-15,0.8020099282260669,1.6653345369377348e-16,1
4Q,0.17,0.54,F=0.614101230364,0.6141012303637384,0.6141012303637384,142,143,2.7755575615628914e-17,0.0,1.0547118733938987e-15,0.8020099282260669,2.220446049250313e-16,1
4Q,0.17,0.56,F=0.614101230364,0.6141012303637384,0.6141012303637384,145,146,2.7755575615628914e-17,0.0,1.0547118733938987e-15,0.8020099282260669,2.220446049250313e-16,1
4Q,0.17,0.58,F=0.614101230364,0.6141012303637384,0.6141012303637384,147,148,2.7755575615628914e-17,0.0,1.0547118733938987e-15,0.8020099282260669,2.220446049250313e-16,1
4Q,0.17,0.6,F=0.614101230364,0.6141012303637384,0.6141012303637384,148,149,2.7755575615628914e-17,0.0,1.0547118733938987e-15,0.8020099282260669,2.220446049250313e-16,1
4Q,0.17,0.62,F=0.614101230364,0.6141012303637384,0.6141012303637384,150,151,2.7755575615628914e-17,0.0,1.0547118733938987e-15,0.8020099282260669,2.220446049250313e-16,1
4Q,0.17,0.64,F=0.614101230364,0.6141012303637384,0.6141012303637384,151,152,2.7755575615628914e-17,0.0,1.0547118733938987e-15,0.8020099282260669,2.220446049250313e-16,1
4Q,0.17,0.66,F=0.614101230364,0.6141012303637384,0.6141012303637384,153,154,2.7755575615628914e-17,0.0,1.0547118733938987e-15,0.8020099282260669,2.220446049250313e-16,1
4Q,0.17,0.68,F=0.614101230364,0.6141012303637384,0.6141012303637384,154,155,2.7755575615628914e-17,0.0,1.0547118733938987e-15,0.8020099282260669,2.220446049250313e-16,1
4Q,0.17,0.7,F=0.614101230364,0.6141012303637384,0.6141012303637384,155,156,2.7755575615628914e-17,0.0,1.0547118733938987e-15,0.8020099282260669,2.7755575615628914e-16,1
4Q,0.17,0.72,F=0.614101230364,0.6141012303637384,0.6141012303637384,157,158,2.7755575615628914e-17,0.0,1.0547118733938987e-15,0.8020099282260669,2.220446049250313e-16,1
4Q,0.17,0.74,F=0.614101230364,0.6141012303637384,0.6141012303637384,158,159,2.7755575615628914e-17,0.0,1.0547118733938987e-15,0.8020099282260669,2.220446049250313e-16,1
4Q,0.17,0.76,F=0.614101230364,0.6141012303637384,0.6141012303637384,160,161,2.7755575615628914e-17,0.0,1.0547118733938987e-15,0.8020099282260669,2.220446049250313e-16,1
4Q,0.17,0.78,F=0.614101230364,0.6141012303637384,0.6141012303637384,162,163,2.7755575615628914e-17,0.0,1.0547118733938987e-15,0.8020099282260669,2.220446049250313e-16,1
4Q,0.17,0.8,F=0.614101230364,0.6141012303637384,0.6141012303637384,164,165,2.7755575615628914e-17,0.0,1.0547118733938987e-15,0.8020099282260669,2.220446049250313e-16,1
4Q,0.17,0.82,F=0.614101230364,0.6141012303637384,0.6141012303637384,167,168,2.7755575615628914e-17,0.0,1.0547118733938987e-15,0.8020099282260669,2.220446049250313e-16,1
4Q,0.17,0.84,F=0.614101230364,0.6141012303637384,0.6141012303637384,170,171,2.7755575615628914e-17,0.0,1.0547118733938987e-15,0.8020099282260669,2.220446049250313e-16,1
4Q,0.17,0.86,F=0.614101230364,0.6141012303637384,0.6141012303637384,175,176,2.7755575615628914e-17,0.0,1.0547118733938987e-15,0.8020099282260669,2.220446049250313e-16,1
4Q,0.17,0.88,F=0.614101230364,0.6141012303637384,0.6141012303637384,181,182,2.7755575615628914e-17,0.0,1.0547118733938987e-15,0.8020099282260669,2.220446049250313e-16,1
4Q,0.17,0.9,F=0.614101230364,0.6141012303637384,0.6141012303637384,190,191,2.7755575615628914e-17,0.0,1.0547118733938987e-15,0.8020099282260669,2.220446049250313e-16,1
4Q,0.17,0.92,F=0.614101230364,0.6141012303637384,0.6141012303637384,204,205,2.7755575615628914e-17,0.0,1.0547118733938987e-15,0.8020099282260669,2.220446049250313e-16,1
4Q,0.17,0.94,F=0.614101230364,0.6141012303637384,0.6141012303637384,224,225,2.7755575615628914e-17,0.0,1.0547118733938987e-15,0.8020099282260669,2.220446049250313e-16,1
4Q,0.17,0.96,F=0.614101230364,0.6141012303637384,0.6141012303637384,252,253,2.7755575615628914e-17,0.0,1.0547118733938987e-15,0.8020099282260669,2.220446049250313e-16,1
4Q,0.17,0.98,F=0.614101230364,0.6141012303637384,0.6141012303637384,299,300,2.7755575615628914e-17,0.0,1.0547118733938987e-15,0.8020099282260669,2.7755575615628914e-16,1
4Q,0.17,1.0,unresolved,0.25,0.25,0,1,0.0,0.0,0.0,1.04637021,0.0,1
4Q,0.175,0.02,F=0.571657036374,0.5716570363741394,0.985,0,231,5.551115123125783e-17,1.1102230246251565e-16,3.885780586188048e-16,0.86845165958475,2.220446049250313e-16,1
4Q,0.175,0.04,F=0.571657036374,0.5716570363741394,0.97,0,231,5.551115123125783e-17,1.1102230246251565e-16,3.885780586188048e-16,0.86845165958475,2.220446049250313e-16,1
4Q,0.175,0.06,F=0.571657036374,0.5716570363741394,0.955,0,231,5.551115123125783e-17,1.1102230246251565e-16,3.885780586188048e-16,0.86845165958475,2.220446049250313e-16,1
4Q,0.175,0.08,F=0.571657036374,0.5716570363741394,0.94,0,231,5.551115123125783e-17,1.1102230246251565e-16,3.885780586188048e-16,0.86845165958475,2.220446049250313e-16,1
4Q,0.175,0.1,F=0.571657036374,0.5716570363741394,0.925,0,231,5.551115123125783e-17,1.1102230246251565e-16,3.885780586188048e-16,0.86845165958475,2.220446049250313e-16,1
4Q,0.175,0.12,F=0.571657036374,0.5716570363741394,0.91,0,231,5.551115123125783e-17,1.1102230246251565e-16,3.885780586188048e-16,0.86845165958475,2.220446049250313e-16,1
4Q,0.175,0.14,F=0.571657036374,0.5716570363741394,0.895,0,231,5.551115123125783e-17,1.1102230246251565e-16,3.885780586188048e-16,0.86845165958475,2.220446049250313e-16,1
4Q,0.175,0.16,F=0.571657036374,0.5716570363741394,0.88,0,231,5.551115123125783e-17,1.1102230246251565e-16,3.885780586188048e-16,0.86845165958475,2.220446049250313e-16,1
4Q,0.175,0.18,F=0.571657036374,0.5716570363741394,0.865,0,231,5.551115123125783e-17,1.1102230246251565e-16,3.885780586188048e-16,0.86845165958475,2.220446049250313e-16,1
4Q,0.175,0.2,F=0.571657036374,0.5716570363741394,0.85,0,231,5.551115123125783e-17,1.1102230246251565e-16,3.885780586188048e-16,0.86845165958475,2.220446049250313e-16,1
4Q,0.175,0.22,F=0.571657036374,0.5716570363741394,0.835,0,231,5.551115123125783e-17,1.1102230246251565e-16,3.885780586188048e-16,0.86845165958475,2.220446049250313e-16,1
4Q,0.175,0.24,F=0.571657036374,0.5716570363741394,0.8200000000000001,0,232,6.938893903907228e-17,1.1102230246251565e-16,4.440892098500626e-16,0.86845165958475,2.220446049250313e-16,1
4Q,0.175,0.26,F=0.571657036374,0.5716570363741394,0.8049999999999999,0,230,5.551115123125783e-17,1.1102230246251565e-16,3.885780586188048e-16,0.86845165958475,2.220446049250313e-16,1
4Q,0.175,0.28,F=0.571657036374,0.5716570363741394,0.79,0,230,5.551115123125783e-17,1.1102230246251565e-16,3.885780586188048e-16,0.86845165958475,2.220446049250313e-16,1
4Q,0.175,0.3,F=0.571657036374,0.5716570363741394,0.775,0,230,5.551115123125783e-17,1.1102230246251565e-16,3.885780586188048e-16,0.86845165958475,2.220446049250313e-16,1
4Q,0.175,0.32,F=0.571657036374,0.5716570363741394,0.76,0,230,5.551115123125783e-17,1.1102230246251565e-16,3.885780586188048e-16,0.86845165958475,2.220446049250313e-16,1
4Q,0.175,0.34,F=0.571657036374,0.5716570363741394,0.745,0,230,5.551115123125783e-17,1.1102230246251565e-16,3.885780586188048e-16,0.86845165958475,2.220446049250313e-16,1
4Q,0.175,0.36,F=0.571657036374,0.5716570363741394,0.73,0,229,5.551115123125783e-17,1.1102230246251565e-16,3.885780586188048e-16,0.86845165958475,2.220446049250313e-16,1
4Q,0.175,0.38,F=0.571657036374,0.5716570363741394,0.715,0,229,5.551115123125783e-17,1.1102230246251565e-16,3.885780586188048e-16,0.86845165958475,2.220446049250313e-16,1
4Q,0.175,0.4,F=0.571657036374,0.5716570363741394,0.7,0,229,5.551115123125783e-17,1.1102230246251565e-16,3.885780586188048e-16,0.86845165958475,2.220446049250313e-16,1
4Q,0.175,0.42,F=0.571657036374,0.5716570363741394,0.685,0,228,5.551115123125783e-17,1.1102230246251565e-16,3.885780586188048e-16,0.86845165958475,2.220446049250313e-16,1
4Q,0.175,0.44,F=0.571657036374,0.5716570363741394,0.6699999999999999,0,228,5.551115123125783e-17,1.1102230246251565e-16,3.885780586188048e-16,0.86845165958475,2.220446049250313e-16,1
4Q,0.175,0.46,F=0.571657036374,0.5716570363741394,0.655,0,227,5.551115123125783e-17,1.1102230246251565e-16,3.885780586188048e-16,0.86845165958475,2.220446049250313e-16,1
4Q,0.175,0.48,F=0.571657036374,0.5716570363741394,0.64,0,226,5.551115123125783e-17,1.1102230246251565e-16,3.885780586188048e-16,0.86845165958475,1.6653345369377348e-16,1
4Q,0.175,0.5,F=0.571657036374,0.5716570363741394,0.625,0,225,5.551115123125783e-17,1.1102230246251565e-16,3.885780586188048e-16,0.86845165958475,2.220446049250313e-16,1
4Q,0.175,0.52,F=0.571657036374,0.5716570363741394,0.61,0,223,5.551115123125783e-17,1.1102230246251565e-16,3.885780586188048e-16,0.86845165958475,2.220446049250313e-16,1
4Q,0.175,0.54,F=0.571657036374,0.5716570363741394,0.595,0,219,5.551115123125783e-17,1.1102230246251565e-16,3.885780586188048e-16,0.86845165958475,2.220446049250313e-16,1
4Q,0.175,0.56,F=0.571657036374,0.5716570363741394,0.58,0,206,5.551115123125783e-17,1.1102230246251565e-16,3.885780586188048e-16,0.86845165958475,2.220446049250313e-16,1
4Q,0.175,0.58,F=0.571657036374,0.5716570363741386,0.5716570363741386,222,223,1.3877787807814457e-17,2.7755575615628914e-17,9.43689570931383e-16,0.86845165958475,2.220446049250313e-16,1
4Q,0.175,0.6,F=0.571657036374,0.5716570363741386,0.5716570363741386,228,229,1.3877787807814457e-17,2.7755575615628914e-17,9.43689570931383e-16,0.86845165958475,2.220446049250313e-16,1
4Q,0.175,0.62,F=0.571657036374,0.5716570363741386,0.5716570363741386,233,234,1.3877787807814457e-17,2.7755575615628914e-17,9.43689570931383e-16,0.86845165958475,2.220446049250313e-16,1
4Q,0.175,0.64,F=0.571657036374,0.5716570363741386,0.5716570363741386,236,237,1.3877787807814457e-17,2.7755575615628914e-17,9.43689570931383e-16,0.86845165958475,2.220446049250313e-16,1
4Q,0.175,0.66,F=0.571657036374,0.5716570363741386,0.5716570363741386,239,240,1.3877787807814457e-17,2.7755575615628914e-17,9.43689570931383e-16,0.86845165958475,2.220446049250313e-16,1
4Q,0.175,0.68,F=0.571657036374,0.5716570363741386,0.5716570363741386,242,243,1.3877787807814457e-17,2.7755575615628914e-17,9.43689570931383e-16,0.86845165958475,2.220446049250313e-16,1
4Q,0.175,0.7,F=0.571657036374,0.5716570363741386,0.5716570363741386,244,245,1.3877787807814457e-17,2.7755575615628914e-17,9.43689570931383e-16,0.86845165958475,2.220446049250313e-16,1
4Q,0.175,0.72,F=0.571657036374,0.5716570363741386,0.5716570363741386,247,248,1.3877787807814457e-17,2.7755575615628914e-17,9.43689570931383e-16,0.86845165958475,2.220446049250313e-16,1
4Q,0.175,0.74,F=0.571657036374,0.5716570363741386,0.5716570363741386,250,251,1.3877787807814457e-17,2.7755575615628914e-17,9.43689570931383e-16,0.86845165958475,2.220446049250313e-16,1
4Q,0.175,0.76,F=0.571657036374,0.5716570363741386,0.5716570363741386,253,254,1.3877787807814457e-17,2.7755575615628914e-17,9.43689570931383e-16,0.86845165958475,2.220446049250313e-16,1
4Q,0.175,0.78,F=0.571657036374,0.5716570363741386,0.5716570363741386,257,258,1.3877787807814457e-17,2.7755575615628914e-17,9.43689570931383e-16,0.86845165958475,2.220446049250313e-16,1
4Q,0.175,0.8,F=0.571657036374,0.5716570363741386,0.5716570363741386,262,263,1.3877787807814457e-17,2.7755575615628914e-17,9.43689570931383e-16,0.86845165958475,2.220446049250313e-16,1
4Q,0.175,0.82,F=0.571657036374,0.5716570363741386,0.5716570363741386,268,269,1.3877787807814457e-17,2.7755575615628914e-17,9.43689570931383e-16,0.86845165958475,2.220446049250313e-16,1
4Q,0.175,0.84,F=0.571657036374,0.5716570363741386,0.5716570363741386,277,278,1.3877787807814457e-17,2.7755575615628914e-17,9.43689570931383e-16,0.86845165958475,2.220446049250313e-16,1
4Q,0.175,0.86,F=0.571657036374,0.5716570363741386,0.5716570363741386,291,292,1.3877787807814457e-17,2.7755575615628914e-17,9.43689570931383e-16,0.86845165958475,2.220446049250313e-16,1
4Q,0.175,0.88,F=0.571657036374,0.5716570363741386,0.5716570363741386,320,321,1.3877787807814457e-17,2.7755575615628914e-17,9.43689570931383e-16,0.86845165958475,2.220446049250313e-16,1
4Q,0.175,0.9,F=0.571657036374,0.5716570363741386,0.5716570363741386,385,386,1.3877787807814457e-17,2.7755575615628914e-17,9.43689570931383e-16,0.86845165958475,2.220446049250313e-16,1
4Q,0.175,0.92,F=0.571657036374,0.5716570363741386,0.5716570363741386,498,499,1.3877787807814457e-17,2.7755575615628914e-17,9.43689570931383e-16,0.86845165958475,2.220446049250313e-16,1
4Q,0.175,0.94,F=0.571657036374,0.5716570363741386,0.5716570363741386,643,644,1.3877787807814457e-17,2.7755575615628914e-17,9.43689570931383e-16,0.86845165958475,2.220446049250313e-16,1
4Q,0.175,0.96,F=0.571657036374,0.5716570363741386,0.5716570363741386,854,855,1.3877787807814457e-17,2.7755575615628914e-17,9.43689570931383e-16,0.86845165958475,2.220446049250313e-16,1
4Q,0.175,0.98,F=0.571657036374,0.5716570363741386,0.5716570363741386,1228,1229,1.3877787807814457e-17,2.7755575615628914e-17,9.43689570931383e-16,0.86845165958475,2.220446049250313e-16,1
4Q,0.175,1.0,unresolved,0.25,0.25,0,1,0.0,0.0,0.0,1.024766015625,0.0,1
4Q,0.178,0.02,F=0.535172257231,0.5351722572311911,0.985,0,373,2.7755575615628914e-17,1.1102230246251565e-16,2.609024107869118e-15,0.9182060067730504,2.220446049250313e-16,2
4Q,0.178,0.04,F=0.535172257231,0.5351722572311911,0.97,0,373,2.7755575615628914e-17,1.1102230246251565e-16,2.609024107869118e-15,0.9182060067730504,2.220446049250313e-16,2
4Q,0.178,0.06,F=0.535172257231,0.5351722572311911,0.955,0,373,2.7755575615628914e-17,1.1102230246251565e-16,2.609024107869118e-15,0.9182060067730504,2.220446049250313e-16,2
4Q,0.178,0.08,F=0.535172257231,0.5351722572311911,0.94,0,373,2.7755575615628914e-17,1.1102230246251565e-16,2.609024107869118e-15,0.9182060067730504,2.220446049250313e-16,2
4Q,0.178,0.1,F=0.535172257231,0.5351722572311911,0.925,0,373,2.7755575615628914e-17,1.1102230246251565e-16,2.609024107869118e-15,0.9182060067730504,2.220446049250313e-16,2
4Q,0.178,0.12,F=0.535172257231,0.5351722572311911,0.91,0,373,2.7755575615628914e-17,1.1102230246251565e-16,2.609024107869118e-15,0.9182060067730504,2.220446049250313e-16,2
4Q,0.178,0.14,F=0.535172257231,0.5351722572311911,0.895,0,373,2.7755575615628914e-17,1.1102230246251565e-16,2.609024107869118e-15,0.9182060067730504,2.220446049250313e-16,2
4Q,0.178,0.16,F=0.535172257231,0.5351722572311911,0.88,0,373,2.7755575615628914e-17,1.1102230246251565e-16,2.609024107869118e-15,0.9182060067730504,2.220446049250313e-16,2
4Q,0.178,0.18,F=0.535172257231,0.5351722572311911,0.865,0,373,2.7755575615628914e-17,1.1102230246251565e-16,2.609024107869118e-15,0.9182060067730504,2.220446049250313e-16,2
4Q,0.178,0.2,F=0.535172257231,0.5351722572311911,0.85,0,373,2.7755575615628914e-17,1.1102230246251565e-16,2.609024107869118e-15,0.9182060067730504,2.220446049250313e-16,2
4Q,0.178,0.22,F=0.535172257231,0.5351722572311911,0.835,0,373,2.7755575615628914e-17,1.1102230246251565e-16,2.609024107869118e-15,0.9182060067730504,2.220446049250313e-16,2
4Q,0.178,0.24,F=0.535172257231,0.5351722572311911,0.8200000000000001,0,372,2.7755575615628914e-17,1.1102230246251565e-16,2.609024107869118e-15,0.9182060067730504,2.220446049250313e-16,2
4Q,0.178,0.26,F=0.535172257231,0.5351722572311911,0.8049999999999999,0,372,2.7755575615628914e-17,1.1102230246251565e-16,2.609024107869118e-15,0.9182060067730504,2.7755575615628914e-16,2
4Q,0.178,0.28,F=0.535172257231,0.5351722572311911,0.79,0,372,2.7755575615628914e-17,1.1102230246251565e-16,2.609024107869118e-15,0.9182060067730504,2.220446049250313e-16,2
4Q,0.178,0.3,F=0.535172257231,0.5351722572311911,0.775,0,372,2.7755575615628914e-17,1.1102230246251565e-16,2.609024107869118e-15,0.9182060067730504,2.220446049250313e-16,2
4Q,0.178,0.32,F=0.535172257231,0.5351722572311911,0.76,0,372,2.7755575615628914e-17,1.1102230246251565e-16,2.609024107869118e-15,0.9182060067730504,2.7755575615628914e-16,2
4Q,0.178,0.34,F=0.535172257231,0.5351722572311911,0.745,0,372,2.7755575615628914e-17,1.1102230246251565e-16,2.609024107869118e-15,0.9182060067730504,2.220446049250313e-16,2
4Q,0.178,0.36,F=0.535172257231,0.5351722572311911,0.73,0,371,2.7755575615628914e-17,1.1102230246251565e-16,2.609024107869118e-15,0.9182060067730504,2.220446049250313e-16,2
4Q,0.178,0.38,F=0.535172257231,0.5351722572311911,0.715,0,371,2.7755575615628914e-17,1.1102230246251565e-16,2.609024107869118e-15,0.9182060067730504,2.220446049250313e-16,2
4Q,0.178,0.4,F=0.535172257231,0.5351722572311911,0.7,0,371,2.7755575615628914e-17,1.1102230246251565e-16,2.609024107869118e-15,0.9182060067730504,2.220446049250313e-16,2
4Q,0.178,0.42,F=0.535172257231,0.5351722572311911,0.685,0,370,2.7755575615628914e-17,1.1102230246251565e-16,2.609024107869118e-15,0.9182060067730504,1.6653345369377348e-16,2
4Q,0.178,0.44,F=0.535172257231,0.5351722572311911,0.6699999999999999,0,370,2.7755575615628914e-17,1.1102230246251565e-16,2.609024107869118e-15,0.9182060067730504,2.220446049250313e-16,2
4Q,0.178,0.46,F=0.535172257231,0.5351722572311911,0.655,0,369,2.7755575615628914e-17,1.1102230246251565e-16,2.609024107869118e-15,0.9182060067730504,2.220446049250313e-16,2
4Q,0.178,0.48,F=0.535172257231,0.5351722572311911,0.64,0,369,2.7755575615628914e-17,1.1102230246251565e-16,2.609024107869118e-15,0.9182060067730504,2.7755575615628914e-16,2
4Q,0.178,0.5,F=0.535172257231,0.5351722572311911,0.625,0,368,2.7755575615628914e-17,1.1102230246251565e-16,2.609024107869118e-15,0.9182060067730504,2.220446049250313e-16,2
4Q,0.178,0.52,F=0.535172257231,0.5351722572311911,0.61,0,366,2.7755575615628914e-17,1.1102230246251565e-16,2.609024107869118e-15,0.9182060067730504,2.220446049250313e-16,2
4Q,0.178,0.54,F=0.535172257231,0.5351722572311911,0.595,0,365,2.7755575615628914e-17,1.1102230246251565e-16,2.609024107869118e-15,0.9182060067730504,1.6653345369377348e-16,2
4Q,0.178,0.56,F=0.535172257231,0.5351722572311911,0.58,0,362,2.7755575615628914e-17,1.1102230246251565e-16,2.609024107869118e-15,0.9182060067730504,2.220446049250313e-16,2
4Q,0.178,0.58,F=0.535172257231,0.5351722572311911,0.5650000000000001,0,358,2.7755575615628914e-17,1.1102230246251565e-16,2.609024107869118e-15,0.9182060067730504,2.220446049250313e-16,2
4Q,0.178,0.6,F=0.535172257231,0.5351722572311911,0.55,0,348,2.7755575615628914e-17,1.1102230246251565e-16,2.609024107869118e-15,0.9182060067730504,2.220446049250313e-16,2
4Q,0.178,0.62,F=0.535172257231,0.5351722572311888,0.5351722572311888,343,344,2.7755575615628914e-17,1.1102230246251565e-16,6.106226635438361e-16,0.9182060067730504,1.6653345369377348e-16,2
4Q,0.178,0.64,F=0.535172257231,0.5351722572311888,0.5351722572311888,360,361,2.7755575615628914e-17,1.1102230246251565e-16,6.106226635438361e-16,0.9182060067730504,2.220446049250313e-16,2
4Q,0.178,0.66,F=0.535172257231,0.5351722572311888,0.5351722572311888,367,368,2.7755575615628914e-17,1.1102230246251565e-16,6.106226635438361e-16,0.9182060067730504,2.7755575615628914e-16,2
4Q,0.178,0.68,F=0.535172257231,0.5351722572311888,0.5351722572311888,375,376,2.7755575615628914e-17,1.1102230246251565e-16,6.106226635438361e-16,0.9182060067730504,2.7755575615628914e-16,2
4Q,0.178,0.7,F=0.535172257231,0.5351722572311888,0.5351722572311888,381,382,2.7755575615628914e-17,1.1102230246251565e-16,6.106226635438361e-16,0.9182060067730504,2.220446049250313e-16,2
4Q,0.178,0.72,F=0.535172257231,0.5351722572311888,0.5351722572311888,386,387,2.7755575615628914e-17,1.1102230246251565e-16,6.106226635438361e-16,0.9182060067730504,2.220446049250313e-16,2
4Q,0.178,0.74,F=0.535172257231,0.5351722572311888,0.5351722572311888,392,393,2.7755575615628914e-17,1.1102230246251565e-16,6.106226635438361e-16,0.9182060067730504,2.220446049250313e-16,2
4Q,0.178,0.76,F=0.535172257231,0.5351722572311888,0.5351722572311888,400,401,2.7755575615628914e-17,1.1102230246251565e-16,6.106226635438361e-16,0.9182060067730504,2.220446049250313e-16,2
4Q,0.178,0.78,F=0.535172257231,0.5351722572311888,0.5351722572311888,410,411,2.7755575615628914e-17,1.1102230246251565e-16,6.106226635438361e-16,0.9182060067730504,1.6653345369377348e-16,2
4Q,0.178,0.8,F=0.535172257231,0.5351722572311888,0.5351722572311888,422,423,2.7755575615628914e-17,1.1102230246251565e-16,6.106226635438361e-16,0.9182060067730504,2.220446049250313e-16,2
4Q,0.178,0.82,F=0.535172257231,0.5351722572311888,0.5351722572311888,449,450,2.7755575615628914e-17,1.1102230246251565e-16,6.106226635438361e-16,0.9182060067730504,2.7755575615628914e-16,2
4Q,0.178,0.84,F=0.294631996395,0.29463199639491644,0.37,0,1325,8.326672684688674e-17,1.1102230246251565e-16,1.554312234475219e-14,0.9763605228134041,1.6653345369377348e-16,2
4Q,0.178,0.86,F=0.294631996395,0.29463199639491644,0.355,0,1242,8.326672684688674e-17,1.1102230246251565e-16,1.554312234475219e-14,0.9763605228134041,1.942890293094024e-16,2
4Q,0.178,0.88,F=0.294631996395,0.29463199639491644,0.33999999999999997,0,1179,8.326672684688674e-17,1.1102230246251565e-16,1.6431300764452317e-14,0.9763605228134041,1.6653345369377348e-16,2
4Q,0.178,0.9,F=0.294631996395,0.2946319963949089,0.32499999999999996,0,1208,8.326672684688674e-17,1.1102230246251565e-16,1.3711254354120683e-14,0.9763605228134041,2.7755575615628914e-16,2
4Q,0.178,0.92,F=0.294631996395,0.29463199639490956,0.30999999999999994,0,1264,8.326672684688674e-17,8.326672684688674e-17,1.1962653090336062e-14,0.9763605228134041,1.6653345369377348e-16,2
4Q,0.178,0.94,F=0.294631996395,0.29463199639490956,0.29500000000000004,0,1303,8.326672684688674e-17,8.326672684688674e-17,1.1962653090336062e-14,0.9763605228134041,1.6653345369377348e-16,2
4Q,0.178,0.96,F=0.294631996395,0.29463199639490956,0.29463199639490956,1347,1347,8.326672684688674e-17,8.326672684688674e-17,1.1962653090336062e-14,0.9763605228134041,1.6653345369377348e-16,2
4Q,0.178,0.98,F=0.294631996395,0.29463199639490956,0.29463199639490956,1412,1412,8.326672684688674e-17,8.326672684688674e-17,1.1962653090336062e-14,0.9763605228134041,1.6653345369377348e-16,2
4Q,0.178,1.0,unresolved,0.25,0.25,0,1,0.0,0.0,0.0,1.011961115856,0.0,2
4Q,0.180,0.02,F=0.494702504713,0.49470250471265,0.985,0,830,2.7755575615628914e-17,0.0,7.438494264988549e-15,0.9642749861004655,2.7755575615628914e-16,2
4Q,0.180,0.04,F=0.494702504713,0.49470250471265,0.97,0,830,2.7755575615628914e-17,0.0,7.438494264988549e-15,0.9642749861004655,2.7755575615628914e-16,2
4Q,0.180,0.06,F=0.494702504713,0.49470250471265,0.955,0,830,2.7755575615628914e-17,0.0,7.438494264988549e-15,0.9642749861004655,2.220446049250313e-16,2
4Q,0.180,0.08,F=0.494702504713,0.49470250471265,0.94,0,830,2.7755575615628914e-17,0.0,7.438494264988549e-15,0.9642749861004655,2.220446049250313e-16,2
4Q,0.180,0.1,F=0.494702504713,0.49470250471265,0.925,0,830,2.7755575615628914e-17,0.0,7.438494264988549e-15,0.9642749861004655,2.7755575615628914e-16,2
4Q,0.180,0.12,F=0.494702504713,0.49470250471265,0.91,0,830,2.7755575615628914e-17,0.0,7.438494264988549e-15,0.9642749861004655,2.220446049250313e-16,2
4Q,0.180,0.14,F=0.494702504713,0.49470250471265,0.895,0,830,2.7755575615628914e-17,0.0,7.438494264988549e-15,0.9642749861004655,2.220446049250313e-16,2
4Q,0.180,0.16,F=0.494702504713,0.49470250471265,0.88,0,830,2.7755575615628914e-17,0.0,7.438494264988549e-15,0.9642749861004655,2.220446049250313e-16,2
4Q,0.180,0.18,F=0.494702504713,0.49470250471265,0.865,0,830,2.7755575615628914e-17,0.0,7.438494264988549e-15,0.9642749861004655,2.220446049250313e-16,2
4Q,0.180,0.2,F=0.494702504713,0.49470250471265,0.85,0,830,2.7755575615628914e-17,0.0,7.438494264988549e-15,0.9642749861004655,2.220446049250313e-16,2
4Q,0.180,0.22,F=0.494702504713,0.49470250471265,0.835,0,830,2.7755575615628914e-17,0.0,7.438494264988549e-15,0.9642749861004655,2.220446049250313e-16,2
4Q,0.180,0.24,F=0.494702504713,0.49470250471265,0.8200000000000001,0,830,2.7755575615628914e-17,0.0,7.438494264988549e-15,0.9642749861004655,2.220446049250313e-16,2
4Q,0.180,0.26,F=0.494702504713,0.49470250471265,0.8049999999999999,0,830,2.7755575615628914e-17,0.0,7.438494264988549e-15,0.9642749861004655,2.220446049250313e-16,2
4Q,0.180,0.28,F=0.494702504713,0.49470250471265,0.79,0,830,2.7755575615628914e-17,0.0,7.438494264988549e-15,0.9642749861004655,2.220446049250313e-16,2
4Q,0.180,0.3,F=0.494702504713,0.49470250471265,0.775,0,829,2.7755575615628914e-17,0.0,7.438494264988549e-15,0.9642749861004655,2.220446049250313e-16,2
4Q,0.180,0.32,F=0.494702504713,0.49470250471265,0.76,0,829,2.7755575615628914e-17,0.0,7.438494264988549e-15,0.9642749861004655,2.220446049250313e-16,2
4Q,0.180,0.34,F=0.494702504713,0.49470250471265,0.745,0,829,2.7755575615628914e-17,0.0,7.438494264988549e-15,0.9642749861004655,2.220446049250313e-16,2
4Q,0.180,0.36,F=0.494702504713,0.49470250471265,0.73,0,829,2.7755575615628914e-17,0.0,7.438494264988549e-15,0.9642749861004655,2.220446049250313e-16,2
4Q,0.180,0.38,F=0.494702504713,0.49470250471265,0.715,0,829,2.7755575615628914e-17,0.0,7.438494264988549e-15,0.9642749861004655,2.220446049250313e-16,2
4Q,0.180,0.4,F=0.494702504713,0.49470250471265,0.7,0,828,2.7755575615628914e-17,0.0,7.438494264988549e-15,0.9642749861004655,2.220446049250313e-16,2
4Q,0.180,0.42,F=0.494702504713,0.49470250471265,0.685,0,828,2.7755575615628914e-17,0.0,7.438494264988549e-15,0.9642749861004655,2.220446049250313e-16,2
4Q,0.180,0.44,F=0.494702504713,0.49470250471265,0.6699999999999999,0,827,2.7755575615628914e-17,0.0,7.438494264988549e-15,0.9642749861004655,2.220446049250313e-16,2
4Q,0.180,0.46,F=0.494702504713,0.49470250471265,0.655,0,827,2.7755575615628914e-17,0.0,7.438494264988549e-15,0.9642749861004655,2.220446049250313e-16,2
4Q,0.180,0.48,F=0.494702504713,0.49470250471265,0.64,0,826,2.7755575615628914e-17,0.0,7.438494264988549e-15,0.9642749861004655,2.220446049250313e-16,2
4Q,0.180,0.5,F=0.494702504713,0.49470250471265,0.625,0,826,2.7755575615628914e-17,0.0,7.438494264988549e-15,0.9642749861004655,2.220446049250313e-16,2
4Q,0.180,0.52,F=0.494702504713,0.49470250471265,0.61,0,825,2.7755575615628914e-17,0.0,7.438494264988549e-15,0.9642749861004655,2.220446049250313e-16,2
4Q,0.180,0.54,F=0.494702504713,0.49470250471265,0.595,0,823,2.7755575615628914e-17,0.0,7.438494264988549e-15,0.9642749861004655,2.220446049250313e-16,2
4Q,0.180,0.56,F=0.494702504713,0.49470250471265,0.58,0,822,2.7755575615628914e-17,0.0,7.438494264988549e-15,0.9642749861004655,2.220446049250313e-16,2
4Q,0.180,0.58,F=0.494702504713,0.49470250471265,0.5650000000000001,0,819,2.7755575615628914e-17,0.0,7.438494264988549e-15,0.9642749861004655,2.220446049250313e-16,2
4Q,0.180,0.6,F=0.494702504713,0.49470250471265,0.55,0,816,2.7755575615628914e-17,0.0,7.438494264988549e-15,0.9642749861004655,2.220446049250313e-16,2
4Q,0.180,0.62,F=0.494702504713,0.49470250471265,0.535,0,810,2.7755575615628914e-17,0.0,7.438494264988549e-15,0.9642749861004655,2.220446049250313e-16,2
4Q,0.180,0.64,F=0.494702504713,0.49470250471265,0.52,0,800,2.7755575615628914e-17,0.0,7.438494264988549e-15,0.9642749861004655,2.220446049250313e-16,2
4Q,0.180,0.66,F=0.494702504713,0.49470250471265,0.505,0,767,2.7755575615628914e-17,0.0,7.438494264988549e-15,0.9642749861004655,2.220446049250313e-16,2
4Q,0.180,0.68,F=0.494702504713,0.49470250471264365,0.49470250471264365,799,799,5.551115123125783e-17,1.1102230246251565e-16,1.4432899320127035e-15,0.9642749861004655,2.220446049250313e-16,2
4Q,0.180,0.7,F=0.494702504713,0.49470250471264365,0.49470250471264365,833,833,5.551115123125783e-17,1.1102230246251565e-16,1.4432899320127035e-15,0.9642749861004655,2.220446049250313e-16,2
4Q,0.180,0.72,F=0.494702504713,0.49470250471264365,0.49470250471264365,857,857,5.551115123125783e-17,1.1102230246251565e-16,1.4432899320127035e-15,0.9642749861004655,2.220446049250313e-16,2
4Q,0.180,0.74,F=0.494702504713,0.49470250471264365,0.49470250471264365,883,883,5.551115123125783e-17,1.1102230246251565e-16,1.4432899320127035e-15,0.9642749861004655,2.220446049250313e-16,2
4Q,0.180,0.76,F=0.494702504713,0.49470250471264365,0.49470250471264365,922,922,5.551115123125783e-17,1.1102230246251565e-16,1.4432899320127035e-15,0.9642749861004655,2.220446049250313e-16,2
4Q,0.180,0.78,F=0.274255104938,0.2742551049383889,0.41500000000000004,0,4096,8.326672684688674e-17,1.1102230246251565e-16,5.07788255887931e-14,0.9930447521457518,2.7755575615628914e-16,2
4Q,0.180,0.8,F=0.274255104938,0.2742551049383889,0.3999999999999999,0,4002,8.326672684688674e-17,1.1102230246251565e-16,5.07788255887931e-14,0.9930447521457518,2.7755575615628914e-16,2
4Q,0.180,0.82,F=0.274255104938,0.2742551049383889,0.385,0,3974,8.326672684688674e-17,1.1102230246251565e-16,5.07788255887931e-14,0.9930447521457518,2.498001805406602e-16,2
4Q,0.180,0.84,F=0.274255104938,0.27425510493838906,0.37,0,3955,8.326672684688674e-17,1.1102230246251565e-16,5.144495940356819e-14,0.9930447521457518,1.3877787807814457e-16,2
4Q,0.180,0.86,F=0.274255104938,0.27425510493838906,0.355,0,3936,8.326672684688674e-17,1.1102230246251565e-16,5.144495940356819e-14,0.9930447521457518,1.6653345369377348e-16,2
4Q,0.180,0.88,F=0.274255104938,0.2742551049383889,0.33999999999999997,0,3909,8.326672684688674e-17,1.1102230246251565e-16,5.07788255887931e-14,0.9930447521457518,2.7755575615628914e-16,2
4Q,0.180,0.9,F=0.274255104938,0.27425510493838906,0.32499999999999996,0,3853,8.326672684688674e-17,1.1102230246251565e-16,5.144495940356819e-14,0.9930447521457518,1.6653345369377348e-16,2
4Q,0.180,0.92,F=0.274255104938,0.27425510493838906,0.30999999999999994,0,3534,8.326672684688674e-17,1.1102230246251565e-16,5.144495940356819e-14,0.9930447521457518,1.6653345369377348e-16,2
4Q,0.180,0.94,F=0.274255104938,0.27425510493836397,0.29500000000000004,0,3940,8.326672684688674e-17,1.1102230246251565e-16,4.8808179720083444e-14,0.9930447521457518,2.7755575615628914e-16,2
4Q,0.180,0.96,F=0.274255104938,0.27425510493836397,0.28,0,4145,8.326672684688674e-17,1.1102230246251565e-16,4.8808179720083444e-14,0.9930447521457518,2.220446049250313e-16,2
4Q,0.180,0.98,F=0.274255104938,0.274255104938364,0.274255104938364,4386,4386,8.326672684688674e-17,1.1102230246251565e-16,4.7753467846689546e-14,0.9930447521457518,2.7755575615628914e-16,2
4Q,0.180,1.0,unresolved,0.25,0.25,0,1,0.0,0.0,0.0,1.00348976,0.0,2
4Q,0.1805,0.02,F=0.474264607325,0.4742646073248237,0.985,0,1752,5.551115123125783e-17,2.7755575615628914e-17,8.965050923848139e-15,0.9834644299294769,2.220446049250313e-16,2
4Q,0.1805,0.04,F=0.474264607325,0.4742646073248237,0.97,0,1752,5.551115123125783e-17,2.7755575615628914e-17,8.965050923848139e-15,0.9834644299294769,2.220446049250313e-16,2
4Q,0.1805,0.06,F=0.474264607325,0.4742646073248237,0.955,0,1752,5.551115123125783e-17,2.7755575615628914e-17,8.965050923848139e-15,0.9834644299294769,3.3306690738754696e-16,2
4Q,0.1805,0.08,F=0.474264607325,0.4742646073248237,0.94,0,1752,5.551115123125783e-17,2.7755575615628914e-17,8.965050923848139e-15,0.9834644299294769,2.220446049250313e-16,2
4Q,0.1805,0.1,F=0.474264607325,0.4742646073248237,0.925,0,1752,5.551115123125783e-17,2.7755575615628914e-17,8.965050923848139e-15,0.9834644299294769,2.220446049250313e-16,2
4Q,0.1805,0.12,F=0.474264607325,0.4742646073248237,0.91,0,1752,5.551115123125783e-17,2.7755575615628914e-17,8.965050923848139e-15,0.9834644299294769,2.220446049250313e-16,2
4Q,0.1805,0.14,F=0.474264607325,0.4742646073248237,0.895,0,1752,5.551115123125783e-17,2.7755575615628914e-17,8.965050923848139e-15,0.9834644299294769,2.220446049250313e-16,2
4Q,0.1805,0.16,F=0.474264607325,0.4742646073248237,0.88,0,1752,5.551115123125783e-17,2.7755575615628914e-17,8.965050923848139e-15,0.9834644299294769,2.220446049250313e-16,2
4Q,0.1805,0.18,F=0.474264607325,0.4742646073248237,0.865,0,1752,5.551115123125783e-17,2.7755575615628914e-17,8.965050923848139e-15,0.9834644299294769,2.220446049250313e-16,2
4Q,0.1805,0.2,F=0.474264607325,0.4742646073248237,0.85,0,1752,5.551115123125783e-17,2.7755575615628914e-17,8.965050923848139e-15,0.9834644299294769,2.220446049250313e-16,2
4Q,0.1805,0.22,F=0.474264607325,0.4742646073248237,0.835,0,1752,5.551115123125783e-17,2.7755575615628914e-17,8.965050923848139e-15,0.9834644299294769,2.220446049250313e-16,2
4Q,0.1805,0.24,F=0.474264607325,0.4742646073248237,0.8200000000000001,0,1752,5.551115123125783e-17,2.7755575615628914e-17,8.965050923848139e-15,0.9834644299294769,2.220446049250313e-16,2
4Q,0.1805,0.26,F=0.474264607325,0.4742646073248237,0.8049999999999999,0,1751,5.551115123125783e-17,2.7755575615628914e-17,8.965050923848139e-15,0.9834644299294769,2.220446049250313e-16,2
4Q,0.1805,0.28,F=0.474264607325,0.4742646073248237,0.79,0,1751,5.551115123125783e-17,2.7755575615628914e-17,8.965050923848139e-15,0.9834644299294769,2.220446049250313e-16,2
4Q,0.1805,0.3,F=0.474264607325,0.4742646073248237,0.775,0,1751,5.551115123125783e-17,2.7755575615628914e-17,8.965050923848139e-15,0.9834644299294769,2.220446049250313e-16,2
4Q,0.1805,0.32,F=0.474264607325,0.4742646073248237,0.76,0,1751,5.551115123125783e-17,2.7755575615628914e-17,8.965050923848139e-15,0.9834644299294769,2.220446049250313e-16,2
4Q,0.1805,0.34,F=0.474264607325,0.4742646073248237,0.745,0,1751,5.551115123125783e-17,2.7755575615628914e-17,8.965050923848139e-15,0.9834644299294769,2.220446049250313e-16,2
4Q,0.1805,0.36,F=0.474264607325,0.4742646073248237,0.73,0,1751,5.551115123125783e-17,2.7755575615628914e-17,8.965050923848139e-15,0.9834644299294769,2.220446049250313e-16,2
4Q,0.1805,0.38,F=0.474264607325,0.4742646073248237,0.715,0,1750,5.551115123125783e-17,2.7755575615628914e-17,8.965050923848139e-15,0.9834644299294769,2.220446049250313e-16,2
4Q,0.1805,0.4,F=0.474264607325,0.4742646073248237,0.7,0,1750,5.551115123125783e-17,2.7755575615628914e-17,8.965050923848139e-15,0.9834644299294769,2.220446049250313e-16,2
4Q,0.1805,0.42,F=0.474264607325,0.4742646073248237,0.685,0,1750,5.551115123125783e-17,2.7755575615628914e-17,8.965050923848139e-15,0.9834644299294769,2.220446049250313e-16,2
4Q,0.1805,0.44,F=0.474264607325,0.4742646073248237,0.6699999999999999,0,1749,5.551115123125783e-17,2.7755575615628914e-17,8.965050923848139e-15,0.9834644299294769,2.7755575615628914e-16,2
4Q,0.1805,0.46,F=0.474264607325,0.4742646073248237,0.655,0,1749,5.551115123125783e-17,2.7755575615628914e-17,8.965050923848139e-15,0.9834644299294769,2.220446049250313e-16,2
4Q,0.1805,0.48,F=0.474264607325,0.4742646073248237,0.64,0,1748,5.551115123125783e-17,2.7755575615628914e-17,8.965050923848139e-15,0.9834644299294769,2.220446049250313e-16,2
4Q,0.1805,0.5,F=0.474264607325,0.4742646073248237,0.625,0,1747,5.551115123125783e-17,2.7755575615628914e-17,8.965050923848139e-15,0.9834644299294769,2.220446049250313e-16,2
4Q,0.1805,0.52,F=0.474264607325,0.4742646073248237,0.61,0,1747,5.551115123125783e-17,2.7755575615628914e-17,8.965050923848139e-15,0.9834644299294769,2.220446049250313e-16,2
4Q,0.1805,0.54,F=0.474264607325,0.4742646073248237,0.595,0,1745,5.551115123125783e-17,2.7755575615628914e-17,8.965050923848139e-15,0.9834644299294769,2.220446049250313e-16,2
4Q,0.1805,0.56,F=0.474264607325,0.4742646073248237,0.58,0,1744,5.551115123125783e-17,2.7755575615628914e-17,8.965050923848139e-15,0.9834644299294769,2.220446049250313e-16,2
4Q,0.1805,0.58,F=0.474264607325,0.4742646073248237,0.5650000000000001,0,1742,5.551115123125783e-17,2.7755575615628914e-17,8.965050923848139e-15,0.9834644299294769,2.220446049250313e-16,2
4Q,0.1805,0.6,F=0.474264607325,0.4742646073248237,0.55,0,1739,5.551115123125783e-17,2.7755575615628914e-17,8.965050923848139e-15,0.9834644299294769,2.220446049250313e-16,2
4Q,0.1805,0.62,F=0.474264607325,0.4742646073248237,0.535,0,1734,5.551115123125783e-17,2.7755575615628914e-17,8.965050923848139e-15,0.9834644299294769,2.220446049250313e-16,2
4Q,0.1805,0.64,F=0.474264607325,0.4742646073248237,0.52,0,1727,5.551115123125783e-17,2.7755575615628914e-17,8.965050923848139e-15,0.9834644299294769,2.7755575615628914e-16,2
4Q,0.1805,0.66,F=0.474264607325,0.4742646073248237,0.505,0,1713,5.551115123125783e-17,2.7755575615628914e-17,8.965050923848139e-15,0.9834644299294769,2.220446049250313e-16,2
4Q,0.1805,0.68,F=0.474264607325,0.4742646073248237,0.49,0,1677,5.551115123125783e-17,2.7755575615628914e-17,8.965050923848139e-15,0.9834644299294769,2.7755575615628914e-16,2
4Q,0.1805,0.7,F=0.474264607325,0.4742646073248124,0.4750000000000001,0,1653,5.551115123125783e-17,1.6653345369377348e-16,6.716849298982197e-15,0.9834644299294769,1.942890293094024e-16,2
4Q,0.1805,0.72,F=0.474264607325,0.4742646073248124,0.4742646073248124,1776,1776,5.551115123125783e-17,1.6653345369377348e-16,6.716849298982197e-15,0.9834644299294769,2.220446049250313e-16,2
4Q,0.1805,0.74,F=0.474264607325,0.4742646073248124,0.4742646073248124,1895,1895,5.551115123125783e-17,1.6653345369377348e-16,6.716849298982197e-15,0.9834644299294769,2.220446049250313e-16,2
4Q,0.1805,0.76,F=0.265276172816,0.2652761728162007,0.42999999999999994,0,9620,8.326672684688674e-17,1.1102230246251565e-16,1.2711359742567652e-13,0.9972437096802412,2.7755575615628914e-16,2
4Q,0.1805,0.78,F=0.265276172816,0.2652761728162007,0.41500000000000004,0,9553,8.326672684688674e-17,1.1102230246251565e-16,1.2711359742567652e-13,0.9972437096802412,1.6653345369377348e-16,2
4Q,0.1805,0.8,F=0.265276172816,0.2652761728162007,0.3999999999999999,0,9525,8.326672684688674e-17,1.1102230246251565e-16,1.2711359742567652e-13,0.9972437096802412,2.498001805406602e-16,2
4Q,0.1805,0.82,F=0.265276172816,0.2652761728162007,0.385,0,9507,8.326672684688674e-17,1.1102230246251565e-16,1.2711359742567652e-13,0.9972437096802412,2.498001805406602e-16,2
4Q,0.1805,0.84,F=0.265276172816,0.2652761728162007,0.37,0,9492,8.326672684688674e-17,1.1102230246251565e-16,1.2711359742567652e-13,0.9972437096802412,1.6653345369377348e-16,2
4Q,0.1805,0.86,F=0.265276172816,0.2652761728162007,0.355,0,9476,8.326672684688674e-17,1.1102230246251565e-16,1.2711359742567652e-13,0.9972437096802412,1.6653345369377348e-16,2
4Q,0.1805,0.88,F=0.265276172816,0.2652761728162007,0.33999999999999997,0,9453,8.326672684688674e-17,1.1102230246251565e-16,1.2711359742567652e-13,0.9972437096802412,1.6653345369377348e-16,2
4Q,0.1805,0.9,F=0.265276172816,0.2652761728162007,0.32499999999999996,0,9413,8.326672684688674e-17,1.1102230246251565e-16,1.2711359742567652e-13,0.9972437096802412,2.7755575615628914e-16,2
4Q,0.1805,0.92,F=0.265276172816,0.2652761728162007,0.30999999999999994,0,9325,8.326672684688674e-17,1.1102230246251565e-16,1.2711359742567652e-13,0.9972437096802412,2.7755575615628914e-16,2
4Q,0.1805,0.94,F=0.265276172816,0.2652761728162007,0.29500000000000004,0,8972,8.326672684688674e-17,1.1102230246251565e-16,1.2711359742567652e-13,0.9972437096802412,2.498001805406602e-16,2
4Q,0.1805,0.96,F=0.265276172816,0.2652761728161366,0.28,0,9454,8.326672684688674e-17,1.1102230246251565e-16,1.2923689896027213e-13,0.9972437096802412,1.6653345369377348e-16,2
4Q,0.1805,0.98,F=0.265276172816,0.26527617281613636,0.26527617281613636,10216,10216,8.326672684688674e-17,1.1102230246251565e-16,1.2929241011150339e-13,0.9972437096802412,3.0531133177191805e-16,2
4Q,0.1805,1.0,unresolved,0.25,0.25,0,1,0.0,0.0,0.0,1.0013800470650625,0.0,2
4Q,0.18066,0.02,F=0.458354148024,0.45835414802435936,0.985,0,7096,5.551115123125783e-17,1.1102230246251565e-16,3.672062653947705e-14,0.9963259331407741,2.220446049250313e-16,2
4Q,0.18066,0.04,F=0.458354148024,0.45835414802435936,0.97,0,7096,5.551115123125783e-17,1.1102230246251565e-16,3.672062653947705e-14,0.9963259331407741,2.220446049250313e-16,2
4Q,0.18066,0.06,F=0.458354148024,0.45835414802435936,0.955,0,7096,5.551115123125783e-17,1.1102230246251565e-16,3.672062653947705e-14,0.9963259331407741,2.220446049250313e-16,2
4Q,0.18066,0.08,F=0.458354148024,0.45835414802435936,0.94,0,7095,5.551115123125783e-17,1.1102230246251565e-16,3.672062653947705e-14,0.9963259331407741,2.220446049250313e-16,2
4Q,0.18066,0.1,F=0.458354148024,0.45835414802435936,0.925,0,7095,5.551115123125783e-17,1.1102230246251565e-16,3.672062653947705e-14,0.9963259331407741,2.220446049250313e-16,2
4Q,0.18066,0.12,F=0.458354148024,0.45835414802435936,0.91,0,7095,5.551115123125783e-17,1.1102230246251565e-16,3.672062653947705e-14,0.9963259331407741,2.498001805406602e-16,2
4Q,0.18066,0.14,F=0.458354148024,0.45835414802435936,0.895,0,7095,5.551115123125783e-17,1.1102230246251565e-16,3.672062653947705e-14,0.9963259331407741,2.220446049250313e-16,2
4Q,0.18066,0.16,F=0.458354148024,0.45835414802435936,0.88,0,7095,5.551115123125783e-17,1.1102230246251565e-16,3.672062653947705e-14,0.9963259331407741,2.220446049250313e-16,2
4Q,0.18066,0.18,F=0.458354148024,0.45835414802435936,0.865,0,7095,5.551115123125783e-17,1.1102230246251565e-16,3.672062653947705e-14,0.9963259331407741,2.220446049250313e-16,2
4Q,0.18066,0.2,F=0.458354148024,0.45835414802435936,0.85,0,7095,5.551115123125783e-17,1.1102230246251565e-16,3.672062653947705e-14,0.9963259331407741,2.220446049250313e-16,2
4Q,0.18066,0.22,F=0.458354148024,0.45835414802435936,0.835,0,7095,5.551115123125783e-17,1.1102230246251565e-16,3.672062653947705e-14,0.9963259331407741,2.220446049250313e-16,2
4Q,0.18066,0.24,F=0.458354148024,0.45835414802435936,0.8200000000000001,0,7095,5.551115123125783e-17,1.1102230246251565e-16,3.672062653947705e-14,0.9963259331407741,2.7755575615628914e-16,2
4Q,0.18066,0.26,F=0.458354148024,0.45835414802435936,0.8049999999999999,0,7095,5.551115123125783e-17,1.1102230246251565e-16,3.672062653947705e-14,0.9963259331407741,2.220446049250313e-16,2
4Q,0.18066,0.28,F=0.458354148024,0.45835414802435936,0.79,0,7095,5.551115123125783e-17,1.1102230246251565e-16,3.672062653947705e-14,0.9963259331407741,2.498001805406602e-16,2
4Q,0.18066,0.3,F=0.458354148024,0.45835414802435936,0.775,0,7095,5.551115123125783e-17,1.1102230246251565e-16,3.672062653947705e-14,0.9963259331407741,2.220446049250313e-16,2
4Q,0.18066,0.32,F=0.458354148024,0.45835414802435936,0.76,0,7094,5.551115123125783e-17,1.1102230246251565e-16,3.672062653947705e-14,0.9963259331407741,2.7755575615628914e-16,2
4Q,0.18066,0.34,F=0.458354148024,0.45835414802435936,0.745,0,7094,5.551115123125783e-17,1.1102230246251565e-16,3.672062653947705e-14,0.9963259331407741,2.7755575615628914e-16,2
4Q,0.18066,0.36,F=0.458354148024,0.45835414802435936,0.73,0,7094,5.551115123125783e-17,1.1102230246251565e-16,3.672062653947705e-14,0.9963259331407741,2.7755575615628914e-16,2
4Q,0.18066,0.38,F=0.458354148024,0.45835414802435936,0.715,0,7094,5.551115123125783e-17,1.1102230246251565e-16,3.672062653947705e-14,0.9963259331407741,2.220446049250313e-16,2
4Q,0.18066,0.4,F=0.458354148024,0.45835414802435936,0.7,0,7093,5.551115123125783e-17,1.1102230246251565e-16,3.672062653947705e-14,0.9963259331407741,2.220446049250313e-16,2
4Q,0.18066,0.42,F=0.458354148024,0.45835414802435936,0.685,0,7093,5.551115123125783e-17,1.1102230246251565e-16,3.672062653947705e-14,0.9963259331407741,2.220446049250313e-16,2
4Q,0.18066,0.44,F=0.458354148024,0.45835414802435936,0.6699999999999999,0,7093,5.551115123125783e-17,1.1102230246251565e-16,3.672062653947705e-14,0.9963259331407741,2.220446049250313e-16,2
4Q,0.18066,0.46,F=0.458354148024,0.45835414802435936,0.655,0,7092,5.551115123125783e-17,1.1102230246251565e-16,3.672062653947705e-14,0.9963259331407741,2.220446049250313e-16,2
4Q,0.18066,0.48,F=0.458354148024,0.45835414802435936,0.64,0,7092,5.551115123125783e-17,1.1102230246251565e-16,3.672062653947705e-14,0.9963259331407741,2.220446049250313e-16,2
4Q,0.18066,0.5,F=0.458354148024,0.45835414802435936,0.625,0,7091,5.551115123125783e-17,1.1102230246251565e-16,3.672062653947705e-14,0.9963259331407741,2.220446049250313e-16,2
4Q,0.18066,0.52,F=0.458354148024,0.45835414802435936,0.61,0,7090,5.551115123125783e-17,1.1102230246251565e-16,3.672062653947705e-14,0.9963259331407741,2.7755575615628914e-16,2
4Q,0.18066,0.54,F=0.458354148024,0.45835414802435936,0.595,0,7089,5.551115123125783e-17,1.1102230246251565e-16,3.672062653947705e-14,0.9963259331407741,2.220446049250313e-16,2
4Q,0.18066,0.56,F=0.458354148024,0.45835414802435936,0.58,0,7087,5.551115123125783e-17,1.1102230246251565e-16,3.672062653947705e-14,0.9963259331407741,2.7755575615628914e-16,2
4Q,0.18066,0.58,F=0.458354148024,0.45835414802435936,0.5650000000000001,0,7085,5.551115123125783e-17,1.1102230246251565e-16,3.672062653947705e-14,0.9963259331407741,2.7755575615628914e-16,2
4Q,0.18066,0.6,F=0.458354148024,0.45835414802435936,0.55,0,7082,5.551115123125783e-17,1.1102230246251565e-16,3.672062653947705e-14,0.9963259331407741,2.220446049250313e-16,2
4Q,0.18066,0.62,F=0.458354148024,0.45835414802435936,0.535,0,7078,5.551115123125783e-17,1.1102230246251565e-16,3.672062653947705e-14,0.9963259331407741,2.220446049250313e-16,2
4Q,0.18066,0.64,F=0.458354148024,0.45835414802435936,0.52,0,7072,5.551115123125783e-17,1.1102230246251565e-16,3.672062653947705e-14,0.9963259331407741,2.220446049250313e-16,2
4Q,0.18066,0.66,F=0.458354148024,0.45835414802435936,0.505,0,7060,5.551115123125783e-17,1.1102230246251565e-16,3.672062653947705e-14,0.9963259331407741,2.220446049250313e-16,2
4Q,0.18066,0.68,F=0.458354148024,0.45835414802435936,0.49,0,7035,5.551115123125783e-17,1.1102230246251565e-16,3.672062653947705e-14,0.9963259331407741,2.220446049250313e-16,2
4Q,0.18066,0.7,F=0.458354148024,0.45835414802435936,0.4750000000000001,0,6955,5.551115123125783e-17,1.1102230246251565e-16,3.672062653947705e-14,0.9963259331407741,2.220446049250313e-16,2
4Q,0.18066,0.72,F=0.458354148024,0.4583541480242864,0.45999999999999996,0,7074,5.551115123125783e-17,1.1102230246251565e-16,6.500355809180292e-14,0.9963259331407741,2.220446049250313e-16,2
4Q,0.18066,0.74,F=0.260928645821,0.26092864582147596,0.44500000000000006,0,18058,8.326672684688674e-17,1.1102230246251565e-16,2.4416579869068755e-13,0.9985897466881858,2.7755575615628914e-16,2
4Q,0.18066,0.76,F=0.260928645821,0.26092864582147596,0.42999999999999994,0,17932,8.326672684688674e-17,1.1102230246251565e-16,2.4416579869068755e-13,0.9985897466881858,2.220446049250313e-16,2
4Q,0.18066,0.78,F=0.260928645821,0.26092864582147596,0.41500000000000004,0,17890,8.326672684688674e-17,1.1102230246251565e-16,2.4416579869068755e-13,0.9985897466881858,1.942890293094024e-16,2
4Q,0.18066,0.8,F=0.260928645821,0.26092864582147596,0.3999999999999999,0,17867,8.326672684688674e-17,1.1102230246251565e-16,2.4416579869068755e-13,0.9985897466881858,1.6653345369377348e-16,2
4Q,0.18066,0.82,F=0.260928645821,0.26092864582147596,0.385,0,17850,8.326672684688674e-17,1.1102230246251565e-16,2.4416579869068755e-13,0.9985897466881858,1.6653345369377348e-16,2
4Q,0.18066,0.84,F=0.260928645821,0.26092864582147596,0.37,0,17836,8.326672684688674e-17,1.1102230246251565e-16,2.4416579869068755e-13,0.9985897466881858,1.6653345369377348e-16,2
4Q,0.18066,0.86,F=0.260928645821,0.26092864582147596,0.355,0,17821,8.326672684688674e-17,1.1102230246251565e-16,2.4416579869068755e-13,0.9985897466881858,2.220446049250313e-16,2
4Q,0.18066,0.88,F=0.260928645821,0.26092864582147596,0.33999999999999997,0,17799,8.326672684688674e-17,1.1102230246251565e-16,2.4416579869068755e-13,0.9985897466881858,2.220446049250313e-16,2
4Q,0.18066,0.9,F=0.260928645821,0.26092864582147596,0.32499999999999996,0,17763,8.326672684688674e-17,1.1102230246251565e-16,2.4416579869068755e-13,0.9985897466881858,1.6653345369377348e-16,2
4Q,0.18066,0.92,F=0.260928645821,0.26092864582147596,0.30999999999999994,0,17690,8.326672684688674e-17,1.1102230246251565e-16,2.4416579869068755e-13,0.9985897466881858,1.942890293094024e-16,2
4Q,0.18066,0.94,F=0.260928645821,0.26092864582147596,0.29500000000000004,0,17490,8.326672684688674e-17,1.1102230246251565e-16,2.4416579869068755e-13,0.9985897466881858,2.7755575615628914e-16,2
4Q,0.18066,0.96,F=0.260928645821,0.26092864582147596,0.28,0,14847,8.326672684688674e-17,1.1102230246251565e-16,2.4416579869068755e-13,0.9985897466881858,2.7755575615628914e-16,2
4Q,0.18066,0.98,F=0.260928645821,0.26092864582134967,0.265,0,18697,8.326672684688674e-17,1.1102230246251565e-16,2.607081217576024e-13,0.9985897466881858,1.942890293094024e-16,2
4Q,0.18066,1.0,unresolved,0.25,0.25,0,1,0.0,0.0,0.0,1.000705624210347,0.0,2
4Q,0.1807,0.02,F=0.259535604402,0.25953560440221973,0.985,0,24012,8.326672684688674e-17,1.1102230246251565e-16,3.432601425323867e-13,0.9989264358031398,2.220446049250313e-16,1
4Q,0.1807,0.04,F=0.259535604402,0.25953560440221973,0.97,0,24012,8.326672684688674e-17,1.1102230246251565e-16,3.432601425323867e-13,0.9989264358031398,1.942890293094024e-16,1
4Q,0.1807,0.06,F=0.259535604402,0.25953560440221973,0.955,0,24012,8.326672684688674e-17,1.1102230246251565e-16,3.432601425323867e-13,0.9989264358031398,2.220446049250313e-16,1
4Q,0.1807,0.08,F=0.259535604402,0.25953560440221973,0.94,0,24012,8.326672684688674e-17,1.1102230246251565e-16,3.432601425323867e-13,0.9989264358031398,2.220446049250313e-16,1
4Q,0.1807,0.1,F=0.259535604402,0.25953560440221973,0.925,0,24012,8.326672684688674e-17,1.1102230246251565e-16,3.432601425323867e-13,0.9989264358031398,2.220446049250313e-16,1
4Q,0.1807,0.12,F=0.259535604402,0.25953560440221973,0.91,0,24012,8.326672684688674e-17,1.1102230246251565e-16,3.432601425323867e-13,0.9989264358031398,2.498001805406602e-16,1
4Q,0.1807,0.14,F=0.259535604402,0.25953560440221973,0.895,0,24011,8.326672684688674e-17,1.1102230246251565e-16,3.432601425323867e-13,0.9989264358031398,1.942890293094024e-16,1
4Q,0.1807,0.16,F=0.259535604402,0.25953560440221973,0.88,0,24011,8.326672684688674e-17,1.1102230246251565e-16,3.432601425323867e-13,0.9989264358031398,2.7755575615628914e-16,1
4Q,0.1807,0.18,F=0.259535604402,0.25953560440221973,0.865,0,24011,8.326672684688674e-17,1.1102230246251565e-16,3.432601425323867e-13,0.9989264358031398,2.220446049250313e-16,1
4Q,0.1807,0.2,F=0.259535604402,0.25953560440221973,0.85,0,24011,8.326672684688674e-17,1.1102230246251565e-16,3.432601425323867e-13,0.9989264358031398,2.7755575615628914e-16,1
4Q,0.1807,0.22,F=0.259535604402,0.25953560440221973,0.835,0,24011,8.326672684688674e-17,1.1102230246251565e-16,3.432601425323867e-13,0.9989264358031398,2.7755575615628914e-16,1
4Q,0.1807,0.24,F=0.259535604402,0.25953560440221973,0.8200000000000001,0,24011,8.326672684688674e-17,1.1102230246251565e-16,3.432601425323867e-13,0.9989264358031398,2.220446049250313e-16,1
4Q,0.1807,0.26,F=0.259535604402,0.25953560440221973,0.8049999999999999,0,24011,8.326672684688674e-17,1.1102230246251565e-16,3.432601425323867e-13,0.9989264358031398,1.942890293094024e-16,1
4Q,0.1807,0.28,F=0.259535604402,0.25953560440221973,0.79,0,24011,8.326672684688674e-17,1.1102230246251565e-16,3.432601425323867e-13,0.9989264358031398,2.7755575615628914e-16,1
4Q,0.1807,0.3,F=0.259535604402,0.25953560440221973,0.775,0,24011,8.326672684688674e-17,1.1102230246251565e-16,3.432601425323867e-13,0.9989264358031398,2.220446049250313e-16,1
4Q,0.1807,0.32,F=0.259535604402,0.25953560440221973,0.76,0,24010,8.326672684688674e-17,1.1102230246251565e-16,3.432601425323867e-13,0.9989264358031398,1.942890293094024e-16,1
4Q,0.1807,0.34,F=0.259535604402,0.25953560440221973,0.745,0,24010,8.326672684688674e-17,1.1102230246251565e-16,3.432601425323867e-13,0.9989264358031398,2.220446049250313e-16,1
4Q,0.1807,0.36,F=0.259535604402,0.25953560440221973,0.73,0,24010,8.326672684688674e-17,1.1102230246251565e-16,3.432601425323867e-13,0.9989264358031398,2.7755575615628914e-16,1
4Q,0.1807,0.38,F=0.259535604402,0.25953560440221973,0.715,0,24010,8.326672684688674e-17,1.1102230246251565e-16,3.432601425323867e-13,0.9989264358031398,2.220446049250313e-16,1
4Q,0.1807,0.4,F=0.259535604402,0.25953560440221973,0.7,0,24010,8.326672684688674e-17,1.1102230246251565e-16,3.432601425323867e-13,0.9989264358031398,2.220446049250313e-16,1
4Q,0.1807,0.42,F=0.259535604402,0.25953560440221973,0.685,0,24009,8.326672684688674e-17,1.1102230246251565e-16,3.432601425323867e-13,0.9989264358031398,2.220446049250313e-16,1
4Q,0.1807,0.44,F=0.259535604402,0.25953560440221973,0.6699999999999999,0,24009,8.326672684688674e-17,1.1102230246251565e-16,3.432601425323867e-13,0.9989264358031398,2.498001805406602e-16,1
4Q,0.1807,0.46,F=0.259535604402,0.25953560440221973,0.655,0,24008,8.326672684688674e-17,1.1102230246251565e-16,3.432601425323867e-13,0.9989264358031398,2.7755575615628914e-16,1
4Q,0.1807,0.48,F=0.259535604402,0.25953560440221973,0.64,0,24008,8.326672684688674e-17,1.1102230246251565e-16,3.432601425323867e-13,0.9989264358031398,2.7755575615628914e-16,1
4Q,0.1807,0.5,F=0.259535604402,0.25953560440221973,0.625,0,24007,8.326672684688674e-17,1.1102230246251565e-16,3.432601425323867e-13,0.9989264358031398,2.220446049250313e-16,1
4Q,0.1807,0.52,F=0.259535604402,0.25953560440221973,0.61,0,24006,8.326672684688674e-17,1.1102230246251565e-16,3.432601425323867e-13,0.9989264358031398,2.220446049250313e-16,1
4Q,0.1807,0.54,F=0.259535604402,0.25953560440221973,0.595,0,24005,8.326672684688674e-17,1.1102230246251565e-16,3.432601425323867e-13,0.9989264358031398,2.220446049250313e-16,1
4Q,0.1807,0.56,F=0.259535604402,0.25953560440221973,0.58,0,24003,8.326672684688674e-17,1.1102230246251565e-16,3.432601425323867e-13,0.9989264358031398,2.7755575615628914e-16,1
4Q,0.1807,0.58,F=0.259535604402,0.25953560440221973,0.5650000000000001,0,24001,8.326672684688674e-17,1.1102230246251565e-16,3.432601425323867e-13,0.9989264358031398,2.7755575615628914e-16,1
4Q,0.1807,0.6,F=0.259535604402,0.25953560440221973,0.55,0,23999,8.326672684688674e-17,1.1102230246251565e-16,3.432601425323867e-13,0.9989264358031398,2.498001805406602e-16,1
4Q,0.1807,0.62,F=0.259535604402,0.25953560440221973,0.535,0,23994,8.326672684688674e-17,1.1102230246251565e-16,3.432601425323867e-13,0.9989264358031398,2.220446049250313e-16,1
4Q,0.1807,0.64,F=0.259535604402,0.25953560440221973,0.52,0,23988,8.326672684688674e-17,1.1102230246251565e-16,3.432601425323867e-13,0.9989264358031398,2.7755575615628914e-16,1
4Q,0.1807,0.66,F=0.259535604402,0.25953560440221973,0.505,0,23977,8.326672684688674e-17,1.1102230246251565e-16,3.432601425323867e-13,0.9989264358031398,1.942890293094024e-16,1
4Q,0.1807,0.68,F=0.259535604402,0.25953560440221973,0.49,0,23954,8.326672684688674e-17,1.1102230246251565e-16,3.432601425323867e-13,0.9989264358031398,2.220446049250313e-16,1
4Q,0.1807,0.7,F=0.259535604402,0.25953560440221973,0.4750000000000001,0,23890,8.326672684688674e-17,1.1102230246251565e-16,3.432601425323867e-13,0.9989264358031398,2.220446049250313e-16,1
4Q,0.1807,0.72,F=0.259535604402,0.25953560440221973,0.45999999999999996,0,23598,8.326672684688674e-17,1.1102230246251565e-16,3.432601425323867e-13,0.9989264358031398,2.220446049250313e-16,1
4Q,0.1807,0.74,F=0.259535604402,0.25953560440221973,0.44500000000000006,0,23233,8.326672684688674e-17,1.1102230246251565e-16,3.432601425323867e-13,0.9989264358031398,2.7755575615628914e-16,1
4Q,0.1807,0.76,F=0.259535604402,0.25953560440221973,0.42999999999999994,0,23138,8.326672684688674e-17,1.1102230246251565e-16,3.432601425323867e-13,0.9989264358031398,2.220446049250313e-16,1
4Q,0.1807,0.78,F=0.259535604402,0.25953560440221973,0.41500000000000004,0,23099,8.326672684688674e-17,1.1102230246251565e-16,3.432601425323867e-13,0.9989264358031398,1.6653345369377348e-16,1
4Q,0.1807,0.8,F=0.259535604402,0.25953560440221973,0.3999999999999999,0,23076,8.326672684688674e-17,1.1102230246251565e-16,3.432601425323867e-13,0.9989264358031398,2.498001805406602e-16,1
4Q,0.1807,0.82,F=0.259535604402,0.25953560440221973,0.385,0,23060,8.326672684688674e-17,1.1102230246251565e-16,3.432601425323867e-13,0.9989264358031398,2.7755575615628914e-16,1
4Q,0.1807,0.84,F=0.259535604402,0.25953560440221973,0.37,0,23047,8.326672684688674e-17,1.1102230246251565e-16,3.432601425323867e-13,0.9989264358031398,2.220446049250313e-16,1
4Q,0.1807,0.86,F=0.259535604402,0.25953560440221973,0.355,0,23031,8.326672684688674e-17,1.1102230246251565e-16,3.432601425323867e-13,0.9989264358031398,1.6653345369377348e-16,1
4Q,0.1807,0.88,F=0.259535604402,0.25953560440221973,0.33999999999999997,0,23010,8.326672684688674e-17,1.1102230246251565e-16,3.432601425323867e-13,0.9989264358031398,1.6653345369377348e-16,1
4Q,0.1807,0.9,F=0.259535604402,0.25953560440221973,0.32499999999999996,0,22974,8.326672684688674e-17,1.1102230246251565e-16,3.432601425323867e-13,0.9989264358031398,1.942890293094024e-16,1
4Q,0.1807,0.92,F=0.259535604402,0.25953560440221973,0.30999999999999994,0,22904,8.326672684688674e-17,1.1102230246251565e-16,3.432601425323867e-13,0.9989264358031398,1.6653345369377348e-16,1
4Q,0.1807,0.94,F=0.259535604402,0.25953560440221973,0.29500000000000004,0,22723,8.326672684688674e-17,1.1102230246251565e-16,3.432601425323867e-13,0.9989264358031398,2.498001805406602e-16,1
4Q,0.1807,0.96,F=0.259535604402,0.25953560440221973,0.28,0,21762,8.326672684688674e-17,1.1102230246251565e-16,3.432601425323867e-13,0.9989264358031398,1.6653345369377348e-16,1
4Q,0.1807,0.98,F=0.259535604402,0.25953560440205303,0.265,0,23838,8.326672684688674e-17,1.1102230246251565e-16,3.234287837550198e-13,0.9989264358031398,1.6653345369377348e-16,1
4Q,0.1807,1.0,unresolved,0.25,0.25,0,1,0.0,0.0,0.0,1.0005370703882002,0.0,1
4Q,0.182,0.02,F=0.250000000000,0.25000000000001804,0.985,0,5793,8.326672684688674e-17,1.1102230246251565e-16,7.166489623955385e-14,0.995070359376,1.6653345369377348e-16,1
4Q,0.182,0.04,F=0.250000000000,0.25000000000001804,0.97,0,5793,8.326672684688674e-17,1.1102230246251565e-16,7.166489623955385e-14,0.995070359376,2.498001805406602e-16,1
4Q,0.182,0.06,F=0.250000000000,0.25000000000001804,0.955,0,5793,8.326672684688674e-17,1.1102230246251565e-16,7.166489623955385e-14,0.995070359376,4.440892098500626e-16,1
4Q,0.182,0.08,F=0.250000000000,0.25000000000001804,0.94,0,5793,8.326672684688674e-17,1.1102230246251565e-16,7.166489623955385e-14,0.995070359376,2.498001805406602e-16,1
4Q,0.182,0.1,F=0.250000000000,0.25000000000001793,0.925,0,5793,8.326672684688674e-17,1.1102230246251565e-16,7.144285163462882e-14,0.995070359376,2.220446049250313e-16,1
4Q,0.182,0.12,F=0.250000000000,0.25000000000001793,0.91,0,5793,8.326672684688674e-17,1.1102230246251565e-16,7.144285163462882e-14,0.995070359376,2.498001805406602e-16,1
4Q,0.182,0.14,F=0.250000000000,0.25000000000001804,0.895,0,5793,8.326672684688674e-17,1.1102230246251565e-16,7.166489623955385e-14,0.995070359376,2.7755575615628914e-16,1
4Q,0.182,0.16,F=0.250000000000,0.25000000000001804,0.88,0,5793,8.326672684688674e-17,1.1102230246251565e-16,7.166489623955385e-14,0.995070359376,1.6653345369377348e-16,1
4Q,0.182,0.18,F=0.250000000000,0.25000000000001804,0.865,0,5793,8.326672684688674e-17,1.1102230246251565e-16,7.166489623955385e-14,0.995070359376,2.498001805406602e-16,1
4Q,0.182,0.2,F=0.250000000000,0.25000000000001804,0.85,0,5793,8.326672684688674e-17,1.1102230246251565e-16,7.166489623955385e-14,0.995070359376,2.498001805406602e-16,1
4Q,0.182,0.22,F=0.250000000000,0.25000000000001804,0.835,0,5792,8.326672684688674e-17,1.1102230246251565e-16,7.166489623955385e-14,0.995070359376,2.7755575615628914e-16,1
4Q,0.182,0.24,F=0.250000000000,0.25000000000001804,0.8200000000000001,0,5792,8.326672684688674e-17,1.1102230246251565e-16,7.166489623955385e-14,0.995070359376,1.6653345369377348e-16,1
4Q,0.182,0.26,F=0.250000000000,0.25000000000001793,0.8049999999999999,0,5793,8.326672684688674e-17,1.1102230246251565e-16,7.144285163462882e-14,0.995070359376,1.6653345369377348e-16,1
4Q,0.182,0.28,F=0.250000000000,0.25000000000001804,0.79,0,5792,8.326672684688674e-17,1.1102230246251565e-16,7.166489623955385e-14,0.995070359376,2.220446049250313e-16,1
4Q,0.182,0.3,F=0.250000000000,0.25000000000001804,0.775,0,5792,8.326672684688674e-17,1.1102230246251565e-16,7.166489623955385e-14,0.995070359376,1.6653345369377348e-16,1
4Q,0.182,0.32,F=0.250000000000,0.25000000000001804,0.76,0,5792,8.326672684688674e-17,1.1102230246251565e-16,7.166489623955385e-14,0.995070359376,2.498001805406602e-16,1
4Q,0.182,0.34,F=0.250000000000,0.25000000000001804,0.745,0,5792,8.326672684688674e-17,1.1102230246251565e-16,7.166489623955385e-14,0.995070359376,2.7755575615628914e-16,1
4Q,0.182,0.36,F=0.250000000000,0.25000000000001793,0.73,0,5792,8.326672684688674e-17,1.1102230246251565e-16,7.144285163462882e-14,0.995070359376,2.498001805406602e-16,1
4Q,0.182,0.38,F=0.250000000000,0.25000000000001804,0.715,0,5791,8.326672684688674e-17,1.1102230246251565e-16,7.166489623955385e-14,0.995070359376,2.220446049250313e-16,1
4Q,0.182,0.4,F=0.250000000000,0.25000000000001793,0.7,0,5791,8.326672684688674e-17,1.1102230246251565e-16,7.144285163462882e-14,0.995070359376,2.7755575615628914e-16,1
4Q,0.182,0.42,F=0.250000000000,0.25000000000001804,0.685,0,5791,8.326672684688674e-17,1.1102230246251565e-16,7.166489623955385e-14,0.995070359376,1.6653345369377348e-16,1
4Q,0.182,0.44,F=0.250000000000,0.25000000000001804,0.6699999999999999,0,5790,8.326672684688674e-17,1.1102230246251565e-16,7.166489623955385e-14,0.995070359376,1.942890293094024e-16,1
4Q,0.182,0.46,F=0.250000000000,0.25000000000001793,0.655,0,5790,8.326672684688674e-17,1.1102230246251565e-16,7.144285163462882e-14,0.995070359376,2.7755575615628914e-16,1
4Q,0.182,0.48,F=0.250000000000,0.25000000000001804,0.64,0,5789,8.326672684688674e-17,1.1102230246251565e-16,7.166489623955385e-14,0.995070359376,1.942890293094024e-16,1
4Q,0.182,0.5,F=0.250000000000,0.25000000000001804,0.625,0,5789,8.326672684688674e-17,1.1102230246251565e-16,7.166489623955385e-14,0.995070359376,1.942890293094024e-16,1
4Q,0.182,0.52,F=0.250000000000,0.25000000000001804,0.61,0,5788,8.326672684688674e-17,1.1102230246251565e-16,7.166489623955385e-14,0.995070359376,1.942890293094024e-16,1
4Q,0.182,0.54,F=0.250000000000,0.25000000000001793,0.595,0,5787,8.326672684688674e-17,1.1102230246251565e-16,7.144285163462882e-14,0.995070359376,1.6653345369377348e-16,1
4Q,0.182,0.56,F=0.250000000000,0.25000000000001804,0.58,0,5785,8.326672684688674e-17,1.1102230246251565e-16,7.166489623955385e-14,0.995070359376,1.6653345369377348e-16,1
4Q,0.182,0.58,F=0.250000000000,0.25000000000001804,0.5650000000000001,0,5784,8.326672684688674e-17,1.1102230246251565e-16,7.166489623955385e-14,0.995070359376,2.220446049250313e-16,1
4Q,0.182,0.6,F=0.250000000000,0.25000000000001793,0.55,0,5782,8.326672684688674e-17,1.1102230246251565e-16,7.144285163462882e-14,0.995070359376,2.7755575615628914e-16,1
4Q,0.182,0.62,F=0.250000000000,0.25000000000001804,0.535,0,5779,8.326672684688674e-17,1.1102230246251565e-16,7.166489623955385e-14,0.995070359376,1.6653345369377348e-16,1
4Q,0.182,0.64,F=0.250000000000,0.25000000000001804,0.52,0,5775,8.326672684688674e-17,1.1102230246251565e-16,7.166489623955385e-14,0.995070359376,2.220446049250313e-16,1
4Q,0.182,0.66,F=0.250000000000,0.25000000000001804,0.505,0,5770,8.326672684688674e-17,1.1102230246251565e-16,7.166489623955385e-14,0.995070359376,1.6653345369377348e-16,1
4Q,0.182,0.68,F=0.250000000000,0.25000000000001793,0.49,0,5763,8.326672684688674e-17,1.1102230246251565e-16,7.144285163462882e-14,0.995070359376,1.6653345369377348e-16,1
4Q,0.182,0.7,F=0.250000000000,0.25000000000001804,0.4750000000000001,0,5753,8.326672684688674e-17,1.1102230246251565e-16,7.166489623955385e-14,0.995070359376,1.6653345369377348e-16,1
4Q,0.182,0.72,F=0.250000000000,0.25000000000001804,0.45999999999999996,0,5742,8.326672684688674e-17,1.1102230246251565e-16,7.166489623955385e-14,0.995070359376,2.498001805406602e-16,1
4Q,0.182,0.74,F=0.250000000000,0.25000000000001804,0.44500000000000006,0,5729,8.326672684688674e-17,1.1102230246251565e-16,7.166489623955385e-14,0.995070359376,2.7755575615628914e-16,1
4Q,0.182,0.76,F=0.250000000000,0.25000000000001804,0.42999999999999994,0,5717,8.326672684688674e-17,1.1102230246251565e-16,7.166489623955385e-14,0.995070359376,1.6653345369377348e-16,1
4Q,0.182,0.78,F=0.250000000000,0.25000000000001804,0.41500000000000004,0,5706,8.326672684688674e-17,1.1102230246251565e-16,7.166489623955385e-14,0.995070359376,1.6653345369377348e-16,1
4Q,0.182,0.8,F=0.250000000000,0.25000000000001804,0.3999999999999999,0,5696,8.326672684688674e-17,1.1102230246251565e-16,7.166489623955385e-14,0.995070359376,1.6653345369377348e-16,1
4Q,0.182,0.82,F=0.250000000000,0.25000000000001804,0.385,0,5687,8.326672684688674e-17,1.1102230246251565e-16,7.166489623955385e-14,0.995070359376,1.6653345369377348e-16,1
4Q,0.182,0.84,F=0.250000000000,0.25000000000001804,0.37,0,5677,8.326672684688674e-17,1.1102230246251565e-16,7.166489623955385e-14,0.995070359376,2.220446049250313e-16,1
4Q,0.182,0.86,F=0.250000000000,0.25000000000001804,0.355,0,5666,8.326672684688674e-17,1.1102230246251565e-16,7.166489623955385e-14,0.995070359376,2.498001805406602e-16,1
4Q,0.182,0.88,F=0.250000000000,0.25000000000001804,0.33999999999999997,0,5651,8.326672684688674e-17,1.1102230246251565e-16,7.166489623955385e-14,0.995070359376,2.498001805406602e-16,1
4Q,0.182,0.9,F=0.250000000000,0.25000000000001793,0.32499999999999996,0,5631,8.326672684688674e-17,1.1102230246251565e-16,7.144285163462882e-14,0.995070359376,2.220446049250313e-16,1
4Q,0.182,0.92,F=0.250000000000,0.25000000000001804,0.30999999999999994,0,5600,8.326672684688674e-17,1.1102230246251565e-16,7.166489623955385e-14,0.995070359376,2.220446049250313e-16,1
4Q,0.182,0.94,F=0.250000000000,0.25000000000001793,0.29500000000000004,0,5554,8.326672684688674e-17,1.1102230246251565e-16,7.144285163462882e-14,0.995070359376,2.7755575615628914e-16,1
4Q,0.182,0.96,F=0.250000000000,0.25000000000001804,0.28,0,5478,8.326672684688674e-17,1.1102230246251565e-16,7.166489623955385e-14,0.995070359376,1.6653345369377348e-16,1
4Q,0.182,0.98,F=0.250000000000,0.2500000000000181,0.265,0,5338,8.326672684688674e-17,1.1102230246251565e-16,7.149836278586008e-14,0.995070359376,2.7755575615628914e-16,1
4Q,0.182,1.0,F=0.250000000000,0.25,0.25,0,1,0.0,0.0,0.0,0.995070359376,0.0,1
4Q,0.19,0.02,F=0.250000000000,0.25000000000000205,0.985,0,823,8.326672684688674e-17,8.326672684688674e-17,7.965850201685498e-15,0.96190821,2.7755575615628914e-16,1
4Q,0.19,0.04,F=0.250000000000,0.25000000000000205,0.97,0,823,8.326672684688674e-17,8.326672684688674e-17,7.965850201685498e-15,0.96190821,2.220446049250313e-16,1
4Q,0.19,0.06,F=0.250000000000,0.2500000000000022,0.955,0,822,8.326672684688674e-17,8.326672684688674e-17,8.465450562766819e-15,0.96190821,1.6653345369377348e-16,1
4Q,0.19,0.08,F=0.250000000000,0.25000000000000205,0.94,0,823,8.326672684688674e-17,8.326672684688674e-17,7.965850201685498e-15,0.96190821,2.220446049250313e-16,1
4Q,0.19,0.1,F=0.250000000000,0.25000000000000205,0.925,0,823,8.326672684688674e-17,8.326672684688674e-17,7.965850201685498e-15,0.96190821,2.498001805406602e-16,1
4Q,0.19,0.12,F=0.250000000000,0.2500000000000022,0.91,0,822,8.326672684688674e-17,8.326672684688674e-17,8.465450562766819e-15,0.96190821,2.498001805406602e-16,1
4Q,0.19,0.14,F=0.250000000000,0.2500000000000022,0.895,0,822,8.326672684688674e-17,8.326672684688674e-17,8.465450562766819e-15,0.96190821,2.7755575615628914e-16,1
4Q,0.19,0.16,F=0.250000000000,0.2500000000000022,0.88,0,822,8.326672684688674e-17,8.326672684688674e-17,8.465450562766819e-15,0.96190821,1.6653345369377348e-16,1
4Q,0.19,0.18,F=0.250000000000,0.25000000000000205,0.865,0,823,8.326672684688674e-17,8.326672684688674e-17,7.965850201685498e-15,0.96190821,2.7755575615628914e-16,1
4Q,0.19,0.2,F=0.250000000000,0.2500000000000022,0.85,0,822,8.326672684688674e-17,8.326672684688674e-17,8.465450562766819e-15,0.96190821,2.220446049250313e-16,1
4Q,0.19,0.22,F=0.250000000000,0.25000000000000205,0.835,0,823,8.326672684688674e-17,8.326672684688674e-17,7.965850201685498e-15,0.96190821,2.220446049250313e-16,1
4Q,0.19,0.24,F=0.250000000000,0.25000000000000205,0.8200000000000001,0,823,8.326672684688674e-17,8.326672684688674e-17,7.965850201685498e-15,0.96190821,2.220446049250313e-16,1
4Q,0.19,0.26,F=0.250000000000,0.2500000000000022,0.8049999999999999,0,821,8.326672684688674e-17,8.326672684688674e-17,8.465450562766819e-15,0.96190821,2.7755575615628914e-16,1
4Q,0.19,0.28,F=0.250000000000,0.2500000000000022,0.79,0,821,8.326672684688674e-17,8.326672684688674e-17,8.465450562766819e-15,0.96190821,1.6653345369377348e-16,1
4Q,0.19,0.3,F=0.250000000000,0.25000000000000205,0.775,0,822,8.326672684688674e-17,8.326672684688674e-17,7.965850201685498e-15,0.96190821,1.6653345369377348e-16,1
4Q,0.19,0.32,F=0.250000000000,0.25000000000000205,0.76,0,822,8.326672684688674e-17,8.326672684688674e-17,7.965850201685498e-15,0.96190821,1.6653345369377348e-16,1
4Q,0.19,0.34,F=0.250000000000,0.2500000000000022,0.745,0,821,8.326672684688674e-17,8.326672684688674e-17,8.465450562766819e-15,0.96190821,2.7755575615628914e-16,1
4Q,0.19,0.36,F=0.250000000000,0.2500000000000022,0.73,0,821,8.326672684688674e-17,8.326672684688674e-17,8.465450562766819e-15,0.96190821,2.220446049250313e-16,1
4Q,0.19,0.38,F=0.250000000000,0.25000000000000205,0.715,0,822,8.326672684688674e-17,8.326672684688674e-17,7.965850201685498e-15,0.96190821,1.6653345369377348e-16,1
4Q,0.19,0.4,F=0.250000000000,0.25000000000000205,0.7,0,821,8.326672684688674e-17,8.326672684688674e-17,7.965850201685498e-15,0.96190821,2.220446049250313e-16,1
4Q,0.19,0.42,F=0.250000000000,0.2500000000000022,0.685,0,820,8.326672684688674e-17,8.326672684688674e-17,8.465450562766819e-15,0.96190821,2.498001805406602e-16,1
4Q,0.19,0.44,F=0.250000000000,0.25000000000000205,0.6699999999999999,0,821,8.326672684688674e-17,8.326672684688674e-17,7.965850201685498e-15,0.96190821,1.6653345369377348e-16,1
4Q,0.19,0.46,F=0.250000000000,0.25000000000000205,0.655,0,821,8.326672684688674e-17,8.326672684688674e-17,7.965850201685498e-15,0.96190821,2.220446049250313e-16,1
4Q,0.19,0.48,F=0.250000000000,0.2500000000000022,0.64,0,819,8.326672684688674e-17,8.326672684688674e-17,8.465450562766819e-15,0.96190821,1.6653345369377348e-16,1
4Q,0.19,0.5,F=0.250000000000,0.25000000000000205,0.625,0,820,8.326672684688674e-17,8.326672684688674e-17,7.965850201685498e-15,0.96190821,1.6653345369377348e-16,1
4Q,0.19,0.52,F=0.250000000000,0.2500000000000022,0.61,0,818,8.326672684688674e-17,8.326672684688674e-17,8.465450562766819e-15,0.96190821,1.6653345369377348e-16,1
4Q,0.19,0.54,F=0.250000000000,0.2500000000000022,0.595,0,818,8.326672684688674e-17,8.326672684688674e-17,8.465450562766819e-15,0.96190821,2.220446049250313e-16,1
4Q,0.19,0.56,F=0.250000000000,0.2500000000000022,0.58,0,817,8.326672684688674e-17,8.326672684688674e-17,8.465450562766819e-15,0.96190821,1.942890293094024e-16,1
4Q,0.19,0.58,F=0.250000000000,0.2500000000000022,0.5650000000000001,0,816,8.326672684688674e-17,8.326672684688674e-17,8.465450562766819e-15,0.96190821,1.6653345369377348e-16,1
4Q,0.19,0.6,F=0.250000000000,0.25000000000000205,0.55,0,817,8.326672684688674e-17,8.326672684688674e-17,7.965850201685498e-15,0.96190821,2.220446049250313e-16,1
4Q,0.19,0.62,F=0.250000000000,0.2500000000000022,0.535,0,814,8.326672684688674e-17,8.326672684688674e-17,8.465450562766819e-15,0.96190821,1.6653345369377348e-16,1
4Q,0.19,0.64,F=0.250000000000,0.25000000000000205,0.52,0,815,8.326672684688674e-17,8.326672684688674e-17,7.965850201685498e-15,0.96190821,2.498001805406602e-16,1
4Q,0.19,0.66,F=0.250000000000,0.2500000000000022,0.505,0,812,8.326672684688674e-17,8.326672684688674e-17,8.465450562766819e-15,0.96190821,1.942890293094024e-16,1
4Q,0.19,0.68,F=0.250000000000,0.25000000000000205,0.49,0,812,8.326672684688674e-17,8.326672684688674e-17,7.965850201685498e-15,0.96190821,1.6653345369377348e-16,1
4Q,0.19,0.7,F=0.250000000000,0.2500000000000022,0.4750000000000001,0,809,8.326672684688674e-17,8.326672684688674e-17,8.465450562766819e-15,0.96190821,1.6653345369377348e-16,1
4Q,0.19,0.72,F=0.250000000000,0.2500000000000022,0.45999999999999996,0,807,8.326672684688674e-17,8.326672684688674e-17,8.465450562766819e-15,0.96190821,1.6653345369377348e-16,1
4Q,0.19,0.74,F=0.250000000000,0.2500000000000022,0.44500000000000006,0,805,8.326672684688674e-17,8.326672684688674e-17,8.465450562766819e-15,0.96190821,1.6653345369377348e-16,1
4Q,0.19,0.76,F=0.250000000000,0.2500000000000022,0.42999999999999994,0,803,8.326672684688674e-17,8.326672684688674e-17,8.465450562766819e-15,0.96190821,1.6653345369377348e-16,1
4Q,0.19,0.78,F=0.250000000000,0.2500000000000022,0.41500000000000004,0,801,8.326672684688674e-17,8.326672684688674e-17,8.465450562766819e-15,0.96190821,2.498001805406602e-16,1
4Q,0.19,0.8,F=0.250000000000,0.25000000000000205,0.3999999999999999,0,800,8.326672684688674e-17,8.326672684688674e-17,7.965850201685498e-15,0.96190821,1.6653345369377348e-16,1
4Q,0.19,0.82,F=0.250000000000,0.2500000000000022,0.385,0,796,8.326672684688674e-17,8.326672684688674e-17,8.465450562766819e-15,0.96190821,1.6653345369377348e-16,1
4Q,0.19,0.84,F=0.250000000000,0.2500000000000022,0.37,0,792,8.326672684688674e-17,8.326672684688674e-17,8.465450562766819e-15,0.96190821,2.498001805406602e-16,1
4Q,0.19,0.86,F=0.250000000000,0.2500000000000022,0.355,0,789,8.326672684688674e-17,8.326672684688674e-17,8.465450562766819e-15,0.96190821,2.498001805406602e-16,1
4Q,0.19,0.88,F=0.250000000000,0.2500000000000022,0.33999999999999997,0,784,8.326672684688674e-17,8.326672684688674e-17,8.465450562766819e-15,0.96190821,1.6653345369377348e-16,1
4Q,0.19,0.9,F=0.250000000000,0.2500000000000022,0.32499999999999996,0,779,8.326672684688674e-17,8.326672684688674e-17,8.465450562766819e-15,0.96190821,1.6653345369377348e-16,1
4Q,0.19,0.92,F=0.250000000000,0.2500000000000022,0.30999999999999994,0,773,8.326672684688674e-17,8.326672684688674e-17,8.465450562766819e-15,0.96190821,1.6653345369377348e-16,1
4Q,0.19,0.94,F=0.250000000000,0.2500000000000022,0.29500000000000004,0,765,8.326672684688674e-17,8.326672684688674e-17,8.465450562766819e-15,0.96190821,1.942890293094024e-16,1
4Q,0.19,0.96,F=0.250000000000,0.2500000000000022,0.28,0,753,8.326672684688674e-17,8.326672684688674e-17,8.465450562766819e-15,0.96190821,1.6653345369377348e-16,1
4Q,0.19,0.98,F=0.250000000000,0.2500000000000022,0.265,0,735,8.326672684688674e-17,8.326672684688674e-17,8.465450562766819e-15,0.96190821,2.220446049250313e-16,1
4Q,0.19,1.0,F=0.250000000000,0.25,0.25,0,1,0.0,0.0,0.0,0.96190821,0.0,1
