state,state_family,q,n_observables,max_abs_diff,mean_abs_diff,rms_abs_diff,max_rel_diff,worst_observable
bell_Phi+,A_bell,0.0,40,5.551115123125783e-17,1.4499822599133518e-17,2.4853728327063273e-17,5.551115123125783e-17,randherm_01
bell_Phi+,A_bell,1e-06,40,2.220446049250313e-16,7.238964325197129e-17,9.913538780835349e-17,2.220446049250313e-16,randherm_03
bell_Phi+,A_bell,0.0001,40,2.220446049250313e-16,4.4856832007514334e-17,6.510589366573682e-17,2.220446049250313e-16,proj_Phi+
bell_Phi+,A_bell,0.001,40,2.220446049250313e-16,4.826325970819223e-17,7.117954473609614e-17,2.220446049250313e-16,randherm_24
bell_Phi+,A_bell,0.005,40,1.1102230246251565e-16,4.8181944545255815e-17,6.177448700467084e-17,1.1102230246251565e-16,randherm_06
bell_Phi+,A_bell,0.01,40,1.3877787807814457e-16,5.750608322863115e-17,6.895307609344422e-17,1.3877787807814457e-16,randherm_12
bell_Phi+,A_bell,0.02,40,1.1102230246251565e-16,2.3895815881580518e-17,3.8868065706530735e-17,1.1102230246251565e-16,randherm_01
bell_Phi+,A_bell,0.05,40,1.1102230246251565e-16,3.5475095083725704e-17,4.730740724969749e-17,1.1102230246251565e-16,randherm_06
bell_Phi+,A_bell,0.1,40,1.1102230246251565e-16,2.5153490401663703e-17,3.2875183923598526e-17,1.1102230246251565e-16,proj_Phi+
bell_Phi+,A_bell,0.15,40,2.7755575615628914e-17,5.355958732078392e-18,7.712938357488301e-18,2.7755575615628914e-17,proj_Phi+
bell_Phi+,A_bell,0.2,40,6.938893903907228e-18,1.2902005852577503e-18,2.0961865096822158e-18,6.938893903907228e-18,proj_Phi+
bell_Phi+,A_bell,0.3,40,9.75781955236954e-19,3.5778671692021644e-19,4.58227758233426e-19,9.75781955236954e-19,randherm_04
bell_Phi+,A_bell,0.5,40,2.710505431213761e-20,8.957373417214225e-21,1.2941183259112378e-20,2.710505431213761e-20,randherm_20
bell_Phi+,A_bell,0.75,40,2.6469779601696886e-23,6.639416885445162e-24,9.385177802958668e-24,2.6469779601696886e-23,proj_Psi+
bell_Phi+,A_bell,1.0,40,0.0,0.0,0.0,0.0,
bell_Phi-,A_bell,0.0,40,1.1102230246251565e-16,1.979072920086278e-17,3.426544921274333e-17,1.1102230246251565e-16,proj_rand1_02
bell_Phi-,A_bell,1e-06,40,2.220446049250313e-16,5.1052544497456564e-17,7.596138140089201e-17,2.220446049250313e-16,proj_Phi-
bell_Phi-,A_bell,0.0001,40,2.220446049250313e-16,4.659155548349114e-17,6.503189786783324e-17,2.220446049250313e-16,proj_Phi-
bell_Phi-,A_bell,0.001,40,2.220446049250313e-16,6.205431134220785e-17,8.468120794860439e-17,2.220446049250313e-16,randherm_14
bell_Phi-,A_bell,0.005,40,2.220446049250313e-16,4.809520837145698e-17,6.92024767848638e-17,2.220446049250313e-16,randherm_14
bell_Phi-,A_bell,0.01,40,1.6653345369377348e-16,5.1911600018605954e-17,6.722109427999016e-17,1.6653345369377348e-16,proj_rand1_02
bell_Phi-,A_bell,0.02,40,1.1102230246251565e-16,1.97758476261356e-17,3.152952379140867e-17,1.1102230246251565e-16,proj_Phi-
bell_Phi-,A_bell,0.05,40,1.1102230246251565e-16,3.5778671692021646e-17,4.704987737995214e-17,1.1102230246251565e-16,proj_Phi-
bell_Phi-,A_bell,0.1,40,1.1102230246251565e-16,2.5673907444456746e-17,3.3212140596360366e-17,1.1102230246251565e-16,proj_Phi-
bell_Phi-,A_bell,0.15,40,2.7755575615628914e-17,5.193328406205566e-18,7.57173761288019e-18,2.7755575615628914e-17,proj_Phi-
bell_Phi-,A_bell,0.2,40,6.938893903907228e-18,1.4446993948369346e-18,2.0237875856553116e-18,6.938893903907228e-18,proj_Phi-
bell_Phi-,A_bell,0.3,40,8.673617379884035e-19,3.144186300207963e-19,4.377277455040209e-19,8.673617379884035e-19,randherm_14
bell_Phi-,A_bell,0.5,40,2.710505431213761e-20,9.804406364468526e-21,1.2672275325847411e-20,2.710505431213761e-20,randherm_20
bell_Phi-,A_bell,0.75,40,2.6469779601696886e-23,7.52346616511121e-24,1.042812425476197e-23,2.6469779601696886e-23,randherm_20
bell_Phi-,A_bell,1.0,40,0.0,0.0,0.0,0.0,
bell_Psi+,A_bell,0.0,40,1.1102230246251565e-16,1.8836631289075536e-17,3.3890149788355896e-17,1.1102230246251565e-16,randherm_16
bell_Psi+,A_bell,1e-06,40,2.220446049250313e-16,6.607616671258111e-17,8.967497935360547e-17,2.220446049250313e-16,randherm_04
bell_Psi+,A_bell,0.0001,40,2.220446049250313e-16,5.613253460136359e-17,8.105347085880866e-17,2.220446049250313e-16,randherm_03
bell_Psi+,A_bell,0.001,40,2.220446049250313e-16,5.103881726975512e-17,6.943645402465286e-17,2.220446049250313e-16,proj_Psi+
bell_Psi+,A_bell,0.005,40,2.220446049250313e-16,5.581472783955376e-17,7.254613783938576e-17,2.220446049250313e-16,randherm_12
bell_Psi+,A_bell,0.01,40,2.220446049250313e-16,5.67471417078913e-17,7.614984089411877e-17,2.220446049250313e-16,randherm_12
bell_Psi+,A_bell,0.02,40,5.551115123125783e-17,1.487525380650112e-17,2.2831557608675068e-17,5.551115123125783e-17,randherm_03
bell_Psi+,A_bell,0.05,40,1.1102230246251565e-16,3.139849491518021e-17,4.378931377494447e-17,1.1102230246251565e-16,randherm_03
bell_Psi+,A_bell,0.1,40,1.1102230246251565e-16,2.6281060661048628e-17,3.2379439672048086e-17,1.1102230246251565e-16,proj_Psi+
bell_Psi+,A_bell,0.15,40,2.7755575615628914e-17,4.141652298894627e-18,6.660920265056205e-18,2.7755575615628914e-17,proj_Psi+
bell_Psi+,A_bell,0.2,40,3.469446951953614e-18,8.565197162635485e-19,1.3593664404760902e-18,3.469446951953614e-18,randherm_17
bell_Psi+,A_bell,0.3,40,1.3010426069826053e-18,3.1712913545201003e-19,4.679057841495989e-19,1.3010426069826053e-18,randherm_04
bell_Psi+,A_bell,0.5,40,2.710505431213761e-20,8.449153648861646e-21,1.1853166123425443e-20,2.710505431213761e-20,randherm_24
bell_Psi+,A_bell,0.75,40,2.6469779601696886e-23,5.978318630256296e-24,8.90859626611985e-24,2.6469779601696886e-23,proj_Phi+
bell_Psi+,A_bell,1.0,40,0.0,0.0,0.0,0.0,
bell_Psi-,A_bell,0.0,40,1.1102230246251565e-16,1.666822694410453e-17,3.255409220517599e-17,1.1102230246251565e-16,randherm_28
bell_Psi-,A_bell,1e-06,40,2.220446049250313e-16,6.503533262699503e-17,8.436323576513464e-17,2.220446049250313e-16,proj_Psi-
bell_Psi-,A_bell,0.0001,40,2.220446049250313e-16,4.589766609310042e-17,6.268921285383944e-17,2.220446049250313e-16,proj_Psi-
bell_Psi-,A_bell,0.001,40,2.220446049250313e-16,6.526354977276494e-17,8.903360704162303e-17,2.220446049250313e-16,randherm_09
bell_Psi-,A_bell,0.005,40,1.6653345369377348e-16,5.095750210681871e-17,6.615900801095064e-17,1.6653345369377348e-16,randherm_03
bell_Psi-,A_bell,0.01,40,1.6653345369377348e-16,6.698201021615446e-17,8.373129896847606e-17,1.6653345369377348e-16,randherm_14
bell_Psi-,A_bell,0.02,40,8.326672684688674e-17,1.7217130499069812e-17,2.6881218114837664e-17,8.326672684688674e-17,randherm_29
bell_Psi-,A_bell,0.05,40,8.326672684688674e-17,3.027092465579528e-17,3.8104732280068437e-17,8.326672684688674e-17,randherm_13
bell_Psi-,A_bell,0.1,40,1.1102230246251565e-16,2.940356291780688e-17,3.665565526305467e-17,1.1102230246251565e-16,proj_Psi-
bell_Psi-,A_bell,0.15,40,2.7755575615628914e-17,6.028164079019405e-18,7.954232077244088e-18,2.7755575615628914e-17,proj_Psi-
bell_Psi-,A_bell,0.2,40,6.938893903907228e-18,1.1926223897340549e-18,1.905236614003422e-18,6.938893903907228e-18,randherm_09
bell_Psi-,A_bell,0.3,40,8.673617379884035e-19,3.9979955110402976e-19,4.906688666787305e-19,8.673617379884035e-19,randherm_05
bell_Psi-,A_bell,0.5,40,2.710505431213761e-20,6.5856811649021854e-21,1.0561621178367518e-20,2.710505431213761e-20,proj_Phi+
bell_Psi-,A_bell,0.75,40,2.6469779601696886e-23,6.2057932987083784e-24,9.368136594740612e-24,2.6469779601696886e-23,proj_Phi+
bell_Psi-,A_bell,1.0,40,0.0,0.0,0.0,0.0,
comp_00,B_computational,0.0,40,1.1102230246251565e-16,3.209509481100214e-17,4.3208201000666115e-17,1.1102230246251565e-16,randherm_06
comp_00,B_computational,1e-06,40,4.440892098500626e-16,1.1941401668964162e-16,1.5148274625046072e-16,4.440892098500626e-16,randherm_06
comp_00,B_computational,0.0001,40,1.1102230246251565e-16,4.226829932070519e-17,5.396528852750837e-17,1.1102230246251565e-16,randherm_02
comp_00,B_computational,0.001,40,2.220446049250313e-16,5.038287495540139e-17,7.017210335275032e-17,2.220446049250313e-16,randherm_20
comp_00,B_computational,0.005,40,1.1102230246251565e-16,2.9414404939531737e-17,4.379280339749621e-17,1.1102230246251565e-16,randherm_23
comp_00,B_computational,0.01,40,1.1102230246251565e-16,3.0487765090292383e-17,4.436366636741331e-17,1.1102230246251565e-16,randherm_06
comp_00,B_computational,0.02,40,1.1102230246251565e-16,2.5608855314107613e-17,3.8065472077818737e-17,1.1102230246251565e-16,randherm_06
comp_00,B_computational,0.05,40,1.3877787807814457e-16,3.6125616387217007e-17,4.6470680883570456e-17,1.3877787807814457e-16,randherm_04
comp_00,B_computational,0.1,40,2.7755575615628914e-17,8.391724815037805e-18,1.2488954897104388e-17,2.7755575615628914e-17,randherm_02
comp_00,B_computational,0.15,40,2.0816681711721685e-17,5.2095914387928485e-18,7.333648003086331e-18,2.0816681711721685e-17,randherm_23
comp_00,B_computational,0.2,40,4.163336342344337e-17,1.781208644122123e-17,2.0439067599185568e-17,4.163336342344337e-17,randherm_20
comp_00,B_computational,0.3,40,8.673617379884035e-19,3.0594830054825327e-19,4.473411873537589e-19,8.673617379884035e-19,randherm_06
comp_00,B_computational,0.5,40,2.710505431213761e-20,1.0789082165651651e-20,1.3474381442966207e-20,2.710505431213761e-20,randherm_00
comp_00,B_computational,0.75,40,2.6469779601696886e-23,5.686866711302065e-24,9.446714050521816e-24,2.6469779601696886e-23,randherm_17
comp_00,B_computational,1.0,40,0.0,0.0,0.0,0.0,
comp_01,B_computational,0.0,40,1.1102230246251565e-16,3.313321839115702e-17,4.345819890095232e-17,1.1102230246251565e-16,randherm_09
comp_01,B_computational,1e-06,40,3.3306690738754696e-16,1.1538886318472998e-16,1.501700976869747e-16,3.3306690738754696e-16,randherm_04
comp_01,B_computational,0.0001,40,2.220446049250313e-16,3.3478130207278967e-17,6.056101466096444e-17,2.220446049250313e-16,randherm_09
comp_01,B_computational,0.001,40,2.220446049250313e-16,4.3655400475128834e-17,7.003130737260096e-17,2.220446049250313e-16,randherm_09
comp_01,B_computational,0.005,40,1.6653345369377348e-16,3.694961003830599e-17,5.621146515623221e-17,1.6653345369377348e-16,proj_Psi+
comp_01,B_computational,0.01,40,1.6653345369377348e-16,3.634245682171411e-17,5.533876647389794e-17,1.6653345369377348e-16,randherm_29
comp_01,B_computational,0.02,40,1.1102230246251565e-16,2.47198095326695e-17,4.0723534203819985e-17,1.1102230246251565e-16,randherm_05
comp_01,B_computational,0.05,40,8.326672684688674e-17,3.7274870690051644e-17,4.348177910185561e-17,8.326672684688674e-17,randherm_29
comp_01,B_computational,0.1,40,2.7755575615628914e-17,6.868420762695671e-18,1.095081764928251e-17,2.7755575615628914e-17,randherm_05
comp_01,B_computational,0.15,40,2.7755575615628914e-17,6.0173220572945496e-18,9.132303827739179e-18,2.7755575615628914e-17,randherm_09
comp_01,B_computational,0.2,40,3.8163916471489756e-17,1.617900691891494e-17,1.9106037280572927e-17,3.8163916471489756e-17,proj_rand1_03
comp_01,B_computational,0.3,40,1.734723475976807e-18,4.2690460541616737e-19,6.301560801794695e-19,1.734723475976807e-18,proj_Psi+
comp_01,B_computational,0.5,40,4.0657581468206416e-20,1.0418505251227895e-20,1.363565203718713e-20,4.0657581468206416e-20,proj_rand1_02
comp_01,B_computational,0.75,40,2.6469779601696886e-23,5.655847438331327e-24,8.807871443728731e-24,2.6469779601696886e-23,proj_Psi+
comp_01,B_computational,1.0,40,0.0,0.0,0.0,0.0,
comp_10,B_computational,0.0,40,1.1102230246251565e-16,2.260019428546034e-17,3.598978042074194e-17,1.1102230246251565e-16,randherm_00
comp_10,B_computational,1e-06,40,2.220446049250313e-16,7.721144712564336e-17,1.0074076577586788e-16,2.220446049250313e-16,randherm_03
comp_10,B_computational,0.0001,40,2.220446049250313e-16,2.8726614186361245e-17,4.893862264929968e-17,2.220446049250313e-16,randherm_00
comp_10,B_computational,0.001,40,1.1102230246251565e-16,1.7780915628762273e-17,3.327253780063699e-17,1.1102230246251565e-16,randherm_00
comp_10,B_computational,0.005,40,1.1102230246251565e-16,2.2703193491846463e-17,4.082063654570854e-17,1.1102230246251565e-16,randherm_03
comp_10,B_computational,0.01,40,8.326672684688674e-17,1.8669961410200385e-17,2.868758792479586e-17,8.326672684688674e-17,randherm_29
comp_10,B_computational,0.02,40,1.1102230246251565e-16,2.198762005800603e-17,3.718848221794795e-17,1.1102230246251565e-16,randherm_00
comp_10,B_computational,0.05,40,2.220446049250313e-16,3.928877622544347e-17,6.531031090943118e-17,2.220446049250313e-16,randherm_00
comp_10,B_computational,0.1,40,6.938893903907228e-17,3.135512682828079e-17,3.5887714255574114e-17,6.938893903907228e-17,randherm_14
comp_10,B_computational,0.15,40,6.938893903907228e-18,2.8080836267374563e-18,3.8307794866926804e-18,6.938893903907228e-18,randherm_04
comp_10,B_computational,0.2,40,4.163336342344337e-17,1.3763946579703479e-17,1.684797500016955e-17,4.163336342344337e-17,randherm_00
comp_10,B_computational,0.3,40,8.673617379884035e-19,2.3276465390548174e-19,3.6108330033789165e-19,8.673617379884035e-19,randherm_03
comp_10,B_computational,0.5,40,2.710505431213761e-20,9.282951706315097e-21,1.2285730850323495e-20,2.710505431213761e-20,randherm_14
comp_10,B_computational,0.75,40,2.6469779601696886e-23,6.162495563520056e-24,9.514375093150919e-24,2.6469779601696886e-23,proj_Phi+
comp_10,B_computational,1.0,40,0.0,0.0,0.0,0.0,
comp_11,B_computational,0.0,40,1.1102230246251565e-16,2.8059152223924856e-17,3.8026665942440076e-17,1.1102230246251565e-16,proj_rand1_02
comp_11,B_computational,1e-06,40,3.3306690738754696e-16,1.0211822859350741e-16,1.3321698768449465e-16,3.3306690738754696e-16,randherm_24
comp_11,B_computational,0.0001,40,5.551115123125783e-17,1.9456685611610182e-17,2.7456210732880197e-17,5.551115123125783e-17,randherm_17
comp_11,B_computational,0.001,40,1.1102230246251565e-16,1.8187491443444337e-17,3.056428229650508e-17,1.1102230246251565e-16,proj_rand1_02
comp_11,B_computational,0.005,40,1.6653345369377348e-16,2.862293735361732e-17,5.151281735161685e-17,1.6653345369377348e-16,proj_Phi+
comp_11,B_computational,0.01,40,5.551115123125783e-17,1.6219664500383146e-17,2.5860619675959475e-17,5.551115123125783e-17,randherm_03
comp_11,B_computational,0.02,40,1.1102230246251565e-16,2.203098814490545e-17,3.5635797410473837e-17,1.1102230246251565e-16,proj_Phi+
comp_11,B_computational,0.05,40,1.1102230246251565e-16,3.4998046127832084e-17,4.6751521814419635e-17,1.1102230246251565e-16,randherm_29
comp_11,B_computational,0.1,40,8.326672684688674e-17,3.43908929112402e-17,4.1101874133340344e-17,8.326672684688674e-17,randherm_04
comp_11,B_computational,0.15,40,1.3877787807814457e-17,3.629366772395226e-18,5.596127131672785e-18,1.3877787807814457e-17,randherm_00
comp_11,B_computational,0.2,40,3.469446951953614e-17,1.3578276957665336e-17,1.6760037243490247e-17,3.469446951953614e-17,randherm_24
comp_11,B_computational,0.3,40,8.673617379884035e-19,3.9641141931501256e-19,5.1401432124653955e-19,8.673617379884035e-19,randherm_06
comp_11,B_computational,0.5,40,2.710505431213761e-20,1.163876209086612e-20,1.4603269693958982e-20,2.710505431213761e-20,randherm_04
comp_11,B_computational,0.75,40,1.3234889800848443e-23,4.544323490213196e-24,6.951901285827286e-24,1.3234889800848443e-23,randherm_06
comp_11,B_computational,1.0,40,0.0,0.0,0.0,0.0,
coh_00_plus_01,F_non_bell_diagonal,0.0,40,2.220446049250313e-16,9.3718435789647e-17,1.1764987463106992e-16,2.220446049250313e-16,randherm_06
coh_00_plus_01,F_non_bell_diagonal,1e-06,40,2.220446049250313e-16,9.186445007469679e-17,1.0838336979728341e-16,2.220446049250313e-16,randherm_12
coh_00_plus_01,F_non_bell_diagonal,0.0001,40,2.220446049250313e-16,6.119237061508187e-17,7.94007968094058e-17,2.220446049250313e-16,proj_rand1_03
coh_00_plus_01,F_non_bell_diagonal,0.001,40,4.440892098500626e-16,1.426864269099548e-16,1.8208253133165418e-16,4.440892098500626e-16,randherm_12
coh_00_plus_01,F_non_bell_diagonal,0.005,40,1.1102230246251565e-16,2.3046072428895004e-17,3.626847597670363e-17,1.1102230246251565e-16,randherm_09
coh_00_plus_01,F_non_bell_diagonal,0.01,40,3.3306690738754696e-16,6.47051856539349e-17,9.405017343262054e-17,3.3306690738754696e-16,proj_rand1_04
coh_00_plus_01,F_non_bell_diagonal,0.02,40,2.220446049250313e-16,4.1806835771041053e-17,5.917447926224843e-17,2.220446049250313e-16,proj_rand1_01
coh_00_plus_01,F_non_bell_diagonal,0.05,40,5.551115123125783e-17,3.0444397003392966e-17,3.628434473600098e-17,5.551115123125783e-17,randherm_06
coh_00_plus_01,F_non_bell_diagonal,0.1,40,2.7755575615628914e-17,7.079840186330344e-18,1.1205637266788389e-17,2.7755575615628914e-17,randherm_09
coh_00_plus_01,F_non_bell_diagonal,0.15,40,2.7755575615628914e-17,8.104411239329146e-18,1.0779663402065743e-17,2.7755575615628914e-17,proj_rand1_01
coh_00_plus_01,F_non_bell_diagonal,0.2,40,1.0408340855860843e-17,1.0974158864626714e-18,2.3349248215931173e-18,1.0408340855860843e-17,randherm_20
coh_00_plus_01,F_non_bell_diagonal,0.3,40,1.734723475976807e-18,2.1582399496039574e-19,4.1538551004632045e-19,1.734723475976807e-18,proj_rand1_03
coh_00_plus_01,F_non_bell_diagonal,0.5,40,2.710505431213761e-20,2.678741695691725e-21,5.962790091527684e-21,2.710505431213761e-20,proj_rand1_01
coh_00_plus_01,F_non_bell_diagonal,0.75,40,2.6469779601696886e-23,4.8493463410921246e-24,7.754404641348694e-24,2.6469779601696886e-23,proj_rand1_03
coh_00_plus_01,F_non_bell_diagonal,1.0,40,0.0,0.0,0.0,0.0,
coh_plus_zero,F_non_bell_diagonal,0.0,40,1.6653345369377348e-16,5.928417479150738e-17,7.649569968621592e-17,1.6653345369377348e-16,randherm_16
coh_plus_zero,F_non_bell_diagonal,1e-06,40,1.6653345369377348e-16,6.032500887709346e-17,7.149555003399653e-17,1.6653345369377348e-16,randherm_20
coh_plus_zero,F_non_bell_diagonal,0.0001,40,2.220446049250313e-16,7.398595625041082e-17,9.227114675608909e-17,2.220446049250313e-16,randherm_16
coh_plus_zero,F_non_bell_diagonal,0.001,40,3.3306690738754696e-16,8.517492267046123e-17,1.159263926090451e-16,3.3306690738754696e-16,randherm_21
coh_plus_zero,F_non_bell_diagonal,0.005,40,2.220446049250313e-16,5.811323644522304e-17,7.276022538386835e-17,2.220446049250313e-16,proj_rand1_00
coh_plus_zero,F_non_bell_diagonal,0.01,40,1.6653345369377348e-16,3.3306690738754695e-17,5.2147126512480376e-17,1.6653345369377348e-16,randherm_28
coh_plus_zero,F_non_bell_diagonal,0.02,40,2.220446049250313e-16,7.502679033599691e-17,1.0042460884229712e-16,2.220446049250313e-16,randherm_13
coh_plus_zero,F_non_bell_diagonal,0.05,40,1.1102230246251565e-16,2.671474153004283e-17,3.5604116446371127e-17,1.1102230246251565e-16,proj_rand1_00
coh_plus_zero,F_non_bell_diagonal,0.1,40,2.7755575615628914e-17,5.6595353403743335e-18,9.09800034114652e-18,2.7755575615628914e-17,randherm_21
coh_plus_zero,F_non_bell_diagonal,0.15,40,2.7755575615628914e-17,7.96346495690603e-18,1.0254798882421472e-17,2.7755575615628914e-17,proj_rand1_00
coh_plus_zero,F_non_bell_diagonal,0.2,40,1.734723475976807e-17,4.54009659728305e-18,6.19327655937622e-18,1.734723475976807e-17,randherm_16
coh_plus_zero,F_non_bell_diagonal,0.3,40,1.734723475976807e-18,2.459783678826488e-19,5.061646640981212e-19,1.734723475976807e-18,randherm_13
coh_plus_zero,F_non_bell_diagonal,0.5,40,2.710505431213761e-20,3.7798845271223156e-21,7.330934367717759e-21,2.710505431213761e-20,proj_rand1_00
coh_plus_zero,F_non_bell_diagonal,0.75,40,5.293955920339377e-23,1.5096046179092755e-23,1.8597772329061642e-23,5.293955920339377e-23,randherm_20
coh_plus_zero,F_non_bell_diagonal,1.0,40,0.0,0.0,0.0,0.0,
coh_tilted_phi,F_non_bell_diagonal,0.0,40,2.220446049250313e-16,5.69639821423884e-17,8.12765851000113e-17,2.220446049250313e-16,proj_Phi+
coh_tilted_phi,F_non_bell_diagonal,1e-06,40,2.220446049250313e-16,6.312225048210607e-17,8.781978702002275e-17,2.220446049250313e-16,randherm_01
coh_tilted_phi,F_non_bell_diagonal,0.0001,40,2.220446049250313e-16,6.158268339717665e-17,8.964006269435626e-17,2.220446049250313e-16,randherm_01
coh_tilted_phi,F_non_bell_diagonal,0.001,40,2.220446049250313e-16,3.8749385644631926e-17,6.018906151417701e-17,2.220446049250313e-16,proj_Phi+
coh_tilted_phi,F_non_bell_diagonal,0.005,40,1.6653345369377348e-16,5.5055786318813916e-17,7.309562073623248e-17,1.6653345369377348e-16,randherm_20
coh_tilted_phi,F_non_bell_diagonal,0.01,40,1.1102230246251565e-16,4.345482307321902e-17,5.825804783162398e-17,1.1102230246251565e-16,randherm_01
coh_tilted_phi,F_non_bell_diagonal,0.02,40,5.551115123125783e-17,1.953732314818879e-17,2.7878968143812216e-17,5.551115123125783e-17,randherm_00
coh_tilted_phi,F_non_bell_diagonal,0.05,40,1.1102230246251565e-16,2.979387569990166e-17,4.099144599595641e-17,1.1102230246251565e-16,proj_Phi+
coh_tilted_phi,F_non_bell_diagonal,0.1,40,5.551115123125783e-17,1.1145598333150985e-17,1.6000414546326217e-17,5.551115123125783e-17,proj_Phi+
coh_tilted_phi,F_non_bell_diagonal,0.15,40,1.3877787807814457e-17,4.3693347551165826e-18,6.197616752225735e-18,1.3877787807814457e-17,randherm_00
coh_tilted_phi,F_non_bell_diagonal,0.2,40,1.3877787807814457e-17,3.3854212835859877e-18,4.6518780484740996e-18,1.3877787807814457e-17,randherm_17
coh_tilted_phi,F_non_bell_diagonal,0.3,40,1.734723475976807e-18,3.279711571768651e-19,4.935799876493364e-19,1.734723475976807e-18,randherm_17
coh_tilted_phi,F_non_bell_diagonal,0.5,40,4.0657581468206416e-20,1.1487884347136448e-20,1.531657734697477e-20,4.0657581468206416e-20,randherm_14
coh_tilted_phi,F_non_bell_diagonal,0.75,40,2.6469779601696886e-23,1.0207925746787207e-23,1.323788839477399e-23,2.6469779601696886e-23,randherm_12
coh_tilted_phi,F_non_bell_diagonal,1.0,40,0.0,0.0,0.0,0.0,
imag_00_plus_i11,G_imaginary_coherence,0.0,40,2.220446049250313e-16,4.800847219765814e-17,7.122275831336825e-17,2.220446049250313e-16,proj_Phi+
imag_00_plus_i11,G_imaginary_coherence,1e-06,40,2.220446049250313e-16,4.670016628315282e-17,7.077482302201734e-17,2.220446049250313e-16,randherm_27
imag_00_plus_i11,G_imaginary_coherence,0.0001,40,4.440892098500626e-16,8.055351091024177e-17,1.2018218536158784e-16,4.440892098500626e-16,proj_rand1_00
imag_00_plus_i11,G_imaginary_coherence,0.001,40,2.220446049250313e-16,7.303185833862358e-17,9.430160888930755e-17,2.220446049250313e-16,proj_Phi-
imag_00_plus_i11,G_imaginary_coherence,0.005,40,1.1102230246251565e-16,2.4513811119897255e-17,3.9672496797342954e-17,1.1102230246251565e-16,randherm_14
imag_00_plus_i11,G_imaginary_coherence,0.01,40,2.220446049250313e-16,4.434386885465713e-17,6.082936555286099e-17,2.220446049250313e-16,randherm_27
imag_00_plus_i11,G_imaginary_coherence,0.02,40,1.6653345369377348e-16,4.466912950640278e-17,5.5441990259165564e-17,1.6653345369377348e-16,proj_rand1_00
imag_00_plus_i11,G_imaginary_coherence,0.05,40,1.3877787807814457e-16,2.6974950051439352e-17,3.9705846111287424e-17,1.3877787807814457e-16,randherm_17
imag_00_plus_i11,G_imaginary_coherence,0.1,40,2.7755575615628914e-17,6.6353172956112874e-18,9.150563567222141e-18,2.7755575615628914e-17,randherm_20
imag_00_plus_i11,G_imaginary_coherence,0.15,40,2.0816681711721685e-17,6.08237418764368e-18,8.350186998706964e-18,2.0816681711721685e-17,proj_Phi+
imag_00_plus_i11,G_imaginary_coherence,0.2,40,6.938893903907228e-18,2.303929616531697e-18,2.777970556566127e-18,6.938893903907228e-18,randherm_12
imag_00_plus_i11,G_imaginary_coherence,0.3,40,8.673617379884035e-19,2.38524477946811e-19,3.6506392868164453e-19,8.673617379884035e-19,randherm_00
imag_00_plus_i11,G_imaginary_coherence,0.5,40,5.421010862427522e-20,1.5437175463709625e-20,1.9284189108667088e-20,5.421010862427522e-20,proj_rand1_01
imag_00_plus_i11,G_imaginary_coherence,0.75,40,2.6469779601696886e-23,3.700987006321242e-24,6.809734534097422e-24,2.6469779601696886e-23,randherm_17
imag_00_plus_i11,G_imaginary_coherence,1.0,40,0.0,0.0,0.0,0.0,
imag_01_plus_i10,G_imaginary_coherence,0.0,40,2.220446049250313e-16,4.90059381963448e-17,6.81828532870312e-17,2.220446049250313e-16,proj_Psi+
imag_01_plus_i10,G_imaginary_coherence,1e-06,40,2.220446049250313e-16,4.55725960237679e-17,6.731939091284224e-17,2.220446049250313e-16,randherm_14
imag_01_plus_i10,G_imaginary_coherence,0.0001,40,2.220446049250313e-16,6.74997167535163e-17,8.537703593705451e-17,2.220446049250313e-16,randherm_05
imag_01_plus_i10,G_imaginary_coherence,0.001,40,2.220446049250313e-16,6.162605148407607e-17,7.700321053112934e-17,2.220446049250313e-16,randherm_14
imag_01_plus_i10,G_imaginary_coherence,0.005,40,8.326672684688674e-17,2.699663409488906e-17,3.631141830713222e-17,8.326672684688674e-17,proj_rand1_02
imag_01_plus_i10,G_imaginary_coherence,0.01,40,1.1102230246251565e-16,5.2475385148298415e-17,6.427642081730794e-17,1.1102230246251565e-16,randherm_03
imag_01_plus_i10,G_imaginary_coherence,0.02,40,1.1102230246251565e-16,3.694961003830599e-17,4.840313713688082e-17,1.1102230246251565e-16,randherm_03
imag_01_plus_i10,G_imaginary_coherence,0.05,40,5.551115123125783e-17,2.0383000842727483e-17,2.6787298623809578e-17,5.551115123125783e-17,randherm_03
imag_01_plus_i10,G_imaginary_coherence,0.1,40,2.7755575615628914e-17,7.849623728795053e-18,1.1495406601857904e-17,2.7755575615628914e-17,randherm_00
imag_01_plus_i10,G_imaginary_coherence,0.15,40,2.0816681711721685e-17,5.9251648726332816e-18,7.984985227472353e-18,2.0816681711721685e-17,randherm_14
imag_01_plus_i10,G_imaginary_coherence,0.2,40,8.673617379884035e-18,2.5099280293039426e-18,3.3587526382336486e-18,8.673617379884035e-18,randherm_08
imag_01_plus_i10,G_imaginary_coherence,0.3,40,8.673617379884035e-19,3.049318610115481e-19,4.09725868083537e-19,8.673617379884035e-19,randherm_12
imag_01_plus_i10,G_imaginary_coherence,0.5,40,4.0657581468206416e-20,1.4166626042828174e-20,1.8025589519345103e-20,4.0657581468206416e-20,randherm_17
imag_01_plus_i10,G_imaginary_coherence,0.75,40,2.6469779601696886e-23,4.7162219612593716e-24,8.043378661092949e-24,2.6469779601696886e-23,randherm_12
imag_01_plus_i10,G_imaginary_coherence,1.0,40,0.0,0.0,0.0,0.0,
imag_mixed,G_imaginary_coherence,0.0,40,8.326672684688674e-17,2.925177461365891e-17,3.883538932429305e-17,8.326672684688674e-17,randherm_06
imag_mixed,G_imaginary_coherence,1e-06,40,5.551115123125783e-17,1.5655879370690685e-17,2.2277861631493638e-17,5.551115123125783e-17,randherm_06
imag_mixed,G_imaginary_coherence,0.0001,40,1.1102230246251565e-16,3.52582546492286e-17,4.5626030592443884e-17,1.1102230246251565e-16,proj_rand1_04
imag_mixed,G_imaginary_coherence,0.001,40,1.1102230246251565e-16,1.8257964584655895e-17,2.7889422904780666e-17,1.1102230246251565e-16,proj_rand1_00
imag_mixed,G_imaginary_coherence,0.005,40,1.1102230246251565e-16,2.638948087829718e-17,3.628978697957372e-17,1.1102230246251565e-16,proj_rand1_00
imag_mixed,G_imaginary_coherence,0.01,40,8.326672684688674e-17,2.239961688355052e-17,3.0218875482843376e-17,8.326672684688674e-17,proj_rand1_03
imag_mixed,G_imaginary_coherence,0.02,40,5.551115123125783e-17,1.949395506128937e-17,2.6479759785316997e-17,5.551115123125783e-17,randherm_24
imag_mixed,G_imaginary_coherence,0.05,40,5.551115123125783e-17,1.474514954580286e-17,1.9062235276225753e-17,5.551115123125783e-17,proj_rand1_00
imag_mixed,G_imaginary_coherence,0.1,40,1.3877787807814457e-17,5.009014036883031e-18,6.61558808193311e-18,1.3877787807814457e-17,randherm_20
imag_mixed,G_imaginary_coherence,0.15,40,1.3877787807814457e-17,4.000706016471511e-18,5.3004070583920885e-18,1.3877787807814457e-17,randherm_20
imag_mixed,G_imaginary_coherence,0.2,40,6.938893903907228e-18,1.9868004810796868e-18,2.598072831159527e-18,6.938893903907228e-18,proj_rand1_02
imag_mixed,G_imaginary_coherence,0.3,40,8.673617379884035e-19,1.328147661294743e-19,2.315063618084904e-19,8.673617379884035e-19,proj_rand1_02
imag_mixed,G_imaginary_coherence,0.5,40,2.710505431213761e-20,1.0852609636695723e-20,1.392992616741126e-20,2.710505431213761e-20,randherm_00
imag_mixed,G_imaginary_coherence,0.75,40,5.293955920339377e-23,1.6591433630223776e-23,2.0878210165845823e-23,5.293955920339377e-23,randherm_24
imag_mixed,G_imaginary_coherence,1.0,40,0.0,0.0,0.0,0.0,
near_pure_eps1e-06,H_near_pure,0.0,40,4.440892098500626e-16,1.01156268860669e-16,1.3233039155525823e-16,4.440892098500626e-16,proj_Phi+
near_pure_eps1e-06,H_near_pure,1e-06,40,2.220446049250313e-16,4.652615924600719e-17,6.970741219201632e-17,2.220446049250313e-16,proj_Phi+
near_pure_eps1e-06,H_near_pure,0.0001,40,2.220446049250313e-16,8.629842717169933e-17,1.0509007653985944e-16,2.220446049250313e-16,randherm_13
near_pure_eps1e-06,H_near_pure,0.001,40,1.942890293094024e-16,5.664414250150518e-17,7.485161722899528e-17,1.942890293094024e-16,randherm_14
near_pure_eps1e-06,H_near_pure,0.005,40,1.1102230246251565e-16,2.6053378204826673e-17,4.1793258545387954e-17,1.1102230246251565e-16,randherm_06
near_pure_eps1e-06,H_near_pure,0.01,40,4.440892098500626e-16,8.766858766717789e-17,1.207198821894918e-16,4.440892098500626e-16,proj_Phi+
near_pure_eps1e-06,H_near_pure,0.02,40,2.220446049250313e-16,6.158268339717665e-17,8.422613952644902e-17,2.220446049250313e-16,randherm_13
near_pure_eps1e-06,H_near_pure,0.05,40,1.1102230246251565e-16,4.5536491244391186e-17,5.57680547771892e-17,1.1102230246251565e-16,randherm_06
near_pure_eps1e-06,H_near_pure,0.1,40,8.326672684688674e-17,1.7715863498413143e-17,2.339988616570235e-17,8.326672684688674e-17,proj_Phi+
near_pure_eps1e-06,H_near_pure,0.15,40,3.122502256758253e-17,1.5048726154098803e-17,1.7898204392790072e-17,3.122502256758253e-17,proj_rand1_00
near_pure_eps1e-06,H_near_pure,0.2,40,6.938893903907228e-18,1.6425662913155393e-18,2.6727287872036404e-18,6.938893903907228e-18,randherm_20
near_pure_eps1e-06,H_near_pure,0.3,40,1.734723475976807e-18,2.927345865710862e-19,4.501397990880075e-19,1.734723475976807e-18,proj_Phi+
near_pure_eps1e-06,H_near_pure,0.5,40,2.710505431213761e-20,4.955142741437657e-21,7.832192641545737e-21,2.710505431213761e-20,proj_Phi+
near_pure_eps1e-06,H_near_pure,0.75,40,3.970466940254533e-23,1.3357028188170726e-23,1.6240897350052474e-23,3.970466940254533e-23,proj_rand1_01
near_pure_eps1e-06,H_near_pure,1.0,40,0.0,0.0,0.0,0.0,
near_pure_eps0.001,H_near_pure,0.0,40,2.220446049250313e-16,6.085894138935113e-17,8.664677951049168e-17,2.220446049250313e-16,randherm_06
near_pure_eps0.001,H_near_pure,1e-06,40,1.1102230246251565e-16,3.4088909783676284e-17,4.9838987493767583e-17,1.1102230246251565e-16,randherm_03
near_pure_eps0.001,H_near_pure,0.0001,40,2.220446049250313e-16,4.4947295126281096e-17,6.404981833723322e-17,2.220446049250313e-16,randherm_20
near_pure_eps0.001,H_near_pure,0.001,40,2.220446049250313e-16,3.5916907469013546e-17,5.743436802548858e-17,2.220446049250313e-16,proj_rand1_04
near_pure_eps0.001,H_near_pure,0.005,40,2.220446049250313e-16,6.124658072370614e-17,8.67575570508635e-17,2.220446049250313e-16,proj_Phi+
near_pure_eps0.001,H_near_pure,0.01,40,2.220446049250313e-16,6.68519059554562e-17,8.339413606331865e-17,2.220446049250313e-16,randherm_19
near_pure_eps0.001,H_near_pure,0.02,40,2.220446049250313e-16,3.8424124992886275e-17,5.901885173702214e-17,2.220446049250313e-16,proj_Phi+
near_pure_eps0.001,H_near_pure,0.05,40,1.6653345369377348e-16,4.7965104110758714e-17,6.284632860209804e-17,1.6653345369377348e-16,randherm_20
near_pure_eps0.001,H_near_pure,0.1,40,5.551115123125783e-17,1.4007892068512716e-17,1.913510868401151e-17,5.551115123125783e-17,proj_Phi+
near_pure_eps0.001,H_near_pure,0.15,40,2.0816681711721685e-17,5.269222558279552e-18,7.435445535263763e-18,2.0816681711721685e-17,proj_rand1_01
near_pure_eps0.001,H_near_pure,0.2,40,1.3877787807814457e-17,4.342229700804445e-18,5.369921034803169e-18,1.3877787807814457e-17,proj_Phi+
near_pure_eps0.001,H_near_pure,0.3,40,1.3010426069826053e-18,2.629190268277348e-19,3.965127607309517e-19,1.3010426069826053e-18,proj_Phi-
near_pure_eps0.001,H_near_pure,0.5,40,2.710505431213761e-20,1.1180834903756764e-20,1.431460620494039e-20,2.710505431213761e-20,randherm_17
near_pure_eps0.001,H_near_pure,0.75,40,3.970466940254533e-23,1.1951467381684136e-23,1.5704252620246304e-23,3.970466940254533e-23,proj_Phi-
near_pure_eps0.001,H_near_pure,1.0,40,0.0,0.0,0.0,0.0,
near_mixed_eps0.999999,I_near_maximally_mixed,0.0,40,2.0816681711721685e-17,5.4277871260055566e-18,7.702076579067431e-18,2.0816681711721685e-17,proj_rand1_05
near_mixed_eps0.999999,I_near_maximally_mixed,1e-06,40,5.551115123125783e-17,2.0623219386568802e-17,2.5105452172473795e-17,5.551115123125783e-17,randherm_20
near_mixed_eps0.999999,I_near_maximally_mixed,0.0001,40,4.163336342344337e-17,1.50287361765436e-17,1.8709670040385266e-17,4.163336342344337e-17,randherm_20
near_mixed_eps0.999999,I_near_maximally_mixed,0.001,40,2.7755575615628914e-17,1.5525775109992422e-17,1.8297015907360072e-17,2.7755575615628914e-17,randherm_12
near_mixed_eps0.999999,I_near_maximally_mixed,0.005,40,2.7755575615628914e-17,1.2955538334843975e-17,1.5722894742409978e-17,2.7755575615628914e-17,randherm_09
near_mixed_eps0.999999,I_near_maximally_mixed,0.01,40,2.7755575615628914e-17,5.344777897174635e-18,7.626092952824517e-18,2.7755575615628914e-17,randherm_20
near_mixed_eps0.999999,I_near_maximally_mixed,0.02,40,2.0816681711721685e-17,3.911598150420359e-18,6.0686701081716055e-18,2.0816681711721685e-17,randherm_04
near_mixed_eps0.999999,I_near_maximally_mixed,0.05,40,4.85722573273506e-17,1.6836473892573728e-17,2.0140202207294104e-17,4.85722573273506e-17,randherm_20
near_mixed_eps0.999999,I_near_maximally_mixed,0.1,40,1.0408340855860843e-17,4.978012631013523e-18,6.146983309027465e-18,1.0408340855860843e-17,randherm_04
near_mixed_eps0.999999,I_near_maximally_mixed,0.15,40,1.0408340855860843e-17,3.538818950333741e-18,4.434561343121664e-18,1.0408340855860843e-17,proj_rand1_02
near_mixed_eps0.999999,I_near_maximally_mixed,0.2,40,4.336808689942018e-18,2.053631380618051e-18,2.36453109136766e-18,4.336808689942018e-18,randherm_09
near_mixed_eps0.999999,I_near_maximally_mixed,0.3,40,1.3010426069826053e-18,3.0115197648442583e-19,4.0893409967254476e-19,1.3010426069826053e-18,randherm_20
near_mixed_eps0.999999,I_near_maximally_mixed,0.5,40,4.0657581468206416e-20,1.1447517933243861e-20,1.511847188837685e-20,4.0657581468206416e-20,proj_rand1_04
near_mixed_eps0.999999,I_near_maximally_mixed,0.75,40,1.3234889800848443e-23,3.478682216697615e-24,5.6017984019918884e-24,1.3234889800848443e-23,randherm_20
near_mixed_eps0.999999,I_near_maximally_mixed,1.0,40,0.0,0.0,0.0,0.0,
near_mixed_eps0.999000,I_near_maximally_mixed,0.0,40,4.163336342344337e-17,1.8725442068245542e-17,2.1637443629542006e-17,4.163336342344337e-17,randherm_17
near_mixed_eps0.999000,I_near_maximally_mixed,1e-06,40,4.163336342344337e-17,1.8951430458572992e-17,2.2814203772151158e-17,4.163336342344337e-17,randherm_20
near_mixed_eps0.999000,I_near_maximally_mixed,0.0001,40,2.7755575615628914e-17,7.267542687441897e-18,1.0265533436699587e-17,2.7755575615628914e-17,randherm_24
near_mixed_eps0.999000,I_near_maximally_mixed,0.001,40,3.469446951953614e-17,1.096814493070121e-17,1.3397742456967735e-17,3.469446951953614e-17,proj_rand1_03
near_mixed_eps0.999000,I_near_maximally_mixed,0.005,40,2.7755575615628914e-17,4.752363053864978e-18,7.89053639079594e-18,2.7755575615628914e-17,proj_rand1_01
near_mixed_eps0.999000,I_near_maximally_mixed,0.01,40,1.3877787807814457e-17,3.744139736748184e-18,5.516076493492204e-18,1.3877787807814457e-17,randherm_28
near_mixed_eps0.999000,I_near_maximally_mixed,0.02,40,3.469446951953614e-17,1.344901972991433e-17,1.6488406097537316e-17,3.469446951953614e-17,proj_Phi+
near_mixed_eps0.999000,I_near_maximally_mixed,0.05,40,2.7755575615628914e-17,9.283735211791307e-18,1.1602612183306674e-17,2.7755575615628914e-17,randherm_00
near_mixed_eps0.999000,I_near_maximally_mixed,0.1,40,3.8163916471489756e-17,1.7651446642774454e-17,2.1014775536598356e-17,3.8163916471489756e-17,randherm_24
near_mixed_eps0.999000,I_near_maximally_mixed,0.15,40,3.469446951953614e-18,1.0471021293957661e-18,1.3874476208705808e-18,3.469446951953614e-18,randherm_12
near_mixed_eps0.999000,I_near_maximally_mixed,0.2,40,3.469446951953614e-18,9.4888865916163e-19,1.2030366040517306e-18,3.469446951953614e-18,randherm_09
near_mixed_eps0.999000,I_near_maximally_mixed,0.3,40,4.336808689942018e-19,1.6738429828929044e-19,2.240475098815273e-19,4.336808689942018e-19,randherm_00
near_mixed_eps0.999000,I_near_maximally_mixed,0.5,40,1.3552527156068805e-20,3.49434177966901e-21,5.8943870337404224e-21,1.3552527156068805e-20,randherm_14
near_mixed_eps0.999000,I_near_maximally_mixed,0.75,40,1.3234889800848443e-23,4.423477572598027e-24,6.2438046417564756e-24,1.3234889800848443e-23,randherm_14
near_mixed_eps0.999000,I_near_maximally_mixed,1.0,40,0.0,0.0,0.0,0.0,
belldiag_0.5_0.3_0.15_0.05,J_bell_diagonal_asymmetric,0.0,40,2.7755575615628914e-17,1.6176296413483725e-17,1.9634778614756115e-17,2.7755575615628914e-17,randherm_03
belldiag_0.5_0.3_0.15_0.05,J_bell_diagonal_asymmetric,1e-06,40,5.551115123125783e-17,1.424641654645953e-17,2.0021313083442022e-17,5.551115123125783e-17,randherm_24
belldiag_0.5_0.3_0.15_0.05,J_bell_diagonal_asymmetric,0.0001,40,1.1102230246251565e-16,2.454633718507182e-17,3.4620122010299406e-17,1.1102230246251565e-16,proj_Phi+
belldiag_0.5_0.3_0.15_0.05,J_bell_diagonal_asymmetric,0.001,40,5.551115123125783e-17,2.0231212538579512e-17,2.691984697857197e-17,5.551115123125783e-17,randherm_06
belldiag_0.5_0.3_0.15_0.05,J_bell_diagonal_asymmetric,0.005,40,8.326672684688674e-17,1.826880660638075e-17,2.483679772977413e-17,8.326672684688674e-17,proj_Phi+
belldiag_0.5_0.3_0.15_0.05,J_bell_diagonal_asymmetric,0.01,40,5.551115123125783e-17,1.542819691446873e-17,1.972997737558017e-17,5.551115123125783e-17,proj_Phi+
belldiag_0.5_0.3_0.15_0.05,J_bell_diagonal_asymmetric,0.02,40,5.551115123125783e-17,1.1752751549742869e-17,1.729837685869173e-17,5.551115123125783e-17,randherm_20
belldiag_0.5_0.3_0.15_0.05,J_bell_diagonal_asymmetric,0.05,40,4.163336342344337e-17,1.1649752343356745e-17,1.4869033357855065e-17,4.163336342344337e-17,randherm_20
belldiag_0.5_0.3_0.15_0.05,J_bell_diagonal_asymmetric,0.1,40,6.938893903907228e-18,2.2930875948068417e-18,3.1641247424767285e-18,6.938893903907228e-18,randherm_10
belldiag_0.5_0.3_0.15_0.05,J_bell_diagonal_asymmetric,0.15,40,6.938893903907228e-18,1.808584748977382e-18,2.531012004850854e-18,6.938893903907228e-18,proj_rand1_01
belldiag_0.5_0.3_0.15_0.05,J_bell_diagonal_asymmetric,0.2,40,3.469446951953614e-18,8.185726402265558e-19,1.274110551908891e-18,3.469446951953614e-18,randherm_06
belldiag_0.5_0.3_0.15_0.05,J_bell_diagonal_asymmetric,0.3,40,1.734723475976807e-18,9.483380877459146e-19,1.1355954367311239e-18,1.734723475976807e-18,randherm_17
belldiag_0.5_0.3_0.15_0.05,J_bell_diagonal_asymmetric,0.5,40,2.710505431213761e-20,9.844111033871071e-21,1.2421396397074502e-20,2.710505431213761e-20,randherm_17
belldiag_0.5_0.3_0.15_0.05,J_bell_diagonal_asymmetric,0.75,40,2.6469779601696886e-23,6.086239850800324e-24,8.996870397998176e-24,2.6469779601696886e-23,randherm_20
belldiag_0.5_0.3_0.15_0.05,J_bell_diagonal_asymmetric,1.0,40,0.0,0.0,0.0,0.0,
belldiag_0.7_0.1_0.1_0.1,J_bell_diagonal_asymmetric,0.0,40,5.551115123125783e-17,1.465841337200402e-17,2.3205776609368188e-17,5.551115123125783e-17,randherm_03
belldiag_0.7_0.1_0.1_0.1,J_bell_diagonal_asymmetric,1e-06,40,1.1102230246251565e-16,2.1076890233118207e-17,3.2421234591855014e-17,1.1102230246251565e-16,randherm_20
belldiag_0.7_0.1_0.1_0.1,J_bell_diagonal_asymmetric,0.0001,40,1.1102230246251565e-16,3.096481404618601e-17,4.227532144266431e-17,1.1102230246251565e-16,randherm_24
belldiag_0.7_0.1_0.1_0.1,J_bell_diagonal_asymmetric,0.001,40,1.1102230246251565e-16,3.6038880213418165e-17,4.901706679577562e-17,1.1102230246251565e-16,randherm_13
belldiag_0.7_0.1_0.1_0.1,J_bell_diagonal_asymmetric,0.005,40,1.1102230246251565e-16,2.151057110211241e-17,3.4633700978796296e-17,1.1102230246251565e-16,proj_Phi+
belldiag_0.7_0.1_0.1_0.1,J_bell_diagonal_asymmetric,0.01,40,1.3877787807814457e-16,4.2023676205538154e-17,5.2703200313732554e-17,1.3877787807814457e-16,randherm_20
belldiag_0.7_0.1_0.1_0.1,J_bell_diagonal_asymmetric,0.02,40,5.551115123125783e-17,1.3010426069826053e-17,1.8651302801813725e-17,5.551115123125783e-17,proj_Phi+
belldiag_0.7_0.1_0.1_0.1,J_bell_diagonal_asymmetric,0.05,40,5.551115123125783e-17,1.457167719820518e-17,2.0971508252723598e-17,5.551115123125783e-17,randherm_06
belldiag_0.7_0.1_0.1_0.1,J_bell_diagonal_asymmetric,0.1,40,1.3877787807814457e-17,3.458604930228759e-18,5.562707370610636e-18,1.3877787807814457e-17,randherm_01
belldiag_0.7_0.1_0.1_0.1,J_bell_diagonal_asymmetric,0.15,40,6.938893903907228e-18,2.200930410145574e-18,3.1035464730913607e-18,6.938893903907228e-18,randherm_13
belldiag_0.7_0.1_0.1_0.1,J_bell_diagonal_asymmetric,0.2,40,6.938893903907228e-18,2.5722696542218594e-18,3.2148468402114055e-18,6.938893903907228e-18,proj_Phi-
belldiag_0.7_0.1_0.1_0.1,J_bell_diagonal_asymmetric,0.3,40,1.734723475976807e-18,5.996993266560446e-19,7.558496024996397e-19,1.734723475976807e-18,randherm_06
belldiag_0.7_0.1_0.1_0.1,J_bell_diagonal_asymmetric,0.5,40,4.0657581468206416e-20,1.3393708478458624e-20,1.681912374620567e-20,4.0657581468206416e-20,proj_rand1_02
belldiag_0.7_0.1_0.1_0.1,J_bell_diagonal_asymmetric,0.75,40,2.6469779601696886e-23,5.491703785527835e-24,8.545987191385733e-24,2.6469779601696886e-23,proj_Psi+
belldiag_0.7_0.1_0.1_0.1,J_bell_diagonal_asymmetric,1.0,40,0.0,0.0,0.0,0.0,
belldiag_0.4_0.4_0.15_0.05,J_bell_diagonal_asymmetric,0.0,40,3.122502256758253e-17,1.0701075442431929e-17,1.4253032439067404e-17,3.122502256758253e-17,randherm_04
belldiag_0.4_0.4_0.15_0.05,J_bell_diagonal_asymmetric,1e-06,40,2.7755575615628914e-17,9.703609443745265e-18,1.2291046822393815e-17,2.7755575615628914e-17,randherm_16
belldiag_0.4_0.4_0.15_0.05,J_bell_diagonal_asymmetric,0.0001,40,5.551115123125783e-17,2.1608149297636105e-17,2.635347362972904e-17,5.551115123125783e-17,randherm_20
belldiag_0.4_0.4_0.15_0.05,J_bell_diagonal_asymmetric,0.001,40,5.551115123125783e-17,1.2696007439805256e-17,1.8737949691356596e-17,5.551115123125783e-17,proj_Phi+
belldiag_0.4_0.4_0.15_0.05,J_bell_diagonal_asymmetric,0.005,40,1.1102230246251565e-16,1.9613217300262776e-17,2.9460707847839315e-17,1.1102230246251565e-16,proj_Phi+
belldiag_0.4_0.4_0.15_0.05,J_bell_diagonal_asymmetric,0.01,40,5.551115123125783e-17,1.620882247865829e-17,2.1072271828979843e-17,5.551115123125783e-17,proj_Phi-
belldiag_0.4_0.4_0.15_0.05,J_bell_diagonal_asymmetric,0.02,40,2.7755575615628914e-17,9.75781955236954e-18,1.26323279371946e-17,2.7755575615628914e-17,randherm_24
belldiag_0.4_0.4_0.15_0.05,J_bell_diagonal_asymmetric,0.05,40,2.7755575615628914e-17,7.068998164605489e-18,9.337744318977362e-18,2.7755575615628914e-17,proj_Phi+
belldiag_0.4_0.4_0.15_0.05,J_bell_diagonal_asymmetric,0.1,40,6.938893903907228e-18,1.891932790987205e-18,2.8588830373534633e-18,6.938893903907228e-18,randherm_04
belldiag_0.4_0.4_0.15_0.05,J_bell_diagonal_asymmetric,0.15,40,6.938893903907228e-18,2.5688815224328422e-18,3.148287354234971e-18,6.938893903907228e-18,randherm_00
belldiag_0.4_0.4_0.15_0.05,J_bell_diagonal_asymmetric,0.2,40,5.204170427930421e-18,1.5029752616080306e-18,2.0155847649847804e-18,5.204170427930421e-18,proj_rand1_05
belldiag_0.4_0.4_0.15_0.05,J_bell_diagonal_asymmetric,0.3,40,8.673617379884035e-19,2.15485181781494e-19,2.9698284548124114e-19,8.673617379884035e-19,randherm_24
belldiag_0.4_0.4_0.15_0.05,J_bell_diagonal_asymmetric,0.5,40,3.3881317890172014e-20,1.3171362329804371e-20,1.6430037619175824e-20,3.3881317890172014e-20,proj_Psi+
belldiag_0.4_0.4_0.15_0.05,J_bell_diagonal_asymmetric,0.75,40,2.6469779601696886e-23,4.494563406489303e-24,7.323139519468534e-24,2.6469779601696886e-23,randherm_24
belldiag_0.4_0.4_0.15_0.05,J_bell_diagonal_asymmetric,1.0,40,0.0,0.0,0.0,0.0,
belldiag_0.25_0.25_0.25_0.25,J_bell_diagonal_asymmetric,0.0,40,4.163336342344337e-17,2.0451779918044533e-17,2.4371829630450592e-17,4.163336342344337e-17,randherm_06
belldiag_0.25_0.25_0.25_0.25,J_bell_diagonal_asymmetric,1e-06,40,2.7755575615628914e-17,9.979064558192364e-18,1.1887952256095295e-17,2.7755575615628914e-17,randherm_12
belldiag_0.25_0.25_0.25_0.25,J_bell_diagonal_asymmetric,0.0001,40,2.0816681711721685e-17,6.0213878154413704e-18,8.051729637647572e-18,2.0816681711721685e-17,proj_rand1_01
belldiag_0.25_0.25_0.25_0.25,J_bell_diagonal_asymmetric,0.001,40,2.0816681711721685e-17,6.508939979880945e-18,9.098418476766107e-18,2.0816681711721685e-17,proj_Phi+
belldiag_0.25_0.25_0.25_0.25,J_bell_diagonal_asymmetric,0.005,40,2.7755575615628914e-17,1.2541169817047171e-17,1.49576315758153e-17,2.7755575615628914e-17,randherm_14
belldiag_0.25_0.25_0.25_0.25,J_bell_diagonal_asymmetric,0.01,40,2.7755575615628914e-17,4.925665994873207e-18,7.037999725236592e-18,2.7755575615628914e-17,randherm_24
belldiag_0.25_0.25_0.25_0.25,J_bell_diagonal_asymmetric,0.02,40,1.3877787807814457e-17,4.739657559656163e-18,6.161579005650874e-18,1.3877787807814457e-17,randherm_24
belldiag_0.25_0.25_0.25_0.25,J_bell_diagonal_asymmetric,0.05,40,1.3877787807814457e-17,2.5958171701555287e-18,4.252051265754626e-18,1.3877787807814457e-17,randherm_20
belldiag_0.25_0.25_0.25_0.25,J_bell_diagonal_asymmetric,0.1,40,6.938893903907228e-18,1.3978584728537718e-18,2.1173162475431016e-18,6.938893903907228e-18,proj_rand1_02
belldiag_0.25_0.25_0.25_0.25,J_bell_diagonal_asymmetric,0.15,40,3.469446951953614e-18,1.554474864801092e-18,2.0127396440966314e-18,3.469446951953614e-18,randherm_06
belldiag_0.25_0.25_0.25_0.25,J_bell_diagonal_asymmetric,0.2,40,5.204170427930421e-18,2.085649226024264e-18,2.4572287109124954e-18,5.204170427930421e-18,randherm_14
belldiag_0.25_0.25_0.25_0.25,J_bell_diagonal_asymmetric,0.3,40,4.336808689942018e-19,1.4653669987499396e-19,2.1342810039464254e-19,4.336808689942018e-19,randherm_00
belldiag_0.25_0.25_0.25_0.25,J_bell_diagonal_asymmetric,0.5,40,4.0657581468206416e-20,1.5664815568284216e-20,1.8908747781201466e-20,4.0657581468206416e-20,randherm_24
belldiag_0.25_0.25_0.25_0.25,J_bell_diagonal_asymmetric,0.75,40,2.6469779601696886e-23,1.2449068218923067e-23,1.5262547063351756e-23,2.6469779601696886e-23,randherm_00
belldiag_0.25_0.25_0.25_0.25,J_bell_diagonal_asymmetric,1.0,40,0.0,0.0,0.0,0.0,
isotropic_eps0.05,K_bell_isotropic,0.0,40,2.220446049250313e-16,4.4135837562811476e-17,6.45478782546115e-17,2.220446049250313e-16,proj_Phi+
isotropic_eps0.05,K_bell_isotropic,1e-06,40,1.6653345369377348e-16,3.487742863614307e-17,5.097632871208506e-17,1.6653345369377348e-16,randherm_03
isotropic_eps0.05,K_bell_isotropic,0.0001,40,2.220446049250313e-16,4.761544891013214e-17,7.170877535460673e-17,2.220446049250313e-16,proj_Phi+
isotropic_eps0.05,K_bell_isotropic,0.001,40,1.1102230246251565e-16,2.793988998495145e-17,4.19756540796404e-17,1.1102230246251565e-16,randherm_03
isotropic_eps0.05,K_bell_isotropic,0.005,40,1.1102230246251565e-16,2.1456360993488133e-17,3.4087219745362113e-17,1.1102230246251565e-16,randherm_06
isotropic_eps0.05,K_bell_isotropic,0.01,40,2.220446049250313e-16,6.611464847816606e-17,8.860186125112877e-17,2.220446049250313e-16,randherm_06
isotropic_eps0.05,K_bell_isotropic,0.02,40,2.220446049250313e-16,4.8181944545255815e-17,6.681106797761643e-17,2.220446049250313e-16,proj_Phi+
isotropic_eps0.05,K_bell_isotropic,0.05,40,8.326672684688674e-17,2.211772431870429e-17,3.0041283842034886e-17,8.326672684688674e-17,randherm_20
isotropic_eps0.05,K_bell_isotropic,0.1,40,2.7755575615628914e-17,1.1427490897997217e-17,1.407225924707635e-17,2.7755575615628914e-17,randherm_06
isotropic_eps0.05,K_bell_isotropic,0.15,40,1.3877787807814457e-17,5.648693318649478e-18,6.564573322093756e-18,1.3877787807814457e-17,randherm_24
isotropic_eps0.05,K_bell_isotropic,0.2,40,2.0816681711721685e-17,6.591949208711867e-18,8.512057377390272e-18,2.0816681711721685e-17,randherm_24
isotropic_eps0.05,K_bell_isotropic,0.3,40,2.168404344971009e-18,6.315477654728064e-19,8.68462182738172e-19,2.168404344971009e-18,proj_rand1_00
isotropic_eps0.05,K_bell_isotropic,0.5,40,4.0657581468206416e-20,1.5310120521621478e-20,1.8773296277602253e-20,4.0657581468206416e-20,randherm_24
isotropic_eps0.05,K_bell_isotropic,0.75,40,5.293955920339377e-23,2.5559880927888554e-23,3.0076291622376107e-23,5.293955920339377e-23,randherm_17
isotropic_eps0.05,K_bell_isotropic,1.0,40,0.0,0.0,0.0,0.0,
isotropic_eps0.2,K_bell_isotropic,0.0,40,3.3306690738754696e-16,7.472321372770097e-17,9.640346263899198e-17,3.3306690738754696e-16,proj_Phi+
isotropic_eps0.2,K_bell_isotropic,1e-06,40,3.3306690738754696e-16,8.041527513324987e-17,1.05349398389228e-16,3.3306690738754696e-16,proj_Phi+
isotropic_eps0.2,K_bell_isotropic,0.0001,40,1.6653345369377348e-16,6.4922026088432e-17,8.253688696178817e-17,1.6653345369377348e-16,randherm_01
isotropic_eps0.2,K_bell_isotropic,0.001,40,1.6653345369377348e-16,6.565928356572215e-17,8.37606070378991e-17,1.6653345369377348e-16,randherm_13
isotropic_eps0.2,K_bell_isotropic,0.005,40,1.1102230246251565e-16,2.682316174729138e-17,3.878983857870694e-17,1.1102230246251565e-16,randherm_24
isotropic_eps0.2,K_bell_isotropic,0.01,40,2.220446049250313e-16,5.713745448998608e-17,7.433004173436232e-17,2.220446049250313e-16,proj_Phi+
isotropic_eps0.2,K_bell_isotropic,0.02,40,1.1102230246251565e-16,2.8449465006019634e-17,4.1890967982919223e-17,1.1102230246251565e-16,randherm_24
isotropic_eps0.2,K_bell_isotropic,0.05,40,5.551115123125783e-17,1.4007892068512716e-17,2.0549335430485142e-17,5.551115123125783e-17,randherm_13
isotropic_eps0.2,K_bell_isotropic,0.1,40,5.551115123125783e-17,6.223320470066795e-18,1.1494588510791724e-17,5.551115123125783e-17,proj_Phi+
isotropic_eps0.2,K_bell_isotropic,0.15,40,1.3877787807814457e-17,3.7459185059374175e-18,5.079923964352388e-18,1.3877787807814457e-17,randherm_06
isotropic_eps0.2,K_bell_isotropic,0.2,40,3.469446951953614e-18,1.2685165418080401e-18,1.5866068045630994e-18,3.469446951953614e-18,randherm_06
isotropic_eps0.2,K_bell_isotropic,0.3,40,1.3010426069826053e-18,3.9437854024160226e-19,5.075959692716838e-19,1.3010426069826053e-18,proj_Phi-
isotropic_eps0.2,K_bell_isotropic,0.5,40,4.0657581468206416e-20,8.142104205481963e-21,1.1524979730899716e-20,4.0657581468206416e-20,proj_rand1_03
isotropic_eps0.2,K_bell_isotropic,0.75,40,3.970466940254533e-23,1.2862658525199581e-23,1.58151654996777e-23,3.970466940254533e-23,proj_rand1_04
isotropic_eps0.2,K_bell_isotropic,1.0,40,0.0,0.0,0.0,0.0,
isotropic_eps0.4,K_bell_isotropic,0.0,40,1.1102230246251565e-16,3.6038880213418165e-17,4.71010168290399e-17,1.1102230246251565e-16,proj_Phi+
isotropic_eps0.4,K_bell_isotropic,1e-06,40,5.551115123125783e-17,1.7650811368064013e-17,2.561435376786529e-17,5.551115123125783e-17,randherm_03
isotropic_eps0.4,K_bell_isotropic,0.0001,40,1.1102230246251565e-16,2.393918396847994e-17,3.4555412969896425e-17,1.1102230246251565e-16,proj_Phi+
isotropic_eps0.4,K_bell_isotropic,0.001,40,1.6653345369377348e-16,5.364632349458276e-17,6.72174568884407e-17,1.6653345369377348e-16,randherm_24
isotropic_eps0.4,K_bell_isotropic,0.005,40,1.1102230246251565e-16,3.859759734048396e-17,5.13577768614363e-17,1.1102230246251565e-16,randherm_06
isotropic_eps0.4,K_bell_isotropic,0.01,40,1.2836953722228372e-16,3.642919299551295e-17,5.0539732772775636e-17,1.2836953722228372e-16,proj_Phi-
isotropic_eps0.4,K_bell_isotropic,0.02,40,1.1102230246251565e-16,2.0643209364124005e-17,3.062413435430364e-17,1.1102230246251565e-16,proj_Phi+
isotropic_eps0.4,K_bell_isotropic,0.05,40,5.551115123125783e-17,1.0018028073766062e-17,1.4874684826549242e-17,5.551115123125783e-17,randherm_06
isotropic_eps0.4,K_bell_isotropic,0.1,40,1.3877787807814457e-17,3.6103932343767295e-18,5.540686822594728e-18,1.3877787807814457e-17,randherm_10
isotropic_eps0.4,K_bell_isotropic,0.15,40,6.938893903907228e-18,1.620882247865829e-18,2.4129284116240973e-18,6.938893903907228e-18,proj_Phi+
isotropic_eps0.4,K_bell_isotropic,0.2,40,1.0408340855860843e-17,2.574980159653073e-18,3.307349797281321e-18,1.0408340855860843e-17,proj_Phi+
isotropic_eps0.4,K_bell_isotropic,0.3,40,8.673617379884035e-19,2.55465136891897e-19,3.540557191398806e-19,8.673617379884035e-19,randherm_24
isotropic_eps0.4,K_bell_isotropic,0.5,40,2.710505431213761e-20,4.441629017164738e-21,7.30619621832071e-21,2.710505431213761e-20,randherm_20
isotropic_eps0.4,K_bell_isotropic,0.75,40,3.970466940254533e-23,1.8360178424409429e-23,2.1852592629490677e-23,3.970466940254533e-23,randherm_14
isotropic_eps0.4,K_bell_isotropic,1.0,40,0.0,0.0,0.0,0.0,
isotropic_eps0.6,K_bell_isotropic,0.0,40,1.1102230246251565e-16,2.6194324487249787e-17,3.539856169489016e-17,1.1102230246251565e-16,proj_Phi+
isotropic_eps0.6,K_bell_isotropic,1e-06,40,1.1102230246251565e-16,2.5977484052752686e-17,3.310209682274679e-17,1.1102230246251565e-16,proj_Phi+
isotropic_eps0.6,K_bell_isotropic,0.0001,40,5.551115123125783e-17,1.7564075194265172e-17,2.3596384388034705e-17,5.551115123125783e-17,randherm_06
isotropic_eps0.6,K_bell_isotropic,0.001,40,8.326672684688674e-17,3.053113317719181e-17,3.670692910999964e-17,8.326672684688674e-17,proj_rand1_01
isotropic_eps0.6,K_bell_isotropic,0.005,40,1.1102230246251565e-16,3.3393426912553537e-17,4.193045898434549e-17,1.1102230246251565e-16,randherm_06
isotropic_eps0.6,K_bell_isotropic,0.01,40,1.1102230246251565e-16,2.018784445168009e-17,2.8857543449533864e-17,1.1102230246251565e-16,proj_Phi+
isotropic_eps0.6,K_bell_isotropic,0.02,40,5.551115123125783e-17,1.216474837528736e-17,1.8001152038830046e-17,5.551115123125783e-17,randherm_06
isotropic_eps0.6,K_bell_isotropic,0.05,40,5.551115123125783e-17,1.936385080059111e-17,2.3422380654112958e-17,5.551115123125783e-17,proj_Phi+
isotropic_eps0.6,K_bell_isotropic,0.1,40,2.7755575615628914e-17,5.328853677766254e-18,7.340697278599935e-18,2.7755575615628914e-17,proj_Phi+
isotropic_eps0.6,K_bell_isotropic,0.15,40,1.0408340855860843e-17,1.5476986012230576e-18,2.4535689197877934e-18,1.0408340855860843e-17,randherm_20
isotropic_eps0.6,K_bell_isotropic,0.2,40,6.938893903907228e-18,2.621058751983707e-18,3.0965789660922754e-18,6.938893903907228e-18,randherm_12
isotropic_eps0.6,K_bell_isotropic,0.3,40,4.336808689942018e-19,1.2874900798265365e-19,1.976068140686901e-19,4.336808689942018e-19,randherm_00
isotropic_eps0.6,K_bell_isotropic,0.5,40,5.421010862427522e-20,1.887295285600988e-20,2.3063403166731803e-20,5.421010862427522e-20,proj_rand1_01
isotropic_eps0.6,K_bell_isotropic,0.75,40,2.6469779601696886e-23,5.4471135806323985e-24,7.882981371265346e-24,2.6469779601696886e-23,randherm_12
isotropic_eps0.6,K_bell_isotropic,1.0,40,0.0,0.0,0.0,0.0,
isotropic_eps0.8,K_bell_isotropic,0.0,40,4.163336342344337e-17,1.1817803680091998e-17,1.4925806154705344e-17,4.163336342344337e-17,randherm_20
isotropic_eps0.8,K_bell_isotropic,1e-06,40,5.551115123125783e-17,6.5052130349130266e-18,1.1963619525717196e-17,5.551115123125783e-17,proj_Phi+
isotropic_eps0.8,K_bell_isotropic,0.0001,40,2.7755575615628914e-17,9.053088140253962e-18,1.2161829762633039e-17,2.7755575615628914e-17,proj_Phi+
isotropic_eps0.8,K_bell_isotropic,0.001,40,3.469446951953614e-17,1.1893697832165984e-17,1.5754170153728118e-17,3.469446951953614e-17,proj_Phi-
isotropic_eps0.8,K_bell_isotropic,0.005,40,5.551115123125783e-17,1.8344700758454734e-17,2.1852524455495892e-17,5.551115123125783e-17,proj_Phi+
isotropic_eps0.8,K_bell_isotropic,0.01,40,3.469446951953614e-17,1.5439038936193584e-17,1.8304980571232285e-17,3.469446951953614e-17,randherm_17
isotropic_eps0.8,K_bell_isotropic,0.02,40,4.163336342344337e-17,1.1405806854547507e-17,1.554732306052359e-17,4.163336342344337e-17,randherm_20
isotropic_eps0.8,K_bell_isotropic,0.05,40,2.7755575615628914e-17,8.391724815037805e-18,1.0548791268493325e-17,2.7755575615628914e-17,proj_Phi+
isotropic_eps0.8,K_bell_isotropic,0.1,40,1.0408340855860843e-17,3.241764495731658e-18,4.228666464112373e-18,1.0408340855860843e-17,proj_rand1_01
isotropic_eps0.8,K_bell_isotropic,0.15,40,3.469446951953614e-18,9.134403303190376e-19,1.4037173524487968e-18,3.469446951953614e-18,randherm_20
isotropic_eps0.8,K_bell_isotropic,0.2,40,3.469446951953614e-18,9.0801931945661e-19,1.1467712522479948e-18,3.469446951953614e-18,randherm_24
isotropic_eps0.8,K_bell_isotropic,0.3,40,1.3010426069826053e-18,5.058480761002682e-19,6.081635215971948e-19,1.3010426069826053e-18,randherm_17
isotropic_eps0.8,K_bell_isotropic,0.5,40,2.710505431213761e-20,8.803848695524385e-21,1.1456932779390076e-20,2.710505431213761e-20,randherm_28
isotropic_eps0.8,K_bell_isotropic,0.75,40,2.6469779601696886e-23,1.1466791241516347e-23,1.4687552052025597e-23,2.6469779601696886e-23,randherm_00
isotropic_eps0.8,K_bell_isotropic,1.0,40,0.0,0.0,0.0,0.0,
isotropic_eps1,K_bell_isotropic,0.0,40,2.0816681711721685e-17,4.117596563192605e-18,6.174642400296203e-18,2.0816681711721685e-17,randherm_00
isotropic_eps1,K_bell_isotropic,1e-06,40,2.0816681711721685e-17,8.198940116242726e-18,9.933693863366906e-18,2.0816681711721685e-17,proj_rand1_01
isotropic_eps1,K_bell_isotropic,0.0001,40,2.7755575615628914e-17,8.64312419378288e-18,1.1413906669920258e-17,2.7755575615628914e-17,randherm_17
isotropic_eps1,K_bell_isotropic,0.001,40,3.469446951953614e-17,1.3533892431229211e-17,1.6140027866306048e-17,3.469446951953614e-17,proj_rand1_03
isotropic_eps1,K_bell_isotropic,0.005,40,2.7755575615628914e-17,7.033083967641907e-18,9.629393377148378e-18,2.7755575615628914e-17,proj_rand1_00
isotropic_eps1,K_bell_isotropic,0.01,40,2.7755575615628914e-17,4.2751446913819045e-18,6.672680024066535e-18,2.7755575615628914e-17,randherm_24
isotropic_eps1,K_bell_isotropic,0.02,40,2.0816681711721685e-17,4.148428562472662e-18,6.392248810094539e-18,2.0816681711721685e-17,randherm_20
isotropic_eps1,K_bell_isotropic,0.05,40,3.469446951953614e-17,1.7778205123331058e-17,2.093628504207489e-17,3.469446951953614e-17,randherm_14
isotropic_eps1,K_bell_isotropic,0.1,40,3.469446951953614e-18,1.3818495501506657e-18,2.0342183560216625e-18,3.469446951953614e-18,randherm_03
isotropic_eps1,K_bell_isotropic,0.15,40,3.469446951953614e-18,7.281095214597966e-19,1.3628631144283756e-18,3.469446951953614e-18,proj_Phi+
isotropic_eps1,K_bell_isotropic,0.2,40,8.673617379884035e-19,4.75100780114937e-19,5.925998924394739e-19,8.673617379884035e-19,randherm_06
isotropic_eps1,K_bell_isotropic,0.3,40,1.734723475976807e-18,5.322966798782837e-19,6.5497198511095865e-19,1.734723475976807e-18,randherm_24
isotropic_eps1,K_bell_isotropic,0.5,40,2.0328790734103208e-20,4.987899093694757e-21,6.980179564767682e-21,2.0328790734103208e-20,randherm_00
isotropic_eps1,K_bell_isotropic,0.75,40,1.3234889800848443e-23,2.5513352018432448e-24,4.300425660157484e-24,1.3234889800848443e-23,randherm_06
isotropic_eps1,K_bell_isotropic,1.0,40,0.0,0.0,0.0,0.0,
rand_pure_00,C_random_pure,0.0,40,1.1102230246251565e-16,3.430415673744136e-17,4.710740535666469e-17,1.1102230246251565e-16,randherm_09
rand_pure_00,C_random_pure,1e-06,40,2.7755575615628914e-16,5.837344496661956e-17,8.438141495442211e-17,2.7755575615628914e-16,randherm_17
rand_pure_00,C_random_pure,0.0001,40,2.220446049250313e-16,4.182851981449076e-17,6.411572347122057e-17,2.220446049250313e-16,proj_Phi-
rand_pure_00,C_random_pure,0.001,40,2.7755575615628914e-16,5.525094270986131e-17,7.922009391384294e-17,2.7755575615628914e-16,randherm_17
rand_pure_00,C_random_pure,0.005,40,3.3306690738754696e-16,5.8265024749371e-17,8.580406406552395e-17,3.3306690738754696e-16,randherm_20
rand_pure_00,C_random_pure,0.01,40,1.6653345369377348e-16,3.278627369596165e-17,4.851026335527518e-17,1.6653345369377348e-16,randherm_08
rand_pure_00,C_random_pure,0.02,40,1.1102230246251565e-16,2.026373860375408e-17,3.022175389701124e-17,1.1102230246251565e-16,randherm_14
rand_pure_00,C_random_pure,0.05,40,1.1102230246251565e-16,2.1250362580715887e-17,3.0898049970246164e-17,1.1102230246251565e-16,randherm_14
rand_pure_00,C_random_pure,0.1,40,2.7755575615628914e-17,8.716985466783456e-18,1.2427813715341971e-17,2.7755575615628914e-17,randherm_14
rand_pure_00,C_random_pure,0.15,40,1.3877787807814457e-17,6.0173220572945496e-18,7.576083299565195e-18,1.3877787807814457e-17,randherm_06
rand_pure_00,C_random_pure,0.2,40,1.3877787807814457e-17,3.3664477455674913e-18,4.430461874026902e-18,1.3877787807814457e-17,randherm_17
rand_pure_00,C_random_pure,0.3,40,2.6020852139652106e-18,8.233160247311799e-19,1.0582866387917623e-18,2.6020852139652106e-18,randherm_17
rand_pure_00,C_random_pure,0.5,40,2.710505431213761e-20,8.809142651444724e-21,1.2327167052852253e-20,2.710505431213761e-20,randherm_09
rand_pure_00,C_random_pure,0.75,40,3.970466940254533e-23,1.7211819089638547e-23,2.0973493382760188e-23,3.970466940254533e-23,randherm_17
rand_pure_00,C_random_pure,1.0,40,0.0,0.0,0.0,0.0,
rand_pure_01,C_random_pure,0.0,40,2.220446049250313e-16,5.892638807458717e-17,8.283125787647591e-17,2.220446049250313e-16,proj_Phi-
rand_pure_01,C_random_pure,1e-06,40,2.220446049250313e-16,5.1792337779632546e-17,7.68195916016212e-17,2.220446049250313e-16,randherm_17
rand_pure_01,C_random_pure,0.0001,40,1.1102230246251565e-16,4.76073173938385e-17,5.997545357321468e-17,1.1102230246251565e-16,randherm_21
rand_pure_01,C_random_pure,0.001,40,2.220446049250313e-16,5.165681250807186e-17,7.118222003427246e-17,2.220446049250313e-16,proj_rand1_05
rand_pure_01,C_random_pure,0.005,40,2.220446049250313e-16,5.967448757360216e-17,8.250064723434609e-17,2.220446049250313e-16,randherm_23
rand_pure_01,C_random_pure,0.01,40,2.220446049250313e-16,4.3151246464923076e-17,6.248918461528822e-17,2.220446049250313e-16,proj_rand1_05
rand_pure_01,C_random_pure,0.02,40,1.1102230246251565e-16,4.7227846633468576e-17,5.956508458035054e-17,1.1102230246251565e-16,randherm_16
rand_pure_01,C_random_pure,0.05,40,1.1102230246251565e-16,2.4806545706468343e-17,3.444201613031695e-17,1.1102230246251565e-16,proj_Phi-
rand_pure_01,C_random_pure,0.1,40,5.551115123125783e-17,1.457167719820518e-17,2.0407899217551515e-17,5.551115123125783e-17,randherm_14
rand_pure_01,C_random_pure,0.15,40,2.7755575615628914e-17,9.497611030973018e-18,1.1602888304684094e-17,2.7755575615628914e-17,proj_rand1_05
rand_pure_01,C_random_pure,0.2,40,1.3877787807814457e-17,2.9544509200229996e-18,4.124673288813426e-18,1.3877787807814457e-17,proj_rand1_05
rand_pure_01,C_random_pure,0.3,40,1.734723475976807e-18,4.980553729855286e-19,6.57611854674154e-19,1.734723475976807e-18,randherm_12
rand_pure_01,C_random_pure,0.5,40,4.0657581468206416e-20,1.002675251312278e-20,1.3999285625581458e-20,4.0657581468206416e-20,randherm_24
rand_pure_01,C_random_pure,0.75,40,1.3234889800848443e-23,5.7385654995866295e-24,7.436866651553985e-24,1.3234889800848443e-23,randherm_12
rand_pure_01,C_random_pure,1.0,40,0.0,0.0,0.0,0.0,
rand_pure_02,C_random_pure,0.0,40,2.220446049250313e-16,6.067195357228883e-17,8.690990583519317e-17,2.220446049250313e-16,randherm_07
rand_pure_02,C_random_pure,1e-06,40,2.220446049250313e-16,8.458945349731906e-17,1.0340983686691917e-16,2.220446049250313e-16,randherm_12
rand_pure_02,C_random_pure,0.0001,40,2.220446049250313e-16,4.891920202254596e-17,6.627915081325168e-17,2.220446049250313e-16,proj_rand1_01
rand_pure_02,C_random_pure,0.001,40,1.6653345369377348e-16,3.944327503502265e-17,5.769504209968584e-17,1.6653345369377348e-16,randherm_01
rand_pure_02,C_random_pure,0.005,40,1.1102230246251565e-16,3.7166450472803093e-17,5.1002787794163397e-17,1.1102230246251565e-16,randherm_08
rand_pure_02,C_random_pure,0.01,40,2.220446049250313e-16,5.2670541539345807e-17,7.479165764586446e-17,2.220446049250313e-16,randherm_04
rand_pure_02,C_random_pure,0.02,40,2.220446049250313e-16,5.598820018715145e-17,7.775983846017776e-17,2.220446049250313e-16,randherm_12
rand_pure_02,C_random_pure,0.05,40,8.326672684688674e-17,2.4069288229178198e-17,3.447040031274342e-17,8.326672684688674e-17,randherm_12
rand_pure_02,C_random_pure,0.1,40,5.551115123125783e-17,1.5238461534283766e-17,1.921324333498066e-17,5.551115123125783e-17,randherm_12
rand_pure_02,C_random_pure,0.15,40,2.7755575615628914e-17,8.613986260397333e-18,1.0927176656093536e-17,2.7755575615628914e-17,randherm_17
rand_pure_02,C_random_pure,0.2,40,6.938893903907228e-18,1.9813794702172592e-18,2.7648749767367497e-18,6.938893903907228e-18,randherm_09
rand_pure_02,C_random_pure,0.3,40,2.6020852139652106e-18,6.92534137675116e-19,9.538707259031035e-19,2.6020852139652106e-18,randherm_09
rand_pure_02,C_random_pure,0.5,40,2.710505431213761e-20,7.009197638529336e-21,9.820652095774197e-21,2.710505431213761e-20,randherm_04
rand_pure_02,C_random_pure,0.75,40,3.970466940254533e-23,1.991437324721414e-23,2.3315270837391686e-23,3.970466940254533e-23,randherm_06
rand_pure_02,C_random_pure,1.0,40,0.0,0.0,0.0,0.0,
rand_pure_03,C_random_pure,0.0,40,2.220446049250313e-16,5.399326818977812e-17,6.955624657246789e-17,2.220446049250313e-16,proj_Phi+
rand_pure_03,C_random_pure,1e-06,40,1.6653345369377348e-16,6.431487287184013e-17,7.983922278211745e-17,1.6653345369377348e-16,randherm_05
rand_pure_03,C_random_pure,0.0001,40,1.6653345369377348e-16,4.115631446754975e-17,5.21521756495144e-17,1.6653345369377348e-16,randherm_26
rand_pure_03,C_random_pure,0.001,40,1.6653345369377348e-16,4.3064510291124235e-17,5.960801164675007e-17,1.6653345369377348e-16,proj_rand1_03
rand_pure_03,C_random_pure,0.005,40,1.1102230246251565e-16,4.219714855313583e-17,5.86614897054412e-17,1.1102230246251565e-16,randherm_05
rand_pure_03,C_random_pure,0.01,40,1.1102230246251565e-16,3.881443777498106e-17,5.1926651671185027e-17,1.1102230246251565e-16,randherm_19
rand_pure_03,C_random_pure,0.02,40,1.6653345369377348e-16,5.3039170277990876e-17,6.588809981255194e-17,1.6653345369377348e-16,proj_Phi+
rand_pure_03,C_random_pure,0.05,40,1.1102230246251565e-16,3.8510861166685116e-17,4.895640446176345e-17,1.1102230246251565e-16,randherm_08
rand_pure_03,C_random_pure,0.1,40,4.163336342344337e-17,1.5373986805844454e-17,1.8740333407025424e-17,4.163336342344337e-17,randherm_12
rand_pure_03,C_random_pure,0.15,40,1.3877787807814457e-17,6.4184768611141866e-18,7.968406544223047e-18,1.3877787807814457e-17,randherm_08
rand_pure_03,C_random_pure,0.2,40,1.3877787807814457e-17,4.488596994089988e-18,5.4796740502884396e-18,1.3877787807814457e-17,randherm_12
rand_pure_03,C_random_pure,0.3,40,8.673617379884035e-19,3.428789370485408e-19,4.791541927135544e-19,8.673617379884035e-19,randherm_06
rand_pure_03,C_random_pure,0.5,40,4.0657581468206416e-20,1.4272505161234962e-20,1.6942776395121785e-20,4.0657581468206416e-20,randherm_24
rand_pure_03,C_random_pure,0.75,40,2.6469779601696886e-23,8.837907857246254e-24,1.140481597134148e-23,2.6469779601696886e-23,randherm_06
rand_pure_03,C_random_pure,1.0,40,0.0,0.0,0.0,0.0,
rand_pure_04,C_random_pure,0.0,40,3.3306690738754696e-16,6.149594722337782e-17,8.502799806709198e-17,3.3306690738754696e-16,randherm_26
rand_pure_04,C_random_pure,1e-06,40,2.220446049250313e-16,6.331740687315346e-17,8.511819846273611e-17,2.220446049250313e-16,randherm_24
rand_pure_04,C_random_pure,0.0001,40,1.6653345369377348e-16,4.570996359198887e-17,6.399460501329132e-17,1.6653345369377348e-16,randherm_08
rand_pure_04,C_random_pure,0.001,40,1.1102230246251565e-16,3.278627369596165e-17,4.757698537909504e-17,1.1102230246251565e-16,randherm_08
rand_pure_04,C_random_pure,0.005,40,2.220446049250313e-16,6.218983661376854e-17,8.346345783730383e-17,2.220446049250313e-16,randherm_24
rand_pure_04,C_random_pure,0.01,40,1.1102230246251565e-16,3.7383290907300194e-17,5.101679884025518e-17,1.1102230246251565e-16,randherm_06
rand_pure_04,C_random_pure,0.02,40,1.6653345369377348e-16,4.154662724964453e-17,5.727477946782791e-17,1.6653345369377348e-16,randherm_24
rand_pure_04,C_random_pure,0.05,40,1.1102230246251565e-16,2.0296264668928642e-17,3.224906463711944e-17,1.1102230246251565e-16,randherm_26
rand_pure_04,C_random_pure,0.1,40,2.7755575615628914e-17,1.0619760279495516e-17,1.3483962241297461e-17,2.7755575615628914e-17,randherm_06
rand_pure_04,C_random_pure,0.15,40,2.0816681711721685e-17,5.854691731421724e-18,7.588795638010389e-18,2.0816681711721685e-17,randherm_19
rand_pure_04,C_random_pure,0.2,40,5.204170427930421e-18,2.0491421059976032e-18,2.4464319911274207e-18,5.204170427930421e-18,randherm_28
rand_pure_04,C_random_pure,0.3,40,1.3010426069826053e-18,3.7574381540200765e-19,5.323961561814961e-19,1.3010426069826053e-18,randherm_08
rand_pure_04,C_random_pure,0.5,40,4.0657581468206416e-20,1.5839516113655416e-20,1.9716045143010988e-20,4.0657581468206416e-20,randherm_06
rand_pure_04,C_random_pure,0.75,40,3.970466940254533e-23,1.1347884028461848e-23,1.447835619125192e-23,3.970466940254533e-23,proj_Psi-
rand_pure_04,C_random_pure,1.0,40,0.0,0.0,0.0,0.0,
rand_pure_05,C_random_pure,0.0,40,2.220446049250313e-16,5.932754287840681e-17,7.829351123254084e-17,2.220446049250313e-16,proj_rand1_01
rand_pure_05,C_random_pure,1e-06,40,2.220446049250313e-16,4.163336342344337e-17,6.192744142753747e-17,2.220446049250313e-16,randherm_13
rand_pure_05,C_random_pure,0.0001,40,2.220446049250313e-16,5.590146401335261e-17,7.537218793741613e-17,2.220446049250313e-16,randherm_13
rand_pure_05,C_random_pure,0.001,40,2.220446049250313e-16,5.5077470362263625e-17,7.33790080835887e-17,2.220446049250313e-16,proj_rand1_01
rand_pure_05,C_random_pure,0.005,40,2.220446049250313e-16,6.94323071259717e-17,8.631404245153357e-17,2.220446049250313e-16,proj_rand1_01
rand_pure_05,C_random_pure,0.01,40,2.220446049250313e-16,8.075137780672037e-17,9.716464775162309e-17,2.220446049250313e-16,randherm_12
rand_pure_05,C_random_pure,0.02,40,2.220446049250313e-16,4.978656376053436e-17,6.958382176060062e-17,2.220446049250313e-16,proj_rand1_01
rand_pure_05,C_random_pure,0.05,40,1.1102230246251565e-16,3.235259282696745e-17,4.032998913148605e-17,1.1102230246251565e-16,proj_rand1_01
rand_pure_05,C_random_pure,0.1,40,5.551115123125783e-17,1.3877787807814457e-17,1.8239361426253768e-17,5.551115123125783e-17,proj_rand1_01
rand_pure_05,C_random_pure,0.15,40,1.3877787807814457e-17,5.4860629927766526e-18,6.863950289808142e-18,1.3877787807814457e-17,randherm_05
rand_pure_05,C_random_pure,0.2,40,6.938893903907228e-18,3.496552006265752e-18,4.2669933208157726e-18,6.938893903907228e-18,randherm_00
rand_pure_05,C_random_pure,0.3,40,2.6020852139652106e-18,8.904010341537206e-19,1.0719697739795243e-18,2.6020852139652106e-18,proj_rand1_04
rand_pure_05,C_random_pure,0.5,40,2.710505431213761e-20,9.042076711939657e-21,1.3211406153820773e-20,2.710505431213761e-20,randherm_09
rand_pure_05,C_random_pure,0.75,40,1.3234889800848443e-23,4.9204321749834004e-24,6.991852578007351e-24,1.3234889800848443e-23,randherm_04
rand_pure_05,C_random_pure,1.0,40,0.0,0.0,0.0,0.0,
rand_pure_06,C_random_pure,0.0,40,2.220446049250313e-16,5.989132800809926e-17,8.270875197256253e-17,2.220446049250313e-16,randherm_24
rand_pure_06,C_random_pure,1e-06,40,3.3306690738754696e-16,9.397864431104352e-17,1.210835122272487e-16,3.3306690738754696e-16,randherm_00
rand_pure_06,C_random_pure,0.0001,40,2.220446049250313e-16,5.689893001203927e-17,7.4463901861992e-17,2.220446049250313e-16,randherm_03
rand_pure_06,C_random_pure,0.001,40,2.220446049250313e-16,5.0220244629528564e-17,6.732202334258845e-17,2.220446049250313e-16,proj_Psi+
rand_pure_06,C_random_pure,0.005,40,2.220446049250313e-16,8.495808223596413e-17,1.0922457384170532e-16,2.220446049250313e-16,randherm_03
rand_pure_06,C_random_pure,0.01,40,2.220446049250313e-16,6.617970060851519e-17,8.543050807273823e-17,2.220446049250313e-16,randherm_29
rand_pure_06,C_random_pure,0.02,40,2.220446049250313e-16,4.822531263215524e-17,6.788511799396156e-17,2.220446049250313e-16,proj_Psi+
rand_pure_06,C_random_pure,0.05,40,8.326672684688674e-17,2.706168622523819e-17,3.5031107410974634e-17,8.326672684688674e-17,randherm_06
rand_pure_06,C_random_pure,0.1,40,5.551115123125783e-17,1.1254018550399536e-17,1.573550539567149e-17,5.551115123125783e-17,proj_Psi+
rand_pure_06,C_random_pure,0.15,40,2.7755575615628914e-17,5.778797579347738e-18,8.557096125521901e-18,2.7755575615628914e-17,proj_Psi+
rand_pure_06,C_random_pure,0.2,40,1.5612511283791264e-17,4.952093422827541e-18,6.311253437408525e-18,1.5612511283791264e-17,proj_Psi-
rand_pure_06,C_random_pure,0.3,40,1.734723475976807e-18,6.329030181884133e-19,7.68608729904316e-19,1.734723475976807e-18,randherm_00
rand_pure_06,C_random_pure,0.5,40,4.0657581468206416e-20,1.0037340424963459e-20,1.4052835656207176e-20,4.0657581468206416e-20,proj_Phi+
rand_pure_06,C_random_pure,0.75,40,6.617444900424221e-23,2.0452686880227167e-23,2.4615812554255546e-23,6.617444900424221e-23,proj_rand1_03
rand_pure_06,C_random_pure,1.0,40,0.0,0.0,0.0,0.0,
rand_pure_07,C_random_pure,0.0,40,1.6653345369377348e-16,4.7791631763161037e-17,6.090090127177496e-17,1.6653345369377348e-16,randherm_20
rand_pure_07,C_random_pure,1e-06,40,2.220446049250313e-16,4.40619762898109e-17,6.582812753581314e-17,2.220446049250313e-16,randherm_19
rand_pure_07,C_random_pure,0.0001,40,2.220446049250313e-16,9.02923569245928e-17,1.0915395111959689e-16,2.220446049250313e-16,randherm_09
rand_pure_07,C_random_pure,0.001,40,2.220446049250313e-16,5.3949900102878703e-17,7.326203664766752e-17,2.220446049250313e-16,randherm_10
rand_pure_07,C_random_pure,0.005,40,2.220446049250313e-16,5.585809592645319e-17,7.155813189036982e-17,2.220446049250313e-16,proj_Psi-
rand_pure_07,C_random_pure,0.01,40,1.1102230246251565e-16,3.382710778154774e-17,4.681825517846348e-17,1.1102230246251565e-16,randherm_01
rand_pure_07,C_random_pure,0.02,40,1.1102230246251565e-16,3.313321839115702e-17,4.590958051309967e-17,1.1102230246251565e-16,randherm_01
rand_pure_07,C_random_pure,0.05,40,1.1102230246251565e-16,2.5847379792054426e-17,3.48156883997533e-17,1.1102230246251565e-16,proj_Psi-
rand_pure_07,C_random_pure,0.1,40,2.7755575615628914e-17,7.15573433840433e-18,1.1372035283979064e-17,2.7755575615628914e-17,randherm_15
rand_pure_07,C_random_pure,0.15,40,2.7755575615628914e-17,4.564491146163974e-18,6.912075838329688e-18,2.7755575615628914e-17,proj_Psi-
rand_pure_07,C_random_pure,0.2,40,6.938893903907228e-18,2.5804011705155006e-18,3.272782382727682e-18,6.938893903907228e-18,randherm_09
rand_pure_07,C_random_pure,0.3,40,3.0357660829594124e-18,1.2758857284491526e-18,1.4705078435129294e-18,3.0357660829594124e-18,randherm_17
rand_pure_07,C_random_pure,0.5,40,5.421010862427522e-20,2.1054062695189702e-20,2.6177656527213255e-20,5.421010862427522e-20,randherm_20
rand_pure_07,C_random_pure,0.75,40,2.6469779601696886e-23,5.7178859842728035e-24,8.40845469293418e-24,2.6469779601696886e-23,randherm_24
rand_pure_07,C_random_pure,1.0,40,0.0,0.0,0.0,0.0,
rand_pure_08,C_random_pure,0.0,40,1.6653345369377348e-16,4.150325916274511e-17,6.233972046414165e-17,1.6653345369377348e-16,randherm_03
rand_pure_08,C_random_pure,1e-06,40,2.220446049250313e-16,5.195496810550537e-17,7.676616900217915e-17,2.220446049250313e-16,randherm_00
rand_pure_08,C_random_pure,0.0001,40,3.3306690738754696e-16,9.684093804640526e-17,1.2724790887287825e-16,3.3306690738754696e-16,proj_rand1_02
rand_pure_08,C_random_pure,0.001,40,2.220446049250313e-16,4.584006785268713e-17,6.52939638823673e-17,2.220446049250313e-16,proj_rand1_00
rand_pure_08,C_random_pure,0.005,40,1.1102230246251565e-16,3.495467804093266e-17,4.7548514159522674e-17,1.1102230246251565e-16,randherm_00
rand_pure_08,C_random_pure,0.01,40,2.220446049250313e-16,5.828670879282072e-17,7.787343521631307e-17,2.220446049250313e-16,proj_rand1_00
rand_pure_08,C_random_pure,0.02,40,1.6653345369377348e-16,4.0896105946153226e-17,5.76472650293825e-17,1.6653345369377348e-16,randherm_21
rand_pure_08,C_random_pure,0.05,40,1.6653345369377348e-16,3.2851325826310784e-17,4.5790005149424374e-17,1.6653345369377348e-16,proj_rand1_00
rand_pure_08,C_random_pure,0.1,40,5.551115123125783e-17,1.2782743613604098e-17,1.8286348104247453e-17,5.551115123125783e-17,randherm_00
rand_pure_08,C_random_pure,0.15,40,1.3877787807814457e-17,4.271756559592887e-18,5.930298473761772e-18,1.3877787807814457e-17,randherm_02
rand_pure_08,C_random_pure,0.2,40,1.3877787807814457e-17,4.361203238822942e-18,5.8118950476127954e-18,1.3877787807814457e-17,randherm_00
rand_pure_08,C_random_pure,0.3,40,1.734723475976807e-18,5.165206912356723e-19,7.24433761146013e-19,1.734723475976807e-18,randherm_13
rand_pure_08,C_random_pure,0.5,40,5.421010862427522e-20,1.9264705594114992e-20,2.3892884645994835e-20,5.421010862427522e-20,proj_Phi+
rand_pure_08,C_random_pure,0.75,40,3.970466940254533e-23,9.703862561012705e-24,1.30291203769401e-23,3.970466940254533e-23,randherm_24
rand_pure_08,C_random_pure,1.0,40,0.0,0.0,0.0,0.0,
rand_pure_09,C_random_pure,0.0,40,2.220446049250313e-16,6.110563444128303e-17,7.802062267194078e-17,2.220446049250313e-16,randherm_00
rand_pure_09,C_random_pure,1e-06,40,1.1102230246251565e-16,4.696763811207205e-17,6.012324838205472e-17,1.1102230246251565e-16,randherm_03
rand_pure_09,C_random_pure,0.0001,40,2.220446049250313e-16,6.635317295611287e-17,8.499968017843614e-17,2.220446049250313e-16,randherm_11
rand_pure_09,C_random_pure,0.001,40,1.6653345369377348e-16,5.2562121322097256e-17,7.107710591583458e-17,1.6653345369377348e-16,randherm_00
rand_pure_09,C_random_pure,0.005,40,1.1102230246251565e-16,3.681950577760773e-17,4.849242541999465e-17,1.1102230246251565e-16,randherm_09
rand_pure_09,C_random_pure,0.01,40,1.1102230246251565e-16,3.799044412389207e-17,5.279376612245903e-17,1.1102230246251565e-16,randherm_09
rand_pure_09,C_random_pure,0.02,40,1.1102230246251565e-16,4.1134630424100036e-17,5.058827387006405e-17,1.1102230246251565e-16,randherm_04
rand_pure_09,C_random_pure,0.05,40,1.1102230246251565e-16,1.9320482713691688e-17,2.9074413107805344e-17,1.1102230246251565e-16,proj_Psi-
rand_pure_09,C_random_pure,0.1,40,8.326672684688674e-17,2.1239520558991032e-17,2.6993368228153803e-17,8.326672684688674e-17,proj_Psi-
rand_pure_09,C_random_pure,0.15,40,1.3877787807814457e-17,4.629543276513104e-18,6.391829288801401e-18,1.3877787807814457e-17,randherm_11
rand_pure_09,C_random_pure,0.2,40,1.0408340855860843e-17,2.0247475571166796e-18,3.0035042070551423e-18,1.0408340855860843e-17,randherm_00
rand_pure_09,C_random_pure,0.3,40,8.673617379884035e-19,4.512991542970912e-19,5.452766292086177e-19,8.673617379884035e-19,randherm_00
rand_pure_09,C_random_pure,0.5,40,2.710505431213761e-20,7.665648172651419e-21,1.1047206199587545e-20,2.710505431213761e-20,randherm_00
rand_pure_09,C_random_pure,0.75,40,2.6469779601696886e-23,4.745948764522996e-24,7.545331439819714e-24,2.6469779601696886e-23,proj_Phi+
rand_pure_09,C_random_pure,1.0,40,0.0,0.0,0.0,0.0,
rand_pure_10,C_random_pure,0.0,40,2.220446049250313e-16,4.675079767757495e-17,6.572976900200874e-17,2.220446049250313e-16,proj_rand1_05
rand_pure_10,C_random_pure,1e-06,40,2.220446049250313e-16,4.1026210206851485e-17,6.40322129530765e-17,2.220446049250313e-16,randherm_12
rand_pure_10,C_random_pure,0.0001,40,2.220446049250313e-16,4.371503159461554e-17,6.277685997803952e-17,2.220446049250313e-16,proj_rand1_05
rand_pure_10,C_random_pure,0.001,40,2.220446049250313e-16,6.327403878625404e-17,8.235507210499926e-17,2.220446049250313e-16,proj_rand1_05
rand_pure_10,C_random_pure,0.005,40,2.220446049250313e-16,5.2909066017292616e-17,7.010515299771606e-17,2.220446049250313e-16,proj_rand1_05
rand_pure_10,C_random_pure,0.01,40,1.6653345369377348e-16,3.2807957739411367e-17,4.7618277907456635e-17,1.6653345369377348e-16,proj_Phi-
rand_pure_10,C_random_pure,0.02,40,2.220446049250313e-16,4.562322741819003e-17,6.584184030078552e-17,2.220446049250313e-16,randherm_02
rand_pure_10,C_random_pure,0.05,40,1.1102230246251565e-16,3.404394821604484e-17,4.521692424554138e-17,1.1102230246251565e-16,proj_rand1_05
rand_pure_10,C_random_pure,0.1,40,3.469446951953614e-17,1.450662506785605e-17,1.7999062283536397e-17,3.469446951953614e-17,randherm_17
rand_pure_10,C_random_pure,0.15,40,2.0816681711721685e-17,5.578220177437921e-18,7.651810120494843e-18,2.0816681711721685e-17,randherm_21
rand_pure_10,C_random_pure,0.2,40,1.3877787807814457e-17,5.128276275856436e-18,6.406524857776717e-18,1.3877787807814457e-17,randherm_12
rand_pure_10,C_random_pure,0.3,40,1.734723475976807e-18,5.10930273783794e-19,6.994469637741311e-19,1.734723475976807e-18,randherm_08
rand_pure_10,C_random_pure,0.5,40,2.710505431213761e-20,6.37392292808861e-21,1.0058850598198611e-20,2.710505431213761e-20,randherm_04
rand_pure_10,C_random_pure,0.75,40,3.970466940254533e-23,1.4025881261602276e-23,1.772238685161336e-23,3.970466940254533e-23,randherm_17
rand_pure_10,C_random_pure,1.0,40,0.0,0.0,0.0,0.0,
rand_pure_11,C_random_pure,0.0,40,2.220446049250313e-16,4.2153780466236414e-17,5.955434797905707e-17,2.220446049250313e-16,randherm_15
rand_pure_11,C_random_pure,1e-06,40,1.1102230246251565e-16,3.0574501264091225e-17,4.461731037495366e-17,1.1102230246251565e-16,randherm_11
rand_pure_11,C_random_pure,0.0001,40,2.220446049250313e-16,5.312590645178972e-17,7.36496867886946e-17,2.220446049250313e-16,randherm_26
rand_pure_11,C_random_pure,0.001,40,1.6653345369377348e-16,5.277896175659436e-17,6.720850247055161e-17,1.6653345369377348e-16,randherm_11
rand_pure_11,C_random_pure,0.005,40,1.1102230246251565e-16,4.570996359198887e-17,5.853760046534387e-17,1.1102230246251565e-16,randherm_00
rand_pure_11,C_random_pure,0.01,40,1.6653345369377348e-16,4.167673151034279e-17,5.702004664157296e-17,1.6653345369377348e-16,randherm_28
rand_pure_11,C_random_pure,0.02,40,1.1102230246251565e-16,3.2699537522162816e-17,4.437299225409684e-17,1.1102230246251565e-16,randherm_15
rand_pure_11,C_random_pure,0.05,40,5.551115123125783e-17,2.323445255636436e-17,2.8908091287893386e-17,5.551115123125783e-17,randherm_11
rand_pure_11,C_random_pure,0.1,40,4.163336342344337e-17,1.0213184464813452e-17,1.4005273626588316e-17,4.163336342344337e-17,randherm_09
rand_pure_11,C_random_pure,0.15,40,2.7755575615628914e-17,9.56266316132215e-18,1.172102281242138e-17,2.7755575615628914e-17,randherm_24
rand_pure_11,C_random_pure,0.2,40,1.0408340855860843e-17,4.9385408956714724e-18,5.724649072788179e-18,1.0408340855860843e-17,randherm_04
rand_pure_11,C_random_pure,0.3,40,4.336808689942018e-18,1.3376344303039911e-18,1.6014591890226203e-18,4.336808689942018e-18,randherm_24
rand_pure_11,C_random_pure,0.5,40,5.421010862427522e-20,2.4860417001913716e-20,2.973676819910887e-20,5.421010862427522e-20,randherm_14
rand_pure_11,C_random_pure,0.75,40,5.293955920339377e-23,1.5052102209050874e-23,2.022149051096986e-23,5.293955920339377e-23,proj_rand1_04
rand_pure_11,C_random_pure,1.0,40,0.0,0.0,0.0,0.0,
rand_pure_12,C_random_pure,0.0,40,1.1102230246251565e-16,3.8033812210791497e-17,4.7678867636752994e-17,1.1102230246251565e-16,randherm_08
rand_pure_12,C_random_pure,1e-06,40,2.220446049250313e-16,5.061055741162335e-17,6.940032222818274e-17,2.220446049250313e-16,randherm_08
rand_pure_12,C_random_pure,0.0001,40,1.6653345369377348e-16,3.924811864397526e-17,5.2517302837367194e-17,1.6653345369377348e-16,randherm_26
rand_pure_12,C_random_pure,0.001,40,1.1102230246251565e-16,3.898791012257874e-17,4.802161402419079e-17,1.1102230246251565e-16,randherm_08
rand_pure_12,C_random_pure,0.005,40,1.3877787807814457e-16,4.731458280726741e-17,6.054967742863576e-17,1.3877787807814457e-16,randherm_01
rand_pure_12,C_random_pure,0.01,40,1.1102230246251565e-16,4.5579859331290604e-17,5.559579000091784e-17,1.1102230246251565e-16,randherm_08
rand_pure_12,C_random_pure,0.02,40,1.1102230246251565e-16,3.0834709785487744e-17,4.0691192298872914e-17,1.1102230246251565e-16,randherm_10
rand_pure_12,C_random_pure,0.05,40,8.326672684688674e-17,1.6653345369377347e-17,2.4587831270880842e-17,8.326672684688674e-17,randherm_26
rand_pure_12,C_random_pure,0.1,40,5.551115123125783e-17,1.5720931501039814e-17,1.943112928998515e-17,5.551115123125783e-17,randherm_14
rand_pure_12,C_random_pure,0.15,40,2.0816681711721685e-17,8.500145032286355e-18,9.922197481912373e-18,2.0816681711721685e-17,proj_Phi-
rand_pure_12,C_random_pure,0.2,40,5.204170427930421e-18,1.4799359654427136e-18,1.9578782081711517e-18,5.204170427930421e-18,proj_Phi-
rand_pure_12,C_random_pure,0.3,40,1.734723475976807e-18,7.901123331988113e-19,9.114515336786639e-19,1.734723475976807e-18,randherm_14
rand_pure_12,C_random_pure,0.5,40,2.710505431213761e-20,9.020900888258299e-21,1.1781068212046884e-20,2.710505431213761e-20,randherm_12
rand_pure_12,C_random_pure,0.75,40,2.6469779601696886e-23,7.744478485027722e-24,1.092477480181358e-23,2.6469779601696886e-23,randherm_14
rand_pure_12,C_random_pure,1.0,40,0.0,0.0,0.0,0.0,
rand_pure_13,C_random_pure,0.0,40,2.220446049250313e-16,6.795779217139141e-17,8.706730757683333e-17,2.220446049250313e-16,proj_rand1_05
rand_pure_13,C_random_pure,1e-06,40,1.1102230246251565e-16,3.7686867515596137e-17,4.790868457337541e-17,1.1102230246251565e-16,randherm_00
rand_pure_13,C_random_pure,0.0001,40,1.6653345369377348e-16,4.7574791328663936e-17,6.616838869904192e-17,1.6653345369377348e-16,randherm_22
rand_pure_13,C_random_pure,0.001,40,2.220446049250313e-16,4.753142324176451e-17,6.372364488256273e-17,2.220446049250313e-16,proj_rand1_05
rand_pure_13,C_random_pure,0.005,40,2.220446049250313e-16,7.836613302725226e-17,9.809742386724945e-17,2.220446049250313e-16,randherm_06
rand_pure_13,C_random_pure,0.01,40,1.1102230246251565e-16,3.67544536472586e-17,4.976287189477978e-17,1.1102230246251565e-16,randherm_00
rand_pure_13,C_random_pure,0.02,40,1.1102230246251565e-16,3.404394821604484e-17,4.8037277673255065e-17,1.1102230246251565e-16,randherm_00
rand_pure_13,C_random_pure,0.05,40,5.551115123125783e-17,2.1423834928313567e-17,2.844364674087246e-17,5.551115123125783e-17,randherm_09
rand_pure_13,C_random_pure,0.1,40,2.7755575615628914e-17,9.150666335777658e-18,1.2709143470658786e-17,2.7755575615628914e-17,randherm_25
rand_pure_13,C_random_pure,0.15,40,2.7755575615628914e-17,4.1958624075189025e-18,7.121153438486878e-18,2.7755575615628914e-17,proj_rand1_05
rand_pure_13,C_random_pure,0.2,40,6.938893903907228e-18,2.076247160309741e-18,2.7847327039367047e-18,6.938893903907228e-18,randherm_12
rand_pure_13,C_random_pure,0.3,40,1.734723475976807e-18,3.9844429838842286e-19,5.521719363065555e-19,1.734723475976807e-18,randherm_00
rand_pure_13,C_random_pure,0.5,40,5.421010862427522e-20,2.0207029747935402e-20,2.5144473893217564e-20,5.421010862427522e-20,randherm_12
rand_pure_13,C_random_pure,0.75,40,2.6469779601696886e-23,1.0210510686201435e-23,1.2695647765407002e-23,2.6469779601696886e-23,randherm_17
rand_pure_13,C_random_pure,1.0,40,0.0,0.0,0.0,0.0,
rand_pure_14,C_random_pure,0.0,40,2.220446049250313e-16,5.982627587775013e-17,7.784142737862547e-17,2.220446049250313e-16,randherm_00
rand_pure_14,C_random_pure,1e-06,40,2.7755575615628914e-16,7.312943653414727e-17,9.64940664434635e-17,2.7755575615628914e-16,randherm_05
rand_pure_14,C_random_pure,0.0001,40,2.220446049250313e-16,7.723856276786733e-17,9.393912040803553e-17,2.220446049250313e-16,proj_rand1_00
rand_pure_14,C_random_pure,0.001,40,3.3306690738754696e-16,6.993104012531504e-17,9.224311545335029e-17,3.3306690738754696e-16,proj_rand1_00
rand_pure_14,C_random_pure,0.005,40,2.220446049250313e-16,5.154297127996088e-17,7.057641502810663e-17,2.220446049250313e-16,randherm_00
rand_pure_14,C_random_pure,0.01,40,1.1102230246251565e-16,4.709774237277031e-17,5.679067124505656e-17,1.1102230246251565e-16,randherm_00
rand_pure_14,C_random_pure,0.02,40,1.6653345369377348e-16,5.82433407059213e-17,7.38537001067236e-17,1.6653345369377348e-16,randherm_17
rand_pure_14,C_random_pure,0.05,40,1.1102230246251565e-16,2.7668839441830072e-17,3.7497724233339646e-17,1.1102230246251565e-16,randherm_00
rand_pure_14,C_random_pure,0.1,40,2.7755575615628914e-17,7.524363077049401e-18,1.0333078092896135e-17,2.7755575615628914e-17,randherm_16
rand_pure_14,C_random_pure,0.15,40,1.3877787807814457e-17,3.220080452281948e-18,4.7945768869297164e-18,1.3877787807814457e-17,randherm_16
rand_pure_14,C_random_pure,0.2,40,6.938893903907228e-18,2.282245573081987e-18,2.912652181412063e-18,6.938893903907228e-18,randherm_00
rand_pure_14,C_random_pure,0.3,40,8.673617379884035e-19,2.7206698265808126e-19,4.199370327767993e-19,8.673617379884035e-19,randherm_03
rand_pure_14,C_random_pure,0.5,40,1.3552527156068805e-20,6.3209833688852166e-21,8.406828671259752e-21,1.3552527156068805e-20,randherm_04
rand_pure_14,C_random_pure,0.75,40,1.3234889800848443e-23,5.361164345109311e-24,7.68550785486252e-24,1.3234889800848443e-23,randherm_12
rand_pure_14,C_random_pure,1.0,40,0.0,0.0,0.0,0.0,
rand_pure_15,C_random_pure,0.0,40,1.1102230246251565e-16,4.3628295420816696e-17,5.754865061807722e-17,1.1102230246251565e-16,randherm_04
rand_pure_15,C_random_pure,1e-06,40,2.220446049250313e-16,5.869870561836521e-17,7.286832383318236e-17,2.220446049250313e-16,proj_Psi+
rand_pure_15,C_random_pure,0.0001,40,2.220446049250313e-16,3.962758940434519e-17,5.953764713833616e-17,2.220446049250313e-16,proj_Psi+
rand_pure_15,C_random_pure,0.001,40,3.3306690738754696e-16,6.146342115820324e-17,8.850769403455728e-17,3.3306690738754696e-16,proj_Psi+
rand_pure_15,C_random_pure,0.005,40,2.220446049250313e-16,4.4972706114698725e-17,7.217523357340252e-17,2.220446049250313e-16,randherm_17
rand_pure_15,C_random_pure,0.01,40,1.1102230246251565e-16,4.141652298894627e-17,5.643786264951702e-17,1.1102230246251565e-16,randherm_00
rand_pure_15,C_random_pure,0.02,40,1.1102230246251565e-16,3.699297812520541e-17,4.698587479649944e-17,1.1102230246251565e-16,randherm_20
rand_pure_15,C_random_pure,0.05,40,8.326672684688674e-17,2.649790109554573e-17,3.412768100390555e-17,8.326672684688674e-17,randherm_04
rand_pure_15,C_random_pure,0.1,40,2.7755575615628914e-17,1.0592655225183379e-17,1.3612502616573563e-17,2.7755575615628914e-17,randherm_12
rand_pure_15,C_random_pure,0.15,40,1.3877787807814457e-17,4.049495114233359e-18,5.756797046338593e-18,1.3877787807814457e-17,randherm_03
rand_pure_15,C_random_pure,0.2,40,1.0408340855860843e-17,3.1021734660241496e-18,4.0316524657256985e-18,1.0408340855860843e-17,randherm_24
rand_pure_15,C_random_pure,0.3,40,1.734723475976807e-18,4.912791094074942e-19,6.24019928214728e-19,1.734723475976807e-18,randherm_17
rand_pure_15,C_random_pure,0.5,40,5.421010862427522e-20,1.7480642448960623e-20,2.2143574112628118e-20,5.421010862427522e-20,proj_rand1_03
rand_pure_15,C_random_pure,0.75,40,1.9852334701272664e-23,6.335040269419789e-24,8.649372023904887e-24,1.9852334701272664e-23,randherm_28
rand_pure_15,C_random_pure,1.0,40,0.0,0.0,0.0,0.0,
rand_pure_16,C_random_pure,0.0,40,2.220446049250313e-16,5.62917767954474e-17,8.052742581296503e-17,2.220446049250313e-16,proj_Phi-
rand_pure_16,C_random_pure,1e-06,40,1.1102230246251565e-16,5.2475385148298415e-17,6.468216042795308e-17,1.1102230246251565e-16,randherm_01
rand_pure_16,C_random_pure,0.0001,40,1.6653345369377348e-16,5.898059818321144e-17,7.575400571036717e-17,1.6653345369377348e-16,randherm_04
rand_pure_16,C_random_pure,0.001,40,1.6653345369377348e-16,6.782768791069316e-17,8.302423526647771e-17,1.6653345369377348e-16,randherm_12
rand_pure_16,C_random_pure,0.005,40,1.6653345369377348e-16,6.42715047849407e-17,7.533774440093057e-17,1.6653345369377348e-16,randherm_04
rand_pure_16,C_random_pure,0.01,40,1.1102230246251565e-16,4.154662724964453e-17,5.4760689447099625e-17,1.1102230246251565e-16,randherm_09
rand_pure_16,C_random_pure,0.02,40,1.1102230246251565e-16,5.2822329843493775e-17,6.34716806074815e-17,1.1102230246251565e-16,randherm_01
rand_pure_16,C_random_pure,0.05,40,1.3877787807814457e-16,4.70760583293206e-17,5.739631542278363e-17,1.3877787807814457e-16,randherm_20
rand_pure_16,C_random_pure,0.1,40,5.551115123125783e-17,1.74122868901172e-17,2.1809017084846287e-17,5.551115123125783e-17,randherm_20
rand_pure_16,C_random_pure,0.15,40,2.0816681711721685e-17,7.491837011874835e-18,8.97336965868044e-18,2.0816681711721685e-17,proj_rand1_01
rand_pure_16,C_random_pure,0.2,40,1.0408340855860843e-17,3.301395615218361e-18,4.0166727480634884e-18,1.0408340855860843e-17,proj_Psi+
rand_pure_16,C_random_pure,0.3,40,1.734723475976807e-18,5.068645156369733e-19,6.568153673231006e-19,1.734723475976807e-18,proj_rand1_01
rand_pure_16,C_random_pure,0.5,40,4.0657581468206416e-20,9.232659125071874e-21,1.3332363166471066e-20,4.0657581468206416e-20,randherm_12
rand_pure_16,C_random_pure,0.75,40,2.6469779601696886e-23,5.7178859842728035e-24,8.264823842217342e-24,2.6469779601696886e-23,randherm_24
rand_pure_16,C_random_pure,1.0,40,0.0,0.0,0.0,0.0,
rand_pure_17,C_random_pure,0.0,40,1.1102230246251565e-16,3.621235256101585e-17,5.175831733798514e-17,1.1102230246251565e-16,randherm_05
rand_pure_17,C_random_pure,1e-06,40,2.220446049250313e-16,5.134781488891349e-17,6.910102815869093e-17,2.220446049250313e-16,proj_rand1_02
rand_pure_17,C_random_pure,0.0001,40,1.6653345369377348e-16,3.7730235602495554e-17,5.574511689757397e-17,1.6653345369377348e-16,randherm_00
rand_pure_17,C_random_pure,0.001,40,2.220446049250313e-16,5.069729358542219e-17,7.30053794331371e-17,2.220446049250313e-16,randherm_14
rand_pure_17,C_random_pure,0.005,40,1.6653345369377348e-16,4.456070928915423e-17,6.203561913381106e-17,1.6653345369377348e-16,randherm_00
rand_pure_17,C_random_pure,0.01,40,1.1102230246251565e-16,3.924811864397526e-17,5.183965043445285e-17,1.1102230246251565e-16,randherm_00
rand_pure_17,C_random_pure,0.02,40,2.220446049250313e-16,3.9638431426070045e-17,6.032000465950598e-17,2.220446049250313e-16,proj_rand1_00
rand_pure_17,C_random_pure,0.05,40,8.326672684688674e-17,1.7780915628762273e-17,2.6336964641606203e-17,8.326672684688674e-17,randherm_21
rand_pure_17,C_random_pure,0.1,40,5.551115123125783e-17,1.5742615544489523e-17,2.1219362764677194e-17,5.551115123125783e-17,proj_rand1_00
rand_pure_17,C_random_pure,0.15,40,1.3877787807814457e-17,3.670024353863433e-18,5.263575434486571e-18,1.3877787807814457e-17,randherm_20
rand_pure_17,C_random_pure,0.2,40,6.938893903907228e-18,1.9122615817213084e-18,2.691314880235339e-18,6.938893903907228e-18,randherm_00
rand_pure_17,C_random_pure,0.3,40,2.6020852139652106e-18,3.482999479109683e-19,6.350338815598511e-19,2.6020852139652106e-18,randherm_20
rand_pure_17,C_random_pure,0.5,40,2.710505431213761e-20,6.54332951753947e-21,9.493762016470196e-21,2.710505431213761e-20,proj_rand1_03
rand_pure_17,C_random_pure,0.75,40,1.4889251025954498e-23,6.240043745946903e-24,7.997453314181099e-24,1.4889251025954498e-23,randherm_29
rand_pure_17,C_random_pure,1.0,40,0.0,0.0,0.0,0.0,
rand_pure_18,C_random_pure,0.0,40,1.1102230246251565e-16,3.764349942869671e-17,5.3106342957428904e-17,1.1102230246251565e-16,randherm_00
rand_pure_18,C_random_pure,1e-06,40,1.1102230246251565e-16,3.642919299551295e-17,4.950500837524177e-17,1.1102230246251565e-16,randherm_00
rand_pure_18,C_random_pure,0.0001,40,2.220446049250313e-16,4.5449755070592345e-17,6.216025217875883e-17,2.220446049250313e-16,randherm_09
rand_pure_18,C_random_pure,0.001,40,1.1102230246251565e-16,4.128641872824801e-17,5.485677294651095e-17,1.1102230246251565e-16,randherm_17
rand_pure_18,C_random_pure,0.005,40,8.326672684688674e-17,2.3158558404290374e-17,3.574119781044833e-17,8.326672684688674e-17,randherm_07
rand_pure_18,C_random_pure,0.01,40,1.1102230246251565e-16,3.877106968808164e-17,5.091051372722421e-17,1.1102230246251565e-16,randherm_09
rand_pure_18,C_random_pure,0.02,40,1.6653345369377348e-16,3.41740524767431e-17,4.888104783303458e-17,1.6653345369377348e-16,proj_rand1_01
rand_pure_18,C_random_pure,0.05,40,1.1102230246251565e-16,2.667137344314341e-17,3.6545687535596816e-17,1.1102230246251565e-16,proj_rand1_03
rand_pure_18,C_random_pure,0.1,40,2.7755575615628914e-17,9.714451465470119e-18,1.3188462689126138e-17,2.7755575615628914e-17,randherm_10
rand_pure_18,C_random_pure,0.15,40,2.7755575615628914e-17,7.334627696864438e-18,9.594607292429732e-18,2.7755575615628914e-17,proj_rand1_03
rand_pure_18,C_random_pure,0.2,40,1.0408340855860843e-17,2.9869769851975648e-18,3.882745813119349e-18,1.0408340855860843e-17,randherm_12
rand_pure_18,C_random_pure,0.3,40,1.3010426069826053e-18,4.2893748448957767e-19,5.448891254914027e-19,1.3010426069826053e-18,randherm_05
rand_pure_18,C_random_pure,0.5,40,4.0657581468206416e-20,1.2769021679858577e-20,1.715790633193716e-20,4.0657581468206416e-20,randherm_12
rand_pure_18,C_random_pure,0.75,40,3.970466940254533e-23,1.1911400820763599e-23,1.5465180746750363e-23,3.970466940254533e-23,proj_rand1_00
rand_pure_18,C_random_pure,1.0,40,0.0,0.0,0.0,0.0,
rand_pure_19,C_random_pure,0.0,40,2.220446049250313e-16,4.5536491244391186e-17,6.311390332398768e-17,2.220446049250313e-16,randherm_20
rand_pure_19,C_random_pure,1e-06,40,1.6653345369377348e-16,5.386316392907986e-17,6.959030845220092e-17,1.6653345369377348e-16,randherm_06
rand_pure_19,C_random_pure,0.0001,40,1.1102230246251565e-16,3.165870343657673e-17,4.440688805940181e-17,1.1102230246251565e-16,randherm_06
rand_pure_19,C_random_pure,0.001,40,1.6653345369377348e-16,3.0704605524789484e-17,4.689532231733966e-17,1.6653345369377348e-16,randherm_06
rand_pure_19,C_random_pure,0.005,40,1.6653345369377348e-16,5.3169274538689135e-17,6.807767516033136e-17,1.6653345369377348e-16,randherm_08
rand_pure_19,C_random_pure,0.01,40,1.1102230246251565e-16,3.278627369596165e-17,4.398131293963301e-17,1.1102230246251565e-16,randherm_18
rand_pure_19,C_random_pure,0.02,40,1.6653345369377348e-16,3.881443777498106e-17,4.9914388412917854e-17,1.6653345369377348e-16,randherm_24
rand_pure_19,C_random_pure,0.05,40,1.1102230246251565e-16,2.415602440297704e-17,3.3584936434661115e-17,1.1102230246251565e-16,randherm_06
rand_pure_19,C_random_pure,0.1,40,5.551115123125783e-17,1.465841337200402e-17,1.943741979556674e-17,5.551115123125783e-17,randherm_20
rand_pure_19,C_random_pure,0.15,40,2.0816681711721685e-17,5.545694112263355e-18,7.488768923086124e-18,2.0816681711721685e-17,randherm_08
rand_pure_19,C_random_pure,0.2,40,1.3877787807814457e-17,4.811147140404426e-18,5.938741523362403e-18,1.3877787807814457e-17,randherm_16
rand_pure_19,C_random_pure,0.3,40,2.168404344971009e-18,8.700722434196173e-19,1.013091064545389e-18,2.168404344971009e-18,proj_rand1_03
rand_pure_19,C_random_pure,0.5,40,5.421010862427522e-20,1.5659521612363878e-20,1.9838141826005182e-20,5.421010862427522e-20,proj_Phi+
rand_pure_19,C_random_pure,0.75,40,2.6469779601696886e-23,5.7489052572435425e-24,8.506296857717577e-24,2.6469779601696886e-23,randherm_20
rand_pure_19,C_random_pure,1.0,40,0.0,0.0,0.0,0.0,
rand_pure_20,C_random_pure,0.0,40,2.220446049250313e-16,5.906733435701028e-17,8.057225667284018e-17,2.220446049250313e-16,randherm_21
rand_pure_20,C_random_pure,1e-06,40,2.220446049250313e-16,5.4817261840867107e-17,7.525181652030797e-17,2.220446049250313e-16,randherm_17
rand_pure_20,C_random_pure,0.0001,40,4.440892098500626e-16,7.37257477290143e-17,1.0576408586209268e-16,4.440892098500626e-16,proj_rand1_00
rand_pure_20,C_random_pure,0.001,40,2.220446049250313e-16,5.4383580971872905e-17,7.778257108350311e-17,2.220446049250313e-16,randherm_14
rand_pure_20,C_random_pure,0.005,40,2.220446049250313e-16,6.930220286527345e-17,9.218060045338849e-17,2.220446049250313e-16,randherm_17
rand_pure_20,C_random_pure,0.01,40,2.220446049250313e-16,5.2215176626901896e-17,7.613835520029035e-17,2.220446049250313e-16,proj_rand1_00
rand_pure_20,C_random_pure,0.02,40,1.1102230246251565e-16,3.3176586478056436e-17,4.274342452146332e-17,1.1102230246251565e-16,proj_Phi-
rand_pure_20,C_random_pure,0.05,40,1.1102230246251565e-16,2.3071822230491536e-17,3.219302799246106e-17,1.1102230246251565e-16,proj_rand1_00
rand_pure_20,C_random_pure,0.1,40,2.7755575615628914e-17,1.3769367590565906e-17,1.7052539122635495e-17,2.7755575615628914e-17,randherm_13
rand_pure_20,C_random_pure,0.15,40,1.3877787807814457e-17,7.24247051220317e-18,8.566706678212874e-18,1.3877787807814457e-17,randherm_02
rand_pure_20,C_random_pure,0.2,40,1.3877787807814457e-17,2.0708261494473136e-18,3.2359393809410175e-18,1.3877787807814457e-17,proj_rand1_02
rand_pure_20,C_random_pure,0.3,40,1.734723475976807e-18,3.9099040845258506e-19,5.456301966029519e-19,1.734723475976807e-18,randherm_00
rand_pure_20,C_random_pure,0.5,40,5.421010862427522e-20,2.0286439086740493e-20,2.5099917389108962e-20,5.421010862427522e-20,randherm_17
rand_pure_20,C_random_pure,0.75,40,3.970466940254533e-23,1.543725818177088e-23,1.9401860265690628e-23,3.970466940254533e-23,randherm_24
rand_pure_20,C_random_pure,1.0,40,0.0,0.0,0.0,0.0,
rand_pure_21,C_random_pure,0.0,40,1.6653345369377348e-16,4.050579316405845e-17,5.326759311137737e-17,1.6653345369377348e-16,randherm_20
rand_pure_21,C_random_pure,1e-06,40,1.6653345369377348e-16,4.072263359855555e-17,5.73620621229966e-17,1.6653345369377348e-16,randherm_00
rand_pure_21,C_random_pure,0.0001,40,1.1102230246251565e-16,3.040102891649354e-17,4.200485229862673e-17,1.1102230246251565e-16,randherm_07
rand_pure_21,C_random_pure,0.001,40,2.220446049250313e-16,5.885049392251318e-17,7.815742669406348e-17,2.220446049250313e-16,randherm_13
rand_pure_21,C_random_pure,0.005,40,1.1102230246251565e-16,3.183217578417441e-17,3.948544637321743e-17,1.1102230246251565e-16,randherm_17
rand_pure_21,C_random_pure,0.01,40,1.6653345369377348e-16,3.89011739487799e-17,5.423959090636613e-17,1.6653345369377348e-16,randherm_11
rand_pure_21,C_random_pure,0.02,40,1.6653345369377348e-16,3.8857805861880476e-17,5.2822258631480423e-17,1.6653345369377348e-16,randherm_14
rand_pure_21,C_random_pure,0.05,40,5.551115123125783e-17,1.502704211064909e-17,1.9601703637367243e-17,5.551115123125783e-17,randherm_17
rand_pure_21,C_random_pure,0.1,40,2.7755575615628914e-17,6.787105599759258e-18,1.0116018792251478e-17,2.7755575615628914e-17,randherm_11
rand_pure_21,C_random_pure,0.15,40,2.0816681711721685e-17,7.079840186330344e-18,9.027179536067966e-18,2.0816681711721685e-17,proj_Psi-
rand_pure_21,C_random_pure,0.2,40,6.938893903907228e-18,2.3174821436877657e-18,3.0391039778195184e-18,6.938893903907228e-18,randherm_17
rand_pure_21,C_random_pure,0.3,40,3.469446951953614e-18,1.2332799712022613e-18,1.4759069193784167e-18,3.469446951953614e-18,proj_Psi-
rand_pure_21,C_random_pure,0.5,40,6.776263578034403e-20,2.515687853345272e-20,2.9948933818918214e-20,6.776263578034403e-20,randherm_24
rand_pure_21,C_random_pure,0.75,40,2.6469779601696886e-23,4.988933069460448e-24,7.952409720231564e-24,2.6469779601696886e-23,randherm_20
rand_pure_21,C_random_pure,1.0,40,0.0,0.0,0.0,0.0,
rand_pure_22,C_random_pure,0.0,40,1.6653345369377348e-16,6.258014939586332e-17,7.758355599581773e-17,1.6653345369377348e-16,randherm_08
rand_pure_22,C_random_pure,1e-06,40,2.220446049250313e-16,5.121771062821523e-17,7.583589256751071e-17,2.220446049250313e-16,randherm_24
rand_pure_22,C_random_pure,0.0001,40,2.220446049250313e-16,5.117434254131581e-17,7.45608285569258e-17,2.220446049250313e-16,randherm_24
rand_pure_22,C_random_pure,0.001,40,1.6653345369377348e-16,4.5536491244391186e-17,6.483550747992147e-17,1.6653345369377348e-16,randherm_08
rand_pure_22,C_random_pure,0.005,40,1.1102230246251565e-16,3.5475095083725704e-17,5.05665198300997e-17,1.1102230246251565e-16,randherm_08
rand_pure_22,C_random_pure,0.01,40,1.6653345369377348e-16,6.422813669804128e-17,7.876532907946132e-17,1.6653345369377348e-16,randherm_20
rand_pure_22,C_random_pure,0.02,40,1.6653345369377348e-16,4.92227786308419e-17,6.2866077202509e-17,1.6653345369377348e-16,proj_rand1_01
rand_pure_22,C_random_pure,0.05,40,5.551115123125783e-17,1.8778381627448936e-17,2.5140027737465096e-17,5.551115123125783e-17,randherm_02
rand_pure_22,C_random_pure,0.1,40,2.7755575615628914e-17,1.22514845490862e-17,1.5547927908821218e-17,2.7755575615628914e-17,randherm_06
rand_pure_22,C_random_pure,0.15,40,2.7755575615628914e-17,6.6353172956112874e-18,9.230375428312729e-18,2.7755575615628914e-17,proj_rand1_04
rand_pure_22,C_random_pure,0.2,40,3.469446951953614e-18,1.7536970139953035e-18,2.250405193943997e-18,3.469446951953614e-18,randherm_07
rand_pure_22,C_random_pure,0.3,40,1.734723475976807e-18,8.117963766485214e-19,9.92467025947034e-19,1.734723475976807e-18,randherm_06
rand_pure_22,C_random_pure,0.5,40,2.710505431213761e-20,1.1339653581366945e-20,1.4800219315542915e-20,2.710505431213761e-20,randherm_20
rand_pure_22,C_random_pure,0.75,40,3.970466940254533e-23,1.4898944548757854e-23,1.7879725744608858e-23,3.970466940254533e-23,randherm_12
rand_pure_22,C_random_pure,1.0,40,0.0,0.0,0.0,0.0,
rand_pure_23,C_random_pure,0.0,40,2.220446049250313e-16,4.5102810375396984e-17,6.162054248366335e-17,2.220446049250313e-16,randherm_14
rand_pure_23,C_random_pure,1e-06,40,2.220446049250313e-16,3.495467804093266e-17,5.627834378209412e-17,2.220446049250313e-16,randherm_20
rand_pure_23,C_random_pure,0.0001,40,2.220446049250313e-16,5.2735593669694933e-17,7.304401275299889e-17,2.220446049250313e-16,randherm_14
rand_pure_23,C_random_pure,0.001,40,1.6653345369377348e-16,5.2562121322097256e-17,6.661428497319261e-17,1.6653345369377348e-16,randherm_20
rand_pure_23,C_random_pure,0.005,40,1.6653345369377348e-16,4.7444687067965676e-17,6.398519957452605e-17,1.6653345369377348e-16,randherm_24
rand_pure_23,C_random_pure,0.01,40,1.6653345369377348e-16,4.172009959724221e-17,5.620343437325586e-17,1.6653345369377348e-16,randherm_14
rand_pure_23,C_random_pure,0.02,40,1.1102230246251565e-16,3.0097452308197606e-17,4.165142953990373e-17,1.1102230246251565e-16,randherm_24
rand_pure_23,C_random_pure,0.05,40,1.1102230246251565e-16,1.8735013540549518e-17,2.935990656303581e-17,1.1102230246251565e-16,randherm_23
rand_pure_23,C_random_pure,0.1,40,2.7755575615628914e-17,8.142358315366138e-18,1.110447465669844e-17,2.7755575615628914e-17,randherm_12
rand_pure_23,C_random_pure,0.15,40,2.0816681711721685e-17,5.919743861770854e-18,8.12847996067033e-18,2.0816681711721685e-17,randherm_14
rand_pure_23,C_random_pure,0.2,40,1.0408340855860843e-17,3.4098158324669114e-18,4.191111079933034e-18,1.0408340855860843e-17,proj_rand1_05
rand_pure_23,C_random_pure,0.3,40,8.673617379884035e-19,4.0793106739767106e-19,5.320467398240423e-19,8.673617379884035e-19,randherm_00
rand_pure_23,C_random_pure,0.5,40,4.0657581468206416e-20,1.1498472258977127e-20,1.4454884654668586e-20,4.0657581468206416e-20,randherm_20
rand_pure_23,C_random_pure,0.75,40,3.970466940254533e-23,1.0241529959172174e-23,1.4477470064190978e-23,3.970466940254533e-23,randherm_24
rand_pure_23,C_random_pure,1.0,40,0.0,0.0,0.0,0.0,
rand_pure_24,C_random_pure,0.0,40,2.220446049250313e-16,7.216449660063518e-17,9.112170692397871e-17,2.220446049250313e-16,randherm_09
rand_pure_24,C_random_pure,1e-06,40,1.1102230246251565e-16,4.666406150377611e-17,5.800309363819703e-17,1.1102230246251565e-16,randherm_00
rand_pure_24,C_random_pure,0.0001,40,1.6653345369377348e-16,6.106226635438361e-17,7.336875489309004e-17,1.6653345369377348e-16,randherm_06
rand_pure_24,C_random_pure,0.001,40,2.220446049250313e-16,5.169475958410885e-17,7.057574879993473e-17,2.220446049250313e-16,proj_rand1_04
rand_pure_24,C_random_pure,0.005,40,1.1102230246251565e-16,3.8510861166685116e-17,5.492256162449552e-17,1.1102230246251565e-16,randherm_04
rand_pure_24,C_random_pure,0.01,40,1.6653345369377348e-16,4.1806835771041053e-17,5.676549601829349e-17,1.6653345369377348e-16,randherm_26
rand_pure_24,C_random_pure,0.02,40,1.1102230246251565e-16,4.718447854656915e-17,5.780560918727398e-17,1.1102230246251565e-16,randherm_03
rand_pure_24,C_random_pure,0.05,40,1.1102230246251565e-16,3.660266534311063e-17,4.564004388118311e-17,1.1102230246251565e-16,randherm_09
rand_pure_24,C_random_pure,0.1,40,2.7755575615628914e-17,1.2349062744609896e-17,1.503206333374985e-17,2.7755575615628914e-17,randherm_06
rand_pure_24,C_random_pure,0.15,40,2.0816681711721685e-17,5.128276275856436e-18,7.201257444424275e-18,2.0816681711721685e-17,proj_rand1_04
rand_pure_24,C_random_pure,0.2,40,1.3877787807814457e-17,2.8568727244993043e-18,4.026026776300491e-18,1.3877787807814457e-17,proj_rand1_01
rand_pure_24,C_random_pure,0.3,40,1.734723475976807e-18,4.3063155038408627e-19,5.934436388078253e-19,1.734723475976807e-18,randherm_04
rand_pure_24,C_random_pure,0.5,40,4.0657581468206416e-20,1.774534024497759e-20,2.164910828583791e-20,4.0657581468206416e-20,randherm_12
rand_pure_24,C_random_pure,0.75,40,2.6469779601696886e-23,6.348611201344487e-24,8.834292814633897e-24,2.6469779601696886e-23,randherm_20
rand_pure_24,C_random_pure,1.0,40,0.0,0.0,0.0,0.0,
rand_mixed_00,D_random_full_rank,0.0,40,4.163336342344337e-17,1.1666015375944027e-17,1.5396587049220544e-17,4.163336342344337e-17,randherm_17
rand_mixed_00,D_random_full_rank,1e-06,40,5.551115123125783e-17,1.7542391150815463e-17,2.2856668727630692e-17,5.551115123125783e-17,randherm_09
rand_mixed_00,D_random_full_rank,0.0001,40,5.551115123125783e-17,1.986258379993444e-17,2.5186368841747432e-17,5.551115123125783e-17,randherm_14
rand_mixed_00,D_random_full_rank,0.001,40,8.326672684688674e-17,1.9710795495786472e-17,2.6091950947896354e-17,8.326672684688674e-17,proj_Psi-
rand_mixed_00,D_random_full_rank,0.005,40,5.551115123125783e-17,1.407294419886185e-17,2.0319695857409552e-17,5.551115123125783e-17,randherm_14
rand_mixed_00,D_random_full_rank,0.01,40,5.551115123125783e-17,1.242495689668388e-17,1.7378107050494755e-17,5.551115123125783e-17,randherm_14
rand_mixed_00,D_random_full_rank,0.02,40,4.163336342344337e-17,1.1427490897997217e-17,1.542892452420852e-17,4.163336342344337e-17,proj_Phi-
rand_mixed_00,D_random_full_rank,0.05,40,2.0816681711721685e-17,7.719519468096792e-18,9.451855408463137e-18,2.0816681711721685e-17,randherm_04
rand_mixed_00,D_random_full_rank,0.1,40,2.0816681711721685e-17,7.106945240642481e-18,8.777686325259455e-18,2.0816681711721685e-17,randherm_00
rand_mixed_00,D_random_full_rank,0.15,40,6.938893903907228e-18,1.7509865085640895e-18,2.2699734550935827e-18,6.938893903907228e-18,randherm_17
rand_mixed_00,D_random_full_rank,0.2,40,6.938893903907228e-18,2.608861477543245e-18,3.1735030044206473e-18,6.938893903907228e-18,proj_Psi-
rand_mixed_00,D_random_full_rank,0.3,40,6.505213034913027e-19,1.841449627330849e-19,2.587543553598383e-19,6.505213034913027e-19,randherm_04
rand_mixed_00,D_random_full_rank,0.5,40,4.0657581468206416e-20,1.4087216704023084e-20,1.7612411341346727e-20,4.0657581468206416e-20,proj_rand1_02
rand_mixed_00,D_random_full_rank,0.75,40,1.9852334701272664e-23,3.4844983303796294e-24,5.976701916395043e-24,1.9852334701272664e-23,randherm_04
rand_mixed_00,D_random_full_rank,1.0,40,0.0,0.0,0.0,0.0,
rand_mixed_01,D_random_full_rank,0.0,40,8.326672684688674e-17,2.4069288229178198e-17,2.9947226282141045e-17,8.326672684688674e-17,randherm_09
rand_mixed_01,D_random_full_rank,1e-06,40,5.551115123125783e-17,1.8805486681761073e-17,2.4502225496903667e-17,5.551115123125783e-17,proj_Psi+
rand_mixed_01,D_random_full_rank,0.0001,40,5.551115123125783e-17,1.6078718217960032e-17,2.1308807002228677e-17,5.551115123125783e-17,proj_rand1_04
rand_mixed_01,D_random_full_rank,0.001,40,8.326672684688674e-17,2.6839424779878663e-17,3.2642102734028927e-17,8.326672684688674e-17,proj_rand1_01
rand_mixed_01,D_random_full_rank,0.005,40,8.326672684688674e-17,2.757126124630638e-17,3.352334883603869e-17,8.326672684688674e-17,randherm_04
rand_mixed_01,D_random_full_rank,0.01,40,5.551115123125783e-17,1.555830117516699e-17,2.0407553614814535e-17,5.551115123125783e-17,proj_rand1_01
rand_mixed_01,D_random_full_rank,0.02,40,8.326672684688674e-17,1.7076184216646695e-17,2.3850969291350357e-17,8.326672684688674e-17,randherm_24
rand_mixed_01,D_random_full_rank,0.05,40,4.163336342344337e-17,1.083117970313019e-17,1.4808947567832404e-17,4.163336342344337e-17,proj_rand1_04
rand_mixed_01,D_random_full_rank,0.1,40,2.7755575615628914e-17,8.847089727481716e-18,1.0829437676668073e-17,2.7755575615628914e-17,proj_rand1_04
rand_mixed_01,D_random_full_rank,0.15,40,1.0408340855860843e-17,4.073889663114283e-18,4.912913532622138e-18,1.0408340855860843e-17,randherm_08
rand_mixed_01,D_random_full_rank,0.2,40,3.469446951953614e-18,9.500321536404232e-19,1.3861525835260545e-18,3.469446951953614e-18,randherm_24
rand_mixed_01,D_random_full_rank,0.3,40,1.3010426069826053e-18,4.506215279392878e-19,5.539424511626636e-19,1.3010426069826053e-18,proj_rand1_05
rand_mixed_01,D_random_full_rank,0.5,40,4.0657581468206416e-20,1.1212598639278801e-20,1.5082925444683834e-20,4.0657581468206416e-20,randherm_12
rand_mixed_01,D_random_full_rank,0.75,40,2.6469779601696886e-23,6.779003613813485e-24,9.558912326052353e-24,2.6469779601696886e-23,randherm_12
rand_mixed_01,D_random_full_rank,1.0,40,0.0,0.0,0.0,0.0,
rand_mixed_02,D_random_full_rank,0.0,40,6.245004513516506e-17,2.426444462022559e-17,3.0151582495304465e-17,6.245004513516506e-17,randherm_12
rand_mixed_02,D_random_full_rank,1e-06,40,1.1102230246251565e-16,3.408731630294426e-17,4.179027703951326e-17,1.1102230246251565e-16,randherm_08
rand_mixed_02,D_random_full_rank,0.0001,40,5.551115123125783e-17,2.151057110211241e-17,2.8680703178984594e-17,5.551115123125783e-17,randherm_08
rand_mixed_02,D_random_full_rank,0.001,40,5.551115123125783e-17,1.3595895242968226e-17,1.8215112777188495e-17,5.551115123125783e-17,randherm_24
rand_mixed_02,D_random_full_rank,0.005,40,8.326672684688674e-17,2.224782857940255e-17,2.893337271874125e-17,8.326672684688674e-17,randherm_15
rand_mixed_02,D_random_full_rank,0.01,40,5.551115123125783e-17,1.5677563414140393e-17,1.9896926633209796e-17,5.551115123125783e-17,randherm_15
rand_mixed_02,D_random_full_rank,0.02,40,8.326672684688674e-17,1.5222198501696483e-17,2.2027402302591515e-17,8.326672684688674e-17,randherm_08
rand_mixed_02,D_random_full_rank,0.05,40,2.0816681711721685e-17,8.359198749863239e-18,1.003317667675684e-17,2.0816681711721685e-17,proj_rand1_02
rand_mixed_02,D_random_full_rank,0.1,40,1.734723475976807e-17,7.470152968425126e-18,9.194392406991101e-18,1.734723475976807e-17,proj_rand1_01
rand_mixed_02,D_random_full_rank,0.15,40,6.938893903907228e-18,2.4448758989548126e-18,3.150722106548627e-18,6.938893903907228e-18,randherm_15
rand_mixed_02,D_random_full_rank,0.2,40,3.469446951953614e-18,1.1038533368618042e-18,1.5005101996672567e-18,3.469446951953614e-18,randherm_24
rand_mixed_02,D_random_full_rank,0.3,40,8.673617379884035e-19,2.8163845496205486e-19,3.456629272315444e-19,8.673617379884035e-19,proj_rand1_02
rand_mixed_02,D_random_full_rank,0.5,40,2.710505431213761e-20,5.4845383334715944e-21,8.152004561587298e-21,2.710505431213761e-20,randherm_20
rand_mixed_02,D_random_full_rank,0.75,40,2.6469779601696886e-23,6.514047323855093e-24,9.079225742472727e-24,2.6469779601696886e-23,proj_rand1_04
rand_mixed_02,D_random_full_rank,1.0,40,0.0,0.0,0.0,0.0,
rand_mixed_03,D_random_full_rank,0.0,40,5.551115123125783e-17,1.2511693070482722e-17,1.8651806993279702e-17,5.551115123125783e-17,randherm_14
rand_mixed_03,D_random_full_rank,1e-06,40,4.163336342344337e-17,1.1080546202801856e-17,1.527455789053181e-17,4.163336342344337e-17,proj_rand1_02
rand_mixed_03,D_random_full_rank,0.0001,40,5.551115123125783e-17,1.5590827240341555e-17,2.054796250010576e-17,5.551115123125783e-17,randherm_08
rand_mixed_03,D_random_full_rank,0.001,40,4.163336342344337e-17,1.5677563414140393e-17,1.8422506044765215e-17,4.163336342344337e-17,randherm_21
rand_mixed_03,D_random_full_rank,0.005,40,5.551115123125783e-17,1.5265566588595904e-17,1.973986502905677e-17,5.551115123125783e-17,proj_Phi-
rand_mixed_03,D_random_full_rank,0.01,40,4.163336342344337e-17,1.2988742026376343e-17,1.6377411242111075e-17,4.163336342344337e-17,randherm_20
rand_mixed_03,D_random_full_rank,0.02,40,3.122502256758253e-17,1.196959198423997e-17,1.4870891070527527e-17,3.122502256758253e-17,randherm_21
rand_mixed_03,D_random_full_rank,0.05,40,2.7755575615628914e-17,9.432558900623889e-18,1.2428570378480993e-17,2.7755575615628914e-17,randherm_08
rand_mixed_03,D_random_full_rank,0.1,40,1.3877787807814457e-17,4.082021179407924e-18,5.666240129398783e-18,1.3877787807814457e-17,proj_Phi-
rand_mixed_03,D_random_full_rank,0.15,40,1.0408340855860843e-17,3.325790164099285e-18,4.224112051629218e-18,1.0408340855860843e-17,proj_Phi+
rand_mixed_03,D_random_full_rank,0.2,40,2.6020852139652106e-18,9.391901319155682e-19,1.1887042012566944e-18,2.6020852139652106e-18,randherm_10
rand_mixed_03,D_random_full_rank,0.3,40,1.3010426069826053e-18,3.7303330997079385e-19,4.881403180503859e-19,1.3010426069826053e-18,randherm_14
rand_mixed_03,D_random_full_rank,0.5,40,2.710505431213761e-20,5.791587776851279e-21,9.131912840766473e-21,2.710505431213761e-20,randherm_12
rand_mixed_03,D_random_full_rank,0.75,40,1.3234889800848443e-23,5.418033012222331e-24,7.265546925745157e-24,1.3234889800848443e-23,randherm_12
rand_mixed_03,D_random_full_rank,1.0,40,0.0,0.0,0.0,0.0,
rand_mixed_04,D_random_full_rank,0.0,40,5.551115123125783e-17,1.431146867680866e-17,2.096792061977412e-17,5.551115123125783e-17,randherm_04
rand_mixed_04,D_random_full_rank,1e-06,40,8.326672684688674e-17,2.7929047963226597e-17,3.6005438392215945e-17,8.326672684688674e-17,randherm_12
rand_mixed_04,D_random_full_rank,0.0001,40,1.3877787807814457e-16,3.517151847542976e-17,4.6812630736656473e-17,1.3877787807814457e-16,randherm_09
rand_mixed_04,D_random_full_rank,0.001,40,8.326672684688674e-17,2.246466901389965e-17,2.9331706689932573e-17,8.326672684688674e-17,randherm_02
rand_mixed_04,D_random_full_rank,0.005,40,1.1102230246251565e-16,3.7253186646601935e-17,4.673864659731722e-17,1.1102230246251565e-16,randherm_04
rand_mixed_04,D_random_full_rank,0.01,40,5.551115123125783e-17,2.0773313624822264e-17,2.599915905364726e-17,5.551115123125783e-17,randherm_04
rand_mixed_04,D_random_full_rank,0.02,40,8.326672684688674e-17,2.0469737016526325e-17,2.754880702880063e-17,8.326672684688674e-17,proj_rand1_01
rand_mixed_04,D_random_full_rank,0.05,40,5.551115123125783e-17,1.8474805019152996e-17,2.3725157932088687e-17,5.551115123125783e-17,proj_rand1_03
rand_mixed_04,D_random_full_rank,0.1,40,2.7755575615628914e-17,5.876375774871434e-18,8.086723794278218e-18,2.7755575615628914e-17,proj_rand1_04
rand_mixed_04,D_random_full_rank,0.15,40,1.0408340855860843e-17,2.6630715861675203e-18,3.785257469521696e-18,1.0408340855860843e-17,randherm_09
rand_mixed_04,D_random_full_rank,0.2,40,3.469446951953614e-18,1.4907779871675686e-18,1.8493514575973506e-18,3.469446951953614e-18,randherm_04
rand_mixed_04,D_random_full_rank,0.3,40,6.505213034913027e-19,2.1074179727686993e-19,2.889899655802554e-19,6.505213034913027e-19,randherm_03
rand_mixed_04,D_random_full_rank,0.5,40,2.710505431213761e-20,4.171637265227429e-21,7.168571495334317e-21,2.710505431213761e-20,proj_rand1_05
rand_mixed_04,D_random_full_rank,0.75,40,2.6469779601696886e-23,4.122978365693997e-24,7.104418066376164e-24,2.6469779601696886e-23,randherm_12
rand_mixed_04,D_random_full_rank,1.0,40,0.0,0.0,0.0,0.0,
rand_mixed_05,D_random_full_rank,0.0,40,1.1102230246251565e-16,3.456436525883788e-17,4.303810137938376e-17,1.1102230246251565e-16,proj_Phi+
rand_mixed_05,D_random_full_rank,1e-06,40,1.1102230246251565e-16,1.8474805019152996e-17,3.026831500226077e-17,1.1102230246251565e-16,proj_Phi+
rand_mixed_05,D_random_full_rank,0.0001,40,1.1102230246251565e-16,3.480288973678469e-17,4.3384780399995957e-17,1.1102230246251565e-16,proj_Phi+
rand_mixed_05,D_random_full_rank,0.001,40,8.326672684688674e-17,1.9710795495786472e-17,2.7371069829673572e-17,8.326672684688674e-17,randherm_20
rand_mixed_05,D_random_full_rank,0.005,40,1.1102230246251565e-16,2.66496893996937e-17,3.436575429608584e-17,1.1102230246251565e-16,proj_Phi+
rand_mixed_05,D_random_full_rank,0.01,40,1.6653345369377348e-16,3.447762908503904e-17,4.8817134402419057e-17,1.6653345369377348e-16,proj_Phi+
rand_mixed_05,D_random_full_rank,0.02,40,8.326672684688674e-17,1.8518173106052417e-17,2.723709211317076e-17,8.326672684688674e-17,proj_rand1_04
rand_mixed_05,D_random_full_rank,0.05,40,5.551115123125783e-17,1.9081958235744878e-17,2.4161902126951447e-17,5.551115123125783e-17,randherm_11
rand_mixed_05,D_random_full_rank,0.1,40,2.0816681711721685e-17,6.982261990806649e-18,8.815570459225147e-18,2.0816681711721685e-17,randherm_03
rand_mixed_05,D_random_full_rank,0.15,40,1.3877787807814457e-17,3.371868756429919e-18,4.4781618578416996e-18,1.3877787807814457e-17,proj_Phi+
rand_mixed_05,D_random_full_rank,0.2,40,6.938893903907228e-18,2.019326546254252e-18,2.56849531251322e-18,6.938893903907228e-18,proj_Phi+
rand_mixed_05,D_random_full_rank,0.3,40,8.673617379884035e-19,2.83247817561838e-19,3.9213435805466026e-19,8.673617379884035e-19,randherm_17
rand_mixed_05,D_random_full_rank,0.5,40,1.3552527156068805e-20,4.669269121739331e-21,6.95683015758361e-21,1.3552527156068805e-20,randherm_06
rand_mixed_05,D_random_full_rank,0.75,40,2.6469779601696886e-23,8.204597700760343e-24,1.099369597016786e-23,2.6469779601696886e-23,proj_Phi-
rand_mixed_05,D_random_full_rank,1.0,40,0.0,0.0,0.0,0.0,
rand_mixed_06,D_random_full_rank,0.0,40,8.326672684688674e-17,2.177077962350893e-17,3.019116644801955e-17,8.326672684688674e-17,randherm_07
rand_mixed_06,D_random_full_rank,1e-06,40,1.249000902703301e-16,4.367166350771612e-17,5.2411189786349515e-17,1.249000902703301e-16,proj_rand1_03
rand_mixed_06,D_random_full_rank,0.0001,40,8.326672684688674e-17,1.9819215713035022e-17,2.6808353961739985e-17,8.326672684688674e-17,randherm_12
rand_mixed_06,D_random_full_rank,0.001,40,1.1102230246251565e-16,3.447762908503904e-17,4.2954114273846485e-17,1.1102230246251565e-16,randherm_04
rand_mixed_06,D_random_full_rank,0.005,40,8.326672684688674e-17,3.859759734048396e-17,4.5473253836831265e-17,8.326672684688674e-17,randherm_05
rand_mixed_06,D_random_full_rank,0.01,40,4.163336342344337e-17,1.5742615544489523e-17,1.9849133244965748e-17,4.163336342344337e-17,randherm_04
rand_mixed_06,D_random_full_rank,0.02,40,1.1102230246251565e-16,3.3957212042246e-17,4.220140491842688e-17,1.1102230246251565e-16,randherm_09
rand_mixed_06,D_random_full_rank,0.05,40,5.551115123125783e-17,1.1861171766991419e-17,1.7458011779157518e-17,5.551115123125783e-17,proj_rand1_04
rand_mixed_06,D_random_full_rank,0.1,40,1.3877787807814457e-17,4.672911363412524e-18,6.463518332009595e-18,1.3877787807814457e-17,randherm_09
rand_mixed_06,D_random_full_rank,0.15,40,8.673617379884035e-18,2.2768245622195593e-18,3.3156029872241993e-18,8.673617379884035e-18,randherm_05
rand_mixed_06,D_random_full_rank,0.2,40,3.469446951953614e-18,1.5178830414797062e-18,1.8653319485909126e-18,3.469446951953614e-18,randherm_20
rand_mixed_06,D_random_full_rank,0.3,40,2.6020852139652106e-18,9.75781955236954e-19,1.156785797638146e-18,2.6020852139652106e-18,proj_rand1_04
rand_mixed_06,D_random_full_rank,0.5,40,4.0657581468206416e-20,1.451602713357057e-20,1.8527393607805447e-20,4.0657581468206416e-20,randherm_12
rand_mixed_06,D_random_full_rank,0.75,40,2.6469779601696886e-23,4.301339185275744e-24,7.18505288278192e-24,2.6469779601696886e-23,proj_rand1_03
rand_mixed_06,D_random_full_rank,1.0,40,0.0,0.0,0.0,0.0,
rand_mixed_07,D_random_full_rank,0.0,40,5.551115123125783e-17,1.7564075194265172e-17,2.437425381135576e-17,5.551115123125783e-17,randherm_08
rand_mixed_07,D_random_full_rank,1e-06,40,8.326672684688674e-17,2.8796409701215e-17,3.5245209804025386e-17,8.326672684688674e-17,randherm_00
rand_mixed_07,D_random_full_rank,0.0001,40,5.551115123125783e-17,1.916869440954372e-17,2.5700851846078172e-17,5.551115123125783e-17,randherm_08
rand_mixed_07,D_random_full_rank,0.001,40,8.326672684688674e-17,2.6107588313450948e-17,3.224206538263936e-17,8.326672684688674e-17,randherm_20
rand_mixed_07,D_random_full_rank,0.005,40,5.551115123125783e-17,1.509209424099822e-17,2.2614700488862422e-17,5.551115123125783e-17,randherm_10
rand_mixed_07,D_random_full_rank,0.01,40,5.551115123125783e-17,1.3877787807814457e-17,1.9317063097816575e-17,5.551115123125783e-17,randherm_13
rand_mixed_07,D_random_full_rank,0.02,40,5.551115123125783e-17,1.3400738851920834e-17,1.957433867693175e-17,5.551115123125783e-17,randherm_12
rand_mixed_07,D_random_full_rank,0.05,40,5.551115123125783e-17,2.1228678537266178e-17,2.5180767597282426e-17,5.551115123125783e-17,proj_rand1_04
rand_mixed_07,D_random_full_rank,0.1,40,2.0816681711721685e-17,1.0007186052041206e-17,1.1622525922496107e-17,2.0816681711721685e-17,randherm_13
rand_mixed_07,D_random_full_rank,0.15,40,1.0408340855860843e-17,2.8406096919120215e-18,3.6725498201297324e-18,1.0408340855860843e-17,randherm_24
rand_mixed_07,D_random_full_rank,0.2,40,5.204170427930421e-18,1.7550522667109103e-18,2.197900703649079e-18,5.204170427930421e-18,randherm_12
rand_mixed_07,D_random_full_rank,0.3,40,6.505213034913027e-19,1.5890338090490674e-19,2.416856787881531e-19,6.505213034913027e-19,randherm_00
rand_mixed_07,D_random_full_rank,0.5,40,4.0657581468206416e-20,1.7560051787765713e-20,2.0984295706864125e-20,4.0657581468206416e-20,randherm_14
rand_mixed_07,D_random_full_rank,0.75,40,3.3087224502121107e-23,1.1377610831725472e-23,1.4489854771624112e-23,3.3087224502121107e-23,randherm_14
rand_mixed_07,D_random_full_rank,1.0,40,0.0,0.0,0.0,0.0,
rand_mixed_08,D_random_full_rank,0.0,40,1.1102230246251565e-16,2.185751579730777e-17,3.1636714715244085e-17,1.1102230246251565e-16,proj_rand1_05
rand_mixed_08,D_random_full_rank,1e-06,40,1.1102230246251565e-16,2.7755575615628914e-17,4.013926717195329e-17,1.1102230246251565e-16,randherm_23
rand_mixed_08,D_random_full_rank,0.0001,40,1.1102230246251565e-16,2.489328188026718e-17,3.8301657272580447e-17,1.1102230246251565e-16,randherm_17
rand_mixed_08,D_random_full_rank,0.001,40,1.6653345369377348e-16,3.833738881908744e-17,5.0043089241283134e-17,1.6653345369377348e-16,randherm_17
rand_mixed_08,D_random_full_rank,0.005,40,8.326672684688674e-17,2.0903417885520527e-17,3.0051299272832236e-17,8.326672684688674e-17,randherm_29
rand_mixed_08,D_random_full_rank,0.01,40,1.1102230246251565e-16,3.109491830688427e-17,4.0308531301219255e-17,1.1102230246251565e-16,proj_rand1_05
rand_mixed_08,D_random_full_rank,0.02,40,1.1102230246251565e-16,1.726049858596923e-17,2.6351243289790745e-17,1.1102230246251565e-16,proj_rand1_05
rand_mixed_08,D_random_full_rank,0.05,40,5.551115123125783e-17,1.728218262941894e-17,2.2276595232286665e-17,5.551115123125783e-17,randherm_00
rand_mixed_08,D_random_full_rank,0.1,40,2.7755575615628914e-17,9.410874857174178e-18,1.1347200060440906e-17,2.7755575615628914e-17,randherm_24
rand_mixed_08,D_random_full_rank,0.15,40,6.938893903907228e-18,2.5478751053409354e-18,3.256218519144106e-18,6.938893903907228e-18,randherm_04
rand_mixed_08,D_random_full_rank,0.2,40,6.938893903907228e-18,2.790465341434567e-18,3.2643871755949335e-18,6.938893903907228e-18,randherm_12
rand_mixed_08,D_random_full_rank,0.3,40,2.168404344971009e-18,6.803368632346541e-19,8.3598332863898255e-19,2.168404344971009e-18,proj_rand1_00
rand_mixed_08,D_random_full_rank,0.5,40,2.710505431213761e-20,7.030373462210693e-21,9.28892416600125e-21,2.710505431213761e-20,proj_Psi-
rand_mixed_08,D_random_full_rank,0.75,40,3.970466940254533e-23,8.923210857915786e-24,1.2968710855483885e-23,3.970466940254533e-23,randherm_24
rand_mixed_08,D_random_full_rank,1.0,40,0.0,0.0,0.0,0.0,
rand_mixed_09,D_random_full_rank,0.0,40,2.7755575615628914e-17,9.367506770274759e-18,1.2247933992087688e-17,2.7755575615628914e-17,randherm_14
rand_mixed_09,D_random_full_rank,1e-06,40,5.551115123125783e-17,1.4625887306829455e-17,1.9928685891669277e-17,5.551115123125783e-17,randherm_17
rand_mixed_09,D_random_full_rank,0.0001,40,8.326672684688674e-17,2.1532255145562117e-17,2.821026549789093e-17,8.326672684688674e-17,randherm_24
rand_mixed_09,D_random_full_rank,0.001,40,4.163336342344337e-17,1.4539151133030614e-17,1.800180503760919e-17,4.163336342344337e-17,proj_rand1_04
rand_mixed_09,D_random_full_rank,0.005,40,3.469446951953614e-17,1.3758525568841052e-17,1.749419924439777e-17,3.469446951953614e-17,randherm_11
rand_mixed_09,D_random_full_rank,0.01,40,5.551115123125783e-17,1.7054500173196986e-17,2.2544002207774042e-17,5.551115123125783e-17,randherm_24
rand_mixed_09,D_random_full_rank,0.02,40,5.551115123125783e-17,1.6609977282477927e-17,2.1490626525550005e-17,5.551115123125783e-17,randherm_20
rand_mixed_09,D_random_full_rank,0.05,40,1.3877787807814457e-17,5.724587470723463e-18,7.352137935880424e-18,1.3877787807814457e-17,randherm_04
rand_mixed_09,D_random_full_rank,0.1,40,1.3877787807814457e-17,4.185020385794047e-18,5.282190256997358e-18,1.3877787807814457e-17,proj_Psi+
rand_mixed_09,D_random_full_rank,0.15,40,4.7704895589362195e-18,1.3552527156068805e-18,1.9599784535772926e-18,4.7704895589362195e-18,randherm_07
rand_mixed_09,D_random_full_rank,0.2,40,6.938893903907228e-18,2.1324901480074265e-18,2.572614513644906e-18,6.938893903907228e-18,proj_Phi-
rand_mixed_09,D_random_full_rank,0.3,40,1.3010426069826053e-18,5.44811591673966e-19,6.656760744247454e-19,1.3010426069826053e-18,randherm_06
rand_mixed_09,D_random_full_rank,0.5,40,2.710505431213761e-20,7.40095037663445e-21,9.606684954845818e-21,2.710505431213761e-20,randherm_06
rand_mixed_09,D_random_full_rank,0.75,40,2.6469779601696886e-23,6.917297872474695e-24,9.49570377906084e-24,2.6469779601696886e-23,proj_rand1_03
rand_mixed_09,D_random_full_rank,1.0,40,0.0,0.0,0.0,0.0,
rand_mixed_10,D_random_full_rank,0.0,40,1.1102230246251565e-16,3.493299399748295e-17,4.3266703913359474e-17,1.1102230246251565e-16,proj_Phi-
rand_mixed_10,D_random_full_rank,1e-06,40,8.326672684688674e-17,3.43908929112402e-17,4.113435037092503e-17,8.326672684688674e-17,randherm_02
rand_mixed_10,D_random_full_rank,0.0001,40,8.326672684688674e-17,2.656295322589486e-17,3.204810659094962e-17,8.326672684688674e-17,proj_rand1_02
rand_mixed_10,D_random_full_rank,0.001,40,8.326672684688674e-17,1.8171228410857054e-17,2.5295159320304497e-17,8.326672684688674e-17,randherm_02
rand_mixed_10,D_random_full_rank,0.005,40,5.551115123125783e-17,1.702197410802242e-17,2.1675801947016054e-17,5.551115123125783e-17,proj_rand1_02
rand_mixed_10,D_random_full_rank,0.01,40,8.326672684688674e-17,3.220080452281948e-17,4.059702343142043e-17,8.326672684688674e-17,randherm_17
rand_mixed_10,D_random_full_rank,0.02,40,6.938893903907228e-17,1.9927635930283573e-17,2.5874797747992842e-17,6.938893903907228e-17,proj_Phi-
rand_mixed_10,D_random_full_rank,0.05,40,4.163336342344337e-17,1.0234868508263162e-17,1.4171148679428905e-17,4.163336342344337e-17,proj_rand1_02
rand_mixed_10,D_random_full_rank,0.1,40,2.0816681711721685e-17,7.521652571618187e-18,9.421726236220387e-18,2.0816681711721685e-17,randherm_02
rand_mixed_10,D_random_full_rank,0.15,40,1.0408340855860843e-17,4.9927510042957476e-18,6.02903176831091e-18,1.0408340855860843e-17,randherm_17
rand_mixed_10,D_random_full_rank,0.2,40,5.204170427930421e-18,1.4040418133687282e-18,1.9476448008051984e-18,5.204170427930421e-18,randherm_12
rand_mixed_10,D_random_full_rank,0.3,40,1.734723475976807e-18,4.973777466277252e-19,6.485418817652409e-19,1.734723475976807e-18,proj_rand1_03
rand_mixed_10,D_random_full_rank,0.5,40,4.0657581468206416e-20,1.5744224907089306e-20,2.0130736389227428e-20,4.0657581468206416e-20,randherm_24
rand_mixed_10,D_random_full_rank,0.75,40,3.970466940254533e-23,1.4692795630473153e-23,1.8459406918527204e-23,3.970466940254533e-23,randherm_24
rand_mixed_10,D_random_full_rank,1.0,40,0.0,0.0,0.0,0.0,
rand_mixed_11,D_random_full_rank,0.0,40,6.938893903907228e-17,2.2377932840100812e-17,2.894702038354471e-17,6.938893903907228e-17,proj_rand1_03
rand_mixed_11,D_random_full_rank,1e-06,40,5.551115123125783e-17,2.5630539357557325e-17,3.168780015127596e-17,5.551115123125783e-17,randherm_00
rand_mixed_11,D_random_full_rank,0.0001,40,1.1102230246251565e-16,3.972516759986888e-17,4.686804219870706e-17,1.1102230246251565e-16,randherm_00
rand_mixed_11,D_random_full_rank,0.001,40,5.551115123125783e-17,1.3357370765021415e-17,1.7707779902363448e-17,5.551115123125783e-17,randherm_17
rand_mixed_11,D_random_full_rank,0.005,40,5.551115123125783e-17,2.0404684886177192e-17,2.5225542728391937e-17,5.551115123125783e-17,randherm_14
rand_mixed_11,D_random_full_rank,0.01,40,5.551115123125783e-17,2.018784445168009e-17,2.5243430543477222e-17,5.551115123125783e-17,randherm_11
rand_mixed_11,D_random_full_rank,0.02,40,5.551115123125783e-17,1.5655879370690685e-17,2.142401050689328e-17,5.551115123125783e-17,randherm_00
rand_mixed_11,D_random_full_rank,0.05,40,6.938893903907228e-17,2.216109240560371e-17,2.6974113355114682e-17,6.938893903907228e-17,randherm_14
rand_mixed_11,D_random_full_rank,0.1,40,2.0816681711721685e-17,6.066111155056398e-18,7.886928081481596e-18,2.0816681711721685e-17,proj_rand1_00
rand_mixed_11,D_random_full_rank,0.15,40,1.0408340855860843e-17,3.0926866970149012e-18,4.086773496301302e-18,1.0408340855860843e-17,randherm_14
rand_mixed_11,D_random_full_rank,0.2,40,5.204170427930421e-18,9.066640667410032e-19,1.376685961107383e-18,5.204170427930421e-18,randherm_20
rand_mixed_11,D_random_full_rank,0.3,40,1.3010426069826053e-18,2.981555974335137e-19,4.0143857395377813e-19,1.3010426069826053e-18,proj_rand1_02
rand_mixed_11,D_random_full_rank,0.5,40,4.0657581468206416e-20,1.6196858138278324e-20,1.9465012770613618e-20,4.0657581468206416e-20,randherm_12
rand_mixed_11,D_random_full_rank,0.75,40,2.6469779601696886e-23,1.1112008306913524e-23,1.385195266011903e-23,2.6469779601696886e-23,randherm_17
rand_mixed_11,D_random_full_rank,1.0,40,0.0,0.0,0.0,0.0,
rand_mixed_12,D_random_full_rank,0.0,40,1.1102230246251565e-16,2.914335439641036e-17,3.8665270196011717e-17,1.1102230246251565e-16,randherm_06
rand_mixed_12,D_random_full_rank,1e-06,40,5.551115123125783e-17,1.986258379993444e-17,2.5251997297727983e-17,5.551115123125783e-17,randherm_11
rand_mixed_12,D_random_full_rank,0.0001,40,5.551115123125783e-17,1.9255430583342558e-17,2.6282635032888458e-17,5.551115123125783e-17,randherm_11
rand_mixed_12,D_random_full_rank,0.001,40,5.551115123125783e-17,1.7867651802561114e-17,2.469164227061627e-17,5.551115123125783e-17,randherm_11
rand_mixed_12,D_random_full_rank,0.005,40,1.1102230246251565e-16,3.0010716134398764e-17,3.729453755863125e-17,1.1102230246251565e-16,randherm_06
rand_mixed_12,D_random_full_rank,0.01,40,1.1102230246251565e-16,2.211772431870429e-17,3.32189354558981e-17,1.1102230246251565e-16,randherm_11
rand_mixed_12,D_random_full_rank,0.02,40,4.163336342344337e-17,1.2620113287731272e-17,1.666824648262526e-17,4.163336342344337e-17,proj_rand1_00
rand_mixed_12,D_random_full_rank,0.05,40,2.7755575615628914e-17,9.75781955236954e-18,1.3088255833251056e-17,2.7755575615628914e-17,randherm_11
rand_mixed_12,D_random_full_rank,0.1,40,2.0816681711721685e-17,4.824699667560495e-18,7.11322562813767e-18,2.0816681711721685e-17,randherm_16
rand_mixed_12,D_random_full_rank,0.15,40,1.3877787807814457e-17,5.193328406205566e-18,6.287250911921035e-18,1.3877787807814457e-17,randherm_20
rand_mixed_12,D_random_full_rank,0.2,40,5.204170427930421e-18,1.6696713456276769e-18,2.1580798451303655e-18,5.204170427930421e-18,randherm_20
rand_mixed_12,D_random_full_rank,0.3,40,8.673617379884035e-19,3.211948935988307e-19,4.2826843559470973e-19,8.673617379884035e-19,randherm_06
rand_mixed_12,D_random_full_rank,0.5,40,2.710505431213761e-20,7.750351467376848e-21,9.750081426316171e-21,2.710505431213761e-20,randherm_20
rand_mixed_12,D_random_full_rank,0.75,40,2.6469779601696886e-23,9.502237286702906e-24,1.1718006798178626e-23,2.6469779601696886e-23,randherm_20
rand_mixed_12,D_random_full_rank,1.0,40,0.0,0.0,0.0,0.0,
rand_mixed_13,D_random_full_rank,0.0,40,1.1102230246251565e-16,1.196959198423997e-17,2.1569247835542194e-17,1.1102230246251565e-16,proj_rand1_02
rand_mixed_13,D_random_full_rank,1e-06,40,1.1102230246251565e-16,2.233456475320139e-17,3.1298421114996334e-17,1.1102230246251565e-16,proj_rand1_02
rand_mixed_13,D_random_full_rank,0.0001,40,8.326672684688674e-17,1.7997756063259374e-17,2.6344104933086615e-17,8.326672684688674e-17,proj_Phi-
rand_mixed_13,D_random_full_rank,0.001,40,1.6653345369377348e-16,3.0487765090292383e-17,4.2489217784605965e-17,1.6653345369377348e-16,proj_rand1_02
rand_mixed_13,D_random_full_rank,0.005,40,5.551115123125783e-17,1.968911145233676e-17,2.4891921868265437e-17,5.551115123125783e-17,randherm_14
rand_mixed_13,D_random_full_rank,0.01,40,8.326672684688674e-17,1.747733902046633e-17,2.48450315657638e-17,8.326672684688674e-17,proj_rand1_02
rand_mixed_13,D_random_full_rank,0.02,40,8.326672684688674e-17,3.50414142147315e-17,4.147585616786898e-17,8.326672684688674e-17,randherm_17
rand_mixed_13,D_random_full_rank,0.05,40,2.7755575615628914e-17,7.025630077706068e-18,9.714838672814893e-18,2.7755575615628914e-17,proj_rand1_03
rand_mixed_13,D_random_full_rank,0.1,40,1.3877787807814457e-17,4.065758146820642e-18,6.028398074946763e-18,1.3877787807814457e-17,randherm_05
rand_mixed_13,D_random_full_rank,0.15,40,6.938893903907228e-18,1.8350121769317163e-18,2.647818381591122e-18,6.938893903907228e-18,randherm_14
rand_mixed_13,D_random_full_rank,0.2,40,3.469446951953614e-18,8.11118750290718e-19,1.1626220081139913e-18,3.469446951953614e-18,proj_rand1_03
rand_mixed_13,D_random_full_rank,0.3,40,4.336808689942018e-19,1.7719929256559962e-19,2.393565839457165e-19,4.336808689942018e-19,randherm_04
rand_mixed_13,D_random_full_rank,0.5,40,2.710505431213761e-20,9.054649857250462e-21,1.2873759701020654e-20,2.710505431213761e-20,randherm_20
rand_mixed_13,D_random_full_rank,0.75,40,3.970466940254533e-23,1.0600190302896338e-23,1.436555340339214e-23,3.970466940254533e-23,proj_Psi+
rand_mixed_13,D_random_full_rank,1.0,40,0.0,0.0,0.0,0.0,
rand_mixed_14,D_random_full_rank,0.0,40,5.551115123125783e-17,1.7423128911842055e-17,2.3626753041751022e-17,5.551115123125783e-17,randherm_06
rand_mixed_14,D_random_full_rank,1e-06,40,2.7755575615628914e-17,1.2956215961201778e-17,1.6444598699736304e-17,2.7755575615628914e-17,randherm_00
rand_mixed_14,D_random_full_rank,0.0001,40,5.551115123125783e-17,1.4517467089580905e-17,1.9266489200232147e-17,5.551115123125783e-17,randherm_21
rand_mixed_14,D_random_full_rank,0.001,40,8.326672684688674e-17,2.465475740232037e-17,3.240063411227567e-17,8.326672684688674e-17,randherm_06
rand_mixed_14,D_random_full_rank,0.005,40,5.551115123125783e-17,1.8810907692623502e-17,2.334647559197494e-17,5.551115123125783e-17,randherm_12
rand_mixed_14,D_random_full_rank,0.01,40,5.551115123125783e-17,1.710871028182126e-17,2.3056573145545096e-17,5.551115123125783e-17,randherm_06
rand_mixed_14,D_random_full_rank,0.02,40,4.163336342344337e-17,9.56266316132215e-18,1.4297663081266082e-17,4.163336342344337e-17,proj_rand1_03
rand_mixed_14,D_random_full_rank,0.05,40,2.7755575615628914e-17,8.500145032286355e-18,1.1470838489563157e-17,2.7755575615628914e-17,randherm_28
rand_mixed_14,D_random_full_rank,0.1,40,1.3877787807814457e-17,4.83554168928535e-18,6.194960820347942e-18,1.3877787807814457e-17,randherm_28
rand_mixed_14,D_random_full_rank,0.15,40,1.3877787807814457e-17,4.5482281135766914e-18,5.939508478193096e-18,1.3877787807814457e-17,proj_rand1_00
rand_mixed_14,D_random_full_rank,0.2,40,6.071532165918825e-18,1.4609624274242172e-18,1.912203471136526e-18,6.071532165918825e-18,randherm_09
rand_mixed_14,D_random_full_rank,0.3,40,8.673617379884035e-19,3.3966021184897444e-19,4.552229618815479e-19,8.673617379884035e-19,randherm_06
rand_mixed_14,D_random_full_rank,0.5,40,2.710505431213761e-20,4.7539724164647605e-21,7.589398663768249e-21,2.710505431213761e-20,randherm_12
rand_mixed_14,D_random_full_rank,0.75,40,2.6469779601696886e-23,9.005928919171088e-24,1.1411832716365073e-23,2.6469779601696886e-23,randherm_20
rand_mixed_14,D_random_full_rank,1.0,40,0.0,0.0,0.0,0.0,
rand_mixed_15,D_random_full_rank,0.0,40,5.551115123125783e-17,1.4831885719601702e-17,1.989267247658833e-17,5.551115123125783e-17,randherm_22
rand_mixed_15,D_random_full_rank,1e-06,40,5.551115123125783e-17,2.671474153004283e-17,3.3232521007058065e-17,5.551115123125783e-17,randherm_09
rand_mixed_15,D_random_full_rank,0.0001,40,8.326672684688674e-17,2.1423834928313567e-17,2.9870507730002664e-17,8.326672684688674e-17,randherm_04
rand_mixed_15,D_random_full_rank,0.001,40,5.551115123125783e-17,1.93421667571414e-17,2.4587831270880842e-17,5.551115123125783e-17,randherm_16
rand_mixed_15,D_random_full_rank,0.005,40,2.7755575615628914e-17,1.3660947373317356e-17,1.7358073395477067e-17,2.7755575615628914e-17,randherm_04
rand_mixed_15,D_random_full_rank,0.01,40,8.326672684688674e-17,1.6870185803874448e-17,2.4644370903475157e-17,8.326672684688674e-17,randherm_09
rand_mixed_15,D_random_full_rank,0.02,40,6.938893903907228e-17,3.0661237437890067e-17,3.588928645079777e-17,6.938893903907228e-17,proj_rand1_04
rand_mixed_15,D_random_full_rank,0.05,40,4.163336342344337e-17,1.1449174941446926e-17,1.520730273925569e-17,4.163336342344337e-17,randherm_24
rand_mixed_15,D_random_full_rank,0.1,40,2.0816681711721685e-17,5.572799166575493e-18,7.736829023092892e-18,2.0816681711721685e-17,randherm_21
rand_mixed_15,D_random_full_rank,0.15,40,6.938893903907228e-18,2.415060339211461e-18,3.133184832930325e-18,6.938893903907228e-18,randherm_17
rand_mixed_15,D_random_full_rank,0.2,40,5.204170427930421e-18,1.5802246663976226e-18,2.005700760856807e-18,5.204170427930421e-18,randherm_09
rand_mixed_15,D_random_full_rank,0.3,40,1.734723475976807e-18,6.115577879176048e-19,7.345951042575524e-19,1.734723475976807e-18,randherm_20
rand_mixed_15,D_random_full_rank,0.5,40,2.710505431213761e-20,1.1530235994499164e-20,1.4682803685328682e-20,2.710505431213761e-20,randherm_14
rand_mixed_15,D_random_full_rank,0.75,40,2.6469779601696886e-23,7.909914607538327e-24,1.0162251324112502e-23,2.6469779601696886e-23,randherm_12
rand_mixed_15,D_random_full_rank,1.0,40,0.0,0.0,0.0,0.0,
rand_mixed_16,D_random_full_rank,0.0,40,8.326672684688674e-17,2.268150944839675e-17,3.108859693200855e-17,8.326672684688674e-17,randherm_26
rand_mixed_16,D_random_full_rank,1e-06,40,1.1102230246251565e-16,2.7148422399037032e-17,3.466409856559592e-17,1.1102230246251565e-16,proj_Psi+
rand_mixed_16,D_random_full_rank,0.0001,40,1.1102230246251565e-16,2.7321894746634712e-17,3.848975739608031e-17,1.1102230246251565e-16,randherm_20
rand_mixed_16,D_random_full_rank,0.001,40,5.551115123125783e-17,2.6150956400350366e-17,3.2413112022620225e-17,5.551115123125783e-17,randherm_03
rand_mixed_16,D_random_full_rank,0.005,40,1.1102230246251565e-16,1.7499023063916042e-17,2.6415757694181763e-17,1.1102230246251565e-16,proj_Psi+
rand_mixed_16,D_random_full_rank,0.01,40,1.1102230246251565e-16,2.2963402013242985e-17,3.354038606950933e-17,1.1102230246251565e-16,proj_rand1_02
rand_mixed_16,D_random_full_rank,0.02,40,8.326672684688674e-17,1.940721888749053e-17,2.5032441442686698e-17,8.326672684688674e-17,proj_Psi+
rand_mixed_16,D_random_full_rank,0.05,40,2.7755575615628914e-17,1.102633609417758e-17,1.4450914241399437e-17,2.7755575615628914e-17,randherm_03
rand_mixed_16,D_random_full_rank,0.1,40,1.3877787807814457e-17,3.4043948216044838e-18,5.238390986323518e-18,1.3877787807814457e-17,randherm_04
rand_mixed_16,D_random_full_rank,0.15,40,6.938893903907228e-18,2.2714035513571317e-18,3.152214102420836e-18,6.938893903907228e-18,randherm_18
rand_mixed_16,D_random_full_rank,0.2,40,1.0408340855860843e-17,3.030345072096985e-18,3.718750232302353e-18,1.0408340855860843e-17,proj_Psi+
rand_mixed_16,D_random_full_rank,0.3,40,8.673617379884035e-19,2.8223137802513286e-19,3.7563366205912056e-19,8.673617379884035e-19,randherm_04
rand_mixed_16,D_random_full_rank,0.5,40,4.0657581468206416e-20,1.624185676360121e-20,1.9933863618891694e-20,4.0657581468206416e-20,randherm_17
rand_mixed_16,D_random_full_rank,0.75,40,3.970466940254533e-23,1.5974925579930347e-23,1.9005025869136697e-23,3.970466940254533e-23,randherm_24
rand_mixed_16,D_random_full_rank,1.0,40,0.0,0.0,0.0,0.0,
rand_mixed_17,D_random_full_rank,0.0,40,5.637851296924623e-17,1.8409752888803867e-17,2.619410908195898e-17,5.637851296924623e-17,randherm_29
rand_mixed_17,D_random_full_rank,1e-06,40,5.551115123125783e-17,2.222614453595284e-17,2.669058246680901e-17,5.551115123125783e-17,randherm_15
rand_mixed_17,D_random_full_rank,0.0001,40,8.326672684688674e-17,2.268150944839675e-17,3.068181044133012e-17,8.326672684688674e-17,randherm_06
rand_mixed_17,D_random_full_rank,0.001,40,8.326672684688674e-17,2.2594773274597913e-17,3.15163976762895e-17,8.326672684688674e-17,randherm_17
rand_mixed_17,D_random_full_rank,0.005,40,5.551115123125783e-17,2.4763177619568922e-17,3.1081336351099444e-17,5.551115123125783e-17,randherm_06
rand_mixed_17,D_random_full_rank,0.01,40,4.163336342344337e-17,1.3487475025719676e-17,1.8788945245514697e-17,4.163336342344337e-17,randherm_09
rand_mixed_17,D_random_full_rank,0.02,40,5.551115123125783e-17,1.895185397504662e-17,2.3274565789250212e-17,5.551115123125783e-17,randherm_01
rand_mixed_17,D_random_full_rank,0.05,40,2.7755575615628914e-17,1.1080546202801856e-17,1.4638255163191177e-17,2.7755575615628914e-17,randherm_01
rand_mixed_17,D_random_full_rank,0.1,40,2.7755575615628914e-17,4.672911363412524e-18,7.070793854241087e-18,2.7755575615628914e-17,randherm_24
rand_mixed_17,D_random_full_rank,0.15,40,1.734723475976807e-17,6.792526610621685e-18,8.522201503458777e-18,1.734723475976807e-17,randherm_20
rand_mixed_17,D_random_full_rank,0.2,40,3.469446951953614e-18,1.1926223897340549e-18,1.4770638155225946e-18,3.469446951953614e-18,proj_Phi+
rand_mixed_17,D_random_full_rank,0.3,40,8.673617379884035e-19,2.2768245622195594e-19,3.158640261663896e-19,8.673617379884035e-19,proj_Phi+
rand_mixed_17,D_random_full_rank,0.5,40,2.710505431213761e-20,7.922405034787878e-21,9.954059075330627e-21,2.710505431213761e-20,proj_Psi-
rand_mixed_17,D_random_full_rank,0.75,40,3.970466940254533e-23,1.2062619776495948e-23,1.5720191680357597e-23,3.970466940254533e-23,proj_Phi+
rand_mixed_17,D_random_full_rank,1.0,40,0.0,0.0,0.0,0.0,
rand_mixed_18,D_random_full_rank,0.0,40,5.551115123125783e-17,1.3400738851920834e-17,2.1014735822077887e-17,5.551115123125783e-17,randherm_00
rand_mixed_18,D_random_full_rank,1e-06,40,8.326672684688674e-17,2.5543803183758484e-17,3.455867851112719e-17,8.326672684688674e-17,randherm_17
rand_mixed_18,D_random_full_rank,0.0001,40,5.551115123125783e-17,1.5157146371347353e-17,2.1665387146680514e-17,5.551115123125783e-17,randherm_24
rand_mixed_18,D_random_full_rank,0.001,40,8.326672684688674e-17,2.574980159653073e-17,3.282802331700255e-17,8.326672684688674e-17,randherm_24
rand_mixed_18,D_random_full_rank,0.005,40,4.163336342344337e-17,9.84455572616838e-18,1.497047263617198e-17,4.163336342344337e-17,randherm_07
rand_mixed_18,D_random_full_rank,0.01,40,5.551115123125783e-17,1.689186984732416e-17,2.192255720359718e-17,5.551115123125783e-17,randherm_04
rand_mixed_18,D_random_full_rank,0.02,40,5.551115123125783e-17,1.8323016715005025e-17,2.386624274230126e-17,5.551115123125783e-17,randherm_04
rand_mixed_18,D_random_full_rank,0.05,40,4.163336342344337e-17,1.1991276027689678e-17,1.5140991059860176e-17,4.163336342344337e-17,randherm_24
rand_mixed_18,D_random_full_rank,0.1,40,1.3877787807814457e-17,4.1470733097570545e-18,5.4814971587485555e-18,1.3877787807814457e-17,randherm_00
rand_mixed_18,D_random_full_rank,0.15,40,1.3877787807814457e-17,2.4286128663675298e-18,3.6271383726573e-18,1.3877787807814457e-17,randherm_24
rand_mixed_18,D_random_full_rank,0.2,40,5.204170427930421e-18,2.0355895788415344e-18,2.4222275241070444e-18,5.204170427930421e-18,randherm_17
rand_mixed_18,D_random_full_rank,0.3,40,8.673617379884035e-19,2.053207864144424e-19,3.036794448787319e-19,8.673617379884035e-19,randherm_24
rand_mixed_18,D_random_full_rank,0.5,40,2.710505431213761e-20,6.569799297141167e-21,9.200950217468507e-21,2.710505431213761e-20,proj_Psi-
rand_mixed_18,D_random_full_rank,0.75,40,2.6469779601696886e-23,7.677270060257788e-24,1.0898369437619788e-23,2.6469779601696886e-23,randherm_12
rand_mixed_18,D_random_full_rank,1.0,40,0.0,0.0,0.0,0.0,
rand_mixed_19,D_random_full_rank,0.0,40,8.326672684688674e-17,3.426078865054194e-17,4.166045966023528e-17,8.326672684688674e-17,randherm_10
rand_mixed_19,D_random_full_rank,1e-06,40,5.551115123125783e-17,1.8518173106052417e-17,2.5593785886558832e-17,5.551115123125783e-17,randherm_08
rand_mixed_19,D_random_full_rank,0.0001,40,1.1102230246251565e-16,3.183217578417441e-17,4.0614392827079006e-17,1.1102230246251565e-16,randherm_20
rand_mixed_19,D_random_full_rank,0.001,40,1.1102230246251565e-16,1.8778381627448936e-17,2.9397037791337405e-17,1.1102230246251565e-16,proj_rand1_04
rand_mixed_19,D_random_full_rank,0.005,40,5.551115123125783e-17,1.7433970933566913e-17,2.381377942821966e-17,5.551115123125783e-17,proj_Phi+
rand_mixed_19,D_random_full_rank,0.01,40,5.551115123125783e-17,1.6588293239028218e-17,2.230022282582561e-17,5.551115123125783e-17,proj_Phi+
rand_mixed_19,D_random_full_rank,0.02,40,5.551115123125783e-17,1.984089975648473e-17,2.6614369876837037e-17,5.551115123125783e-17,randherm_10
rand_mixed_19,D_random_full_rank,0.05,40,5.551115123125783e-17,1.940721888749053e-17,2.3656486436905095e-17,5.551115123125783e-17,proj_rand1_04
rand_mixed_19,D_random_full_rank,0.1,40,4.163336342344337e-17,5.144539308443719e-18,9.268565296335975e-18,4.163336342344337e-17,proj_rand1_04
rand_mixed_19,D_random_full_rank,0.15,40,1.0408340855860843e-17,2.130457268934016e-18,3.2787033775975863e-18,1.0408340855860843e-17,randherm_17
rand_mixed_19,D_random_full_rank,0.2,40,5.204170427930421e-18,1.588356182691264e-18,2.0541268150424893e-18,5.204170427930421e-18,randherm_24
rand_mixed_19,D_random_full_rank,0.3,40,1.3010426069826053e-18,3.601584091725285e-19,4.830245022399842e-19,1.3010426069826053e-18,randherm_17
rand_mixed_19,D_random_full_rank,0.5,40,2.710505431213761e-20,6.178046559036053e-21,8.577711681283335e-21,2.710505431213761e-20,randherm_14
rand_mixed_19,D_random_full_rank,0.75,40,5.293955920339377e-23,1.5527731061268868e-23,1.907163324731161e-23,5.293955920339377e-23,randherm_20
rand_mixed_19,D_random_full_rank,1.0,40,0.0,0.0,0.0,0.0,
rand_mixed_20,D_random_full_rank,0.0,40,1.1102230246251565e-16,3.887948990533019e-17,5.177375866186163e-17,1.1102230246251565e-16,randherm_07
rand_mixed_20,D_random_full_rank,1e-06,40,1.1102230246251565e-16,2.7549577202856667e-17,4.0483882639607116e-17,1.1102230246251565e-16,randherm_16
rand_mixed_20,D_random_full_rank,0.0001,40,1.1102230246251565e-16,2.6378638856572324e-17,3.625537048523559e-17,1.1102230246251565e-16,randherm_16
rand_mixed_20,D_random_full_rank,0.001,40,1.1102230246251565e-16,3.496552006265752e-17,4.47600363023766e-17,1.1102230246251565e-16,randherm_16
rand_mixed_20,D_random_full_rank,0.005,40,5.551115123125783e-17,1.83772268236293e-17,2.5217060217206683e-17,5.551115123125783e-17,randherm_00
rand_mixed_20,D_random_full_rank,0.01,40,1.1102230246251565e-16,2.518601646683827e-17,3.266404442980922e-17,1.1102230246251565e-16,proj_rand1_00
rand_mixed_20,D_random_full_rank,0.02,40,5.551115123125783e-17,2.0578157233774875e-17,2.6710305789261743e-17,5.551115123125783e-17,randherm_11
rand_mixed_20,D_random_full_rank,0.05,40,5.551115123125783e-17,1.3617579286417935e-17,1.7980766564586783e-17,5.551115123125783e-17,proj_rand1_00
rand_mixed_20,D_random_full_rank,0.1,40,2.7755575615628914e-17,8.890457814381136e-18,1.2220646721154735e-17,2.7755575615628914e-17,randherm_13
rand_mixed_20,D_random_full_rank,0.15,40,6.938893903907228e-18,2.244298497044994e-18,2.9991470074826518e-18,6.938893903907228e-18,randherm_20
rand_mixed_20,D_random_full_rank,0.2,40,3.469446951953614e-18,9.269928574751064e-19,1.393948407190611e-18,3.469446951953614e-18,randherm_00
rand_mixed_20,D_random_full_rank,0.3,40,1.734723475976807e-18,6.444226662710717e-19,7.556551779820991e-19,1.734723475976807e-18,randherm_21
rand_mixed_20,D_random_full_rank,0.5,40,2.710505431213761e-20,9.698527246061738e-21,1.2179320598439301e-20,2.710505431213761e-20,randherm_14
rand_mixed_20,D_random_full_rank,0.75,40,1.3234889800848443e-23,3.32423208669748e-24,5.707789730206938e-24,1.3234889800848443e-23,randherm_17
rand_mixed_20,D_random_full_rank,1.0,40,0.0,0.0,0.0,0.0,
rand_mixed_21,D_random_full_rank,0.0,40,8.326672684688674e-17,2.3245294578089216e-17,3.131884579842212e-17,8.326672684688674e-17,randherm_23
rand_mixed_21,D_random_full_rank,1e-06,40,1.1102230246251565e-16,2.94469310047063e-17,3.875564038571271e-17,1.1102230246251565e-16,randherm_04
rand_mixed_21,D_random_full_rank,0.0001,40,1.1102230246251565e-16,2.6628005356243988e-17,3.669873010853261e-17,1.1102230246251565e-16,randherm_04
rand_mixed_21,D_random_full_rank,0.001,40,5.551115123125783e-17,2.4980018054066023e-17,3.045168592323047e-17,5.551115123125783e-17,randherm_00
rand_mixed_21,D_random_full_rank,0.005,40,1.3877787807814457e-16,3.935653886122381e-17,5.1984028904346705e-17,1.3877787807814457e-16,randherm_17
rand_mixed_21,D_random_full_rank,0.01,40,8.326672684688674e-17,2.3418766925686896e-17,3.062904718570676e-17,8.326672684688674e-17,proj_Psi+
rand_mixed_21,D_random_full_rank,0.02,40,5.551115123125783e-17,2.0513105103425743e-17,2.5617290688561508e-17,5.551115123125783e-17,randherm_00
rand_mixed_21,D_random_full_rank,0.05,40,5.551115123125783e-17,1.531977669722018e-17,2.08569615097718e-17,5.551115123125783e-17,randherm_04
rand_mixed_21,D_random_full_rank,0.1,40,2.0816681711721685e-17,4.298861613905025e-18,6.329456767399109e-18,2.0816681711721685e-17,proj_rand1_05
rand_mixed_21,D_random_full_rank,0.15,40,6.938893903907228e-18,2.3174821436877657e-18,3.173630329990099e-18,6.938893903907228e-18,randherm_04
rand_mixed_21,D_random_full_rank,0.2,40,5.204170427930421e-18,1.8756697583999227e-18,2.280435705745242e-18,5.204170427930421e-18,proj_rand1_00
rand_mixed_21,D_random_full_rank,0.3,40,1.3010426069826053e-18,3.157738827364032e-19,4.3205788158573006e-19,1.3010426069826053e-18,randherm_24
rand_mixed_21,D_random_full_rank,0.5,40,2.710505431213761e-20,7.014491594449675e-21,1.0244864810134334e-20,2.710505431213761e-20,randherm_17
rand_mixed_21,D_random_full_rank,0.75,40,2.6469779601696886e-23,6.355073549880058e-24,9.223247121214422e-24,2.6469779601696886e-23,randherm_12
rand_mixed_21,D_random_full_rank,1.0,40,0.0,0.0,0.0,0.0,
rand_mixed_22,D_random_full_rank,0.0,40,8.326672684688674e-17,1.6132928326584307e-17,2.368389951639684e-17,8.326672684688674e-17,randherm_12
rand_mixed_22,D_random_full_rank,1e-06,40,5.551115123125783e-17,1.1752751549742869e-17,1.7087246379526545e-17,5.551115123125783e-17,proj_Psi-
rand_mixed_22,D_random_full_rank,0.0001,40,5.551115123125783e-17,2.8449465006019634e-17,3.2555542116828596e-17,5.551115123125783e-17,randherm_06
rand_mixed_22,D_random_full_rank,0.001,40,6.938893903907228e-17,2.3548871186385155e-17,3.0405946868077074e-17,6.938893903907228e-17,randherm_05
rand_mixed_22,D_random_full_rank,0.005,40,5.551115123125783e-17,1.5048726154098803e-17,1.978079249150827e-17,5.551115123125783e-17,randherm_28
rand_mixed_22,D_random_full_rank,0.01,40,8.326672684688674e-17,1.6046192152785466e-17,2.2370535509613327e-17,8.326672684688674e-17,randherm_10
rand_mixed_22,D_random_full_rank,0.02,40,2.7755575615628914e-17,1.1362438767648086e-17,1.4952873619515604e-17,2.7755575615628914e-17,randherm_02
rand_mixed_22,D_random_full_rank,0.05,40,2.0816681711721685e-17,8.023096076392733e-18,1.0118807238702817e-17,2.0816681711721685e-17,randherm_26
rand_mixed_22,D_random_full_rank,0.1,40,1.3877787807814457e-17,4.5428071027142634e-18,5.779926422574029e-18,1.3877787807814457e-17,proj_rand1_05
rand_mixed_22,D_random_full_rank,0.15,40,6.938893903907228e-18,1.9461428996114804e-18,2.6612691452959587e-18,6.938893903907228e-18,proj_rand1_02
rand_mixed_22,D_random_full_rank,0.2,40,3.469446951953614e-18,1.0923336887791456e-18,1.4224344102111923e-18,3.469446951953614e-18,randherm_12
rand_mixed_22,D_random_full_rank,0.3,40,8.673617379884035e-19,2.544486973551918e-19,3.464056163731172e-19,8.673617379884035e-19,randherm_06
rand_mixed_22,D_random_full_rank,0.5,40,5.421010862427522e-20,2.2202851129903346e-20,2.722662538224984e-20,5.421010862427522e-20,randherm_17
rand_mixed_22,D_random_full_rank,0.75,40,2.6469779601696886e-23,5.275215109586222e-24,8.02492036887609e-24,2.6469779601696886e-23,proj_rand1_01
rand_mixed_22,D_random_full_rank,1.0,40,0.0,0.0,0.0,0.0,
rand_mixed_23,D_random_full_rank,0.0,40,4.163336342344337e-17,1.5699247457590105e-17,1.9402554440509694e-17,4.163336342344337e-17,randherm_27
rand_mixed_23,D_random_full_rank,1e-06,40,2.7755575615628914e-17,1.1709383462843448e-17,1.4912569304649136e-17,2.7755575615628914e-17,randherm_07
rand_mixed_23,D_random_full_rank,0.0001,40,4.163336342344337e-17,1.4224732503009817e-17,1.8127652819961886e-17,4.163336342344337e-17,proj_Phi+
rand_mixed_23,D_random_full_rank,0.001,40,2.7755575615628914e-17,1.0581813203458523e-17,1.3592972597620081e-17,2.7755575615628914e-17,randherm_20
rand_mixed_23,D_random_full_rank,0.005,40,5.551115123125783e-17,1.3617579286417935e-17,1.8627085562253505e-17,5.551115123125783e-17,proj_rand1_05
rand_mixed_23,D_random_full_rank,0.01,40,4.163336342344337e-17,1.1188966420050406e-17,1.5718164672709888e-17,4.163336342344337e-17,randherm_07
rand_mixed_23,D_random_full_rank,0.02,40,2.7755575615628914e-17,1.2793585635328952e-17,1.5629367551365535e-17,2.7755575615628914e-17,randherm_00
rand_mixed_23,D_random_full_rank,0.05,40,2.0816681711721685e-17,7.589415207398531e-18,9.32968411521466e-18,2.0816681711721685e-17,randherm_27
rand_mixed_23,D_random_full_rank,0.1,40,2.0816681711721685e-17,6.440160904563896e-18,8.490763719238152e-18,2.0816681711721685e-17,proj_Phi-
rand_mixed_23,D_random_full_rank,0.15,40,1.3877787807814457e-17,3.699839913606784e-18,4.901175464380065e-18,1.3877787807814457e-17,proj_rand1_02
rand_mixed_23,D_random_full_rank,0.2,40,5.204170427930421e-18,1.7713152992981927e-18,2.2170708370190434e-18,5.204170427930421e-18,proj_Phi-
rand_mixed_23,D_random_full_rank,0.3,40,1.0842021724855044e-18,2.476724337771574e-19,3.305886147507464e-19,1.0842021724855044e-18,randherm_04
rand_mixed_23,D_random_full_rank,0.5,40,2.710505431213761e-20,9.846758011831241e-21,1.2900926329764686e-20,2.710505431213761e-20,randherm_09
rand_mixed_23,D_random_full_rank,0.75,40,2.6469779601696886e-23,6.674313567537242e-24,9.444506933813371e-24,2.6469779601696886e-23,randherm_12
rand_mixed_23,D_random_full_rank,1.0,40,0.0,0.0,0.0,0.0,
rand_mixed_24,D_random_full_rank,0.0,40,1.1102230246251565e-16,2.0773313624822264e-17,3.6388900346186295e-17,1.1102230246251565e-16,randherm_04
rand_mixed_24,D_random_full_rank,1e-06,40,1.1102230246251565e-16,2.5630539357557325e-17,3.7020193917529593e-17,1.1102230246251565e-16,randherm_07
rand_mixed_24,D_random_full_rank,0.0001,40,1.6653345369377348e-16,3.326332265185528e-17,4.653862524197144e-17,1.6653345369377348e-16,randherm_09
rand_mixed_24,D_random_full_rank,0.001,40,1.1102230246251565e-16,2.417770844642675e-17,3.4881801796982046e-17,1.1102230246251565e-16,randherm_04
rand_mixed_24,D_random_full_rank,0.005,40,8.326672684688674e-17,2.0599841277224584e-17,2.989190810071923e-17,8.326672684688674e-17,randherm_25
rand_mixed_24,D_random_full_rank,0.01,40,2.220446049250313e-16,4.8138576458356397e-17,6.473796501990862e-17,2.220446049250313e-16,randherm_07
rand_mixed_24,D_random_full_rank,0.02,40,9.71445146547012e-17,3.462941738918701e-17,4.313871366503387e-17,9.71445146547012e-17,randherm_05
rand_mixed_24,D_random_full_rank,0.05,40,6.938893903907228e-17,2.2854981795994435e-17,2.825123806745314e-17,6.938893903907228e-17,randherm_05
rand_mixed_24,D_random_full_rank,0.1,40,5.551115123125783e-17,1.9488534050426942e-17,2.524252248337469e-17,5.551115123125783e-17,randherm_04
rand_mixed_24,D_random_full_rank,0.15,40,2.7755575615628914e-17,1.1367859778510513e-17,1.3885282025901352e-17,2.7755575615628914e-17,randherm_04
rand_mixed_24,D_random_full_rank,0.2,40,6.938893903907228e-18,1.5151725360484924e-18,2.1736158054132933e-18,6.938893903907228e-18,randherm_09
rand_mixed_24,D_random_full_rank,0.3,40,3.0357660829594124e-18,1.223793202193013e-18,1.4464426270928812e-18,3.0357660829594124e-18,randherm_24
rand_mixed_24,D_random_full_rank,0.5,40,5.421010862427522e-20,1.9767631406547233e-20,2.3982122830659698e-20,5.421010862427522e-20,proj_Phi-
rand_mixed_24,D_random_full_rank,0.75,40,3.970466940254533e-23,1.0484514264109626e-23,1.5525344962074704e-23,3.970466940254533e-23,randherm_14
rand_mixed_24,D_random_full_rank,1.0,40,0.0,0.0,0.0,0.0,
rand_rank2_00,E_rank_deficient,0.0,40,5.724587470723463e-17,2.467644144577008e-17,3.171390506502097e-17,5.724587470723463e-17,randherm_04
rand_rank2_00,E_rank_deficient,1e-06,40,1.1102230246251565e-16,2.931682674400804e-17,4.079551820787427e-17,1.1102230246251565e-16,proj_rand1_03
rand_rank2_00,E_rank_deficient,0.0001,40,2.220446049250313e-16,5.2366964931049864e-17,6.958395690617664e-17,2.220446049250313e-16,proj_rand1_01
rand_rank2_00,E_rank_deficient,0.001,40,8.326672684688674e-17,3.0119136351647314e-17,3.7387466487573235e-17,8.326672684688674e-17,proj_rand1_02
rand_rank2_00,E_rank_deficient,0.005,40,1.1102230246251565e-16,2.92300905702092e-17,4.247283652684739e-17,1.1102230246251565e-16,randherm_14
rand_rank2_00,E_rank_deficient,0.01,40,1.1102230246251565e-16,3.52582546492286e-17,4.812802630814933e-17,1.1102230246251565e-16,randherm_17
rand_rank2_00,E_rank_deficient,0.02,40,1.1102230246251565e-16,2.198762005800603e-17,3.115446971939275e-17,1.1102230246251565e-16,proj_rand1_03
rand_rank2_00,E_rank_deficient,0.05,40,5.551115123125783e-17,1.656660919557851e-17,2.106100045858898e-17,5.551115123125783e-17,randherm_17
rand_rank2_00,E_rank_deficient,0.1,40,2.7755575615628914e-17,6.1853733940298025e-18,8.764820723168784e-18,2.7755575615628914e-17,proj_rand1_04
rand_rank2_00,E_rank_deficient,0.15,40,2.0816681711721685e-17,5.9631119486702744e-18,7.871486977175455e-18,2.0816681711721685e-17,randherm_17
rand_rank2_00,E_rank_deficient,0.2,40,6.938893903907228e-18,1.7862230791698687e-18,2.6593359863196277e-18,6.938893903907228e-18,randherm_20
rand_rank2_00,E_rank_deficient,0.3,40,1.3010426069826053e-18,4.614635496641428e-19,5.880766203750693e-19,1.3010426069826053e-18,randherm_20
rand_rank2_00,E_rank_deficient,0.5,40,4.0657581468206416e-20,1.1670525826388156e-20,1.5074608039507258e-20,4.0657581468206416e-20,randherm_12
rand_rank2_00,E_rank_deficient,0.75,40,2.6469779601696886e-23,4.538507376531182e-24,7.475688806657297e-24,2.6469779601696886e-23,randherm_24
rand_rank2_00,E_rank_deficient,1.0,40,0.0,0.0,0.0,0.0,
rand_rank3_01,E_rank_deficient,0.0,40,1.1102230246251565e-16,3.859759734048396e-17,5.2733881743741206e-17,1.1102230246251565e-16,randherm_12
rand_rank3_01,E_rank_deficient,1e-06,40,2.220446049250313e-16,3.135512682828079e-17,5.0683175659827475e-17,2.220446049250313e-16,proj_rand1_01
rand_rank3_01,E_rank_deficient,0.0001,40,2.220446049250313e-16,5.5207574622961885e-17,7.354542208613993e-17,2.220446049250313e-16,proj_rand1_01
rand_rank3_01,E_rank_deficient,0.001,40,1.1102230246251565e-16,2.649790109554573e-17,3.759290263244629e-17,1.1102230246251565e-16,randherm_12
rand_rank3_01,E_rank_deficient,0.005,40,2.220446049250313e-16,5.117434254131581e-17,6.867949670536884e-17,2.220446049250313e-16,proj_Phi+
rand_rank3_01,E_rank_deficient,0.01,40,2.220446049250313e-16,3.449931312848875e-17,5.389398765436283e-17,2.220446049250313e-16,proj_rand1_04
rand_rank3_01,E_rank_deficient,0.02,40,1.1102230246251565e-16,2.456802122852153e-17,3.6150623777055166e-17,1.1102230246251565e-16,proj_Phi+
rand_rank3_01,E_rank_deficient,0.05,40,8.326672684688674e-17,2.0686577451023426e-17,2.921927872107097e-17,8.326672684688674e-17,randherm_20
rand_rank3_01,E_rank_deficient,0.1,40,5.551115123125783e-17,8.716985466783456e-18,1.4358373906003984e-17,5.551115123125783e-17,proj_rand1_04
rand_rank3_01,E_rank_deficient,0.15,40,1.3877787807814457e-17,3.4287893704854078e-18,4.8269832609235625e-18,1.3877787807814457e-17,proj_rand1_01
rand_rank3_01,E_rank_deficient,0.2,40,6.938893903907228e-18,2.0044187663825764e-18,2.548581468948065e-18,6.938893903907228e-18,randherm_20
rand_rank3_01,E_rank_deficient,0.3,40,1.734723475976807e-18,4.106415728288848e-19,6.006690414075923e-19,1.734723475976807e-18,proj_rand1_04
rand_rank3_01,E_rank_deficient,0.5,40,4.0657581468206416e-20,1.3997219453377312e-20,1.7530205827164345e-20,4.0657581468206416e-20,randherm_24
rand_rank3_01,E_rank_deficient,0.75,40,2.6469779601696886e-23,9.374282785698608e-24,1.2013248334747514e-23,2.6469779601696886e-23,randherm_06
rand_rank3_01,E_rank_deficient,1.0,40,0.0,0.0,0.0,0.0,
rand_rank2_02,E_rank_deficient,0.0,40,6.938893903907228e-17,2.3505503099485737e-17,2.9032658803892323e-17,6.938893903907228e-17,randherm_05
rand_rank2_02,E_rank_deficient,1e-06,40,5.551115123125783e-17,1.8388068845354155e-17,2.5054596210051255e-17,5.551115123125783e-17,randherm_00
rand_rank2_02,E_rank_deficient,0.0001,40,1.1102230246251565e-16,2.6367796834847467e-17,3.641886579672414e-17,1.1102230246251565e-16,randherm_02
rand_rank2_02,E_rank_deficient,0.001,40,8.326672684688674e-17,2.779894370252833e-17,3.357597507463643e-17,8.326672684688674e-17,randherm_26
rand_rank2_02,E_rank_deficient,0.005,40,8.326672684688674e-17,2.4199392489876458e-17,3.316453759933037e-17,8.326672684688674e-17,randherm_12
rand_rank2_02,E_rank_deficient,0.01,40,5.551115123125783e-17,2.5543803183758484e-17,3.0147527662250836e-17,5.551115123125783e-17,randherm_02
rand_rank2_02,E_rank_deficient,0.02,40,8.326672684688674e-17,1.5439038936193584e-17,2.1997497551478284e-17,8.326672684688674e-17,randherm_26
rand_rank2_02,E_rank_deficient,0.05,40,4.163336342344337e-17,1.3400738851920834e-17,1.7526288249429016e-17,4.163336342344337e-17,randherm_06
rand_rank2_02,E_rank_deficient,0.1,40,2.7755575615628914e-17,8.218252467440123e-18,1.0655672214113307e-17,2.7755575615628914e-17,randherm_02
rand_rank2_02,E_rank_deficient,0.15,40,1.3877787807814457e-17,4.7271214720367995e-18,5.892915586701715e-18,1.3877787807814457e-17,randherm_08
rand_rank2_02,E_rank_deficient,0.2,40,3.469446951953614e-18,1.1207939958068902e-18,1.5328381526120015e-18,3.469446951953614e-18,randherm_26
rand_rank2_02,E_rank_deficient,0.3,40,8.673617379884035e-19,2.961227183601034e-19,4.112695184715106e-19,8.673617379884035e-19,randherm_12
rand_rank2_02,E_rank_deficient,0.5,40,1.3552527156068805e-20,3.991642763935891e-21,6.283548800702995e-21,1.3552527156068805e-20,randherm_06
rand_rank2_02,E_rank_deficient,0.75,40,1.3234889800848443e-23,4.671631756363935e-24,6.866380798943448e-24,1.3234889800848443e-23,randherm_14
rand_rank2_02,E_rank_deficient,1.0,40,0.0,0.0,0.0,0.0,
rand_rank3_03,E_rank_deficient,0.0,40,1.1102230246251565e-16,2.443791696782327e-17,3.3366099468346293e-17,1.1102230246251565e-16,proj_Psi-
rand_rank3_03,E_rank_deficient,1e-06,40,5.551115123125783e-17,1.3899471851264166e-17,2.0485626356017608e-17,5.551115123125783e-17,randherm_18
rand_rank3_03,E_rank_deficient,0.0001,40,6.938893903907228e-17,1.8669961410200385e-17,2.353772702439116e-17,6.938893903907228e-17,randherm_02
rand_rank3_03,E_rank_deficient,0.001,40,1.6653345369377348e-16,3.5908775952719906e-17,4.8940650682592004e-17,1.6653345369377348e-16,proj_Psi-
rand_rank3_03,E_rank_deficient,0.005,40,1.1102230246251565e-16,3.4651101432636724e-17,4.489969059598328e-17,1.1102230246251565e-16,randherm_00
rand_rank3_03,E_rank_deficient,0.01,40,5.551115123125783e-17,1.8930169931596907e-17,2.4198071203846072e-17,5.551115123125783e-17,randherm_19
rand_rank3_03,E_rank_deficient,0.02,40,8.326672684688674e-17,1.678344963007561e-17,2.2547234793730758e-17,8.326672684688674e-17,randherm_00
rand_rank3_03,E_rank_deficient,0.05,40,2.7755575615628914e-17,8.21554196200891e-18,1.1488668398091984e-17,2.7755575615628914e-17,randherm_18
rand_rank3_03,E_rank_deficient,0.1,40,2.0816681711721685e-17,4.564491146163974e-18,6.430699126994519e-18,2.0816681711721685e-17,randherm_13
rand_rank3_03,E_rank_deficient,0.15,40,6.938893903907228e-18,2.5912431922403554e-18,3.31737518414759e-18,6.938893903907228e-18,randherm_02
rand_rank3_03,E_rank_deficient,0.2,40,1.214306433183765e-17,2.7789456933519087e-18,3.723560227343072e-18,1.214306433183765e-17,randherm_00
rand_rank3_03,E_rank_deficient,0.3,40,8.673617379884035e-19,2.1616280813929744e-19,3.4012523356878642e-19,8.673617379884035e-19,randherm_20
rand_rank3_03,E_rank_deficient,0.5,40,2.710505431213761e-20,5.939818542620781e-21,9.29640365783366e-21,2.710505431213761e-20,randherm_20
rand_rank3_03,E_rank_deficient,0.75,40,2.6469779601696886e-23,1.0008885411891635e-23,1.2593807847852808e-23,2.6469779601696886e-23,randherm_20
rand_rank3_03,E_rank_deficient,1.0,40,0.0,0.0,0.0,0.0,
rand_rank2_04,E_rank_deficient,0.0,40,5.551115123125783e-17,1.5699247457590105e-17,2.190839686804483e-17,5.551115123125783e-17,randherm_15
rand_rank2_04,E_rank_deficient,1e-06,40,8.326672684688674e-17,2.1076890233118207e-17,2.9331706689932573e-17,8.326672684688674e-17,proj_rand1_05
rand_rank2_04,E_rank_deficient,0.0001,40,6.938893903907228e-17,2.168404344971009e-17,2.937783784298174e-17,6.938893903907228e-17,randherm_13
rand_rank2_04,E_rank_deficient,0.001,40,1.1102230246251565e-16,2.8796409701215e-17,3.762390874330601e-17,1.1102230246251565e-16,randherm_14
rand_rank2_04,E_rank_deficient,0.005,40,1.3877787807814457e-16,2.6064220226551527e-17,3.8082020619332676e-17,1.3877787807814457e-16,randherm_00
rand_rank2_04,E_rank_deficient,0.01,40,5.551115123125783e-17,1.7954387976359953e-17,2.508460531915476e-17,5.551115123125783e-17,randherm_00
rand_rank2_04,E_rank_deficient,0.02,40,1.1102230246251565e-16,2.5196858488563124e-17,3.492033258258892e-17,1.1102230246251565e-16,proj_Psi-
rand_rank2_04,E_rank_deficient,0.05,40,4.163336342344337e-17,1.3704315460216777e-17,1.7142192969277843e-17,4.163336342344337e-17,randherm_03
rand_rank2_04,E_rank_deficient,0.1,40,2.7755575615628914e-17,7.686993402922227e-18,1.0473415433435865e-17,2.7755575615628914e-17,proj_Psi-
rand_rank2_04,E_rank_deficient,0.15,40,6.938893903907228e-18,2.6291902682773483e-18,3.2787033775975863e-18,6.938893903907228e-18,randherm_03
rand_rank2_04,E_rank_deficient,0.2,40,5.204170427930421e-18,1.3186608922854947e-18,1.8233664925379267e-18,5.204170427930421e-18,randherm_14
rand_rank2_04,E_rank_deficient,0.3,40,1.3010426069826053e-18,2.968003447179068e-19,4.355825238257497e-19,1.3010426069826053e-18,proj_rand1_03
rand_rank2_04,E_rank_deficient,0.5,40,5.421010862427522e-20,1.971998580326418e-20,2.4239451182445084e-20,5.421010862427522e-20,proj_rand1_00
rand_rank2_04,E_rank_deficient,0.75,40,2.6469779601696886e-23,9.636654136242773e-24,1.2289966610887524e-23,2.6469779601696886e-23,randherm_20
rand_rank2_04,E_rank_deficient,1.0,40,0.0,0.0,0.0,0.0,
rand_rank3_05,E_rank_deficient,0.0,40,5.551115123125783e-17,2.3158558404290374e-17,2.9421339738970405e-17,5.551115123125783e-17,randherm_00
rand_rank3_05,E_rank_deficient,1e-06,40,8.326672684688674e-17,2.896988204881268e-17,3.5451653727147574e-17,8.326672684688674e-17,randherm_14
rand_rank3_05,E_rank_deficient,0.0001,40,8.326672684688674e-17,2.467644144577008e-17,3.1837020351663496e-17,8.326672684688674e-17,randherm_14
rand_rank3_05,E_rank_deficient,0.001,40,5.551115123125783e-17,1.7650811368064013e-17,2.2936757567259074e-17,5.551115123125783e-17,randherm_03
rand_rank3_05,E_rank_deficient,0.005,40,8.326672684688674e-17,2.1640675362810668e-17,2.9786015380910266e-17,8.326672684688674e-17,randherm_00
rand_rank3_05,E_rank_deficient,0.01,40,5.551115123125783e-17,1.7737547541862852e-17,2.3090401073038193e-17,5.551115123125783e-17,randherm_06
rand_rank3_05,E_rank_deficient,0.02,40,9.71445146547012e-17,3.131175874138137e-17,3.988543878057803e-17,9.71445146547012e-17,randherm_13
rand_rank3_05,E_rank_deficient,0.05,40,4.163336342344337e-17,1.3921155894713878e-17,1.7827396238461752e-17,4.163336342344337e-17,randherm_17
rand_rank3_05,E_rank_deficient,0.1,40,2.0816681711721685e-17,6.223320470066795e-18,7.915715436789729e-18,2.0816681711721685e-17,randherm_06
rand_rank3_05,E_rank_deficient,0.15,40,6.938893903907228e-18,2.146720301521299e-18,2.9652483444309873e-18,6.938893903907228e-18,randherm_00
rand_rank3_05,E_rank_deficient,0.2,40,5.204170427930421e-18,1.2319247184866545e-18,1.7125804721818281e-18,5.204170427930421e-18,randherm_17
rand_rank3_05,E_rank_deficient,0.3,40,6.505213034913027e-19,2.478418403666083e-19,3.0867535568557763e-19,6.505213034913027e-19,randherm_29
rand_rank3_05,E_rank_deficient,0.5,40,2.710505431213761e-20,6.5856811649021854e-21,9.497539876554646e-21,2.710505431213761e-20,proj_rand1_03
rand_rank3_05,E_rank_deficient,0.75,40,5.293955920339377e-23,2.5738241747470303e-23,3.0453530969362844e-23,5.293955920339377e-23,randherm_14
rand_rank3_05,E_rank_deficient,1.0,40,0.0,0.0,0.0,0.0,
rand_rank2_06,E_rank_deficient,0.0,40,1.1102230246251565e-16,3.074797361168891e-17,4.299612833379755e-17,1.1102230246251565e-16,proj_rand1_00
rand_rank2_06,E_rank_deficient,1e-06,40,2.220446049250313e-16,3.3870475868447156e-17,5.409792941920808e-17,2.220446049250313e-16,proj_Phi-
rand_rank2_06,E_rank_deficient,0.0001,40,2.220446049250313e-16,4.7488055154865094e-17,6.502379035919127e-17,2.220446049250313e-16,proj_Phi-
rand_rank2_06,E_rank_deficient,0.001,40,1.6653345369377348e-16,3.6472561082412367e-17,4.996560739198921e-17,1.6653345369377348e-16,proj_rand1_00
rand_rank2_06,E_rank_deficient,0.005,40,2.220446049250313e-16,4.618701254788249e-17,6.52224884246512e-17,2.220446049250313e-16,proj_Phi-
rand_rank2_06,E_rank_deficient,0.01,40,1.1102230246251565e-16,3.0357660829594124e-17,4.322212449724815e-17,1.1102230246251565e-16,randherm_17
rand_rank2_06,E_rank_deficient,0.02,40,1.1102230246251565e-16,2.9099986309510937e-17,3.816884434502976e-17,1.1102230246251565e-16,proj_Phi-
rand_rank2_06,E_rank_deficient,0.05,40,5.551115123125783e-17,1.6197980456933437e-17,2.3955912548392877e-17,5.551115123125783e-17,randherm_25
rand_rank2_06,E_rank_deficient,0.1,40,2.7755575615628914e-17,1.0034291106353343e-17,1.3816028740498376e-17,2.7755575615628914e-17,randherm_20
rand_rank2_06,E_rank_deficient,0.15,40,2.0816681711721685e-17,5.290906601729261e-18,6.984820508540518e-18,2.0816681711721685e-17,proj_Phi-
rand_rank2_06,E_rank_deficient,0.2,40,6.938893903907228e-18,1.374226253625377e-18,2.0156394394904885e-18,6.938893903907228e-18,proj_rand1_00
rand_rank2_06,E_rank_deficient,0.3,40,1.734723475976807e-18,5.529431079676072e-19,6.906206142638252e-19,1.734723475976807e-18,proj_rand1_05
rand_rank2_06,E_rank_deficient,0.5,40,4.0657581468206416e-20,1.249373597200093e-20,1.648235576974648e-20,4.0657581468206416e-20,randherm_14
rand_rank2_06,E_rank_deficient,0.75,40,1.9852334701272664e-23,5.001857766531589e-24,7.182392664914559e-24,1.9852334701272664e-23,randherm_09
rand_rank2_06,E_rank_deficient,1.0,40,0.0,0.0,0.0,0.0,
rand_rank3_07,E_rank_deficient,0.0,40,1.1102230246251565e-16,2.931682674400804e-17,4.3851119470877035e-17,1.1102230246251565e-16,randherm_20
rand_rank3_07,E_rank_deficient,1e-06,40,1.1102230246251565e-16,3.0314292742694706e-17,3.997493254993981e-17,1.1102230246251565e-16,randherm_24
rand_rank3_07,E_rank_deficient,0.0001,40,8.326672684688674e-17,2.6150956400350366e-17,3.340525247873165e-17,8.326672684688674e-17,randherm_02
rand_rank3_07,E_rank_deficient,0.001,40,5.551115123125783e-17,2.5283594662361962e-17,3.0901702006187084e-17,5.551115123125783e-17,randherm_13
rand_rank3_07,E_rank_deficient,0.005,40,1.1102230246251565e-16,3.729655473350135e-17,4.7771084568198463e-17,1.1102230246251565e-16,randherm_24
rand_rank3_07,E_rank_deficient,0.01,40,1.1102230246251565e-16,3.131175874138137e-17,4.145589884216476e-17,1.1102230246251565e-16,randherm_02
rand_rank3_07,E_rank_deficient,0.02,40,5.551115123125783e-17,1.43982048506075e-17,2.088523496990943e-17,5.551115123125783e-17,randherm_18
rand_rank3_07,E_rank_deficient,0.05,40,5.551115123125783e-17,1.4831885719601702e-17,1.971126065954659e-17,5.551115123125783e-17,randherm_07
rand_rank3_07,E_rank_deficient,0.1,40,2.7755575615628914e-17,9.237402509576498e-18,1.1744667262331893e-17,2.7755575615628914e-17,randherm_11
rand_rank3_07,E_rank_deficient,0.15,40,1.0408340855860843e-17,2.970713952610282e-18,4.010082632471417e-18,1.0408340855860843e-17,randherm_28
rand_rank3_07,E_rank_deficient,0.2,40,5.204170427930421e-18,1.4013313079375146e-18,1.9273961767592394e-18,5.204170427930421e-18,randherm_20
rand_rank3_07,E_rank_deficient,0.3,40,8.673617379884035e-19,3.1306337730518942e-19,3.7601852332676814e-19,8.673617379884035e-19,randherm_19
rand_rank3_07,E_rank_deficient,0.5,40,4.0657581468206416e-20,9.68793933422106e-21,1.360486932969933e-20,4.0657581468206416e-20,proj_rand1_00
rand_rank3_07,E_rank_deficient,0.75,40,3.970466940254533e-23,1.1320742164612452e-23,1.504081378114141e-23,3.970466940254533e-23,proj_Phi+
rand_rank3_07,E_rank_deficient,1.0,40,0.0,0.0,0.0,0.0,
rand_rank2_08,E_rank_deficient,0.0,40,1.1102230246251565e-16,3.157196726277789e-17,4.000409245520099e-17,1.1102230246251565e-16,proj_rand1_04
rand_rank2_08,E_rank_deficient,1e-06,40,1.1102230246251565e-16,3.46077333457373e-17,4.262268885645323e-17,1.1102230246251565e-16,randherm_02
rand_rank2_08,E_rank_deficient,0.0001,40,8.326672684688674e-17,1.8214596497756474e-17,2.611320682977496e-17,8.326672684688674e-17,proj_Psi-
rand_rank2_08,E_rank_deficient,0.001,40,5.551115123125783e-17,1.6826817716975028e-17,2.1805135978035058e-17,5.551115123125783e-17,proj_Psi-
rand_rank2_08,E_rank_deficient,0.005,40,1.1102230246251565e-16,3.7036346212104834e-17,4.7611760415411425e-17,1.1102230246251565e-16,randherm_06
rand_rank2_08,E_rank_deficient,0.01,40,1.1102230246251565e-16,3.946495907847236e-17,4.6109067466944306e-17,1.1102230246251565e-16,randherm_20
rand_rank2_08,E_rank_deficient,0.02,40,5.551115123125783e-17,1.496198998029996e-17,2.120517632634419e-17,5.551115123125783e-17,randherm_08
rand_rank2_08,E_rank_deficient,0.05,40,5.551115123125783e-17,1.8171228410857054e-17,2.309691642335777e-17,5.551115123125783e-17,randherm_06
rand_rank2_08,E_rank_deficient,0.1,40,2.7755575615628914e-17,6.093216209368535e-18,8.192437088836833e-18,2.7755575615628914e-17,proj_rand1_04
rand_rank2_08,E_rank_deficient,0.15,40,1.3877787807814457e-17,6.120321263680673e-18,7.328196191240802e-18,1.3877787807814457e-17,randherm_14
rand_rank2_08,E_rank_deficient,0.2,40,6.938893903907228e-18,2.7931758468657807e-18,3.4581311966002333e-18,6.938893903907228e-18,randherm_20
rand_rank2_08,E_rank_deficient,0.3,40,1.3010426069826053e-18,3.3457801416544863e-19,4.3253188199478862e-19,1.3010426069826053e-18,proj_rand1_03
rand_rank2_08,E_rank_deficient,0.5,40,2.710505431213761e-20,9.327950331637982e-21,1.198877070288738e-20,2.710505431213761e-20,randherm_17
rand_rank2_08,E_rank_deficient,0.75,40,5.293955920339377e-23,1.713685584662593e-23,2.105352302556191e-23,5.293955920339377e-23,proj_rand1_04
rand_rank2_08,E_rank_deficient,1.0,40,0.0,0.0,0.0,0.0,
rand_rank3_09,E_rank_deficient,0.0,40,5.551115123125783e-17,2.1228678537266178e-17,2.840692454230982e-17,5.551115123125783e-17,randherm_00
rand_rank3_09,E_rank_deficient,1e-06,40,1.1102230246251565e-16,4.4300500767757714e-17,5.276187189223055e-17,1.1102230246251565e-16,randherm_00
rand_rank3_09,E_rank_deficient,0.0001,40,8.326672684688674e-17,3.324163860840557e-17,4.0921874935376856e-17,8.326672684688674e-17,randherm_00
rand_rank3_09,E_rank_deficient,0.001,40,8.326672684688674e-17,2.800494211530058e-17,3.6570446247615614e-17,8.326672684688674e-17,randherm_20
rand_rank3_09,E_rank_deficient,0.005,40,5.551115123125783e-17,1.734723475976807e-17,2.2701029126462325e-17,5.551115123125783e-17,randherm_00
rand_rank3_09,E_rank_deficient,0.01,40,5.551115123125783e-17,1.5081252219273366e-17,2.0377579110794166e-17,5.551115123125783e-17,randherm_05
rand_rank3_09,E_rank_deficient,0.02,40,5.551115123125783e-17,1.0907073855204174e-17,1.600570325980105e-17,5.551115123125783e-17,proj_rand1_00
rand_rank3_09,E_rank_deficient,0.05,40,4.163336342344337e-17,1.428978463335895e-17,1.7894263359076594e-17,4.163336342344337e-17,randherm_17
rand_rank3_09,E_rank_deficient,0.1,40,1.3877787807814457e-17,5.5673781557130654e-18,6.7587636419174265e-18,1.3877787807814457e-17,randherm_05
rand_rank3_09,E_rank_deficient,0.15,40,6.938893903907228e-18,2.2768245622195593e-18,2.83348308908245e-18,6.938893903907228e-18,proj_rand1_02
rand_rank3_09,E_rank_deficient,0.2,40,6.938893903907228e-18,3.0357660829594124e-18,3.479005257719753e-18,6.938893903907228e-18,randherm_20
rand_rank3_09,E_rank_deficient,0.3,40,8.673617379884035e-19,1.7686047938669792e-19,2.6746934685506516e-19,8.673617379884035e-19,randherm_09
rand_rank3_09,E_rank_deficient,0.5,40,4.0657581468206416e-20,1.3499587596865412e-20,1.652379251327237e-20,4.0657581468206416e-20,proj_Phi+
rand_rank3_09,E_rank_deficient,0.75,40,2.6469779601696886e-23,4.985055660339106e-24,8.410365647150288e-24,2.6469779601696886e-23,proj_Psi-
rand_rank3_09,E_rank_deficient,1.0,40,0.0,0.0,0.0,0.0,
rand_rank2_10,E_rank_deficient,0.0,40,1.1102230246251565e-16,3.3870475868447156e-17,4.6635516894604874e-17,1.1102230246251565e-16,randherm_00
rand_rank2_10,E_rank_deficient,1e-06,40,1.6653345369377348e-16,3.3393426912553537e-17,4.657175256085194e-17,1.6653345369377348e-16,randherm_27
rand_rank2_10,E_rank_deficient,0.0001,40,1.6653345369377348e-16,3.664603343001005e-17,5.234511920019961e-17,1.6653345369377348e-16,randherm_20
rand_rank2_10,E_rank_deficient,0.001,40,1.1102230246251565e-16,2.7148422399037032e-17,4.0723534203819985e-17,1.1102230246251565e-16,randherm_13
rand_rank2_10,E_rank_deficient,0.005,40,1.1102230246251565e-16,2.6584637269344567e-17,3.601483969923692e-17,1.1102230246251565e-16,randherm_13
rand_rank2_10,E_rank_deficient,0.01,40,1.1102230246251565e-16,4.458239333260394e-17,5.332687815266592e-17,1.1102230246251565e-16,randherm_20
rand_rank2_10,E_rank_deficient,0.02,40,1.1102230246251565e-16,2.2898349882893852e-17,3.400456267939448e-17,1.1102230246251565e-16,randherm_12
rand_rank2_10,E_rank_deficient,0.05,40,5.551115123125783e-17,2.268150944839675e-17,2.9103831660764546e-17,5.551115123125783e-17,randherm_00
rand_rank2_10,E_rank_deficient,0.1,40,2.7755575615628914e-17,7.708677446371936e-18,1.0350582357236876e-17,2.7755575615628914e-17,proj_Phi+
rand_rank2_10,E_rank_deficient,0.15,40,2.0816681711721685e-17,5.0117245423142444e-18,7.161337962368656e-18,2.0816681711721685e-17,proj_Phi+
rand_rank2_10,E_rank_deficient,0.2,40,3.469446951953614e-18,1.362028979184915e-18,1.8049809034172345e-18,3.469446951953614e-18,randherm_00
rand_rank2_10,E_rank_deficient,0.3,40,1.3010426069826053e-18,5.783540963852362e-19,7.366923644711358e-19,1.3010426069826053e-18,randherm_14
rand_rank2_10,E_rank_deficient,0.5,40,2.710505431213761e-20,5.9345245867004414e-21,8.488375872806244e-21,2.710505431213761e-20,proj_Phi+
rand_rank2_10,E_rank_deficient,0.75,40,1.3234889800848443e-23,4.549493369041652e-24,6.930569179945386e-24,1.3234889800848443e-23,randherm_09
rand_rank2_10,E_rank_deficient,1.0,40,0.0,0.0,0.0,0.0,
rand_rank3_11,E_rank_deficient,0.0,40,1.1102230246251565e-16,3.4976362084382376e-17,4.422715690249487e-17,1.1102230246251565e-16,proj_Phi-
rand_rank3_11,E_rank_deficient,1e-06,40,5.551115123125783e-17,2.3418766925686896e-17,2.9272655533371324e-17,5.551115123125783e-17,randherm_10
rand_rank3_11,E_rank_deficient,0.0001,40,8.326672684688674e-17,1.8610330290713684e-17,2.6608384486323438e-17,8.326672684688674e-17,proj_Phi+
rand_rank3_11,E_rank_deficient,0.001,40,8.326672684688674e-17,3.8402440949436566e-17,4.4100248225474406e-17,8.326672684688674e-17,proj_rand1_03
rand_rank3_11,E_rank_deficient,0.005,40,1.249000902703301e-16,2.6047957193964244e-17,3.682856203005957e-17,1.249000902703301e-16,randherm_29
rand_rank3_11,E_rank_deficient,0.01,40,5.551115123125783e-17,1.960237527853792e-17,2.4946264515556744e-17,5.551115123125783e-17,randherm_08
rand_rank3_11,E_rank_deficient,0.02,40,4.163336342344337e-17,1.7553233172540317e-17,2.198049781329281e-17,4.163336342344337e-17,randherm_04
rand_rank3_11,E_rank_deficient,0.05,40,5.551115123125783e-17,1.4300626655083804e-17,1.890880915667378e-17,5.551115123125783e-17,proj_Phi+
rand_rank3_11,E_rank_deficient,0.1,40,1.3877787807814457e-17,4.5102810375396986e-18,5.9589708297355894e-18,1.3877787807814457e-17,proj_Phi-
rand_rank3_11,E_rank_deficient,0.15,40,6.938893903907228e-18,2.1033522146218784e-18,2.958898768955166e-18,6.938893903907228e-18,randherm_04
rand_rank3_11,E_rank_deficient,0.2,40,3.469446951953614e-18,9.351243737687476e-19,1.3204362899652365e-18,3.469446951953614e-18,randherm_04
rand_rank3_11,E_rank_deficient,0.3,40,1.3010426069826053e-18,2.7511630126819676e-19,3.9039747620060534e-19,1.3010426069826053e-18,randherm_08
rand_rank3_11,E_rank_deficient,0.5,40,2.710505431213761e-20,5.35748339138345e-21,8.580782394949962e-21,2.710505431213761e-20,proj_Psi+
rand_rank3_11,E_rank_deficient,0.75,40,2.6469779601696886e-23,3.9394476672837944e-24,6.964116550105184e-24,2.6469779601696886e-23,proj_rand1_00
rand_rank3_11,E_rank_deficient,1.0,40,0.0,0.0,0.0,0.0,
rand_rank2_12,E_rank_deficient,0.0,40,1.1102230246251565e-16,2.936019483090746e-17,3.711355639694392e-17,1.1102230246251565e-16,proj_rand1_00
rand_rank2_12,E_rank_deficient,1e-06,40,1.1102230246251565e-16,2.979387569990166e-17,3.814912903155271e-17,1.1102230246251565e-16,proj_rand1_02
rand_rank2_12,E_rank_deficient,0.0001,40,1.1102230246251565e-16,2.1206994493816466e-17,3.1459055990990896e-17,1.1102230246251565e-16,proj_rand1_02
rand_rank2_12,E_rank_deficient,0.001,40,5.551115123125783e-17,1.8604909279851255e-17,2.6180822331276745e-17,5.551115123125783e-17,randherm_04
rand_rank2_12,E_rank_deficient,0.005,40,4.336808689942018e-17,1.8214596497756474e-17,2.321225957544225e-17,4.336808689942018e-17,randherm_13
rand_rank2_12,E_rank_deficient,0.01,40,1.1102230246251565e-16,2.383076375123139e-17,3.466545497917797e-17,1.1102230246251565e-16,proj_rand1_00
rand_rank2_12,E_rank_deficient,0.02,40,1.1102230246251565e-16,2.979387569990166e-17,3.758489690321055e-17,1.1102230246251565e-16,proj_rand1_00
rand_rank2_12,E_rank_deficient,0.05,40,3.122502256758253e-17,1.253337711393243e-17,1.6426145966426346e-17,3.122502256758253e-17,randherm_24
rand_rank2_12,E_rank_deficient,0.1,40,1.3877787807814457e-17,5.421010862427522e-18,6.98145384303981e-18,1.3877787807814457e-17,randherm_04
rand_rank2_12,E_rank_deficient,0.15,40,1.3877787807814457e-17,3.42336835962298e-18,4.912434976833632e-18,1.3877787807814457e-17,proj_rand1_00
rand_rank2_12,E_rank_deficient,0.2,40,5.204170427930421e-18,1.5598958756635194e-18,2.0124476093969286e-18,5.204170427930421e-18,randherm_14
rand_rank2_12,E_rank_deficient,0.3,40,8.673617379884035e-19,2.019326546254252e-19,2.8415096026954734e-19,8.673617379884035e-19,randherm_04
rand_rank2_12,E_rank_deficient,0.5,40,2.710505431213761e-20,5.476597399591086e-21,8.138258467113281e-21,2.710505431213761e-20,proj_Phi+
rand_rank2_12,E_rank_deficient,0.75,40,2.6469779601696886e-23,5.402523375736962e-24,8.006538447589899e-24,2.6469779601696886e-23,proj_rand1_04
rand_rank2_12,E_rank_deficient,1.0,40,0.0,0.0,0.0,0.0,
rand_rank3_13,E_rank_deficient,0.0,40,5.551115123125783e-17,2.0122792321330962e-17,2.6985964133627383e-17,5.551115123125783e-17,randherm_06
rand_rank3_13,E_rank_deficient,1e-06,40,5.551115123125783e-17,1.6436504934880247e-17,2.2566412224494795e-17,5.551115123125783e-17,randherm_06
rand_rank3_13,E_rank_deficient,0.0001,40,8.326672684688674e-17,1.717376241217039e-17,2.72080745804227e-17,8.326672684688674e-17,randherm_15
rand_rank3_13,E_rank_deficient,0.001,40,5.551115123125783e-17,1.6393136847980826e-17,2.273083572798497e-17,5.551115123125783e-17,randherm_15
rand_rank3_13,E_rank_deficient,0.005,40,8.326672684688674e-17,2.5977484052752686e-17,3.2878616347495356e-17,8.326672684688674e-17,randherm_13
rand_rank3_13,E_rank_deficient,0.01,40,6.938893903907228e-17,2.0860049798621106e-17,2.869512646537729e-17,6.938893903907228e-17,randherm_19
rand_rank3_13,E_rank_deficient,0.02,40,5.551115123125783e-17,1.8691645453650097e-17,2.49357071648461e-17,5.551115123125783e-17,randherm_06
rand_rank3_13,E_rank_deficient,0.05,40,5.551115123125783e-17,1.5569143196891843e-17,2.043920958176794e-17,5.551115123125783e-17,proj_Phi+
rand_rank3_13,E_rank_deficient,0.1,40,1.3877787807814457e-17,3.9790219730218016e-18,5.712829872858984e-18,1.3877787807814457e-17,randherm_12
rand_rank3_13,E_rank_deficient,0.15,40,1.0408340855860843e-17,2.553296116203363e-18,3.4018732903865513e-18,1.0408340855860843e-17,randherm_12
rand_rank3_13,E_rank_deficient,0.2,40,3.469446951953614e-18,1.0232158002831948e-18,1.371981704561367e-18,3.469446951953614e-18,randherm_06
rand_rank3_13,E_rank_deficient,0.3,40,2.168404344971009e-18,9.086969458144134e-19,1.0773960758874971e-18,2.168404344971009e-18,randherm_24
rand_rank3_13,E_rank_deficient,0.5,40,2.710505431213761e-20,4.9763185651190145e-21,7.782799425625642e-21,2.710505431213761e-20,randherm_20
rand_rank3_13,E_rank_deficient,0.75,40,2.6469779601696886e-23,8.6130181282084e-24,1.1912011138045104e-23,2.6469779601696886e-23,proj_Phi+
rand_rank3_13,E_rank_deficient,1.0,40,0.0,0.0,0.0,0.0,
rand_rank2_14,E_rank_deficient,0.0,40,5.551115123125783e-17,2.6628005356243988e-17,3.3453637375048924e-17,5.551115123125783e-17,randherm_00
rand_rank2_14,E_rank_deficient,1e-06,40,1.1102230246251565e-16,3.5691935518222805e-17,4.5686998247511504e-17,1.1102230246251565e-16,randherm_19
rand_rank2_14,E_rank_deficient,0.0001,40,1.1102230246251565e-16,3.616898447411643e-17,4.7320127714366664e-17,1.1102230246251565e-16,randherm_00
rand_rank2_14,E_rank_deficient,0.001,40,1.1102230246251565e-16,2.92300905702092e-17,4.124485190530799e-17,1.1102230246251565e-16,randherm_18
rand_rank2_14,E_rank_deficient,0.005,40,1.1102230246251565e-16,2.905661822261152e-17,3.6756084711680936e-17,1.1102230246251565e-16,proj_rand1_05
rand_rank2_14,E_rank_deficient,0.01,40,6.938893903907228e-17,2.207435623180487e-17,2.8526840574134033e-17,6.938893903907228e-17,randherm_03
rand_rank2_14,E_rank_deficient,0.02,40,8.326672684688674e-17,1.8019440106709082e-17,2.5201672558119733e-17,8.326672684688674e-17,randherm_18
rand_rank2_14,E_rank_deficient,0.05,40,2.7755575615628914e-17,1.0646865333807654e-17,1.4459859306696656e-17,2.7755575615628914e-17,randherm_08
rand_rank2_14,E_rank_deficient,0.1,40,2.7755575615628914e-17,8.868773770931426e-18,1.2064593341518765e-17,2.7755575615628914e-17,randherm_20
rand_rank2_14,E_rank_deficient,0.15,40,1.0408340855860843e-17,3.5453411040276e-18,4.467649726306041e-18,1.0408340855860843e-17,randherm_24
rand_rank2_14,E_rank_deficient,0.2,40,5.204170427930421e-18,1.22514845490862e-18,1.7011957828905149e-18,5.204170427930421e-18,proj_Phi-
rand_rank2_14,E_rank_deficient,0.3,40,1.734723475976807e-18,6.532318089225165e-19,8.103232673011662e-19,1.734723475976807e-18,randherm_00
rand_rank2_14,E_rank_deficient,0.5,40,4.0657581468206416e-20,1.7215944652943654e-20,2.075273936289763e-20,4.0657581468206416e-20,randherm_17
rand_rank2_14,E_rank_deficient,0.75,40,3.970466940254533e-23,1.0970482873984529e-23,1.4141674111219593e-23,3.970466940254533e-23,proj_rand1_02
rand_rank2_14,E_rank_deficient,1.0,40,0.0,0.0,0.0,0.0,
rand_rank3_15,E_rank_deficient,0.0,40,8.326672684688674e-17,1.962405932198763e-17,2.7078152748459597e-17,8.326672684688674e-17,proj_rand1_03
rand_rank3_15,E_rank_deficient,1e-06,40,8.326672684688674e-17,2.1640675362810668e-17,2.9248230046360325e-17,8.326672684688674e-17,randherm_12
rand_rank3_15,E_rank_deficient,0.0001,40,5.551115123125783e-17,2.177077962350893e-17,2.6493606526160313e-17,5.551115123125783e-17,randherm_05
rand_rank3_15,E_rank_deficient,0.001,40,1.1102230246251565e-16,2.8536201179818475e-17,3.93499375175102e-17,1.1102230246251565e-16,proj_Psi-
rand_rank3_15,E_rank_deficient,0.005,40,5.551115123125783e-17,1.973247953923618e-17,2.5336763228878726e-17,5.551115123125783e-17,randherm_10
rand_rank3_15,E_rank_deficient,0.01,40,8.326672684688674e-17,2.2811613709095014e-17,3.1469815515671107e-17,8.326672684688674e-17,randherm_09
rand_rank3_15,E_rank_deficient,0.02,40,1.1102230246251565e-16,3.22441726097189e-17,4.033022230604979e-17,1.1102230246251565e-16,randherm_12
rand_rank3_15,E_rank_deficient,0.05,40,4.163336342344337e-17,2.1597307275911247e-17,2.5689140361375247e-17,4.163336342344337e-17,randherm_12
rand_rank3_15,E_rank_deficient,0.1,40,2.7755575615628914e-17,9.063930161978816e-18,1.151502335094263e-17,2.7755575615628914e-17,proj_rand1_03
rand_rank3_15,E_rank_deficient,0.15,40,1.3877787807814457e-17,5.112013243269153e-18,6.539186340812009e-18,1.3877787807814457e-17,randherm_21
rand_rank3_15,E_rank_deficient,0.2,40,6.938893903907228e-18,3.0791341698588324e-18,3.679824340141434e-18,6.938893903907228e-18,randherm_21
rand_rank3_15,E_rank_deficient,0.3,40,1.3010426069826053e-18,4.594306705907325e-19,5.837978188906987e-19,1.3010426069826053e-18,randherm_20
rand_rank3_15,E_rank_deficient,0.5,40,2.710505431213761e-20,8.74561518040065e-21,1.1939695760500205e-20,2.710505431213761e-20,randherm_06
rand_rank3_15,E_rank_deficient,0.75,40,1.3234889800848443e-23,5.5059209523060905e-24,7.611986048144511e-24,1.3234889800848443e-23,randherm_00
rand_rank3_15,E_rank_deficient,1.0,40,0.0,0.0,0.0,0.0,
