state,q,observable,delta5_main,delta5_ref,delta6_main,delta6_ref,five_route_diff,six_route_diff
bell_Phi+,0.0,II,0.9999999999999996,0.9999999999999996,0.9999999999999996,0.9999999999999996,0.0,0.0
bell_Phi+,0.0,IX,0.0,0.0,0.0,0.0,0.0,0.0
bell_Phi+,0.0,IY,0.0,0.0,0.0,0.0,0.0,0.0
bell_Phi+,0.0,IZ,0.0,0.0,0.0,0.0,0.0,0.0
bell_Phi+,0.0,XI,0.0,0.0,0.0,0.0,0.0,0.0
bell_Phi+,0.0,XX,0.9999999999999996,0.9999999999999996,0.9999999999999994,0.9999999999999996,0.0,1.1102230246251565e-16
bell_Phi+,0.0,XY,-9.813077866773587e-18,0.0,6.938893903907239e-18,6.938893903907228e-18,9.813077866773587e-18,1.0785207688568521e-32
bell_Phi+,0.0,XZ,0.0,0.0,0.0,0.0,0.0,0.0
bell_Phi+,0.0,YI,0.0,0.0,0.0,0.0,0.0,0.0
bell_Phi+,0.0,YX,-9.813077866773587e-18,0.0,6.938893903907221e-18,6.938893903907228e-18,9.813077866773587e-18,7.703719777548943e-33
bell_Phi+,0.0,YY,-0.9999999999999996,-0.9999999999999996,-0.9999999999999994,-0.9999999999999996,0.0,1.1102230246251565e-16
bell_Phi+,0.0,YZ,0.0,0.0,0.0,0.0,0.0,0.0
bell_Phi+,0.0,ZI,0.0,0.0,0.0,-5.551115123125783e-17,0.0,5.551115123125783e-17
bell_Phi+,0.0,ZX,0.0,0.0,0.0,0.0,0.0,0.0
bell_Phi+,0.0,ZY,0.0,0.0,0.0,0.0,0.0,0.0
bell_Phi+,0.0,ZZ,0.9999999999999996,0.9999999999999996,0.9999999999999994,0.9999999999999994,0.0,0.0
bell_Phi+,0.0,randherm_00,-0.16420483925360269,-0.16420483925360269,-0.16420483925360269,-0.16420483925360269,0.0,0.0
bell_Phi+,0.0,randherm_01,-0.4025732321591693,-0.4025732321591693,-0.40257323215916924,-0.40257323215916924,0.0,0.0
bell_Phi+,0.0,randherm_02,0.039793458650901184,0.03979345865090119,0.039793458650901184,0.03979345865090116,6.938893903907228e-18,2.0816681711721685e-17
bell_Phi+,0.0,randherm_03,-0.44285503899997136,-0.44285503899997136,-0.4428550389999713,-0.44285503899997136,0.0,5.551115123125783e-17
bell_Phi+,0.0,randherm_04,-0.2363497375262208,-0.2363497375262208,-0.23634973752622074,-0.23634973752622074,0.0,0.0
bell_Phi+,0.0,randherm_05,0.08009457205671619,0.08009457205671619,0.08009457205671619,0.08009457205671619,0.0,0.0
bell_Phi+,1e-06,II,0.9999870000794986,0.9999870000794986,0.9999870000794989,0.9999870000794989,0.0,0.0
bell_Phi+,1e-06,IX,0.0,0.0,0.0,0.0,0.0,0.0
bell_Phi+,1e-06,IY,0.0,0.0,0.0,0.0,0.0,0.0
bell_Phi+,1e-06,IZ,-2.7755575615628914e-17,2.7755575615628914e-17,5.551115123125783e-17,5.551115123125783e-17,5.551115123125783e-17,0.0
bell_Phi+,1e-06,XI,0.0,0.0,0.0,0.0,0.0,0.0
bell_Phi+,1e-06,XX,0.999984000119998,0.999984000119998,0.9999840001199984,0.9999840001199984,0.0,0.0
bell_Phi+,1e-06,XY,0.0,0.0,1.5407439555097887e-33,6.162975822039155e-33,0.0,4.622231866529366e-33
bell_Phi+,1e-06,XZ,0.0,0.0,0.0,0.0,0.0,0.0
bell_Phi+,1e-06,YI,0.0,0.0,0.0,0.0,0.0,0.0
bell_Phi+,1e-06,YX,0.0,0.0,-2.311115933264683e-33,-6.162975822039155e-33,0.0,3.851859888774472e-33
bell_Phi+,1e-06,YY,-0.999984000119998,-0.999984000119998,-0.999984000119998,-0.9999840001199981,0.0,1.1102230246251565e-16
bell_Phi+,1e-06,YZ,0.0,0.0,0.0,0.0,0.0,0.0
bell_Phi+,1e-06,ZI,2.7755575615628914e-17,-2.7755575615628914e-17,4.163336342344337e-17,0.0,5.551115123125783e-17,4.163336342344337e-17
bell_Phi+,1e-06,ZX,0.0,0.0,0.0,0.0,0.0,0.0
bell_Phi+,1e-06,ZY,0.0,0.0,0.0,0.0,0.0,0.0
bell_Phi+,1e-06,ZZ,0.9999845001124983,0.9999845001124983,0.9999845001124986,0.9999845001124986,0.0,0.0
bell_Phi+,1e-06,randherm_00,-0.16420276516166354,-0.16420276516166354,-0.1642027651616636,-0.16420276516166363,0.0,2.7755575615628914e-17
bell_Phi+,1e-06,randherm_01,-0.40256671142452327,-0.40256671142452316,-0.40256671142452327,-0.40256671142452327,1.1102230246251565e-16,0.0
bell_Phi+,1e-06,randherm_02,0.03979292417745268,0.03979292417745267,0.03979292417745277,0.039792924177452754,6.938893903907228e-18,1.3877787807814457e-17
bell_Phi+,1e-06,randherm_03,-0.4428478635343719,-0.4428478635343719,-0.4428478635343721,-0.44284786353437205,0.0,5.551115123125783e-17
bell_Phi+,1e-06,randherm_04,-0.23634555905476481,-0.23634555905476481,-0.2363455590547649,-0.2363455590547649,0.0,0.0
bell_Phi+,1e-06,randherm_05,0.08009334069661476,0.08009334069661478,0.08009334069661472,0.08009334069661472,1.3877787807814457e-17,0.0
bell_Phi+,0.0001,II,0.9987007946970803,0.9987007946970803,0.9987007946970804,0.9987007946970805,0.0,1.1102230246251565e-16
bell_Phi+,0.0001,IX,0.0,0.0,0.0,0.0,0.0,0.0
bell_Phi+,0.0001,IY,0.0,0.0,0.0,0.0,0.0,0.0
bell_Phi+,0.0001,IZ,5.551115123125783e-17,-2.7755575615628914e-17,0.0,0.0,8.326672684688674e-17,0.0
bell_Phi+,0.0001,XI,0.0,0.0,0.0,0.0,0.0,0.0
bell_Phi+,0.0001,XX,0.9984011994401816,0.9984011994401816,0.9984011994401816,0.9984011994401816,0.0,0.0
bell_Phi+,0.0001,XY,0.0,0.0,-1.232595164407831e-32,0.0,0.0,1.232595164407831e-32
bell_Phi+,0.0001,XZ,0.0,0.0,0.0,0.0,0.0,0.0
bell_Phi+,0.0001,YI,0.0,0.0,0.0,0.0,0.0,0.0
bell_Phi+,0.0001,YX,0.0,0.0,-1.232595164407831e-32,0.0,0.0,1.232595164407831e-32
bell_Phi+,0.0001,YY,-0.9984011994401816,-0.9984011994401816,-0.9984011994401816,-0.9984011994401816,0.0,0.0
bell_Phi+,0.0001,YZ,0.0,0.0,0.0,0.0,0.0,0.0
bell_Phi+,0.0001,ZI,5.551115123125783e-17,2.7755575615628914e-17,0.0,0.0,2.7755575615628914e-17,0.0
bell_Phi+,0.0001,ZX,0.0,0.0,0.0,0.0,0.0,0.0
bell_Phi+,0.0001,ZY,0.0,0.0,0.0,0.0,0.0,0.0
bell_Phi+,0.0001,ZZ,0.998451124492659,0.998451124492659,0.998451124492659,0.9984511244926593,0.0,2.220446049250313e-16
bell_Phi+,0.0001,randherm_00,-0.1639975514309106,-0.1639975514309106,-0.1639975514309106,-0.1639975514309106,0.0,0.0
bell_Phi+,0.0001,randherm_01,-0.40192164655735985,-0.40192164655735985,-0.4019216465573598,-0.40192164655735985,0.0,5.551115123125783e-17
bell_Phi+,0.0001,randherm_02,0.03974004417715803,0.03974004417715801,0.03974004417715803,0.03974004417715807,2.0816681711721685e-17,3.469446951953614e-17
bell_Phi+,0.0001,randherm_03,-0.442138027981388,-0.4421380279813881,-0.4421380279813881,-0.4421380279813881,1.1102230246251565e-16,0.0
bell_Phi+,0.0001,randherm_04,-0.2359322224164982,-0.23593222241649825,-0.23593222241649822,-0.23593222241649825,5.551115123125783e-17,2.7755575615628914e-17
bell_Phi+,0.0001,randherm_05,0.0799715250602446,0.0799715250602446,0.07997152506024457,0.07997152506024459,0.0,1.3877787807814457e-17
bell_Phi+,0.001,II,0.9870791978016873,0.9870791978016871,0.9870791978016873,0.9870791978016873,2.220446049250313e-16,0.0
bell_Phi+,0.001,IX,0.0,0.0,0.0,0.0,0.0,0.0
bell_Phi+,0.001,IY,0.0,0.0,0.0,0.0,0.0,0.0
bell_Phi+,0.001,IZ,2.7755575615628914e-17,-8.326672684688674e-17,-2.7755575615628914e-17,-1.1102230246251565e-16,1.1102230246251565e-16,8.326672684688674e-17
bell_Phi+,0.001,XI,0.0,0.0,0.0,0.0,0.0,0.0
bell_Phi+,0.001,XX,0.9841194418156398,0.9841194418156399,0.9841194418156399,0.98411944181564,1.1102230246251565e-16,1.1102230246251565e-16
bell_Phi+,0.001,XY,-4.896730762058962e-18,0.0,1.731255763748344e-18,-6.925023054993317e-18,4.896730762058962e-18,8.656278818741661e-18
bell_Phi+,0.001,XZ,0.0,0.0,0.0,0.0,0.0,0.0
bell_Phi+,0.001,YI,0.0,0.0,0.0,0.0,0.0,0.0
bell_Phi+,0.001,YX,-4.896730762058962e-18,0.0,1.2118790346238328e-17,6.925023054993317e-18,4.896730762058962e-18,5.19376729124501e-18
bell_Phi+,0.001,YY,-0.9841194418156397,-0.9841194418156399,-0.9841194418156399,-0.98411944181564,2.220446049250313e-16,1.1102230246251565e-16
bell_Phi+,0.001,YZ,0.0,0.0,0.0,0.0,0.0,0.0
bell_Phi+,0.001,ZI,2.7755575615628914e-17,-8.326672684688674e-17,-5.551115123125783e-17,-1.1102230246251565e-16,1.1102230246251565e-16,5.551115123125783e-17
bell_Phi+,0.001,ZX,0.0,0.0,0.0,0.0,0.0,0.0
bell_Phi+,0.001,ZY,0.0,0.0,0.0,0.0,0.0,0.0
bell_Phi+,0.001,ZZ,0.9846119940888207,0.9846119940888205,0.9846119940888207,0.9846119940888207,2.220446049250313e-16,0.0
bell_Phi+,0.001,randherm_00,-0.1621429544968453,-0.1621429544968453,-0.16214295449684532,-0.16214295449684535,0.0,2.7755575615628914e-17
bell_Phi+,0.001,randherm_01,-0.39610152015945505,-0.3961015201594551,-0.3961015201594551,-0.39610152015945516,5.551115123125783e-17,5.551115123125783e-17
bell_Phi+,0.001,randherm_02,0.0392622909187017,0.03926229091870165,0.03926229091870167,0.039262290918701696,5.551115123125783e-17,2.7755575615628914e-17
bell_Phi+,0.001,randherm_03,-0.43573338802263306,-0.43573338802263306,-0.4357333880226332,-0.4357333880226331,0.0,5.551115123125783e-17
bell_Phi+,0.001,randherm_04,-0.23220462438762454,-0.23220462438762451,-0.23220462438762457,-0.23220462438762463,2.7755575615628914e-17,5.551115123125783e-17
bell_Phi+,0.001,randherm_05,0.07887215720232595,0.07887215720232599,0.07887215720232599,0.07887215720232599,4.163336342344337e-17,0.0
bell_Phi+,0.005,II,0.9369501221779961,0.9369501221779961,0.9369501221779966,0.9369501221779963,0.0,2.220446049250313e-16
bell_Phi+,0.005,IX,0.0,0.0,0.0,0.0,0.0,0.0
bell_Phi+,0.005,IY,0.0,0.0,0.0,0.0,0.0,0.0
bell_Phi+,0.005,IZ,2.7755575615628914e-17,-1.1102230246251565e-16,-2.7755575615628914e-17,-2.7755575615628914e-17,1.3877787807814457e-16,0.0
bell_Phi+,0.005,XI,0.0,0.0,0.0,0.0,0.0,0.0
bell_Phi+,0.005,XX,0.9229311239742357,0.9229311239742357,0.922931123974236,0.9229311239742359,0.0,1.1102230246251565e-16
bell_Phi+,0.005,XY,-9.715192415052521e-18,-4.146217713067078e-18,-2.8455139778367758e-18,-6.869678437215761e-18,5.568974701985443e-18,4.024164459378985e-18
bell_Phi+,0.005,XZ,0.0,0.0,0.0,0.0,0.0,0.0
bell_Phi+,0.005,YI,0.0,0.0,0.0,0.0,0.0,0.0
bell_Phi+,0.005,YX,-9.715192415052521e-18,4.146217713067072e-18,6.869678437215752e-18,-6.869678437215749e-18,1.3861410128119594e-17,1.37393568744315e-17
bell_Phi+,0.005,YY,-0.9229311239742357,-0.9229311239742359,-0.9229311239742358,-0.9229311239742357,2.220446049250313e-16,1.1102230246251565e-16
bell_Phi+,0.005,YZ,0.0,0.0,0.0,0.0,0.0,0.0
bell_Phi+,0.005,ZI,-2.7755575615628914e-17,-1.1102230246251565e-16,5.551115123125783e-17,2.7755575615628914e-17,8.326672684688674e-17,2.7755575615628914e-17
bell_Phi+,0.005,ZX,0.0,0.0,0.0,0.0,0.0,0.0
bell_Phi+,0.005,ZY,0.0,0.0,0.0,0.0,0.0,0.0
bell_Phi+,0.005,ZZ,0.9252500463962816,0.9252500463962818,0.9252500463962817,0.9252500463962818,2.220446049250313e-16,1.1102230246251565e-16
bell_Phi+,0.005,randherm_00,-0.15413537977947406,-0.15413537977947406,-0.1541353797794741,-0.15413537977947406,0.0,5.551115123125783e-17
bell_Phi+,0.005,randherm_01,-0.37117343606663666,-0.37117343606663666,-0.3711734360666367,-0.3711734360666367,0.0,0.0
bell_Phi+,0.005,randherm_02,0.037202562022990424,0.03720256202299042,0.03720256202299044,0.03720256202299047,6.938893903907228e-18,3.469446951953614e-17
bell_Phi+,0.005,randherm_03,-0.40829937709989966,-0.4082993770998997,-0.4082993770998997,-0.4082993770998996,5.551115123125783e-17,1.1102230246251565e-16
bell_Phi+,0.005,randherm_04,-0.21627591276540348,-0.21627591276540342,-0.21627591276540353,-0.2162759127654035,5.551115123125783e-17,2.7755575615628914e-17
bell_Phi+,0.005,randherm_05,0.07415752733396683,0.07415752733396684,0.07415752733396686,0.0741575273339668,1.3877787807814457e-17,5.551115123125783e-17
bell_Phi+,0.01,II,0.8776548783289342,0.8776548783289342,0.8776548783289346,0.8776548783289344,0.0,2.220446049250313e-16
bell_Phi+,0.01,IX,0.0,0.0,0.0,0.0,0.0,0.0
bell_Phi+,0.01,IY,0.0,0.0,0.0,0.0,0.0,0.0
bell_Phi+,0.01,IZ,2.7755575615628914e-17,8.326672684688674e-17,-2.7755575615628914e-17,-2.7755575615628914e-17,5.551115123125783e-17,0.0
bell_Phi+,0.01,XI,0.0,0.0,0.0,0.0,0.0,0.0
bell_Phi+,0.01,XX,0.8514577710948749,0.8514577710948749,0.8514577710948749,0.8514577710948749,0.0,0.0
bell_Phi+,0.01,XY,0.0,0.0,2.465190328815662e-32,-4.8088988086123954e-18,0.0,4.80889880861242e-18
bell_Phi+,0.01,XZ,0.0,0.0,0.0,0.0,0.0,0.0
bell_Phi+,0.01,YI,0.0,0.0,0.0,0.0,0.0,0.0
bell_Phi+,0.01,YX,0.0,0.0,2.465190328815662e-32,4.8088988086123954e-18,0.0,4.808898808612371e-18
bell_Phi+,0.01,YY,-0.8514577710948749,-0.8514577710948749,-0.8514577710948749,-0.8514577710948749,0.0,0.0
bell_Phi+,0.01,YZ,0.0,0.0,0.0,0.0,0.0,0.0
bell_Phi+,0.01,ZI,2.7755575615628914e-17,2.7755575615628914e-17,0.0,2.7755575615628914e-17,0.0,2.7755575615628914e-17
bell_Phi+,0.01,ZX,0.0,0.0,0.0,0.0,0.0,0.0
bell_Phi+,0.01,ZY,0.0,0.0,0.0,0.0,0.0,0.0
bell_Phi+,0.01,ZZ,0.8557580628680814,0.8557580628680814,0.8557580628680812,0.8557580628680814,0.0,2.220446049250313e-16
bell_Phi+,0.01,randherm_00,-0.14464641630174596,-0.14464641630174593,-0.14464641630174604,-0.14464641630174596,2.7755575615628914e-17,8.326672684688674e-17
bell_Phi+,0.01,randherm_01,-0.34207177473566713,-0.3420717747356671,-0.3420717747356671,-0.3420717747356671,5.551115123125783e-17,0.0
bell_Phi+,0.01,randherm_02,0.03476858651712495,0.03476858651712496,0.03476858651712497,0.03476858651712495,6.938893903907228e-18,2.0816681711721685e-17
bell_Phi+,0.01,randherm_03,-0.3762672240725036,-0.3762672240725036,-0.37626722407250357,-0.37626722407250357,0.0,0.0
bell_Phi+,0.01,randherm_04,-0.19776139419414318,-0.19776139419414318,-0.19776139419414315,-0.19776139419414315,0.0,0.0
bell_Phi+,0.01,randherm_05,0.06864038582626647,0.06864038582626646,0.06864038582626647,0.06864038582626648,1.3877787807814457e-17,1.3877787807814457e-17
bell_Phi+,0.02,II,0.7694996578280626,0.7694996578280626,0.7694996578280626,0.7694996578280624,0.0,2.220446049250313e-16
bell_Phi+,0.02,IX,0.0,0.0,0.0,0.0,0.0,0.0
bell_Phi+,0.02,IY,0.0,0.0,0.0,0.0,0.0,0.0
bell_Phi+,0.02,IZ,-5.551115123125783e-17,-2.7755575615628914e-17,-5.551115123125783e-17,0.0,2.7755575615628914e-17,5.551115123125783e-17
bell_Phi+,0.02,XI,0.0,0.0,0.0,0.0,0.0,0.0
bell_Phi+,0.02,XX,0.7237977205924953,0.7237977205924953,0.7237977205924953,0.7237977205924953,0.0,0.0
bell_Phi+,0.02,XY,-2.356119995812337e-18,-2.641965283172031e-18,-2.35611999581234e-18,-2.641965283172031e-18,2.8584528735969396e-19,2.8584528735969087e-19
bell_Phi+,0.02,XZ,0.0,0.0,0.0,0.0,0.0,0.0
bell_Phi+,0.02,YI,0.0,0.0,0.0,0.0,0.0,0.0
bell_Phi+,0.02,YX,2.356119995812337e-18,2.641965283172034e-18,2.3561199958123384e-18,2.641965283172033e-18,2.8584528735969704e-19,2.8584528735969473e-19
bell_Phi+,0.02,YY,-0.7237977205924953,-0.7237977205924953,-0.7237977205924953,-0.7237977205924953,0.0,0.0
bell_Phi+,0.02,YZ,0.0,0.0,0.0,0.0,0.0,0.0
bell_Phi+,0.02,ZI,-5.551115123125783e-17,-2.7755575615628914e-17,-4.163336342344337e-17,0.0,2.7755575615628914e-17,4.163336342344337e-17
bell_Phi+,0.02,ZX,0.0,0.0,0.0,0.0,0.0,0.0
bell_Phi+,0.02,ZY,0.0,0.0,0.0,0.0,0.0,0.0
bell_Phi+,0.02,ZZ,0.7311834116189494,0.7311834116189493,0.7311834116189495,0.7311834116189493,1.1102230246251565e-16,2.220446049250313e-16
bell_Phi+,0.02,randherm_00,-0.1272866022796631,-0.1272866022796631,-0.1272866022796631,-0.1272866022796631,0.0,0.0
bell_Phi+,0.02,randherm_01,-0.29014375295318606,-0.29014375295318606,-0.29014375295318595,-0.290143752953186,0.0,5.551115123125783e-17
bell_Phi+,0.02,randherm_02,0.0303368872560211,0.030336887256021107,0.030336887256021128,0.030336887256021107,6.938893903907228e-18,2.0816681711721685e-17
bell_Phi+,0.02,randherm_03,-0.3190964371430714,-0.3190964371430714,-0.3190964371430714,-0.31909643714307145,0.0,5.551115123125783e-17
bell_Phi+,0.02,randherm_04,-0.16497210590992414,-0.16497210590992414,-0.16497210590992417,-0.16497210590992417,0.0,0.0
bell_Phi+,0.02,randherm_05,0.0587549897103567,0.0587549897103567,0.0587549897103567,0.0587549897103567,0.0,0.0
bell_Phi+,0.05,II,0.5154404691462413,0.5154404691462413,0.5154404691462415,0.5154404691462415,0.0,0.0
bell_Phi+,0.05,IX,0.0,0.0,0.0,0.0,0.0,0.0
bell_Phi+,0.05,IY,0.0,0.0,0.0,0.0,0.0,0.0
bell_Phi+,0.05,IZ,0.0,6.938893903907228e-17,2.7755575615628914e-17,1.3877787807814457e-17,6.938893903907228e-17,1.3877787807814457e-17
bell_Phi+,0.05,XI,0.0,0.0,0.0,0.0,0.0,0.0
bell_Phi+,0.05,XX,0.44012666865176525,0.4401266686517652,0.4401266686517652,0.4401266686517652,5.551115123125783e-17,0.0
bell_Phi+,0.05,XY,0.0,0.0,-4.622231866529366e-33,0.0,0.0,4.622231866529366e-33
bell_Phi+,0.05,XZ,0.0,0.0,0.0,0.0,0.0,0.0
bell_Phi+,0.05,YI,0.0,0.0,0.0,0.0,0.0,0.0
bell_Phi+,0.05,YX,0.0,0.0,-2.311115933264683e-33,0.0,0.0,2.311115933264683e-33
bell_Phi+,0.05,YY,-0.44012666865176514,-0.4401266686517652,-0.4401266686517652,-0.4401266686517652,5.551115123125783e-17,0.0
bell_Phi+,0.05,YZ,0.0,0.0,0.0,0.0,0.0,0.0
bell_Phi+,0.05,ZI,-2.7755575615628914e-17,8.326672684688674e-17,2.7755575615628914e-17,-2.7755575615628914e-17,1.1102230246251565e-16,5.551115123125783e-17
bell_Phi+,0.05,ZX,0.0,0.0,0.0,0.0,0.0,0.0
bell_Phi+,0.05,ZY,0.0,0.0,0.0,0.0,0.0,0.0
bell_Phi+,0.05,ZZ,0.4517089494057589,0.4517089494057589,0.451708949405759,0.451708949405759,0.0,0.0
bell_Phi+,0.05,randherm_00,-0.08619370414204305,-0.08619370414204303,-0.08619370414204308,-0.08619370414204308,2.7755575615628914e-17,0.0
bell_Phi+,0.05,randherm_01,-0.17507963767618817,-0.17507963767618817,-0.17507963767618817,-0.17507963767618817,0.0,0.0
bell_Phi+,0.05,randherm_02,0.019985023242000362,0.019985023242000362,0.01998502324200037,0.01998502324200037,0.0,0.0
bell_Phi+,0.05,randherm_03,-0.19235320788390403,-0.19235320788390403,-0.19235320788390411,-0.1923532078839041,0.0,2.7755575615628914e-17
bell_Phi+,0.05,randherm_04,-0.09384657774924512,-0.09384657774924515,-0.09384657774924512,-0.09384657774924512,2.7755575615628914e-17,0.0
bell_Phi+,0.05,randherm_05,0.03658956248547965,0.03658956248547965,0.03658956248547965,0.03658956248547964,0.0,6.938893903907228e-18
bell_Phi+,0.1,II,0.2587455534372074,0.2587455534372074,0.2587455534372074,0.25874555343720745,0.0,5.551115123125783e-17
bell_Phi+,0.1,IX,0.0,0.0,0.0,0.0,0.0,0.0
bell_Phi+,0.1,IY,0.0,0.0,0.0,0.0,0.0,0.0
bell_Phi+,0.1,IZ,-1.3877787807814457e-17,6.938893903907228e-18,-1.3877787807814457e-17,-1.3877787807814457e-17,2.0816681711721685e-17,0.0
bell_Phi+,0.1,XI,0.0,0.0,0.0,0.0,0.0,0.0
bell_Phi+,0.1,XX,0.18530201888518405,0.1853020188851841,0.18530201888518413,0.1853020188851841,5.551115123125783e-17,2.7755575615628914e-17
bell_Phi+,0.1,XY,-2.6647464679623208e-18,1.0478174738914017e-17,1.4903612010162397e-18,1.4051260155412146e-18,1.3142921206876338e-17,8.523518547502506e-20
bell_Phi+,0.1,XZ,0.0,0.0,0.0,0.0,0.0,0.0
bell_Phi+,0.1,YI,0.0,0.0,0.0,0.0,0.0,0.0
bell_Phi+,0.1,YX,-1.4550556312010842e-19,3.5730854164981164e-18,-1.4903612010162424e-18,1.4051260155412146e-18,3.718590979618225e-18,2.895487216557457e-18
bell_Phi+,0.1,YY,-0.18530201888518402,-0.18530201888518405,-0.18530201888518416,-0.18530201888518416,2.7755575615628914e-17,0.0
bell_Phi+,0.1,YZ,0.0,0.0,0.0,0.0,0.0,0.0
bell_Phi+,0.1,ZI,0.0,1.3877787807814457e-17,6.938893903907228e-18,0.0,1.3877787807814457e-17,6.938893903907228e-18
bell_Phi+,0.1,ZX,0.0,0.0,0.0,0.0,0.0,0.0
bell_Phi+,0.1,ZY,0.0,0.0,0.0,0.0,0.0,0.0
bell_Phi+,0.1,ZZ,0.19559657548991644,0.19559657548991644,0.1955965754899165,0.19559657548991655,0.0,5.551115123125783e-17
bell_Phi+,0.1,randherm_00,-0.04404120564328842,-0.04404120564328842,-0.04404120564328842,-0.04404120564328842,0.0,0.0
bell_Phi+,0.1,randherm_01,-0.07243809374439258,-0.07243809374439258,-0.07243809374439261,-0.07243809374439261,0.0,0.0
bell_Phi+,0.1,randherm_02,0.009685059501462128,0.009685059501462125,0.009685059501462121,0.009685059501462128,3.469446951953614e-18,6.938893903907228e-18
bell_Phi+,0.1,randherm_03,-0.07925322800513455,-0.07925322800513455,-0.07925322800513461,-0.0792532280051346,0.0,1.3877787807814457e-17
bell_Phi+,0.1,randherm_04,-0.03365196662854532,-0.033651966628545325,-0.033651966628545325,-0.033651966628545346,6.938893903907228e-18,2.0816681711721685e-17
bell_Phi+,0.1,randherm_05,0.01622767702762077,0.016227677027620777,0.016227677027620794,0.016227677027620794,6.938893903907228e-18,0.0
bell_Phi+,0.15,II,0.1262958532333438,0.1262958532333438,0.1262958532333438,0.1262958532333438,0.0,0.0
bell_Phi+,0.15,IX,0.0,0.0,0.0,0.0,0.0,0.0
bell_Phi+,0.15,IY,0.0,0.0,0.0,0.0,0.0,0.0
bell_Phi+,0.15,IZ,0.0,-6.938893903907228e-18,-3.469446951953614e-18,3.469446951953614e-18,6.938893903907228e-18,6.938893903907228e-18
bell_Phi+,0.15,XI,0.0,0.0,0.0,0.0,0.0,0.0
bell_Phi+,0.15,XX,0.07425108623606386,0.07425108623606386,0.07425108623606387,0.07425108623606388,0.0,1.3877787807814457e-17
bell_Phi+,0.15,XY,-5.617751709100295e-19,2.2851145240757387e-18,1.2756057035625425e-18,1.2264578670422716e-18,2.8468896949857682e-18,4.9147836520270925e-20
bell_Phi+,0.15,XZ,0.0,0.0,0.0,0.0,0.0,0.0
bell_Phi+,0.15,YI,0.0,0.0,0.0,0.0,0.0,0.0
bell_Phi+,0.15,YX,1.44801876575302e-18,2.7282363214972336e-18,1.2978736957318266e-19,2.6879844350970257e-20,1.2802175557442136e-18,1.029075252222124e-19
bell_Phi+,0.15,YY,-0.07425108623606386,-0.07425108623606386,-0.07425108623606387,-0.07425108623606388,0.0,1.3877787807814457e-17
bell_Phi+,0.15,YZ,0.0,0.0,0.0,0.0,0.0,0.0
bell_Phi+,0.15,ZI,6.938893903907228e-18,6.938893903907228e-18,-3.469446951953614e-18,0.0,0.0,3.469446951953614e-18
bell_Phi+,0.15,ZX,0.0,0.0,0.0,0.0,0.0,0.0
bell_Phi+,0.15,ZY,0.0,0.0,0.0,0.0,0.0,0.0
bell_Phi+,0.15,ZZ,0.08080265266865774,0.08080265266865774,0.08080265266865772,0.08080265266865772,0.0,0.0
bell_Phi+,0.15,randherm_00,-0.02186683885033211,-0.02186683885033211,-0.02186683885033211,-0.021866838850332113,0.0,3.469446951953614e-18
bell_Phi+,0.15,randherm_01,-0.028280730409002558,-0.028280730409002565,-0.028280730409002572,-0.028280730409002572,6.938893903907228e-18,0.0
bell_Phi+,0.15,randherm_02,0.0045194993424057545,0.0045194993424057545,0.004519499342405751,0.004519499342405752,0.0,8.673617379884035e-19
bell_Phi+,0.15,randherm_03,-0.030659303813519966,-0.030659303813519972,-0.030659303813519966,-0.03065930381351997,6.938893903907228e-18,3.469446951953614e-18
bell_Phi+,0.15,randherm_04,-0.010197468093902741,-0.010197468093902737,-0.010197468093902741,-0.010197468093902741,3.469446951953614e-18,0.0
bell_Phi+,0.15,randherm_05,0.006989795751132263,0.006989795751132264,0.006989795751132264,0.006989795751132265,8.673617379884035e-19,8.673617379884035e-19
bell_Phi+,0.2,II,0.059828894433280023,0.05982889443328002,0.05982889443328001,0.05982889443328004,6.938893903907228e-18,2.7755575615628914e-17
bell_Phi+,0.2,IX,0.0,0.0,0.0,0.0,0.0,0.0
bell_Phi+,0.2,IY,0.0,0.0,0.0,0.0,0.0,0.0
bell_Phi+,0.2,IZ,0.0,1.734723475976807e-18,1.734723475976807e-18,1.734723475976807e-18,1.734723475976807e-18,0.0
bell_Phi+,0.2,XI,0.0,0.0,0.0,0.0,0.0,0.0
bell_Phi+,0.2,XX,0.028147497671065613,0.028147497671065613,0.028147497671065613,0.028147497671065613,0.0,0.0
bell_Phi+,0.2,XY,-2.7406878629800377e-19,-2.1658510704067593e-19,-4.413406926869509e-20,5.025591531204252e-19,5.748367925732784e-20,5.466932223891203e-19
bell_Phi+,0.2,XZ,0.0,0.0,0.0,0.0,0.0,0.0
bell_Phi+,0.2,YI,0.0,0.0,0.0,0.0,0.0,0.0
bell_Phi+,0.2,YX,4.3665718393963785e-19,7.716966193532547e-19,4.366571839396382e-19,5.25523591921536e-20,3.3503943541361684e-19,3.8410482474748464e-19
bell_Phi+,0.2,YY,-0.028147497671065613,-0.028147497671065613,-0.028147497671065613,-0.02814749767106561,0.0,3.469446951953614e-18
bell_Phi+,0.2,YZ,0.0,0.0,0.0,0.0,0.0,0.0
bell_Phi+,0.2,ZI,0.0,-1.734723475976807e-18,3.469446951953614e-18,-1.734723475976807e-18,1.734723475976807e-18,5.204170427930421e-18
bell_Phi+,0.2,ZX,0.0,0.0,0.0,0.0,0.0,0.0
bell_Phi+,0.2,ZY,0.0,0.0,0.0,0.0,0.0,0.0
bell_Phi+,0.2,ZZ,0.03166593487994881,0.031665934879948815,0.03166593487994881,0.0316659348799488,6.938893903907228e-18,6.938893903907228e-18
bell_Phi+,0.2,randherm_00,-0.010528349019214421,-0.010528349019214421,-0.010528349019214423,-0.010528349019214423,0.0,0.0
bell_Phi+,0.2,randherm_01,-0.010300081459837164,-0.010300081459837164,-0.010300081459837164,-0.010300081459837162,0.0,1.734723475976807e-18
bell_Phi+,0.2,randherm_02,0.002026481820996461,0.002026481820996462,0.0020264818209964628,0.002026481820996461,8.673617379884035e-19,1.734723475976807e-18
bell_Phi+,0.2,randherm_03,-0.010964868509571148,-0.010964868509571148,-0.010964868509571147,-0.010964868509571148,0.0,1.734723475976807e-18
bell_Phi+,0.2,randherm_04,-0.002074250763778877,-0.0020742507637788775,-0.002074250763778876,-0.002074250763778874,4.336808689942018e-19,1.734723475976807e-18
bell_Phi+,0.2,randherm_05,0.002927415167494724,0.002927415167494724,0.002927415167494724,0.002927415167494724,0.0,0.0
bell_Phi+,0.3,II,0.012148554271367483,0.012148554271367478,0.012148554271367483,0.012148554271367481,5.204170427930421e-18,1.734723475976807e-18
bell_Phi+,0.3,IX,0.0,0.0,0.0,0.0,0.0,0.0
bell_Phi+,0.3,IY,0.0,0.0,0.0,0.0,0.0,0.0
bell_Phi+,0.3,IZ,2.168404344971009e-19,0.0,0.0,0.0,2.168404344971009e-19,0.0
bell_Phi+,0.3,XI,0.0,0.0,0.0,0.0,0.0,0.0
bell_Phi+,0.3,XX,0.003323293056960095,0.0033232930569600952,0.0033232930569600965,0.003323293056960096,4.336808689942018e-19,4.336808689942018e-19
bell_Phi+,0.3,XY,9.391422177185665e-21,-3.59543754030805e-20,-3.642631814369277e-20,0.0,4.5345797580266163e-20,3.642631814369277e-20
bell_Phi+,0.3,XZ,0.0,0.0,0.0,0.0,0.0,0.0
bell_Phi+,0.3,YI,0.0,0.0,0.0,0.0,0.0,0.0
bell_Phi+,0.3,YX,-9.391422177185653e-21,-1.7171531048709194e-20,1.4420847177997283e-20,5.312590645178969e-20,7.780108871523541e-21,3.870505927379241e-20
bell_Phi+,0.3,YY,-0.0033232930569600944,-0.0033232930569600944,-0.0033232930569600952,-0.0033232930569600952,0.0,0.0
bell_Phi+,0.3,YZ,0.0,0.0,0.0,0.0,0.0,0.0
bell_Phi+,0.3,ZI,-4.336808689942018e-19,0.0,3.2526065174565133e-19,-1.734723475976807e-18,4.336808689942018e-19,2.0599841277224584e-18
bell_Phi+,0.3,ZX,0.0,0.0,0.0,0.0,0.0,0.0
bell_Phi+,0.3,ZY,0.0,0.0,0.0,0.0,0.0,0.0
bell_Phi+,0.3,ZZ,0.004035427283451543,0.004035427283451543,0.004035427283451544,0.004035427283451544,0.0,0.0
bell_Phi+,0.3,randherm_00,-0.0022008327025815704,-0.002200832702581569,-0.00220083270258157,-0.002200832702581571,1.3010426069826053e-18,8.673617379884035e-19
bell_Phi+,0.3,randherm_01,-0.001021582279806976,-0.0010215822798069765,-0.0010215822798069767,-0.0010215822798069767,4.336808689942018e-19,0.0
bell_Phi+,0.3,randherm_02,0.0003584077265716972,0.00035840772657169716,0.000358407726571697,0.00035840772657169716,5.421010862427522e-20,1.6263032587282567e-19
bell_Phi+,0.3,randherm_03,-0.0009698765666326473,-0.0009698765666326475,-0.0009698765666326479,-0.0009698765666326476,2.168404344971009e-19,2.168404344971009e-19
bell_Phi+,0.3,randherm_04,0.0005487551917269343,0.0005487551917269336,0.0005487551917269333,0.0005487551917269342,6.505213034913027e-19,8.673617379884035e-19
bell_Phi+,0.3,randherm_05,0.0004754502682605007,0.00047545026826050076,0.00047545026826050104,0.0004754502682605008,5.421010862427522e-20,2.168404344971009e-19
bell_Phi+,0.5,II,0.0002899169921874999,0.0002899169921874999,0.0002899169921874999,0.0002899169921874999,0.0,0.0
bell_Phi+,0.5,IX,0.0,0.0,0.0,0.0,0.0,0.0
bell_Phi+,0.5,IY,0.0,0.0,0.0,0.0,0.0,0.0
bell_Phi+,0.5,IZ,-6.776263578034403e-21,6.776263578034403e-21,-1.1011428314305904e-20,-6.776263578034403e-21,1.3552527156068805e-20,4.235164736271502e-21
bell_Phi+,0.5,XI,0.0,0.0,0.0,0.0,0.0,0.0
bell_Phi+,0.5,XX,1.5258789062499993e-05,1.5258789062499993e-05,1.5258789062499992e-05,1.5258789062499993e-05,0.0,1.6940658945086007e-21
bell_Phi+,0.5,XY,-1.4973568522298564e-22,0.0,1.058791184067877e-22,1.0587911840678754e-22,1.4973568522298564e-22,1.6456920911512025e-37
bell_Phi+,0.5,XZ,0.0,0.0,0.0,0.0,0.0,0.0
bell_Phi+,0.5,YI,0.0,0.0,0.0,0.0,0.0,0.0
bell_Phi+,0.5,YX,-1.4973568522298564e-22,0.0,1.0587911840678742e-22,1.0587911840678754e-22,1.4973568522298564e-22,1.1754943508222875e-37
bell_Phi+,0.5,YY,-1.5258789062499993e-05,-1.5258789062499993e-05,-1.5258789062499992e-05,-1.5258789062499993e-05,0.0,1.6940658945086007e-21
bell_Phi+,0.5,YZ,0.0,0.0,0.0,0.0,0.0,0.0
bell_Phi+,0.5,ZI,2.710505431213761e-20,0.0,-1.3976043629695956e-20,0.0,2.710505431213761e-20,1.3976043629695956e-20
bell_Phi+,0.5,ZX,0.0,0.0,0.0,0.0,0.0,0.0
bell_Phi+,0.5,ZY,0.0,0.0,0.0,0.0,0.0,0.0
bell_Phi+,0.5,ZZ,2.288818359374998e-05,2.288818359374998e-05,2.2888183593749986e-05,2.2888183593749993e-05,0.0,6.776263578034403e-21
bell_Phi+,0.5,randherm_00,-5.4549410694165636e-05,-5.454941069416564e-05,-5.454941069416565e-05,-5.454941069416564e-05,6.776263578034403e-21,6.776263578034403e-21
bell_Phi+,0.5,randherm_01,5.272988004538648e-06,5.272988004538649e-06,5.272988004538648e-06,5.272988004538649e-06,8.470329472543003e-22,8.470329472543003e-22
bell_Phi+,0.5,randherm_02,6.218001843771022e-06,6.21800184377102e-06,6.21800184377102e-06,6.218001843771021e-06,2.541098841762901e-21,8.470329472543003e-22
bell_Phi+,0.5,randherm_03,1.341208882024387e-05,1.3412088820243877e-05,1.3412088820243874e-05,1.341208882024387e-05,6.776263578034403e-21,3.3881317890172014e-21
bell_Phi+,0.5,randherm_04,4.110806370257892e-05,4.1108063702578924e-05,4.110806370257894e-05,4.110806370257894e-05,6.776263578034403e-21,0.0
bell_Phi+,0.5,randherm_05,8.918105910999607e-06,8.918105910999605e-06,8.918105910999604e-06,8.918105910999607e-06,1.6940658945086007e-21,3.3881317890172014e-21
bell_Phi+,0.75,II,2.4121254682540883e-07,2.4121254682540883e-07,2.412125468254089e-07,2.4121254682540883e-07,0.0,5.293955920339377e-23
bell_Phi+,0.75,IX,0.0,0.0,0.0,0.0,0.0,0.0
bell_Phi+,0.75,IY,0.0,0.0,0.0,0.0,0.0,0.0
bell_Phi+,0.75,IZ,0.0,0.0,-7.031035206700735e-24,0.0,0.0,7.031035206700735e-24
bell_Phi+,0.75,XI,0.0,0.0,0.0,0.0,0.0,0.0
bell_Phi+,0.75,XX,2.3283064365386953e-10,2.3283064365386953e-10,2.328306436538695e-10,2.3283064365386953e-10,0.0,2.5849394142282115e-26
bell_Phi+,0.75,XY,-2.2847852359464362e-27,0.0,1.6155871338926347e-27,1.6155871338926322e-27,2.2847852359464362e-27,2.5111268480700722e-42
bell_Phi+,0.75,XZ,0.0,0.0,0.0,0.0,0.0,0.0
bell_Phi+,0.75,YI,0.0,0.0,0.0,0.0,0.0,0.0
bell_Phi+,0.75,YX,-2.2847852359464362e-27,0.0,1.6155871338926304e-27,1.6155871338926322e-27,2.2847852359464362e-27,1.793662034335766e-42
bell_Phi+,0.75,YY,-2.3283064365386953e-10,-2.3283064365386953e-10,-2.328306436538695e-10,-2.3283064365386953e-10,0.0,2.5849394142282115e-26
bell_Phi+,0.75,YZ,0.0,0.0,0.0,0.0,0.0,0.0
bell_Phi+,0.75,ZI,0.0,1.3234889800848443e-23,-5.37667398159468e-24,0.0,1.3234889800848443e-23,5.37667398159468e-24
bell_Phi+,0.75,ZX,0.0,0.0,0.0,0.0,0.0,0.0
bell_Phi+,0.75,ZY,0.0,0.0,0.0,0.0,0.0,0.0
bell_Phi+,0.75,ZZ,5.820766091346741e-10,5.820766091346741e-10,5.820766091346732e-10,5.820766091346741e-10,0.0,8.271806125530277e-25
bell_Phi+,0.75,randherm_00,-4.593321522490089e-08,-4.593321522490089e-08,-4.59332152249009e-08,-4.59332152249009e-08,0.0,0.0
bell_Phi+,0.75,randherm_01,1.060865373602255e-08,1.060865373602255e-08,1.060865373602255e-08,1.060865373602255e-08,0.0,0.0
bell_Phi+,0.75,randherm_02,4.308770779758681e-09,4.3087707797586824e-09,4.308770779758684e-09,4.308770779758684e-09,1.6543612251060553e-24,0.0
bell_Phi+,0.75,randherm_03,1.9579850847788738e-08,1.957985084778874e-08,1.9579850847788745e-08,1.957985084778875e-08,3.308722450212111e-24,6.617444900424222e-24
bell_Phi+,0.75,randherm_04,4.0569734160049324e-08,4.0569734160049324e-08,4.0569734160049324e-08,4.056973416004934e-08,0.0,1.3234889800848443e-23
bell_Phi+,0.75,randherm_05,7.2873808947489615e-09,7.287380894748958e-09,7.2873808947489565e-09,7.28738089474896e-09,3.308722450212111e-24,3.308722450212111e-24
bell_Phi+,1.0,II,0.0,0.0,0.0,0.0,0.0,0.0
bell_Phi+,1.0,IX,0.0,0.0,0.0,0.0,0.0,0.0
bell_Phi+,1.0,IY,0.0,0.0,0.0,0.0,0.0,0.0
bell_Phi+,1.0,IZ,0.0,0.0,0.0,0.0,0.0,0.0
bell_Phi+,1.0,XI,0.0,0.0,0.0,0.0,0.0,0.0
bell_Phi+,1.0,XX,0.0,0.0,0.0,0.0,0.0,0.0
bell_Phi+,1.0,XY,0.0,0.0,0.0,0.0,0.0,0.0
bell_Phi+,1.0,XZ,0.0,0.0,0.0,0.0,0.0,0.0
bell_Phi+,1.0,YI,0.0,0.0,0.0,0.0,0.0,0.0
bell_Phi+,1.0,YX,0.0,0.0,0.0,0.0,0.0,0.0
bell_Phi+,1.0,YY,0.0,0.0,0.0,0.0,0.0,0.0
bell_Phi+,1.0,YZ,0.0,0.0,0.0,0.0,0.0,0.0
bell_Phi+,1.0,ZI,0.0,0.0,0.0,0.0,0.0,0.0
bell_Phi+,1.0,ZX,0.0,0.0,0.0,0.0,0.0,0.0
bell_Phi+,1.0,ZY,0.0,0.0,0.0,0.0,0.0,0.0
bell_Phi+,1.0,ZZ,0.0,0.0,0.0,0.0,0.0,0.0
bell_Phi+,1.0,randherm_00,0.0,0.0,0.0,0.0,0.0,0.0
bell_Phi+,1.0,randherm_01,0.0,0.0,0.0,0.0,0.0,0.0
bell_Phi+,1.0,randherm_02,0.0,0.0,0.0,0.0,0.0,0.0
bell_Phi+,1.0,randherm_03,0.0,0.0,0.0,0.0,0.0,0.0
bell_Phi+,1.0,randherm_04,0.0,0.0,0.0,0.0,0.0,0.0
bell_Phi+,1.0,randherm_05,0.0,0.0,0.0,0.0,0.0,0.0
bell_Phi-,0.0,II,0.9999999999999996,0.9999999999999996,0.9999999999999996,0.9999999999999996,0.0,0.0
bell_Phi-,0.0,IX,0.0,0.0,0.0,0.0,0.0,0.0
bell_Phi-,0.0,IY,0.0,0.0,0.0,0.0,0.0,0.0
bell_Phi-,0.0,IZ,0.0,0.0,0.0,0.0,0.0,0.0
bell_Phi-,0.0,XI,0.0,0.0,0.0,0.0,0.0,0.0
bell_Phi-,0.0,XX,-0.9999999999999996,-0.9999999999999996,-0.9999999999999994,-0.9999999999999996,0.0,1.1102230246251565e-16
bell_Phi-,0.0,XY,9.813077866773587e-18,0.0,-6.938893903907239e-18,-6.938893903907228e-18,9.813077866773587e-18,1.0785207688568521e-32
bell_Phi-,0.0,XZ,0.0,0.0,0.0,0.0,0.0,0.0
bell_Phi-,0.0,YI,0.0,0.0,0.0,0.0,0.0,0.0
bell_Phi-,0.0,YX,9.813077866773587e-18,0.0,-6.938893903907221e-18,-6.938893903907228e-18,9.813077866773587e-18,7.703719777548943e-33
bell_Phi-,0.0,YY,0.9999999999999996,0.9999999999999996,0.9999999999999994,0.9999999999999996,0.0,1.1102230246251565e-16
bell_Phi-,0.0,YZ,0.0,0.0,0.0,0.0,0.0,0.0
bell_Phi-,0.0,ZI,0.0,0.0,0.0,-5.551115123125783e-17,0.0,5.551115123125783e-17
bell_Phi-,0.0,ZX,0.0,0.0,0.0,0.0,0.0,0.0
bell_Phi-,0.0,ZY,0.0,0.0,0.0,0.0,0.0,0.0
bell_Phi-,0.0,ZZ,0.9999999999999996,0.9999999999999996,0.9999999999999994,0.9999999999999994,0.0,0.0
bell_Phi-,0.0,randherm_00,-0.1434399833040875,-0.14343998330408753,-0.1434399833040875,-0.1434399833040875,2.7755575615628914e-17,0.0
bell_Phi-,0.0,randherm_01,0.27533447172110315,0.27533447172110315,0.27533447172110315,0.27533447172110315,0.0,0.0
bell_Phi-,0.0,randherm_02,0.19208685352875515,0.19208685352875518,0.1920868535287552,0.19208685352875515,2.7755575615628914e-17,5.551115123125783e-17
bell_Phi-,0.0,randherm_03,-0.019115643920616213,-0.01911564392061622,-0.01911564392061623,-0.01911564392061621,6.938893903907228e-18,2.0816681711721685e-17
bell_Phi-,0.0,randherm_04,0.13498752063981417,0.13498752063981417,0.13498752063981417,0.13498752063981417,0.0,0.0
bell_Phi-,0.0,randherm_05,-0.1823305878901454,-0.18233058789014542,-0.1823305878901454,-0.1823305878901454,2.7755575615628914e-17,0.0
bell_Phi-,1e-06,II,0.9999870000794986,0.9999870000794986,0.9999870000794989,0.9999870000794989,0.0,0.0
bell_Phi-,1e-06,IX,0.0,0.0,0.0,0.0,0.0,0.0
bell_Phi-,1e-06,IY,0.0,0.0,0.0,0.0,0.0,0.0
bell_Phi-,1e-06,IZ,-2.7755575615628914e-17,2.7755575615628914e-17,5.551115123125783e-17,5.551115123125783e-17,5.551115123125783e-17,0.0
bell_Phi-,1e-06,XI,0.0,0.0,0.0,0.0,0.0,0.0
bell_Phi-,1e-06,XX,-0.999984000119998,-0.999984000119998,-0.9999840001199984,-0.9999840001199984,0.0,0.0
bell_Phi-,1e-06,XY,0.0,0.0,-1.5407439555097887e-33,-6.162975822039155e-33,0.0,4.622231866529366e-33
bell_Phi-,1e-06,XZ,0.0,0.0,0.0,0.0,0.0,0.0
bell_Phi-,1e-06,YI,0.0,0.0,0.0,0.0,0.0,0.0
bell_Phi-,1e-06,YX,0.0,0.0,2.311115933264683e-33,6.162975822039155e-33,0.0,3.851859888774472e-33
bell_Phi-,1e-06,YY,0.999984000119998,0.999984000119998,0.999984000119998,0.9999840001199981,0.0,1.1102230246251565e-16
bell_Phi-,1e-06,YZ,0.0,0.0,0.0,0.0,0.0,0.0
bell_Phi-,1e-06,ZI,2.7755575615628914e-17,-2.7755575615628914e-17,4.163336342344337e-17,0.0,5.551115123125783e-17,4.163336342344337e-17
bell_Phi-,1e-06,ZX,0.0,0.0,0.0,0.0,0.0,0.0
bell_Phi-,1e-06,ZY,0.0,0.0,0.0,0.0,0.0,0.0
bell_Phi-,1e-06,ZZ,0.9999845001124983,0.9999845001124983,0.9999845001124986,0.9999845001124986,0.0,0.0
bell_Phi-,1e-06,randherm_00,-0.14343824144735184,-0.14343824144735184,-0.14343824144735184,-0.14343824144735187,0.0,2.7755575615628914e-17
bell_Phi-,1e-06,randherm_01,0.2753301460138351,0.2753301460138351,0.2753301460138351,0.2753301460138351,0.0,0.0
bell_Phi-,1e-06,randherm_02,0.1920838823792636,0.1920838823792636,0.19208388237926366,0.19208388237926366,0.0,0.0
bell_Phi-,1e-06,randherm_03,-0.019115248234490012,-0.01911524823449001,-0.01911524823449006,-0.019115248234490054,3.469446951953614e-18,6.938893903907228e-18
bell_Phi-,1e-06,randherm_04,0.1349857577596994,0.1349857577596994,0.13498575775969934,0.13498575775969934,0.0,0.0
bell_Phi-,1e-06,randherm_05,-0.18232762047917828,-0.18232762047917828,-0.18232762047917828,-0.18232762047917833,0.0,5.551115123125783e-17
bell_Phi-,0.0001,II,0.9987007946970803,0.9987007946970803,0.9987007946970804,0.9987007946970805,0.0,1.1102230246251565e-16
bell_Phi-,0.0001,IX,0.0,0.0,0.0,0.0,0.0,0.0
bell_Phi-,0.0001,IY,0.0,0.0,0.0,0.0,0.0,0.0
bell_Phi-,0.0001,IZ,5.551115123125783e-17,-2.7755575615628914e-17,0.0,0.0,8.326672684688674e-17,0.0
bell_Phi-,0.0001,XI,0.0,0.0,0.0,0.0,0.0,0.0
bell_Phi-,0.0001,XX,-0.9984011994401816,-0.9984011994401816,-0.9984011994401816,-0.9984011994401816,0.0,0.0
bell_Phi-,0.0001,XY,0.0,0.0,1.232595164407831e-32,0.0,0.0,1.232595164407831e-32
bell_Phi-,0.0001,XZ,0.0,0.0,0.0,0.0,0.0,0.0
bell_Phi-,0.0001,YI,0.0,0.0,0.0,0.0,0.0,0.0
bell_Phi-,0.0001,YX,0.0,0.0,1.232595164407831e-32,0.0,0.0,1.232595164407831e-32
bell_Phi-,0.0001,YY,0.9984011994401816,0.9984011994401816,0.9984011994401816,0.9984011994401816,0.0,0.0
bell_Phi-,0.0001,YZ,0.0,0.0,0.0,0.0,0.0,0.0
bell_Phi-,0.0001,ZI,5.551115123125783e-17,2.7755575615628914e-17,0.0,0.0,2.7755575615628914e-17,0.0
bell_Phi-,0.0001,ZX,0.0,0.0,0.0,0.0,0.0,0.0
bell_Phi-,0.0001,ZY,0.0,0.0,0.0,0.0,0.0,0.0
bell_Phi-,0.0001,ZZ,0.998451124492659,0.998451124492659,0.998451124492659,0.9984511244926593,0.0,2.220446049250313e-16
bell_Phi-,0.0001,randherm_00,-0.1432658943447121,-0.14326589434471204,-0.1432658943447121,-0.1432658943447121,5.551115123125783e-17,0.0
bell_Phi-,0.0001,randherm_01,0.274902218106444,0.274902218106444,0.274902218106444,0.274902218106444,0.0,0.0
bell_Phi-,0.0001,randherm_02,0.19178995229002474,0.1917899522900247,0.1917899522900247,0.19178995229002477,2.7755575615628914e-17,5.551115123125783e-17
bell_Phi-,0.0001,randherm_03,-0.019076107684102672,-0.01907610768410269,-0.019076107684102714,-0.01907610768410272,1.734723475976807e-17,6.938893903907228e-18
bell_Phi-,0.0001,randherm_04,0.13481134153329963,0.13481134153329966,0.13481134153329963,0.13481134153329966,2.7755575615628914e-17,2.7755575615628914e-17
bell_Phi-,0.0001,randherm_05,-0.1820340693939837,-0.18203406939398367,-0.1820340693939837,-0.1820340693939837,2.7755575615628914e-17,0.0
bell_Phi-,0.001,II,0.9870791978016873,0.9870791978016871,0.9870791978016873,0.9870791978016873,2.220446049250313e-16,0.0
bell_Phi-,0.001,IX,0.0,0.0,0.0,0.0,0.0,0.0
bell_Phi-,0.001,IY,0.0,0.0,0.0,0.0,0.0,0.0
bell_Phi-,0.001,IZ,2.7755575615628914e-17,-8.326672684688674e-17,-2.7755575615628914e-17,-1.1102230246251565e-16,1.1102230246251565e-16,8.326672684688674e-17
bell_Phi-,0.001,XI,0.0,0.0,0.0,0.0,0.0,0.0
bell_Phi-,0.001,XX,-0.9841194418156398,-0.9841194418156399,-0.9841194418156399,-0.98411944181564,1.1102230246251565e-16,1.1102230246251565e-16
bell_Phi-,0.001,XY,4.896730762058962e-18,0.0,-1.731255763748344e-18,6.925023054993317e-18,4.896730762058962e-18,8.656278818741661e-18
bell_Phi-,0.001,XZ,0.0,0.0,0.0,0.0,0.0,0.0
bell_Phi-,0.001,YI,0.0,0.0,0.0,0.0,0.0,0.0
bell_Phi-,0.001,YX,4.896730762058962e-18,0.0,-1.2118790346238328e-17,-6.925023054993317e-18,4.896730762058962e-18,5.19376729124501e-18
bell_Phi-,0.001,YY,0.9841194418156397,0.9841194418156399,0.9841194418156399,0.98411944181564,2.220446049250313e-16,1.1102230246251565e-16
bell_Phi-,0.001,YZ,0.0,0.0,0.0,0.0,0.0,0.0
bell_Phi-,0.001,ZI,2.7755575615628914e-17,-8.326672684688674e-17,-5.551115123125783e-17,-1.1102230246251565e-16,1.1102230246251565e-16,5.551115123125783e-17
bell_Phi-,0.001,ZX,0.0,0.0,0.0,0.0,0.0,0.0
bell_Phi-,0.001,ZY,0.0,0.0,0.0,0.0,0.0,0.0
bell_Phi-,0.001,ZZ,0.9846119940888207,0.9846119940888205,0.9846119940888207,0.9846119940888207,2.220446049250313e-16,0.0
bell_Phi-,0.001,randherm_00,-0.14170785605042624,-0.14170785605042624,-0.1417078560504263,-0.1417078560504263,0.0,0.0
bell_Phi-,0.001,randherm_01,0.27104063098572095,0.27104063098572106,0.27104063098572106,0.27104063098572106,1.1102230246251565e-16,0.0
bell_Phi-,0.001,randherm_02,0.18913718167810423,0.18913718167810423,0.18913718167810428,0.18913718167810425,0.0,2.7755575615628914e-17
bell_Phi-,0.001,randherm_03,-0.01872321106184113,-0.01872321106184107,-0.018723211061841105,-0.018723211061841074,5.898059818321144e-17,3.122502256758253e-17
bell_Phi-,0.001,randherm_04,0.13323559084408407,0.13323559084408415,0.1332355908440841,0.13323559084408415,8.326672684688674e-17,5.551115123125783e-17
bell_Phi-,0.001,randherm_05,-0.1793855447229596,-0.1793855447229596,-0.17938554472295964,-0.17938554472295964,0.0,0.0
bell_Phi-,0.005,II,0.9369501221779961,0.9369501221779961,0.9369501221779966,0.9369501221779963,0.0,2.220446049250313e-16
bell_Phi-,0.005,IX,0.0,0.0,0.0,0.0,0.0,0.0
bell_Phi-,0.005,IY,0.0,0.0,0.0,0.0,0.0,0.0
bell_Phi-,0.005,IZ,2.7755575615628914e-17,-1.1102230246251565e-16,-2.7755575615628914e-17,-2.7755575615628914e-17,1.3877787807814457e-16,0.0
bell_Phi-,0.005,XI,0.0,0.0,0.0,0.0,0.0,0.0
bell_Phi-,0.005,XX,-0.9229311239742357,-0.9229311239742357,-0.922931123974236,-0.9229311239742359,0.0,1.1102230246251565e-16
bell_Phi-,0.005,XY,9.715192415052521e-18,4.146217713067078e-18,2.8455139778367758e-18,6.869678437215761e-18,5.568974701985443e-18,4.024164459378985e-18
bell_Phi-,0.005,XZ,0.0,0.0,0.0,0.0,0.0,0.0
bell_Phi-,0.005,YI,0.0,0.0,0.0,0.0,0.0,0.0
bell_Phi-,0.005,YX,9.715192415052521e-18,-4.146217713067072e-18,-6.869678437215752e-18,6.869678437215749e-18,1.3861410128119594e-17,1.37393568744315e-17
bell_Phi-,0.005,YY,0.9229311239742357,0.9229311239742359,0.9229311239742358,0.9229311239742357,2.220446049250313e-16,1.1102230246251565e-16
bell_Phi-,0.005,YZ,0.0,0.0,0.0,0.0,0.0,0.0
bell_Phi-,0.005,ZI,-2.7755575615628914e-17,-1.1102230246251565e-16,5.551115123125783e-17,2.7755575615628914e-17,8.326672684688674e-17,2.7755575615628914e-17
bell_Phi-,0.005,ZX,0.0,0.0,0.0,0.0,0.0,0.0
bell_Phi-,0.005,ZY,0.0,0.0,0.0,0.0,0.0,0.0
bell_Phi-,0.005,ZZ,0.9252500463962816,0.9252500463962818,0.9252500463962817,0.9252500463962818,2.220446049250313e-16,1.1102230246251565e-16
bell_Phi-,0.005,randherm_00,-0.1349708479388249,-0.1349708479388249,-0.13497084793882494,-0.1349708479388249,0.0,2.7755575615628914e-17
bell_Phi-,0.005,randherm_01,0.25448868302637695,0.2544886830263769,0.25448868302637695,0.2544886830263769,5.551115123125783e-17,5.551115123125783e-17
bell_Phi-,0.005,randherm_02,0.1777588761314604,0.1777588761314604,0.17775887613146044,0.17775887613146044,0.0,0.0
bell_Phi-,0.005,randherm_03,-0.017217100927147493,-0.017217100927147518,-0.0172171009271475,-0.017217100927147528,2.42861286636753e-17,2.7755575615628914e-17
bell_Phi-,0.005,randherm_04,0.12644280028728633,0.12644280028728638,0.12644280028728633,0.12644280028728633,5.551115123125783e-17,0.0
bell_Phi-,0.005,randherm_05,-0.16804282049490887,-0.16804282049490887,-0.16804282049490885,-0.16804282049490882,0.0,2.7755575615628914e-17
bell_Phi-,0.01,II,0.8776548783289342,0.8776548783289342,0.8776548783289346,0.8776548783289344,0.0,2.220446049250313e-16
bell_Phi-,0.01,IX,0.0,0.0,0.0,0.0,0.0,0.0
bell_Phi-,0.01,IY,0.0,0.0,0.0,0.0,0.0,0.0
bell_Phi-,0.01,IZ,2.7755575615628914e-17,8.326672684688674e-17,-2.7755575615628914e-17,-2.7755575615628914e-17,5.551115123125783e-17,0.0
bell_Phi-,0.01,XI,0.0,0.0,0.0,0.0,0.0,0.0
bell_Phi-,0.01,XX,-0.8514577710948749,-0.8514577710948749,-0.8514577710948749,-0.8514577710948749,0.0,0.0
bell_Phi-,0.01,XY,0.0,0.0,-2.465190328815662e-32,4.8088988086123954e-18,0.0,4.80889880861242e-18
bell_Phi-,0.01,XZ,0.0,0.0,0.0,0.0,0.0,0.0
bell_Phi-,0.01,YI,0.0,0.0,0.0,0.0,0.0,0.0
bell_Phi-,0.01,YX,0.0,0.0,-2.465190328815662e-32,-4.8088988086123954e-18,0.0,4.808898808612371e-18
bell_Phi-,0.01,YY,0.8514577710948749,0.8514577710948749,0.8514577710948749,0.8514577710948749,0.0,0.0
bell_Phi-,0.01,YZ,0.0,0.0,0.0,0.0,0.0,0.0
bell_Phi-,0.01,ZI,2.7755575615628914e-17,2.7755575615628914e-17,0.0,2.7755575615628914e-17,0.0,2.7755575615628914e-17
bell_Phi-,0.01,ZX,0.0,0.0,0.0,0.0,0.0,0.0
bell_Phi-,0.01,ZY,0.0,0.0,0.0,0.0,0.0,0.0
bell_Phi-,0.01,ZZ,0.8557580628680814,0.8557580628680814,0.8557580628680812,0.8557580628680814,0.0,2.220446049250313e-16
bell_Phi-,0.01,randherm_00,-0.12696601833786558,-0.12696601833786558,-0.12696601833786564,-0.12696601833786564,0.0,0.0
bell_Phi-,0.01,randherm_01,0.23513800781827437,0.23513800781827437,0.23513800781827443,0.23513800781827437,0.0,5.551115123125783e-17
bell_Phi-,0.01,randherm_02,0.16443998107229424,0.16443998107229424,0.16443998107229424,0.16443998107229424,0.0,0.0
bell_Phi-,0.01,randherm_03,-0.015471023213145153,-0.015471023213145169,-0.0154710232131451,-0.015471023213145137,1.5612511283791264e-17,3.8163916471489756e-17
bell_Phi-,0.01,randherm_04,0.11841659996839123,0.11841659996839121,0.11841659996839127,0.11841659996839125,1.3877787807814457e-17,1.3877787807814457e-17
bell_Phi-,0.01,randherm_05,-0.15480355594130446,-0.15480355594130446,-0.15480355594130443,-0.15480355594130443,0.0,0.0
bell_Phi-,0.02,II,0.7694996578280626,0.7694996578280626,0.7694996578280626,0.7694996578280624,0.0,2.220446049250313e-16
bell_Phi-,0.02,IX,0.0,0.0,0.0,0.0,0.0,0.0
bell_Phi-,0.02,IY,0.0,0.0,0.0,0.0,0.0,0.0
bell_Phi-,0.02,IZ,-5.551115123125783e-17,-2.7755575615628914e-17,-5.551115123125783e-17,0.0,2.7755575615628914e-17,5.551115123125783e-17
bell_Phi-,0.02,XI,0.0,0.0,0.0,0.0,0.0,0.0
bell_Phi-,0.02,XX,-0.7237977205924953,-0.7237977205924953,-0.7237977205924953,-0.7237977205924953,0.0,0.0
bell_Phi-,0.02,XY,2.356119995812337e-18,2.641965283172031e-18,2.35611999581234e-18,2.641965283172031e-18,2.8584528735969396e-19,2.8584528735969087e-19
bell_Phi-,0.02,XZ,0.0,0.0,0.0,0.0,0.0,0.0
bell_Phi-,0.02,YI,0.0,0.0,0.0,0.0,0.0,0.0
bell_Phi-,0.02,YX,-2.356119995812337e-18,-2.641965283172034e-18,-2.3561199958123384e-18,-2.641965283172033e-18,2.8584528735969704e-19,2.8584528735969473e-19
bell_Phi-,0.02,YY,0.7237977205924953,0.7237977205924953,0.7237977205924953,0.7237977205924953,0.0,0.0
bell_Phi-,0.02,YZ,0.0,0.0,0.0,0.0,0.0,0.0
bell_Phi-,0.02,ZI,-5.551115123125783e-17,-2.7755575615628914e-17,-4.163336342344337e-17,0.0,2.7755575615628914e-17,4.163336342344337e-17
bell_Phi-,0.02,ZX,0.0,0.0,0.0,0.0,0.0,0.0
bell_Phi-,0.02,ZY,0.0,0.0,0.0,0.0,0.0,0.0
bell_Phi-,0.02,ZZ,0.7311834116189494,0.7311834116189493,0.7311834116189495,0.7311834116189493,1.1102230246251565e-16,2.220446049250313e-16
bell_Phi-,0.02,randherm_00,-0.11225704687497251,-0.11225704687497251,-0.11225704687497251,-0.1122570468749725,0.0,1.3877787807814457e-17
bell_Phi-,0.02,randherm_01,0.20052429788744763,0.20052429788744766,0.20052429788744763,0.20052429788744766,2.7755575615628914e-17,2.7755575615628914e-17
bell_Phi-,0.02,randherm_02,0.14056649932990467,0.14056649932990467,0.1405664993299047,0.14056649932990467,0.0,2.7755575615628914e-17
bell_Phi-,0.02,randherm_03,-0.012394828859391228,-0.012394828859391211,-0.012394828859391242,-0.0123948288593912,1.734723475976807e-17,4.163336342344337e-17
bell_Phi-,0.02,randherm_04,0.10380095512171902,0.10380095512171902,0.10380095512171897,0.103800955121719,0.0,2.7755575615628914e-17
bell_Phi-,0.02,randherm_05,-0.13118774288530277,-0.1311877428853028,-0.13118774288530277,-0.13118774288530277,2.7755575615628914e-17,0.0
bell_Phi-,0.05,II,0.5154404691462413,0.5154404691462413,0.5154404691462415,0.5154404691462415,0.0,0.0
bell_Phi-,0.05,IX,0.0,0.0,0.0,0.0,0.0,0.0
bell_Phi-,0.05,IY,0.0,0.0,0.0,0.0,0.0,0.0
bell_Phi-,0.05,IZ,0.0,6.938893903907228e-17,2.7755575615628914e-17,1.3877787807814457e-17,6.938893903907228e-17,1.3877787807814457e-17
bell_Phi-,0.05,XI,0.0,0.0,0.0,0.0,0.0,0.0
bell_Phi-,0.05,XX,-0.44012666865176525,-0.4401266686517652,-0.4401266686517652,-0.4401266686517652,5.551115123125783e-17,0.0
bell_Phi-,0.05,XY,0.0,0.0,4.622231866529366e-33,0.0,0.0,4.622231866529366e-33
bell_Phi-,0.05,XZ,0.0,0.0,0.0,0.0,0.0,0.0
bell_Phi-,0.05,YI,0.0,0.0,0.0,0.0,0.0,0.0
bell_Phi-,0.05,YX,0.0,0.0,2.311115933264683e-33,0.0,0.0,2.311115933264683e-33
bell_Phi-,0.05,YY,0.44012666865176514,0.4401266686517652,0.4401266686517652,0.4401266686517652,5.551115123125783e-17,0.0
bell_Phi-,0.05,YZ,0.0,0.0,0.0,0.0,0.0,0.0
bell_Phi-,0.05,ZI,-2.7755575615628914e-17,8.326672684688674e-17,2.7755575615628914e-17,-2.7755575615628914e-17,1.1102230246251565e-16,5.551115123125783e-17
bell_Phi-,0.05,ZX,0.0,0.0,0.0,0.0,0.0,0.0
bell_Phi-,0.05,ZY,0.0,0.0,0.0,0.0,0.0,0.0
bell_Phi-,0.05,ZZ,0.4517089494057589,0.4517089494057589,0.451708949405759,0.451708949405759,0.0,0.0
bell_Phi-,0.05,randherm_00,-0.07705453726794914,-0.07705453726794914,-0.07705453726794918,-0.07705453726794916,0.0,2.7755575615628914e-17
bell_Phi-,0.05,randherm_01,0.12328562168600361,0.12328562168600363,0.12328562168600361,0.12328562168600363,1.3877787807814457e-17,1.3877787807814457e-17
bell_Phi-,0.05,randherm_02,0.08701340778725805,0.08701340778725808,0.08701340778725808,0.08701340778725808,2.7755575615628914e-17,0.0
bell_Phi-,0.05,randherm_03,-0.00585419955111322,-0.005854199551113214,-0.005854199551113243,-0.005854199551113229,6.071532165918825e-18,1.3877787807814457e-17
bell_Phi-,0.05,randherm_04,0.06958885263365241,0.06958885263365239,0.06958885263365243,0.06958885263365241,2.7755575615628914e-17,1.3877787807814457e-17
bell_Phi-,0.05,randherm_05,-0.07891074893233924,-0.07891074893233924,-0.07891074893233924,-0.07891074893233924,0.0,0.0
bell_Phi-,0.1,II,0.2587455534372074,0.2587455534372074,0.2587455534372074,0.25874555343720745,0.0,5.551115123125783e-17
bell_Phi-,0.1,IX,0.0,0.0,0.0,0.0,0.0,0.0
bell_Phi-,0.1,IY,0.0,0.0,0.0,0.0,0.0,0.0
bell_Phi-,0.1,IZ,-1.3877787807814457e-17,6.938893903907228e-18,-1.3877787807814457e-17,-1.3877787807814457e-17,2.0816681711721685e-17,0.0
bell_Phi-,0.1,XI,0.0,0.0,0.0,0.0,0.0,0.0
bell_Phi-,0.1,XX,-0.18530201888518405,-0.1853020188851841,-0.18530201888518413,-0.1853020188851841,5.551115123125783e-17,2.7755575615628914e-17
bell_Phi-,0.1,XY,2.6647464679623208e-18,-1.0478174738914017e-17,-1.4903612010162397e-18,-1.4051260155412146e-18,1.3142921206876338e-17,8.523518547502506e-20
bell_Phi-,0.1,XZ,0.0,0.0,0.0,0.0,0.0,0.0
bell_Phi-,0.1,YI,0.0,0.0,0.0,0.0,0.0,0.0
bell_Phi-,0.1,YX,1.4550556312010842e-19,-3.5730854164981164e-18,1.4903612010162424e-18,-1.4051260155412146e-18,3.718590979618225e-18,2.895487216557457e-18
bell_Phi-,0.1,YY,0.18530201888518402,0.18530201888518405,0.18530201888518416,0.18530201888518416,2.7755575615628914e-17,0.0
bell_Phi-,0.1,YZ,0.0,0.0,0.0,0.0,0.0,0.0
bell_Phi-,0.1,ZI,0.0,1.3877787807814457e-17,6.938893903907228e-18,0.0,1.3877787807814457e-17,6.938893903907228e-18
bell_Phi-,0.1,ZX,0.0,0.0,0.0,0.0,0.0,0.0
bell_Phi-,0.1,ZY,0.0,0.0,0.0,0.0,0.0,0.0
bell_Phi-,0.1,ZZ,0.19559657548991644,0.19559657548991644,0.1955965754899165,0.19559657548991655,0.0,5.551115123125783e-17
bell_Phi-,0.1,randherm_00,-0.040193435913983236,-0.04019343591398323,-0.04019343591398325,-0.04019343591398325,6.938893903907228e-18,0.0
bell_Phi-,0.1,randherm_01,0.05317957240244148,0.05317957240244149,0.05317957240244151,0.0531795724024415,1.3877787807814457e-17,1.3877787807814457e-17
bell_Phi-,0.1,randherm_02,0.037905333035207024,0.03790533303520703,0.03790533303520705,0.037905333035207045,6.938893903907228e-18,6.938893903907228e-18
bell_Phi-,0.1,randherm_03,-0.0007334626157434049,-0.0007334626157434021,-0.0007334626157433893,-0.000733462615743391,2.8189256484623115e-18,1.734723475976807e-18
bell_Phi-,0.1,randherm_04,0.03515757699690979,0.03515757699690979,0.03515757699690981,0.035157576996909815,0.0,6.938893903907228e-18
bell_Phi-,0.1,randherm_05,-0.032400234916800025,-0.03240023491680004,-0.03240023491680006,-0.03240023491680005,1.3877787807814457e-17,6.938893903907228e-18
bell_Phi-,0.15,II,0.1262958532333438,0.1262958532333438,0.1262958532333438,0.1262958532333438,0.0,0.0
bell_Phi-,0.15,IX,0.0,0.0,0.0,0.0,0.0,0.0
bell_Phi-,0.15,IY,0.0,0.0,0.0,0.0,0.0,0.0
bell_Phi-,0.15,IZ,0.0,-6.938893903907228e-18,-3.469446951953614e-18,3.469446951953614e-18,6.938893903907228e-18,6.938893903907228e-18
bell_Phi-,0.15,XI,0.0,0.0,0.0,0.0,0.0,0.0
bell_Phi-,0.15,XX,-0.07425108623606386,-0.07425108623606386,-0.07425108623606387,-0.07425108623606388,0.0,1.3877787807814457e-17
bell_Phi-,0.15,XY,5.617751709100295e-19,-2.2851145240757387e-18,-1.2756057035625425e-18,-1.2264578670422716e-18,2.8468896949857682e-18,4.9147836520270925e-20
bell_Phi-,0.15,XZ,0.0,0.0,0.0,0.0,0.0,0.0
bell_Phi-,0.15,YI,0.0,0.0,0.0,0.0,0.0,0.0
bell_Phi-,0.15,YX,-1.44801876575302e-18,-2.7282363214972336e-18,-1.2978736957318266e-19,-2.6879844350970257e-20,1.2802175557442136e-18,1.029075252222124e-19
bell_Phi-,0.15,YY,0.07425108623606386,0.07425108623606386,0.07425108623606387,0.07425108623606388,0.0,1.3877787807814457e-17
bell_Phi-,0.15,YZ,0.0,0.0,0.0,0.0,0.0,0.0
bell_Phi-,0.15,ZI,6.938893903907228e-18,6.938893903907228e-18,-3.469446951953614e-18,0.0,0.0,3.469446951953614e-18
bell_Phi-,0.15,ZX,0.0,0.0,0.0,0.0,0.0,0.0
bell_Phi-,0.15,ZY,0.0,0.0,0.0,0.0,0.0,0.0
bell_Phi-,0.15,ZZ,0.08080265266865774,0.08080265266865774,0.08080265266865772,0.08080265266865772,0.0,0.0
bell_Phi-,0.15,randherm_00,-0.02032502574054522,-0.02032502574054522,-0.02032502574054522,-0.02032502574054522,0.0,0.0
bell_Phi-,0.15,randherm_01,0.022054652971903604,0.022054652971903607,0.022054652971903614,0.022054652971903618,3.469446951953614e-18,3.469446951953614e-18
bell_Phi-,0.15,randherm_02,0.015827449338664222,0.015827449338664222,0.015827449338664222,0.015827449338664226,0.0,3.469446951953614e-18
bell_Phi-,0.15,randherm_03,0.000803806552134773,0.0008038065521347713,0.0008038065521347795,0.000803806552134783,1.734723475976807e-18,3.469446951953614e-18
bell_Phi-,0.15,randherm_04,0.01737472668484704,0.01737472668484704,0.017374726684847047,0.017374726684847047,0.0,0.0
bell_Phi-,0.15,randherm_05,-0.012495557430595019,-0.012495557430595015,-0.012495557430595015,-0.01249555743059502,3.469446951953614e-18,5.204170427930421e-18
bell_Phi-,0.2,II,0.059828894433280023,0.05982889443328002,0.05982889443328001,0.05982889443328004,6.938893903907228e-18,2.7755575615628914e-17
bell_Phi-,0.2,IX,0.0,0.0,0.0,0.0,0.0,0.0
bell_Phi-,0.2,IY,0.0,0.0,0.0,0.0,0.0,0.0
bell_Phi-,0.2,IZ,0.0,1.734723475976807e-18,1.734723475976807e-18,1.734723475976807e-18,1.734723475976807e-18,0.0
bell_Phi-,0.2,XI,0.0,0.0,0.0,0.0,0.0,0.0
bell_Phi-,0.2,XX,-0.028147497671065613,-0.028147497671065613,-0.028147497671065613,-0.028147497671065613,0.0,0.0
bell_Phi-,0.2,XY,2.7406878629800377e-19,2.1658510704067593e-19,4.413406926869509e-20,-5.025591531204252e-19,5.748367925732784e-20,5.466932223891203e-19
bell_Phi-,0.2,XZ,0.0,0.0,0.0,0.0,0.0,0.0
bell_Phi-,0.2,YI,0.0,0.0,0.0,0.0,0.0,0.0
bell_Phi-,0.2,YX,-4.3665718393963785e-19,-7.716966193532547e-19,-4.366571839396382e-19,-5.25523591921536e-20,3.3503943541361684e-19,3.8410482474748464e-19
bell_Phi-,0.2,YY,0.028147497671065613,0.028147497671065613,0.028147497671065613,0.02814749767106561,0.0,3.469446951953614e-18
bell_Phi-,0.2,YZ,0.0,0.0,0.0,0.0,0.0,0.0
bell_Phi-,0.2,ZI,0.0,-1.734723475976807e-18,3.469446951953614e-18,-1.734723475976807e-18,1.734723475976807e-18,5.204170427930421e-18
bell_Phi-,0.2,ZX,0.0,0.0,0.0,0.0,0.0,0.0
bell_Phi-,0.2,ZY,0.0,0.0,0.0,0.0,0.0,0.0
bell_Phi-,0.2,ZZ,0.03166593487994881,0.031665934879948815,0.03166593487994881,0.0316659348799488,6.938893903907228e-18,6.938893903907228e-18
bell_Phi-,0.2,randherm_00,-0.00994387028473543,-0.00994387028473543,-0.009943870284735432,-0.009943870284735432,0.0,0.0
bell_Phi-,0.2,randherm_01,0.008781324056330253,0.00878132405633025,0.008781324056330251,0.008781324056330251,3.469446951953614e-18,0.0
bell_Phi-,0.2,randherm_02,0.006313159798639534,0.006313159798639535,0.006313159798639534,0.006313159798639534,8.673617379884035e-19,0.0
bell_Phi-,0.2,randherm_03,0.000962335126563755,0.0009623351265637547,0.0009623351265637568,0.0009623351265637551,2.168404344971009e-19,1.734723475976807e-18
bell_Phi-,0.2,randherm_04,0.008377963845629485,0.008377963845629487,0.008377963845629487,0.008377963845629489,1.734723475976807e-18,1.734723475976807e-18
bell_Phi-,0.2,randherm_05,-0.004459196410938587,-0.004459196410938587,-0.0044591964109385865,-0.0044591964109385865,0.0,0.0
bell_Phi-,0.3,II,0.012148554271367483,0.012148554271367478,0.012148554271367483,0.012148554271367481,5.204170427930421e-18,1.734723475976807e-18
bell_Phi-,0.3,IX,0.0,0.0,0.0,0.0,0.0,0.0
bell_Phi-,0.3,IY,0.0,0.0,0.0,0.0,0.0,0.0
bell_Phi-,0.3,IZ,2.168404344971009e-19,0.0,0.0,0.0,2.168404344971009e-19,0.0
bell_Phi-,0.3,XI,0.0,0.0,0.0,0.0,0.0,0.0
bell_Phi-,0.3,XX,-0.003323293056960095,-0.0033232930569600952,-0.0033232930569600965,-0.003323293056960096,4.336808689942018e-19,4.336808689942018e-19
bell_Phi-,0.3,XY,-9.391422177185665e-21,3.59543754030805e-20,3.642631814369277e-20,0.0,4.5345797580266163e-20,3.642631814369277e-20
bell_Phi-,0.3,XZ,0.0,0.0,0.0,0.0,0.0,0.0
bell_Phi-,0.3,YI,0.0,0.0,0.0,0.0,0.0,0.0
bell_Phi-,0.3,YX,9.391422177185653e-21,1.7171531048709194e-20,-1.4420847177997283e-20,-5.312590645178969e-20,7.780108871523541e-21,3.870505927379241e-20
bell_Phi-,0.3,YY,0.0033232930569600944,0.0033232930569600944,0.0033232930569600952,0.0033232930569600952,0.0,0.0
bell_Phi-,0.3,YZ,0.0,0.0,0.0,0.0,0.0,0.0
bell_Phi-,0.3,ZI,-4.336808689942018e-19,0.0,3.2526065174565133e-19,-1.734723475976807e-18,4.336808689942018e-19,2.0599841277224584e-18
bell_Phi-,0.3,ZX,0.0,0.0,0.0,0.0,0.0,0.0
bell_Phi-,0.3,ZY,0.0,0.0,0.0,0.0,0.0,0.0
bell_Phi-,0.3,ZZ,0.004035427283451543,0.004035427283451543,0.004035427283451544,0.004035427283451544,0.0,0.0
bell_Phi-,0.3,randherm_00,-0.00213182500097577,-0.002131825000975769,-0.0021318250009757698,-0.00213182500097577,1.3010426069826053e-18,4.336808689942018e-19
bell_Phi-,0.3,randherm_01,0.0012313036857580944,0.001231303685758094,0.0012313036857580944,0.0012313036857580944,4.336808689942018e-19,0.0
bell_Phi-,0.3,randherm_02,0.0008645233083901516,0.0008645233083901516,0.0008645233083901518,0.0008645233083901518,0.0,0.0
bell_Phi-,0.3,randherm_03,0.00043833362299504477,0.00043833362299504434,0.0004383336229950448,0.00043833362299504477,4.336808689942018e-19,5.421010862427522e-20
bell_Phi-,0.3,randherm_04,0.0017828177235807167,0.0017828177235807163,0.0017828177235807165,0.0017828177235807176,4.336808689942018e-19,1.0842021724855044e-18
bell_Phi-,0.3,randherm_05,-0.00039666544376254693,-0.0003966654437625469,-0.0003966654437625471,-0.0003966654437625472,5.421010862427522e-20,1.0842021724855044e-19
bell_Phi-,0.5,II,0.0002899169921874999,0.0002899169921874999,0.0002899169921874999,0.0002899169921874999,0.0,0.0
bell_Phi-,0.5,IX,0.0,0.0,0.0,0.0,0.0,0.0
bell_Phi-,0.5,IY,0.0,0.0,0.0,0.0,0.0,0.0
bell_Phi-,0.5,IZ,-6.776263578034403e-21,6.776263578034403e-21,-1.1011428314305904e-20,-6.776263578034403e-21,1.3552527156068805e-20,4.235164736271502e-21
bell_Phi-,0.5,XI,0.0,0.0,0.0,0.0,0.0,0.0
bell_Phi-,0.5,XX,-1.5258789062499993e-05,-1.5258789062499993e-05,-1.5258789062499992e-05,-1.5258789062499993e-05,0.0,1.6940658945086007e-21
bell_Phi-,0.5,XY,1.4973568522298564e-22,0.0,-1.058791184067877e-22,-1.0587911840678754e-22,1.4973568522298564e-22,1.6456920911512025e-37
bell_Phi-,0.5,XZ,0.0,0.0,0.0,0.0,0.0,0.0
bell_Phi-,0.5,YI,0.0,0.0,0.0,0.0,0.0,0.0
bell_Phi-,0.5,YX,1.4973568522298564e-22,0.0,-1.0587911840678742e-22,-1.0587911840678754e-22,1.4973568522298564e-22,1.1754943508222875e-37
bell_Phi-,0.5,YY,1.5258789062499993e-05,1.5258789062499993e-05,1.5258789062499992e-05,1.5258789062499993e-05,0.0,1.6940658945086007e-21
bell_Phi-,0.5,YZ,0.0,0.0,0.0,0.0,0.0,0.0
bell_Phi-,0.5,ZI,2.710505431213761e-20,0.0,-1.3976043629695956e-20,0.0,2.710505431213761e-20,1.3976043629695956e-20
bell_Phi-,0.5,ZX,0.0,0.0,0.0,0.0,0.0,0.0
bell_Phi-,0.5,ZY,0.0,0.0,0.0,0.0,0.0,0.0
bell_Phi-,0.5,ZZ,2.288818359374998e-05,2.288818359374998e-05,2.2888183593749986e-05,2.2888183593749993e-05,0.0,6.776263578034403e-21
bell_Phi-,0.5,randherm_00,-5.423256413731879e-05,-5.4232564137318794e-05,-5.42325641373188e-05,-5.42325641373188e-05,6.776263578034403e-21,0.0
bell_Phi-,0.5,randherm_01,1.561703866189144e-05,1.561703866189144e-05,1.5617038661891434e-05,1.561703866189144e-05,0.0,6.776263578034403e-21
bell_Phi-,0.5,randherm_02,8.541814631824215e-06,8.541814631824212e-06,8.541814631824212e-06,8.541814631824213e-06,3.3881317890172014e-21,1.6940658945086007e-21
bell_Phi-,0.5,randherm_03,1.9877838867231097e-05,1.987783886723111e-05,1.9877838867231107e-05,1.98778388672311e-05,1.3552527156068805e-20,6.776263578034403e-21
bell_Phi-,0.5,randherm_04,4.6774220595981555e-05,4.677422059598156e-05,4.677422059598157e-05,4.677422059598157e-05,6.776263578034403e-21,0.0
bell_Phi-,0.5,randherm_05,4.913815750677623e-06,4.913815750677621e-06,4.913815750677621e-06,4.913815750677621e-06,1.6940658945086007e-21,0.0
bell_Phi-,0.75,II,2.4121254682540883e-07,2.4121254682540883e-07,2.412125468254089e-07,2.4121254682540883e-07,0.0,5.293955920339377e-23
bell_Phi-,0.75,IX,0.0,0.0,0.0,0.0,0.0,0.0
bell_Phi-,0.75,IY,0.0,0.0,0.0,0.0,0.0,0.0
bell_Phi-,0.75,IZ,0.0,0.0,-7.031035206700735e-24,0.0,0.0,7.031035206700735e-24
bell_Phi-,0.75,XI,0.0,0.0,0.0,0.0,0.0,0.0
bell_Phi-,0.75,XX,-2.3283064365386953e-10,-2.3283064365386953e-10,-2.328306436538695e-10,-2.3283064365386953e-10,0.0,2.5849394142282115e-26
bell_Phi-,0.75,XY,2.2847852359464362e-27,0.0,-1.6155871338926347e-27,-1.6155871338926322e-27,2.2847852359464362e-27,2.5111268480700722e-42
bell_Phi-,0.75,XZ,0.0,0.0,0.0,0.0,0.0,0.0
bell_Phi-,0.75,YI,0.0,0.0,0.0,0.0,0.0,0.0
bell_Phi-,0.75,YX,2.2847852359464362e-27,0.0,-1.6155871338926304e-27,-1.6155871338926322e-27,2.2847852359464362e-27,1.793662034335766e-42
bell_Phi-,0.75,YY,2.3283064365386953e-10,2.3283064365386953e-10,2.328306436538695e-10,2.3283064365386953e-10,0.0,2.5849394142282115e-26
bell_Phi-,0.75,YZ,0.0,0.0,0.0,0.0,0.0,0.0
bell_Phi-,0.75,ZI,0.0,1.3234889800848443e-23,-5.37667398159468e-24,0.0,1.3234889800848443e-23,5.37667398159468e-24
bell_Phi-,0.75,ZX,0.0,0.0,0.0,0.0,0.0,0.0
bell_Phi-,0.75,ZY,0.0,0.0,0.0,0.0,0.0,0.0
bell_Phi-,0.75,ZZ,5.820766091346741e-10,5.820766091346741e-10,5.820766091346732e-10,5.820766091346741e-10,0.0,8.271806125530277e-25
bell_Phi-,0.75,randherm_00,-4.592838053012478e-08,-4.592838053012478e-08,-4.592838053012479e-08,-4.592838053012478e-08,0.0,6.617444900424222e-24
bell_Phi-,0.75,randherm_01,1.0766491423054911e-08,1.0766491423054911e-08,1.0766491423054911e-08,1.0766491423054913e-08,0.0,1.6543612251060553e-24
bell_Phi-,0.75,randherm_02,4.3442293489123255e-09,4.344229348912327e-09,4.344229348912329e-09,4.344229348912329e-09,1.6543612251060553e-24,0.0
bell_Phi-,0.75,randherm_03,1.9678510363886568e-08,1.967851036388657e-08,1.9678510363886575e-08,1.967851036388658e-08,3.308722450212111e-24,6.617444900424222e-24
bell_Phi-,0.75,randherm_04,4.065619285288078e-08,4.065619285288078e-08,4.0656192852880795e-08,4.0656192852880795e-08,0.0,0.0
bell_Phi-,0.75,randherm_05,7.226280275847563e-09,7.226280275847562e-09,7.2262802758475575e-09,7.226280275847563e-09,1.6543612251060553e-24,5.790264287871194e-24
bell_Phi-,1.0,II,0.0,0.0,0.0,0.0,0.0,0.0
bell_Phi-,1.0,IX,0.0,0.0,0.0,0.0,0.0,0.0
bell_Phi-,1.0,IY,0.0,0.0,0.0,0.0,0.0,0.0
bell_Phi-,1.0,IZ,0.0,0.0,0.0,0.0,0.0,0.0
bell_Phi-,1.0,XI,0.0,0.0,0.0,0.0,0.0,0.0
bell_Phi-,1.0,XX,0.0,0.0,0.0,0.0,0.0,0.0
bell_Phi-,1.0,XY,0.0,0.0,0.0,0.0,0.0,0.0
bell_Phi-,1.0,XZ,0.0,0.0,0.0,0.0,0.0,0.0
bell_Phi-,1.0,YI,0.0,0.0,0.0,0.0,0.0,0.0
bell_Phi-,1.0,YX,0.0,0.0,0.0,0.0,0.0,0.0
bell_Phi-,1.0,YY,0.0,0.0,0.0,0.0,0.0,0.0
bell_Phi-,1.0,YZ,0.0,0.0,0.0,0.0,0.0,0.0
bell_Phi-,1.0,ZI,0.0,0.0,0.0,0.0,0.0,0.0
bell_Phi-,1.0,ZX,0.0,0.0,0.0,0.0,0.0,0.0
bell_Phi-,1.0,ZY,0.0,0.0,0.0,0.0,0.0,0.0
bell_Phi-,1.0,ZZ,0.0,0.0,0.0,0.0,0.0,0.0
bell_Phi-,1.0,randherm_00,0.0,0.0,0.0,0.0,0.0,0.0
bell_Phi-,1.0,randherm_01,0.0,0.0,0.0,0.0,0.0,0.0
bell_Phi-,1.0,randherm_02,0.0,0.0,0.0,0.0,0.0,0.0
bell_Phi-,1.0,randherm_03,0.0,0.0,0.0,0.0,0.0,0.0
bell_Phi-,1.0,randherm_04,0.0,0.0,0.0,0.0,0.0,0.0
bell_Phi-,1.0,randherm_05,0.0,0.0,0.0,0.0,0.0,0.0
bell_Psi+,0.0,II,0.9999999999999996,0.9999999999999996,0.9999999999999996,0.9999999999999996,0.0,0.0
bell_Psi+,0.0,IX,0.0,0.0,0.0,0.0,0.0,0.0
bell_Psi+,0.0,IY,0.0,0.0,0.0,0.0,0.0,0.0
bell_Psi+,0.0,IZ,0.0,0.0,5.551115123125783e-17,0.0,0.0,5.551115123125783e-17
bell_Psi+,0.0,XI,0.0,0.0,0.0,0.0,0.0,0.0
bell_Psi+,0.0,XX,0.9999999999999996,0.9999999999999996,0.9999999999999994,0.9999999999999996,0.0,1.1102230246251565e-16
bell_Psi+,0.0,XY,-9.813077866773587e-18,0.0,6.938893903907222e-18,6.938893903907228e-18,9.813077866773587e-18,6.162975822039155e-33
bell_Psi+,0.0,XZ,0.0,0.0,0.0,0.0,0.0,0.0
bell_Psi+,0.0,YI,0.0,0.0,0.0,0.0,0.0,0.0
bell_Psi+,0.0,YX,9.813077866773587e-18,0.0,-6.938893903907231e-18,-6.938893903907228e-18,9.813077866773587e-18,3.0814879110195774e-33
bell_Psi+,0.0,YY,0.9999999999999996,0.9999999999999996,0.9999999999999994,0.9999999999999996,0.0,1.1102230246251565e-16
bell_Psi+,0.0,YZ,0.0,0.0,0.0,0.0,0.0,0.0
bell_Psi+,0.0,ZI,0.0,0.0,-2.7755575615628914e-17,5.551115123125783e-17,0.0,8.326672684688674e-17
bell_Psi+,0.0,ZX,0.0,0.0,0.0,0.0,0.0,0.0
bell_Psi+,0.0,ZY,0.0,0.0,0.0,0.0,0.0,0.0
bell_Psi+,0.0,ZZ,-0.9999999999999996,-0.9999999999999996,-0.9999999999999994,-0.9999999999999994,0.0,0.0
bell_Psi+,0.0,randherm_00,-0.2774287027770389,-0.2774287027770389,-0.2774287027770389,-0.27742870277703885,0.0,5.551115123125783e-17
bell_Psi+,0.0,randherm_01,0.09963229856874307,0.09963229856874309,0.09963229856874306,0.09963229856874309,1.3877787807814457e-17,2.7755575615628914e-17
bell_Psi+,0.0,randherm_02,-0.005008655667718118,-0.005008655667718118,-0.005008655667718111,-0.005008655667718118,0.0,6.938893903907228e-18
bell_Psi+,0.0,randherm_03,0.5184057351131124,0.5184057351131124,0.5184057351131124,0.5184057351131124,0.0,0.0
bell_Psi+,0.0,randherm_04,0.5257006392446377,0.5257006392446377,0.5257006392446377,0.5257006392446377,0.0,0.0
bell_Psi+,0.0,randherm_05,-0.0904894605234201,-0.0904894605234201,-0.09048946052342009,-0.09048946052342013,0.0,4.163336342344337e-17
bell_Psi+,1e-06,II,0.9999870000794986,0.9999870000794986,0.9999870000794988,0.9999870000794988,0.0,0.0
bell_Psi+,1e-06,IX,0.0,0.0,0.0,0.0,0.0,0.0
bell_Psi+,1e-06,IY,0.0,0.0,0.0,0.0,0.0,0.0
bell_Psi+,1e-06,IZ,-2.7755575615628914e-17,-2.7755575615628914e-17,-1.1102230246251565e-16,-8.326672684688674e-17,0.0,2.7755575615628914e-17
bell_Psi+,1e-06,XI,0.0,0.0,0.0,0.0,0.0,0.0
bell_Psi+,1e-06,XX,0.999984000119998,0.999984000119998,0.9999840001199984,0.9999840001199984,0.0,0.0
bell_Psi+,1e-06,XY,0.0,0.0,1.3866695599588098e-32,6.162975822039155e-33,0.0,7.703719777548943e-33
bell_Psi+,1e-06,XZ,0.0,0.0,0.0,0.0,0.0,0.0
bell_Psi+,1e-06,YI,0.0,0.0,0.0,0.0,0.0,0.0
bell_Psi+,1e-06,YX,0.0,0.0,-1.232595164407831e-32,6.162975822039155e-33,0.0,1.8488927466117464e-32
bell_Psi+,1e-06,YY,0.999984000119998,0.999984000119998,0.999984000119998,0.9999840001199981,0.0,1.1102230246251565e-16
bell_Psi+,1e-06,YZ,0.0,0.0,0.0,0.0,0.0,0.0
bell_Psi+,1e-06,ZI,-2.7755575615628914e-17,-2.7755575615628914e-17,2.7755575615628914e-17,2.7755575615628914e-17,0.0,0.0
bell_Psi+,1e-06,ZX,0.0,0.0,0.0,0.0,0.0,0.0
bell_Psi+,1e-06,ZY,0.0,0.0,0.0,0.0,0.0,0.0
bell_Psi+,1e-06,ZZ,-0.9999845001124983,-0.9999845001124983,-0.9999845001124987,-0.9999845001124986,0.0,1.1102230246251565e-16
bell_Psi+,1e-06,randherm_00,-0.2774248537987163,-0.2774248537987163,-0.2774248537987163,-0.27742485379871634,0.0,5.551115123125783e-17
bell_Psi+,1e-06,randherm_01,0.09963089226168823,0.09963089226168825,0.0996308922616882,0.0996308922616882,2.7755575615628914e-17,0.0
bell_Psi+,1e-06,randherm_02,-0.005008571552000143,-0.00500857155200015,-0.00500857155200015,-0.005008571552000178,6.938893903907228e-18,2.7755575615628914e-17
bell_Psi+,1e-06,randherm_03,0.5183978436350272,0.5183978436350272,0.5183978436350273,0.5183978436350274,0.0,1.1102230246251565e-16
bell_Psi+,1e-06,randherm_04,0.525692844579231,0.525692844579231,0.5256928445792313,0.5256928445792313,0.0,0.0
bell_Psi+,1e-06,randherm_05,-0.090487881161459,-0.09048788116145902,-0.09048788116145898,-0.090487881161459,1.3877787807814457e-17,2.7755575615628914e-17
bell_Psi+,0.0001,II,0.9987007946970803,0.9987007946970803,0.9987007946970805,0.9987007946970805,0.0,0.0
bell_Psi+,0.0001,IX,0.0,0.0,0.0,0.0,0.0,0.0
bell_Psi+,0.0001,IY,0.0,0.0,0.0,0.0,0.0,0.0
bell_Psi+,0.0001,IZ,1.1102230246251565e-16,0.0,0.0,0.0,1.1102230246251565e-16,0.0
bell_Psi+,0.0001,XI,0.0,0.0,0.0,0.0,0.0,0.0
bell_Psi+,0.0001,XX,0.9984011994401816,0.9984011994401816,0.9984011994401816,0.9984011994401816,0.0,0.0
bell_Psi+,0.0001,XY,0.0,0.0,1.232595164407831e-32,0.0,0.0,1.232595164407831e-32
bell_Psi+,0.0001,XZ,0.0,0.0,0.0,0.0,0.0,0.0
bell_Psi+,0.0001,YI,0.0,0.0,0.0,0.0,0.0,0.0
bell_Psi+,0.0001,YX,0.0,0.0,-1.232595164407831e-32,0.0,0.0,1.232595164407831e-32
bell_Psi+,0.0001,YY,0.9984011994401816,0.9984011994401816,0.9984011994401816,0.9984011994401816,0.0,0.0
bell_Psi+,0.0001,YZ,0.0,0.0,0.0,0.0,0.0,0.0
bell_Psi+,0.0001,ZI,-1.1102230246251565e-16,0.0,1.3877787807814457e-17,0.0,1.1102230246251565e-16,1.3877787807814457e-17
bell_Psi+,0.0001,ZX,0.0,0.0,0.0,0.0,0.0,0.0
bell_Psi+,0.0001,ZY,0.0,0.0,0.0,0.0,0.0,0.0
bell_Psi+,0.0001,ZZ,-0.998451124492659,-0.998451124492659,-0.998451124492659,-0.9984511244926593,0.0,2.220446049250313e-16
bell_Psi+,0.0001,randherm_00,-0.27704405531909126,-0.27704405531909126,-0.27704405531909126,-0.27704405531909126,0.0,0.0
bell_Psi+,0.0001,randherm_01,0.09949176028497334,0.09949176028497334,0.09949176028497336,0.09949176028497336,0.0,0.0
bell_Psi+,0.0001,randherm_02,-0.005000249846201253,-0.005000249846201281,-0.005000249846201288,-0.005000249846201289,2.7755575615628914e-17,8.673617379884035e-19
bell_Psi+,0.0001,randherm_03,0.5176171467378585,0.5176171467378585,0.5176171467378587,0.5176171467378587,0.0,0.0
bell_Psi+,0.0001,randherm_04,0.5249217129727053,0.5249217129727053,0.5249217129727053,0.5249217129727054,0.0,1.1102230246251565e-16
bell_Psi+,0.0001,randherm_05,-0.09033164995125148,-0.09033164995125144,-0.0903316499512514,-0.09033164995125142,4.163336342344337e-17,2.7755575615628914e-17
bell_Psi+,0.001,II,0.9870791978016873,0.9870791978016871,0.9870791978016875,0.9870791978016873,2.220446049250313e-16,2.220446049250313e-16
bell_Psi+,0.001,IX,0.0,0.0,0.0,0.0,0.0,0.0
bell_Psi+,0.001,IY,0.0,0.0,0.0,0.0,0.0,0.0
bell_Psi+,0.001,IZ,2.7755575615628914e-17,5.551115123125783e-17,2.7755575615628914e-17,-1.1102230246251565e-16,2.7755575615628914e-17,1.3877787807814457e-16
bell_Psi+,0.001,XI,0.0,0.0,0.0,0.0,0.0,0.0
bell_Psi+,0.001,XX,0.9841194418156398,0.9841194418156399,0.9841194418156399,0.98411944181564,1.1102230246251565e-16,1.1102230246251565e-16
bell_Psi+,0.001,XY,-4.896730762058962e-18,0.0,1.7312557637483178e-18,-6.925023054993317e-18,4.896730762058962e-18,8.656278818741635e-18
bell_Psi+,0.001,XZ,0.0,0.0,0.0,0.0,0.0,0.0
bell_Psi+,0.001,YI,0.0,0.0,0.0,0.0,0.0,0.0
bell_Psi+,0.001,YX,4.896730762058962e-18,0.0,-1.211879034623828e-17,-6.925023054993317e-18,4.896730762058962e-18,5.1937672912449625e-18
bell_Psi+,0.001,YY,0.9841194418156397,0.9841194418156399,0.9841194418156399,0.98411944181564,2.220446049250313e-16,1.1102230246251565e-16
bell_Psi+,0.001,YZ,0.0,0.0,0.0,0.0,0.0,0.0
bell_Psi+,0.001,ZI,-2.7755575615628914e-17,-5.551115123125783e-17,2.7755575615628914e-17,1.1102230246251565e-16,2.7755575615628914e-17,8.326672684688674e-17
bell_Psi+,0.001,ZX,0.0,0.0,0.0,0.0,0.0,0.0
bell_Psi+,0.001,ZY,0.0,0.0,0.0,0.0,0.0,0.0
bell_Psi+,0.001,ZZ,-0.9846119940888207,-0.9846119940888205,-0.9846119940888208,-0.9846119940888207,2.220446049250313e-16,1.1102230246251565e-16
bell_Psi+,0.001,randherm_00,-0.2736048958632036,-0.2736048958632035,-0.2736048958632036,-0.27360489586320363,5.551115123125783e-17,5.551115123125783e-17
bell_Psi+,0.001,randherm_01,0.09823528305525697,0.09823528305525694,0.098235283055257,0.09823528305525697,2.7755575615628914e-17,2.7755575615628914e-17
bell_Psi+,0.001,randherm_02,-0.004925118235980637,-0.004925118235980616,-0.004925118235980672,-0.004925118235980657,2.0816681711721685e-17,1.474514954580286e-17
bell_Psi+,0.001,randherm_03,0.5105704824493371,0.510570482449337,0.5105704824493371,0.5105704824493371,1.1102230246251565e-16,0.0
bell_Psi+,0.001,randherm_04,0.517960277291109,0.517960277291109,0.5179602772911092,0.5179602772911092,0.0,0.0
bell_Psi+,0.001,randherm_05,-0.08892271896961744,-0.0889227189696175,-0.08892271896961743,-0.08892271896961745,5.551115123125783e-17,2.7755575615628914e-17
bell_Psi+,0.005,II,0.9369501221779961,0.9369501221779961,0.9369501221779963,0.9369501221779963,0.0,0.0
bell_Psi+,0.005,IX,0.0,0.0,0.0,0.0,0.0,0.0
bell_Psi+,0.005,IY,0.0,0.0,0.0,0.0,0.0,0.0
bell_Psi+,0.005,IZ,2.7755575615628914e-17,-1.1102230246251565e-16,1.1102230246251565e-16,-2.7755575615628914e-17,1.3877787807814457e-16,1.3877787807814457e-16
bell_Psi+,0.005,XI,0.0,0.0,0.0,0.0,0.0,0.0
bell_Psi+,0.005,XX,0.9229311239742357,0.9229311239742357,0.922931123974236,0.9229311239742359,0.0,1.1102230246251565e-16
bell_Psi+,0.005,XY,-9.715192415052521e-18,-4.146217713067078e-18,-2.8455139778367758e-18,-6.869678437215761e-18,5.568974701985443e-18,4.024164459378985e-18
bell_Psi+,0.005,XZ,0.0,0.0,0.0,0.0,0.0,0.0
bell_Psi+,0.005,YI,0.0,0.0,0.0,0.0,0.0,0.0
bell_Psi+,0.005,YX,9.715192415052521e-18,-4.146217713067072e-18,-6.86967843721575e-18,6.869678437215749e-18,1.3861410128119594e-17,1.3739356874431499e-17
bell_Psi+,0.005,YY,0.9229311239742357,0.9229311239742359,0.9229311239742358,0.9229311239742357,2.220446049250313e-16,1.1102230246251565e-16
bell_Psi+,0.005,YZ,0.0,0.0,0.0,0.0,0.0,0.0
bell_Psi+,0.005,ZI,2.7755575615628914e-17,1.1102230246251565e-16,-2.7755575615628914e-17,-2.7755575615628914e-17,8.326672684688674e-17,0.0
bell_Psi+,0.005,ZX,0.0,0.0,0.0,0.0,0.0,0.0
bell_Psi+,0.005,ZY,0.0,0.0,0.0,0.0,0.0,0.0
bell_Psi+,0.005,ZZ,-0.9252500463962816,-0.9252500463962818,-0.9252500463962817,-0.9252500463962818,2.220446049250313e-16,1.1102230246251565e-16
bell_Psi+,0.005,randherm_00,-0.25880333466487193,-0.2588033346648719,-0.258803334664872,-0.258803334664872,5.551115123125783e-17,0.0
bell_Psi+,0.005,randherm_01,0.09282943872595881,0.09282943872595885,0.09282943872595881,0.09282943872595878,4.163336342344337e-17,2.7755575615628914e-17
bell_Psi+,0.005,randherm_02,-0.004602329103610879,-0.004602329103610907,-0.004602329103610886,-0.0046023291036109,2.7755575615628914e-17,1.3877787807814457e-17
bell_Psi+,0.005,randherm_03,0.48033030250866726,0.4803303025086674,0.4803303025086674,0.48033030250866743,1.1102230246251565e-16,5.551115123125783e-17
bell_Psi+,0.005,randherm_04,0.4880624806682945,0.4880624806682945,0.4880624806682945,0.4880624806682945,0.0,0.0
bell_Psi+,0.005,randherm_05,-0.08290226857898356,-0.08290226857898358,-0.08290226857898364,-0.0829022685789836,2.7755575615628914e-17,4.163336342344337e-17
bell_Psi+,0.01,II,0.8776548783289341,0.8776548783289342,0.8776548783289346,0.8776548783289344,1.1102230246251565e-16,2.220446049250313e-16
bell_Psi+,0.01,IX,0.0,0.0,0.0,0.0,0.0,0.0
bell_Psi+,0.01,IY,0.0,0.0,0.0,0.0,0.0,0.0
bell_Psi+,0.01,IZ,0.0,-2.7755575615628914e-17,-2.7755575615628914e-17,0.0,2.7755575615628914e-17,2.7755575615628914e-17
bell_Psi+,0.01,XI,0.0,0.0,0.0,0.0,0.0,0.0
bell_Psi+,0.01,XX,0.8514577710948749,0.8514577710948749,0.8514577710948749,0.8514577710948749,0.0,0.0
bell_Psi+,0.01,XY,0.0,0.0,-2.465190328815662e-32,-4.8088988086123954e-18,0.0,4.808898808612371e-18
bell_Psi+,0.01,XZ,0.0,0.0,0.0,0.0,0.0,0.0
bell_Psi+,0.01,YI,0.0,0.0,0.0,0.0,0.0,0.0
bell_Psi+,0.01,YX,0.0,0.0,2.465190328815662e-32,-4.8088988086123954e-18,0.0,4.80889880861242e-18
bell_Psi+,0.01,YY,0.8514577710948749,0.8514577710948749,0.8514577710948749,0.8514577710948749,0.0,0.0
bell_Psi+,0.01,YZ,0.0,0.0,0.0,0.0,0.0,0.0
bell_Psi+,0.01,ZI,5.551115123125783e-17,8.326672684688674e-17,-2.7755575615628914e-17,0.0,2.7755575615628914e-17,2.7755575615628914e-17
bell_Psi+,0.01,ZX,0.0,0.0,0.0,0.0,0.0,0.0
bell_Psi+,0.01,ZY,0.0,0.0,0.0,0.0,0.0,0.0
bell_Psi+,0.01,ZZ,-0.8557580628680814,-0.8557580628680814,-0.8557580628680813,-0.8557580628680814,0.0,1.1102230246251565e-16
bell_Psi+,0.01,randherm_00,-0.24136724478707225,-0.24136724478707225,-0.2413672447870724,-0.24136724478707228,0.0,1.1102230246251565e-16
bell_Psi+,0.01,randherm_01,0.08646550830879055,0.08646550830879055,0.08646550830879056,0.08646550830879056,0.0,0.0
bell_Psi+,0.01,randherm_02,-0.004223449744709576,-0.00422344974470959,-0.004223449744709576,-0.004223449744709589,1.3877787807814457e-17,1.3010426069826053e-17
bell_Psi+,0.01,randherm_03,0.44489873002559055,0.44489873002559055,0.4448987300255906,0.4448987300255906,0.0,0.0
bell_Psi+,0.01,randherm_04,0.4529808459328907,0.4529808459328907,0.45298084593289073,0.45298084593289073,0.0,0.0
bell_Psi+,0.01,randherm_05,-0.07590463344364348,-0.07590463344364347,-0.0759046334436435,-0.07590463344364352,1.3877787807814457e-17,2.7755575615628914e-17
bell_Psi+,0.02,II,0.7694996578280626,0.7694996578280626,0.7694996578280624,0.7694996578280624,0.0,0.0
bell_Psi+,0.02,IX,0.0,0.0,0.0,0.0,0.0,0.0
bell_Psi+,0.02,IY,0.0,0.0,0.0,0.0,0.0,0.0
bell_Psi+,0.02,IZ,-5.551115123125783e-17,-2.7755575615628914e-17,-2.7755575615628914e-17,0.0,2.7755575615628914e-17,2.7755575615628914e-17
bell_Psi+,0.02,XI,0.0,0.0,0.0,0.0,0.0,0.0
bell_Psi+,0.02,XX,0.7237977205924953,0.7237977205924953,0.7237977205924953,0.7237977205924953,0.0,0.0
bell_Psi+,0.02,XY,-2.356119995812337e-18,-2.641965283172031e-18,-2.356119995812337e-18,-2.641965283172031e-18,2.8584528735969396e-19,2.8584528735969396e-19
bell_Psi+,0.02,XZ,0.0,0.0,0.0,0.0,0.0,0.0
bell_Psi+,0.02,YI,0.0,0.0,0.0,0.0,0.0,0.0
bell_Psi+,0.02,YX,-2.356119995812337e-18,-2.641965283172034e-18,-2.3561199958123353e-18,-2.641965283172033e-18,2.8584528735969704e-19,2.858452873596978e-19
bell_Psi+,0.02,YY,0.7237977205924953,0.7237977205924953,0.7237977205924953,0.7237977205924953,0.0,0.0
bell_Psi+,0.02,YZ,0.0,0.0,0.0,0.0,0.0,0.0
bell_Psi+,0.02,ZI,5.551115123125783e-17,2.7755575615628914e-17,2.7755575615628914e-17,0.0,2.7755575615628914e-17,2.7755575615628914e-17
bell_Psi+,0.02,ZX,0.0,0.0,0.0,0.0,0.0,0.0
bell_Psi+,0.02,ZY,0.0,0.0,0.0,0.0,0.0,0.0
bell_Psi+,0.02,ZZ,-0.7311834116189494,-0.7311834116189493,-0.7311834116189495,-0.7311834116189493,1.1102230246251565e-16,2.220446049250313e-16
bell_Psi+,0.02,randherm_00,-0.20977962630642577,-0.20977962630642577,-0.2097796263064258,-0.20977962630642577,0.0,2.7755575615628914e-17
bell_Psi+,0.02,randherm_01,0.07494955394793255,0.07494955394793254,0.07494955394793257,0.07494955394793251,1.3877787807814457e-17,5.551115123125783e-17
bell_Psi+,0.02,randherm_02,-0.003541932764170627,-0.003541932764170634,-0.003541932764170627,-0.0035419327641706133,6.938893903907228e-18,1.3877787807814457e-17
bell_Psi+,0.02,randherm_03,0.38128710636811336,0.38128710636811336,0.3812871063681133,0.3812871063681133,0.0,0.0
bell_Psi+,0.02,randherm_04,0.3898417348290101,0.3898417348290101,0.3898417348290101,0.38984173482900997,0.0,1.1102230246251565e-16
bell_Psi+,0.02,randherm_05,-0.06351096508641993,-0.06351096508641996,-0.06351096508641994,-0.06351096508641996,2.7755575615628914e-17,1.3877787807814457e-17
bell_Psi+,0.05,II,0.5154404691462413,0.5154404691462413,0.5154404691462415,0.5154404691462415,0.0,0.0
bell_Psi+,0.05,IX,0.0,0.0,0.0,0.0,0.0,0.0
bell_Psi+,0.05,IY,0.0,0.0,0.0,0.0,0.0,0.0
bell_Psi+,0.05,IZ,1.3877787807814457e-17,-1.3877787807814457e-17,-4.163336342344337e-17,1.3877787807814457e-17,2.7755575615628914e-17,5.551115123125783e-17
bell_Psi+,0.05,XI,0.0,0.0,0.0,0.0,0.0,0.0
bell_Psi+,0.05,XX,0.44012666865176525,0.4401266686517652,0.4401266686517652,0.4401266686517652,5.551115123125783e-17,0.0
bell_Psi+,0.05,XY,0.0,0.0,-3.0814879110195774e-33,0.0,0.0,3.0814879110195774e-33
bell_Psi+,0.05,XZ,0.0,0.0,0.0,0.0,0.0,0.0
bell_Psi+,0.05,YI,0.0,0.0,0.0,0.0,0.0,0.0
bell_Psi+,0.05,YX,0.0,0.0,0.0,0.0,0.0,0.0
bell_Psi+,0.05,YY,0.44012666865176514,0.4401266686517652,0.4401266686517652,0.4401266686517652,5.551115123125783e-17,0.0
bell_Psi+,0.05,YZ,0.0,0.0,0.0,0.0,0.0,0.0
bell_Psi+,0.05,ZI,-2.7755575615628914e-17,0.0,-2.0816681711721685e-17,2.7755575615628914e-17,2.7755575615628914e-17,4.85722573273506e-17
bell_Psi+,0.05,ZX,0.0,0.0,0.0,0.0,0.0,0.0
bell_Psi+,0.05,ZY,0.0,0.0,0.0,0.0,0.0,0.0
bell_Psi+,0.05,ZZ,-0.4517089494057589,-0.4517089494057589,-0.45170894940575895,-0.451708949405759,0.0,5.551115123125783e-17
bell_Psi+,0.05,randherm_00,-0.1368762776341369,-0.1368762776341369,-0.13687627763413693,-0.13687627763413693,0.0,0.0
bell_Psi+,0.05,randherm_01,0.04846054058738084,0.04846054058738085,0.04846054058738088,0.04846054058738086,6.938893903907228e-18,2.0816681711721685e-17
bell_Psi+,0.05,randherm_02,-0.0020092862084719193,-0.002009286208471916,-0.0020092862084719193,-0.0020092862084719193,3.469446951953614e-18,0.0
bell_Psi+,0.05,randherm_03,0.23797653661189055,0.23797653661189055,0.23797653661189067,0.2379765366118906,0.0,5.551115123125783e-17
bell_Psi+,0.05,randherm_04,0.246638613838209,0.246638613838209,0.24663861383820906,0.24663861383820904,0.0,2.7755575615628914e-17
bell_Psi+,0.05,randherm_05,-0.03660344198359093,-0.036603441983590924,-0.036603441983590924,-0.03660344198359091,6.938893903907228e-18,1.3877787807814457e-17
bell_Psi+,0.1,II,0.2587455534372074,0.2587455534372074,0.2587455534372074,0.25874555343720745,0.0,5.551115123125783e-17
bell_Psi+,0.1,IX,0.0,0.0,0.0,0.0,0.0,0.0
bell_Psi+,0.1,IY,0.0,0.0,0.0,0.0,0.0,0.0
bell_Psi+,0.1,IZ,-1.3877787807814457e-17,0.0,1.3877787807814457e-17,-1.3877787807814457e-17,1.3877787807814457e-17,2.7755575615628914e-17
bell_Psi+,0.1,XI,0.0,0.0,0.0,0.0,0.0,0.0
bell_Psi+,0.1,XX,0.18530201888518405,0.1853020188851841,0.18530201888518413,0.1853020188851841,5.551115123125783e-17,2.7755575615628914e-17
bell_Psi+,0.1,XY,-2.6647464679623208e-18,1.0478174738914017e-17,1.4903612010162424e-18,1.4051260155412146e-18,1.3142921206876338e-17,8.523518547502776e-20
bell_Psi+,0.1,XZ,0.0,0.0,0.0,0.0,0.0,0.0
bell_Psi+,0.1,YI,0.0,0.0,0.0,0.0,0.0,0.0
bell_Psi+,0.1,YX,1.4550556312010842e-19,-3.5730854164981164e-18,1.4903612010162397e-18,-1.4051260155412146e-18,3.718590979618225e-18,2.8954872165574543e-18
bell_Psi+,0.1,YY,0.18530201888518402,0.18530201888518405,0.1853020188851842,0.18530201888518416,2.7755575615628914e-17,2.7755575615628914e-17
bell_Psi+,0.1,YZ,0.0,0.0,0.0,0.0,0.0,0.0
bell_Psi+,0.1,ZI,0.0,-1.3877787807814457e-17,1.3877787807814457e-17,0.0,1.3877787807814457e-17,1.3877787807814457e-17
bell_Psi+,0.1,ZX,0.0,0.0,0.0,0.0,0.0,0.0
bell_Psi+,0.1,ZY,0.0,0.0,0.0,0.0,0.0,0.0
bell_Psi+,0.1,ZZ,-0.19559657548991644,-0.19559657548991644,-0.1955965754899165,-0.19559657548991655,0.0,5.551115123125783e-17
bell_Psi+,0.1,randherm_00,-0.06577707415241227,-0.06577707415241227,-0.06577707415241228,-0.06577707415241228,0.0,0.0
bell_Psi+,0.1,randherm_01,0.02284910305479329,0.02284910305479328,0.022849103054793308,0.022849103054793304,1.0408340855860843e-17,3.469446951953614e-18
bell_Psi+,0.1,randherm_02,-0.0006395528608613126,-0.0006395528608613126,-0.0006395528608613039,-0.0006395528608613057,0.0,1.734723475976807e-18
bell_Psi+,0.1,randherm_03,0.10531715704924602,0.10531715704924602,0.10531715704924606,0.10531715704924606,0.0,0.0
bell_Psi+,0.1,randherm_04,0.1120784850438126,0.11207848504381261,0.11207848504381263,0.11207848504381265,1.3877787807814457e-17,2.7755575615628914e-17
bell_Psi+,0.1,randherm_05,-0.01370595059691666,-0.013705950596916676,-0.013705950596916679,-0.01370595059691668,1.5612511283791264e-17,1.734723475976807e-18
bell_Psi+,0.15,II,0.1262958532333438,0.1262958532333438,0.1262958532333438,0.1262958532333438,0.0,0.0
bell_Psi+,0.15,IX,0.0,0.0,0.0,0.0,0.0,0.0
bell_Psi+,0.15,IY,0.0,0.0,0.0,0.0,0.0,0.0
bell_Psi+,0.15,IZ,0.0,0.0,-3.469446951953614e-18,3.469446951953614e-18,0.0,6.938893903907228e-18
bell_Psi+,0.15,XI,0.0,0.0,0.0,0.0,0.0,0.0
bell_Psi+,0.15,XX,0.07425108623606386,0.07425108623606386,0.07425108623606387,0.07425108623606388,0.0,1.3877787807814457e-17
bell_Psi+,0.15,XY,-5.617751709100295e-19,2.2851145240757387e-18,1.2756057035625448e-18,1.2264578670422716e-18,2.8468896949857682e-18,4.9147836520273236e-20
bell_Psi+,0.15,XZ,0.0,0.0,0.0,0.0,0.0,0.0
bell_Psi+,0.15,YI,0.0,0.0,0.0,0.0,0.0,0.0
bell_Psi+,0.15,YX,-1.44801876575302e-18,-2.7282363214972336e-18,-1.2978736957318478e-19,-2.6879844350970257e-20,1.2802175557442136e-18,1.0290752522221452e-19
bell_Psi+,0.15,YY,0.07425108623606386,0.07425108623606386,0.07425108623606387,0.07425108623606388,0.0,1.3877787807814457e-17
bell_Psi+,0.15,YZ,0.0,0.0,0.0,0.0,0.0,0.0
bell_Psi+,0.15,ZI,-6.938893903907228e-18,-6.938893903907228e-18,5.204170427930421e-18,0.0,0.0,5.204170427930421e-18
bell_Psi+,0.15,ZX,0.0,0.0,0.0,0.0,0.0,0.0
bell_Psi+,0.15,ZY,0.0,0.0,0.0,0.0,0.0,0.0
bell_Psi+,0.15,ZZ,-0.08080265266865774,-0.08080265266865773,-0.08080265266865773,-0.08080265266865772,1.3877787807814457e-17,1.3877787807814457e-17
bell_Psi+,0.15,randherm_00,-0.030754488018618836,-0.030754488018618832,-0.03075448801861883,-0.030754488018618832,3.469446951953614e-18,3.469446951953614e-18
bell_Psi+,0.15,randherm_01,0.010426179459926948,0.010426179459926944,0.010426179459926944,0.010426179459926941,3.469446951953614e-18,3.469446951953614e-18
bell_Psi+,0.15,randherm_02,-9.436804205759531e-05,-9.436804205759488e-05,-9.436804205759271e-05,-9.436804205758924e-05,4.336808689942018e-19,3.469446951953614e-18
bell_Psi+,0.15,randherm_03,0.044818180204587194,0.044818180204587194,0.044818180204587194,0.044818180204587194,0.0,0.0
bell_Psi+,0.15,randherm_04,0.049262799354527834,0.04926279935452784,0.049262799354527834,0.049262799354527834,6.938893903907228e-18,0.0
bell_Psi+,0.15,randherm_05,-0.0046096690108794495,-0.004609669010879452,-0.004609669010879453,-0.004609669010879455,2.6020852139652106e-18,1.734723475976807e-18
bell_Psi+,0.2,II,0.059828894433280023,0.05982889443328002,0.05982889443328002,0.05982889443328003,6.938893903907228e-18,1.3877787807814457e-17
bell_Psi+,0.2,IX,0.0,0.0,0.0,0.0,0.0,0.0
bell_Psi+,0.2,IY,0.0,0.0,0.0,0.0,0.0,0.0
bell_Psi+,0.2,IZ,0.0,1.734723475976807e-18,-1.734723475976807e-18,3.469446951953614e-18,1.734723475976807e-18,5.204170427930421e-18
bell_Psi+,0.2,XI,0.0,0.0,0.0,0.0,0.0,0.0
bell_Psi+,0.2,XX,0.028147497671065613,0.028147497671065613,0.028147497671065613,0.028147497671065613,0.0,0.0
bell_Psi+,0.2,XY,-2.7406878629800377e-19,-2.1658510704067593e-19,-4.4134069268694706e-20,5.025591531204252e-19,5.748367925732784e-20,5.466932223891199e-19
bell_Psi+,0.2,XZ,0.0,0.0,0.0,0.0,0.0,0.0
bell_Psi+,0.2,YI,0.0,0.0,0.0,0.0,0.0,0.0
bell_Psi+,0.2,YX,-4.3665718393963785e-19,-7.716966193532547e-19,-4.3665718393963785e-19,-5.25523591921536e-20,3.3503943541361684e-19,3.8410482474748425e-19
bell_Psi+,0.2,YY,0.028147497671065613,0.028147497671065613,0.028147497671065613,0.02814749767106561,0.0,3.469446951953614e-18
bell_Psi+,0.2,YZ,0.0,0.0,0.0,0.0,0.0,0.0
bell_Psi+,0.2,ZI,0.0,1.734723475976807e-18,3.469446951953614e-18,3.469446951953614e-18,1.734723475976807e-18,0.0
bell_Psi+,0.2,ZX,0.0,0.0,0.0,0.0,0.0,0.0
bell_Psi+,0.2,ZY,0.0,0.0,0.0,0.0,0.0,0.0
bell_Psi+,0.2,ZZ,-0.03166593487994881,-0.031665934879948815,-0.0316659348799488,-0.0316659348799488,6.938893903907228e-18,0.0
bell_Psi+,0.2,randherm_00,-0.013973446870850888,-0.013973446870850888,-0.013973446870850888,-0.013973446870850888,0.0,0.0
bell_Psi+,0.2,randherm_01,0.004597053968935564,0.004597053968935564,0.004597053968935563,0.004597053968935564,0.0,8.673617379884035e-19
bell_Psi+,0.2,randherm_02,7.41065219558002e-05,7.410652195580041e-05,7.410652195580063e-05,7.410652195580063e-05,2.168404344971009e-19,0.0
bell_Psi+,0.2,randherm_03,0.018295589272055494,0.018295589272055497,0.018295589272055494,0.018295589272055494,3.469446951953614e-18,0.0
bell_Psi+,0.2,randherm_04,0.0209207244645992,0.0209207244645992,0.0209207244645992,0.0209207244645992,0.0,0.0
bell_Psi+,0.2,randherm_05,-0.0013013023192192555,-0.0013013023192192546,-0.0013013023192192533,-0.0013013023192192542,8.673617379884035e-19,8.673617379884035e-19
bell_Psi+,0.3,II,0.012148554271367483,0.012148554271367478,0.012148554271367483,0.012148554271367481,5.204170427930421e-18,1.734723475976807e-18
bell_Psi+,0.3,IX,0.0,0.0,0.0,0.0,0.0,0.0
bell_Psi+,0.3,IY,0.0,0.0,0.0,0.0,0.0,0.0
bell_Psi+,0.3,IZ,2.168404344971009e-19,0.0,-4.336808689942018e-19,6.505213034913027e-19,2.168404344971009e-19,1.0842021724855044e-18
bell_Psi+,0.3,XI,0.0,0.0,0.0,0.0,0.0,0.0
bell_Psi+,0.3,XX,0.003323293056960095,0.0033232930569600952,0.0033232930569600965,0.003323293056960096,4.336808689942018e-19,4.336808689942018e-19
bell_Psi+,0.3,XY,9.391422177185665e-21,-3.59543754030805e-20,-3.6426318143692847e-20,0.0,4.5345797580266163e-20,3.6426318143692847e-20
bell_Psi+,0.3,XZ,0.0,0.0,0.0,0.0,0.0,0.0
bell_Psi+,0.3,YI,0.0,0.0,0.0,0.0,0.0,0.0
bell_Psi+,0.3,YX,9.391422177185653e-21,1.7171531048709194e-20,-1.4420847177997283e-20,-5.312590645178969e-20,7.780108871523541e-21,3.870505927379241e-20
bell_Psi+,0.3,YY,0.0033232930569600944,0.0033232930569600944,0.0033232930569600952,0.0033232930569600952,0.0,0.0
bell_Psi+,0.3,YZ,0.0,0.0,0.0,0.0,0.0,0.0
bell_Psi+,0.3,ZI,4.336808689942018e-19,0.0,9.75781955236954e-19,8.673617379884035e-19,4.336808689942018e-19,1.0842021724855044e-19
bell_Psi+,0.3,ZX,0.0,0.0,0.0,0.0,0.0,0.0
bell_Psi+,0.3,ZY,0.0,0.0,0.0,0.0,0.0,0.0
bell_Psi+,0.3,ZZ,-0.004035427283451543,-0.004035427283451543,-0.004035427283451544,-0.004035427283451543,0.0,8.673617379884035e-19
bell_Psi+,0.3,randherm_00,-0.002629354362081911,-0.00262935436208191,-0.002629354362081911,-0.002629354362081911,8.673617379884035e-19,0.0
bell_Psi+,0.3,randherm_01,0.0008014828420872607,0.0008014828420872604,0.0008014828420872607,0.0008014828420872607,2.168404344971009e-19,0.0
bell_Psi+,0.3,randherm_02,6.959595590046294e-05,6.959595590046286e-05,6.959595590046267e-05,6.959595590046282e-05,8.131516293641283e-20,1.4907779871675686e-19
bell_Psi+,0.3,randherm_03,0.002670638847585653,0.002670638847585653,0.002670638847585654,0.0026706388475856535,0.0,4.336808689942018e-19
bell_Psi+,0.3,randherm_04,0.0033940142296129826,0.003394014229612982,0.003394014229612984,0.003394014229612983,4.336808689942018e-19,8.673617379884035e-19
bell_Psi+,0.3,randherm_05,2.4483895346714686e-05,2.4483895346714686e-05,2.4483895346714523e-05,2.448389534671447e-05,0.0,5.421010862427522e-20
bell_Psi+,0.5,II,0.0002899169921874999,0.00028991699218749984,0.0002899169921874999,0.0002899169921874999,5.421010862427522e-20,0.0
bell_Psi+,0.5,IX,0.0,0.0,0.0,0.0,0.0,0.0
bell_Psi+,0.5,IY,0.0,0.0,0.0,0.0,0.0,0.0
bell_Psi+,0.5,IZ,0.0,0.0,-5.082197683525802e-21,-6.776263578034403e-21,0.0,1.6940658945086007e-21
bell_Psi+,0.5,XI,0.0,0.0,0.0,0.0,0.0,0.0
bell_Psi+,0.5,XX,1.5258789062499993e-05,1.5258789062499993e-05,1.5258789062499992e-05,1.5258789062499993e-05,0.0,1.6940658945086007e-21
bell_Psi+,0.5,XY,-1.4973568522298564e-22,0.0,1.0587911840678745e-22,1.0587911840678754e-22,1.4973568522298564e-22,9.4039548065783e-38
bell_Psi+,0.5,XZ,0.0,0.0,0.0,0.0,0.0,0.0
bell_Psi+,0.5,YI,0.0,0.0,0.0,0.0,0.0,0.0
bell_Psi+,0.5,YX,1.4973568522298564e-22,0.0,-1.058791184067876e-22,-1.0587911840678754e-22,1.4973568522298564e-22,4.70197740328915e-38
bell_Psi+,0.5,YY,1.5258789062499993e-05,1.5258789062499993e-05,1.5258789062499992e-05,1.5258789062499993e-05,0.0,1.6940658945086007e-21
bell_Psi+,0.5,YZ,0.0,0.0,0.0,0.0,0.0,0.0
bell_Psi+,0.5,ZI,0.0,5.421010862427522e-20,1.7787691892340307e-20,0.0,5.421010862427522e-20,1.7787691892340307e-20
bell_Psi+,0.5,ZX,0.0,0.0,0.0,0.0,0.0,0.0
bell_Psi+,0.5,ZY,0.0,0.0,0.0,0.0,0.0,0.0
bell_Psi+,0.5,ZZ,-2.2888183593749973e-05,-2.2888183593749986e-05,-2.2888183593749993e-05,-2.2888183593749993e-05,1.3552527156068805e-20,0.0
bell_Psi+,0.5,randherm_00,-5.683679869346823e-05,-5.6836798693468224e-05,-5.683679869346824e-05,-5.683679869346823e-05,6.776263578034403e-21,6.776263578034403e-21
bell_Psi+,0.5,randherm_01,1.4586856417716724e-05,1.4586856417716728e-05,1.4586856417716726e-05,1.4586856417716728e-05,3.3881317890172014e-21,1.6940658945086007e-21
bell_Psi+,0.5,randherm_02,4.035340798142653e-06,4.035340798142649e-06,4.035340798142646e-06,4.03534079814265e-06,4.235164736271502e-21,3.3881317890172014e-21
bell_Psi+,0.5,randherm_03,3.285756645102278e-05,3.285756645102279e-05,3.285756645102279e-05,3.285756645102279e-05,6.776263578034403e-21,0.0
bell_Psi+,0.5,randherm_04,5.6086570037859083e-05,5.6086570037859083e-05,5.6086570037859083e-05,5.60865700378591e-05,0.0,1.3552527156068805e-20
bell_Psi+,0.5,randherm_05,7.557253850866921e-06,7.557253850866926e-06,7.557253850866926e-06,7.557253850866924e-06,5.082197683525802e-21,1.6940658945086007e-21
bell_Psi+,0.75,II,2.4121254682540883e-07,2.4121254682540883e-07,2.412125468254089e-07,2.4121254682540883e-07,0.0,5.293955920339377e-23
bell_Psi+,0.75,IX,0.0,0.0,0.0,0.0,0.0,0.0
bell_Psi+,0.75,IY,0.0,0.0,0.0,0.0,0.0,0.0
bell_Psi+,0.75,IZ,0.0,0.0,-4.963083675318166e-24,0.0,0.0,4.963083675318166e-24
bell_Psi+,0.75,XI,0.0,0.0,0.0,0.0,0.0,0.0
bell_Psi+,0.75,XX,2.3283064365386953e-10,2.3283064365386953e-10,2.328306436538695e-10,2.3283064365386953e-10,0.0,2.5849394142282115e-26
bell_Psi+,0.75,XY,-2.2847852359464362e-27,0.0,1.6155871338926307e-27,1.6155871338926322e-27,2.2847852359464362e-27,1.4349296274686127e-42
bell_Psi+,0.75,XZ,0.0,0.0,0.0,0.0,0.0,0.0
bell_Psi+,0.75,YI,0.0,0.0,0.0,0.0,0.0,0.0
bell_Psi+,0.75,YX,2.2847852359464362e-27,0.0,-1.615587133892633e-27,-1.6155871338926322e-27,2.2847852359464362e-27,7.174648137343064e-43
bell_Psi+,0.75,YY,2.3283064365386953e-10,2.3283064365386953e-10,2.328306436538695e-10,2.3283064365386953e-10,0.0,2.5849394142282115e-26
bell_Psi+,0.75,YZ,0.0,0.0,0.0,0.0,0.0,0.0
bell_Psi+,0.75,ZI,0.0,-1.3234889800848443e-23,-1.1994118882018901e-23,-1.3234889800848443e-23,1.3234889800848443e-23,1.2407709188295415e-24
bell_Psi+,0.75,ZX,0.0,0.0,0.0,0.0,0.0,0.0
bell_Psi+,0.75,ZY,0.0,0.0,0.0,0.0,0.0,0.0
bell_Psi+,0.75,ZZ,-5.820766091346741e-10,-5.820766091346741e-10,-5.82076609134672e-10,-5.820766091346741e-10,0.0,2.0679515313825692e-24
bell_Psi+,0.75,randherm_00,-4.598519956781497e-08,-4.598519956781497e-08,-4.598519956781497e-08,-4.598519956781498e-08,0.0,1.3234889800848443e-23
bell_Psi+,0.75,randherm_01,1.0801151122508422e-08,1.0801151122508422e-08,1.0801151122508424e-08,1.0801151122508425e-08,0.0,1.6543612251060553e-24
bell_Psi+,0.75,randherm_02,4.229719096515863e-09,4.229719096515866e-09,4.229719096515865e-09,4.229719096515864e-09,3.308722450212111e-24,8.271806125530277e-25
bell_Psi+,0.75,randherm_03,2.002237224243967e-08,2.0022372242439668e-08,2.002237224243967e-08,2.0022372242439678e-08,3.308722450212111e-24,6.617444900424222e-24
bell_Psi+,0.75,randherm_04,4.0900538406532935e-08,4.090053840653293e-08,4.090053840653294e-08,4.090053840653294e-08,6.617444900424222e-24,0.0
bell_Psi+,0.75,randherm_05,7.304520411361869e-09,7.3045204113618676e-09,7.304520411361866e-09,7.3045204113618676e-09,1.6543612251060553e-24,1.6543612251060553e-24
bell_Psi+,1.0,II,0.0,0.0,0.0,0.0,0.0,0.0
bell_Psi+,1.0,IX,0.0,0.0,0.0,0.0,0.0,0.0
bell_Psi+,1.0,IY,0.0,0.0,0.0,0.0,0.0,0.0
bell_Psi+,1.0,IZ,0.0,0.0,0.0,0.0,0.0,0.0
bell_Psi+,1.0,XI,0.0,0.0,0.0,0.0,0.0,0.0
bell_Psi+,1.0,XX,0.0,0.0,0.0,0.0,0.0,0.0
bell_Psi+,1.0,XY,0.0,0.0,0.0,0.0,0.0,0.0
bell_Psi+,1.0,XZ,0.0,0.0,0.0,0.0,0.0,0.0
bell_Psi+,1.0,YI,0.0,0.0,0.0,0.0,0.0,0.0
bell_Psi+,1.0,YX,0.0,0.0,0.0,0.0,0.0,0.0
bell_Psi+,1.0,YY,0.0,0.0,0.0,0.0,0.0,0.0
bell_Psi+,1.0,YZ,0.0,0.0,0.0,0.0,0.0,0.0
bell_Psi+,1.0,ZI,0.0,0.0,0.0,0.0,0.0,0.0
bell_Psi+,1.0,ZX,0.0,0.0,0.0,0.0,0.0,0.0
bell_Psi+,1.0,ZY,0.0,0.0,0.0,0.0,0.0,0.0
bell_Psi+,1.0,ZZ,0.0,0.0,0.0,0.0,0.0,0.0
bell_Psi+,1.0,randherm_00,0.0,0.0,0.0,0.0,0.0,0.0
bell_Psi+,1.0,randherm_01,0.0,0.0,0.0,0.0,0.0,0.0
bell_Psi+,1.0,randherm_02,0.0,0.0,0.0,0.0,0.0,0.0
bell_Psi+,1.0,randherm_03,0.0,0.0,0.0,0.0,0.0,0.0
bell_Psi+,1.0,randherm_04,0.0,0.0,0.0,0.0,0.0,0.0
bell_Psi+,1.0,randherm_05,0.0,0.0,0.0,0.0,0.0,0.0
bell_Psi-,0.0,II,0.9999999999999996,0.9999999999999996,0.9999999999999996,0.9999999999999996,0.0,0.0
bell_Psi-,0.0,IX,0.0,0.0,0.0,0.0,0.0,0.0
bell_Psi-,0.0,IY,0.0,0.0,0.0,0.0,0.0,0.0
bell_Psi-,0.0,IZ,0.0,0.0,5.551115123125783e-17,0.0,0.0,5.551115123125783e-17
bell_Psi-,0.0,XI,0.0,0.0,0.0,0.0,0.0,0.0
bell_Psi-,0.0,XX,-0.9999999999999996,-0.9999999999999996,-0.9999999999999994,-0.9999999999999996,0.0,1.1102230246251565e-16
bell_Psi-,0.0,XY,9.813077866773587e-18,0.0,-6.938893903907222e-18,-6.938893903907228e-18,9.813077866773587e-18,6.162975822039155e-33
bell_Psi-,0.0,XZ,0.0,0.0,0.0,0.0,0.0,0.0
bell_Psi-,0.0,YI,0.0,0.0,0.0,0.0,0.0,0.0
bell_Psi-,0.0,YX,-9.813077866773587e-18,0.0,6.938893903907231e-18,6.938893903907228e-18,9.813077866773587e-18,3.0814879110195774e-33
bell_Psi-,0.0,YY,-0.9999999999999996,-0.9999999999999996,-0.9999999999999994,-0.9999999999999996,0.0,1.1102230246251565e-16
bell_Psi-,0.0,YZ,0.0,0.0,0.0,0.0,0.0,0.0
bell_Psi-,0.0,ZI,0.0,0.0,-2.7755575615628914e-17,5.551115123125783e-17,0.0,8.326672684688674e-17
bell_Psi-,0.0,ZX,0.0,0.0,0.0,0.0,0.0,0.0
bell_Psi-,0.0,ZY,0.0,0.0,0.0,0.0,0.0,0.0
bell_Psi-,0.0,ZZ,-0.9999999999999996,-0.9999999999999996,-0.9999999999999994,-0.9999999999999994,0.0,0.0
bell_Psi-,0.0,randherm_00,-0.17694570537608562,-0.17694570537608564,-0.17694570537608562,-0.1769457053760856,2.7755575615628914e-17,2.7755575615628914e-17
bell_Psi-,0.0,randherm_01,0.2058815393856957,0.2058815393856957,0.2058815393856957,0.2058815393856957,0.0,0.0
bell_Psi-,0.0,randherm_02,-0.15607407202335258,-0.15607407202335258,-0.15607407202335252,-0.15607407202335258,0.0,5.551115123125783e-17
bell_Psi-,0.0,randherm_03,0.2720957735568741,0.2720957735568741,0.2720957735568741,0.2720957735568741,0.0,0.0
bell_Psi-,0.0,randherm_04,0.25126120154120535,0.2512612015412054,0.25126120154120535,0.25126120154120535,5.551115123125783e-17,0.0
bell_Psi-,0.0,randherm_05,0.3138503725591148,0.3138503725591148,0.3138503725591148,0.31385037255911474,0.0,5.551115123125783e-17
bell_Psi-,1e-06,II,0.9999870000794986,0.9999870000794986,0.9999870000794988,0.9999870000794988,0.0,0.0
bell_Psi-,1e-06,IX,0.0,0.0,0.0,0.0,0.0,0.0
bell_Psi-,1e-06,IY,0.0,0.0,0.0,0.0,0.0,0.0
bell_Psi-,1e-06,IZ,-2.7755575615628914e-17,-2.7755575615628914e-17,-1.1102230246251565e-16,-8.326672684688674e-17,0.0,2.7755575615628914e-17
bell_Psi-,1e-06,XI,0.0,0.0,0.0,0.0,0.0,0.0
bell_Psi-,1e-06,XX,-0.999984000119998,-0.999984000119998,-0.9999840001199984,-0.9999840001199984,0.0,0.0
bell_Psi-,1e-06,XY,0.0,0.0,-1.3866695599588098e-32,-6.162975822039155e-33,0.0,7.703719777548943e-33
bell_Psi-,1e-06,XZ,0.0,0.0,0.0,0.0,0.0,0.0
bell_Psi-,1e-06,YI,0.0,0.0,0.0,0.0,0.0,0.0
bell_Psi-,1e-06,YX,0.0,0.0,1.232595164407831e-32,-6.162975822039155e-33,0.0,1.8488927466117464e-32
bell_Psi-,1e-06,YY,-0.999984000119998,-0.999984000119998,-0.999984000119998,-0.9999840001199981,0.0,1.1102230246251565e-16
bell_Psi-,1e-06,YZ,0.0,0.0,0.0,0.0,0.0,0.0
bell_Psi-,1e-06,ZI,-2.7755575615628914e-17,-2.7755575615628914e-17,2.7755575615628914e-17,2.7755575615628914e-17,0.0,0.0
bell_Psi-,1e-06,ZX,0.0,0.0,0.0,0.0,0.0,0.0
bell_Psi-,1e-06,ZY,0.0,0.0,0.0,0.0,0.0,0.0
bell_Psi-,1e-06,ZZ,-0.9999845001124983,-0.9999845001124983,-0.9999845001124987,-0.9999845001124986,0.0,1.1102230246251565e-16
bell_Psi-,1e-06,randherm_00,-0.17694346411366357,-0.17694346411366357,-0.17694346411366363,-0.17694346411366366,0.0,2.7755575615628914e-17
bell_Psi-,1e-06,randherm_01,0.20587843310353754,0.20587843310353754,0.2058784331035377,0.20587843310353765,0.0,5.551115123125783e-17
bell_Psi-,1e-06,randherm_02,-0.1560715708791005,-0.1560715708791005,-0.15607157087910056,-0.15607157087910056,0.0,0.0
bell_Psi-,1e-06,randherm_03,0.2720918230086169,0.2720918230086169,0.272091823008617,0.272091823008617,0.0,0.0
bell_Psi-,1e-06,randherm_04,0.2512577978738697,0.2512577978738697,0.25125779787386987,0.25125779787386987,0.0,0.0
bell_Psi-,1e-06,randherm_05,0.31384548253226674,0.3138454825322667,0.3138454825322668,0.3138454825322668,5.551115123125783e-17,0.0
bell_Psi-,0.0001,II,0.9987007946970803,0.9987007946970803,0.9987007946970805,0.9987007946970805,0.0,0.0
bell_Psi-,0.0001,IX,0.0,0.0,0.0,0.0,0.0,0.0
bell_Psi-,0.0001,IY,0.0,0.0,0.0,0.0,0.0,0.0
bell_Psi-,0.0001,IZ,1.1102230246251565e-16,0.0,0.0,0.0,1.1102230246251565e-16,0.0
bell_Psi-,0.0001,XI,0.0,0.0,0.0,0.0,0.0,0.0
bell_Psi-,0.0001,XX,-0.9984011994401816,-0.9984011994401816,-0.9984011994401816,-0.9984011994401816,0.0,0.0
bell_Psi-,0.0001,XY,0.0,0.0,-1.232595164407831e-32,0.0,0.0,1.232595164407831e-32
bell_Psi-,0.0001,XZ,0.0,0.0,0.0,0.0,0.0,0.0
bell_Psi-,0.0001,YI,0.0,0.0,0.0,0.0,0.0,0.0
bell_Psi-,0.0001,YX,0.0,0.0,1.232595164407831e-32,0.0,0.0,1.232595164407831e-32
bell_Psi-,0.0001,YY,-0.9984011994401816,-0.9984011994401816,-0.9984011994401816,-0.9984011994401816,0.0,0.0
bell_Psi-,0.0001,YZ,0.0,0.0,0.0,0.0,0.0,0.0
bell_Psi-,0.0001,ZI,-1.1102230246251565e-16,0.0,1.3877787807814457e-17,0.0,1.1102230246251565e-16,1.3877787807814457e-17
bell_Psi-,0.0001,ZX,0.0,0.0,0.0,0.0,0.0,0.0
bell_Psi-,0.0001,ZY,0.0,0.0,0.0,0.0,0.0,0.0
bell_Psi-,0.0001,ZZ,-0.998451124492659,-0.998451124492659,-0.998451124492659,-0.9984511244926593,0.0,2.220446049250313e-16
bell_Psi-,0.0001,randherm_00,-0.17672171019063482,-0.17672171019063482,-0.17672171019063482,-0.1767217101906348,0.0,2.7755575615628914e-17
bell_Psi-,0.0001,randherm_01,0.20557112975622754,0.20557112975622754,0.2055711297562276,0.2055711297562276,0.0,0.0
bell_Psi-,0.0001,randherm_02,-0.15582414272959721,-0.15582414272959724,-0.15582414272959724,-0.15582414272959721,2.7755575615628914e-17,2.7755575615628914e-17
bell_Psi-,0.0001,randherm_03,0.27170098568604506,0.27170098568604506,0.2717009856860451,0.2717009856860451,0.0,0.0
bell_Psi-,0.0001,randherm_04,0.2509210491959093,0.2509210491959093,0.2509210491959094,0.25092104919590935,0.0,5.551115123125783e-17
bell_Psi-,0.0001,randherm_05,0.31336172437979437,0.31336172437979437,0.3133617243797944,0.31336172437979437,0.0,5.551115123125783e-17
bell_Psi-,0.001,II,0.9870791978016873,0.9870791978016871,0.9870791978016875,0.9870791978016873,2.220446049250313e-16,2.220446049250313e-16
bell_Psi-,0.001,IX,0.0,0.0,0.0,0.0,0.0,0.0
bell_Psi-,0.001,IY,0.0,0.0,0.0,0.0,0.0,0.0
bell_Psi-,0.001,IZ,2.7755575615628914e-17,5.551115123125783e-17,2.7755575615628914e-17,-1.1102230246251565e-16,2.7755575615628914e-17,1.3877787807814457e-16
bell_Psi-,0.001,XI,0.0,0.0,0.0,0.0,0.0,0.0
bell_Psi-,0.001,XX,-0.9841194418156398,-0.9841194418156399,-0.9841194418156399,-0.98411944181564,1.1102230246251565e-16,1.1102230246251565e-16
bell_Psi-,0.001,XY,4.896730762058962e-18,0.0,-1.7312557637483178e-18,6.925023054993317e-18,4.896730762058962e-18,8.656278818741635e-18
bell_Psi-,0.001,XZ,0.0,0.0,0.0,0.0,0.0,0.0
bell_Psi-,0.001,YI,0.0,0.0,0.0,0.0,0.0,0.0
bell_Psi-,0.001,YX,-4.896730762058962e-18,0.0,1.211879034623828e-17,6.925023054993317e-18,4.896730762058962e-18,5.1937672912449625e-18
bell_Psi-,0.001,YY,-0.9841194418156397,-0.9841194418156399,-0.9841194418156399,-0.98411944181564,2.220446049250313e-16,1.1102230246251565e-16
bell_Psi-,0.001,YZ,0.0,0.0,0.0,0.0,0.0,0.0
bell_Psi-,0.001,ZI,-2.7755575615628914e-17,-5.551115123125783e-17,2.7755575615628914e-17,1.1102230246251565e-16,2.7755575615628914e-17,8.326672684688674e-17
bell_Psi-,0.001,ZX,0.0,0.0,0.0,0.0,0.0,0.0
bell_Psi-,0.001,ZY,0.0,0.0,0.0,0.0,0.0,0.0
bell_Psi-,0.001,ZZ,-0.9846119940888207,-0.9846119940888205,-0.9846119940888208,-0.9846119940888207,2.220446049250313e-16,1.1102230246251565e-16
bell_Psi-,0.001,randherm_00,-0.17471762454901507,-0.17471762454901502,-0.174717624549015,-0.17471762454901504,5.551115123125783e-17,5.551115123125783e-17
bell_Psi-,0.001,randherm_01,0.20279722662137195,0.20279722662137195,0.20279722662137198,0.20279722662137198,0.0,0.0
bell_Psi-,0.001,randherm_02,-0.1535915314575349,-0.1535915314575349,-0.15359153145753496,-0.15359153145753496,0.0,0.0
bell_Psi-,0.001,randherm_03,0.2681720605689799,0.26817206056897985,0.26817206056898,0.2681720605689799,5.551115123125783e-17,1.1102230246251565e-16
bell_Psi-,0.001,randherm_04,0.24787909104620906,0.24787909104620898,0.2478790910462091,0.24787909104620903,8.326672684688674e-17,5.551115123125783e-17
bell_Psi-,0.001,randherm_05,0.3089959718673959,0.3089959718673959,0.30899597186739597,0.308995971867396,0.0,5.551115123125783e-17
bell_Psi-,0.005,II,0.9369501221779961,0.9369501221779961,0.9369501221779963,0.9369501221779963,0.0,0.0
bell_Psi-,0.005,IX,0.0,0.0,0.0,0.0,0.0,0.0
bell_Psi-,0.005,IY,0.0,0.0,0.0,0.0,0.0,0.0
bell_Psi-,0.005,IZ,2.7755575615628914e-17,-1.1102230246251565e-16,1.1102230246251565e-16,-2.7755575615628914e-17,1.3877787807814457e-16,1.3877787807814457e-16
bell_Psi-,0.005,XI,0.0,0.0,0.0,0.0,0.0,0.0
bell_Psi-,0.005,XX,-0.9229311239742357,-0.9229311239742357,-0.922931123974236,-0.9229311239742359,0.0,1.1102230246251565e-16
bell_Psi-,0.005,XY,9.715192415052521e-18,4.146217713067078e-18,2.8455139778367758e-18,6.869678437215761e-18,5.568974701985443e-18,4.024164459378985e-18
bell_Psi-,0.005,XZ,0.0,0.0,0.0,0.0,0.0,0.0
bell_Psi-,0.005,YI,0.0,0.0,0.0,0.0,0.0,0.0
bell_Psi-,0.005,YX,-9.715192415052521e-18,4.146217713067072e-18,6.86967843721575e-18,-6.869678437215749e-18,1.3861410128119594e-17,1.3739356874431499e-17
bell_Psi-,0.005,YY,-0.9229311239742357,-0.9229311239742359,-0.9229311239742358,-0.9229311239742357,2.220446049250313e-16,1.1102230246251565e-16
bell_Psi-,0.005,YZ,0.0,0.0,0.0,0.0,0.0,0.0
bell_Psi-,0.005,ZI,2.7755575615628914e-17,1.1102230246251565e-16,-2.7755575615628914e-17,-2.7755575615628914e-17,8.326672684688674e-17,0.0
bell_Psi-,0.005,ZX,0.0,0.0,0.0,0.0,0.0,0.0
bell_Psi-,0.005,ZY,0.0,0.0,0.0,0.0,0.0,0.0
bell_Psi-,0.005,ZZ,-0.9252500463962816,-0.9252500463962818,-0.9252500463962817,-0.9252500463962818,2.220446049250313e-16,1.1102230246251565e-16
bell_Psi-,0.005,randherm_00,-0.16606444893330985,-0.16606444893330985,-0.16606444893330993,-0.16606444893330993,0.0,0.0
bell_Psi-,0.005,randherm_01,0.19089016997455815,0.19089016997455815,0.19089016997455827,0.19089016997455824,0.0,2.7755575615628914e-17
bell_Psi-,0.005,randherm_02,-0.14402530361435256,-0.14402530361435262,-0.14402530361435256,-0.14402530361435256,5.551115123125783e-17,0.0
bell_Psi-,0.005,randherm_03,0.25300317284351725,0.2530031728435173,0.2530031728435174,0.2530031728435174,5.551115123125783e-17,0.0
bell_Psi-,0.005,randherm_04,0.23477378196580823,0.23477378196580828,0.23477378196580834,0.23477378196580834,5.551115123125783e-17,0.0
bell_Psi-,0.005,randherm_05,0.2902755480354354,0.2902755480354354,0.2902755480354354,0.29027554803543537,0.0,5.551115123125783e-17
bell_Psi-,0.01,II,0.8776548783289341,0.8776548783289342,0.8776548783289346,0.8776548783289344,1.1102230246251565e-16,2.220446049250313e-16
bell_Psi-,0.01,IX,0.0,0.0,0.0,0.0,0.0,0.0
bell_Psi-,0.01,IY,0.0,0.0,0.0,0.0,0.0,0.0
bell_Psi-,0.01,IZ,0.0,-2.7755575615628914e-17,-2.7755575615628914e-17,0.0,2.7755575615628914e-17,2.7755575615628914e-17
bell_Psi-,0.01,XI,0.0,0.0,0.0,0.0,0.0,0.0
bell_Psi-,0.01,XX,-0.8514577710948749,-0.8514577710948749,-0.8514577710948749,-0.8514577710948749,0.0,0.0
bell_Psi-,0.01,XY,0.0,0.0,2.465190328815662e-32,4.8088988086123954e-18,0.0,4.808898808612371e-18
bell_Psi-,0.01,XZ,0.0,0.0,0.0,0.0,0.0,0.0
bell_Psi-,0.01,YI,0.0,0.0,0.0,0.0,0.0,0.0
bell_Psi-,0.01,YX,0.0,0.0,-2.465190328815662e-32,4.8088988086123954e-18,0.0,4.80889880861242e-18
bell_Psi-,0.01,YY,-0.8514577710948749,-0.8514577710948749,-0.8514577710948749,-0.8514577710948749,0.0,0.0
bell_Psi-,0.01,YZ,0.0,0.0,0.0,0.0,0.0,0.0
bell_Psi-,0.01,ZI,5.551115123125783e-17,8.326672684688674e-17,-2.7755575615628914e-17,0.0,2.7755575615628914e-17,2.7755575615628914e-17
bell_Psi-,0.01,ZX,0.0,0.0,0.0,0.0,0.0,0.0
bell_Psi-,0.01,ZY,0.0,0.0,0.0,0.0,0.0,0.0
bell_Psi-,0.01,ZZ,-0.8557580628680814,-0.8557580628680814,-0.8557580628680813,-0.8557580628680814,0.0,1.1102230246251565e-16
bell_Psi-,0.01,randherm_00,-0.15581021578712445,-0.15581021578712448,-0.15581021578712456,-0.15581021578712456,2.7755575615628914e-17,0.0
bell_Psi-,0.01,randherm_01,0.17693225007531566,0.17693225007531566,0.17693225007531568,0.17693225007531566,0.0,2.7755575615628914e-17
bell_Psi-,0.01,randherm_02,-0.13284927244439743,-0.13284927244439743,-0.13284927244439743,-0.13284927244439743,0.0,0.0
bell_Psi-,0.01,randherm_03,0.2351761991604514,0.2351761991604514,0.23517619916045146,0.2351761991604514,0.0,5.551115123125783e-17
bell_Psi-,0.01,randherm_04,0.21930725400539522,0.21930725400539525,0.21930725400539533,0.21930725400539527,2.7755575615628914e-17,5.551115123125783e-17
bell_Psi-,0.01,randherm_05,0.26837365959768555,0.26837365959768555,0.26837365959768555,0.26837365959768555,0.0,0.0
bell_Psi-,0.02,II,0.7694996578280626,0.7694996578280626,0.7694996578280624,0.7694996578280624,0.0,0.0
bell_Psi-,0.02,IX,0.0,0.0,0.0,0.0,0.0,0.0
bell_Psi-,0.02,IY,0.0,0.0,0.0,0.0,0.0,0.0
bell_Psi-,0.02,IZ,-5.551115123125783e-17,-2.7755575615628914e-17,-2.7755575615628914e-17,0.0,2.7755575615628914e-17,2.7755575615628914e-17
bell_Psi-,0.02,XI,0.0,0.0,0.0,0.0,0.0,0.0
bell_Psi-,0.02,XX,-0.7237977205924953,-0.7237977205924953,-0.7237977205924953,-0.7237977205924953,0.0,0.0
bell_Psi-,0.02,XY,2.356119995812337e-18,2.641965283172031e-18,2.356119995812337e-18,2.641965283172031e-18,2.8584528735969396e-19,2.8584528735969396e-19
bell_Psi-,0.02,XZ,0.0,0.0,0.0,0.0,0.0,0.0
bell_Psi-,0.02,YI,0.0,0.0,0.0,0.0,0.0,0.0
bell_Psi-,0.02,YX,2.356119995812337e-18,2.641965283172034e-18,2.3561199958123353e-18,2.641965283172033e-18,2.8584528735969704e-19,2.858452873596978e-19
bell_Psi-,0.02,YY,-0.7237977205924953,-0.7237977205924953,-0.7237977205924953,-0.7237977205924953,0.0,0.0
bell_Psi-,0.02,YZ,0.0,0.0,0.0,0.0,0.0,0.0
bell_Psi-,0.02,ZI,5.551115123125783e-17,2.7755575615628914e-17,2.7755575615628914e-17,0.0,2.7755575615628914e-17,2.7755575615628914e-17
bell_Psi-,0.02,ZX,0.0,0.0,0.0,0.0,0.0,0.0
bell_Psi-,0.02,ZY,0.0,0.0,0.0,0.0,0.0,0.0
bell_Psi-,0.02,ZZ,-0.7311834116189494,-0.7311834116189493,-0.7311834116189495,-0.7311834116189493,1.1102230246251565e-16,2.220446049250313e-16
bell_Psi-,0.02,randherm_00,-0.13705026182931415,-0.13705026182931412,-0.13705026182931418,-0.13705026182931418,2.7755575615628914e-17,0.0
bell_Psi-,0.02,randherm_01,0.151852512265926,0.151852512265926,0.151852512265926,0.151852512265926,0.0,0.0
bell_Psi-,0.02,randherm_02,-0.11288273678273517,-0.11288273678273514,-0.11288273678273515,-0.11288273678273512,2.7755575615628914e-17,2.7755575615628914e-17
bell_Psi-,0.02,randherm_03,0.20300851763448277,0.20300851763448277,0.20300851763448277,0.20300851763448274,0.0,2.7755575615628914e-17
bell_Psi-,0.02,randherm_04,0.1912030953785795,0.1912030953785795,0.1912030953785795,0.19120309537857946,0.0,2.7755575615628914e-17
bell_Psi-,0.02,randherm_05,0.22914928444346896,0.22914928444346894,0.22914928444346896,0.22914928444346894,2.7755575615628914e-17,2.7755575615628914e-17
bell_Psi-,0.05,II,0.5154404691462413,0.5154404691462413,0.5154404691462415,0.5154404691462415,0.0,0.0
bell_Psi-,0.05,IX,0.0,0.0,0.0,0.0,0.0,0.0
bell_Psi-,0.05,IY,0.0,0.0,0.0,0.0,0.0,0.0
bell_Psi-,0.05,IZ,1.3877787807814457e-17,-1.3877787807814457e-17,-4.163336342344337e-17,1.3877787807814457e-17,2.7755575615628914e-17,5.551115123125783e-17
bell_Psi-,0.05,XI,0.0,0.0,0.0,0.0,0.0,0.0
bell_Psi-,0.05,XX,-0.44012666865176525,-0.4401266686517652,-0.4401266686517652,-0.4401266686517652,5.551115123125783e-17,0.0
bell_Psi-,0.05,XY,0.0,0.0,3.0814879110195774e-33,0.0,0.0,3.0814879110195774e-33
bell_Psi-,0.05,XZ,0.0,0.0,0.0,0.0,0.0,0.0
bell_Psi-,0.05,YI,0.0,0.0,0.0,0.0,0.0,0.0
bell_Psi-,0.05,YX,0.0,0.0,0.0,0.0,0.0,0.0
bell_Psi-,0.05,YY,-0.44012666865176514,-0.4401266686517652,-0.4401266686517652,-0.4401266686517652,5.551115123125783e-17,0.0
bell_Psi-,0.05,YZ,0.0,0.0,0.0,0.0,0.0,0.0
bell_Psi-,0.05,ZI,-2.7755575615628914e-17,0.0,-2.0816681711721685e-17,2.7755575615628914e-17,2.7755575615628914e-17,4.85722573273506e-17
bell_Psi-,0.05,ZX,0.0,0.0,0.0,0.0,0.0,0.0
bell_Psi-,0.05,ZY,0.0,0.0,0.0,0.0,0.0,0.0
bell_Psi-,0.05,ZZ,-0.4517089494057589,-0.4517089494057589,-0.45170894940575895,-0.451708949405759,0.0,5.551115123125783e-17
bell_Psi-,0.05,randherm_00,-0.09265103073191136,-0.09265103073191133,-0.09265103073191139,-0.09265103073191136,2.7755575615628914e-17,2.7755575615628914e-17
bell_Psi-,0.05,randherm_01,0.0952236649949254,0.0952236649949254,0.09522366499492545,0.09522366499492542,0.0,2.7755575615628914e-17
bell_Psi-,0.05,randherm_02,-0.06849720465756921,-0.06849720465756923,-0.06849720465756923,-0.06849720465756923,1.3877787807814457e-17,0.0
bell_Psi-,0.05,randherm_03,0.12956895377639902,0.129568953776399,0.12956895377639904,0.12956895377639904,2.7755575615628914e-17,0.0
bell_Psi-,0.05,randherm_04,0.12585049837513362,0.12585049837513362,0.12585049837513368,0.12585049837513368,0.0,0.0
bell_Psi-,0.05,randherm_05,0.14135730175423603,0.14135730175423605,0.14135730175423603,0.14135730175423603,2.7755575615628914e-17,0.0
bell_Psi-,0.1,II,0.2587455534372074,0.2587455534372074,0.2587455534372074,0.25874555343720745,0.0,5.551115123125783e-17
bell_Psi-,0.1,IX,0.0,0.0,0.0,0.0,0.0,0.0
bell_Psi-,0.1,IY,0.0,0.0,0.0,0.0,0.0,0.0
bell_Psi-,0.1,IZ,-1.3877787807814457e-17,0.0,1.3877787807814457e-17,-1.3877787807814457e-17,1.3877787807814457e-17,2.7755575615628914e-17
bell_Psi-,0.1,XI,0.0,0.0,0.0,0.0,0.0,0.0
bell_Psi-,0.1,XX,-0.18530201888518405,-0.1853020188851841,-0.18530201888518413,-0.1853020188851841,5.551115123125783e-17,2.7755575615628914e-17
bell_Psi-,0.1,XY,2.6647464679623208e-18,-1.0478174738914017e-17,-1.4903612010162424e-18,-1.4051260155412146e-18,1.3142921206876338e-17,8.523518547502776e-20
bell_Psi-,0.1,XZ,0.0,0.0,0.0,0.0,0.0,0.0
bell_Psi-,0.1,YI,0.0,0.0,0.0,0.0,0.0,0.0
bell_Psi-,0.1,YX,-1.4550556312010842e-19,3.5730854164981164e-18,-1.4903612010162397e-18,1.4051260155412146e-18,3.718590979618225e-18,2.8954872165574543e-18
bell_Psi-,0.1,YY,-0.18530201888518402,-0.18530201888518405,-0.1853020188851842,-0.18530201888518416,2.7755575615628914e-17,2.7755575615628914e-17
bell_Psi-,0.1,YZ,0.0,0.0,0.0,0.0,0.0,0.0
bell_Psi-,0.1,ZI,0.0,-1.3877787807814457e-17,1.3877787807814457e-17,0.0,1.3877787807814457e-17,1.3877787807814457e-17
bell_Psi-,0.1,ZX,0.0,0.0,0.0,0.0,0.0,0.0
bell_Psi-,0.1,ZY,0.0,0.0,0.0,0.0,0.0,0.0
bell_Psi-,0.1,ZZ,-0.19559657548991644,-0.19559657548991644,-0.1955965754899165,-0.19559657548991655,0.0,5.551115123125783e-17
bell_Psi-,0.1,randherm_00,-0.047157371870380924,-0.047157371870380924,-0.04715737187038094,-0.04715737187038094,0.0,0.0
bell_Psi-,0.1,randherm_01,0.04253730188319273,0.04253730188319273,0.04253730188319273,0.04253730188319273,0.0,0.0
bell_Psi-,0.1,randherm_02,-0.028632279495291284,-0.02863227949529129,-0.028632279495291305,-0.028632279495291298,6.938893903907228e-18,6.938893903907228e-18
bell_Psi-,0.1,randherm_03,0.059675423901342964,0.059675423901342964,0.059675423901342964,0.059675423901342964,0.0,0.0
bell_Psi-,0.1,randherm_04,0.061224303175651876,0.061224303175651876,0.06122430317565186,0.06122430317565189,0.0,2.7755575615628914e-17
bell_Psi-,0.1,randherm_05,0.0612190367889754,0.0612190367889754,0.06121903678897543,0.061219036788975424,0.0,6.938893903907228e-18
bell_Psi-,0.15,II,0.1262958532333438,0.1262958532333438,0.1262958532333438,0.1262958532333438,0.0,0.0
bell_Psi-,0.15,IX,0.0,0.0,0.0,0.0,0.0,0.0
bell_Psi-,0.15,IY,0.0,0.0,0.0,0.0,0.0,0.0
bell_Psi-,0.15,IZ,0.0,0.0,-3.469446951953614e-18,3.469446951953614e-18,0.0,6.938893903907228e-18
bell_Psi-,0.15,XI,0.0,0.0,0.0,0.0,0.0,0.0
bell_Psi-,0.15,XX,-0.07425108623606386,-0.07425108623606386,-0.07425108623606387,-0.07425108623606388,0.0,1.3877787807814457e-17
bell_Psi-,0.15,XY,5.617751709100295e-19,-2.2851145240757387e-18,-1.2756057035625448e-18,-1.2264578670422716e-18,2.8468896949857682e-18,4.9147836520273236e-20
bell_Psi-,0.15,XZ,0.0,0.0,0.0,0.0,0.0,0.0
bell_Psi-,0.15,YI,0.0,0.0,0.0,0.0,0.0,0.0
bell_Psi-,0.15,YX,1.44801876575302e-18,2.7282363214972336e-18,1.2978736957318478e-19,2.6879844350970257e-20,1.2802175557442136e-18,1.0290752522221452e-19
bell_Psi-,0.15,YY,-0.07425108623606386,-0.07425108623606386,-0.07425108623606387,-0.07425108623606388,0.0,1.3877787807814457e-17
bell_Psi-,0.15,YZ,0.0,0.0,0.0,0.0,0.0,0.0
bell_Psi-,0.15,ZI,-6.938893903907228e-18,-6.938893903907228e-18,5.204170427930421e-18,0.0,0.0,5.204170427930421e-18
bell_Psi-,0.15,ZX,0.0,0.0,0.0,0.0,0.0,0.0
bell_Psi-,0.15,ZY,0.0,0.0,0.0,0.0,0.0,0.0
bell_Psi-,0.15,ZZ,-0.08080265266865774,-0.08080265266865773,-0.08080265266865773,-0.08080265266865772,1.3877787807814457e-17,1.3877787807814457e-17
bell_Psi-,0.15,randherm_00,-0.023293516313342467,-0.02329351631334247,-0.023293516313342467,-0.023293516313342463,3.469446951953614e-18,3.469446951953614e-18
bell_Psi-,0.15,randherm_01,0.018315301002342813,0.018315301002342813,0.018315301002342813,0.018315301002342813,0.0,0.0
bell_Psi-,0.15,randherm_02,-0.011311139299166701,-0.011311139299166703,-0.011311139299166703,-0.011311139299166701,1.734723475976807e-18,1.734723475976807e-18
bell_Psi-,0.15,randherm_03,0.02652939800827335,0.026529398008273357,0.02652939800827335,0.026529398008273346,6.938893903907228e-18,3.469446951953614e-18
bell_Psi-,0.15,randherm_04,0.028885372999033397,0.028885372999033397,0.02888537299903339,0.02888537299903339,0.0,0.0
bell_Psi-,0.15,randherm_05,0.025413002804007524,0.025413002804007524,0.02541300280400753,0.025413002804007528,0.0,3.469446951953614e-18
bell_Psi-,0.2,II,0.059828894433280023,0.05982889443328002,0.05982889443328002,0.05982889443328003,6.938893903907228e-18,1.3877787807814457e-17
bell_Psi-,0.2,IX,0.0,0.0,0.0,0.0,0.0,0.0
bell_Psi-,0.2,IY,0.0,0.0,0.0,0.0,0.0,0.0
bell_Psi-,0.2,IZ,0.0,1.734723475976807e-18,-1.734723475976807e-18,3.469446951953614e-18,1.734723475976807e-18,5.204170427930421e-18
bell_Psi-,0.2,XI,0.0,0.0,0.0,0.0,0.0,0.0
bell_Psi-,0.2,XX,-0.028147497671065613,-0.028147497671065613,-0.028147497671065613,-0.028147497671065613,0.0,0.0
bell_Psi-,0.2,XY,2.7406878629800377e-19,2.1658510704067593e-19,4.4134069268694706e-20,-5.025591531204252e-19,5.748367925732784e-20,5.466932223891199e-19
bell_Psi-,0.2,XZ,0.0,0.0,0.0,0.0,0.0,0.0
bell_Psi-,0.2,YI,0.0,0.0,0.0,0.0,0.0,0.0
bell_Psi-,0.2,YX,4.3665718393963785e-19,7.716966193532547e-19,4.3665718393963785e-19,5.25523591921536e-20,3.3503943541361684e-19,3.8410482474748425e-19
bell_Psi-,0.2,YY,-0.028147497671065613,-0.028147497671065613,-0.028147497671065613,-0.02814749767106561,0.0,3.469446951953614e-18
bell_Psi-,0.2,YZ,0.0,0.0,0.0,0.0,0.0,0.0
bell_Psi-,0.2,ZI,0.0,1.734723475976807e-18,3.469446951953614e-18,3.469446951953614e-18,1.734723475976807e-18,0.0
bell_Psi-,0.2,ZX,0.0,0.0,0.0,0.0,0.0,0.0
bell_Psi-,0.2,ZY,0.0,0.0,0.0,0.0,0.0,0.0
bell_Psi-,0.2,ZZ,-0.03166593487994881,-0.031665934879948815,-0.0316659348799488,-0.0316659348799488,6.938893903907228e-18,0.0
bell_Psi-,0.2,randherm_00,-0.011145101935525863,-0.011145101935525864,-0.011145101935525864,-0.011145101935525864,1.734723475976807e-18,0.0
bell_Psi-,0.2,randherm_01,0.007587704227383229,0.007587704227383229,0.007587704227383229,0.007587704227383229,0.0,0.0
bell_Psi-,0.2,randherm_02,-0.004178006933092978,-0.004178006933092979,-0.0041780069330929785,-0.004178006933092979,1.734723475976807e-18,8.673617379884035e-19
bell_Psi-,0.2,randherm_03,0.011362580202791012,0.011362580202791014,0.011362580202791012,0.011362580202791014,1.734723475976807e-18,1.734723475976807e-18
bell_Psi-,0.2,randherm_04,0.01319594103099328,0.013195941030993282,0.01319594103099328,0.01319594103099328,1.734723475976807e-18,0.0
bell_Psi-,0.2,randherm_05,0.010079852190790458,0.01007985219079046,0.01007985219079046,0.010079852190790462,1.734723475976807e-18,1.734723475976807e-18
bell_Psi-,0.3,II,0.012148554271367483,0.012148554271367478,0.012148554271367483,0.012148554271367481,5.204170427930421e-18,1.734723475976807e-18
bell_Psi-,0.3,IX,0.0,0.0,0.0,0.0,0.0,0.0
bell_Psi-,0.3,IY,0.0,0.0,0.0,0.0,0.0,0.0
bell_Psi-,0.3,IZ,2.168404344971009e-19,0.0,-4.336808689942018e-19,6.505213034913027e-19,2.168404344971009e-19,1.0842021724855044e-18
bell_Psi-,0.3,XI,0.0,0.0,0.0,0.0,0.0,0.0
bell_Psi-,0.3,XX,-0.003323293056960095,-0.0033232930569600952,-0.0033232930569600965,-0.003323293056960096,4.336808689942018e-19,4.336808689942018e-19
bell_Psi-,0.3,XY,-9.391422177185665e-21,3.59543754030805e-20,3.6426318143692847e-20,0.0,4.5345797580266163e-20,3.6426318143692847e-20
bell_Psi-,0.3,XZ,0.0,0.0,0.0,0.0,0.0,0.0
bell_Psi-,0.3,YI,0.0,0.0,0.0,0.0,0.0,0.0
bell_Psi-,0.3,YX,-9.391422177185653e-21,-1.7171531048709194e-20,1.4420847177997283e-20,5.312590645178969e-20,7.780108871523541e-21,3.870505927379241e-20
bell_Psi-,0.3,YY,-0.0033232930569600944,-0.0033232930569600944,-0.0033232930569600952,-0.0033232930569600952,0.0,0.0
bell_Psi-,0.3,YZ,0.0,0.0,0.0,0.0,0.0,0.0
bell_Psi-,0.3,ZI,4.336808689942018e-19,0.0,9.75781955236954e-19,8.673617379884035e-19,4.336808689942018e-19,1.0842021724855044e-19
bell_Psi-,0.3,ZX,0.0,0.0,0.0,0.0,0.0,0.0
bell_Psi-,0.3,ZY,0.0,0.0,0.0,0.0,0.0,0.0
bell_Psi-,0.3,ZZ,-0.004035427283451543,-0.004035427283451543,-0.004035427283451544,-0.004035427283451543,0.0,8.673617379884035e-19
bell_Psi-,0.3,randherm_00,-0.0022954199144767833,-0.0022954199144767824,-0.0022954199144767833,-0.0022954199144767833,8.673617379884035e-19,0.0
bell_Psi-,0.3,randherm_01,0.001154580206401521,0.0011545802064015205,0.0011545802064015212,0.001154580206401521,4.336808689942018e-19,2.168404344971009e-19
bell_Psi-,0.3,randherm_02,-0.0004324386934210031,-0.00043243869342100345,-0.0004324386934210036,-0.0004324386934210035,3.2526065174565133e-19,1.0842021724855044e-19
bell_Psi-,0.3,randherm_03,0.0018520786624856979,0.0018520786624856977,0.0018520786624856985,0.0018520786624856983,2.168404344971009e-19,2.168404344971009e-19
bell_Psi-,0.3,randherm_04,0.0024819715517371338,0.002481971551737133,0.0024819715517371333,0.0024819715517371338,8.673617379884035e-19,4.336808689942018e-19
bell_Psi-,0.3,randherm_05,0.0013682236552823067,0.0013682236552823072,0.0013682236552823076,0.0013682236552823072,4.336808689942018e-19,4.336808689942018e-19
bell_Psi-,0.5,II,0.0002899169921874999,0.00028991699218749984,0.0002899169921874999,0.0002899169921874999,5.421010862427522e-20,0.0
bell_Psi-,0.5,IX,0.0,0.0,0.0,0.0,0.0,0.0
bell_Psi-,0.5,IY,0.0,0.0,0.0,0.0,0.0,0.0
bell_Psi-,0.5,IZ,0.0,0.0,-5.082197683525802e-21,-6.776263578034403e-21,0.0,1.6940658945086007e-21
bell_Psi-,0.5,XI,0.0,0.0,0.0,0.0,0.0,0.0
bell_Psi-,0.5,XX,-1.5258789062499993e-05,-1.5258789062499993e-05,-1.5258789062499992e-05,-1.5258789062499993e-05,0.0,1.6940658945086007e-21
bell_Psi-,0.5,XY,1.4973568522298564e-22,0.0,-1.0587911840678745e-22,-1.0587911840678754e-22,1.4973568522298564e-22,9.4039548065783e-38
bell_Psi-,0.5,XZ,0.0,0.0,0.0,0.0,0.0,0.0
bell_Psi-,0.5,YI,0.0,0.0,0.0,0.0,0.0,0.0
bell_Psi-,0.5,YX,-1.4973568522298564e-22,0.0,1.058791184067876e-22,1.0587911840678754e-22,1.4973568522298564e-22,4.70197740328915e-38
bell_Psi-,0.5,YY,-1.5258789062499993e-05,-1.5258789062499993e-05,-1.5258789062499992e-05,-1.5258789062499993e-05,0.0,1.6940658945086007e-21
bell_Psi-,0.5,YZ,0.0,0.0,0.0,0.0,0.0,0.0
bell_Psi-,0.5,ZI,0.0,5.421010862427522e-20,1.7787691892340307e-20,0.0,5.421010862427522e-20,1.7787691892340307e-20
bell_Psi-,0.5,ZX,0.0,0.0,0.0,0.0,0.0,0.0
bell_Psi-,0.5,ZY,0.0,0.0,0.0,0.0,0.0,0.0
bell_Psi-,0.5,ZZ,-2.2888183593749973e-05,-2.2888183593749986e-05,-2.2888183593749993e-05,-2.2888183593749993e-05,1.3552527156068805e-20,0.0
bell_Psi-,0.5,randherm_00,-5.5303549831759355e-05,-5.530354983175934e-05,-5.5303549831759355e-05,-5.530354983175936e-05,1.3552527156068805e-20,6.776263578034403e-21
bell_Psi-,0.5,randherm_01,1.620809117139337e-05,1.6208091171393373e-05,1.620809117139337e-05,1.6208091171393377e-05,3.3881317890172014e-21,6.776263578034403e-21
bell_Psi-,0.5,randherm_02,1.730265475333288e-06,1.7302654753332863e-06,1.7302654753332846e-06,1.7302654753332865e-06,1.6940658945086007e-21,1.9058241313221758e-21
bell_Psi-,0.5,randherm_03,2.9099174703643655e-05,2.9099174703643655e-05,2.9099174703643662e-05,2.9099174703643662e-05,0.0,0.0
bell_Psi-,0.5,randherm_04,5.189895654751131e-05,5.1898956547511294e-05,5.18989565475113e-05,5.189895654751131e-05,1.3552527156068805e-20,6.776263578034403e-21
bell_Psi-,0.5,randherm_05,1.3726990073439783e-05,1.3726990073439785e-05,1.372699007343979e-05,1.3726990073439781e-05,1.6940658945086007e-21,8.470329472543003e-21
bell_Psi-,0.75,II,2.4121254682540883e-07,2.4121254682540883e-07,2.412125468254089e-07,2.4121254682540883e-07,0.0,5.293955920339377e-23
bell_Psi-,0.75,IX,0.0,0.0,0.0,0.0,0.0,0.0
bell_Psi-,0.75,IY,0.0,0.0,0.0,0.0,0.0,0.0
bell_Psi-,0.75,IZ,0.0,0.0,-4.963083675318166e-24,0.0,0.0,4.963083675318166e-24
bell_Psi-,0.75,XI,0.0,0.0,0.0,0.0,0.0,0.0
bell_Psi-,0.75,XX,-2.3283064365386953e-10,-2.3283064365386953e-10,-2.328306436538695e-10,-2.3283064365386953e-10,0.0,2.5849394142282115e-26
bell_Psi-,0.75,XY,2.2847852359464362e-27,0.0,-1.6155871338926307e-27,-1.6155871338926322e-27,2.2847852359464362e-27,1.4349296274686127e-42
bell_Psi-,0.75,XZ,0.0,0.0,0.0,0.0,0.0,0.0
bell_Psi-,0.75,YI,0.0,0.0,0.0,0.0,0.0,0.0
bell_Psi-,0.75,YX,-2.2847852359464362e-27,0.0,1.615587133892633e-27,1.6155871338926322e-27,2.2847852359464362e-27,7.174648137343064e-43
bell_Psi-,0.75,YY,-2.3283064365386953e-10,-2.3283064365386953e-10,-2.328306436538695e-10,-2.3283064365386953e-10,0.0,2.5849394142282115e-26
bell_Psi-,0.75,YZ,0.0,0.0,0.0,0.0,0.0,0.0
bell_Psi-,0.75,ZI,0.0,-1.3234889800848443e-23,-1.1994118882018901e-23,-1.3234889800848443e-23,1.3234889800848443e-23,1.2407709188295415e-24
bell_Psi-,0.75,ZX,0.0,0.0,0.0,0.0,0.0,0.0
bell_Psi-,0.75,ZY,0.0,0.0,0.0,0.0,0.0,0.0
bell_Psi-,0.75,ZZ,-5.820766091346741e-10,-5.820766091346741e-10,-5.82076609134672e-10,-5.820766091346741e-10,0.0,2.0679515313825692e-24
bell_Psi-,0.75,randherm_00,-4.5961804046853835e-08,-4.5961804046853835e-08,-4.5961804046853835e-08,-4.596180404685385e-08,0.0,1.3234889800848443e-23
bell_Psi-,0.75,randherm_01,1.082588920163557e-08,1.082588920163557e-08,1.0825889201635571e-08,1.0825889201635573e-08,0.0,1.6543612251060553e-24
bell_Psi-,0.75,randherm_02,4.19454643839194e-09,4.194546438391942e-09,4.194546438391942e-09,4.194546438391942e-09,1.6543612251060553e-24,0.0
bell_Psi-,0.75,randherm_03,1.9965023735552166e-08,1.996502373555217e-08,1.9965023735552173e-08,1.9965023735552173e-08,3.308722450212111e-24,0.0
bell_Psi-,0.75,randherm_04,4.083664049560844e-08,4.083664049560844e-08,4.083664049560845e-08,4.0836640495608455e-08,0.0,6.617444900424222e-24
bell_Psi-,0.75,randherm_05,7.398663114953373e-09,7.3986631149533715e-09,7.39866311495337e-09,7.3986631149533715e-09,1.6543612251060553e-24,1.6543612251060553e-24
bell_Psi-,1.0,II,0.0,0.0,0.0,0.0,0.0,0.0
bell_Psi-,1.0,IX,0.0,0.0,0.0,0.0,0.0,0.0
bell_Psi-,1.0,IY,0.0,0.0,0.0,0.0,0.0,0.0
bell_Psi-,1.0,IZ,0.0,0.0,0.0,0.0,0.0,0.0
bell_Psi-,1.0,XI,0.0,0.0,0.0,0.0,0.0,0.0
bell_Psi-,1.0,XX,0.0,0.0,0.0,0.0,0.0,0.0
bell_Psi-,1.0,XY,0.0,0.0,0.0,0.0,0.0,0.0
bell_Psi-,1.0,XZ,0.0,0.0,0.0,0.0,0.0,0.0
bell_Psi-,1.0,YI,0.0,0.0,0.0,0.0,0.0,0.0
bell_Psi-,1.0,YX,0.0,0.0,0.0,0.0,0.0,0.0
bell_Psi-,1.0,YY,0.0,0.0,0.0,0.0,0.0,0.0
bell_Psi-,1.0,YZ,0.0,0.0,0.0,0.0,0.0,0.0
bell_Psi-,1.0,ZI,0.0,0.0,0.0,0.0,0.0,0.0
bell_Psi-,1.0,ZX,0.0,0.0,0.0,0.0,0.0,0.0
bell_Psi-,1.0,ZY,0.0,0.0,0.0,0.0,0.0,0.0
bell_Psi-,1.0,ZZ,0.0,0.0,0.0,0.0,0.0,0.0
bell_Psi-,1.0,randherm_00,0.0,0.0,0.0,0.0,0.0,0.0
bell_Psi-,1.0,randherm_01,0.0,0.0,0.0,0.0,0.0,0.0
bell_Psi-,1.0,randherm_02,0.0,0.0,0.0,0.0,0.0,0.0
bell_Psi-,1.0,randherm_03,0.0,0.0,0.0,0.0,0.0,0.0
bell_Psi-,1.0,randherm_04,0.0,0.0,0.0,0.0,0.0,0.0
bell_Psi-,1.0,randherm_05,0.0,0.0,0.0,0.0,0.0,0.0
comp_00,0.0,II,0.9999999999999992,0.9999999999999991,0.9999999999999993,0.9999999999999993,1.1102230246251565e-16,0.0
comp_00,0.0,IX,0.0,0.0,0.0,0.0,0.0,0.0
comp_00,0.0,IY,0.0,0.0,0.0,0.0,0.0,0.0
comp_00,0.0,IZ,0.9999999999999992,0.9999999999999991,0.9999999999999993,0.9999999999999993,1.1102230246251565e-16,0.0
comp_00,0.0,XI,0.0,0.0,0.0,0.0,0.0,0.0
comp_00,0.0,XX,0.0,0.0,0.0,0.0,0.0,0.0
comp_00,0.0,XY,0.0,0.0,0.0,0.0,0.0,0.0
comp_00,0.0,XZ,0.0,0.0,0.0,0.0,0.0,0.0
comp_00,0.0,YI,0.0,0.0,0.0,0.0,0.0,0.0
comp_00,0.0,YX,0.0,0.0,0.0,0.0,0.0,0.0
comp_00,0.0,YY,0.0,0.0,0.0,0.0,0.0,0.0
comp_00,0.0,YZ,0.0,0.0,0.0,0.0,0.0,0.0
comp_00,0.0,ZI,0.9999999999999992,0.9999999999999991,0.9999999999999993,0.9999999999999993,1.1102230246251565e-16,0.0
comp_00,0.0,ZX,0.0,0.0,0.0,0.0,0.0,0.0
comp_00,0.0,ZY,0.0,0.0,0.0,0.0,0.0,0.0
comp_00,0.0,ZZ,0.9999999999999992,0.9999999999999991,0.9999999999999993,0.9999999999999993,1.1102230246251565e-16,0.0
comp_00,0.0,randherm_00,-0.08807220203181824,-0.08807220203181823,-0.08807220203181826,-0.08807220203181826,1.3877787807814457e-17,0.0
comp_00,0.0,randherm_01,0.035636474499306625,0.03563647449930662,0.03563647449930663,0.03563647449930663,6.938893903907228e-18,0.0
comp_00,0.0,randherm_02,0.3281032445562186,0.3281032445562186,0.32810324455621864,0.32810324455621864,0.0,0.0
comp_00,0.0,randherm_03,-0.21936745247076092,-0.2193674524707609,-0.21936745247076095,-0.21936745247076095,2.7755575615628914e-17,0.0
comp_00,0.0,randherm_04,-0.38714291868019285,-0.3871429186801928,-0.38714291868019285,-0.38714291868019285,5.551115123125783e-17,0.0
comp_00,0.0,randherm_05,-0.11097689304316642,-0.11097689304316641,-0.11097689304316644,-0.11097689304316644,1.3877787807814457e-17,0.0
comp_00,1e-06,II,0.9999880000669983,0.9999880000669983,0.9999880000669988,0.9999880000669987,0.0,1.1102230246251565e-16
comp_00,1e-06,IX,0.0,0.0,0.0,0.0,0.0,0.0
comp_00,1e-06,IY,0.0,0.0,0.0,0.0,0.0,0.0
comp_00,1e-06,IZ,0.9999862500882482,0.999986250088248,0.9999862500882487,0.9999862500882487,1.1102230246251565e-16,0.0
comp_00,1e-06,XI,0.0,0.0,0.0,0.0,0.0,0.0
comp_00,1e-06,XX,0.0,0.0,0.0,0.0,0.0,0.0
comp_00,1e-06,XY,0.0,0.0,0.0,0.0,0.0,0.0
comp_00,1e-06,XZ,0.0,0.0,0.0,0.0,0.0,0.0
comp_00,1e-06,YI,0.0,0.0,0.0,0.0,0.0,0.0
comp_00,1e-06,YX,0.0,0.0,0.0,0.0,0.0,0.0
comp_00,1e-06,YY,0.0,0.0,0.0,0.0,0.0,0.0
comp_00,1e-06,YZ,0.0,0.0,0.0,0.0,0.0,0.0
comp_00,1e-06,ZI,0.999986250088248,0.9999862500882479,0.9999862500882485,0.9999862500882484,1.1102230246251565e-16,1.1102230246251565e-16
comp_00,1e-06,ZX,0.0,0.0,0.0,0.0,0.0,0.0
comp_00,1e-06,ZY,0.0,0.0,0.0,0.0,0.0,0.0
comp_00,1e-06,ZZ,0.9999845001124978,0.9999845001124977,0.9999845001124983,0.9999845001124984,1.1102230246251565e-16,1.1102230246251565e-16
comp_00,1e-06,randherm_00,-0.088071388619482,-0.088071388619482,-0.08807138861948205,-0.08807138861948206,0.0,1.3877787807814457e-17
comp_00,1e-06,randherm_01,0.03563625182196473,0.035636251821964726,0.03563625182196474,0.03563625182196474,6.938893903907228e-18,0.0
comp_00,1e-06,randherm_02,0.3280985922201802,0.3280985922201802,0.32809859222018034,0.32809859222018045,0.0,1.1102230246251565e-16
comp_00,1e-06,randherm_03,-0.21936374450816665,-0.21936374450816665,-0.2193637445081667,-0.21936374450816673,0.0,2.7755575615628914e-17
comp_00,1e-06,randherm_04,-0.3871369156665291,-0.3871369156665291,-0.38713691566652936,-0.3871369156665292,0.0,1.6653345369377348e-16
comp_00,1e-06,randherm_05,-0.11097517168250001,-0.11097517168250001,-0.11097517168250011,-0.11097517168250012,0.0,1.3877787807814457e-17
comp_00,0.0001,II,0.9988006697690546,0.9988006697690547,0.9988006697690546,0.9988006697690547,1.1102230246251565e-16,1.1102230246251565e-16
comp_00,0.0001,IX,0.0,0.0,0.0,0.0,0.0,0.0
comp_00,0.0001,IY,0.0,0.0,0.0,0.0,0.0,0.0
comp_00,0.0001,IZ,0.9986258821492211,0.9986258821492212,0.9986258821492211,0.9986258821492213,1.1102230246251565e-16,2.220446049250313e-16
comp_00,0.0001,XI,0.0,0.0,0.0,0.0,0.0,0.0
comp_00,0.0001,XX,0.0,0.0,0.0,0.0,0.0,0.0
comp_00,0.0001,XY,0.0,0.0,0.0,0.0,0.0,0.0
comp_00,0.0001,XZ,0.0,0.0,0.0,0.0,0.0,0.0
comp_00,0.0001,YI,0.0,0.0,0.0,0.0,0.0,0.0
comp_00,0.0001,YX,0.0,0.0,0.0,0.0,0.0,0.0
comp_00,0.0001,YY,0.0,0.0,0.0,0.0,0.0,0.0
comp_00,0.0001,YZ,0.0,0.0,0.0,0.0,0.0,0.0
comp_00,0.0001,ZI,0.9986258821492211,0.9986258821492212,0.9986258821492211,0.9986258821492212,1.1102230246251565e-16,1.1102230246251565e-16
comp_00,0.0001,ZX,0.0,0.0,0.0,0.0,0.0,0.0
comp_00,0.0001,ZY,0.0,0.0,0.0,0.0,0.0,0.0
comp_00,0.0001,ZZ,0.9984511244926586,0.9984511244926587,0.9984511244926586,0.9984511244926586,1.1102230246251565e-16,0.0
comp_00,0.0001,randherm_00,-0.08799088885838158,-0.08799088885838158,-0.08799088885838155,-0.08799088885838156,0.0,1.3877787807814457e-17
comp_00,0.0001,randherm_01,0.03561420256016862,0.03561420256016862,0.03561420256016861,0.03561420256016862,0.0,6.938893903907228e-18
comp_00,0.0001,randherm_02,0.32763831734130555,0.32763831734130555,0.32763831734130544,0.3276383173413056,0.0,1.6653345369377348e-16
comp_00,0.0001,randherm_03,-0.21899694018189442,-0.21899694018189444,-0.21899694018189444,-0.21899694018189444,2.7755575615628914e-17,0.0
comp_00,0.0001,randherm_04,-0.38654304360877134,-0.3865430436087714,-0.3865430436087714,-0.3865430436087714,5.551115123125783e-17,0.0
comp_00,0.0001,randherm_05,-0.1108048797913099,-0.1108048797913099,-0.11080487979130989,-0.1108048797913099,0.0,1.3877787807814457e-17
comp_00,0.001,II,0.988066769549291,0.9880667695492908,0.9880667695492911,0.9880667695492908,1.1102230246251565e-16,2.220446049250313e-16
comp_00,0.001,IX,0.0,0.0,0.0,0.0,0.0,0.0
comp_00,0.001,IY,0.0,0.0,0.0,0.0,0.0,0.0
comp_00,0.001,IZ,0.986337900090044,0.9863379000900437,0.986337900090044,0.9863379000900441,2.220446049250313e-16,1.1102230246251565e-16
comp_00,0.001,XI,0.0,0.0,0.0,0.0,0.0,0.0
comp_00,0.001,XX,0.0,0.0,0.0,0.0,0.0,0.0
comp_00,0.001,XY,0.0,0.0,0.0,0.0,0.0,0.0
comp_00,0.001,XZ,0.0,0.0,0.0,0.0,0.0,0.0
comp_00,0.001,YI,0.0,0.0,0.0,0.0,0.0,0.0
comp_00,0.001,YX,0.0,0.0,0.0,0.0,0.0,0.0
comp_00,0.001,YY,0.0,0.0,0.0,0.0,0.0,0.0
comp_00,0.001,YZ,0.0,0.0,0.0,0.0,0.0,0.0
comp_00,0.001,ZI,0.9863379000900444,0.9863379000900443,0.9863379000900446,0.9863379000900445,1.1102230246251565e-16,1.1102230246251565e-16
comp_00,0.001,ZX,0.0,0.0,0.0,0.0,0.0,0.0
comp_00,0.001,ZY,0.0,0.0,0.0,0.0,0.0,0.0
comp_00,0.001,ZZ,0.9846119940888202,0.9846119940888199,0.98461199408882,0.9846119940888204,2.220446049250313e-16,3.3306690738754696e-16
comp_00,0.001,randherm_00,-0.08726161912028746,-0.08726161912028745,-0.08726161912028738,-0.0872616191202874,1.3877787807814457e-17,2.7755575615628914e-17
comp_00,0.001,randherm_01,0.035413381585126996,0.035413381585127,0.03541338158512701,0.03541338158512698,6.938893903907228e-18,2.7755575615628914e-17
comp_00,0.001,randherm_02,0.3234817108765208,0.3234817108765207,0.3234817108765208,0.3234817108765208,5.551115123125783e-17,0.0
comp_00,0.001,randherm_03,-0.21568802337239015,-0.21568802337239013,-0.2156880233723902,-0.21568802337239024,2.7755575615628914e-17,2.7755575615628914e-17
comp_00,0.001,randherm_04,-0.3811827513661038,-0.3811827513661037,-0.38118275136610386,-0.3811827513661039,1.1102230246251565e-16,5.551115123125783e-17
comp_00,0.001,randherm_05,-0.10926787593631723,-0.10926787593631719,-0.10926787593631719,-0.10926787593631723,4.163336342344337e-17,4.163336342344337e-17
comp_00,0.005,II,0.9416464659274811,0.9416464659274811,0.9416464659274809,0.9416464659274811,0.0,2.220446049250313e-16
comp_00,0.005,IX,0.0,0.0,0.0,0.0,0.0,0.0
comp_00,0.005,IY,0.0,0.0,0.0,0.0,0.0,0.0
comp_00,0.005,IZ,0.9334129889280209,0.9334129889280209,0.9334129889280212,0.9334129889280209,0.0,2.220446049250313e-16
comp_00,0.005,XI,0.0,0.0,0.0,0.0,0.0,0.0
comp_00,0.005,XX,0.0,0.0,0.0,0.0,0.0,0.0
comp_00,0.005,XY,0.0,0.0,0.0,0.0,0.0,0.0
comp_00,0.005,XZ,0.0,0.0,0.0,0.0,0.0,0.0
comp_00,0.005,YI,0.0,0.0,0.0,0.0,0.0,0.0
comp_00,0.005,YX,0.0,0.0,0.0,0.0,0.0,0.0
comp_00,0.005,YY,0.0,0.0,0.0,0.0,0.0,0.0
comp_00,0.005,YZ,0.0,0.0,0.0,0.0,0.0,0.0
comp_00,0.005,ZI,0.9334129889280214,0.9334129889280214,0.9334129889280214,0.9334129889280214,0.0,0.0
comp_00,0.005,ZX,0.0,0.0,0.0,0.0,0.0,0.0
comp_00,0.005,ZY,0.0,0.0,0.0,0.0,0.0,0.0
comp_00,0.005,ZZ,0.9252500463962814,0.9252500463962814,0.9252500463962813,0.9252500463962815,0.0,2.220446049250313e-16
comp_00,0.005,randherm_00,-0.0840756905860233,-0.0840756905860233,-0.08407569058602331,-0.08407569058602331,0.0,0.0
comp_00,0.005,randherm_01,0.03451363776261681,0.03451363776261681,0.03451363776261681,0.0345136377626168,0.0,6.938893903907228e-18
comp_00,0.005,randherm_02,0.30559962407118707,0.30559962407118707,0.30559962407118707,0.305599624071187,0.0,5.551115123125783e-17
comp_00,0.005,randherm_03,-0.2015282271042644,-0.2015282271042644,-0.20152822710426446,-0.2015282271042644,0.0,5.551115123125783e-17
comp_00,0.005,randherm_04,-0.3581811681747862,-0.3581811681747862,-0.3581811681747862,-0.3581811681747862,0.0,0.0
comp_00,0.005,randherm_05,-0.10267349642295479,-0.10267349642295479,-0.10267349642295476,-0.1026734964229548,0.0,4.163336342344337e-17
comp_00,0.01,II,0.8864744078025092,0.8864744078025093,0.8864744078025091,0.8864744078025093,1.1102230246251565e-16,2.220446049250313e-16
comp_00,0.01,IX,0.0,0.0,0.0,0.0,0.0,0.0
comp_00,0.01,IY,0.0,0.0,0.0,0.0,0.0,0.0
comp_00,0.01,IZ,0.8709836021757336,0.8709836021757337,0.8709836021757336,0.8709836021757338,1.1102230246251565e-16,2.220446049250313e-16
comp_00,0.01,XI,0.0,0.0,0.0,0.0,0.0,0.0
comp_00,0.01,XX,0.0,0.0,0.0,0.0,0.0,0.0
comp_00,0.01,XY,0.0,0.0,0.0,0.0,0.0,0.0
comp_00,0.01,XZ,0.0,0.0,0.0,0.0,0.0,0.0
comp_00,0.01,YI,0.0,0.0,0.0,0.0,0.0,0.0
comp_00,0.01,YX,0.0,0.0,0.0,0.0,0.0,0.0
comp_00,0.01,YY,0.0,0.0,0.0,0.0,0.0,0.0
comp_00,0.01,YZ,0.0,0.0,0.0,0.0,0.0,0.0
comp_00,0.01,ZI,0.8709836021757335,0.8709836021757336,0.8709836021757336,0.8709836021757336,1.1102230246251565e-16,0.0
comp_00,0.01,ZX,0.0,0.0,0.0,0.0,0.0,0.0
comp_00,0.01,ZY,0.0,0.0,0.0,0.0,0.0,0.0
comp_00,0.01,ZZ,0.855758062868081,0.8557580628680811,0.8557580628680811,0.855758062868081,1.1102230246251565e-16,1.1102230246251565e-16
comp_00,0.01,randherm_00,-0.08021902599219341,-0.0802190259921934,-0.0802190259921934,-0.0802190259921934,1.3877787807814457e-17,0.0
comp_00,0.01,randherm_01,0.03337641399605436,0.03337641399605436,0.033376413996054365,0.03337641399605436,0.0,6.938893903907228e-18
comp_00,0.01,randherm_02,0.28455095518165907,0.2845509551816591,0.284550955181659,0.2845509551816591,5.551115123125783e-17,1.1102230246251565e-16
comp_00,0.01,randherm_03,-0.18502576101587453,-0.18502576101587453,-0.18502576101587453,-0.1850257610158746,0.0,5.551115123125783e-17
comp_00,0.01,randherm_04,-0.3312354988888281,-0.3312354988888281,-0.33123549888882814,-0.3312354988888281,0.0,5.551115123125783e-17
comp_00,0.01,randherm_05,-0.09495062629916956,-0.09495062629916957,-0.09495062629916956,-0.09495062629916957,1.3877787807814457e-17,1.3877787807814457e-17
comp_00,0.02,II,0.7850370489580114,0.7850370489580115,0.7850370489580115,0.7850370489580115,1.1102230246251565e-16,0.0
comp_00,0.02,IX,0.0,0.0,0.0,0.0,0.0,0.0
comp_00,0.02,IY,0.0,0.0,0.0,0.0,0.0,0.0
comp_00,0.02,IZ,0.7576416426157775,0.7576416426157776,0.7576416426157774,0.7576416426157776,1.1102230246251565e-16,2.220446049250313e-16
comp_00,0.02,XI,0.0,0.0,0.0,0.0,0.0,0.0
comp_00,0.02,XX,0.0,0.0,0.0,0.0,0.0,0.0
comp_00,0.02,XY,0.0,0.0,0.0,0.0,0.0,0.0
comp_00,0.02,XZ,0.0,0.0,0.0,0.0,0.0,0.0
comp_00,0.02,YI,0.0,0.0,0.0,0.0,0.0,0.0
comp_00,0.02,YX,0.0,0.0,0.0,0.0,0.0,0.0
comp_00,0.02,YY,0.0,0.0,0.0,0.0,0.0,0.0
comp_00,0.02,YZ,0.0,0.0,0.0,0.0,0.0,0.0
comp_00,0.02,ZI,0.7576416426157774,0.7576416426157774,0.7576416426157773,0.7576416426157774,0.0,1.1102230246251565e-16
comp_00,0.02,ZX,0.0,0.0,0.0,0.0,0.0,0.0
comp_00,0.02,ZY,0.0,0.0,0.0,0.0,0.0,0.0
comp_00,0.02,ZZ,0.7311834116189491,0.7311834116189492,0.7311834116189487,0.7311834116189492,1.1102230246251565e-16,4.440892098500626e-16
comp_00,0.02,randherm_00,-0.0729166757500935,-0.07291667575009352,-0.07291667575009349,-0.07291667575009352,1.3877787807814457e-17,2.7755575615628914e-17
comp_00,0.02,randherm_01,0.031083123677190173,0.03108312367719017,0.031083123677190173,0.03108312367719017,3.469446951953614e-18,3.469446951953614e-18
comp_00,0.02,randherm_02,0.24647028658138923,0.24647028658138928,0.24647028658138917,0.24647028658138925,5.551115123125783e-17,8.326672684688674e-17
comp_00,0.02,randherm_03,-0.15566730851899546,-0.15566730851899546,-0.1556673085189954,-0.15566730851899546,0.0,5.551115123125783e-17
comp_00,0.02,randherm_04,-0.2828787900785904,-0.28287879007859046,-0.28287879007859035,-0.28287879007859046,5.551115123125783e-17,1.1102230246251565e-16
comp_00,0.02,randherm_05,-0.08109746941785989,-0.08109746941785992,-0.08109746941785988,-0.08109746941785992,2.7755575615628914e-17,4.163336342344337e-17
comp_00,0.05,II,0.5417830234197947,0.5417830234197945,0.5417830234197946,0.5417830234197946,2.220446049250313e-16,0.0
comp_00,0.05,IX,0.0,0.0,0.0,0.0,0.0,0.0
comp_00,0.05,IY,0.0,0.0,0.0,0.0,0.0,0.0
comp_00,0.05,IZ,0.4947418758869918,0.4947418758869917,0.49474187588699187,0.4947418758869918,1.1102230246251565e-16,5.551115123125783e-17
comp_00,0.05,XI,0.0,0.0,0.0,0.0,0.0,0.0
comp_00,0.05,XX,0.0,0.0,0.0,0.0,0.0,0.0
comp_00,0.05,XY,0.0,0.0,0.0,0.0,0.0,0.0
comp_00,0.05,XZ,0.0,0.0,0.0,0.0,0.0,0.0
comp_00,0.05,YI,0.0,0.0,0.0,0.0,0.0,0.0
comp_00,0.05,YX,0.0,0.0,0.0,0.0,0.0,0.0
comp_00,0.05,YY,0.0,0.0,0.0,0.0,0.0,0.0
comp_00,0.05,YZ,0.0,0.0,0.0,0.0,0.0,0.0
comp_00,0.05,ZI,0.494741875886992,0.49474187588699187,0.4947418758869921,0.49474187588699203,1.1102230246251565e-16,5.551115123125783e-17
comp_00,0.05,ZX,0.0,0.0,0.0,0.0,0.0,0.0
comp_00,0.05,ZY,0.0,0.0,0.0,0.0,0.0,0.0
comp_00,0.05,ZZ,0.4517089494057588,0.4517089494057587,0.45170894940575895,0.451708949405759,1.1102230246251565e-16,5.551115123125783e-17
comp_00,0.05,randherm_00,-0.0541131220777825,-0.0541131220777825,-0.05411312207778249,-0.05411312207778248,0.0,6.938893903907228e-18
comp_00,0.05,randherm_01,0.024383074987300135,0.02438307498730013,0.02438307498730011,0.024383074987300114,3.469446951953614e-18,3.469446951953614e-18
comp_00,0.05,randherm_02,0.15893142719942585,0.15893142719942582,0.1589314271994259,0.1589314271994259,2.7755575615628914e-17,0.0
comp_00,0.05,randherm_03,-0.09119226224802063,-0.0911922622480206,-0.09119226224802066,-0.09119226224802068,2.7755575615628914e-17,2.7755575615628914e-17
comp_00,0.05,randherm_04,-0.17414135477883694,-0.17414135477883688,-0.17414135477883708,-0.17414135477883702,5.551115123125783e-17,5.551115123125783e-17
comp_00,0.05,randherm_05,-0.049977605551372824,-0.04997760555137282,-0.04997760555137286,-0.04997760555137286,6.938893903907228e-18,0.0
comp_00,0.1,II,0.28557635940290244,0.2855763594029024,0.28557635940290244,0.2855763594029024,5.551115123125783e-17,5.551115123125783e-17
comp_00,0.1,IX,0.0,0.0,0.0,0.0,0.0,0.0
comp_00,0.1,IY,0.0,0.0,0.0,0.0,0.0,0.0
comp_00,0.1,IZ,0.23642882572665702,0.236428825726657,0.23642882572665705,0.236428825726657,2.7755575615628914e-17,5.551115123125783e-17
comp_00,0.1,XI,0.0,0.0,0.0,0.0,0.0,0.0
comp_00,0.1,XX,0.0,0.0,0.0,0.0,0.0,0.0
comp_00,0.1,XY,0.0,0.0,0.0,0.0,0.0,0.0
comp_00,0.1,XZ,0.0,0.0,0.0,0.0,0.0,0.0
comp_00,0.1,YI,0.0,0.0,0.0,0.0,0.0,0.0
comp_00,0.1,YX,0.0,0.0,0.0,0.0,0.0,0.0
comp_00,0.1,YY,0.0,0.0,0.0,0.0,0.0,0.0
comp_00,0.1,YZ,0.0,0.0,0.0,0.0,0.0,0.0
comp_00,0.1,ZI,0.23642882572665697,0.2364288257266569,0.236428825726657,0.2364288257266569,5.551115123125783e-17,8.326672684688674e-17
comp_00,0.1,ZX,0.0,0.0,0.0,0.0,0.0,0.0
comp_00,0.1,ZY,0.0,0.0,0.0,0.0,0.0,0.0
comp_00,0.1,ZZ,0.19559657548991638,0.19559657548991635,0.1955965754899164,0.19559657548991635,2.7755575615628914e-17,5.551115123125783e-17
comp_00,0.1,randherm_00,-0.03168347354541182,-0.03168347354541182,-0.03168347354541182,-0.03168347354541182,0.0,0.0
comp_00,0.1,randherm_01,0.015033500509917447,0.015033500509917447,0.015033500509917445,0.015033500509917447,0.0,1.734723475976807e-18
comp_00,0.1,randherm_02,0.07443155520004743,0.07443155520004743,0.07443155520004746,0.07443155520004743,0.0,2.7755575615628914e-17
comp_00,0.1,randherm_03,-0.035042854749363146,-0.03504285474936314,-0.03504285474936314,-0.03504285474936313,6.938893903907228e-18,6.938893903907228e-18
comp_00,0.1,randherm_04,-0.07426474490717898,-0.07426474490717898,-0.07426474490717896,-0.07426474490717896,0.0,0.0
comp_00,0.1,randherm_05,-0.021426175217439024,-0.021426175217439017,-0.021426175217439024,-0.021426175217439017,6.938893903907228e-18,6.938893903907228e-18
comp_00,0.15,II,0.14603189703598757,0.14603189703598757,0.1460318970359876,0.14603189703598757,0.0,2.7755575615628914e-17
comp_00,0.15,IX,0.0,0.0,0.0,0.0,0.0,0.0
comp_00,0.15,IY,0.0,0.0,0.0,0.0,0.0,0.0
comp_00,0.15,IZ,0.10872382058350616,0.10872382058350614,0.10872382058350614,0.10872382058350617,1.3877787807814457e-17,2.7755575615628914e-17
comp_00,0.15,XI,0.0,0.0,0.0,0.0,0.0,0.0
comp_00,0.15,XX,0.0,0.0,0.0,0.0,0.0,0.0
comp_00,0.15,XY,0.0,0.0,0.0,0.0,0.0,0.0
comp_00,0.15,XZ,0.0,0.0,0.0,0.0,0.0,0.0
comp_00,0.15,YI,0.0,0.0,0.0,0.0,0.0,0.0
comp_00,0.15,YX,0.0,0.0,0.0,0.0,0.0,0.0
comp_00,0.15,YY,0.0,0.0,0.0,0.0,0.0,0.0
comp_00,0.15,YZ,0.0,0.0,0.0,0.0,0.0,0.0
comp_00,0.15,ZI,0.10872382058350616,0.10872382058350614,0.10872382058350616,0.10872382058350616,1.3877787807814457e-17,0.0
comp_00,0.15,ZX,0.0,0.0,0.0,0.0,0.0,0.0
comp_00,0.15,ZY,0.0,0.0,0.0,0.0,0.0,0.0
comp_00,0.15,ZZ,0.08080265266865772,0.08080265266865773,0.08080265266865773,0.08080265266865776,1.3877787807814457e-17,2.7755575615628914e-17
comp_00,0.15,randherm_00,-0.017707129570878322,-0.01770712957087832,-0.017707129570878322,-0.017707129570878326,3.469446951953614e-18,3.469446951953614e-18
comp_00,0.15,randherm_01,0.008558048206405554,0.008558048206405554,0.008558048206405556,0.008558048206405554,0.0,1.734723475976807e-18
comp_00,0.15,randherm_02,0.033589971962544415,0.033589971962544415,0.03358997196254441,0.033589971962544415,0.0,6.938893903907228e-18
comp_00,0.15,randherm_03,-0.012043632660758323,-0.012043632660758322,-0.012043632660758327,-0.012043632660758323,1.734723475976807e-18,3.469446951953614e-18
comp_00,0.15,randherm_04,-0.029659368251353783,-0.029659368251353783,-0.029659368251353787,-0.029659368251353787,0.0,0.0
comp_00,0.15,randherm_05,-0.00866333596228879,-0.008663335962288785,-0.008663335962288785,-0.008663335962288788,5.204170427930421e-18,3.469446951953614e-18
comp_00,0.2,II,0.07219840024575994,0.07219840024575994,0.07219840024576005,0.07219840024576005,0.0,0.0
comp_00,0.2,IX,0.0,0.0,0.0,0.0,0.0,0.0
comp_00,0.2,IY,0.0,0.0,0.0,0.0,0.0,0.0
comp_00,0.2,IZ,0.04789747528499196,0.04789747528499197,0.047897475284992025,0.04789747528499204,6.938893903907228e-18,1.3877787807814457e-17
comp_00,0.2,XI,0.0,0.0,0.0,0.0,0.0,0.0
comp_00,0.2,XX,0.0,0.0,0.0,0.0,0.0,0.0
comp_00,0.2,XY,0.0,0.0,0.0,0.0,0.0,0.0
comp_00,0.2,XZ,0.0,0.0,0.0,0.0,0.0,0.0
comp_00,0.2,YI,0.0,0.0,0.0,0.0,0.0,0.0
comp_00,0.2,YX,0.0,0.0,0.0,0.0,0.0,0.0
comp_00,0.2,YY,0.0,0.0,0.0,0.0,0.0,0.0
comp_00,0.2,YZ,0.0,0.0,0.0,0.0,0.0,0.0
comp_00,0.2,ZI,0.047897475284991956,0.047897475284991956,0.04789747528499202,0.04789747528499201,0.0,6.938893903907228e-18
comp_00,0.2,ZX,0.0,0.0,0.0,0.0,0.0,0.0
comp_00,0.2,ZY,0.0,0.0,0.0,0.0,0.0,0.0
comp_00,0.2,ZZ,0.03166593487994877,0.03166593487994877,0.03166593487994881,0.031665934879948815,0.0,6.938893903907228e-18
comp_00,0.2,randherm_00,-0.009443290955457137,-0.009443290955457137,-0.009443290955457153,-0.009443290955457151,0.0,1.734723475976807e-18
comp_00,0.2,randherm_01,0.004546019798398747,0.0045460197983987465,0.004546019798398753,0.004546019798398753,8.673617379884035e-19,0.0
comp_00,0.2,randherm_02,0.01455082987923478,0.01455082987923478,0.0145508298792348,0.014550829879234799,0.0,1.734723475976807e-18
comp_00,0.2,randherm_03,-0.003428858151092255,-0.003428858151092253,-0.003428858151092258,-0.003428858151092257,1.734723475976807e-18,8.673617379884035e-19
comp_00,0.2,randherm_04,-0.01087460633056123,-0.01087460633056123,-0.010874606330561242,-0.010874606330561245,0.0,3.469446951953614e-18
comp_00,0.2,randherm_05,-0.003258416315750845,-0.0032584163157508457,-0.0032584163157508505,-0.0032584163157508505,8.673617379884035e-19,0.0
comp_00,0.3,II,0.015678082507622475,0.015678082507622475,0.015678082507622475,0.015678082507622475,0.0,0.0
comp_00,0.3,IX,0.0,0.0,0.0,0.0,0.0,0.0
comp_00,0.3,IY,0.0,0.0,0.0,0.0,0.0,0.0
comp_00,0.3,IZ,0.00799161319767736,0.00799161319767736,0.00799161319767736,0.007991613197677362,0.0,1.734723475976807e-18
comp_00,0.3,XI,0.0,0.0,0.0,0.0,0.0,0.0
comp_00,0.3,XX,0.0,0.0,0.0,0.0,0.0,0.0
comp_00,0.3,XY,0.0,0.0,0.0,0.0,0.0,0.0
comp_00,0.3,XZ,0.0,0.0,0.0,0.0,0.0,0.0
comp_00,0.3,YI,0.0,0.0,0.0,0.0,0.0,0.0
comp_00,0.3,YX,0.0,0.0,0.0,0.0,0.0,0.0
comp_00,0.3,YY,0.0,0.0,0.0,0.0,0.0,0.0
comp_00,0.3,YZ,0.0,0.0,0.0,0.0,0.0,0.0
comp_00,0.3,ZI,0.007991613197677362,0.007991613197677362,0.007991613197677364,0.007991613197677364,0.0,0.0
comp_00,0.3,ZX,0.0,0.0,0.0,0.0,0.0,0.0
comp_00,0.3,ZY,0.0,0.0,0.0,0.0,0.0,0.0
comp_00,0.3,ZZ,0.004035427283451543,0.004035427283451543,0.004035427283451541,0.004035427283451544,0.0,2.6020852139652106e-18
comp_00,0.3,randherm_00,-0.0023132707096508638,-0.002313270709650864,-0.0023132707096508638,-0.002313270709650864,4.336808689942018e-19,4.336808689942018e-19
comp_00,0.3,randherm_01,0.0010553818314680361,0.001055381831468036,0.001055381831468036,0.0010553818314680361,2.168404344971009e-19,2.168404344971009e-19
comp_00,0.3,randherm_02,0.002369461373706699,0.002369461373706699,0.0023694613737066986,0.002369461373706699,0.0,4.336808689942018e-19
comp_00,0.3,randherm_03,0.00011696390964976771,0.00011696390964976782,0.00011696390964976743,0.0001169639096497676,1.0842021724855044e-19,1.7618285302889447e-19
comp_00,0.3,randherm_04,-0.0009269491983114387,-0.0009269491983114388,-0.0009269491983114388,-0.0009269491983114389,1.0842021724855044e-19,1.0842021724855044e-19
comp_00,0.3,randherm_05,-0.00033209820881099065,-0.0003320982088109906,-0.00033209820881099076,-0.0003320982088109904,5.421010862427522e-20,3.7947076036992655e-19
comp_00,0.5,II,0.0003814697265624997,0.0003814697265624997,0.00038146972656249984,0.0003814697265624998,0.0,5.421010862427522e-20
comp_00,0.5,IX,0.0,0.0,0.0,0.0,0.0,0.0
comp_00,0.5,IY,0.0,0.0,0.0,0.0,0.0,0.0
comp_00,0.5,IZ,9.536743164062489e-05,9.536743164062489e-05,9.536743164062497e-05,9.536743164062497e-05,0.0,0.0
comp_00,0.5,XI,0.0,0.0,0.0,0.0,0.0,0.0
comp_00,0.5,XX,0.0,0.0,0.0,0.0,0.0,0.0
comp_00,0.5,XY,0.0,0.0,0.0,0.0,0.0,0.0
comp_00,0.5,XZ,0.0,0.0,0.0,0.0,0.0,0.0
comp_00,0.5,YI,0.0,0.0,0.0,0.0,0.0,0.0
comp_00,0.5,YX,0.0,0.0,0.0,0.0,0.0,0.0
comp_00,0.5,YY,0.0,0.0,0.0,0.0,0.0,0.0
comp_00,0.5,YZ,0.0,0.0,0.0,0.0,0.0,0.0
comp_00,0.5,ZI,9.536743164062489e-05,9.536743164062489e-05,9.536743164062492e-05,9.536743164062493e-05,0.0,1.3552527156068805e-20
comp_00,0.5,ZX,0.0,0.0,0.0,0.0,0.0,0.0
comp_00,0.5,ZY,0.0,0.0,0.0,0.0,0.0,0.0
comp_00,0.5,ZZ,2.2888183593749973e-05,2.2888183593749973e-05,2.2888183593750007e-05,2.2888183593749997e-05,0.0,1.0164395367051604e-20
comp_00,0.5,randherm_00,-6.556179488449682e-05,-6.556179488449682e-05,-6.556179488449685e-05,-6.556179488449688e-05,0.0,2.710505431213761e-20
comp_00,0.5,randherm_01,2.399118197738285e-05,2.399118197738285e-05,2.399118197738285e-05,2.3991181977382857e-05,0.0,6.776263578034403e-21
comp_00,0.5,randherm_02,2.923378518554876e-05,2.9233785185548757e-05,2.9233785185548774e-05,2.923378518554877e-05,3.3881317890172014e-21,3.3881317890172014e-21
comp_00,0.5,randherm_03,2.5272405933713643e-05,2.527240593371365e-05,2.527240593371365e-05,2.5272405933713656e-05,6.776263578034403e-21,6.776263578034403e-21
comp_00,0.5,randherm_04,2.7316891689501934e-05,2.7316891689501934e-05,2.7316891689501937e-05,2.7316891689501934e-05,0.0,3.3881317890172014e-21
comp_00,0.5,randherm_05,3.979701557509057e-06,3.979701557509057e-06,3.979701557509047e-06,3.9797015575090454e-06,0.0,1.6940658945086007e-21
comp_00,0.75,II,2.691522240638731e-07,2.6915222406387297e-07,2.691522240638731e-07,2.691522240638731e-07,1.0587911840678754e-22,0.0
comp_00,0.75,IX,0.0,0.0,0.0,0.0,0.0,0.0
comp_00,0.75,IY,0.0,0.0,0.0,0.0,0.0,0.0
comp_00,0.75,IZ,1.3853423297405243e-08,1.3853423297405236e-08,1.3853423297405235e-08,1.3853423297405243e-08,6.617444900424222e-24,8.271806125530277e-24
comp_00,0.75,XI,0.0,0.0,0.0,0.0,0.0,0.0
comp_00,0.75,XX,0.0,0.0,0.0,0.0,0.0,0.0
comp_00,0.75,XY,0.0,0.0,0.0,0.0,0.0,0.0
comp_00,0.75,XZ,0.0,0.0,0.0,0.0,0.0,0.0
comp_00,0.75,YI,0.0,0.0,0.0,0.0,0.0,0.0
comp_00,0.75,YX,0.0,0.0,0.0,0.0,0.0,0.0
comp_00,0.75,YY,0.0,0.0,0.0,0.0,0.0,0.0
comp_00,0.75,YZ,0.0,0.0,0.0,0.0,0.0,0.0
comp_00,0.75,ZI,1.3853423297405243e-08,1.3853423297405216e-08,1.3853423297405238e-08,1.3853423297405216e-08,2.6469779601696886e-23,2.150669592637872e-23
comp_00,0.75,ZX,0.0,0.0,0.0,0.0,0.0,0.0
comp_00,0.75,ZY,0.0,0.0,0.0,0.0,0.0,0.0
comp_00,0.75,ZZ,5.820766091346741e-10,5.820766091346807e-10,5.820766091346708e-10,5.820766091346741e-10,6.617444900424222e-24,3.308722450212111e-24
comp_00,0.75,randherm_00,-5.034257523581155e-08,-5.034257523581155e-08,-5.034257523581155e-08,-5.034257523581155e-08,0.0,0.0
comp_00,0.75,randherm_01,1.3307842981065064e-08,1.3307842981065055e-08,1.3307842981065062e-08,1.3307842981065057e-08,8.271806125530277e-24,4.963083675318166e-24
comp_00,0.75,randherm_02,7.760200551913747e-09,7.760200551913747e-09,7.760200551913748e-09,7.760200551913745e-09,0.0,3.308722450212111e-24
comp_00,0.75,randherm_03,2.2084889448413012e-08,2.2084889448413005e-08,2.208488944841301e-08,2.2084889448413012e-08,6.617444900424222e-24,3.308722450212111e-24
comp_00,0.75,randherm_04,4.067082448438533e-08,4.067082448438531e-08,4.067082448438533e-08,4.067082448438534e-08,1.9852334701272664e-23,6.617444900424222e-24
comp_00,0.75,randherm_05,7.27362773788921e-09,7.273627737889203e-09,7.273627737889215e-09,7.273627737889205e-09,6.617444900424222e-24,9.926167350636332e-24
comp_00,1.0,II,0.0,0.0,0.0,0.0,0.0,0.0
comp_00,1.0,IX,0.0,0.0,0.0,0.0,0.0,0.0
comp_00,1.0,IY,0.0,0.0,0.0,0.0,0.0,0.0
comp_00,1.0,IZ,0.0,0.0,0.0,0.0,0.0,0.0
comp_00,1.0,XI,0.0,0.0,0.0,0.0,0.0,0.0
comp_00,1.0,XX,0.0,0.0,0.0,0.0,0.0,0.0
comp_00,1.0,XY,0.0,0.0,0.0,0.0,0.0,0.0
comp_00,1.0,XZ,0.0,0.0,0.0,0.0,0.0,0.0
comp_00,1.0,YI,0.0,0.0,0.0,0.0,0.0,0.0
comp_00,1.0,YX,0.0,0.0,0.0,0.0,0.0,0.0
comp_00,1.0,YY,0.0,0.0,0.0,0.0,0.0,0.0
comp_00,1.0,YZ,0.0,0.0,0.0,0.0,0.0,0.0
comp_00,1.0,ZI,0.0,0.0,0.0,0.0,0.0,0.0
comp_00,1.0,ZX,0.0,0.0,0.0,0.0,0.0,0.0
comp_00,1.0,ZY,0.0,0.0,0.0,0.0,0.0,0.0
comp_00,1.0,ZZ,0.0,0.0,0.0,0.0,0.0,0.0
comp_00,1.0,randherm_00,0.0,0.0,0.0,0.0,0.0,0.0
comp_00,1.0,randherm_01,0.0,0.0,0.0,0.0,0.0,0.0
comp_00,1.0,randherm_02,0.0,0.0,0.0,0.0,0.0,0.0
comp_00,1.0,randherm_03,0.0,0.0,0.0,0.0,0.0,0.0
comp_00,1.0,randherm_04,0.0,0.0,0.0,0.0,0.0,0.0
comp_00,1.0,randherm_05,0.0,0.0,0.0,0.0,0.0,0.0
comp_01,0.0,II,0.9999999999999992,0.9999999999999991,0.9999999999999993,0.9999999999999993,1.1102230246251565e-16,0.0
comp_01,0.0,IX,0.0,0.0,0.0,0.0,0.0,0.0
comp_01,0.0,IY,0.0,0.0,0.0,0.0,0.0,0.0
comp_01,0.0,IZ,-0.9999999999999992,-0.9999999999999991,-0.9999999999999993,-0.9999999999999993,1.1102230246251565e-16,0.0
comp_01,0.0,XI,0.0,0.0,0.0,0.0,0.0,0.0
comp_01,0.0,XX,0.0,0.0,0.0,0.0,0.0,0.0
comp_01,0.0,XY,0.0,0.0,0.0,0.0,0.0,0.0
comp_01,0.0,XZ,0.0,0.0,0.0,0.0,0.0,0.0
comp_01,0.0,YI,0.0,0.0,0.0,0.0,0.0,0.0
comp_01,0.0,YX,0.0,0.0,0.0,0.0,0.0,0.0
comp_01,0.0,YY,0.0,0.0,0.0,0.0,0.0,0.0
comp_01,0.0,YZ,0.0,0.0,0.0,0.0,0.0,0.0
comp_01,0.0,ZI,0.9999999999999992,0.9999999999999991,0.9999999999999993,0.9999999999999993,1.1102230246251565e-16,0.0
comp_01,0.0,ZX,0.0,0.0,0.0,0.0,0.0,0.0
comp_01,0.0,ZY,0.0,0.0,0.0,0.0,0.0,0.0
comp_01,0.0,ZZ,-0.9999999999999992,-0.9999999999999991,-0.9999999999999993,-0.9999999999999993,1.1102230246251565e-16,0.0
comp_01,0.0,randherm_00,0.11643857619253661,0.11643857619253661,0.11643857619253663,0.11643857619253663,0.0,0.0
comp_01,0.0,randherm_01,0.20318502934838084,0.2031850293483808,0.20318502934838087,0.20318502934838087,2.7755575615628914e-17,0.0
comp_01,0.0,randherm_02,-0.2639474441222077,-0.2639474441222077,-0.2639474441222078,-0.2639474441222078,0.0,0.0
comp_01,0.0,randherm_03,0.2449239751535868,0.24492397515358677,0.24492397515358683,0.24492397515358683,2.7755575615628914e-17,0.0
comp_01,0.0,randherm_04,0.48756296973503294,0.4875629697350329,0.487562969735033,0.487562969735033,5.551115123125783e-17,0.0
comp_01,0.0,randherm_05,0.4447579667215543,0.44475796672155427,0.4447579667215544,0.4447579667215544,5.551115123125783e-17,0.0
comp_01,1e-06,II,0.9999880000669983,0.9999880000669983,0.9999880000669988,0.9999880000669987,0.0,1.1102230246251565e-16
comp_01,1e-06,IX,0.0,0.0,0.0,0.0,0.0,0.0
comp_01,1e-06,IY,0.0,0.0,0.0,0.0,0.0,0.0
comp_01,1e-06,IZ,-0.9999862500882482,-0.999986250088248,-0.9999862500882487,-0.9999862500882487,1.1102230246251565e-16,0.0
comp_01,1e-06,XI,0.0,0.0,0.0,0.0,0.0,0.0
comp_01,1e-06,XX,0.0,0.0,0.0,0.0,0.0,0.0
comp_01,1e-06,XY,0.0,0.0,0.0,0.0,0.0,0.0
comp_01,1e-06,XZ,0.0,0.0,0.0,0.0,0.0,0.0
comp_01,1e-06,YI,0.0,0.0,0.0,0.0,0.0,0.0
comp_01,1e-06,YX,0.0,0.0,0.0,0.0,0.0,0.0
comp_01,1e-06,YY,0.0,0.0,0.0,0.0,0.0,0.0
comp_01,1e-06,YZ,0.0,0.0,0.0,0.0,0.0,0.0
comp_01,1e-06,ZI,0.999986250088248,0.9999862500882479,0.9999862500882485,0.9999862500882484,1.1102230246251565e-16,1.1102230246251565e-16
comp_01,1e-06,ZX,0.0,0.0,0.0,0.0,0.0,0.0
comp_01,1e-06,ZY,0.0,0.0,0.0,0.0,0.0,0.0
comp_01,1e-06,ZZ,-0.9999845001124978,-0.9999845001124977,-0.9999845001124984,-0.9999845001124984,1.1102230246251565e-16,0.0
comp_01,1e-06,randherm_00,0.11643670598632846,0.11643670598632845,0.11643670598632853,0.11643670598632852,1.3877787807814457e-17,1.3877787807814457e-17
comp_01,1e-06,randherm_01,0.20318212423991924,0.20318212423991922,0.2031821242399193,0.20318212423991933,2.7755575615628914e-17,2.7755575615628914e-17
comp_01,1e-06,randherm_02,-0.2639436119756294,-0.2639436119756294,-0.2639436119756295,-0.26394361197562954,0.0,5.551115123125783e-17
comp_01,1e-06,randherm_03,0.2449202032520429,0.24492020325204286,0.244920203252043,0.24492020325204295,2.7755575615628914e-17,5.551115123125783e-17
comp_01,1e-06,randherm_04,0.48755617709702187,0.4875561770970218,0.4875561770970222,0.4875561770970222,5.551115123125783e-17,0.0
comp_01,1e-06,randherm_05,0.4447517618835778,0.4447517618835778,0.4447517618835781,0.4447517618835781,0.0,0.0
comp_01,0.0001,II,0.9988006697690546,0.9988006697690547,0.9988006697690545,0.9988006697690547,1.1102230246251565e-16,2.220446049250313e-16
comp_01,0.0001,IX,0.0,0.0,0.0,0.0,0.0,0.0
comp_01,0.0001,IY,0.0,0.0,0.0,0.0,0.0,0.0
comp_01,0.0001,IZ,-0.9986258821492211,-0.9986258821492212,-0.998625882149221,-0.9986258821492213,1.1102230246251565e-16,3.3306690738754696e-16
comp_01,0.0001,XI,0.0,0.0,0.0,0.0,0.0,0.0
comp_01,0.0001,XX,0.0,0.0,0.0,0.0,0.0,0.0
comp_01,0.0001,XY,0.0,0.0,0.0,0.0,0.0,0.0
comp_01,0.0001,XZ,0.0,0.0,0.0,0.0,0.0,0.0
comp_01,0.0001,YI,0.0,0.0,0.0,0.0,0.0,0.0
comp_01,0.0001,YX,0.0,0.0,0.0,0.0,0.0,0.0
comp_01,0.0001,YY,0.0,0.0,0.0,0.0,0.0,0.0
comp_01,0.0001,YZ,0.0,0.0,0.0,0.0,0.0,0.0
comp_01,0.0001,ZI,0.9986258821492211,0.9986258821492212,0.9986258821492212,0.9986258821492212,1.1102230246251565e-16,0.0
comp_01,0.0001,ZX,0.0,0.0,0.0,0.0,0.0,0.0
comp_01,0.0001,ZY,0.0,0.0,0.0,0.0,0.0,0.0
comp_01,0.0001,ZZ,-0.9984511244926586,-0.9984511244926587,-0.9984511244926587,-0.9984511244926586,1.1102230246251565e-16,1.1102230246251565e-16
comp_01,0.0001,randherm_00,0.11625168851420223,0.11625168851420224,0.11625168851420221,0.11625168851420224,1.3877787807814457e-17,2.7755575615628914e-17
comp_01,0.0001,randherm_01,0.20289471253416944,0.20289471253416946,0.2028947125341695,0.20289471253416946,2.7755575615628914e-17,2.7755575615628914e-17
comp_01,0.0001,randherm_02,-0.2635644872672606,-0.26356448726726067,-0.2635644872672606,-0.2635644872672606,5.551115123125783e-17,0.0
comp_01,0.0001,randherm_03,0.24454705675123536,0.2445470567512354,0.2445470567512354,0.24454705675123542,2.7755575615628914e-17,2.7755575615628914e-17
comp_01,0.0001,randherm_04,0.4868841489039918,0.4868841489039919,0.48688414890399184,0.48688414890399184,1.1102230246251565e-16,0.0
comp_01,0.0001,randherm_05,0.4441378845042593,0.4441378845042593,0.4441378845042593,0.4441378845042593,0.0,0.0
comp_01,0.001,II,0.988066769549291,0.9880667695492907,0.988066769549291,0.9880667695492908,2.220446049250313e-16,1.1102230246251565e-16
comp_01,0.001,IX,0.0,0.0,0.0,0.0,0.0,0.0
comp_01,0.001,IY,0.0,0.0,0.0,0.0,0.0,0.0
comp_01,0.001,IZ,-0.986337900090044,-0.9863379000900439,-0.9863379000900439,-0.9863379000900441,1.1102230246251565e-16,2.220446049250313e-16
comp_01,0.001,XI,0.0,0.0,0.0,0.0,0.0,0.0
comp_01,0.001,XX,0.0,0.0,0.0,0.0,0.0,0.0
comp_01,0.001,XY,0.0,0.0,0.0,0.0,0.0,0.0
comp_01,0.001,XZ,0.0,0.0,0.0,0.0,0.0,0.0
comp_01,0.001,YI,0.0,0.0,0.0,0.0,0.0,0.0
comp_01,0.001,YX,0.0,0.0,0.0,0.0,0.0,0.0
comp_01,0.001,YY,0.0,0.0,0.0,0.0,0.0,0.0
comp_01,0.001,YZ,0.0,0.0,0.0,0.0,0.0,0.0
comp_01,0.001,ZI,0.9863379000900444,0.9863379000900442,0.9863379000900445,0.9863379000900445,2.220446049250313e-16,0.0
comp_01,0.001,ZX,0.0,0.0,0.0,0.0,0.0,0.0
comp_01,0.001,ZY,0.0,0.0,0.0,0.0,0.0,0.0
comp_01,0.001,ZZ,-0.9846119940888202,-0.98461199408882,-0.9846119940888203,-0.9846119940888204,1.1102230246251565e-16,1.1102230246251565e-16
comp_01,0.001,randherm_00,0.11458173315547168,0.11458173315547165,0.11458173315547171,0.11458173315547171,2.7755575615628914e-17,0.0
comp_01,0.001,randherm_01,0.20029942618477914,0.2002994261847791,0.2002994261847792,0.20029942618477914,2.7755575615628914e-17,5.551115123125783e-17
comp_01,0.001,randherm_02,-0.26014121350703706,-0.260141213507037,-0.26014121350703706,-0.26014121350703706,5.551115123125783e-17,0.0
comp_01,0.001,randherm_03,0.24117938374450187,0.24117938374450182,0.24117938374450187,0.24117938374450193,5.551115123125783e-17,5.551115123125783e-17
comp_01,0.001,randherm_04,0.48081486542868906,0.480814865428689,0.48081486542868906,0.48081486542868906,5.551115123125783e-17,0.0
comp_01,0.001,randherm_05,0.4385935038049582,0.4385935038049582,0.43859350380495815,0.43859350380495826,0.0,1.1102230246251565e-16
comp_01,0.005,II,0.9416464659274811,0.9416464659274811,0.9416464659274808,0.9416464659274811,0.0,3.3306690738754696e-16
comp_01,0.005,IX,0.0,0.0,0.0,0.0,0.0,0.0
comp_01,0.005,IY,0.0,0.0,0.0,0.0,0.0,0.0
comp_01,0.005,IZ,-0.9334129889280209,-0.9334129889280209,-0.933412988928021,-0.9334129889280209,0.0,1.1102230246251565e-16
comp_01,0.005,XI,0.0,0.0,0.0,0.0,0.0,0.0
comp_01,0.005,XX,0.0,0.0,0.0,0.0,0.0,0.0
comp_01,0.005,XY,0.0,0.0,0.0,0.0,0.0,0.0
comp_01,0.005,XZ,0.0,0.0,0.0,0.0,0.0,0.0
comp_01,0.005,YI,0.0,0.0,0.0,0.0,0.0,0.0
comp_01,0.005,YX,0.0,0.0,0.0,0.0,0.0,0.0
comp_01,0.005,YY,0.0,0.0,0.0,0.0,0.0,0.0
comp_01,0.005,YZ,0.0,0.0,0.0,0.0,0.0,0.0
comp_01,0.005,ZI,0.9334129889280214,0.9334129889280214,0.9334129889280214,0.9334129889280214,0.0,0.0
comp_01,0.005,ZX,0.0,0.0,0.0,0.0,0.0,0.0
comp_01,0.005,ZY,0.0,0.0,0.0,0.0,0.0,0.0
comp_01,0.005,ZZ,-0.9252500463962814,-0.9252500463962814,-0.9252500463962812,-0.9252500463962815,0.0,3.3306690738754696e-16
comp_01,0.005,randherm_00,0.10741619877182829,0.10741619877182829,0.10741619877182831,0.10741619877182829,0.0,2.7755575615628914e-17
comp_01,0.005,randherm_01,0.18913936783929225,0.18913936783929225,0.18913936783929228,0.18913936783929225,0.0,2.7755575615628914e-17
comp_01,0.005,randherm_02,-0.24542431148925525,-0.24542431148925525,-0.24542431148925528,-0.24542431148925528,0.0,0.0
comp_01,0.005,randherm_03,0.22673549282695826,0.22673549282695826,0.22673549282695832,0.2267354928269583,0.0,2.7755575615628914e-17
comp_01,0.005,randherm_04,0.4546958151602989,0.4546958151602989,0.45469581516029883,0.45469581516029883,0.0,0.0
comp_01,0.005,randherm_05,0.4147277255761749,0.4147277255761749,0.4147277255761748,0.4147277255761749,0.0,5.551115123125783e-17
comp_01,0.01,II,0.8864744078025092,0.8864744078025093,0.8864744078025091,0.8864744078025093,1.1102230246251565e-16,2.220446049250313e-16
comp_01,0.01,IX,0.0,0.0,0.0,0.0,0.0,0.0
comp_01,0.01,IY,0.0,0.0,0.0,0.0,0.0,0.0
comp_01,0.01,IZ,-0.8709836021757336,-0.8709836021757337,-0.8709836021757336,-0.8709836021757338,1.1102230246251565e-16,2.220446049250313e-16
comp_01,0.01,XI,0.0,0.0,0.0,0.0,0.0,0.0
comp_01,0.01,XX,0.0,0.0,0.0,0.0,0.0,0.0
comp_01,0.01,XY,0.0,0.0,0.0,0.0,0.0,0.0
comp_01,0.01,XZ,0.0,0.0,0.0,0.0,0.0,0.0
comp_01,0.01,YI,0.0,0.0,0.0,0.0,0.0,0.0
comp_01,0.01,YX,0.0,0.0,0.0,0.0,0.0,0.0
comp_01,0.01,YY,0.0,0.0,0.0,0.0,0.0,0.0
comp_01,0.01,YZ,0.0,0.0,0.0,0.0,0.0,0.0
comp_01,0.01,ZI,0.8709836021757335,0.8709836021757336,0.8709836021757336,0.8709836021757336,1.1102230246251565e-16,0.0
comp_01,0.01,ZX,0.0,0.0,0.0,0.0,0.0,0.0
comp_01,0.01,ZY,0.0,0.0,0.0,0.0,0.0,0.0
comp_01,0.01,ZZ,-0.855758062868081,-0.8557580628680811,-0.8557580628680811,-0.8557580628680811,1.1102230246251565e-16,0.0
comp_01,0.01,randherm_00,0.09902352684595736,0.09902352684595736,0.09902352684595737,0.09902352684595737,0.0,0.0
comp_01,0.01,randherm_01,0.17601401198918268,0.1760140119891827,0.17601401198918265,0.1760140119891827,2.7755575615628914e-17,5.551115123125783e-17
comp_01,0.01,randherm_02,-0.22812394920909773,-0.2281239492090978,-0.22812394920909773,-0.22812394920909781,5.551115123125783e-17,8.326672684688674e-17
comp_01,0.01,randherm_03,0.20982967678329206,0.20982967678329212,0.20982967678329206,0.20982967678329212,5.551115123125783e-17,5.551115123125783e-17
comp_01,0.01,randherm_04,0.4239325079149183,0.4239325079149183,0.4239325079149184,0.4239325079149183,0.0,5.551115123125783e-17
comp_01,0.01,randherm_05,0.3866066293014724,0.38660662930147244,0.3866066293014723,0.3866066293014725,5.551115123125783e-17,1.6653345369377348e-16
comp_01,0.02,II,0.7850370489580114,0.7850370489580115,0.7850370489580115,0.7850370489580115,1.1102230246251565e-16,0.0
comp_01,0.02,IX,0.0,0.0,0.0,0.0,0.0,0.0
comp_01,0.02,IY,0.0,0.0,0.0,0.0,0.0,0.0
comp_01,0.02,IZ,-0.7576416426157775,-0.7576416426157776,-0.7576416426157775,-0.7576416426157776,1.1102230246251565e-16,1.1102230246251565e-16
comp_01,0.02,XI,0.0,0.0,0.0,0.0,0.0,0.0
comp_01,0.02,XX,0.0,0.0,0.0,0.0,0.0,0.0
comp_01,0.02,XY,0.0,0.0,0.0,0.0,0.0,0.0
comp_01,0.02,XZ,0.0,0.0,0.0,0.0,0.0,0.0
comp_01,0.02,YI,0.0,0.0,0.0,0.0,0.0,0.0
comp_01,0.02,YX,0.0,0.0,0.0,0.0,0.0,0.0
comp_01,0.02,YY,0.0,0.0,0.0,0.0,0.0,0.0
comp_01,0.02,YZ,0.0,0.0,0.0,0.0,0.0,0.0
comp_01,0.02,ZI,0.7576416426157774,0.7576416426157774,0.7576416426157773,0.7576416426157774,0.0,1.1102230246251565e-16
comp_01,0.02,ZX,0.0,0.0,0.0,0.0,0.0,0.0
comp_01,0.02,ZY,0.0,0.0,0.0,0.0,0.0,0.0
comp_01,0.02,ZZ,-0.7311834116189491,-0.7311834116189492,-0.7311834116189488,-0.7311834116189492,1.1102230246251565e-16,3.3306690738754696e-16
comp_01,0.02,randherm_00,0.08397030883131426,0.08397030883131426,0.08397030883131423,0.08397030883131426,0.0,2.7755575615628914e-17
comp_01,0.02,randherm_01,0.1522999518845692,0.15229995188456924,0.1522999518845692,0.15229995188456924,2.7755575615628914e-17,2.7755575615628914e-17
comp_01,0.02,randherm_02,-0.19689341625967846,-0.1968934162596785,-0.19689341625967846,-0.1968934162596785,2.7755575615628914e-17,2.7755575615628914e-17
comp_01,0.02,randherm_03,0.17953011207763628,0.1795301120776363,0.17953011207763633,0.1795301120776363,2.7755575615628914e-17,2.7755575615628914e-17
comp_01,0.02,randherm_04,0.36821536562203255,0.3682153656220326,0.36821536562203255,0.3682153656220326,5.551115123125783e-17,5.551115123125783e-17
comp_01,0.02,randherm_05,0.3356430432284227,0.3356430432284227,0.3356430432284226,0.3356430432284227,0.0,1.1102230246251565e-16
comp_01,0.05,II,0.5417830234197947,0.5417830234197945,0.5417830234197946,0.5417830234197945,2.220446049250313e-16,1.1102230246251565e-16
comp_01,0.05,IX,0.0,0.0,0.0,0.0,0.0,0.0
comp_01,0.05,IY,0.0,0.0,0.0,0.0,0.0,0.0
comp_01,0.05,IZ,-0.4947418758869918,-0.4947418758869917,-0.49474187588699187,-0.4947418758869919,1.1102230246251565e-16,5.551115123125783e-17
comp_01,0.05,XI,0.0,0.0,0.0,0.0,0.0,0.0
comp_01,0.05,XX,0.0,0.0,0.0,0.0,0.0,0.0
comp_01,0.05,XY,0.0,0.0,0.0,0.0,0.0,0.0
comp_01,0.05,XZ,0.0,0.0,0.0,0.0,0.0,0.0
comp_01,0.05,YI,0.0,0.0,0.0,0.0,0.0,0.0
comp_01,0.05,YX,0.0,0.0,0.0,0.0,0.0,0.0
comp_01,0.05,YY,0.0,0.0,0.0,0.0,0.0,0.0
comp_01,0.05,YZ,0.0,0.0,0.0,0.0,0.0,0.0
comp_01,0.05,ZI,0.494741875886992,0.49474187588699187,0.4947418758869921,0.49474187588699203,1.1102230246251565e-16,5.551115123125783e-17
comp_01,0.05,ZX,0.0,0.0,0.0,0.0,0.0,0.0
comp_01,0.05,ZY,0.0,0.0,0.0,0.0,0.0,0.0
comp_01,0.05,ZZ,-0.4517089494057588,-0.4517089494057587,-0.45170894940575895,-0.45170894940575895,1.1102230246251565e-16,0.0
comp_01,0.05,randherm_00,0.0502240257148185,0.05022402571481849,0.05022402571481854,0.050224025714818536,1.3877787807814457e-17,6.938893903907228e-18
comp_01,0.05,randherm_01,0.09796505593989209,0.09796505593989206,0.09796505593989212,0.09796505593989212,2.7755575615628914e-17,0.0
comp_01,0.05,randherm_02,-0.12552566633522497,-0.12552566633522494,-0.12552566633522502,-0.125525666335225,2.7755575615628914e-17,2.7755575615628914e-17
comp_01,0.05,randherm_03,0.11156337774284583,0.1115633777428458,0.11156337774284585,0.11156337774284589,2.7755575615628914e-17,4.163336342344337e-17
comp_01,0.05,randherm_04,0.2397138500048558,0.23971385000485573,0.2397138500048558,0.2397138500048558,5.551115123125783e-17,0.0
comp_01,0.05,randherm_05,0.21796200713466596,0.2179620071346659,0.217962007134666,0.217962007134666,5.551115123125783e-17,0.0
comp_01,0.1,II,0.28557635940290244,0.2855763594029024,0.2855763594029025,0.2855763594029024,5.551115123125783e-17,1.1102230246251565e-16
comp_01,0.1,IX,0.0,0.0,0.0,0.0,0.0,0.0
comp_01,0.1,IY,0.0,0.0,0.0,0.0,0.0,0.0
comp_01,0.1,IZ,-0.23642882572665702,-0.236428825726657,-0.23642882572665702,-0.236428825726657,2.7755575615628914e-17,2.7755575615628914e-17
comp_01,0.1,XI,0.0,0.0,0.0,0.0,0.0,0.0
comp_01,0.1,XX,0.0,0.0,0.0,0.0,0.0,0.0
comp_01,0.1,XY,0.0,0.0,0.0,0.0,0.0,0.0
comp_01,0.1,XZ,0.0,0.0,0.0,0.0,0.0,0.0
comp_01,0.1,YI,0.0,0.0,0.0,0.0,0.0,0.0
comp_01,0.1,YX,0.0,0.0,0.0,0.0,0.0,0.0
comp_01,0.1,YY,0.0,0.0,0.0,0.0,0.0,0.0
comp_01,0.1,YZ,0.0,0.0,0.0,0.0,0.0,0.0
comp_01,0.1,ZI,0.23642882572665697,0.2364288257266569,0.23642882572665697,0.2364288257266569,5.551115123125783e-17,5.551115123125783e-17
comp_01,0.1,ZX,0.0,0.0,0.0,0.0,0.0,0.0
comp_01,0.1,ZY,0.0,0.0,0.0,0.0,0.0,0.0
comp_01,0.1,ZZ,-0.19559657548991638,-0.19559657548991635,-0.19559657548991638,-0.19559657548991635,2.7755575615628914e-17,2.7755575615628914e-17
comp_01,0.1,randherm_00,0.01966441917670024,0.019664419176700237,0.019664419176700244,0.019664419176700233,3.469446951953614e-18,1.0408340855860843e-17
comp_01,0.1,randherm_01,0.04581167739100124,0.045811677391001226,0.04581167739100124,0.04581167739100123,1.3877787807814457e-17,6.938893903907228e-18
comp_01,0.1,randherm_02,-0.0575235113059557,-0.057523511305955684,-0.05752351130595569,-0.057523511305955684,1.3877787807814457e-17,6.938893903907228e-18
comp_01,0.1,randherm_03,0.049158393308022005,0.04915839330802199,0.049158393308022005,0.04915839330802199,1.3877787807814457e-17,1.3877787807814457e-17
comp_01,0.1,randherm_04,0.11460896729111394,0.11460896729111393,0.11460896729111394,0.11460896729111392,1.3877787807814457e-17,2.7755575615628914e-17
comp_01,0.1,randherm_05,0.10331813747456942,0.1033181374745694,0.10331813747456939,0.1033181374745694,1.3877787807814457e-17,1.3877787807814457e-17
comp_01,0.15,II,0.14603189703598757,0.14603189703598757,0.1460318970359876,0.14603189703598757,0.0,2.7755575615628914e-17
comp_01,0.15,IX,0.0,0.0,0.0,0.0,0.0,0.0
comp_01,0.15,IY,0.0,0.0,0.0,0.0,0.0,0.0
comp_01,0.15,IZ,-0.10872382058350616,-0.10872382058350616,-0.10872382058350616,-0.10872382058350617,0.0,1.3877787807814457e-17
comp_01,0.15,XI,0.0,0.0,0.0,0.0,0.0,0.0
comp_01,0.15,XX,0.0,0.0,0.0,0.0,0.0,0.0
comp_01,0.15,XY,0.0,0.0,0.0,0.0,0.0,0.0
comp_01,0.15,XZ,0.0,0.0,0.0,0.0,0.0,0.0
comp_01,0.15,YI,0.0,0.0,0.0,0.0,0.0,0.0
comp_01,0.15,YX,0.0,0.0,0.0,0.0,0.0,0.0
comp_01,0.15,YY,0.0,0.0,0.0,0.0,0.0,0.0
comp_01,0.15,YZ,0.0,0.0,0.0,0.0,0.0,0.0
comp_01,0.15,ZI,0.10872382058350616,0.10872382058350614,0.10872382058350617,0.10872382058350616,1.3877787807814457e-17,1.3877787807814457e-17
comp_01,0.15,ZX,0.0,0.0,0.0,0.0,0.0,0.0
comp_01,0.15,ZY,0.0,0.0,0.0,0.0,0.0,0.0
comp_01,0.15,ZZ,-0.08080265266865773,-0.08080265266865772,-0.08080265266865772,-0.08080265266865776,1.3877787807814457e-17,4.163336342344337e-17
comp_01,0.15,randherm_00,0.006576494286922793,0.006576494286922792,0.006576494286922794,0.006576494286922795,8.673617379884035e-19,8.673617379884035e-19
comp_01,0.15,randherm_01,0.020733088240190004,0.020733088240190004,0.02073308824019001,0.020733088240190004,0.0,6.938893903907228e-18
comp_01,0.15,randherm_02,-0.0252940473793902,-0.025294047379390193,-0.0252940473793902,-0.0252940473793902,6.938893903907228e-18,0.0
comp_01,0.15,randherm_03,0.02095066202969191,0.020950662029691907,0.02095066202969191,0.020950662029691914,3.469446951953614e-18,3.469446951953614e-18
comp_01,0.15,randherm_04,0.053180081075080696,0.053180081075080696,0.05318008107508068,0.053180081075080696,0.0,1.3877787807814457e-17
comp_01,0.15,randherm_05,0.04721275797497441,0.0472127579749744,0.047212757974974394,0.047212757974974415,6.938893903907228e-18,2.0816681711721685e-17
comp_01,0.2,II,0.07219840024575996,0.07219840024575994,0.07219840024576003,0.07219840024576005,2.7755575615628914e-17,1.3877787807814457e-17
comp_01,0.2,IX,0.0,0.0,0.0,0.0,0.0,0.0
comp_01,0.2,IY,0.0,0.0,0.0,0.0,0.0,0.0
comp_01,0.2,IZ,-0.04789747528499196,-0.04789747528499196,-0.04789747528499202,-0.04789747528499204,0.0,2.0816681711721685e-17
comp_01,0.2,XI,0.0,0.0,0.0,0.0,0.0,0.0
comp_01,0.2,XX,0.0,0.0,0.0,0.0,0.0,0.0
comp_01,0.2,XY,0.0,0.0,0.0,0.0,0.0,0.0
comp_01,0.2,XZ,0.0,0.0,0.0,0.0,0.0,0.0
comp_01,0.2,YI,0.0,0.0,0.0,0.0,0.0,0.0
comp_01,0.2,YX,0.0,0.0,0.0,0.0,0.0,0.0
comp_01,0.2,YY,0.0,0.0,0.0,0.0,0.0,0.0
comp_01,0.2,YZ,0.0,0.0,0.0,0.0,0.0,0.0
comp_01,0.2,ZI,0.04789747528499196,0.047897475284991956,0.047897475284992004,0.04789747528499201,6.938893903907228e-18,6.938893903907228e-18
comp_01,0.2,ZX,0.0,0.0,0.0,0.0,0.0,0.0
comp_01,0.2,ZY,0.0,0.0,0.0,0.0,0.0,0.0
comp_01,0.2,ZZ,-0.03166593487994878,-0.03166593487994877,-0.03166593487994881,-0.031665934879948815,6.938893903907228e-18,6.938893903907228e-18
comp_01,0.2,randherm_00,0.0015430825886621495,0.001543082588662148,0.0015430825886621506,0.0015430825886621501,1.5178830414797062e-18,4.336808689942018e-19
comp_01,0.2,randherm_01,0.00905905192022072,0.009059051920220718,0.009059051920220731,0.009059051920220731,1.734723475976807e-18,0.0
comp_01,0.2,randherm_02,-0.010617705619527488,-0.010617705619527486,-0.010617705619527502,-0.010617705619527504,1.734723475976807e-18,1.734723475976807e-18
comp_01,0.2,randherm_03,0.008644752536580891,0.00864475253658089,0.0086447525365809,0.0086447525365809,1.734723475976807e-18,0.0
comp_01,0.2,randherm_04,0.023893321126029717,0.02389332112602971,0.02389332112602974,0.02389332112602974,6.938893903907228e-18,0.0
comp_01,0.2,randherm_05,0.020717410549605558,0.020717410549605554,0.02071741054960558,0.020717410549605575,3.469446951953614e-18,3.469446951953614e-18
comp_01,0.3,II,0.015678082507622475,0.015678082507622475,0.015678082507622475,0.015678082507622475,0.0,0.0
comp_01,0.3,IX,0.0,0.0,0.0,0.0,0.0,0.0
comp_01,0.3,IY,0.0,0.0,0.0,0.0,0.0,0.0
comp_01,0.3,IZ,-0.007991613197677362,-0.007991613197677362,-0.00799161319767736,-0.007991613197677362,0.0,1.734723475976807e-18
comp_01,0.3,XI,0.0,0.0,0.0,0.0,0.0,0.0
comp_01,0.3,XX,0.0,0.0,0.0,0.0,0.0,0.0
comp_01,0.3,XY,0.0,0.0,0.0,0.0,0.0,0.0
comp_01,0.3,XZ,0.0,0.0,0.0,0.0,0.0,0.0
comp_01,0.3,YI,0.0,0.0,0.0,0.0,0.0,0.0
comp_01,0.3,YX,0.0,0.0,0.0,0.0,0.0,0.0
comp_01,0.3,YY,0.0,0.0,0.0,0.0,0.0,0.0
comp_01,0.3,YZ,0.0,0.0,0.0,0.0,0.0,0.0
comp_01,0.3,ZI,0.007991613197677362,0.007991613197677362,0.007991613197677364,0.007991613197677364,0.0,0.0
comp_01,0.3,ZX,0.0,0.0,0.0,0.0,0.0,0.0
comp_01,0.3,ZY,0.0,0.0,0.0,0.0,0.0,0.0
comp_01,0.3,ZZ,-0.004035427283451543,-0.004035427283451542,-0.004035427283451542,-0.004035427283451543,8.673617379884035e-19,8.673617379884035e-19
comp_01,0.3,randherm_00,-0.0003886549154594165,-0.00038865491545941644,-0.000388654915459416,-0.00038865491545941617,5.421010862427522e-20,1.6263032587282567e-19
comp_01,0.3,randherm_01,0.0015383402065991423,0.0015383402065991423,0.0015383402065991421,0.0015383402065991423,0.0,2.168404344971009e-19
comp_01,0.3,randherm_02,-0.0015846613020558224,-0.0015846613020558222,-0.0015846613020558218,-0.0015846613020558218,2.168404344971009e-19,0.0
comp_01,0.3,randherm_03,0.0013498949890558853,0.0013498949890558849,0.0013498949890558855,0.0013498949890558853,4.336808689942018e-19,2.168404344971009e-19
comp_01,0.3,randherm_04,0.004325955291089475,0.004325955291089475,0.004325955291089474,0.004325955291089475,0.0,8.673617379884035e-19
comp_01,0.3,randherm_05,0.003465058841018618,0.003465058841018618,0.0034650588410186176,0.0034650588410186176,0.0,0.0
comp_01,0.5,II,0.0003814697265624997,0.0003814697265624997,0.0003814697265624998,0.0003814697265624998,0.0,0.0
comp_01,0.5,IX,0.0,0.0,0.0,0.0,0.0,0.0
comp_01,0.5,IY,0.0,0.0,0.0,0.0,0.0,0.0
comp_01,0.5,IZ,-9.536743164062489e-05,-9.536743164062489e-05,-9.536743164062497e-05,-9.536743164062497e-05,0.0,0.0
comp_01,0.5,XI,0.0,0.0,0.0,0.0,0.0,0.0
comp_01,0.5,XX,0.0,0.0,0.0,0.0,0.0,0.0
comp_01,0.5,XY,0.0,0.0,0.0,0.0,0.0,0.0
comp_01,0.5,XZ,0.0,0.0,0.0,0.0,0.0,0.0
comp_01,0.5,YI,0.0,0.0,0.0,0.0,0.0,0.0
comp_01,0.5,YX,0.0,0.0,0.0,0.0,0.0,0.0
comp_01,0.5,YY,0.0,0.0,0.0,0.0,0.0,0.0
comp_01,0.5,YZ,0.0,0.0,0.0,0.0,0.0,0.0
comp_01,0.5,ZI,9.536743164062489e-05,9.536743164062489e-05,9.536743164062493e-05,9.536743164062495e-05,0.0,1.3552527156068805e-20
comp_01,0.5,ZX,0.0,0.0,0.0,0.0,0.0,0.0
comp_01,0.5,ZY,0.0,0.0,0.0,0.0,0.0,0.0
comp_01,0.5,ZZ,-2.2888183593749973e-05,-2.2888183593749973e-05,-2.288818359375001e-05,-2.288818359375e-05,0.0,1.0164395367051604e-20
comp_01,0.5,randherm_00,-4.074070220732132e-05,-4.074070220732133e-05,-4.074070220732132e-05,-4.0740702207321336e-05,6.776263578034403e-21,1.3552527156068805e-20
comp_01,0.5,randherm_01,2.428706586752743e-05,2.428706586752743e-05,2.428706586752744e-05,2.4287065867527435e-05,0.0,3.3881317890172014e-21
comp_01,0.5,randherm_02,-1.2987735574753793e-05,-1.2987735574753793e-05,-1.2987735574753803e-05,-1.2987735574753807e-05,0.0,3.3881317890172014e-21
comp_01,0.5,randherm_03,2.416156559595365e-05,2.416156559595365e-05,2.416156559595366e-05,2.4161565595953656e-05,0.0,3.3881317890172014e-21
comp_01,0.5,randherm_04,7.890521208781076e-05,7.890521208781076e-05,7.890521208781078e-05,7.890521208781082e-05,0.0,4.0657581468206416e-20
comp_01,0.5,randherm_05,4.517919755727003e-05,4.517919755727003e-05,4.517919755727004e-05,4.5179197557270045e-05,0.0,6.776263578034403e-21
comp_01,0.75,II,2.691522240638731e-07,2.6915222406387297e-07,2.691522240638731e-07,2.691522240638731e-07,1.0587911840678754e-22,0.0
comp_01,0.75,IX,0.0,0.0,0.0,0.0,0.0,0.0
comp_01,0.75,IY,0.0,0.0,0.0,0.0,0.0,0.0
comp_01,0.75,IZ,-1.385342329740523e-08,-1.385342329740523e-08,-1.3853423297405235e-08,-1.3853423297405243e-08,0.0,8.271806125530277e-24
comp_01,0.75,XI,0.0,0.0,0.0,0.0,0.0,0.0
comp_01,0.75,XX,0.0,0.0,0.0,0.0,0.0,0.0
comp_01,0.75,XY,0.0,0.0,0.0,0.0,0.0,0.0
comp_01,0.75,XZ,0.0,0.0,0.0,0.0,0.0,0.0
comp_01,0.75,YI,0.0,0.0,0.0,0.0,0.0,0.0
comp_01,0.75,YX,0.0,0.0,0.0,0.0,0.0,0.0
comp_01,0.75,YY,0.0,0.0,0.0,0.0,0.0,0.0
comp_01,0.75,YZ,0.0,0.0,0.0,0.0,0.0,0.0
comp_01,0.75,ZI,1.3853423297405243e-08,1.3853423297405243e-08,1.385342329740523e-08,1.3853423297405216e-08,0.0,1.3234889800848443e-23
comp_01,0.75,ZX,0.0,0.0,0.0,0.0,0.0,0.0
comp_01,0.75,ZY,0.0,0.0,0.0,0.0,0.0,0.0
comp_01,0.75,ZZ,-5.820766091346873e-10,-5.820766091346873e-10,-5.820766091346695e-10,-5.820766091346741e-10,0.0,4.549493369041652e-24
comp_01,0.75,randherm_00,-4.6535751256256164e-08,-4.6535751256256144e-08,-4.653575125625617e-08,-4.653575125625616e-08,1.9852334701272664e-23,1.3234889800848443e-23
comp_01,0.75,randherm_01,1.2757359152499382e-08,1.2757359152499378e-08,1.2757359152499382e-08,1.2757359152499378e-08,3.308722450212111e-24,3.308722450212111e-24
comp_01,0.75,randherm_02,2.165846117031771e-09,2.1658461170317745e-09,2.1658461170317736e-09,2.1658461170317695e-09,3.308722450212111e-24,4.1359030627651384e-24
comp_01,0.75,randherm_03,2.0205918792641424e-08,2.020591879264141e-08,2.0205918792641417e-08,2.0205918792641417e-08,1.3234889800848443e-23,0.0
comp_01,0.75,randherm_04,4.696022388032589e-08,4.696022388032587e-08,4.696022388032588e-08,4.6960223880325875e-08,1.9852334701272664e-23,6.617444900424222e-24
comp_01,0.75,randherm_05,1.2811903136140541e-08,1.2811903136140536e-08,1.2811903136140541e-08,1.2811903136140543e-08,4.963083675318166e-24,1.6543612251060553e-24
comp_01,1.0,II,0.0,0.0,0.0,0.0,0.0,0.0
comp_01,1.0,IX,0.0,0.0,0.0,0.0,0.0,0.0
comp_01,1.0,IY,0.0,0.0,0.0,0.0,0.0,0.0
comp_01,1.0,IZ,0.0,0.0,0.0,0.0,0.0,0.0
comp_01,1.0,XI,0.0,0.0,0.0,0.0,0.0,0.0
comp_01,1.0,XX,0.0,0.0,0.0,0.0,0.0,0.0
comp_01,1.0,XY,0.0,0.0,0.0,0.0,0.0,0.0
comp_01,1.0,XZ,0.0,0.0,0.0,0.0,0.0,0.0
comp_01,1.0,YI,0.0,0.0,0.0,0.0,0.0,0.0
comp_01,1.0,YX,0.0,0.0,0.0,0.0,0.0,0.0
comp_01,1.0,YY,0.0,0.0,0.0,0.0,0.0,0.0
comp_01,1.0,YZ,0.0,0.0,0.0,0.0,0.0,0.0
comp_01,1.0,ZI,0.0,0.0,0.0,0.0,0.0,0.0
comp_01,1.0,ZX,0.0,0.0,0.0,0.0,0.0,0.0
comp_01,1.0,ZY,0.0,0.0,0.0,0.0,0.0,0.0
comp_01,1.0,ZZ,0.0,0.0,0.0,0.0,0.0,0.0
comp_01,1.0,randherm_00,0.0,0.0,0.0,0.0,0.0,0.0
comp_01,1.0,randherm_01,0.0,0.0,0.0,0.0,0.0,0.0
comp_01,1.0,randherm_02,0.0,0.0,0.0,0.0,0.0,0.0
comp_01,1.0,randherm_03,0.0,0.0,0.0,0.0,0.0,0.0
comp_01,1.0,randherm_04,0.0,0.0,0.0,0.0,0.0,0.0
comp_01,1.0,randherm_05,0.0,0.0,0.0,0.0,0.0,0.0
comp_10,0.0,II,0.9999999999999992,0.9999999999999991,0.9999999999999993,0.9999999999999993,1.1102230246251565e-16,0.0
comp_10,0.0,IX,0.0,0.0,0.0,0.0,0.0,0.0
comp_10,0.0,IY,0.0,0.0,0.0,0.0,0.0,0.0
comp_10,0.0,IZ,0.9999999999999992,0.9999999999999991,0.9999999999999993,0.9999999999999993,1.1102230246251565e-16,0.0
comp_10,0.0,XI,0.0,0.0,0.0,0.0,0.0,0.0
comp_10,0.0,XX,0.0,0.0,0.0,0.0,0.0,0.0
comp_10,0.0,XY,0.0,0.0,0.0,0.0,0.0,0.0
comp_10,0.0,XZ,0.0,0.0,0.0,0.0,0.0,0.0
comp_10,0.0,YI,0.0,0.0,0.0,0.0,0.0,0.0
comp_10,0.0,YX,0.0,0.0,0.0,0.0,0.0,0.0
comp_10,0.0,YY,0.0,0.0,0.0,0.0,0.0,0.0
comp_10,0.0,YZ,0.0,0.0,0.0,0.0,0.0,0.0
comp_10,0.0,ZI,-0.9999999999999992,-0.9999999999999991,-0.9999999999999993,-0.9999999999999993,1.1102230246251565e-16,0.0
comp_10,0.0,ZX,0.0,0.0,0.0,0.0,0.0,0.0
comp_10,0.0,ZY,0.0,0.0,0.0,0.0,0.0,0.0
comp_10,0.0,ZZ,-0.9999999999999992,-0.9999999999999991,-0.9999999999999993,-0.9999999999999993,1.1102230246251565e-16,0.0
comp_10,0.0,randherm_00,-0.570812984345661,-0.5708129843456609,-0.5708129843456611,-0.5708129843456611,1.1102230246251565e-16,0.0
comp_10,0.0,randherm_01,0.10232880860605784,0.10232880860605782,0.10232880860605785,0.10232880860605785,1.3877787807814457e-17,0.0
comp_10,0.0,randherm_02,0.1028647164311371,0.10286471643113708,0.10286471643113711,0.10286471643113711,1.3877787807814457e-17,0.0
comp_10,0.0,randherm_03,0.5455775335163995,0.5455775335163995,0.5455775335163996,0.5455775335163996,0.0,0.0
comp_10,0.0,randherm_04,0.28939887105080997,0.2893988710508099,0.28939887105081,0.28939887105081,5.551115123125783e-17,0.0
comp_10,0.0,randherm_05,-0.2213970546858597,-0.22139705468585968,-0.22139705468585974,-0.22139705468585974,2.7755575615628914e-17,0.0
comp_10,1e-06,II,0.9999880000669983,0.9999880000669983,0.9999880000669988,0.9999880000669987,0.0,1.1102230246251565e-16
comp_10,1e-06,IX,0.0,0.0,0.0,0.0,0.0,0.0
comp_10,1e-06,IY,0.0,0.0,0.0,0.0,0.0,0.0
comp_10,1e-06,IZ,0.9999862500882482,0.999986250088248,0.9999862500882487,0.9999862500882487,1.1102230246251565e-16,0.0
comp_10,1e-06,XI,0.0,0.0,0.0,0.0,0.0,0.0
comp_10,1e-06,XX,0.0,0.0,0.0,0.0,0.0,0.0
comp_10,1e-06,XY,0.0,0.0,0.0,0.0,0.0,0.0
comp_10,1e-06,XZ,0.0,0.0,0.0,0.0,0.0,0.0
comp_10,1e-06,YI,0.0,0.0,0.0,0.0,0.0,0.0
comp_10,1e-06,YX,0.0,0.0,0.0,0.0,0.0,0.0
comp_10,1e-06,YY,0.0,0.0,0.0,0.0,0.0,0.0
comp_10,1e-06,YZ,0.0,0.0,0.0,0.0,0.0,0.0
comp_10,1e-06,ZI,-0.999986250088248,-0.9999862500882479,-0.9999862500882485,-0.9999862500882484,1.1102230246251565e-16,1.1102230246251565e-16
comp_10,1e-06,ZX,0.0,0.0,0.0,0.0,0.0,0.0
comp_10,1e-06,ZY,0.0,0.0,0.0,0.0,0.0,0.0
comp_10,1e-06,ZZ,-0.9999845001124978,-0.9999845001124977,-0.9999845001124984,-0.9999845001124984,1.1102230246251565e-16,0.0
comp_10,1e-06,randherm_00,-0.5708054049035609,-0.5708054049035609,-0.570805404903561,-0.5708054049035611,0.0,1.1102230246251565e-16
comp_10,1e-06,randherm_01,0.10232729026173099,0.10232729026173097,0.10232729026173104,0.10232729026173104,1.3877787807814457e-17,0.0
comp_10,1e-06,randherm_02,0.10286350494287859,0.10286350494287858,0.10286350494287867,0.10286350494287866,1.3877787807814457e-17,1.3877787807814457e-17
comp_10,1e-06,randherm_03,0.5455696276549604,0.5455696276549603,0.5455696276549606,0.5455696276549606,1.1102230246251565e-16,0.0
comp_10,1e-06,randherm_04,0.28939480315166805,0.289394803151668,0.28939480315166816,0.28939480315166816,5.551115123125783e-17,0.0
comp_10,1e-06,randherm_05,-0.22139409995107923,-0.22139409995107923,-0.22139409995107937,-0.2213940999510794,0.0,2.7755575615628914e-17
comp_10,0.0001,II,0.9988006697690545,0.9988006697690546,0.9988006697690547,0.9988006697690547,1.1102230246251565e-16,0.0
comp_10,0.0001,IX,0.0,0.0,0.0,0.0,0.0,0.0
comp_10,0.0001,IY,0.0,0.0,0.0,0.0,0.0,0.0
comp_10,0.0001,IZ,0.9986258821492211,0.9986258821492212,0.998625882149221,0.9986258821492213,1.1102230246251565e-16,3.3306690738754696e-16
comp_10,0.0001,XI,0.0,0.0,0.0,0.0,0.0,0.0
comp_10,0.0001,XX,0.0,0.0,0.0,0.0,0.0,0.0
comp_10,0.0001,XY,0.0,0.0,0.0,0.0,0.0,0.0
comp_10,0.0001,XZ,0.0,0.0,0.0,0.0,0.0,0.0
comp_10,0.0001,YI,0.0,0.0,0.0,0.0,0.0,0.0
comp_10,0.0001,YX,0.0,0.0,0.0,0.0,0.0,0.0
comp_10,0.0001,YY,0.0,0.0,0.0,0.0,0.0,0.0
comp_10,0.0001,YZ,0.0,0.0,0.0,0.0,0.0,0.0
comp_10,0.0001,ZI,-0.9986258821492212,-0.9986258821492213,-0.998625882149221,-0.9986258821492212,1.1102230246251565e-16,2.220446049250313e-16
comp_10,0.0001,ZX,0.0,0.0,0.0,0.0,0.0,0.0
comp_10,0.0001,ZY,0.0,0.0,0.0,0.0,0.0,0.0
comp_10,0.0001,ZZ,-0.9984511244926586,-0.9984511244926587,-0.9984511244926587,-0.9984511244926586,1.1102230246251565e-16,1.1102230246251565e-16
comp_10,0.0001,randherm_00,-0.5700555073866846,-0.5700555073866849,-0.5700555073866849,-0.5700555073866848,2.220446049250313e-16,1.1102230246251565e-16
comp_10,0.0001,randherm_01,0.10217708012513047,0.10217708012513049,0.10217708012513047,0.10217708012513049,2.7755575615628914e-17,2.7755575615628914e-17
comp_10,0.0001,randherm_02,0.10274363014838539,0.10274363014838539,0.10274363014838539,0.10274363014838542,0.0,2.7755575615628914e-17
comp_10,0.0001,randherm_03,0.5447874816926017,0.5447874816926017,0.5447874816926018,0.5447874816926017,0.0,1.1102230246251565e-16
comp_10,0.0001,randherm_04,0.2889923510451542,0.2889923510451542,0.2889923510451542,0.2889923510451541,0.0,1.1102230246251565e-16
comp_10,0.0001,randherm_05,-0.2211017613968533,-0.22110176139685334,-0.22110176139685336,-0.22110176139685334,2.7755575615628914e-17,2.7755575615628914e-17
comp_10,0.001,II,0.988066769549291,0.9880667695492908,0.988066769549291,0.9880667695492908,1.1102230246251565e-16,1.1102230246251565e-16
comp_10,0.001,IX,0.0,0.0,0.0,0.0,0.0,0.0
comp_10,0.001,IY,0.0,0.0,0.0,0.0,0.0,0.0
comp_10,0.001,IZ,0.986337900090044,0.9863379000900437,0.9863379000900439,0.9863379000900439,2.220446049250313e-16,0.0
comp_10,0.001,XI,0.0,0.0,0.0,0.0,0.0,0.0
comp_10,0.001,XX,0.0,0.0,0.0,0.0,0.0,0.0
comp_10,0.001,XY,0.0,0.0,0.0,0.0,0.0,0.0
comp_10,0.001,XZ,0.0,0.0,0.0,0.0,0.0,0.0
comp_10,0.001,YI,0.0,0.0,0.0,0.0,0.0,0.0
comp_10,0.001,YX,0.0,0.0,0.0,0.0,0.0,0.0
comp_10,0.001,YY,0.0,0.0,0.0,0.0,0.0,0.0
comp_10,0.001,YZ,0.0,0.0,0.0,0.0,0.0,0.0
comp_10,0.001,ZI,-0.9863379000900444,-0.9863379000900443,-0.9863379000900443,-0.9863379000900443,1.1102230246251565e-16,0.0
comp_10,0.001,ZX,0.0,0.0,0.0,0.0,0.0,0.0
comp_10,0.001,ZY,0.0,0.0,0.0,0.0,0.0,0.0
comp_10,0.001,ZZ,-0.9846119940888202,-0.9846119940888199,-0.98461199408882,-0.98461199408882,2.220446049250313e-16,0.0
comp_10,0.001,randherm_00,-0.5632805278993805,-0.5632805278993804,-0.5632805278993807,-0.5632805278993804,1.1102230246251565e-16,2.220446049250313e-16
comp_10,0.001,randherm_01,0.10082111320677818,0.10082111320677815,0.10082111320677818,0.1008211132067782,2.7755575615628914e-17,1.3877787807814457e-17
comp_10,0.001,randherm_02,0.10165952266064138,0.10165952266064136,0.1016595226606414,0.10165952266064138,1.3877787807814457e-17,2.7755575615628914e-17
comp_10,0.001,randherm_03,0.5377253831546784,0.5377253831546783,0.5377253831546783,0.5377253831546784,1.1102230246251565e-16,1.1102230246251565e-16
comp_10,0.001,randherm_04,0.28535810445925625,0.28535810445925625,0.28535810445925625,0.28535810445925625,0.0,0.0
comp_10,0.001,randherm_05,-0.21846044114446939,-0.21846044114446933,-0.21846044114446947,-0.21846044114446939,5.551115123125783e-17,8.326672684688674e-17
comp_10,0.005,II,0.9416464659274811,0.9416464659274811,0.941646465927481,0.9416464659274811,0.0,1.1102230246251565e-16
comp_10,0.005,IX,0.0,0.0,0.0,0.0,0.0,0.0
comp_10,0.005,IY,0.0,0.0,0.0,0.0,0.0,0.0
comp_10,0.005,IZ,0.9334129889280209,0.9334129889280209,0.9334129889280212,0.9334129889280209,0.0,2.220446049250313e-16
comp_10,0.005,XI,0.0,0.0,0.0,0.0,0.0,0.0
comp_10,0.005,XX,0.0,0.0,0.0,0.0,0.0,0.0
comp_10,0.005,XY,0.0,0.0,0.0,0.0,0.0,0.0
comp_10,0.005,XZ,0.0,0.0,0.0,0.0,0.0,0.0
comp_10,0.005,YI,0.0,0.0,0.0,0.0,0.0,0.0
comp_10,0.005,YX,0.0,0.0,0.0,0.0,0.0,0.0
comp_10,0.005,YY,0.0,0.0,0.0,0.0,0.0,0.0
comp_10,0.005,YZ,0.0,0.0,0.0,0.0,0.0,0.0
comp_10,0.005,ZI,-0.9334129889280214,-0.9334129889280214,-0.9334129889280213,-0.9334129889280214,0.0,1.1102230246251565e-16
comp_10,0.005,ZX,0.0,0.0,0.0,0.0,0.0,0.0
comp_10,0.005,ZY,0.0,0.0,0.0,0.0,0.0,0.0
comp_10,0.005,ZZ,-0.9252500463962814,-0.9252500463962814,-0.9252500463962813,-0.9252500463962815,0.0,2.220446049250313e-16
comp_10,0.005,randherm_00,-0.5340733344955781,-0.5340733344955781,-0.5340733344955781,-0.5340733344955781,0.0,0.0
comp_10,0.005,randherm_01,0.09499886138421612,0.09499886138421612,0.09499886138421612,0.09499886138421612,0.0,0.0
comp_10,0.005,randherm_02,0.0969629236679877,0.0969629236679877,0.09696292366798767,0.0969629236679877,0.0,2.7755575615628914e-17
comp_10,0.005,randherm_03,0.5073694293702368,0.5073694293702368,0.5073694293702369,0.5073694293702368,0.0,1.1102230246251565e-16
comp_10,0.005,randherm_04,0.269726871509231,0.269726871509231,0.2697268715092309,0.269726871509231,0.0,1.1102230246251565e-16
comp_10,0.005,randherm_05,-0.20707002404512984,-0.20707002404512984,-0.20707002404512984,-0.2070700240451298,0.0,2.7755575615628914e-17
comp_10,0.01,II,0.8864744078025092,0.8864744078025093,0.8864744078025091,0.8864744078025093,1.1102230246251565e-16,2.220446049250313e-16
comp_10,0.01,IX,0.0,0.0,0.0,0.0,0.0,0.0
comp_10,0.01,IY,0.0,0.0,0.0,0.0,0.0,0.0
comp_10,0.01,IZ,0.8709836021757336,0.8709836021757337,0.8709836021757336,0.8709836021757338,1.1102230246251565e-16,2.220446049250313e-16
comp_10,0.01,XI,0.0,0.0,0.0,0.0,0.0,0.0
comp_10,0.01,XX,0.0,0.0,0.0,0.0,0.0,0.0
comp_10,0.01,XY,0.0,0.0,0.0,0.0,0.0,0.0
comp_10,0.01,XZ,0.0,0.0,0.0,0.0,0.0,0.0
comp_10,0.01,YI,0.0,0.0,0.0,0.0,0.0,0.0
comp_10,0.01,YX,0.0,0.0,0.0,0.0,0.0,0.0
comp_10,0.01,YY,0.0,0.0,0.0,0.0,0.0,0.0
comp_10,0.01,YZ,0.0,0.0,0.0,0.0,0.0,0.0
comp_10,0.01,ZI,-0.8709836021757335,-0.8709836021757336,-0.8709836021757335,-0.8709836021757336,1.1102230246251565e-16,1.1102230246251565e-16
comp_10,0.01,ZX,0.0,0.0,0.0,0.0,0.0,0.0
comp_10,0.01,ZY,0.0,0.0,0.0,0.0,0.0,0.0
comp_10,0.01,ZZ,-0.855758062868081,-0.8557580628680811,-0.855758062868081,-0.855758062868081,1.1102230246251565e-16,0.0
comp_10,0.01,randherm_00,-0.49956131295249667,-0.4995613129524967,-0.49956131295249667,-0.4995613129524967,5.551115123125783e-17,5.551115123125783e-17
comp_10,0.01,randherm_01,0.08816989754520321,0.08816989754520323,0.08816989754520321,0.08816989754520321,1.3877787807814457e-17,0.0
comp_10,0.01,randherm_02,0.09136342771151834,0.09136342771151836,0.09136342771151833,0.09136342771151836,1.3877787807814457e-17,2.7755575615628914e-17
comp_10,0.01,randherm_03,0.47169399605308704,0.47169399605308704,0.4716939960530871,0.4716939960530871,0.0,0.0
comp_10,0.01,randherm_04,0.25133482742102603,0.2513348274210261,0.25133482742102603,0.2513348274210261,5.551115123125783e-17,5.551115123125783e-17
comp_10,0.01,randherm_05,-0.1936034708514105,-0.19360347085141053,-0.19360347085141053,-0.19360347085141053,2.7755575615628914e-17,0.0
comp_10,0.02,II,0.7850370489580114,0.7850370489580115,0.7850370489580115,0.7850370489580115,1.1102230246251565e-16,0.0
comp_10,0.02,IX,0.0,0.0,0.0,0.0,0.0,0.0
comp_10,0.02,IY,0.0,0.0,0.0,0.0,0.0,0.0
comp_10,0.02,IZ,0.7576416426157775,0.7576416426157776,0.7576416426157774,0.7576416426157776,1.1102230246251565e-16,2.220446049250313e-16
comp_10,0.02,XI,0.0,0.0,0.0,0.0,0.0,0.0
comp_10,0.02,XX,0.0,0.0,0.0,0.0,0.0,0.0
comp_10,0.02,XY,0.0,0.0,0.0,0.0,0.0,0.0
comp_10,0.02,XZ,0.0,0.0,0.0,0.0,0.0,0.0
comp_10,0.02,YI,0.0,0.0,0.0,0.0,0.0,0.0
comp_10,0.02,YX,0.0,0.0,0.0,0.0,0.0,0.0
comp_10,0.02,YY,0.0,0.0,0.0,0.0,0.0,0.0
comp_10,0.02,YZ,0.0,0.0,0.0,0.0,0.0,0.0
comp_10,0.02,ZI,-0.7576416426157774,-0.7576416426157774,-0.7576416426157774,-0.7576416426157774,0.0,0.0
comp_10,0.02,ZX,0.0,0.0,0.0,0.0,0.0,0.0
comp_10,0.02,ZY,0.0,0.0,0.0,0.0,0.0,0.0
comp_10,0.02,ZZ,-0.7311834116189491,-0.7311834116189492,-0.7311834116189487,-0.7311834116189492,1.1102230246251565e-16,4.440892098500626e-16
comp_10,0.02,randherm_00,-0.43672009238510245,-0.4367200923851025,-0.43672009238510257,-0.4367200923851025,5.551115123125783e-17,5.551115123125783e-17
comp_10,0.02,randherm_01,0.07588707913333613,0.07588707913333614,0.07588707913333612,0.07588707913333614,1.3877787807814457e-17,2.7755575615628914e-17
comp_10,0.02,randherm_02,0.08101875159340018,0.08101875159340019,0.08101875159340019,0.08101875159340019,1.3877787807814457e-17,0.0
comp_10,0.02,randherm_03,0.4073177678939164,0.4073177678939164,0.4073177678939163,0.4073177678939164,0.0,5.551115123125783e-17
comp_10,0.02,randherm_04,0.21807799238744274,0.21807799238744277,0.21807799238744274,0.21807799238744277,2.7755575615628914e-17,2.7755575615628914e-17
comp_10,0.02,randherm_05,-0.16906374142743924,-0.16906374142743924,-0.16906374142743918,-0.16906374142743924,0.0,5.551115123125783e-17
comp_10,0.05,II,0.5417830234197947,0.5417830234197945,0.5417830234197948,0.5417830234197946,2.220446049250313e-16,2.220446049250313e-16
comp_10,0.05,IX,0.0,0.0,0.0,0.0,0.0,0.0
comp_10,0.05,IY,0.0,0.0,0.0,0.0,0.0,0.0
comp_10,0.05,IZ,0.4947418758869918,0.4947418758869917,0.4947418758869919,0.4947418758869919,1.1102230246251565e-16,0.0
comp_10,0.05,XI,0.0,0.0,0.0,0.0,0.0,0.0
comp_10,0.05,XX,0.0,0.0,0.0,0.0,0.0,0.0
comp_10,0.05,XY,0.0,0.0,0.0,0.0,0.0,0.0
comp_10,0.05,XZ,0.0,0.0,0.0,0.0,0.0,0.0
comp_10,0.05,YI,0.0,0.0,0.0,0.0,0.0,0.0
comp_10,0.05,YX,0.0,0.0,0.0,0.0,0.0,0.0
comp_10,0.05,YY,0.0,0.0,0.0,0.0,0.0,0.0
comp_10,0.05,YZ,0.0,0.0,0.0,0.0,0.0,0.0
comp_10,0.05,ZI,-0.494741875886992,-0.49474187588699187,-0.49474187588699214,-0.49474187588699203,1.1102230246251565e-16,1.1102230246251565e-16
comp_10,0.05,ZX,0.0,0.0,0.0,0.0,0.0,0.0
comp_10,0.05,ZY,0.0,0.0,0.0,0.0,0.0,0.0
comp_10,0.05,ZZ,-0.4517089494057588,-0.4517089494057587,-0.45170894940575895,-0.45170894940575895,1.1102230246251565e-16,0.0
comp_10,0.05,randherm_00,-0.2897881005521121,-0.28978810055211207,-0.28978810055211235,-0.2897881005521121,5.551115123125783e-17,2.220446049250313e-16
comp_10,0.05,randherm_01,0.04806726009496261,0.048067260094962594,0.048067260094962615,0.04806726009496262,1.3877787807814457e-17,6.938893903907228e-18
comp_10,0.05,randherm_02,0.055951670075097396,0.05595167007509738,0.055951670075097396,0.055951670075097396,1.3877787807814457e-17,0.0
comp_10,0.05,randherm_03,0.26030928319936303,0.260309283199363,0.26030928319936325,0.2603092831993631,5.551115123125783e-17,1.6653345369377348e-16
comp_10,0.05,randherm_04,0.14167377208836834,0.1416737720883683,0.1416737720883684,0.14167377208836837,5.551115123125783e-17,2.7755575615628914e-17
comp_10,0.05,randherm_05,-0.11161277778797753,-0.11161277778797751,-0.11161277778797757,-0.11161277778797755,1.3877787807814457e-17,1.3877787807814457e-17
comp_10,0.1,II,0.2855763594029022,0.2855763594029022,0.28557635940290244,0.2855763594029024,0.0,5.551115123125783e-17
comp_10,0.1,IX,0.0,0.0,0.0,0.0,0.0,0.0
comp_10,0.1,IY,0.0,0.0,0.0,0.0,0.0,0.0
comp_10,0.1,IZ,0.23642882572665688,0.23642882572665685,0.23642882572665705,0.236428825726657,2.7755575615628914e-17,5.551115123125783e-17
comp_10,0.1,XI,0.0,0.0,0.0,0.0,0.0,0.0
comp_10,0.1,XX,0.0,0.0,0.0,0.0,0.0,0.0
comp_10,0.1,XY,0.0,0.0,0.0,0.0,0.0,0.0
comp_10,0.1,XZ,0.0,0.0,0.0,0.0,0.0,0.0
comp_10,0.1,YI,0.0,0.0,0.0,0.0,0.0,0.0
comp_10,0.1,YX,0.0,0.0,0.0,0.0,0.0,0.0
comp_10,0.1,YY,0.0,0.0,0.0,0.0,0.0,0.0
comp_10,0.1,YZ,0.0,0.0,0.0,0.0,0.0,0.0
comp_10,0.1,ZI,-0.23642882572665697,-0.23642882572665697,-0.236428825726657,-0.2364288257266569,0.0,8.326672684688674e-17
comp_10,0.1,ZX,0.0,0.0,0.0,0.0,0.0,0.0
comp_10,0.1,ZY,0.0,0.0,0.0,0.0,0.0,0.0
comp_10,0.1,ZZ,-0.1955965754899164,-0.19559657548991638,-0.19559657548991638,-0.19559657548991635,2.7755575615628914e-17,2.7755575615628914e-17
comp_10,0.1,randherm_00,-0.1428216602601584,-0.1428216602601584,-0.14282166026015847,-0.14282166026015847,0.0,0.0
comp_10,0.1,randherm_01,0.02196635955366527,0.02196635955366527,0.021966359553665292,0.021966359553665285,0.0,6.938893903907228e-18
comp_10,0.1,randherm_02,0.02920145707592965,0.02920145707592965,0.029201457075929686,0.029201457075929676,0.0,1.0408340855860843e-17
comp_10,0.1,randherm_03,0.12024156106228279,0.12024156106228279,0.12024156106228281,0.12024156106228279,0.0,2.7755575615628914e-17
comp_10,0.1,randherm_04,0.06775726213802169,0.06775726213802169,0.0677572621380217,0.06775726213802166,0.0,4.163336342344337e-17
comp_10,0.1,randherm_05,-0.054180111988701665,-0.054180111988701665,-0.05418011198870169,-0.05418011198870168,0.0,1.3877787807814457e-17
comp_10,0.15,II,0.14603189703598757,0.14603189703598757,0.14603189703598762,0.14603189703598757,0.0,5.551115123125783e-17
comp_10,0.15,IX,0.0,0.0,0.0,0.0,0.0,0.0
comp_10,0.15,IY,0.0,0.0,0.0,0.0,0.0,0.0
comp_10,0.15,IZ,0.10872382058350616,0.10872382058350616,0.10872382058350614,0.10872382058350617,0.0,2.7755575615628914e-17
comp_10,0.15,XI,0.0,0.0,0.0,0.0,0.0,0.0
comp_10,0.15,XX,0.0,0.0,0.0,0.0,0.0,0.0
comp_10,0.15,XY,0.0,0.0,0.0,0.0,0.0,0.0
comp_10,0.15,XZ,0.0,0.0,0.0,0.0,0.0,0.0
comp_10,0.15,YI,0.0,0.0,0.0,0.0,0.0,0.0
comp_10,0.15,YX,0.0,0.0,0.0,0.0,0.0,0.0
comp_10,0.15,YY,0.0,0.0,0.0,0.0,0.0,0.0
comp_10,0.15,YZ,0.0,0.0,0.0,0.0,0.0,0.0
comp_10,0.15,ZI,-0.10872382058350616,-0.10872382058350614,-0.10872382058350616,-0.10872382058350616,1.3877787807814457e-17,0.0
comp_10,0.15,ZX,0.0,0.0,0.0,0.0,0.0,0.0
comp_10,0.15,ZY,0.0,0.0,0.0,0.0,0.0,0.0
comp_10,0.15,ZZ,-0.08080265266865774,-0.08080265266865772,-0.08080265266865773,-0.08080265266865776,2.7755575615628914e-17,2.7755575615628914e-17
comp_10,0.15,randherm_00,-0.06814412107676687,-0.06814412107676687,-0.06814412107676687,-0.06814412107676687,0.0,0.0
comp_10,0.15,randherm_01,0.009767614591471182,0.009767614591471178,0.00976761459147118,0.009767614591471182,3.469446951953614e-18,1.734723475976807e-18
comp_10,0.15,randherm_02,0.014587172152459953,0.01458717215245995,0.01458717215245995,0.014587172152459953,3.469446951953614e-18,3.469446951953614e-18
comp_10,0.15,randherm_03,0.05363886556692308,0.05363886556692307,0.05363886556692308,0.053638865566923086,6.938893903907228e-18,6.938893903907228e-18
comp_10,0.15,randherm_04,0.03163492316364501,0.03163492316364501,0.031634923163645016,0.03163492316364501,0.0,6.938893903907228e-18
comp_10,0.15,randherm_05,-0.02521416105332703,-0.025214161053327026,-0.025214161053327033,-0.02521416105332703,3.469446951953614e-18,3.469446951953614e-18
comp_10,0.2,II,0.07219840024575994,0.07219840024575994,0.07219840024576005,0.07219840024576005,0.0,0.0
comp_10,0.2,IX,0.0,0.0,0.0,0.0,0.0,0.0
comp_10,0.2,IY,0.0,0.0,0.0,0.0,0.0,0.0
comp_10,0.2,IZ,0.04789747528499196,0.04789747528499196,0.047897475284992025,0.04789747528499204,0.0,1.3877787807814457e-17
comp_10,0.2,XI,0.0,0.0,0.0,0.0,0.0,0.0
comp_10,0.2,XX,0.0,0.0,0.0,0.0,0.0,0.0
comp_10,0.2,XY,0.0,0.0,0.0,0.0,0.0,0.0
comp_10,0.2,XZ,0.0,0.0,0.0,0.0,0.0,0.0
comp_10,0.2,YI,0.0,0.0,0.0,0.0,0.0,0.0
comp_10,0.2,YX,0.0,0.0,0.0,0.0,0.0,0.0
comp_10,0.2,YY,0.0,0.0,0.0,0.0,0.0,0.0
comp_10,0.2,YZ,0.0,0.0,0.0,0.0,0.0,0.0
comp_10,0.2,ZI,-0.047897475284991956,-0.047897475284991956,-0.04789747528499202,-0.04789747528499201,0.0,6.938893903907228e-18
comp_10,0.2,ZX,0.0,0.0,0.0,0.0,0.0,0.0
comp_10,0.2,ZY,0.0,0.0,0.0,0.0,0.0,0.0
comp_10,0.2,ZZ,-0.03166593487994877,-0.03166593487994877,-0.0316659348799488,-0.031665934879948815,0.0,1.3877787807814457e-17
comp_10,0.2,randherm_00,-0.03137453204678835,-0.03137453204678835,-0.03137453204678839,-0.03137453204678839,0.0,0.0
comp_10,0.2,randherm_01,0.004228293579877607,0.004228293579877608,0.004228293579877612,0.004228293579877614,8.673617379884035e-19,1.734723475976807e-18
comp_10,0.2,randherm_02,0.006951670774810867,0.006951670774810866,0.006951670774810876,0.006951670774810874,8.673617379884035e-19,1.734723475976807e-18
comp_10,0.2,randherm_03,0.023045298917608613,0.023045298917608606,0.02304529891760863,0.02304529891760864,6.938893903907228e-18,1.0408340855860843e-17
comp_10,0.2,randherm_04,0.014401761106929424,0.014401761106929423,0.014401761106929438,0.01440176110692944,1.734723475976807e-18,1.734723475976807e-18
comp_10,0.2,randherm_05,-0.011189733124229377,-0.011189733124229375,-0.011189733124229391,-0.011189733124229391,1.734723475976807e-18,0.0
comp_10,0.3,II,0.015678082507622475,0.015678082507622475,0.01567808250762247,0.015678082507622475,0.0,3.469446951953614e-18
comp_10,0.3,IX,0.0,0.0,0.0,0.0,0.0,0.0
comp_10,0.3,IY,0.0,0.0,0.0,0.0,0.0,0.0
comp_10,0.3,IZ,0.00799161319767736,0.00799161319767736,0.007991613197677362,0.007991613197677362,0.0,0.0
comp_10,0.3,XI,0.0,0.0,0.0,0.0,0.0,0.0
comp_10,0.3,XX,0.0,0.0,0.0,0.0,0.0,0.0
comp_10,0.3,XY,0.0,0.0,0.0,0.0,0.0,0.0
comp_10,0.3,XZ,0.0,0.0,0.0,0.0,0.0,0.0
comp_10,0.3,YI,0.0,0.0,0.0,0.0,0.0,0.0
comp_10,0.3,YX,0.0,0.0,0.0,0.0,0.0,0.0
comp_10,0.3,YY,0.0,0.0,0.0,0.0,0.0,0.0
comp_10,0.3,YZ,0.0,0.0,0.0,0.0,0.0,0.0
comp_10,0.3,ZI,-0.007991613197677362,-0.007991613197677362,-0.007991613197677364,-0.007991613197677364,0.0,0.0
comp_10,0.3,ZX,0.0,0.0,0.0,0.0,0.0,0.0
comp_10,0.3,ZY,0.0,0.0,0.0,0.0,0.0,0.0
comp_10,0.3,ZZ,-0.004035427283451543,-0.004035427283451543,-0.004035427283451541,-0.004035427283451544,0.0,2.6020852139652106e-18
comp_10,0.3,randherm_00,-0.005880903556780842,-0.005880903556780842,-0.005880903556780842,-0.005880903556780842,0.0,0.0
comp_10,0.3,randherm_01,0.0007323363018469314,0.0007323363018469314,0.0007323363018469316,0.0007323363018469314,0.0,1.0842021724855044e-19
comp_10,0.3,randherm_02,0.0013467596012908378,0.0013467596012908378,0.0013467596012908373,0.0013467596012908375,0.0,2.168404344971009e-19
comp_10,0.3,randherm_03,0.0037526019339968017,0.0037526019339968017,0.0037526019339968026,0.0037526019339968013,0.0,1.3010426069826053e-18
comp_10,0.3,randherm_04,0.0027423044647387988,0.0027423044647387988,0.002742304464738799,0.0027423044647387996,0.0,4.336808689942018e-19
comp_10,0.3,randherm_05,-0.0018585944197599211,-0.0018585944197599211,-0.001858594419759921,-0.0018585944197599207,0.0,2.168404344971009e-19
comp_10,0.5,II,0.0003814697265624997,0.0003814697265624997,0.0003814697265624998,0.0003814697265624998,0.0,0.0
comp_10,0.5,IX,0.0,0.0,0.0,0.0,0.0,0.0
comp_10,0.5,IY,0.0,0.0,0.0,0.0,0.0,0.0
comp_10,0.5,IZ,9.536743164062489e-05,9.536743164062489e-05,9.536743164062495e-05,9.536743164062497e-05,0.0,2.710505431213761e-20
comp_10,0.5,XI,0.0,0.0,0.0,0.0,0.0,0.0
comp_10,0.5,XX,0.0,0.0,0.0,0.0,0.0,0.0
comp_10,0.5,XY,0.0,0.0,0.0,0.0,0.0,0.0
comp_10,0.5,XZ,0.0,0.0,0.0,0.0,0.0,0.0
comp_10,0.5,YI,0.0,0.0,0.0,0.0,0.0,0.0
comp_10,0.5,YX,0.0,0.0,0.0,0.0,0.0,0.0
comp_10,0.5,YY,0.0,0.0,0.0,0.0,0.0,0.0
comp_10,0.5,YZ,0.0,0.0,0.0,0.0,0.0,0.0
comp_10,0.5,ZI,-9.536743164062489e-05,-9.536743164062489e-05,-9.536743164062493e-05,-9.536743164062493e-05,0.0,0.0
comp_10,0.5,ZX,0.0,0.0,0.0,0.0,0.0,0.0
comp_10,0.5,ZY,0.0,0.0,0.0,0.0,0.0,0.0
comp_10,0.5,ZZ,-2.2888183593749973e-05,-2.2888183593749973e-05,-2.288818359375e-05,-2.2888183593749997e-05,0.0,3.3881317890172014e-21
comp_10,0.5,randherm_00,-0.00010628211842686074,-0.00010628211842686074,-0.00010628211842686075,-0.00010628211842686078,0.0,2.710505431213761e-20
comp_10,0.5,randherm_01,1.4668667130352157e-05,1.4668667130352157e-05,1.4668667130352159e-05,1.466866713035216e-05,0.0,1.6940658945086007e-21
comp_10,0.5,randherm_02,2.199419807176728e-05,2.1994198071767274e-05,2.1994198071767287e-05,2.1994198071767287e-05,6.776263578034403e-21,0.0
comp_10,0.5,randherm_03,5.283412327062984e-05,5.283412327062984e-05,5.2834123270629845e-05,5.283412327062986e-05,0.0,1.3552527156068805e-20
comp_10,0.5,randherm_04,6.0006810952917084e-05,6.0006810952917084e-05,6.0006810952917084e-05,6.000681095291708e-05,0.0,6.776263578034403e-21
comp_10,0.5,randherm_05,-1.8350295908860602e-05,-1.8350295908860602e-05,-1.835029590886062e-05,-1.8350295908860612e-05,0.0,6.776263578034403e-21
comp_10,0.75,II,2.691522240638731e-07,2.6915222406387297e-07,2.691522240638731e-07,2.691522240638731e-07,1.0587911840678754e-22,0.0
comp_10,0.75,IX,0.0,0.0,0.0,0.0,0.0,0.0
comp_10,0.75,IY,0.0,0.0,0.0,0.0,0.0,0.0
comp_10,0.75,IZ,1.3853423297405243e-08,1.3853423297405236e-08,1.3853423297405225e-08,1.3853423297405243e-08,6.617444900424222e-24,1.819797347616661e-23
comp_10,0.75,XI,0.0,0.0,0.0,0.0,0.0,0.0
comp_10,0.75,XX,0.0,0.0,0.0,0.0,0.0,0.0
comp_10,0.75,XY,0.0,0.0,0.0,0.0,0.0,0.0
comp_10,0.75,XZ,0.0,0.0,0.0,0.0,0.0,0.0
comp_10,0.75,YI,0.0,0.0,0.0,0.0,0.0,0.0
comp_10,0.75,YX,0.0,0.0,0.0,0.0,0.0,0.0
comp_10,0.75,YY,0.0,0.0,0.0,0.0,0.0,0.0
comp_10,0.75,YZ,0.0,0.0,0.0,0.0,0.0,0.0
comp_10,0.75,ZI,-1.3853423297405243e-08,-1.3853423297405216e-08,-1.3853423297405256e-08,-1.3853423297405216e-08,2.6469779601696886e-23,3.970466940254533e-23
comp_10,0.75,ZX,0.0,0.0,0.0,0.0,0.0,0.0
comp_10,0.75,ZY,0.0,0.0,0.0,0.0,0.0,0.0
comp_10,0.75,ZZ,-5.820766091346741e-10,-5.820766091346807e-10,-5.820766091346737e-10,-5.820766091346741e-10,6.617444900424222e-24,4.1359030627651384e-25
comp_10,0.75,randherm_00,-5.605653803619414e-08,-5.6056538036194123e-08,-5.605653803619414e-08,-5.605653803619413e-08,1.9852334701272664e-23,1.3234889800848443e-23
comp_10,0.75,randherm_01,1.1360155234379436e-08,1.1360155234379433e-08,1.1360155234379435e-08,1.1360155234379438e-08,3.308722450212111e-24,3.308722450212111e-24
comp_10,0.75,randherm_02,7.247450247813033e-09,7.247450247813029e-09,7.247450247813031e-09,7.247450247813031e-09,4.1359030627651384e-24,0.0
comp_10,0.75,randherm_03,2.43709998025126e-08,2.437099980251258e-08,2.437099980251259e-08,2.4370999802512594e-08,1.9852334701272664e-23,3.308722450212111e-24
comp_10,0.75,randherm_04,4.4214972738904566e-08,4.421497273890454e-08,4.421497273890456e-08,4.421497273890455e-08,2.6469779601696886e-23,6.617444900424222e-24
comp_10,0.75,randherm_05,3.583375642891588e-09,3.583375642891588e-09,3.5833756428915865e-09,3.58337564289159e-09,0.0,3.308722450212111e-24
comp_10,1.0,II,0.0,0.0,0.0,0.0,0.0,0.0
comp_10,1.0,IX,0.0,0.0,0.0,0.0,0.0,0.0
comp_10,1.0,IY,0.0,0.0,0.0,0.0,0.0,0.0
comp_10,1.0,IZ,0.0,0.0,0.0,0.0,0.0,0.0
comp_10,1.0,XI,0.0,0.0,0.0,0.0,0.0,0.0
comp_10,1.0,XX,0.0,0.0,0.0,0.0,0.0,0.0
comp_10,1.0,XY,0.0,0.0,0.0,0.0,0.0,0.0
comp_10,1.0,XZ,0.0,0.0,0.0,0.0,0.0,0.0
comp_10,1.0,YI,0.0,0.0,0.0,0.0,0.0,0.0
comp_10,1.0,YX,0.0,0.0,0.0,0.0,0.0,0.0
comp_10,1.0,YY,0.0,0.0,0.0,0.0,0.0,0.0
comp_10,1.0,YZ,0.0,0.0,0.0,0.0,0.0,0.0
comp_10,1.0,ZI,0.0,0.0,0.0,0.0,0.0,0.0
comp_10,1.0,ZX,0.0,0.0,0.0,0.0,0.0,0.0
comp_10,1.0,ZY,0.0,0.0,0.0,0.0,0.0,0.0
comp_10,1.0,ZZ,0.0,0.0,0.0,0.0,0.0,0.0
comp_10,1.0,randherm_00,0.0,0.0,0.0,0.0,0.0,0.0
comp_10,1.0,randherm_01,0.0,0.0,0.0,0.0,0.0,0.0
comp_10,1.0,randherm_02,0.0,0.0,0.0,0.0,0.0,0.0
comp_10,1.0,randherm_03,0.0,0.0,0.0,0.0,0.0,0.0
comp_10,1.0,randherm_04,0.0,0.0,0.0,0.0,0.0,0.0
comp_10,1.0,randherm_05,0.0,0.0,0.0,0.0,0.0,0.0
comp_11,0.0,II,0.9999999999999992,0.9999999999999991,0.9999999999999993,0.9999999999999993,1.1102230246251565e-16,0.0
comp_11,0.0,IX,0.0,0.0,0.0,0.0,0.0,0.0
comp_11,0.0,IY,0.0,0.0,0.0,0.0,0.0,0.0
comp_11,0.0,IZ,-0.9999999999999992,-0.9999999999999991,-0.9999999999999993,-0.9999999999999993,1.1102230246251565e-16,0.0
comp_11,0.0,XI,0.0,0.0,0.0,0.0,0.0,0.0
comp_11,0.0,XX,0.0,0.0,0.0,0.0,0.0,0.0
comp_11,0.0,XY,0.0,0.0,0.0,0.0,0.0,0.0
comp_11,0.0,XZ,0.0,0.0,0.0,0.0,0.0,0.0
comp_11,0.0,YI,0.0,0.0,0.0,0.0,0.0,0.0
comp_11,0.0,YX,0.0,0.0,0.0,0.0,0.0,0.0
comp_11,0.0,YY,0.0,0.0,0.0,0.0,0.0,0.0
comp_11,0.0,YZ,0.0,0.0,0.0,0.0,0.0,0.0
comp_11,0.0,ZI,-0.9999999999999992,-0.9999999999999991,-0.9999999999999993,-0.9999999999999993,1.1102230246251565e-16,0.0
comp_11,0.0,ZX,0.0,0.0,0.0,0.0,0.0,0.0
comp_11,0.0,ZY,0.0,0.0,0.0,0.0,0.0,0.0
comp_11,0.0,ZZ,0.9999999999999992,0.9999999999999991,0.9999999999999993,0.9999999999999993,1.1102230246251565e-16,0.0
comp_11,0.0,randherm_00,-0.21957262052587184,-0.21957262052587181,-0.21957262052587187,-0.21957262052587187,2.7755575615628914e-17,0.0
comp_11,0.0,randherm_01,-0.16287523493737266,-0.16287523493737266,-0.1628752349373727,-0.1628752349373727,0.0,0.0
comp_11,0.0,randherm_02,-0.0962229323765623,-0.09622293237656229,-0.0962229323765623,-0.0962229323765623,1.3877787807814457e-17,0.0
comp_11,0.0,randherm_03,-0.2426032304498265,-0.24260323044982648,-0.24260323044982654,-0.24260323044982654,2.7755575615628914e-17,0.0
comp_11,0.0,randherm_04,0.28578070179378623,0.2857807017937862,0.2857807017937863,0.2857807017937863,5.551115123125783e-17,0.0
comp_11,0.0,randherm_05,0.008740877209737225,0.008740877209737225,0.008740877209737227,0.008740877209737227,0.0,0.0
comp_11,1e-06,II,0.9999880000669983,0.9999880000669983,0.9999880000669988,0.9999880000669987,0.0,1.1102230246251565e-16
comp_11,1e-06,IX,0.0,0.0,0.0,0.0,0.0,0.0
comp_11,1e-06,IY,0.0,0.0,0.0,0.0,0.0,0.0
comp_11,1e-06,IZ,-0.9999862500882482,-0.999986250088248,-0.9999862500882487,-0.9999862500882487,1.1102230246251565e-16,0.0
comp_11,1e-06,XI,0.0,0.0,0.0,0.0,0.0,0.0
comp_11,1e-06,XX,0.0,0.0,0.0,0.0,0.0,0.0
comp_11,1e-06,XY,0.0,0.0,0.0,0.0,0.0,0.0
comp_11,1e-06,XZ,0.0,0.0,0.0,0.0,0.0,0.0
comp_11,1e-06,YI,0.0,0.0,0.0,0.0,0.0,0.0
comp_11,1e-06,YX,0.0,0.0,0.0,0.0,0.0,0.0
comp_11,1e-06,YY,0.0,0.0,0.0,0.0,0.0,0.0
comp_11,1e-06,YZ,0.0,0.0,0.0,0.0,0.0,0.0
comp_11,1e-06,ZI,-0.999986250088248,-0.9999862500882479,-0.9999862500882485,-0.9999862500882484,1.1102230246251565e-16,1.1102230246251565e-16
comp_11,1e-06,ZX,0.0,0.0,0.0,0.0,0.0,0.0
comp_11,1e-06,ZY,0.0,0.0,0.0,0.0,0.0,0.0
comp_11,1e-06,ZZ,0.9999845001124978,0.9999845001124977,0.9999845001124984,0.9999845001124984,1.1102230246251565e-16,0.0
comp_11,1e-06,randherm_00,-0.219569998994386,-0.219569998994386,-0.2195699989943861,-0.21956999899438606,0.0,2.7755575615628914e-17
comp_11,1e-06,randherm_01,-0.16287272809622827,-0.16287272809622824,-0.16287272809622833,-0.16287272809622833,2.7755575615628914e-17,0.0
comp_11,1e-06,randherm_02,-0.09622175026511422,-0.0962217502651142,-0.09622175026511427,-0.09622175026511429,1.3877787807814457e-17,1.3877787807814457e-17
comp_11,1e-06,randherm_03,-0.24259920299733556,-0.2425992029973355,-0.2425992029973357,-0.2425992029973357,5.551115123125783e-17,0.0
comp_11,1e-06,randherm_04,0.2857774521670532,0.2857774521670532,0.2857774521670534,0.2857774521670534,0.0,0.0
comp_11,1e-06,randherm_05,0.008740952461627625,0.008740952461627623,0.00874095246162767,0.00874095246162767,1.734723475976807e-18,0.0
comp_11,0.0001,II,0.9988006697690545,0.9988006697690546,0.9988006697690546,0.9988006697690547,1.1102230246251565e-16,1.1102230246251565e-16
comp_11,0.0001,IX,0.0,0.0,0.0,0.0,0.0,0.0
comp_11,0.0001,IY,0.0,0.0,0.0,0.0,0.0,0.0
comp_11,0.0001,IZ,-0.9986258821492211,-0.9986258821492212,-0.9986258821492211,-0.9986258821492213,1.1102230246251565e-16,2.220446049250313e-16
comp_11,0.0001,XI,0.0,0.0,0.0,0.0,0.0,0.0
comp_11,0.0001,XX,0.0,0.0,0.0,0.0,0.0,0.0
comp_11,0.0001,XY,0.0,0.0,0.0,0.0,0.0,0.0
comp_11,0.0001,XZ,0.0,0.0,0.0,0.0,0.0,0.0
comp_11,0.0001,YI,0.0,0.0,0.0,0.0,0.0,0.0
comp_11,0.0001,YX,0.0,0.0,0.0,0.0,0.0,0.0
comp_11,0.0001,YY,0.0,0.0,0.0,0.0,0.0,0.0
comp_11,0.0001,YZ,0.0,0.0,0.0,0.0,0.0,0.0
comp_11,0.0001,ZI,-0.9986258821492212,-0.9986258821492213,-0.9986258821492211,-0.9986258821492212,1.1102230246251565e-16,1.1102230246251565e-16
comp_11,0.0001,ZX,0.0,0.0,0.0,0.0,0.0,0.0
comp_11,0.0001,ZY,0.0,0.0,0.0,0.0,0.0,0.0
comp_11,0.0001,ZZ,0.9984511244926586,0.9984511244926587,0.9984511244926586,0.9984511244926586,1.1102230246251565e-16,0.0
comp_11,0.0001,randherm_00,-0.2193106102799977,-0.2193106102799977,-0.21931061027999768,-0.2193106102799977,0.0,2.7755575615628914e-17
comp_11,0.0001,randherm_01,-0.1626247283929853,-0.1626247283929853,-0.16262472839298528,-0.1626247283929853,0.0,2.7755575615628914e-17
comp_11,0.0001,randherm_02,-0.09610478541719965,-0.09610478541719966,-0.09610478541719965,-0.09610478541719968,1.3877787807814457e-17,2.7755575615628914e-17
comp_11,0.0001,randherm_03,-0.2422007894636623,-0.24220078946366236,-0.24220078946366233,-0.24220078946366233,5.551115123125783e-17,0.0
comp_11,0.0001,randherm_04,0.28545590050610425,0.28545590050610425,0.28545590050610425,0.28545590050610437,0.0,1.1102230246251565e-16
comp_11,0.0001,randherm_05,0.008748384136433881,0.008748384136433883,0.008748384136433895,0.008748384136433902,1.734723475976807e-18,6.938893903907228e-18
comp_11,0.001,II,0.988066769549291,0.9880667695492907,0.9880667695492911,0.9880667695492908,2.220446049250313e-16,2.220446049250313e-16
comp_11,0.001,IX,0.0,0.0,0.0,0.0,0.0,0.0
comp_11,0.001,IY,0.0,0.0,0.0,0.0,0.0,0.0
comp_11,0.001,IZ,-0.986337900090044,-0.9863379000900439,-0.9863379000900439,-0.9863379000900439,1.1102230246251565e-16,0.0
comp_11,0.001,XI,0.0,0.0,0.0,0.0,0.0,0.0
comp_11,0.001,XX,0.0,0.0,0.0,0.0,0.0,0.0
comp_11,0.001,XY,0.0,0.0,0.0,0.0,0.0,0.0
comp_11,0.001,XZ,0.0,0.0,0.0,0.0,0.0,0.0
comp_11,0.001,YI,0.0,0.0,0.0,0.0,0.0,0.0
comp_11,0.001,YX,0.0,0.0,0.0,0.0,0.0,0.0
comp_11,0.001,YY,0.0,0.0,0.0,0.0,0.0,0.0
comp_11,0.001,YZ,0.0,0.0,0.0,0.0,0.0,0.0
comp_11,0.001,ZI,-0.9863379000900444,-0.9863379000900442,-0.9863379000900443,-0.9863379000900443,2.220446049250313e-16,0.0
comp_11,0.001,ZX,0.0,0.0,0.0,0.0,0.0,0.0
comp_11,0.001,ZY,0.0,0.0,0.0,0.0,0.0,0.0
comp_11,0.001,ZZ,0.9846119940888202,0.98461199408882,0.9846119940888202,0.98461199408882,1.1102230246251565e-16,1.1102230246251565e-16
comp_11,0.001,randherm_00,-0.21696546575867448,-0.21696546575867448,-0.21696546575867448,-0.21696546575867448,0.0,0.0
comp_11,0.001,randherm_01,-0.16038624104393243,-0.1603862410439324,-0.16038624104393245,-0.1603862410439324,2.7755575615628914e-17,5.551115123125783e-17
comp_11,0.001,randherm_02,-0.09504727943259517,-0.09504727943259514,-0.09504727943259515,-0.09504727943259517,2.7755575615628914e-17,1.3877787807814457e-17
comp_11,0.001,randherm_03,-0.2386063518312202,-0.23860635183122014,-0.2386063518312202,-0.23860635183122014,5.551115123125783e-17,5.551115123125783e-17
comp_11,0.001,randherm_04,0.282547319373191,0.282547319373191,0.28254731937319105,0.282547319373191,0.0,5.551115123125783e-17
comp_11,0.001,randherm_05,0.008814298178394075,0.008814298178394082,0.00881429817839408,0.00881429817839408,6.938893903907228e-18,0.0
comp_11,0.005,II,0.9416464659274811,0.9416464659274811,0.941646465927481,0.9416464659274811,0.0,1.1102230246251565e-16
comp_11,0.005,IX,0.0,0.0,0.0,0.0,0.0,0.0
comp_11,0.005,IY,0.0,0.0,0.0,0.0,0.0,0.0
comp_11,0.005,IZ,-0.9334129889280209,-0.9334129889280209,-0.9334129889280212,-0.9334129889280209,0.0,2.220446049250313e-16
comp_11,0.005,XI,0.0,0.0,0.0,0.0,0.0,0.0
comp_11,0.005,XX,0.0,0.0,0.0,0.0,0.0,0.0
comp_11,0.005,XY,0.0,0.0,0.0,0.0,0.0,0.0
comp_11,0.005,XZ,0.0,0.0,0.0,0.0,0.0,0.0
comp_11,0.005,YI,0.0,0.0,0.0,0.0,0.0,0.0
comp_11,0.005,YX,0.0,0.0,0.0,0.0,0.0,0.0
comp_11,0.005,YY,0.0,0.0,0.0,0.0,0.0,0.0
comp_11,0.005,YZ,0.0,0.0,0.0,0.0,0.0,0.0
comp_11,0.005,ZI,-0.9334129889280214,-0.9334129889280214,-0.9334129889280214,-0.9334129889280214,0.0,0.0
comp_11,0.005,ZX,0.0,0.0,0.0,0.0,0.0,0.0
comp_11,0.005,ZY,0.0,0.0,0.0,0.0,0.0,0.0
comp_11,0.005,ZZ,0.9252500463962814,0.9252500463962814,0.9252500463962813,0.9252500463962815,0.0,2.220446049250313e-16
comp_11,0.005,randherm_00,-0.20681988925784373,-0.20681988925784373,-0.20681988925784367,-0.20681988925784373,0.0,5.551115123125783e-17
comp_11,0.005,randherm_01,-0.150779770279885,-0.150779770279885,-0.15077977027988504,-0.15077977027988498,0.0,5.551115123125783e-17
comp_11,0.005,randherm_02,-0.09047194102004052,-0.09047194102004052,-0.09047194102004052,-0.09047194102004052,0.0,0.0
comp_11,0.005,randherm_03,-0.2232168040777719,-0.2232168040777719,-0.22321680407777192,-0.22321680407777186,0.0,5.551115123125783e-17
comp_11,0.005,randherm_04,0.2699344797320964,0.2699344797320964,0.2699344797320964,0.2699344797320964,0.0,0.0
comp_11,0.005,randherm_05,0.009072625336606095,0.009072625336606095,0.009072625336606091,0.009072625336606095,0.0,3.469446951953614e-18
comp_11,0.01,II,0.8864744078025092,0.8864744078025093,0.8864744078025092,0.8864744078025093,1.1102230246251565e-16,1.1102230246251565e-16
comp_11,0.01,IX,0.0,0.0,0.0,0.0,0.0,0.0
comp_11,0.01,IY,0.0,0.0,0.0,0.0,0.0,0.0
comp_11,0.01,IZ,-0.8709836021757336,-0.8709836021757337,-0.8709836021757336,-0.8709836021757338,1.1102230246251565e-16,2.220446049250313e-16
comp_11,0.01,XI,0.0,0.0,0.0,0.0,0.0,0.0
comp_11,0.01,XX,0.0,0.0,0.0,0.0,0.0,0.0
comp_11,0.01,XY,0.0,0.0,0.0,0.0,0.0,0.0
comp_11,0.01,XZ,0.0,0.0,0.0,0.0,0.0,0.0
comp_11,0.01,YI,0.0,0.0,0.0,0.0,0.0,0.0
comp_11,0.01,YX,0.0,0.0,0.0,0.0,0.0,0.0
comp_11,0.01,YY,0.0,0.0,0.0,0.0,0.0,0.0
comp_11,0.01,YZ,0.0,0.0,0.0,0.0,0.0,0.0
comp_11,0.01,ZI,-0.8709836021757335,-0.8709836021757336,-0.8709836021757336,-0.8709836021757336,1.1102230246251565e-16,0.0
comp_11,0.01,ZX,0.0,0.0,0.0,0.0,0.0,0.0
comp_11,0.01,ZY,0.0,0.0,0.0,0.0,0.0,0.0
comp_11,0.01,ZZ,0.855758062868081,0.8557580628680811,0.8557580628680811,0.8557580628680811,1.1102230246251565e-16,0.0
comp_11,0.01,randherm_00,-0.19475373417976072,-0.19475373417976072,-0.19475373417976072,-0.19475373417976072,0.0,0.0
comp_11,0.01,randherm_01,-0.13952402976316727,-0.1395240297631673,-0.13952402976316727,-0.1395240297631673,2.7755575615628914e-17,2.7755575615628914e-17
comp_11,0.01,randherm_02,-0.08503018690071246,-0.08503018690071247,-0.08503018690071244,-0.08503018690071246,1.3877787807814457e-17,1.3877787807814457e-17
comp_11,0.01,randherm_03,-0.20526374261943664,-0.2052637426194367,-0.2052637426194367,-0.2052637426194367,5.551115123125783e-17,0.0
comp_11,0.01,randherm_04,0.2548699400607349,0.25486994006073493,0.2548699400607349,0.25486994006073493,5.551115123125783e-17,5.551115123125783e-17
comp_11,0.01,randherm_05,0.00932158848015147,0.00932158848015147,0.009321588480151468,0.009321588480151462,0.0,5.204170427930421e-18
comp_11,0.02,II,0.7850370489580114,0.7850370489580115,0.7850370489580114,0.7850370489580115,1.1102230246251565e-16,1.1102230246251565e-16
comp_11,0.02,IX,0.0,0.0,0.0,0.0,0.0,0.0
comp_11,0.02,IY,0.0,0.0,0.0,0.0,0.0,0.0
comp_11,0.02,IZ,-0.7576416426157775,-0.7576416426157776,-0.7576416426157775,-0.7576416426157776,1.1102230246251565e-16,1.1102230246251565e-16
comp_11,0.02,XI,0.0,0.0,0.0,0.0,0.0,0.0
comp_11,0.02,XX,0.0,0.0,0.0,0.0,0.0,0.0
comp_11,0.02,XY,0.0,0.0,0.0,0.0,0.0,0.0
comp_11,0.02,XZ,0.0,0.0,0.0,0.0,0.0,0.0
comp_11,0.02,YI,0.0,0.0,0.0,0.0,0.0,0.0
comp_11,0.02,YX,0.0,0.0,0.0,0.0,0.0,0.0
comp_11,0.02,YY,0.0,0.0,0.0,0.0,0.0,0.0
comp_11,0.02,YZ,0.0,0.0,0.0,0.0,0.0,0.0
comp_11,0.02,ZI,-0.7576416426157774,-0.7576416426157774,-0.7576416426157774,-0.7576416426157774,0.0,0.0
comp_11,0.02,ZX,0.0,0.0,0.0,0.0,0.0,0.0
comp_11,0.02,ZY,0.0,0.0,0.0,0.0,0.0,0.0
comp_11,0.02,ZZ,0.7311834116189491,0.7311834116189492,0.7311834116189488,0.7311834116189492,1.1102230246251565e-16,3.3306690738754696e-16
comp_11,0.02,randherm_00,-0.17254686882259043,-0.17254686882259046,-0.17254686882259046,-0.17254686882259046,2.7755575615628914e-17,0.0
comp_11,0.02,randherm_01,-0.11931761393888153,-0.11931761393888156,-0.11931761393888156,-0.11931761393888154,2.7755575615628914e-17,1.3877787807814457e-17
comp_11,0.02,randherm_02,-0.07501689511483613,-0.07501689511483614,-0.07501689511483611,-0.07501689511483614,1.3877787807814457e-17,2.7755575615628914e-17
comp_11,0.02,randherm_03,-0.17327170151451024,-0.17327170151451027,-0.17327170151451018,-0.17327170151451032,2.7755575615628914e-17,1.3877787807814457e-16
comp_11,0.02,randherm_04,0.22695616709227137,0.2269561670922714,0.22695616709227137,0.22695616709227143,2.7755575615628914e-17,5.551115123125783e-17
comp_11,0.02,randherm_05,0.009605698686848366,0.00960569868684838,0.009605698686848373,0.009605698686848383,1.3877787807814457e-17,1.0408340855860843e-17
comp_11,0.05,II,0.5417830234197947,0.5417830234197945,0.5417830234197948,0.5417830234197945,2.220446049250313e-16,3.3306690738754696e-16
comp_11,0.05,IX,0.0,0.0,0.0,0.0,0.0,0.0
comp_11,0.05,IY,0.0,0.0,0.0,0.0,0.0,0.0
comp_11,0.05,IZ,-0.4947418758869918,-0.4947418758869917,-0.4947418758869919,-0.4947418758869919,1.1102230246251565e-16,0.0
comp_11,0.05,XI,0.0,0.0,0.0,0.0,0.0,0.0
comp_11,0.05,XX,0.0,0.0,0.0,0.0,0.0,0.0
comp_11,0.05,XY,0.0,0.0,0.0,0.0,0.0,0.0
comp_11,0.05,XZ,0.0,0.0,0.0,0.0,0.0,0.0
comp_11,0.05,YI,0.0,0.0,0.0,0.0,0.0,0.0
comp_11,0.05,YX,0.0,0.0,0.0,0.0,0.0,0.0
comp_11,0.05,YY,0.0,0.0,0.0,0.0,0.0,0.0
comp_11,0.05,YZ,0.0,0.0,0.0,0.0,0.0,0.0
comp_11,0.05,ZI,-0.494741875886992,-0.49474187588699187,-0.49474187588699214,-0.49474187588699203,1.1102230246251565e-16,1.1102230246251565e-16
comp_11,0.05,ZX,0.0,0.0,0.0,0.0,0.0,0.0
comp_11,0.05,ZY,0.0,0.0,0.0,0.0,0.0,0.0
comp_11,0.05,ZZ,0.4517089494057588,0.4517089494057587,0.45170894940575895,0.45170894940575895,1.1102230246251565e-16,0.0
comp_11,0.05,randherm_00,-0.11917188580345515,-0.11917188580345514,-0.11917188580345525,-0.11917188580345514,1.3877787807814457e-17,1.1102230246251565e-16
comp_11,0.05,randherm_01,-0.07382898052493612,-0.07382898052493611,-0.07382898052493618,-0.07382898052493615,1.3877787807814457e-17,2.7755575615628914e-17
comp_11,0.05,randherm_02,-0.05100050156425394,-0.05100050156425393,-0.05100050156425394,-0.05100050156425394,6.938893903907228e-18,0.0
comp_11,0.05,randherm_03,-0.10268797463307716,-0.10268797463307713,-0.1026879746330772,-0.10268797463307723,2.7755575615628914e-17,2.7755575615628914e-17
comp_11,0.05,randherm_04,0.15878213954312587,0.15878213954312584,0.1587821395431259,0.1587821395431258,2.7755575615628914e-17,8.326672684688674e-17
comp_11,0.05,randherm_05,0.009251788680556615,0.009251788680556613,0.009251788680556592,0.009251788680556618,1.734723475976807e-18,2.6020852139652106e-17
comp_11,0.1,II,0.2855763594029022,0.2855763594029022,0.28557635940290244,0.2855763594029024,0.0,5.551115123125783e-17
comp_11,0.1,IX,0.0,0.0,0.0,0.0,0.0,0.0
comp_11,0.1,IY,0.0,0.0,0.0,0.0,0.0,0.0
comp_11,0.1,IZ,-0.23642882572665688,-0.23642882572665688,-0.23642882572665702,-0.236428825726657,0.0,2.7755575615628914e-17
comp_11,0.1,XI,0.0,0.0,0.0,0.0,0.0,0.0
comp_11,0.1,XX,0.0,0.0,0.0,0.0,0.0,0.0
comp_11,0.1,XY,0.0,0.0,0.0,0.0,0.0,0.0
comp_11,0.1,XZ,0.0,0.0,0.0,0.0,0.0,0.0
comp_11,0.1,YI,0.0,0.0,0.0,0.0,0.0,0.0
comp_11,0.1,YX,0.0,0.0,0.0,0.0,0.0,0.0
comp_11,0.1,YY,0.0,0.0,0.0,0.0,0.0,0.0
comp_11,0.1,YZ,0.0,0.0,0.0,0.0,0.0,0.0
comp_11,0.1,ZI,-0.23642882572665697,-0.23642882572665697,-0.23642882572665697,-0.2364288257266569,0.0,5.551115123125783e-17
comp_11,0.1,ZX,0.0,0.0,0.0,0.0,0.0,0.0
comp_11,0.1,ZY,0.0,0.0,0.0,0.0,0.0,0.0
comp_11,0.1,ZZ,0.1955965754899164,0.1955965754899164,0.19559657548991638,0.19559657548991635,0.0,2.7755575615628914e-17
comp_11,0.1,randherm_00,-0.06277396307252488,-0.06277396307252488,-0.06277396307252489,-0.06277396307252488,0.0,1.3877787807814457e-17
comp_11,0.1,randherm_01,-0.03190038984518801,-0.03190038984518801,-0.03190038984518801,-0.031900389845188004,0.0,6.938893903907228e-18
comp_11,0.1,randherm_02,-0.025891384537251698,-0.025891384537251698,-0.025891384537251726,-0.025891384537251722,0.0,3.469446951953614e-18
comp_11,0.1,randherm_03,-0.04053646245179894,-0.04053646245179894,-0.04053646245179895,-0.04053646245179893,0.0,2.0816681711721685e-17
comp_11,0.1,randherm_04,0.08483379648521455,0.08483379648521455,0.08483379648521464,0.08483379648521464,0.0,0.0
comp_11,0.1,randherm_05,0.006878556622068703,0.006878556622068705,0.006878556622068735,0.006878556622068737,1.734723475976807e-18,1.734723475976807e-18
comp_11,0.15,II,0.14603189703598757,0.14603189703598757,0.1460318970359876,0.14603189703598757,0.0,2.7755575615628914e-17
comp_11,0.15,IX,0.0,0.0,0.0,0.0,0.0,0.0
comp_11,0.15,IY,0.0,0.0,0.0,0.0,0.0,0.0
comp_11,0.15,IZ,-0.10872382058350616,-0.10872382058350616,-0.10872382058350616,-0.10872382058350617,0.0,1.3877787807814457e-17
comp_11,0.15,XI,0.0,0.0,0.0,0.0,0.0,0.0
comp_11,0.15,XX,0.0,0.0,0.0,0.0,0.0,0.0
comp_11,0.15,XY,0.0,0.0,0.0,0.0,0.0,0.0
comp_11,0.15,XZ,0.0,0.0,0.0,0.0,0.0,0.0
comp_11,0.15,YI,0.0,0.0,0.0,0.0,0.0,0.0
comp_11,0.15,YX,0.0,0.0,0.0,0.0,0.0,0.0
comp_11,0.15,YY,0.0,0.0,0.0,0.0,0.0,0.0
comp_11,0.15,YZ,0.0,0.0,0.0,0.0,0.0,0.0
comp_11,0.15,ZI,-0.10872382058350616,-0.10872382058350614,-0.10872382058350617,-0.10872382058350616,1.3877787807814457e-17,1.3877787807814457e-17
comp_11,0.15,ZX,0.0,0.0,0.0,0.0,0.0,0.0
comp_11,0.15,ZY,0.0,0.0,0.0,0.0,0.0,0.0
comp_11,0.15,ZZ,0.08080265266865773,0.08080265266865772,0.08080265266865774,0.08080265266865776,1.3877787807814457e-17,1.3877787807814457e-17
comp_11,0.15,randherm_00,-0.03200435747788179,-0.03200435747788179,-0.0320043574778818,-0.03200435747788179,0.0,1.3877787807814457e-17
comp_11,0.15,randherm_01,-0.01302490327411309,-0.013024903274113087,-0.013024903274113092,-0.013024903274113092,3.469446951953614e-18,0.0
comp_11,0.15,randherm_02,-0.012544391167180386,-0.012544391167180383,-0.012544391167180384,-0.012544391167180383,3.469446951953614e-18,1.734723475976807e-18
comp_11,0.15,randherm_03,-0.01456991521687244,-0.014569915216872432,-0.014569915216872438,-0.014569915216872443,6.938893903907228e-18,5.204170427930421e-18
comp_11,0.15,randherm_04,0.04350345872746256,0.04350345872746256,0.043503458727462564,0.04350345872746257,0.0,6.938893903907228e-18
comp_11,0.15,randherm_05,0.00435283741134533,0.004352837411345329,0.004352837411345325,0.004352837411345329,8.673617379884035e-19,4.336808689942018e-18
comp_11,0.2,II,0.07219840024575996,0.07219840024575994,0.07219840024576003,0.07219840024576005,2.7755575615628914e-17,1.3877787807814457e-17
comp_11,0.2,IX,0.0,0.0,0.0,0.0,0.0,0.0
comp_11,0.2,IY,0.0,0.0,0.0,0.0,0.0,0.0
comp_11,0.2,IZ,-0.04789747528499196,-0.04789747528499196,-0.047897475284992025,-0.04789747528499204,0.0,1.3877787807814457e-17
comp_11,0.2,XI,0.0,0.0,0.0,0.0,0.0,0.0
comp_11,0.2,XX,0.0,0.0,0.0,0.0,0.0,0.0
comp_11,0.2,XY,0.0,0.0,0.0,0.0,0.0,0.0
comp_11,0.2,XZ,0.0,0.0,0.0,0.0,0.0,0.0
comp_11,0.2,YI,0.0,0.0,0.0,0.0,0.0,0.0
comp_11,0.2,YX,0.0,0.0,0.0,0.0,0.0,0.0
comp_11,0.2,YY,0.0,0.0,0.0,0.0,0.0,0.0
comp_11,0.2,YZ,0.0,0.0,0.0,0.0,0.0,0.0
comp_11,0.2,ZI,-0.04789747528499196,-0.047897475284991956,-0.047897475284992004,-0.04789747528499201,6.938893903907228e-18,6.938893903907228e-18
comp_11,0.2,ZX,0.0,0.0,0.0,0.0,0.0,0.0
comp_11,0.2,ZY,0.0,0.0,0.0,0.0,0.0,0.0
comp_11,0.2,ZZ,0.03166593487994878,0.03166593487994877,0.03166593487994881,0.031665934879948815,6.938893903907228e-18,6.938893903907228e-18
comp_11,0.2,randherm_00,-0.015741829000242173,-0.015741829000242173,-0.01574182900024219,-0.01574182900024219,0.0,0.0
comp_11,0.2,randherm_01,-0.004962189898126113,-0.004962189898126112,-0.004962189898126117,-0.004962189898126117,8.673617379884035e-19,0.0
comp_11,0.2,randherm_02,-0.005773322693178238,-0.005773322693178238,-0.005773322693178246,-0.005773322693178245,0.0,8.673617379884035e-19
comp_11,0.2,randherm_03,-0.004541793252572112,-0.004541793252572113,-0.0045417932525721166,-0.0045417932525721166,8.673617379884035e-19,0.0
comp_11,0.2,randherm_04,0.021356736149778524,0.021356736149778517,0.02135673614977855,0.021356736149778545,6.938893903907228e-18,3.469446951953614e-18
comp_11,0.2,randherm_05,0.0024757626261119603,0.0024757626261119616,0.002475762626111967,0.0024757626261119655,1.3010426069826053e-18,1.3010426069826053e-18
comp_11,0.3,II,0.015678082507622475,0.015678082507622475,0.01567808250762247,0.015678082507622475,0.0,3.469446951953614e-18
comp_11,0.3,IX,0.0,0.0,0.0,0.0,0.0,0.0
comp_11,0.3,IY,0.0,0.0,0.0,0.0,0.0,0.0
comp_11,0.3,IZ,-0.007991613197677362,-0.007991613197677362,-0.00799161319767736,-0.007991613197677362,0.0,1.734723475976807e-18
comp_11,0.3,XI,0.0,0.0,0.0,0.0,0.0,0.0
comp_11,0.3,XX,0.0,0.0,0.0,0.0,0.0,0.0
comp_11,0.3,XY,0.0,0.0,0.0,0.0,0.0,0.0
comp_11,0.3,XZ,0.0,0.0,0.0,0.0,0.0,0.0
comp_11,0.3,YI,0.0,0.0,0.0,0.0,0.0,0.0
comp_11,0.3,YX,0.0,0.0,0.0,0.0,0.0,0.0
comp_11,0.3,YY,0.0,0.0,0.0,0.0,0.0,0.0
comp_11,0.3,YZ,0.0,0.0,0.0,0.0,0.0,0.0
comp_11,0.3,ZI,-0.007991613197677362,-0.007991613197677362,-0.007991613197677364,-0.007991613197677364,0.0,0.0
comp_11,0.3,ZX,0.0,0.0,0.0,0.0,0.0,0.0
comp_11,0.3,ZY,0.0,0.0,0.0,0.0,0.0,0.0
comp_11,0.3,ZZ,0.004035427283451543,0.004035427283451542,0.004035427283451541,0.004035427283451543,8.673617379884035e-19,1.734723475976807e-18
comp_11,0.3,randherm_00,-0.00336417118958804,-0.00336417118958804,-0.00336417118958804,-0.00336417118958804,0.0,0.0
comp_11,0.3,randherm_01,-0.0005310469655596248,-0.0005310469655596247,-0.0005310469655596251,-0.000531046965559625,1.0842021724855044e-19,1.0842021724855044e-19
comp_11,0.3,randherm_02,-0.0010215893019892945,-0.0010215893019892945,-0.0010215893019892943,-0.001021589301989294,0.0,2.168404344971009e-19
comp_11,0.3,randherm_03,-6.87274403060338e-05,-6.872744030603353e-05,-6.872744030603356e-05,-6.872744030603353e-05,2.710505431213761e-19,2.710505431213761e-20
comp_11,0.3,randherm_04,0.004450796088097248,0.004450796088097248,0.004450796088097248,0.004450796088097248,0.0,0.0
comp_11,0.3,randherm_05,0.0006246399039386205,0.0006246399039386205,0.0006246399039386202,0.0006246399039386202,0.0,0.0
comp_11,0.5,II,0.0003814697265624997,0.0003814697265624997,0.0003814697265624998,0.0003814697265624998,0.0,0.0
comp_11,0.5,IX,0.0,0.0,0.0,0.0,0.0,0.0
comp_11,0.5,IY,0.0,0.0,0.0,0.0,0.0,0.0
comp_11,0.5,IZ,-9.536743164062489e-05,-9.536743164062489e-05,-9.536743164062497e-05,-9.536743164062497e-05,0.0,0.0
comp_11,0.5,XI,0.0,0.0,0.0,0.0,0.0,0.0
comp_11,0.5,XX,0.0,0.0,0.0,0.0,0.0,0.0
comp_11,0.5,XY,0.0,0.0,0.0,0.0,0.0,0.0
comp_11,0.5,XZ,0.0,0.0,0.0,0.0,0.0,0.0
comp_11,0.5,YI,0.0,0.0,0.0,0.0,0.0,0.0
comp_11,0.5,YX,0.0,0.0,0.0,0.0,0.0,0.0
comp_11,0.5,YY,0.0,0.0,0.0,0.0,0.0,0.0
comp_11,0.5,YZ,0.0,0.0,0.0,0.0,0.0,0.0
comp_11,0.5,ZI,-9.536743164062489e-05,-9.536743164062489e-05,-9.536743164062493e-05,-9.536743164062495e-05,0.0,1.3552527156068805e-20
comp_11,0.5,ZX,0.0,0.0,0.0,0.0,0.0,0.0
comp_11,0.5,ZY,0.0,0.0,0.0,0.0,0.0,0.0
comp_11,0.5,ZZ,2.2888183593749973e-05,2.2888183593749973e-05,2.288818359375e-05,2.288818359375e-05,0.0,0.0
comp_11,0.5,randherm_00,-7.810265205594208e-05,-7.810265205594207e-05,-7.81026520559421e-05,-7.810265205594208e-05,1.3552527156068805e-20,1.3552527156068805e-20
comp_11,0.5,randherm_01,5.059630097816727e-06,5.059630097816725e-06,5.059630097816724e-06,5.059630097816724e-06,1.6940658945086007e-21,0.0
comp_11,0.5,randherm_02,-1.1233112486415973e-05,-1.1233112486415973e-05,-1.1233112486415977e-05,-1.123311248641598e-05,0.0,3.3881317890172014e-21
comp_11,0.5,randherm_03,2.3056469465678372e-05,2.3056469465678376e-05,2.3056469465678366e-05,2.3056469465678366e-05,3.3881317890172014e-21,0.0
comp_11,0.5,randherm_04,9.149188906441601e-05,9.149188906441601e-05,9.149188906441604e-05,9.149188906441604e-05,0.0,0.0
comp_11,0.5,randherm_05,1.5396877828270888e-05,1.539687782827089e-05,1.5396877828270895e-05,1.5396877828270912e-05,3.3881317890172014e-21,1.6940658945086007e-20
comp_11,0.75,II,2.691522240638731e-07,2.6915222406387297e-07,2.691522240638731e-07,2.691522240638731e-07,1.0587911840678754e-22,0.0
comp_11,0.75,IX,0.0,0.0,0.0,0.0,0.0,0.0
comp_11,0.75,IY,0.0,0.0,0.0,0.0,0.0,0.0
comp_11,0.75,IZ,-1.385342329740523e-08,-1.385342329740523e-08,-1.3853423297405236e-08,-1.3853423297405243e-08,0.0,6.617444900424222e-24
comp_11,0.75,XI,0.0,0.0,0.0,0.0,0.0,0.0
comp_11,0.75,XX,0.0,0.0,0.0,0.0,0.0,0.0
comp_11,0.75,XY,0.0,0.0,0.0,0.0,0.0,0.0
comp_11,0.75,XZ,0.0,0.0,0.0,0.0,0.0,0.0
comp_11,0.75,YI,0.0,0.0,0.0,0.0,0.0,0.0
comp_11,0.75,YX,0.0,0.0,0.0,0.0,0.0,0.0
comp_11,0.75,YY,0.0,0.0,0.0,0.0,0.0,0.0
comp_11,0.75,YZ,0.0,0.0,0.0,0.0,0.0,0.0
comp_11,0.75,ZI,-1.3853423297405243e-08,-1.3853423297405243e-08,-1.3853423297405223e-08,-1.3853423297405216e-08,0.0,6.617444900424222e-24
comp_11,0.75,ZX,0.0,0.0,0.0,0.0,0.0,0.0
comp_11,0.75,ZY,0.0,0.0,0.0,0.0,0.0,0.0
comp_11,0.75,ZZ,5.820766091346873e-10,5.820766091346873e-10,5.820766091346691e-10,5.820766091346741e-10,0.0,4.963083675318166e-24
comp_11,0.75,randherm_00,-5.216430619699562e-08,-5.2164306196995605e-08,-5.216430619699562e-08,-5.2164306196995605e-08,1.3234889800848443e-23,1.3234889800848443e-23
comp_11,0.75,randherm_01,1.055777624074723e-08,1.055777624074722e-08,1.0557776240747229e-08,1.0557776240747229e-08,9.926167350636332e-24,0.0
comp_11,0.75,randherm_02,1.8818304066942656e-09,1.88183040669426e-09,1.881830406694262e-09,1.8818304066942577e-09,5.790264287871194e-24,4.1359030627651384e-24
comp_11,0.75,randherm_03,2.1762994380424492e-08,2.176299438042448e-08,2.1762994380424492e-08,2.1762994380424486e-08,1.3234889800848443e-23,6.617444900424222e-24
comp_11,0.75,randherm_04,4.999312024563383e-08,4.999312024563382e-08,4.999312024563383e-08,4.999312024563384e-08,1.3234889800848443e-23,6.617444900424222e-24
comp_11,0.75,randherm_05,8.93212868542419e-09,8.932128685424189e-09,8.93212868542419e-09,8.932128685424194e-09,1.6543612251060553e-24,3.308722450212111e-24
comp_11,1.0,II,0.0,0.0,0.0,0.0,0.0,0.0
comp_11,1.0,IX,0.0,0.0,0.0,0.0,0.0,0.0
comp_11,1.0,IY,0.0,0.0,0.0,0.0,0.0,0.0
comp_11,1.0,IZ,0.0,0.0,0.0,0.0,0.0,0.0
comp_11,1.0,XI,0.0,0.0,0.0,0.0,0.0,0.0
comp_11,1.0,XX,0.0,0.0,0.0,0.0,0.0,0.0
comp_11,1.0,XY,0.0,0.0,0.0,0.0,0.0,0.0
comp_11,1.0,XZ,0.0,0.0,0.0,0.0,0.0,0.0
comp_11,1.0,YI,0.0,0.0,0.0,0.0,0.0,0.0
comp_11,1.0,YX,0.0,0.0,0.0,0.0,0.0,0.0
comp_11,1.0,YY,0.0,0.0,0.0,0.0,0.0,0.0
comp_11,1.0,YZ,0.0,0.0,0.0,0.0,0.0,0.0
comp_11,1.0,ZI,0.0,0.0,0.0,0.0,0.0,0.0
comp_11,1.0,ZX,0.0,0.0,0.0,0.0,0.0,0.0
comp_11,1.0,ZY,0.0,0.0,0.0,0.0,0.0,0.0
comp_11,1.0,ZZ,0.0,0.0,0.0,0.0,0.0,0.0
comp_11,1.0,randherm_00,0.0,0.0,0.0,0.0,0.0,0.0
comp_11,1.0,randherm_01,0.0,0.0,0.0,0.0,0.0,0.0
comp_11,1.0,randherm_02,0.0,0.0,0.0,0.0,0.0,0.0
comp_11,1.0,randherm_03,0.0,0.0,0.0,0.0,0.0,0.0
comp_11,1.0,randherm_04,0.0,0.0,0.0,0.0,0.0,0.0
comp_11,1.0,randherm_05,0.0,0.0,0.0,0.0,0.0,0.0
