state,state_family,q,trace_T5,trace_T6,trace_abs_diff,T_frobenius_diff,T_max_entry_diff,denominator_safe,R_frobenius_diff
bell_Phi+,A_bell,0.0,0.9999999999999996,0.9999999999999996,0.0,8.856655156802588e-17,5.613951416400929e-17,1,8.856655156802589e-17
bell_Phi+,A_bell,1e-06,0.9999870000794986,0.9999870000794989,3.3306690738754696e-16,3.260541871072589e-16,1.6653345369377348e-16,1,2.3876391782395366e-16
bell_Phi+,A_bell,0.0001,0.9987007946970803,0.9987007946970805,2.220446049250313e-16,8.777083671441753e-17,5.551115123125783e-17,1,1.7988087187307214e-16
bell_Phi+,A_bell,0.001,0.9870791978016873,0.9870791978016873,0.0,8.82444577213903e-17,5.582496195114982e-17,1,8.848661792526528e-17
bell_Phi+,A_bell,0.005,0.9369501221779961,0.9369501221779966,4.440892098500626e-16,2.634654448000625e-16,1.1117703848694033e-16,1,2.308153760659735e-16
bell_Phi+,A_bell,0.01,0.8776548783289342,0.8776548783289346,4.440892098500626e-16,2.482534153247273e-16,1.6653345369377348e-16,1,3.877097266763161e-16
bell_Phi+,A_bell,0.02,0.7694996578280626,0.7694996578280626,0.0,3.925231146709438e-17,2.7755575615628914e-17,1,5.1518658800561366e-17
bell_Phi+,A_bell,0.05,0.5154404691462413,0.5154404691462415,2.220446049250313e-16,1.3018518929051675e-16,8.326672684688674e-17,1,3.3769295880959374e-16
bell_Phi+,A_bell,0.1,0.2587455534372074,0.2587455534372074,0.0,8.55762944849705e-17,5.551559695976857e-17,1,3.416989762011221e-16
bell_Phi+,A_bell,0.15,0.1262958532333438,0.1262958532333438,0.0,1.7034315873583635e-17,6.940107590735292e-18,1,1.3626839807528178e-16
bell_Phi+,A_bell,0.2,0.059828894433280023,0.05982889443328001,1.3877787807814457e-17,8.846135963473278e-18,6.938893903907228e-18,1,1.5266775980409355e-16
bell_Phi+,A_bell,0.3,0.012148554271367483,0.012148554271367483,0.0,1.865510613963094e-18,8.673791844247187e-19,1,1.638119120561859e-16
bell_Phi+,A_bell,0.5,0.0002899169921874999,0.0002899169921874999,0.0,1.2114450426601928e-21,8.566210046998488e-22,1,4.9459889322987504e-18
bell_Phi+,A_bell,0.75,2.4121254682540883e-07,2.412125468254089e-07,5.293955920339377e-23,2.646978605626516e-23,1.3234889800848443e-23,1,2.3027804481416357e-19
bell_Phi+,A_bell,1.0,0.0,0.0,0.0,0.0,0.0,0,
bell_Phi-,A_bell,0.0,0.9999999999999996,0.9999999999999996,0.0,8.856655156802588e-17,5.613951416400929e-17,1,8.856655156802589e-17
bell_Phi-,A_bell,1e-06,0.9999870000794986,0.9999870000794989,3.3306690738754696e-16,3.260541871072589e-16,1.6653345369377348e-16,1,2.3876391782395366e-16
bell_Phi-,A_bell,0.0001,0.9987007946970803,0.9987007946970805,2.220446049250313e-16,8.777083671441753e-17,5.551115123125783e-17,1,1.7988087187307214e-16
bell_Phi-,A_bell,0.001,0.9870791978016873,0.9870791978016873,0.0,8.82444577213903e-17,5.582496195114982e-17,1,8.848661792526528e-17
bell_Phi-,A_bell,0.005,0.9369501221779961,0.9369501221779966,4.440892098500626e-16,2.634654448000625e-16,1.1117703848694033e-16,1,2.308153760659735e-16
bell_Phi-,A_bell,0.01,0.8776548783289342,0.8776548783289346,4.440892098500626e-16,2.482534153247273e-16,1.6653345369377348e-16,1,3.877097266763161e-16
bell_Phi-,A_bell,0.02,0.7694996578280626,0.7694996578280626,0.0,3.925231146709438e-17,2.7755575615628914e-17,1,5.1518658800561366e-17
bell_Phi-,A_bell,0.05,0.5154404691462413,0.5154404691462415,2.220446049250313e-16,1.3018518929051675e-16,8.326672684688674e-17,1,3.3769295880959374e-16
bell_Phi-,A_bell,0.1,0.2587455534372074,0.2587455534372074,0.0,8.55762944849705e-17,5.551559695976857e-17,1,3.416989762011221e-16
bell_Phi-,A_bell,0.15,0.1262958532333438,0.1262958532333438,0.0,1.7034315873583635e-17,6.940107590735292e-18,1,1.3626839807528178e-16
bell_Phi-,A_bell,0.2,0.059828894433280023,0.05982889443328001,1.3877787807814457e-17,8.846135963473278e-18,6.938893903907228e-18,1,1.5266775980409355e-16
bell_Phi-,A_bell,0.3,0.012148554271367483,0.012148554271367483,0.0,1.865510613963094e-18,8.673791844247187e-19,1,1.638119120561859e-16
bell_Phi-,A_bell,0.5,0.0002899169921874999,0.0002899169921874999,0.0,1.2114450426601928e-21,8.566210046998488e-22,1,4.9459889322987504e-18
bell_Phi-,A_bell,0.75,2.4121254682540883e-07,2.412125468254089e-07,5.293955920339377e-23,2.646978605626516e-23,1.3234889800848443e-23,1,2.3027804481416357e-19
bell_Phi-,A_bell,1.0,0.0,0.0,0.0,0.0,0.0,0,
bell_Psi+,A_bell,0.0,0.9999999999999996,0.9999999999999996,0.0,8.856655156802588e-17,5.613951416400929e-17,1,8.856655156802589e-17
bell_Psi+,A_bell,1e-06,0.9999870000794986,0.9999870000794988,2.220446049250313e-16,3.3537189618722464e-16,1.6653345369377348e-16,1,1.962637442672485e-16
bell_Psi+,A_bell,0.0001,0.9987007946970803,0.9987007946970805,2.220446049250313e-16,1.3597399555105182e-16,1.1102230246251565e-16,1,2.0773269770043006e-16
bell_Psi+,A_bell,0.001,0.9870791978016873,0.9870791978016875,2.220446049250313e-16,1.244620588616916e-16,5.582496195114982e-17,1,1.2473078807276786e-16
bell_Psi+,A_bell,0.005,0.9369501221779961,0.9369501221779963,2.220446049250313e-16,2.2222594173963473e-16,1.1117703848694033e-16,1,1.1671367355874825e-16
bell_Psi+,A_bell,0.01,0.8776548783289341,0.8776548783289346,5.551115123125783e-16,2.6910028968576024e-16,1.942890293094024e-16,1,5.501029423159028e-16
bell_Psi+,A_bell,0.02,0.7694996578280626,0.7694996578280624,2.220446049250313e-16,1.415262216750919e-16,8.326672684688674e-17,1,2.886112785300463e-16
bell_Psi+,A_bell,0.05,0.5154404691462413,0.5154404691462415,2.220446049250313e-16,1.0569008315563939e-16,5.551115123125783e-17,1,3.7240896567850593e-16
bell_Psi+,A_bell,0.1,0.2587455534372074,0.2587455534372074,0.0,8.834469233561913e-17,5.551559695976857e-17,1,3.520652529818069e-16
bell_Psi+,A_bell,0.15,0.1262958532333438,0.1262958532333438,0.0,1.4762978844613375e-17,6.940107590735292e-18,1,1.1809675883560095e-16
bell_Psi+,A_bell,0.2,0.059828894433280023,0.05982889443328002,6.938893903907228e-18,4.907885674948459e-18,3.469446951953614e-18,1,7.852813749576646e-17
bell_Psi+,A_bell,0.3,0.012148554271367483,0.012148554271367483,0.0,1.6516093564407705e-18,8.673791844247187e-19,1,1.4642997878583238e-16
bell_Psi+,A_bell,0.5,0.0002899169921874999,0.0002899169921874999,0.0,1.2114450426601928e-21,8.566210046998488e-22,1,4.9459889322987504e-18
bell_Psi+,A_bell,0.75,2.4121254682540883e-07,2.412125468254089e-07,5.293955920339377e-23,2.646978605626516e-23,1.3234889800848443e-23,1,2.3027804481416357e-19
bell_Psi+,A_bell,1.0,0.0,0.0,0.0,0.0,0.0,0,
bell_Psi-,A_bell,0.0,0.9999999999999996,0.9999999999999996,0.0,8.856655156802588e-17,5.613951416400929e-17,1,8.856655156802589e-17
bell_Psi-,A_bell,1e-06,0.9999870000794986,0.9999870000794988,2.220446049250313e-16,3.3537189618722464e-16,1.6653345369377348e-16,1,1.962637442672485e-16
bell_Psi-,A_bell,0.0001,0.9987007946970803,0.9987007946970805,2.220446049250313e-16,1.3597399555105182e-16,1.1102230246251565e-16,1,2.0773269770043006e-16
bell_Psi-,A_bell,0.001,0.9870791978016873,0.9870791978016875,2.220446049250313e-16,1.244620588616916e-16,5.582496195114982e-17,1,1.2473078807276786e-16
bell_Psi-,A_bell,0.005,0.9369501221779961,0.9369501221779963,2.220446049250313e-16,2.2222594173963473e-16,1.1117703848694033e-16,1,1.1671367355874825e-16
bell_Psi-,A_bell,0.01,0.8776548783289341,0.8776548783289346,5.551115123125783e-16,2.6910028968576024e-16,1.942890293094024e-16,1,5.501029423159028e-16
bell_Psi-,A_bell,0.02,0.7694996578280626,0.7694996578280624,2.220446049250313e-16,1.415262216750919e-16,8.326672684688674e-17,1,2.886112785300463e-16
bell_Psi-,A_bell,0.05,0.5154404691462413,0.5154404691462415,2.220446049250313e-16,1.0569008315563939e-16,5.551115123125783e-17,1,3.7240896567850593e-16
bell_Psi-,A_bell,0.1,0.2587455534372074,0.2587455534372074,0.0,8.834469233561913e-17,5.551559695976857e-17,1,3.520652529818069e-16
bell_Psi-,A_bell,0.15,0.1262958532333438,0.1262958532333438,0.0,1.4762978844613375e-17,6.940107590735292e-18,1,1.1809675883560095e-16
bell_Psi-,A_bell,0.2,0.059828894433280023,0.05982889443328002,6.938893903907228e-18,4.907885674948459e-18,3.469446951953614e-18,1,7.852813749576646e-17
bell_Psi-,A_bell,0.3,0.012148554271367483,0.012148554271367483,0.0,1.6516093564407705e-18,8.673791844247187e-19,1,1.4642997878583238e-16
bell_Psi-,A_bell,0.5,0.0002899169921874999,0.0002899169921874999,0.0,1.2114450426601928e-21,8.566210046998488e-22,1,4.9459889322987504e-18
bell_Psi-,A_bell,0.75,2.4121254682540883e-07,2.412125468254089e-07,5.293955920339377e-23,2.646978605626516e-23,1.3234889800848443e-23,1,2.3027804481416357e-19
bell_Psi-,A_bell,1.0,0.0,0.0,0.0,0.0,0.0,0,
comp_00,B_computational,0.0,0.9999999999999992,0.9999999999999993,1.1102230246251565e-16,1.1102230246251565e-16,1.1102230246251565e-16,1,0.0
comp_00,B_computational,1e-06,0.9999880000669983,0.999988000066999,6.661338147750939e-16,6.684427777288335e-16,6.661338147750939e-16,1,5.551125711401129e-17
comp_00,B_computational,0.0001,0.9988006697690546,0.9988006697690546,0.0,0.0,0.0,1,0.0
comp_00,B_computational,0.001,0.988066769549291,0.9880667695492908,1.1102230246251565e-16,1.6883057536160649e-16,1.1102230246251565e-16,1,1.7005251352402321e-16
comp_00,B_computational,0.005,0.941646465927481,0.9416464659274808,2.220446049250313e-16,1.642041997679149e-16,1.3877787807814457e-16,1,2.821679327223116e-16
comp_00,B_computational,0.01,0.8864744078025092,0.8864744078025091,1.1102230246251565e-16,1.1775693440128312e-16,1.1102230246251565e-16,1,2.5753141614218057e-16
comp_00,B_computational,0.02,0.7850370489580114,0.7850370489580114,0.0,1.9229626863835638e-16,1.1102230246251565e-16,1,2.297706565262743e-16
comp_00,B_computational,0.05,0.5417830234197947,0.5417830234197945,2.220446049250313e-16,1.6537292768255252e-16,1.1102230246251565e-16,1,5.903370416745242e-16
comp_00,B_computational,0.1,0.28557635940290244,0.28557635940290244,0.0,3.6055550369691825e-17,2.7755575615628914e-17,1,1.4359487270475865e-16
comp_00,B_computational,0.15,0.14603189703598757,0.14603189703598757,0.0,1.7690777709386487e-17,1.3877787807814457e-17,1,1.2256530327225745e-16
comp_00,B_computational,0.2,0.07219840024575995,0.07219840024576005,9.71445146547012e-17,7.382262450975484e-17,6.938893903907228e-17,1,1.5426364404918866e-16
comp_00,B_computational,0.3,0.015678082507622475,0.015678082507622475,0.0,1.622685226974697e-18,1.3010426069826053e-18,1,1.0385185452638061e-16
comp_00,B_computational,0.5,0.0003814697265624997,0.00038146972656249984,1.6263032587282567e-19,8.571370772892337e-20,5.421010862427522e-20,1,8.326672684688674e-17
comp_00,B_computational,0.75,2.691522240638731e-07,2.691522240638731e-07,0.0,0.0,0.0,1,0.0
comp_00,B_computational,1.0,0.0,0.0,0.0,0.0,0.0,0,
comp_01,B_computational,0.0,0.9999999999999992,0.9999999999999993,1.1102230246251565e-16,1.1102230246251565e-16,1.1102230246251565e-16,1,0.0
comp_01,B_computational,1e-06,0.9999880000669983,0.999988000066999,6.661338147750939e-16,6.678662853596398e-16,6.661338147750939e-16,1,4.807462624121877e-17
comp_01,B_computational,0.0001,0.9988006697690546,0.9988006697690545,1.1102230246251565e-16,1.1102230246251565e-16,1.1102230246251565e-16,1,2.4830192273585774e-16
comp_01,B_computational,0.001,0.988066769549291,0.9880667695492911,1.1102230246251565e-16,6.798699777552591e-17,5.551115123125783e-17,1,2.324949029226845e-16
comp_01,B_computational,0.005,0.941646465927481,0.9416464659274808,2.220446049250313e-16,1.8410966031475738e-16,1.6653345369377348e-16,1,2.958674849875284e-16
comp_01,B_computational,0.01,0.8864744078025092,0.8864744078025091,1.1102230246251565e-16,1.1775693440128312e-16,1.1102230246251565e-16,1,2.5753141614218057e-16
comp_01,B_computational,0.02,0.7850370489580114,0.7850370489580114,0.0,1.4946834900704541e-16,1.1102230246251565e-16,1,1.6943551349561353e-16
comp_01,B_computational,0.05,0.5417830234197947,0.5417830234197945,2.220446049250313e-16,1.6537292768255252e-16,1.1102230246251565e-16,1,5.903370416745242e-16
comp_01,B_computational,0.1,0.28557635940290244,0.2855763594029025,5.551115123125783e-17,1.962615573354719e-17,1.3877787807814457e-17,1,1.285598640776253e-16
comp_01,B_computational,0.15,0.14603189703598757,0.14603189703598762,5.551115123125783e-17,2.8185920280518337e-17,1.734723475976807e-17,1,2.5136137180969904e-16
comp_01,B_computational,0.2,0.07219840024575996,0.07219840024576003,6.938893903907228e-17,4.443059973708341e-17,4.163336342344337e-17,1,1.3018518929051675e-16
comp_01,B_computational,0.3,0.015678082507622475,0.015678082507622475,0.0,1.3884562417838567e-18,1.3010426069826053e-18,1,8.886119947416683e-17
comp_01,B_computational,0.5,0.0003814697265624997,0.0003814697265624998,1.0842021724855044e-19,6.943603926128375e-20,5.421010862427522e-20,1,9.205483015737869e-17
comp_01,B_computational,0.75,2.691522240638731e-07,2.691522240638731e-07,0.0,0.0,0.0,1,0.0
comp_01,B_computational,1.0,0.0,0.0,0.0,0.0,0.0,0,
comp_10,B_computational,0.0,0.9999999999999992,0.9999999999999993,1.1102230246251565e-16,1.1102230246251565e-16,1.1102230246251565e-16,1,0.0
comp_10,B_computational,1e-06,0.9999880000669983,0.999988000066999,6.661338147750939e-16,6.678662853596398e-16,6.661338147750939e-16,1,4.807462624121877e-17
comp_10,B_computational,0.0001,0.9988006697690545,0.9988006697690547,2.220446049250313e-16,1.8619006149354548e-16,1.6653345369377348e-16,1,2.899150507372383e-16
comp_10,B_computational,0.001,0.988066769549291,0.9880667695492911,1.1102230246251565e-16,1.3018518929051675e-16,1.1102230246251565e-16,1,3.400513573263926e-16
comp_10,B_computational,0.005,0.941646465927481,0.941646465927481,0.0,1.6184142622847344e-16,1.1102230246251565e-16,1,1.719321156669837e-16
comp_10,B_computational,0.01,0.8864744078025092,0.8864744078025091,1.1102230246251565e-16,6.798699777552591e-17,5.551115123125783e-17,1,2.3417743914986364e-16
comp_10,B_computational,0.02,0.7850370489580114,0.7850370489580115,1.1102230246251565e-16,1.642041997679149e-16,1.3877787807814457e-16,1,2.1006931906758848e-16
comp_10,B_computational,0.05,0.5417830234197947,0.5417830234197949,2.220446049250313e-16,2.2291027918243403e-16,2.220446049250313e-16,1,4.9073055202102214e-17
comp_10,B_computational,0.1,0.28557635940290216,0.2855763594029025,3.3306690738754696e-16,1.7690777709386488e-16,1.3877787807814457e-16,1,5.172880251019152e-16
comp_10,B_computational,0.15,0.14603189703598757,0.14603189703598762,5.551115123125783e-17,2.8185920280518337e-17,1.734723475976807e-17,1,3.587481965580831e-16
comp_10,B_computational,0.2,0.07219840024575995,0.07219840024576005,9.71445146547012e-17,7.457293553574342e-17,6.938893903907228e-17,1,1.7826341206873999e-16
comp_10,B_computational,0.3,0.015678082507622475,0.01567808250762247,3.469446951953614e-18,2.5656906213736703e-18,2.168404344971009e-18,1,1.8463195827281384e-16
comp_10,B_computational,0.5,0.0003814697265624997,0.0003814697265624998,1.0842021724855044e-19,6.673845640755091e-20,5.421010862427522e-20,1,2.7755575615628914e-17
comp_10,B_computational,0.75,2.691522240638731e-07,2.691522240638731e-07,0.0,0.0,0.0,1,0.0
comp_10,B_computational,1.0,0.0,0.0,0.0,0.0,0.0,0,
comp_11,B_computational,0.0,0.9999999999999992,0.9999999999999993,1.1102230246251565e-16,1.1102230246251565e-16,1.1102230246251565e-16,1,0.0
comp_11,B_computational,1e-06,0.9999880000669983,0.999988000066999,6.661338147750939e-16,6.678662853596398e-16,6.661338147750939e-16,1,4.807462624121877e-17
comp_11,B_computational,0.0001,0.9988006697690545,0.9988006697690546,1.1102230246251565e-16,1.0007415106216802e-16,8.326672684688674e-17,1,2.4359720005770317e-16
comp_11,B_computational,0.001,0.988066769549291,0.9880667695492911,1.1102230246251565e-16,1.442222014787673e-16,1.1102230246251565e-16,1,3.458239714377346e-16
comp_11,B_computational,0.005,0.941646465927481,0.941646465927481,0.0,1.8619006149354548e-16,1.1102230246251565e-16,1,1.9373234574386467e-16
comp_11,B_computational,0.01,0.8864744078025092,0.8864744078025093,1.1102230246251565e-16,1.2412670766236366e-16,1.1102230246251565e-16,1,1.2825227333249586e-16
comp_11,B_computational,0.02,0.7850370489580114,0.7850370489580114,0.0,9.614813431917819e-17,5.551115123125783e-17,1,1.2299556877061963e-16
comp_11,B_computational,0.05,0.5417830234197947,0.5417830234197949,2.220446049250313e-16,2.2291027918243403e-16,2.220446049250313e-16,1,4.9073055202102214e-17
comp_11,B_computational,0.1,0.28557635940290216,0.28557635940290244,2.7755575615628914e-16,1.6624408170505448e-16,1.1796119636642288e-16,1,5.582252815860768e-16
comp_11,B_computational,0.15,0.14603189703598757,0.14603189703598762,5.551115123125783e-17,2.138710737318089e-17,1.3877787807814457e-17,1,2.2929868617541516e-16
comp_11,B_computational,0.2,0.07219840024575996,0.07219840024576003,6.938893903907228e-17,5.1019748043878786e-17,4.85722573273506e-17,1,8.099505462106327e-17
comp_11,B_computational,0.3,0.015678082507622475,0.01567808250762247,3.469446951953614e-18,2.5656906213736703e-18,1.734723475976807e-18,1,1.0477500027681816e-16
comp_11,B_computational,0.5,0.0003814697265624997,0.0003814697265624998,1.0842021724855044e-19,6.943603926128375e-20,5.421010862427522e-20,1,9.205483015737869e-17
comp_11,B_computational,0.75,2.691522240638731e-07,2.691522240638731e-07,0.0,0.0,0.0,1,0.0
comp_11,B_computational,1.0,0.0,0.0,0.0,0.0,0.0,0,
coh_00_plus_01,F_non_bell_diagonal,0.0,0.9999999999999984,0.999999999999999,5.551115123125783e-16,5.026748538604307e-16,2.7755575615628914e-16,1,9.629649721936188e-35
coh_00_plus_01,F_non_bell_diagonal,1e-06,0.9999880000669978,0.9999880000669986,7.771561172376096e-16,4.0233619253771735e-16,2.220446049250313e-16,1,8.092672813107745e-16
coh_00_plus_01,F_non_bell_diagonal,0.0001,0.9988006697690537,0.9988006697690539,2.220446049250313e-16,2.1138016631218035e-16,1.1102230246332345e-16,1,1.4162989576018262e-16
coh_00_plus_01,F_non_bell_diagonal,0.001,0.9880667695492902,0.9880667695492906,4.440892098500626e-16,5.121637027606911e-16,3.3306690738754696e-16,1,3.4796850949843966e-16
coh_00_plus_01,F_non_bell_diagonal,0.005,0.9416464659274805,0.9416464659274804,1.1102230246251565e-16,1.2412670766236366e-16,8.326672684688674e-17,1,1.3130292618976978e-16
coh_00_plus_01,F_non_bell_diagonal,0.01,0.8864744078025085,0.8864744078025086,1.1102230246251565e-16,3.4457739489332884e-16,1.6653345369377348e-16,1,2.362123980124136e-16
coh_00_plus_01,F_non_bell_diagonal,0.02,0.7850370489580107,0.7850370489580107,0.0,4.3885418357208765e-17,4.163336342344337e-17,1,5.650513902230012e-17
coh_00_plus_01,F_non_bell_diagonal,0.05,0.5417830234197945,0.5417830234197946,1.1102230246251565e-16,1.256926630492786e-16,5.551115784870233e-17,1,1.1796121758472218e-16
coh_00_plus_01,F_non_bell_diagonal,0.1,0.28557635940290227,0.2855763594029022,5.551115123125783e-17,4.8074067159589095e-17,2.7755575615628914e-17,1,1.864484794686983e-16
coh_00_plus_01,F_non_bell_diagonal,0.15,0.14603189703598757,0.14603189703598757,0.0,3.179805853949515e-17,2.0816721416353222e-17,1,2.4883489052526274e-16
coh_00_plus_01,F_non_bell_diagonal,0.2,0.07219840024575995,0.07219840024575994,1.3877787807814457e-17,9.889445383256551e-18,6.938893903907228e-18,1,2.4276213934271013e-16
coh_00_plus_01,F_non_bell_diagonal,0.3,0.015678082507622468,0.015678082507622468,0.0,9.199760500100244e-19,4.336808689942018e-19,1,5.887846720064156e-17
coh_00_plus_01,F_non_bell_diagonal,0.5,0.00038146972656249946,0.0003814697265624995,5.421010862427522e-20,3.892667513327424e-20,2.710505431213761e-20,1,1.1102231330453686e-16
coh_00_plus_01,F_non_bell_diagonal,0.75,2.6915222406387297e-07,2.6915222406387297e-07,0.0,2.6469779601696886e-23,1.3234889800848443e-23,1,8.777083671441753e-17
coh_00_plus_01,F_non_bell_diagonal,1.0,0.0,0.0,0.0,0.0,0.0,0,
coh_plus_zero,F_non_bell_diagonal,0.0,0.9999999999999984,0.9999999999999989,4.440892098500626e-16,3.510833468576701e-16,2.220446049250313e-16,1,1.5700924586837752e-16
coh_plus_zero,F_non_bell_diagonal,1e-06,0.9999880000669978,0.9999880000669985,6.661338147750939e-16,3.7856448663476786e-16,2.220446049250313e-16,1,5.396512453764509e-16
coh_plus_zero,F_non_bell_diagonal,0.0001,0.9988006697690535,0.9988006697690541,6.661338147750939e-16,3.948084589312346e-16,2.220446049250313e-16,1,3.9490455388534973e-16
coh_plus_zero,F_non_bell_diagonal,0.001,0.9880667695492902,0.9880667695492904,2.220446049250313e-16,3.533474595580881e-16,2.220446049250313e-16,1,1.6204969295610695e-16
coh_plus_zero,F_non_bell_diagonal,0.005,0.9416464659274806,0.9416464659274808,2.220446049250313e-16,1.665515228979391e-16,1.1102230246251565e-16,1,1.6774201964131005e-16
coh_plus_zero,F_non_bell_diagonal,0.01,0.8864744078025087,0.8864744078025089,1.1102230246251565e-16,1.360237820812655e-16,5.551115181966513e-17,1,1.1733131588244196e-16
coh_plus_zero,F_non_bell_diagonal,0.02,0.7850370489580111,0.7850370489580112,1.1102230246251565e-16,4.57782975130215e-16,2.7755575615628914e-16,1,3.939121213412469e-16
coh_plus_zero,F_non_bell_diagonal,0.05,0.5417830234197945,0.5417830234197942,2.220446049250313e-16,2.1854762231558908e-16,1.3877787807814457e-16,1,5.623929650677171e-16
coh_plus_zero,F_non_bell_diagonal,0.1,0.2855763594029021,0.28557635940290216,5.551115123125783e-17,4.1705581164384856e-17,2.7755575615628914e-17,1,1.1693631959745471e-16
coh_plus_zero,F_non_bell_diagonal,0.15,0.14603189703598757,0.14603189703598757,0.0,4.305470556877185e-17,2.7755575615628914e-17,1,3.382310503080289e-16
coh_plus_zero,F_non_bell_diagonal,0.2,0.07219840024575999,0.07219840024576,1.3877787807814457e-17,2.0378386894505922e-17,1.3877787807814457e-17,1,1.7663540603517958e-16
coh_plus_zero,F_non_bell_diagonal,0.3,0.015678082507622468,0.01567808250762247,3.469446951953614e-18,1.9212114852081743e-18,1.0842021724855044e-18,1,1.0245156672108921e-16
coh_plus_zero,F_non_bell_diagonal,0.5,0.00038146972656249957,0.00038146972656249957,0.0,6.776289246351482e-21,3.3881574572856656e-21,1,1.3877873936290317e-17
coh_plus_zero,F_non_bell_diagonal,0.75,2.6915222406387297e-07,2.69152224063873e-07,5.293955920339377e-23,3.744305933309564e-23,2.6469779601696886e-23,1,1.0008166837834317e-16
coh_plus_zero,F_non_bell_diagonal,1.0,0.0,0.0,0.0,0.0,0.0,0,
coh_tilted_phi,F_non_bell_diagonal,0.0,0.9999999999999987,0.9999999999999989,2.220446049250313e-16,2.1267337044082277e-16,1.1102230246251565e-16,1,2.0353439722684382e-16
coh_tilted_phi,F_non_bell_diagonal,1e-06,0.9999870921149943,0.9999870921149945,2.220446049250313e-16,3.7429466533547973e-16,2.220446049250313e-16,1,1.679643149083851e-16
coh_tilted_phi,F_non_bell_diagonal,0.0001,0.998709986863817,0.9987099868638171,1.1102230246251565e-16,2.3329405005161527e-16,1.1110106274912935e-16,1,2.3330108311955604e-16
coh_tilted_phi,F_non_bell_diagonal,0.001,0.9871700905939538,0.9871700905939541,3.3306690738754696e-16,2.7855094252784702e-16,1.1352479860207117e-16,1,2.8138554581226127e-16
coh_tilted_phi,F_non_bell_diagonal,0.005,0.9373823579096001,0.9373823579096,1.1102230246251565e-16,2.279272955909708e-16,1.1146893605702008e-16,1,2.3989484553613596e-16
coh_tilted_phi,F_non_bell_diagonal,0.01,0.878466598249316,0.8784665982493163,2.220446049250313e-16,1.6737549000854183e-16,8.326672684688674e-17,1,2.0547878736494332e-16
coh_tilted_phi,F_non_bell_diagonal,0.02,0.7709296672099388,0.7709296672099388,0.0,1.7598386816596865e-16,1.1117560171533455e-16,1,1.835446097384734e-16
coh_tilted_phi,F_non_bell_diagonal,0.05,0.5178649495135517,0.5178649495135519,2.220446049250313e-16,1.591438399279022e-16,1.1102230246251565e-16,1,3.2548304774397506e-16
coh_tilted_phi,F_non_bell_diagonal,0.1,0.26121497085312806,0.26121497085312806,0.0,5.0059347186790205e-17,2.8018165951881256e-17,1,2.0006960954584603e-16
coh_tilted_phi,F_non_bell_diagonal,0.15,0.12811229252890333,0.12811229252890333,0.0,2.0281940849045657e-17,1.0408340855860843e-17,1,1.4981734973024063e-16
coh_tilted_phi,F_non_bell_diagonal,0.2,0.06096734227263021,0.06096734227263023,2.0816681711721685e-17,1.3063315346089225e-17,6.938893903907228e-18,1,2.14573885437522e-16
coh_tilted_phi,F_non_bell_diagonal,0.3,0.012473400215530908,0.012473400215530908,0.0,1.5513482461342321e-18,8.673617379884035e-19,1,1.1284369811935868e-16
coh_tilted_phi,F_non_bell_diagonal,0.5,0.00029834319887804225,0.00029834319887804236,1.0842021724855044e-19,5.45202240167739e-20,2.710505431213761e-20,1,5.780077953939298e-17
coh_tilted_phi,F_non_bell_diagonal,0.75,2.4378402103516897e-07,2.43784021035169e-07,5.293955920339377e-23,3.7436886947682734e-23,2.6469779601696886e-23,1,1.1102627467708916e-16
coh_tilted_phi,F_non_bell_diagonal,1.0,0.0,0.0,0.0,0.0,0.0,0,
imag_00_plus_i11,G_imaginary_coherence,0.0,0.9999999999999984,0.9999999999999989,4.440892098500626e-16,4.441180080365204e-16,2.220717083251841e-16,1,5.057544569639803e-18
imag_00_plus_i11,G_imaginary_coherence,1e-06,0.9999870000794977,0.999987000079498,3.3306690738754696e-16,2.83077353254575e-16,1.6653345369377348e-16,1,1.7558183766029762e-16
imag_00_plus_i11,G_imaginary_coherence,0.0001,0.9987007946970794,0.9987007946970795,1.1102230246251565e-16,1.7554167342883506e-16,1.1102230246251565e-16,1,1.7556311362531666e-16
imag_00_plus_i11,G_imaginary_coherence,0.001,0.9870791978016862,0.9870791978016863,1.1102230246251565e-16,3.3317179011488997e-16,1.6653345369377348e-16,1,3.3436145917034686e-16
imag_00_plus_i11,G_imaginary_coherence,0.005,0.9369501221779952,0.9369501221779952,0.0,1.360173723704996e-16,5.551115123125783e-17,1,1.4196537262144655e-16
imag_00_plus_i11,G_imaginary_coherence,0.01,0.8776548783289335,0.8776548783289335,0.0,1.7561576041579008e-16,1.1107436426986222e-16,1,1.782589697105614e-16
imag_00_plus_i11,G_imaginary_coherence,0.02,0.7694996578280617,0.769499657828062,2.220446049250313e-16,2.2549043961370444e-16,1.1102230246251565e-16,1,1.245475747230678e-16
imag_00_plus_i11,G_imaginary_coherence,0.05,0.5154404691462409,0.5154404691462409,0.0,7.858263898586402e-17,2.784374452066903e-17,1,1.5599463891438498e-16
imag_00_plus_i11,G_imaginary_coherence,0.1,0.25874555343720723,0.2587455534372072,5.551115123125783e-17,2.7755575615628914e-17,1.3877787807814457e-17,1,1.2566871346510768e-16
imag_00_plus_i11,G_imaginary_coherence,0.15,0.12629585323334372,0.12629585323334375,2.7755575615628914e-17,1.1044108761887905e-17,6.938893903907228e-18,1,8.153881825781276e-17
imag_00_plus_i11,G_imaginary_coherence,0.2,0.05982889443327996,0.05982889443327996,0.0,1.4785951140492348e-17,1.0413203754324258e-17,1,2.3667186617844634e-16
imag_00_plus_i11,G_imaginary_coherence,0.3,0.01214855427136747,0.012148554271367476,5.204170427930421e-18,2.5294176822467317e-18,1.734723475976807e-18,1,1.4694398513825852e-16
imag_00_plus_i11,G_imaginary_coherence,0.5,0.00028991699218749957,0.0002899169921874997,1.0842021724855044e-19,5.442150959513794e-20,2.710505431213761e-20,1,7.865825323274569e-17
imag_00_plus_i11,G_imaginary_coherence,0.75,2.412125468254087e-07,2.412125468254087e-07,0.0,7.312260968663414e-26,5.170509878666702e-26,1,3.0669753835799207e-19
imag_00_plus_i11,G_imaginary_coherence,1.0,0.0,0.0,0.0,0.0,0.0,0,
imag_01_plus_i10,G_imaginary_coherence,0.0,0.9999999999999984,0.9999999999999989,4.440892098500626e-16,4.441180080365204e-16,2.220717083251841e-16,1,5.057544569639803e-18
imag_01_plus_i10,G_imaginary_coherence,1e-06,0.9999870000794977,0.9999870000794978,1.1102230246251565e-16,2.387920195336699e-16,1.6653345369377348e-16,1,8.785147214814645e-17
imag_01_plus_i10,G_imaginary_coherence,0.0001,0.9987007946970794,0.9987007946970796,2.220446049250313e-16,1.962615573354719e-16,1.1102230246251565e-16,1,1.1782722836253636e-16
imag_01_plus_i10,G_imaginary_coherence,0.001,0.9870791978016862,0.9870791978016864,2.220446049250313e-16,3.0416198687910167e-16,1.6653345369377348e-16,1,1.3753961346576603e-16
imag_01_plus_i10,G_imaginary_coherence,0.005,0.9369501221779952,0.9369501221779952,0.0,1.360173723704996e-16,5.551115123125783e-17,1,1.4196537262144655e-16
imag_01_plus_i10,G_imaginary_coherence,0.01,0.8776548783289335,0.8776548783289335,0.0,1.6192178185743515e-16,1.1107436426986222e-16,1,1.6337258497946741e-16
imag_01_plus_i10,G_imaginary_coherence,0.02,0.7694996578280617,0.769499657828062,2.220446049250313e-16,2.2549043961370444e-16,1.1102230246251565e-16,1,1.245475747230678e-16
imag_01_plus_i10,G_imaginary_coherence,0.05,0.5154404691462409,0.5154404691462409,0.0,9.62118447022102e-17,5.551115123125783e-17,1,1.8947808342524786e-16
imag_01_plus_i10,G_imaginary_coherence,0.1,0.25874555343720723,0.2587455534372072,5.551115123125783e-17,2.7755575615628914e-17,1.3877787807814457e-17,1,1.2566871346510768e-16
imag_01_plus_i10,G_imaginary_coherence,0.15,0.12629585323334372,0.12629585323334375,2.7755575615628914e-17,1.966691906978961e-17,1.3877787807814457e-17,1,1.1318813853456454e-16
imag_01_plus_i10,G_imaginary_coherence,0.2,0.05982889443327996,0.05982889443327996,0.0,1.4785951140492348e-17,1.0413203754324258e-17,1,2.3667186617844634e-16
imag_01_plus_i10,G_imaginary_coherence,0.3,0.01214855427136747,0.012148554271367474,3.469446951953614e-18,2.1253618162437113e-18,1.734723475976807e-18,1,1.145357717615283e-16
imag_01_plus_i10,G_imaginary_coherence,0.5,0.00028991699218749957,0.0002899169921874997,1.0842021724855044e-19,6.07979002587887e-20,4.0657581468206416e-20,1,7.865825323274569e-17
imag_01_plus_i10,G_imaginary_coherence,0.75,2.412125468254087e-07,2.412125468254087e-07,0.0,7.312260968663414e-26,5.170509878666702e-26,1,3.0669753835799207e-19
imag_01_plus_i10,G_imaginary_coherence,1.0,0.0,0.0,0.0,0.0,0.0,0,
imag_mixed,G_imaginary_coherence,0.0,0.5227586206896548,0.5227586206896548,0.0,1.313029861185268e-16,6.938893903907228e-17,1,2.08265263075689e-16
imag_mixed,G_imaginary_coherence,1e-06,0.5227523199671458,0.5227523199671458,0.0,1.6893193288534372e-17,6.984054800455164e-18,1,3.3068341527805075e-17
imag_mixed,G_imaginary_coherence,0.0001,0.5221289032035965,0.5221289032035967,2.220446049250313e-16,1.3513214021976033e-16,8.326672684688674e-17,1,2.86136416296632e-16
imag_mixed,G_imaginary_coherence,0.001,0.5164935824108835,0.5164935824108836,1.1102230246251565e-16,1.0903501370064258e-16,5.609982510465431e-17,1,1.5747758229768877e-16
imag_mixed,G_imaginary_coherence,0.005,0.4921352218104216,0.4921352218104218,2.220446049250313e-16,1.6606015432632418e-16,1.1102230246251565e-16,1,2.17882207228223e-16
imag_mixed,G_imaginary_coherence,0.01,0.46321096574711557,0.4632109657471155,5.551115123125783e-17,1.5673684457086352e-16,8.364492919667384e-17,1,3.138589477242382e-16
imag_mixed,G_imaginary_coherence,0.02,0.4101080722298951,0.4101080722298952,1.1102230246251565e-16,8.298666636332965e-17,5.551115123125783e-17,1,2.1522624377910328e-16
imag_mixed,G_imaginary_coherence,0.05,0.2831723289398079,0.28317232893980804,1.1102230246251565e-16,8.208560188335285e-17,5.551115123125783e-17,1,1.3767237477418437e-16
imag_mixed,G_imaginary_coherence,0.1,0.15004729437940306,0.15004729437940306,0.0,1.5938971808239186e-17,8.676160752805951e-18,1,1.1172034764250977e-16
imag_mixed,G_imaginary_coherence,0.15,0.07760244618563286,0.07760244618563292,5.551115123125783e-17,2.8276107707697744e-17,1.734723475976807e-17,1,2.4180743678105726e-16
imag_mixed,G_imaginary_coherence,0.2,0.03906054483533366,0.03906054483533367,1.3877787807814457e-17,9.896620993615115e-18,6.938893903907228e-18,1,1.9945360005109248e-16
imag_mixed,G_imaginary_coherence,0.3,0.008974838733100997,0.008974838733100999,1.734723475976807e-18,1.147022463911876e-18,8.673617379884035e-19,1,8.330553074284302e-17
imag_mixed,G_imaginary_coherence,0.5,0.000262423835479216,0.00026242383547921605,5.421010862427522e-20,3.895877527838147e-20,2.710505431213761e-20,1,9.624047096784701e-17
imag_mixed,G_imaginary_coherence,0.75,2.3993375196940714e-07,2.3993375196940724e-07,1.0587911840678754e-22,4.996073879552594e-23,2.6469779601696886e-23,1,2.7757893244565667e-17
imag_mixed,G_imaginary_coherence,1.0,0.0,0.0,0.0,0.0,0.0,0,
near_pure_eps1e-06,H_near_pure,0.0,0.9999985000007493,0.9999985000007494,1.1102230246251565e-16,3.703380700990327e-16,2.220717083251841e-16,1,1.9632293853616127e-16
near_pure_eps1e-06,H_near_pure,1e-06,0.9999855001012483,0.9999855001012483,0.0,2.937783782163866e-16,1.6655152265308525e-16,1,2.937791396554556e-16
near_pure_eps1e-06,H_near_pure,0.0001,0.9986992967964643,0.9986992967964643,0.0,3.1650027102411206e-16,2.220716974344396e-16,1,3.165075062087585e-16
near_pure_eps1e-06,H_near_pure,0.001,0.9870777186664713,0.9870777186664714,1.1102230246251565e-16,3.2607257154124066e-16,2.220581029077396e-16,1,3.2626534985426547e-16
near_pure_eps1e-06,H_near_pure,0.005,0.9369487238335159,0.9369487238335161,2.220446049250313e-16,1.5704681281888648e-16,1.1102230246251565e-16,1,1.570532358646993e-16
near_pure_eps1e-06,H_near_pure,0.01,0.8776535752108665,0.8776535752108667,2.220446049250313e-16,3.0721031008050425e-16,1.6712207474181092e-16,1,1.7561219317275792e-16
near_pure_eps1e-06,H_near_pure,0.02,0.7694985273657154,0.7694985273657158,3.3306690738754696e-16,2.940821041476751e-16,1.668331939666618e-16,1,3.170024460755962e-16
near_pure_eps1e-06,H_near_pure,0.05,0.5154397376341384,0.5154397376341385,1.1102230246251565e-16,1.128441845214822e-16,5.56104100075704e-17,1,2.15484109588154e-16
near_pure_eps1e-06,H_near_pure,0.1,0.25874521028549213,0.25874521028549213,0.0,5.96947720259141e-17,2.7755575615628914e-17,1,2.3856348509713825e-16
near_pure_eps1e-06,H_near_pure,0.15,0.12629569907891652,0.12629569907891663,1.1102230246251565e-16,5.721958498152797e-17,3.469446951953614e-17,1,4.388541835720876e-16
near_pure_eps1e-06,H_near_pure,0.2,0.05982882846261532,0.059828828462615335,1.3877787807814457e-17,1.0694510435436081e-17,6.938893903907228e-18,1,1.2471490048478526e-16
near_pure_eps1e-06,H_near_pure,0.3,0.012148544098026475,0.012148544098026473,1.734723475976807e-18,1.502439349542195e-18,8.673617379884035e-19,1,1.1103374022849678e-16
near_pure_eps1e-06,H_near_pure,0.5,0.0002899169006348113,0.0002899169006348112,1.0842021724855044e-19,5.44215063765151e-20,2.710505431213761e-20,1,2.944036620596487e-17
near_pure_eps1e-06,H_near_pure,0.75,2.4121254123747615e-07,2.4121254123747615e-07,0.0,7.312205194794516e-26,5.170509878666702e-26,1,3.066952529064605e-19
near_pure_eps1e-06,H_near_pure,1.0,0.0,0.0,0.0,0.0,0.0,0,
near_pure_eps0.001,H_near_pure,0.0,0.9985007499999995,0.9985007499999997,2.220446049250313e-16,2.220446049541119e-16,1.6653345369377348e-16,1,1.1106400927240826e-16
near_pure_eps0.001,H_near_pure,1e-06,0.9984877710688622,0.9984877710688622,0.0,8.777083703437566e-17,5.551115130658818e-17,1,8.779743777681639e-17
near_pure_eps0.001,H_near_pure,0.0001,0.9972036422833084,0.9972036422833086,2.220446049250313e-16,8.777083671581945e-17,5.551115123125783e-17,1,1.7989343366143468e-16
near_pure_eps0.001,H_near_pure,0.001,0.9856008014141666,0.9856008014141666,0.0,2.7480989048337683e-16,1.1102693428391466e-16,1,2.762137658501179e-16
near_pure_eps0.001,H_near_pure,0.005,0.9355524761714626,0.9355524761714629,2.220446049250313e-16,1.1102230255010584e-16,5.551115123125783e-17,1,1.3849705672069237e-16
near_pure_eps0.001,H_near_pure,0.01,0.8763524111691403,0.8763524111691405,2.220446049250313e-16,2.8625239938371734e-16,1.6653345369377348e-16,1,1.8262931253437377e-16
near_pure_eps0.001,H_near_pure,0.02,0.7683697601473065,0.7683697601473065,0.0,1.7602459678191307e-16,1.113882651550149e-16,1,1.8256315748496066e-16
near_pure_eps0.001,H_near_pure,0.05,0.5147093224338024,0.5147093224338026,2.220446049250313e-16,1.5823112613242164e-16,1.1102230246251565e-16,1,3.169333351048603e-16
near_pure_eps0.001,H_near_pure,0.1,0.25840257312632653,0.25840257312632653,0.0,6.600451550804942e-17,4.177126423490809e-17,1,1.9614424190616712e-16
near_pure_eps0.001,H_near_pure,0.15,0.1261417758062996,0.1261417758062996,0.0,1.3877787817401317e-17,6.938893903907228e-18,1,1.110223025378284e-16
near_pure_eps0.001,H_near_pure,0.2,0.059762956720962296,0.05976295672096232,2.0816681711721685e-17,1.4147772942491285e-17,8.673617379884035e-18,1,1.5654880774972042e-16
near_pure_eps0.001,H_near_pure,0.3,0.012138386011947796,0.012138386011947798,1.734723475976807e-18,1.8399521000200487e-18,1.734723475976807e-18,1,1.442222014787673e-16
near_pure_eps0.001,H_near_pure,0.5,0.000289825485229492,0.00028982548522949207,5.421010862427522e-20,3.835104781043583e-20,2.710505431213761e-20,1,7.865780283213987e-17
near_pure_eps0.001,H_near_pure,0.75,2.4120696168392883e-07,2.412069616839289e-07,5.293955920339377e-23,3.7433925768217345e-23,2.6469779601696886e-23,1,1.1102232893229215e-16
near_pure_eps0.001,H_near_pure,1.0,0.0,0.0,0.0,0.0,0.0,0,
near_mixed_eps0.999999,I_near_maximally_mixed,0.0,0.25000000000074973,0.25000000000074973,0.0,1.4982704875898883e-22,1.0593726357794335e-22,1,5.993081950359532e-22
near_mixed_eps0.999999,I_near_maximally_mixed,1e-06,0.24999750001199955,0.24999750001199972,1.6653345369377348e-16,8.777083671454525e-17,5.551115123125783e-17,1,1.1102230246291965e-16
near_mixed_eps0.999999,I_near_maximally_mixed,0.0001,0.24975011247075413,0.24975011247075413,0.0,3.925231146723758e-17,2.7755575615628914e-17,1,1.5700924586895087e-16
near_mixed_eps0.999999,I_near_maximally_mixed,0.001,0.2475112200531763,0.24751122005317638,8.326672684688674e-17,4.16333634235125e-17,2.0816681711721685e-17,1,3.925231147286081e-17
near_mixed_eps0.999999,I_near_maximally_mixed,0.005,0.23777753261714185,0.23777753261714196,1.1102230246251565e-16,6.20633538312074e-17,4.163336342344337e-17,1,1.1102230246438417e-16
near_mixed_eps0.999999,I_near_maximally_mixed,0.01,0.22609551875285241,0.22609551875285247,5.551115123125783e-17,3.103167691570475e-17,2.0816681711721685e-17,1,1.3597399555123933e-16
near_mixed_eps0.999999,I_near_maximally_mixed,0.02,0.20426820172245175,0.20426820172245172,2.7755575615628914e-17,1.3877787808130303e-17,6.938893903907228e-18,1,7.850462293695608e-17
near_mixed_eps0.999999,I_near_maximally_mixed,0.05,0.14968423480996024,0.14968423480996032,8.326672684688674e-17,4.3885418357245244e-17,2.7755575615628914e-17,1,9.614813431965598e-17
near_mixed_eps0.999999,I_near_maximally_mixed,0.1,0.08716961002517154,0.08716961002517157,2.7755575615628914e-17,1.551583845780115e-17,1.0408340855860843e-17,1,8.326672684709175e-17
near_mixed_eps0.999999,I_near_maximally_mixed,0.15,0.04921860108525768,0.0492186010852577,2.0816681711721685e-17,1.0971354589303225e-17,6.938893903907228e-18,1,8.777083671445132e-17
near_mixed_eps0.999999,I_near_maximally_mixed,0.2,0.026843545600032978,0.026843545600032992,1.3877787807814457e-17,7.757919228899339e-18,5.204170427930421e-18,1,1.5944364291473471e-16
near_mixed_eps0.999999,I_near_maximally_mixed,0.3,0.007061881225005073,0.0070618812250050735,8.673617379884035e-19,7.511572993685941e-19,6.505213034913027e-19,1,1.2719202621569725e-16
near_mixed_eps0.999999,I_near_maximally_mixed,0.5,0.00024414062500004554,0.00024414062500004564,1.0842021724855044e-19,6.060874397576354e-20,4.0657581468206416e-20,1,1.1102230246251565e-16
near_mixed_eps0.999999,I_near_maximally_mixed,0.75,2.3841857910156504e-07,2.3841857910156504e-07,0.0,3.488432819931508e-32,2.466544126578219e-32,1,1.4631547730370003e-25
near_mixed_eps0.999999,I_near_maximally_mixed,1.0,0.0,0.0,0.0,0.0,0.0,0,
near_mixed_eps0.999000,I_near_maximally_mixed,0.0,0.25000074999999977,0.2500007499999999,1.1102230246251565e-16,4.9065629008150084e-17,2.7755575615628914e-17,1,3.925231342250533e-17
near_mixed_eps0.999000,I_near_maximally_mixed,1e-06,0.24999825000074957,0.24999825000074968,1.1102230246251565e-16,5.887847972735589e-17,4.163336342344337e-17,1,7.850716898655811e-17
near_mixed_eps0.999000,I_near_maximally_mixed,0.0001,0.24975086142068728,0.24975086142068734,5.551115123125783e-17,4.3885435302680234e-17,2.7755575615628914e-17,1,1.3597442903083903e-16
near_mixed_eps0.999000,I_near_maximally_mixed,0.001,0.24751195962041458,0.24751195962041467,8.326672684688674e-17,4.388570295258116e-17,2.7755575615628914e-17,1,7.850477569520257e-17
near_mixed_eps0.999000,I_near_maximally_mixed,0.005,0.2377782317890323,0.23777823178903223,5.551115123125783e-17,3.3993504704623165e-17,2.7755575615628914e-17,1,1.0007465585792341e-16
near_mixed_eps0.999000,I_near_maximally_mixed,0.01,0.22609617031156026,0.22609617031156026,0.0,1.3878056992022402e-17,6.938893903907228e-18,1,8.326818462000986e-17
near_mixed_eps0.999000,I_near_maximally_mixed,0.02,0.2042687669533425,0.20426876695334262,1.1102230246251565e-16,5.721961107750438e-17,3.469446951953614e-17,1,8.327202719413708e-17
near_mixed_eps0.999000,I_near_maximally_mixed,0.05,0.14968460056582877,0.14968460056582883,5.551115123125783e-17,5.1925945027789977e-17,4.163336342344337e-17,1,2.844110795513781e-16
near_mixed_eps0.999000,I_near_maximally_mixed,0.1,0.08716978160094332,0.08716978160094346,1.3877787807814457e-16,7.007939339706644e-17,4.163336342344337e-17,1,1.0008168198794305e-16
near_mixed_eps0.999000,I_near_maximally_mixed,0.15,0.049218678162432736,0.049218678162432736,0.0,3.469461027765998e-18,1.734723475976807e-18,1,8.326688248327267e-17
near_mixed_eps0.999000,I_near_maximally_mixed,0.2,0.02684357858534884,0.026843578585348835,3.469446951953614e-18,4.249188718129892e-18,3.469446951953614e-18,1,1.3877799175098907e-16
near_mixed_eps0.999000,I_near_maximally_mixed,0.3,0.007061886311673033,0.007061886311673034,8.673617379884035e-19,4.336808755057518e-19,2.168404344971009e-19,1,3.925231758894083e-17
near_mixed_eps0.999000,I_near_maximally_mixed,0.5,0.00024414067077636696,0.000244140670776367,5.421010862427522e-20,2.7105054413153016e-20,1.3552527156068805e-20,1,4.7954511764268e-21
near_mixed_eps0.999000,I_near_maximally_mixed,0.75,2.3841858189553e-07,2.3841858189553e-07,0.0,3.5707053085952084e-29,2.5248699373264754e-29,1,1.497662355859052e-22
near_mixed_eps0.999000,I_near_maximally_mixed,1.0,0.0,0.0,0.0,0.0,0.0,0,
belldiag_0.5_0.3_0.15_0.05,J_bell_diagonal_asymmetric,0.0,0.36499999999999955,0.36499999999999955,0.0,8.168389516398184e-17,5.551115123125783e-17,1,2.409539238294054e-16
belldiag_0.5_0.3_0.15_0.05,J_bell_diagonal_asymmetric,1e-06,0.36499589002171423,0.3649958900217143,5.551115123125783e-17,4.8129190969445184e-17,2.7755575615628914e-17,1,1.4385897631987932e-16
belldiag_0.5_0.3_0.15_0.05,J_bell_diagonal_asymmetric,0.0001,0.3645892170781563,0.3645892170781565,2.220446049250313e-16,1.6304961607375137e-16,1.1102230246251565e-16,1,8.488382953590485e-17
belldiag_0.5_0.3_0.15_0.05,J_bell_diagonal_asymmetric,0.001,0.3609116433073215,0.36091164330732156,5.551115123125783e-17,4.415703695767451e-17,2.784481151595492e-17,1,1.0158147808296298e-16
belldiag_0.5_0.3_0.15_0.05,J_bell_diagonal_asymmetric,0.005,0.344983996349214,0.34498399634921406,5.551115123125783e-17,6.870529793742017e-17,5.551115123125783e-17,1,1.74693424693973e-16
belldiag_0.5_0.3_0.15_0.05,J_bell_diagonal_asymmetric,0.01,0.32600128722063315,0.32600128722063326,1.1102230246251565e-16,6.285407512104397e-17,4.163336342344337e-17,1,2.8848482381817797e-16
belldiag_0.5_0.3_0.15_0.05,J_bell_diagonal_asymmetric,0.02,0.2909370249915,0.2909370249915,0.0,3.2569273234795645e-17,2.0818893293649017e-17,1,9.434525359945868e-17
belldiag_0.5_0.3_0.15_0.05,J_bell_diagonal_asymmetric,0.05,0.2057668574078802,0.2057668574078802,0.0,3.410697374779387e-17,1.3908326837659944e-17,1,1.7296345214016058e-16
belldiag_0.5_0.3_0.15_0.05,J_bell_diagonal_asymmetric,0.1,0.11347792134820503,0.11347792134820504,1.3877787807814457e-17,6.6271580428430744e-18,3.469446951953614e-18,1,6.301014704436842e-17
belldiag_0.5_0.3_0.15_0.05,J_bell_diagonal_asymmetric,0.15,0.06103711308123225,0.06103711308123225,0.0,6.6061615237754325e-18,5.204170427930421e-18,1,1.0569899674695039e-16
belldiag_0.5_0.3_0.15_0.05,J_bell_diagonal_asymmetric,0.2,0.03190129908776958,0.031901299087769584,6.938893903907228e-18,4.6001964836391556e-18,2.6020852139652106e-18,1,4.453038869206799e-17
belldiag_0.5_0.3_0.15_0.05,J_bell_diagonal_asymmetric,0.3,0.007841837758776327,0.007841837758776334,6.938893903907228e-18,3.879006964741093e-18,2.6020852139652106e-18,1,2.4207940244692e-16
belldiag_0.5_0.3_0.15_0.05,J_bell_diagonal_asymmetric,0.5,0.0002511596679687497,0.0002511596679687497,0.0,2.8755992269336456e-20,2.0328790734103208e-20,1,1.1778451892899477e-16
belldiag_0.5_0.3_0.15_0.05,J_bell_diagonal_asymmetric,0.75,2.3884698748588523e-07,2.3884698748588534e-07,1.0587911840678754e-22,5.293956005579229e-23,2.6469779601696886e-23,1,2.5980872115048204e-20
belldiag_0.5_0.3_0.15_0.05,J_bell_diagonal_asymmetric,1.0,0.0,0.0,0.0,0.0,0.0,0,
belldiag_0.7_0.1_0.1_0.1,J_bell_diagonal_asymmetric,0.0,0.5199999999999994,0.5199999999999994,0.0,4.3974408389954667e-17,2.776178234087856e-17,1,8.79354018531214e-17
belldiag_0.7_0.1_0.1_0.1,J_bell_diagonal_asymmetric,1e-06,0.519993720035819,0.5199937200358191,1.1102230246251565e-16,1.21048860027096e-16,8.326672684688674e-17,1,1.8506135058862062e-16
belldiag_0.7_0.1_0.1_0.1,J_bell_diagonal_asymmetric,0.0001,0.5193723580717515,0.5193723580717517,2.220446049250313e-16,2.0864757531296106e-16,1.1102289823199924e-16,1,1.547711601439316e-16
belldiag_0.7_0.1_0.1_0.1,J_bell_diagonal_asymmetric,0.001,0.5137556920421664,0.5137556920421664,0.0,1.6454696536310014e-16,1.1125513203775048e-16,1,3.289340358458616e-16
belldiag_0.7_0.1_0.1_0.1,J_bell_diagonal_asymmetric,0.005,0.48947966485860156,0.4894796648586016,5.551115123125783e-17,7.344033549542065e-17,5.551115123125783e-17,1,2.1486915606674856e-16
belldiag_0.7_0.1_0.1_0.1,J_bell_diagonal_asymmetric,0.01,0.4606568881998244,0.46065688819982464,2.220446049250313e-16,1.6305208575006337e-16,1.1102230246251565e-16,1,3.2712282157634694e-16
belldiag_0.7_0.1_0.1_0.1,J_bell_diagonal_asymmetric,0.02,0.4077515259201095,0.40775152592010944,5.551115123125783e-17,7.09276588907852e-17,5.551115123125783e-17,1,1.9129581701621918e-16
belldiag_0.7_0.1_0.1_0.1,J_bell_diagonal_asymmetric,0.05,0.2813564791707871,0.2813564791707871,0.0,6.283759464826337e-17,4.1633478408889507e-17,1,1.7624872848795708e-16
belldiag_0.7_0.1_0.1_0.1,J_bell_diagonal_asymmetric,0.1,0.14893694965339455,0.14893694965339455,0.0,1.1059380594088091e-17,6.938893903907228e-18,1,8.826746095190818e-17
belldiag_0.7_0.1_0.1_0.1,J_bell_diagonal_asymmetric,0.15,0.0769664118585193,0.07696641185851931,1.3877787807814457e-17,1.3229787544523466e-17,6.955742854363573e-18,1,1.3123822827947537e-16
belldiag_0.7_0.1_0.1_0.1,J_bell_diagonal_asymmetric,0.2,0.038718271179980786,0.03871827117998079,6.938893903907228e-18,1.0059199752007852e-17,6.071539955809249e-18,1,2.253716107206011e-16
belldiag_0.7_0.1_0.1_0.1,J_bell_diagonal_asymmetric,0.3,0.00889308352169228,0.008893083521692283,3.469446951953614e-18,2.152206451140214e-18,1.3010426069826053e-18,1,2.625532003577185e-17
belldiag_0.7_0.1_0.1_0.1,J_bell_diagonal_asymmetric,0.5,0.0002606201171874996,0.00026062011718749965,5.421010862427522e-20,3.8337038114019356e-20,2.710505431213761e-20,1,1.110495248817468e-16
belldiag_0.7_0.1_0.1_0.1,J_bell_diagonal_asymmetric,0.75,2.3942440748214683e-07,2.3942440748214694e-07,1.0587911840678754e-22,5.293955999625781e-23,2.6469779601696886e-23,1,7.67128781943719e-20
belldiag_0.7_0.1_0.1_0.1,J_bell_diagonal_asymmetric,1.0,0.0,0.0,0.0,0.0,0.0,0,
belldiag_0.4_0.4_0.15_0.05,J_bell_diagonal_asymmetric,0.0,0.34499999999999953,0.3449999999999996,5.551115123125783e-17,3.986145787856253e-17,2.7755575615628914e-17,1,9.582419275848135e-17
belldiag_0.4_0.4_0.15_0.05,J_bell_diagonal_asymmetric,1e-06,0.34499617001989435,0.3449961700198943,5.551115123125783e-17,5.638024708785736e-17,5.551115123125783e-17,1,1.3058500552005912e-16
belldiag_0.4_0.4_0.15_0.05,J_bell_diagonal_asymmetric,0.0001,0.3446171988854343,0.3446171988854344,1.1102230246251565e-16,8.108049863534763e-17,5.551115123125783e-17,1,6.897720149433534e-17
belldiag_0.4_0.4_0.15_0.05,J_bell_diagonal_asymmetric,0.001,0.34118983056734153,0.34118983056734153,0.0,2.0572335442325482e-17,1.3877787807814457e-17,1,6.068688774715318e-17
belldiag_0.4_0.4_0.15_0.05,J_bell_diagonal_asymmetric,0.005,0.32633939396090583,0.32633939396090594,1.1102230246251565e-16,1.3023368840702966e-16,1.1102230246251565e-16,1,1.7667483886845973e-16
belldiag_0.4_0.4_0.15_0.05,J_bell_diagonal_asymmetric,0.01,0.30862637096525347,0.3086263709652535,5.551115123125783e-17,5.572851344274521e-17,5.551115123125783e-17,1,1.5819647338680154e-16
belldiag_0.4_0.4_0.15_0.05,J_bell_diagonal_asymmetric,0.02,0.2758641861620019,0.2758641861620019,0.0,3.957225936724348e-17,2.7755575615628914e-17,1,1.5294125926102628e-16
belldiag_0.4_0.4_0.15_0.05,J_bell_diagonal_asymmetric,0.05,0.1960133578255696,0.19601335782556967,5.551115123125783e-17,3.1060614381095855e-17,2.7755575615628914e-17,1,1.3679619414613098e-16
belldiag_0.4_0.4_0.15_0.05,J_bell_diagonal_asymmetric,0.1,0.10890256285721284,0.10890256285721282,1.3877787807814457e-17,1.3105309142194473e-17,1.0408340855860843e-17,1,1.2078423729385552e-16
belldiag_0.4_0.4_0.15_0.05,J_bell_diagonal_asymmetric,0.15,0.05898171969061457,0.05898171969061457,0.0,1.0982738876804565e-17,6.938893903907228e-18,1,1.7573777262874294e-16
belldiag_0.4_0.4_0.15_0.05,J_bell_diagonal_asymmetric,0.2,0.031021689785548784,0.031021689785548787,3.469446951953614e-18,4.069752929799843e-18,2.6020852139652106e-18,1,1.3023244520237322e-16
belldiag_0.4_0.4_0.15_0.05,J_bell_diagonal_asymmetric,0.3,0.007706193144206532,0.007706193144206534,1.734723475976807e-18,6.857933615157794e-19,4.336808689942018e-19,1,3.933381617080486e-17
belldiag_0.4_0.4_0.15_0.05,J_bell_diagonal_asymmetric,0.5,0.0002499389648437496,0.0002499389648437497,1.0842021724855044e-19,6.060883654108083e-20,4.0657581468206416e-20,1,1.1102270728802958e-16
belldiag_0.4_0.4_0.15_0.05,J_bell_diagonal_asymmetric,0.75,2.3877248167991606e-07,2.3877248167991606e-07,0.0,1.616318791805162e-27,8.083279985186525e-28,1,6.774305611171669e-21
belldiag_0.4_0.4_0.15_0.05,J_bell_diagonal_asymmetric,1.0,0.0,0.0,0.0,0.0,0.0,0,
belldiag_0.25_0.25_0.25_0.25,J_bell_diagonal_asymmetric,0.0,0.2499999999999996,0.24999999999999972,1.1102230246251565e-16,5.551115123125783e-17,2.7755575615628914e-17,1,0.0
belldiag_0.25_0.25_0.25_0.25,J_bell_diagonal_asymmetric,1e-06,0.24999750001124946,0.24999750001124954,8.326672684688674e-17,4.163336342344337e-17,2.0816681711721685e-17,1,5.551115123125783e-17
belldiag_0.25_0.25_0.25_0.25,J_bell_diagonal_asymmetric,0.0001,0.24975011247000495,0.24975011247000498,2.7755575615628914e-17,1.3877787807814457e-17,6.938893903907228e-18,1,0.0
belldiag_0.25_0.25_0.25_0.25,J_bell_diagonal_asymmetric,0.001,0.24751122005243675,0.2475112200524367,5.551115123125783e-17,3.1031676915590914e-17,2.0816681711721685e-17,1,5.551115123125783e-17
belldiag_0.25_0.25_0.25_0.25,J_bell_diagonal_asymmetric,0.005,0.23777753261644258,0.23777753261644263,5.551115123125783e-17,2.7755575615628914e-17,1.3877787807814457e-17,1,5.551115123125783e-17
belldiag_0.25_0.25_0.25_0.25,J_bell_diagonal_asymmetric,0.01,0.2260955187522008,0.22609551875220077,2.7755575615628914e-17,1.3877787807814457e-17,6.938893903907228e-18,1,5.551115123125783e-17
belldiag_0.25_0.25_0.25_0.25,J_bell_diagonal_asymmetric,0.02,0.20426820172188642,0.20426820172188648,5.551115123125783e-17,2.7755575615628914e-17,1.3877787807814457e-17,1,5.551115123125783e-17
belldiag_0.25_0.25_0.25_0.25,J_bell_diagonal_asymmetric,0.05,0.14968423480959436,0.14968423480959436,0.0,0.0,0.0,1,0.0
belldiag_0.25_0.25_0.25_0.25,J_bell_diagonal_asymmetric,0.1,0.08716961002499993,0.08716961002499991,1.3877787807814457e-17,6.938893903907228e-18,3.469446951953614e-18,1,0.0
belldiag_0.25_0.25_0.25_0.25,J_bell_diagonal_asymmetric,0.15,0.049218601085180565,0.04921860108518057,6.938893903907228e-18,6.009258394948637e-18,5.204170427930421e-18,1,1.0007415106216802e-16
belldiag_0.25_0.25_0.25_0.25,J_bell_diagonal_asymmetric,0.2,0.02684354559999997,0.026843545599999987,1.734723475976807e-17,8.845388854693243e-18,5.204170427930421e-18,1,7.850462293418876e-17
belldiag_0.25_0.25_0.25_0.25,J_bell_diagonal_asymmetric,0.3,0.007061881224999985,0.007061881224999985,0.0,6.133173666733497e-19,4.336808689942018e-19,1,7.850462293418876e-17
belldiag_0.25_0.25_0.25_0.25,J_bell_diagonal_asymmetric,0.5,0.00024414062499999962,0.00024414062499999976,1.3552527156068805e-19,6.776263578034403e-20,3.3881317890172014e-20,1,0.0
belldiag_0.25_0.25_0.25_0.25,J_bell_diagonal_asymmetric,0.75,2.3841857910156213e-07,2.3841857910156224e-07,1.0587911840678754e-22,5.293955920339377e-23,2.6469779601696886e-23,1,0.0
belldiag_0.25_0.25_0.25_0.25,J_bell_diagonal_asymmetric,1.0,0.0,0.0,0.0,0.0,0.0,0,
isotropic_eps0.05,K_bell_isotropic,0.0,0.9268749999999994,0.9268749999999994,0.0,9.615595855602389e-17,5.551115123125783e-17,1,9.87537721973509e-17
isotropic_eps0.05,K_bell_isotropic,1e-06,0.9268630238228444,0.9268630238228445,1.1102230246251565e-16,1.57009292660585e-16,1.1102230246251565e-16,1,1.6177049555654585e-16
isotropic_eps0.05,K_bell_isotropic,0.0001,0.9256781031799401,0.9256781031799403,1.1102230246251565e-16,7.8829644653839e-17,5.551115123125783e-17,1,1.571991964577281e-16
isotropic_eps0.05,K_bell_isotropic,0.001,0.9149713199711351,0.9149713199711353,2.220446049250313e-16,1.1775705548409108e-16,5.551115123125783e-17,1,1.9993863948172418e-16
isotropic_eps0.05,K_bell_isotropic,0.005,0.8687807946957444,0.8687807946957444,0.0,1.4152626587183898e-16,1.1102230246251565e-16,1,1.5013947010370073e-16
isotropic_eps0.05,K_bell_isotropic,0.01,0.8141278407702024,0.8141278407702028,4.440892098500626e-16,2.3236014167017455e-16,1.6653345369377348e-16,1,3.530457953188221e-16
isotropic_eps0.05,K_bell_isotropic,0.02,0.7143895908577103,0.7143895908577107,4.440892098500626e-16,2.7478155316768666e-16,1.1104055131951738e-16,1,3.5586248223058953e-16
isotropic_eps0.05,K_bell_isotropic,0.05,0.47977923629841834,0.47977923629841834,0.0,7.090233086049171e-17,2.7932439210088643e-17,1,1.4368642422399467e-16
isotropic_eps0.05,K_bell_isotropic,0.1,0.2420168989545172,0.24201689895451722,2.7755575615628914e-17,4.388546028149545e-17,2.7755575615628914e-17,1,2.0136512400028616e-16
isotropic_eps0.05,K_bell_isotropic,0.15,0.11878082114889787,0.11878082114889787,0.0,3.141717836627692e-17,1.734723475976807e-17,1,2.669445784096911e-16
isotropic_eps0.05,K_bell_isotropic,0.2,0.056612822922035205,0.05661282292203523,2.7755575615628914e-17,1.9320079278669036e-17,1.0408340855860843e-17,1,8.797772741465237e-17
isotropic_eps0.05,K_bell_isotropic,0.3,0.01165260364934665,0.011652603649346654,3.469446951953614e-18,2.6787979506502914e-18,2.168404344971009e-18,1,2.0448304341348665e-16
isotropic_eps0.05,K_bell_isotropic,0.5,0.0002854537963867186,0.0002854537963867187,1.0842021724855044e-19,6.061170620475167e-20,4.0657581468206416e-20,1,1.1201350614136434e-16
isotropic_eps0.05,K_bell_isotropic,0.75,2.4094013497233373e-07,2.4094013497233394e-07,2.117582368135751e-22,1.0587911880160318e-22,5.293955920339377e-23,1,8.777205025924093e-17
isotropic_eps0.05,K_bell_isotropic,1.0,0.0,0.0,0.0,0.0,0.0,0,
isotropic_eps0.2,K_bell_isotropic,0.0,0.7299999999999996,0.73,3.3306690738754696e-16,2.3554413890420044e-16,1.110544061753641e-16,1,2.4562126453630894e-16
isotropic_eps0.2,K_bell_isotropic,1e-06,0.7299907800549291,0.7299907800549292,1.1102230246251565e-16,3.261168965908798e-16,2.2204495889265805e-16,1,3.1884778334986283e-16
isotropic_eps0.2,K_bell_isotropic,0.0001,0.7290785490953332,0.7290785490953331,1.1102230246251565e-16,3.598011958044514e-16,2.2206534796367107e-16,1,6.2769482541027775e-16
isotropic_eps0.2,K_bell_isotropic,0.001,0.7208347258119572,0.7208347258119572,0.0,3.2654500018745905e-16,2.223762772402605e-16,1,4.813454345928685e-16
isotropic_eps0.2,K_bell_isotropic,0.005,0.6852479899358369,0.6852479899358372,3.3306690738754696e-16,1.7990797556214343e-16,1.1102230246251565e-16,1,5.406394153390822e-16
isotropic_eps0.2,K_bell_isotropic,0.01,0.6430935088813103,0.6430935088813103,0.0,1.6203638010591653e-16,1.1110103866127455e-16,1,3.20133982768809e-16
isotropic_eps0.2,K_bell_isotropic,0.02,0.5660163336298392,0.5660163336298394,2.220446049250313e-16,1.1787893707705575e-16,5.551115123125783e-17,1,3.182636070918017e-16
isotropic_eps0.2,K_bell_isotropic,0.05,0.3837682247850486,0.3837682247850486,0.0,1.4166038363968026e-18,7.778767961953133e-19,1,3.6913004905245944e-18
isotropic_eps0.2,K_bell_isotropic,0.1,0.19697821380881275,0.19697821380881275,0.0,9.813077866773595e-18,6.938893903907228e-18,1,5.887846720064156e-17
isotropic_eps0.2,K_bell_isotropic,0.15,0.09854804246000504,0.09854804246000506,2.7755575615628914e-17,2.1682478601423188e-17,1.3877787807814457e-17,1,1.340667589805387e-16
isotropic_eps0.2,K_bell_isotropic,0.2,0.04795416885329923,0.04795416885329923,0.0,1.6914507810971293e-19,1.1959688650130288e-19,1,3.527223641956121e-18
isotropic_eps0.2,K_bell_isotropic,0.3,0.010317351974675183,0.010317351974675187,3.469446951953614e-18,2.2325846086422677e-18,1.734723475976807e-18,1,1.401701130047034e-16
isotropic_eps0.2,K_bell_isotropic,0.5,0.0002734374999999999,0.0002734374999999999,0.0,2.3964637355726668e-21,1.694555758291078e-21,1,4.911061728315739e-18
isotropic_eps0.2,K_bell_isotropic,0.75,2.402067184448241e-07,2.402067184448241e-07,0.0,3.65671346370341e-26,2.5856868870408295e-26,1,1.5337302151698736e-19
isotropic_eps0.2,K_bell_isotropic,1.0,0.0,0.0,0.0,0.0,0.0,0,
isotropic_eps0.4,K_bell_isotropic,0.0,0.5199999999999996,0.5199999999999998,2.220446049250313e-16,1.4692483405002147e-16,8.326672684688674e-17,1,1.2827886757250408e-16
isotropic_eps0.4,K_bell_isotropic,1e-06,0.5199937200358193,0.5199937200358193,0.0,1.1103670103134004e-16,5.551115123125783e-17,1,1.6685776108438632e-16
isotropic_eps0.4,K_bell_isotropic,0.0001,0.519372358071752,0.519372358071752,0.0,2.812064887961282e-17,1.392274750386122e-17,1,5.517531668799629e-17
isotropic_eps0.4,K_bell_isotropic,0.001,0.5137556920421668,0.5137556920421669,1.1102230246251565e-16,1.8928781735483233e-16,1.1102461839736945e-16,1,2.1159425252764095e-16
isotropic_eps0.4,K_bell_isotropic,0.005,0.48947966485860184,0.48947966485860195,1.1102230246251565e-16,1.724553443982051e-16,1.1102230246251565e-16,1,2.0330573054800293e-16
isotropic_eps0.4,K_bell_isotropic,0.01,0.46065688819982487,0.460656888199825,1.1102230246251565e-16,1.1942113926365873e-16,8.326672684688674e-17,1,1.837736190637538e-16
isotropic_eps0.4,K_bell_isotropic,0.02,0.4077515259201098,0.40775152592010977,5.551115123125783e-17,1.195726045883342e-16,5.571220510654453e-17,1,2.92486133636334e-16
isotropic_eps0.4,K_bell_isotropic,0.05,0.2813564791707873,0.2813564791707873,0.0,4.90814434167607e-17,2.7755575615628914e-17,1,1.8873239727424645e-16
isotropic_eps0.4,K_bell_isotropic,0.1,0.1489369496533947,0.1489369496533947,0.0,6.944039167439688e-34,4.81482486096809e-34,1,4.594564125692424e-33
isotropic_eps0.4,K_bell_isotropic,0.15,0.07696641185851934,0.07696641185851935,1.3877787807814457e-17,8.855922165685517e-18,5.204170427930421e-18,1,7.09851604848322e-17
isotropic_eps0.4,K_bell_isotropic,0.2,0.03871827117998079,0.03871827117998081,1.3877787807814457e-17,1.0994405257983568e-17,6.938893903907228e-18,1,1.332387589517996e-16
isotropic_eps0.4,K_bell_isotropic,0.3,0.008893083521692286,0.008893083521692286,0.0,9.367505255615362e-19,6.505213034913027e-19,1,1.1978493278273243e-16
isotropic_eps0.4,K_bell_isotropic,0.5,0.00026062011718749976,0.0002606201171874998,5.421010862427522e-20,2.713158194086946e-20,1.3552527156068805e-20,1,8.780543741293464e-17
isotropic_eps0.4,K_bell_isotropic,0.75,2.3942440748214704e-07,2.3942440748214715e-07,1.0587911840678754e-22,5.918822936869827e-23,3.970466940254533e-23,1,1.110223290025286e-16
isotropic_eps0.4,K_bell_isotropic,1.0,0.0,0.0,0.0,0.0,0.0,0,
isotropic_eps0.6,K_bell_isotropic,0.0,0.3699999999999999,0.3699999999999999,0.0,9.000764363420831e-17,5.555706507999477e-17,1,2.5323558222369107e-16
isotropic_eps0.6,K_bell_isotropic,1e-06,0.3699958200221696,0.3699958200221696,0.0,9.616246861396359e-17,5.551115123125783e-17,1,3.0296979790065107e-16
isotropic_eps0.6,K_bell_isotropic,0.0001,0.36958222162633714,0.36958222162633714,0.0,4.427184163569914e-17,2.7755575615628914e-17,1,1.3828779789497834e-16
isotropic_eps0.6,K_bell_isotropic,0.001,0.3658420964923169,0.3658420964923169,0.0,8.094009855051275e-17,5.551494752597163e-17,1,2.4159506519024685e-16
isotropic_eps0.6,K_bell_isotropic,0.005,0.34964514694629134,0.34964514694629156,2.220446049250313e-16,1.3600078463495927e-16,5.55438650659082e-17,1,2.838370477020032e-16
isotropic_eps0.6,K_bell_isotropic,0.01,0.3303450162844783,0.3303450162844783,0.0,7.150022942384553e-17,4.1641020717812775e-17,1,1.990114114693115e-16
isotropic_eps0.6,K_bell_isotropic,0.02,0.29470523469887466,0.29470523469887466,0.0,9.823016856364663e-18,6.938893903907228e-18,1,1.968331996943803e-17
isotropic_eps0.6,K_bell_isotropic,0.05,0.208205232303458,0.2082052323034581,1.1102230246251565e-16,6.527872158257908e-17,4.163336342344337e-17,1,8.430853887387461e-17
isotropic_eps0.6,K_bell_isotropic,0.1,0.1146217609709532,0.1146217609709532,0.0,2.223095409470102e-17,1.3879067956740226e-17,1,1.8077495381417874e-16
isotropic_eps0.6,K_bell_isotropic,0.15,0.06155096142888672,0.06155096142888673,1.3877787807814457e-17,9.817118516889693e-18,6.938893903907228e-18,1,9.625694954441067e-17
isotropic_eps0.6,K_bell_isotropic,0.2,0.03212120141332479,0.032121201413324814,2.0816681711721685e-17,1.0426593551565505e-17,5.204170427930421e-18,1,1.6297616540240062e-16
isotropic_eps0.6,K_bell_isotropic,0.3,0.007875748912418788,0.007875748912418788,0.0,3.833693748243025e-19,2.168404344971009e-19,1,4.907118574930758e-17
isotropic_eps0.6,K_bell_isotropic,0.5,0.00025146484374999995,0.00025146484375000006,1.0842021724855044e-19,5.422336867177604e-20,2.710505431213761e-20,1,2.142784836774586e-19
isotropic_eps0.6,K_bell_isotropic,0.75,2.388656139373778e-07,2.3886561393737784e-07,5.293955920339377e-23,2.64697859253528e-23,1.3234889800848443e-23,1,3.442090427133225e-21
isotropic_eps0.6,K_bell_isotropic,1.0,0.0,0.0,0.0,0.0,0.0,0,
isotropic_eps0.8,K_bell_isotropic,0.0,0.27999999999999975,0.2799999999999998,5.551115123125783e-17,4.3906825792986185e-17,2.7755575615628914e-17,1,7.86571538253935e-17
isotropic_eps0.8,K_bell_isotropic,1e-06,0.2799970800139797,0.2799970800139797,0.0,2.9443163642738756e-17,1.3877787807814457e-17,1,1.1643539253420224e-16
isotropic_eps0.8,K_bell_isotropic,0.0001,0.27970813975908815,0.27970813975908815,0.0,3.298716709623014e-17,2.0816681711721685e-17,1,1.1333928956683486e-16
isotropic_eps0.8,K_bell_isotropic,0.001,0.2770939391624069,0.27709393916240693,5.551115123125783e-17,4.5236546105949514e-17,2.7755765862299786e-17,1,1.1242808468345056e-16
isotropic_eps0.8,K_bell_isotropic,0.005,0.26574443619890487,0.265744436198905,1.1102230246251565e-16,6.530175042189605e-17,4.163336342344337e-17,1,1.6303017071768164e-16
isotropic_eps0.8,K_bell_isotropic,0.01,0.25215789313527026,0.2521578931352704,1.1102230246251565e-16,7.409071869106301e-17,5.551115123125783e-17,1,2.4198486048933e-16
isotropic_eps0.8,K_bell_isotropic,0.02,0.2268774599661335,0.22687745996613357,5.551115123125783e-17,5.97259806378188e-17,5.551115123125783e-17,1,1.8933884689726717e-16
isotropic_eps0.8,K_bell_isotropic,0.05,0.16431448418306044,0.16431448418306047,2.7755575615628914e-17,3.443518942947802e-17,2.7755575615628914e-17,1,1.5277090727948587e-16
isotropic_eps0.8,K_bell_isotropic,0.1,0.0940326477614883,0.09403264776148829,1.3877787807814457e-17,9.813748679336189e-18,6.938893903907228e-18,1,1.3878324265299173e-16
isotropic_eps0.8,K_bell_isotropic,0.15,0.052301691171107126,0.052301691171107126,0.0,5.0958923745488406e-18,3.469446951953614e-18,1,1.0267599579920157e-16
isotropic_eps0.8,K_bell_isotropic,0.2,0.028162959553331198,0.028162959553331195,3.469446951953614e-18,2.6417502745558176e-18,1.734723475976807e-18,1,1.3073584134173342e-16
isotropic_eps0.8,K_bell_isotropic,0.3,0.007265348146854685,0.007265348146854688,2.6020852139652106e-18,1.3033257109769388e-18,6.505213034913027e-19,1,5.0371815189815205e-18
isotropic_eps0.8,K_bell_isotropic,0.5,0.00024597167968749985,0.00024597167968749985,0.0,3.002010746455321e-22,2.1226132192898426e-22,1,1.2295793211807698e-18
isotropic_eps0.8,K_bell_isotropic,0.75,2.385303378105162e-07,2.3853033781051626e-07,5.293955920339377e-23,4.584700336412493e-23,3.970466940254533e-23,1,1.5700924587407992e-16
isotropic_eps0.8,K_bell_isotropic,1.0,0.0,0.0,0.0,0.0,0.0,0,
isotropic_eps1,K_bell_isotropic,0.0,0.2499999999999998,0.24999999999999983,2.7755575615628914e-17,1.3877787807814457e-17,6.938893903907228e-18,1,0.0
isotropic_eps1,K_bell_isotropic,1e-06,0.2499975000112496,0.24999750001124957,2.7755575615628914e-17,1.962615573354719e-17,1.3877787807814457e-17,1,1.1775693440128312e-16
isotropic_eps1,K_bell_isotropic,0.0001,0.2497501124700051,0.24975011247000517,8.326672684688674e-17,4.163336342344337e-17,2.0816681711721685e-17,1,0.0
isotropic_eps1,K_bell_isotropic,0.001,0.24751122005243673,0.2475112200524368,8.326672684688674e-17,4.6027415078689346e-17,3.469446951953614e-17,1,1.0749688212373146e-16
isotropic_eps1,K_bell_isotropic,0.005,0.23777753261644274,0.23777753261644274,0.0,1.3877787807814457e-17,6.938893903907228e-18,1,8.777083671441753e-17
isotropic_eps1,K_bell_isotropic,0.01,0.2260955187522008,0.22609551875220077,2.7755575615628914e-17,1.3877787807814457e-17,6.938893903907228e-18,1,5.551115123125783e-17
isotropic_eps1,K_bell_isotropic,0.02,0.20426820172188645,0.20426820172188648,2.7755575615628914e-17,1.962615573354719e-17,1.3877787807814457e-17,1,7.850462293418876e-17
isotropic_eps1,K_bell_isotropic,0.05,0.14968423480959447,0.14968423480959459,1.1102230246251565e-16,5.721958498152797e-17,3.469446951953614e-17,1,8.777083671441753e-17
isotropic_eps1,K_bell_isotropic,0.1,0.08716961002499996,0.08716961002499996,0.0,0.0,0.0,1,0.0
isotropic_eps1,K_bell_isotropic,0.15,0.04921860108518059,0.0492186010851806,6.938893903907228e-18,3.469446951953614e-18,1.734723475976807e-18,1,0.0
isotropic_eps1,K_bell_isotropic,0.2,0.026843545599999984,0.026843545599999987,3.469446951953614e-18,1.734723475976807e-18,8.673617379884035e-19,1,0.0
isotropic_eps1,K_bell_isotropic,0.3,0.007061881224999985,0.007061881224999987,2.6020852139652106e-18,1.438356721209042e-18,1.0842021724855044e-18,1,7.850462293418876e-17
isotropic_eps1,K_bell_isotropic,0.5,0.0002441406249999998,0.00024414062499999984,2.710505431213761e-20,1.9166167708542177e-20,1.3552527156068805e-20,1,3.925231146709438e-17
isotropic_eps1,K_bell_isotropic,0.75,2.384185791015623e-07,2.384185791015623e-07,0.0,0.0,0.0,1,0.0
isotropic_eps1,K_bell_isotropic,1.0,0.0,0.0,0.0,0.0,0.0,0,
rand_pure_00,C_random_pure,0.0,0.9999999999999987,0.9999999999999987,0.0,1.6768594809361232e-16,1.1102230246251565e-16,1,1.6768594809361232e-16
rand_pure_00,C_random_pure,1e-06,0.9999879875401776,0.9999879875401777,1.1102230246251565e-16,2.1898779786837934e-16,1.3877787807814457e-16,1,1.5974533408876415e-16
rand_pure_00,C_random_pure,0.0001,0.9987994186363158,0.9987994186363162,3.3306690738754696e-16,1.8463195827281384e-16,1.1102230246251565e-16,1,1.4455566366144742e-16
rand_pure_00,C_random_pure,0.001,0.9880543982606351,0.9880543982606356,4.440892098500626e-16,3.257587142897895e-16,2.220446049250313e-16,1,3.3263294380600173e-16
rand_pure_00,C_random_pure,0.005,0.9415876349369312,0.9415876349369314,2.220446049250313e-16,2.3180475717379894e-16,1.1102230246251565e-16,1,1.2528499130684399e-16
rand_pure_00,C_random_pure,0.01,0.8863639257588622,0.8863639257588622,0.0,2.12516016327901e-16,8.355534721610418e-17,1,2.1432085566653465e-16
rand_pure_00,C_random_pure,0.02,0.7848424124153109,0.7848424124153108,1.1102230246251565e-16,1.377331113139258e-16,8.326672684688674e-17,1,3.0182194481103634e-16
rand_pure_00,C_random_pure,0.05,0.5414530308459565,0.5414530308459566,1.1102230246251565e-16,1.41100321757617e-16,1.1102230246251565e-16,1,1.8286322391181718e-16
rand_pure_00,C_random_pure,0.1,0.2852402505113032,0.2852402505113032,0.0,4.220764384040162e-17,2.7755575615628914e-17,1,1.545365047825326e-16
rand_pure_00,C_random_pure,0.15,0.1457846640674536,0.14578466406745363,2.7755575615628914e-17,3.4367669745070507e-17,1.734723475976807e-17,1,2.096074351170154e-16
rand_pure_00,C_random_pure,0.2,0.07204344772985058,0.0720434477298506,1.3877787807814457e-17,1.3520831388634434e-17,6.938893903907228e-18,1,1.5748767115257585e-16
rand_pure_00,C_random_pure,0.3,0.015633868188273576,0.015633868188273583,6.938893903907228e-18,5.227271390014495e-18,3.469446951953614e-18,1,1.6560931771579e-16
rand_pure_00,C_random_pure,0.5,0.00038032284755659153,0.0003803228475565917,1.6263032587282567e-19,9.114857748116442e-20,6.776263578034403e-20,1,1.1944463971105667e-16
rand_pure_00,C_random_pure,0.75,2.6880222436724584e-07,2.688022243672459e-07,5.293955920339377e-23,5.294279619515535e-23,5.293955920339377e-23,1,1.7111116292769067e-16
rand_pure_00,C_random_pure,1.0,0.0,0.0,0.0,0.0,0.0,0,
rand_pure_01,C_random_pure,0.0,0.9999999999999991,0.9999999999999993,2.220446049250313e-16,2.7772917432763307e-16,1.1295700899707568e-16,1,1.1072374543086952e-16
rand_pure_01,C_random_pure,1e-06,0.99998732138066,0.9999873213806605,4.440892098500626e-16,2.332541980949955e-16,1.1102230246251565e-16,1,3.639448198906424e-16
rand_pure_01,C_random_pure,0.0001,0.9987328850748667,0.9987328850748669,2.220446049250313e-16,1.930459645366694e-16,6.938893903907228e-17,1,1.5618292624957307e-16
rand_pure_01,C_random_pure,0.001,0.9873965097179245,0.9873965097179245,0.0,2.435541875787129e-16,1.1102230246251565e-16,1,2.4591502649036963e-16
rand_pure_01,C_random_pure,0.005,0.9384590817427809,0.9384590817427811,2.220446049250313e-16,2.9060631111760165e-16,1.3877787807814457e-16,1,2.259273380034784e-16
rand_pure_01,C_random_pure,0.01,0.8804886388170828,0.880488638817083,1.1102230246251565e-16,1.7779011562023213e-16,1.1102230246251565e-16,1,1.8477858857383873e-16
rand_pure_01,C_random_pure,0.02,0.7744919020520749,0.7744919020520749,0.0,2.0513792746554963e-16,8.582937747229195e-17,1,2.643732236593336e-16
rand_pure_01,C_random_pure,0.05,0.523904468238367,0.523904468238367,0.0,6.619282909410174e-17,2.501853776554201e-17,1,1.302776175515676e-16
rand_pure_01,C_random_pure,0.1,0.26736643032622776,0.2673664303262278,5.551115123125783e-17,3.728646776787171e-17,1.3877787807814457e-17,1,1.6161814523979628e-16
rand_pure_01,C_random_pure,0.15,0.1326371463020814,0.13263714630208143,2.7755575615628914e-17,2.894961920927904e-17,2.0816681711721685e-17,1,1.6825923505856184e-16
rand_pure_01,C_random_pure,0.2,0.06380328070120475,0.06380328070120476,1.3877787807814457e-17,1.2220261958258645e-17,6.938893903907228e-18,1,1.6042206482237547e-16
rand_pure_01,C_random_pure,0.3,0.01328260996987982,0.013282609969879827,6.938893903907228e-18,2.7471209897416397e-18,1.734723475976807e-18,1,1.32021460364232e-16
rand_pure_01,C_random_pure,0.5,0.00031933335981019383,0.0003193333598101939,5.421010862427522e-20,4.831360583891745e-20,4.0657581468206416e-20,1,1.582905467381019e-16
rand_pure_01,C_random_pure,0.75,2.501897097962016e-07,2.5018970979620165e-07,5.293955920339377e-23,3.7449430270346496e-23,2.6469779601696886e-23,1,1.178261434214665e-16
rand_pure_01,C_random_pure,1.0,0.0,0.0,0.0,0.0,0.0,0,
rand_pure_02,C_random_pure,0.0,0.9999999999999991,0.9999999999999996,4.440892098500626e-16,3.264968949650724e-16,1.249000902703301e-16,1,3.0640589238878973e-16
rand_pure_02,C_random_pure,1e-06,0.9999878173530803,0.999987817353081,6.661338147750939e-16,3.7069542960768924e-16,2.220446049250313e-16,1,4.501331660872032e-16
rand_pure_02,C_random_pure,0.0001,0.9987824209752572,0.998782420975257,1.1102230246251565e-16,2.8592958248358663e-16,1.1631705747361534e-16,1,4.499191863182219e-16
rand_pure_02,C_random_pure,0.001,0.9878863241906495,0.9878863241906493,2.220446049250313e-16,1.6302709355362946e-16,6.206335383118183e-17,1,3.113357474096621e-16
rand_pure_02,C_random_pure,0.005,0.9407883678356355,0.9407883678356356,1.1102230246251565e-16,2.0560681476862538e-16,8.777083671441753e-17,1,2.234125843541037e-16
rand_pure_02,C_random_pure,0.01,0.8848629368761997,0.8848629368761998,1.1102230246251565e-16,2.2887833992611187e-16,1.1102230246251565e-16,1,2.326599847404657e-16
rand_pure_02,C_random_pure,0.02,0.7821981158662138,0.7821981158662141,3.3306690738754696e-16,2.748099851611737e-16,1.6653345369377348e-16,1,2.8229659930664786e-16
rand_pure_02,C_random_pure,0.05,0.536969811959506,0.5369698119595061,1.1102230246251565e-16,9.763889196788756e-17,5.551115123125783e-17,1,1.6667795129466247e-16
rand_pure_02,C_random_pure,0.1,0.28067393644794536,0.28067393644794547,1.1102230246251565e-16,5.169359532705468e-17,2.7755575615628914e-17,1,2.6202939246848806e-16
rand_pure_02,C_random_pure,0.15,0.14242580207552225,0.14242580207552227,2.7755575615628914e-17,2.265126429687562e-17,1.3877787807814457e-17,1,9.349016929830716e-17
rand_pure_02,C_random_pure,0.2,0.06993829112663372,0.0699382911266337,1.3877787807814457e-17,1.298510337586686e-17,6.938893903907228e-18,1,1.854288759562231e-16
rand_pure_02,C_random_pure,0.3,0.015033180514454295,0.0150331805144543,5.204170427930421e-18,2.320293974212336e-18,1.734723475976807e-18,1,1.4979515507812777e-16
rand_pure_02,C_random_pure,0.5,0.00036474155868103776,0.00036474155868103776,0.0,3.144306781034373e-20,1.3552527156068805e-20,1,9.812227331222005e-17
rand_pure_02,C_random_pure,0.75,2.6404719236176673e-07,2.6404719236176684e-07,1.0587911840678754e-22,5.919004125928294e-23,3.970466940254533e-23,1,1.111996460698103e-16
rand_pure_02,C_random_pure,1.0,0.0,0.0,0.0,0.0,0.0,0,
rand_pure_03,C_random_pure,0.0,0.9999999999999994,0.9999999999999996,1.1102230246251565e-16,3.4784558176887644e-16,1.6883057536160646e-16,1,2.0595777971499126e-16
rand_pure_03,C_random_pure,1e-06,0.9999873872546239,0.9999873872546243,4.440892098500626e-16,3.920321537349984e-16,1.6653345369377348e-16,1,2.3387263717801085e-16
rand_pure_03,C_random_pure,0.0001,0.9987394643239862,0.9987394643239862,0.0,2.2117554247121401e-16,1.1188630228279524e-16,1,2.237726045655905e-16
rand_pure_03,C_random_pure,0.001,0.9874615657967023,0.9874615657967023,0.0,2.044325800678625e-16,8.326672684688674e-17,1,2.044325800678625e-16
rand_pure_03,C_random_pure,0.005,0.9387684523881803,0.9387684523881803,0.0,2.433564171948369e-16,1.1188630228279524e-16,1,2.4941438852581805e-16
rand_pure_03,C_random_pure,0.01,0.8810696234448911,0.8810696234448914,2.220446049250313e-16,1.8047794930253704e-16,8.326672684688674e-17,1,2.6936854058109515e-16
rand_pure_03,C_random_pure,0.02,0.775515424387341,0.7755154243873412,2.220446049250313e-16,2.338211630633392e-16,1.6653345369377348e-16,1,2.677550040238555e-16
rand_pure_03,C_random_pure,0.05,0.5256397783970308,0.525639778397031,2.220446049250313e-16,1.5616365749047817e-16,8.326672684688674e-17,1,1.4463890908364302e-16
rand_pure_03,C_random_pure,0.1,0.26913390396124093,0.269133903961241,5.551115123125783e-17,6.750950049778259e-17,4.163336342344337e-17,1,2.0134752377258409e-16
rand_pure_03,C_random_pure,0.15,0.133937253988941,0.13393725398894102,2.7755575615628914e-17,3.774767850203167e-17,1.734723475976807e-17,1,1.4262760966092848e-16
rand_pure_03,C_random_pure,0.2,0.06461811926511721,0.06461811926511724,2.7755575615628914e-17,1.5482467762591365e-17,1.0408340855860843e-17,1,1.9312389049331536e-16
rand_pure_03,C_random_pure,0.3,0.013515116891572431,0.013515116891572431,0.0,1.5934452603638887e-18,8.673617379884035e-19,1,1.547116611315631e-16
rand_pure_03,C_random_pure,0.5,0.000325364376710248,0.00032536437671024804,5.421010862427522e-20,4.014480461841464e-20,2.710505431213761e-20,1,9.126689985681991e-17
rand_pure_03,C_random_pure,0.75,2.520302300904076e-07,2.520302300904077e-07,1.0587911840678754e-22,6.483939959275408e-23,5.293955920339377e-23,1,1.3879193943619014e-16
rand_pure_03,C_random_pure,1.0,0.0,0.0,0.0,0.0,0.0,0,
rand_pure_04,C_random_pure,0.0,0.9999999999999993,0.9999999999999996,2.220446049250313e-16,2.663125423296093e-16,1.2412670766236366e-16,1,2.080800628658487e-16
rand_pure_04,C_random_pure,1e-06,0.9999875096934014,0.9999875096934014,0.0,2.827120313889564e-16,1.1443916996305594e-16,1,2.827120313889564e-16
rand_pure_04,C_random_pure,0.0001,0.998751693058539,0.998751693058539,0.0,3.1835838817813215e-16,1.4946834900704541e-16,1,3.2375721956934847e-16
rand_pure_04,C_random_pure,0.001,0.9875824843854427,0.9875824843854429,2.220446049250313e-16,2.451306065445149e-16,1.1102230246251565e-16,1,1.9641482682961288e-16
rand_pure_04,C_random_pure,0.005,0.9393434741623508,0.939343474162351,2.220446049250313e-16,2.8777593299067095e-16,1.1443916996305594e-16,1,2.3486131506373217e-16
rand_pure_04,C_random_pure,0.01,0.8821494893481916,0.8821494893481916,0.0,1.712375058312158e-16,8.326672684688674e-17,1,2.2035768360296216e-16
rand_pure_04,C_random_pure,0.02,0.777417827339533,0.777417827339533,0.0,1.7402657376242655e-16,8.777083671441753e-17,1,2.2155617675336807e-16
rand_pure_04,C_random_pure,0.05,0.5288651688502382,0.5288651688502383,1.1102230246251565e-16,1.0067376188629204e-16,4.2207643840401616e-17,1,1.4778785225980684e-16
rand_pure_04,C_random_pure,0.1,0.27241907610191274,0.27241907610191274,0.0,3.963378118336477e-17,1.734723475976807e-17,1,1.5375561800257355e-16
rand_pure_04,C_random_pure,0.15,0.13635374126667765,0.13635374126667765,0.0,2.4224095028101378e-17,1.0971354589302191e-17,1,1.6977262831201685e-16
rand_pure_04,C_random_pure,0.2,0.06613264536399745,0.06613264536399745,0.0,1.0138304889669714e-17,3.576224061345498e-18,1,1.592925830580377e-16
rand_pure_04,C_random_pure,0.3,0.013947273415170127,0.01394727341517013,3.469446951953614e-18,2.945360471838461e-18,2.6020852139652106e-18,1,1.7195651536775302e-16
rand_pure_04,C_random_pure,0.5,0.00033657412168606484,0.00033657412168606494,1.0842021724855044e-19,6.12907503756571e-20,4.0657581468206416e-20,1,8.26620082142205e-17
rand_pure_04,C_random_pure,0.75,2.554511727710157e-07,2.554511727710158e-07,1.0587911840678754e-22,5.919068930984995e-23,3.970466940254533e-23,1,1.1779254895149837e-16
rand_pure_04,C_random_pure,1.0,0.0,0.0,0.0,0.0,0.0,0,
rand_pure_05,C_random_pure,0.0,0.9999999999999987,0.9999999999999988,1.1102230246251565e-16,2.7336071744532853e-16,1.1102230246251565e-16,1,2.7336071744532853e-16
rand_pure_05,C_random_pure,1e-06,0.9999876276061199,0.9999876276061199,0.0,2.3387263717801085e-16,1.1857187100668868e-16,1,2.3387263717801085e-16
rand_pure_05,C_random_pure,0.0001,0.998763469747064,0.998763469747064,0.0,1.8226983168006664e-16,6.546139416680338e-17,1,1.8226983168006664e-16
rand_pure_05,C_random_pure,0.001,0.9876989331112156,0.9876989331112158,2.220446049250313e-16,2.9520895986321695e-16,1.6653345369377348e-16,1,1.6939998869943826e-16
rand_pure_05,C_random_pure,0.005,0.9398972397462172,0.9398972397462175,3.3306690738754696e-16,2.715936613215248e-16,1.1102230246251565e-16,1,1.4288057044435644e-16
rand_pure_05,C_random_pure,0.01,0.8831894370498266,0.8831894370498268,2.220446049250313e-16,2.451306065445149e-16,1.1102230246251565e-16,1,2.310245302642801e-16
rand_pure_05,C_random_pure,0.02,0.7792499062779175,0.7792499062779177,2.220446049250313e-16,1.888220805294463e-16,1.1102230246251565e-16,1,1.8824747269678055e-16
rand_pure_05,C_random_pure,0.05,0.5319713298823054,0.5319713298823056,1.1102230246251565e-16,1.2907088757326182e-16,5.551115123125783e-17,1,1.2018516789897276e-16
rand_pure_05,C_random_pure,0.1,0.2755828089383018,0.2755828089383018,0.0,4.895794114442188e-17,2.7755575615628914e-17,1,1.9310830781765413e-16
rand_pure_05,C_random_pure,0.15,0.13868090094718338,0.1386809009471834,2.7755575615628914e-17,3.3480612493563097e-17,2.0816681711721685e-17,1,1.7451007777668075e-16
rand_pure_05,C_random_pure,0.2,0.06759118566125444,0.06759118566125445,1.3877787807814457e-17,1.5249911552749456e-17,8.673617379884035e-18,1,1.7258537103753563e-16
rand_pure_05,C_random_pure,0.3,0.014363454889266719,0.014363454889266724,5.204170427930421e-18,2.736402568106157e-18,1.734723475976807e-18,1,1.066608098919475e-16
rand_pure_05,C_random_pure,0.5,0.0003473694884884537,0.0003473694884884537,0.0,2.8855119413003e-20,1.3552527156068805e-20,1,1.0411412308830477e-16
rand_pure_05,C_random_pure,0.75,2.5874565726881504e-07,2.5874565726881504e-07,0.0,2.6478684343487465e-23,1.3234889800848443e-23,1,1.1105965165662685e-16
rand_pure_05,C_random_pure,1.0,0.0,0.0,0.0,0.0,0.0,0,
rand_pure_06,C_random_pure,0.0,0.9999999999999988,0.9999999999999991,3.3306690738754696e-16,2.250598976658976e-16,1.1102230246251565e-16,1,3.2135020803729553e-16
rand_pure_06,C_random_pure,1e-06,0.9999872856985204,0.9999872856985209,5.551115123125783e-16,3.4096032946381683e-16,2.220446049250313e-16,1,4.495043106473239e-16
rand_pure_06,C_random_pure,0.0001,0.9987293212740802,0.9987293212740805,3.3306690738754696e-16,2.944332209886148e-16,1.2412670766236366e-16,1,3.1120765106014525e-16
rand_pure_06,C_random_pure,0.001,0.9873612706046891,0.987361270604689,1.1102230246251565e-16,2.373973988855638e-16,1.1102230246251565e-16,1,2.516006952684709e-16
rand_pure_06,C_random_pure,0.005,0.9382915040558135,0.9382915040558139,3.3306690738754696e-16,2.9324524210443734e-16,2.220446049250313e-16,1,2.059869998016411e-16
rand_pure_06,C_random_pure,0.01,0.8801739352033442,0.8801739352033444,2.220446049250313e-16,2.1234602615298965e-16,1.1102230246251565e-16,1,1.9684334651859762e-16
rand_pure_06,C_random_pure,0.02,0.7739374877659937,0.7739374877659939,2.220446049250313e-16,2.2532715805891774e-16,1.6653345369377348e-16,1,1.8638390856478132e-16
rand_pure_06,C_random_pure,0.05,0.5229644977955187,0.5229644977955188,1.1102230246251565e-16,1.1351508725348295e-16,5.551115123125783e-17,1,1.8147562384249223e-16
rand_pure_06,C_random_pure,0.1,0.26640903780067193,0.266409037800672,5.551115123125783e-17,6.996120637701921e-17,5.551115123125783e-17,1,1.8915646234815537e-16
rand_pure_06,C_random_pure,0.15,0.13193291323338963,0.13193291323338968,5.551115123125783e-17,3.354795539598935e-17,2.7755575615628914e-17,1,2.5076675153007207e-16
rand_pure_06,C_random_pure,0.2,0.06336190475354112,0.06336190475354117,5.551115123125783e-17,2.847966120001041e-17,2.0816681711721685e-17,1,3.379195024098705e-16
rand_pure_06,C_random_pure,0.3,0.013156667277124003,0.013156667277124005,1.734723475976807e-18,2.847966120001041e-18,2.6020852139652106e-18,1,2.349637962795021e-16
rand_pure_06,C_random_pure,0.5,0.0003160665215461146,0.0003160665215461146,0.0,4.3086427161433535e-21,1.8940232492426095e-21,1,1.5216730175204338e-17
rand_pure_06,C_random_pure,0.75,2.491927498767436e-07,2.491927498767438e-07,1.5881867761018131e-22,8.291699377183546e-23,4.632211430296955e-23,1,6.224596957256462e-17
rand_pure_06,C_random_pure,1.0,0.0,0.0,0.0,0.0,0.0,0,
rand_pure_07,C_random_pure,0.0,0.9999999999999988,0.999999999999999,2.220446049250313e-16,2.9176378038049177e-16,1.1443916996305594e-16,1,2.127459948527095e-16
rand_pure_07,C_random_pure,1e-06,0.9999877035119289,0.9999877035119291,2.220446049250313e-16,2.237726045655905e-16,1.1102230246251565e-16,1,1.9503492260212518e-16
rand_pure_07,C_random_pure,0.0001,0.9987710509399511,0.9987710509399517,5.551115123125783e-16,4.675393552290024e-16,3.3306690738754696e-16,1,3.3895093998066275e-16
rand_pure_07,C_random_pure,0.001,0.9877738964805585,0.9877738964805589,4.440892098500626e-16,3.444376352465766e-16,2.220446049250313e-16,1,4.424637434532833e-16
rand_pure_07,C_random_pure,0.005,0.9402537239732198,0.94025372397322,2.220446049250313e-16,2.616616317364207e-16,1.6653345369377348e-16,1,1.4153153731376024e-16
rand_pure_07,C_random_pure,0.01,0.8838588989364817,0.883858898936482,2.220446049250313e-16,1.779931110609903e-16,6.206335383118183e-17,1,1.758542501685319e-16
rand_pure_07,C_random_pure,0.02,0.780429299261491,0.7804292992614911,1.1102230246251565e-16,2.2929868617541516e-16,1.1188630228279524e-16,1,1.4902981011859462e-16
rand_pure_07,C_random_pure,0.05,0.5339709077663783,0.5339709077663786,2.220446049250313e-16,1.7690777709386488e-16,6.938893903907228e-17,1,1.673985683655457e-16
rand_pure_07,C_random_pure,0.1,0.2776194484252599,0.2776194484252599,0.0,3.9936333522191037e-17,1.6365348541700844e-17,1,1.29257271623531e-16
rand_pure_07,C_random_pure,0.15,0.14017900004179096,0.14017900004179099,2.7755575615628914e-17,2.5642240933193703e-17,1.3877787807814457e-17,1,1.4363677986243032e-16
rand_pure_07,C_random_pure,0.2,0.06853011474165793,0.06853011474165796,2.7755575615628914e-17,1.356249814807993e-17,1.0408340855860843e-17,1,1.7801001689861793e-16
rand_pure_07,C_random_pure,0.3,0.014631369933842023,0.014631369933842028,5.204170427930421e-18,3.489716532115309e-18,2.6020852139652106e-18,1,1.6928559264617503e-16
rand_pure_07,C_random_pure,0.5,0.0003543189597121476,0.00035431895971214776,1.6263032587282567e-19,9.016028138603878e-20,6.776263578034403e-20,1,9.505627773247117e-17
rand_pure_07,C_random_pure,0.75,2.6086646757878023e-07,2.608664675787803e-07,5.293955920339377e-23,2.65152105569508e-23,1.3234889800848443e-23,1,3.944385673142475e-17
rand_pure_07,C_random_pure,1.0,0.0,0.0,0.0,0.0,0.0,0,
rand_pure_08,C_random_pure,0.0,0.9999999999999992,0.9999999999999993,1.1102230246251565e-16,1.6243534171511178e-16,1.1102230246251565e-16,1,2.0968010318079092e-16
rand_pure_08,C_random_pure,1e-06,0.9999878286795574,0.9999878286795579,5.551115123125783e-16,4.0329242963822425e-16,3.3306690738754696e-16,1,2.9526565676121875e-16
rand_pure_08,C_random_pure,0.0001,0.9987835522220891,0.9987835522220894,2.220446049250313e-16,4.1967403233249104e-16,3.3306690738754696e-16,1,3.1972840812508013e-16
rand_pure_08,C_random_pure,0.001,0.9878975100390142,0.9878975100390142,0.0,2.758155775210962e-16,1.6653345369377348e-16,1,2.758155775210962e-16
rand_pure_08,C_random_pure,0.005,0.9408415615293366,0.9408415615293367,1.1102230246251565e-16,2.413698009646482e-16,1.1443916996305594e-16,1,2.1512319744218335e-16
rand_pure_08,C_random_pure,0.01,0.8849628323213441,0.8849628323213441,0.0,2.220446049250313e-16,1.1102230246251565e-16,1,2.9912853034808967e-16
rand_pure_08,C_random_pure,0.02,0.782374101967055,0.7823741019670554,3.3306690738754696e-16,2.0816681711721685e-16,1.1102230246251565e-16,1,3.9510588334614545e-16
rand_pure_08,C_random_pure,0.05,0.537268184020428,0.5372681840204279,1.1102230246251565e-16,1.639841359659732e-16,8.582937747229195e-17,1,4.254442480733662e-16
rand_pure_08,C_random_pure,0.1,0.2809778387494855,0.28097783874948556,5.551115123125783e-17,1.0121037442727703e-16,8.326672684688674e-17,1,2.8429162025611803e-16
rand_pure_08,C_random_pure,0.15,0.14264934471313767,0.14264934471313767,0.0,2.791773225692247e-17,2.0816681711721685e-17,1,1.8962122582149992e-16
rand_pure_08,C_random_pure,0.2,0.07007839579923028,0.07007839579923031,2.7755575615628914e-17,3.0946708346800536e-17,2.7755575615628914e-17,1,1.4920670390585428e-16
rand_pure_08,C_random_pure,0.3,0.015073158134050224,0.015073158134050225,1.734723475976807e-18,1.6730648292566466e-18,8.673617379884035e-19,1,1.3251461187264874e-16
rand_pure_08,C_random_pure,0.5,0.00036577854157019974,0.0003657785415701998,5.421010862427522e-20,6.31730224389398e-20,5.421010862427522e-20,1,1.189226527959982e-16
rand_pure_08,C_random_pure,0.75,2.643636544251097e-07,2.643636544251098e-07,1.0587911840678754e-22,5.294814195525876e-23,2.6469779601696886e-23,1,8.337120431832182e-17
rand_pure_08,C_random_pure,1.0,0.0,0.0,0.0,0.0,0.0,0,
rand_pure_09,C_random_pure,0.0,0.9999999999999989,0.9999999999999993,4.440892098500626e-16,3.1155556357914184e-16,2.220446049250313e-16,1,2.705723785071562e-16
rand_pure_09,C_random_pure,1e-06,0.9999874322162294,0.9999874322162297,2.220446049250313e-16,2.7194799110210365e-16,2.220446049250313e-16,1,1.8875832159447664e-16
rand_pure_09,C_random_pure,0.0001,0.9987439549237196,0.9987439549237198,2.220446049250313e-16,2.8031757299712627e-16,1.2412670766236366e-16,1,1.2916411321746622e-16
rand_pure_09,C_random_pure,0.001,0.9875059691632195,0.9875059691632198,2.220446049250313e-16,3.0719792850046133e-16,2.220446049250313e-16,1,1.810107266956515e-16
rand_pure_09,C_random_pure,0.005,0.9389796101833547,0.9389796101833547,0.0,1.545365047825326e-16,8.777083671441753e-17,1,1.399009044282248e-16
rand_pure_09,C_random_pure,0.01,0.8814661686079927,0.8814661686079928,1.1102230246251565e-16,2.0110825152671372e-16,1.1102230246251565e-16,1,1.9509277415105038e-16
rand_pure_09,C_random_pure,0.02,0.7762140191727271,0.7762140191727275,3.3306690738754696e-16,1.965067311441623e-16,1.1102230246251565e-16,1,3.8264712728836685e-16
rand_pure_09,C_random_pure,0.05,0.5268241967395537,0.5268241967395537,0.0,6.453544378663091e-17,2.7755575615628914e-17,1,1.2907088757326182e-16
rand_pure_09,C_random_pure,0.1,0.2703402751582188,0.27034027515821873,5.551115123125783e-17,5.447142205387689e-17,2.1103821920200808e-17,1,3.1772444309695817e-16
rand_pure_09,C_random_pure,0.15,0.13482462929985206,0.13482462929985206,0.0,3.1055910950456285e-17,1.3877787807814457e-17,1,2.4492686209299894e-16
rand_pure_09,C_random_pure,0.2,0.06517427905964986,0.06517427905964984,1.3877787807814457e-17,9.341771812940338e-18,5.204170427930421e-18,1,2.0153052457390888e-16
rand_pure_09,C_random_pure,0.3,0.013673812131983102,0.013673812131983102,0.0,1.859019470424537e-18,1.3010426069826053e-18,1,1.4442158980844384e-16
rand_pure_09,C_random_pure,0.5,0.00032948078610532075,0.0003294807861053208,5.421010862427522e-20,3.8849413364835127e-20,2.710505431213761e-20,1,8.968914617470208e-17
rand_pure_09,C_random_pure,0.75,2.532864585434938e-07,2.532864585434938e-07,0.0,6.548530897458714e-25,3.7280526407870664e-25,1,2.5315489525951137e-18
rand_pure_09,C_random_pure,1.0,0.0,0.0,0.0,0.0,0.0,0,
rand_pure_10,C_random_pure,0.0,0.9999999999999984,0.9999999999999989,4.440892098500626e-16,3.0150272531948617e-16,1.6653345369377348e-16,1,2.603096939306729e-16
rand_pure_10,C_random_pure,1e-06,0.9999877242734907,0.9999877242734908,1.1102230246251565e-16,3.1828275962541326e-16,1.6653345369377348e-16,1,3.1828275962541326e-16
rand_pure_10,C_random_pure,0.0001,0.9987731245283662,0.9987731245283662,0.0,2.3815674851283153e-16,1.1102230246251565e-16,1,2.3815674851283153e-16
rand_pure_10,C_random_pure,0.001,0.9877944002688863,0.9877944002688867,3.3306690738754696e-16,3.0805875739813182e-16,1.6653345369377348e-16,1,2.0493428743423752e-16
rand_pure_10,C_random_pure,0.005,0.9403512286237816,0.9403512286237816,0.0,2.540052226568824e-16,1.1443916996305594e-16,1,2.8335262340308755e-16
rand_pure_10,C_random_pure,0.01,0.8840420084329996,0.8840420084329998,2.220446049250313e-16,2.353093408709757e-16,1.6653345369377348e-16,1,3.0845900502952684e-16
rand_pure_10,C_random_pure,0.02,0.7807518838024843,0.7807518838024843,0.0,2.2945611749239996e-16,1.1443916996305594e-16,1,3.075944046688123e-16
rand_pure_10,C_random_pure,0.05,0.5345178271756825,0.5345178271756825,0.0,1.3654819396132243e-16,6.938893903907228e-17,1,2.7075026963650316e-16
rand_pure_10,C_random_pure,0.1,0.27817650482903633,0.2781765048290364,5.551115123125783e-17,8.036095970540329e-17,5.551115123125783e-17,1,1.9829414553548904e-16
rand_pure_10,C_random_pure,0.15,0.14058875626005485,0.1405887562600549,5.551115123125783e-17,3.608162279364247e-17,2.7755575615628914e-17,1,2.407395668308667e-16
rand_pure_10,C_random_pure,0.2,0.06878692821320262,0.06878692821320265,2.7755575615628914e-17,1.901778383148261e-17,1.0408340855860843e-17,1,1.335849716134378e-16
rand_pure_10,C_random_pure,0.3,0.01470464936901179,0.014704649369011794,3.469446951953614e-18,2.5089384704797663e-18,1.734723475976807e-18,1,9.127514252108209e-17
rand_pure_10,C_random_pure,0.5,0.00035621976123976666,0.0003562197612397667,5.421010862427522e-20,2.80801323054932e-20,1.3552527156068805e-20,1,8.568421714021061e-17
rand_pure_10,C_random_pure,0.75,2.6144654616997253e-07,2.6144654616997253e-07,0.0,2.651034487819829e-23,1.3234889800848443e-23,1,1.1112476312670174e-16
rand_pure_10,C_random_pure,1.0,0.0,0.0,0.0,0.0,0.0,0,
rand_pure_11,C_random_pure,0.0,0.9999999999999986,0.9999999999999989,3.3306690738754696e-16,2.761644904721361e-16,1.6653345369377348e-16,1,3.0546899319826486e-16
rand_pure_11,C_random_pure,1e-06,0.9999874603436925,0.9999874603436927,2.220446049250313e-16,2.692791533078256e-16,1.6653345369377348e-16,1,2.220446049250313e-16
rand_pure_11,C_random_pure,0.0001,0.9987467641912551,0.9987467641912551,0.0,2.254873622441467e-16,7.850462293418876e-17,1,2.254873622441467e-16
rand_pure_11,C_random_pure,0.001,0.9875337473985202,0.9875337473985204,2.220446049250313e-16,2.5720749131722727e-16,1.1102230246251565e-16,1,1.9748438260743943e-16
rand_pure_11,C_random_pure,0.005,0.9391117080709706,0.9391117080709706,0.0,3.406424505978827e-16,1.6883057536160646e-16,1,3.466670283279959e-16
rand_pure_11,C_random_pure,0.01,0.8817142427003875,0.8817142427003875,0.0,1.6064700823479085e-16,6.206335383118183e-17,1,1.8619006149354548e-16
rand_pure_11,C_random_pure,0.02,0.7766510520342073,0.7766510520342075,2.220446049250313e-16,1.9748438260743943e-16,1.1102230246251565e-16,1,2.353093408709757e-16
rand_pure_11,C_random_pure,0.05,0.5275651552297266,0.5275651552297267,1.1102230246251565e-16,1.2643266404855218e-16,8.326672684688674e-17,1,1.5328517645723046e-16
rand_pure_11,C_random_pure,0.1,0.27109496710160497,0.27109496710160497,0.0,3.5039696624640784e-17,1.3877787807814457e-17,1,1.3347228920484555e-16
rand_pure_11,C_random_pure,0.15,0.13537976108647137,0.13537976108647143,5.551115123125783e-17,3.8399741062557666e-17,2.7755575615628914e-17,1,1.4713482348216472e-16
rand_pure_11,C_random_pure,0.2,0.06552220622934739,0.06552220622934742,2.7755575615628914e-17,1.80902633277939e-17,1.3877787807814457e-17,1,1.5369689155648102e-16
rand_pure_11,C_random_pure,0.3,0.013773090048839632,0.013773090048839642,1.0408340855860843e-17,5.537397415862381e-18,3.469446951953614e-18,1,1.717288626685379e-16
rand_pure_11,C_random_pure,0.5,0.00033205596446992666,0.0003320559644699269,2.168404344971009e-19,1.2431092298634933e-19,9.486769009248164e-20,1,1.5793495305678082e-16
rand_pure_11,C_random_pure,0.75,2.5407234061277044e-07,2.540723406127705e-07,5.293955920339377e-23,2.649077430281684e-23,1.3234889800848443e-23,1,5.557239829193037e-17
rand_pure_11,C_random_pure,1.0,0.0,0.0,0.0,0.0,0.0,0,
rand_pure_12,C_random_pure,0.0,0.999999999999999,0.9999999999999992,2.220446049250313e-16,2.2676492126239277e-16,8.326672684688674e-17,1,1.925464916051557e-16
rand_pure_12,C_random_pure,1e-06,0.9999873793829188,0.999987379382919,2.220446049250313e-16,2.7651296315394197e-16,1.1631705747361534e-16,1,1.801441632774288e-16
rand_pure_12,C_random_pure,0.0001,0.9987386781270797,0.99873867812708,2.220446049250313e-16,2.658601680564645e-16,1.1102230246251565e-16,1,1.4686870114880517e-16
rand_pure_12,C_random_pure,0.001,0.9874537918263122,0.9874537918263124,2.220446049250313e-16,2.2161049971035784e-16,1.1102230246251565e-16,1,1.3383253895372864e-16
rand_pure_12,C_random_pure,0.005,0.9387314836946775,0.9387314836946781,5.551115123125783e-16,3.15548059928785e-16,1.6653345369377348e-16,1,4.996003610813204e-16
rand_pure_12,C_random_pure,0.01,0.8810001978450349,0.8810001978450352,3.3306690738754696e-16,3.078242246215395e-16,1.3877787807814457e-16,1,2.332541980949955e-16
rand_pure_12,C_random_pure,0.02,0.7753931171029642,0.7753931171029642,0.0,1.8147562384249223e-16,7.850462293418876e-17,1,2.348997507591149e-16
rand_pure_12,C_random_pure,0.05,0.5254324149954277,0.5254324149954279,2.220446049250313e-16,1.193812447098184e-16,5.551115123125783e-17,1,2.673050709148004e-16
rand_pure_12,C_random_pure,0.1,0.26892269713843164,0.26892269713843164,0.0,4.4294933466983516e-17,1.4304896245381992e-17,1,1.7388818282700985e-16
rand_pure_12,C_random_pure,0.15,0.13378189573724664,0.1337818957372467,5.551115123125783e-17,4.590466417541975e-17,2.0816681711721685e-17,1,1.9484582117339183e-16
rand_pure_12,C_random_pure,0.2,0.06452074895034865,0.06452074895034865,0.0,7.112895110951044e-18,3.529906531158615e-18,1,9.126689985681991e-17
rand_pure_12,C_random_pure,0.3,0.013487333140098538,0.013487333140098545,6.938893903907228e-18,3.869098158191626e-18,2.6020852139652106e-18,1,1.5800274334365068e-16
rand_pure_12,C_random_pure,0.5,0.000324643691607774,0.0003246436916077741,1.0842021724855044e-19,6.076871101020107e-20,4.0657581468206416e-20,1,8.555062797468969e-17
rand_pure_12,C_random_pure,0.75,2.518102944512248e-07,2.5181029445122486e-07,5.293955920339377e-23,3.7443510067641264e-23,2.6469779601696886e-23,1,1.001217216372187e-16
rand_pure_12,C_random_pure,1.0,0.0,0.0,0.0,0.0,0.0,0,
rand_pure_13,C_random_pure,0.0,0.9999999999999987,0.9999999999999991,4.440892098500626e-16,3.0798059965048346e-16,2.220446049250313e-16,1,2.9506302675444475e-16
rand_pure_13,C_random_pure,1e-06,0.9999876888037627,0.9999876888037627,0.0,1.7109685898544713e-16,7.850462293418876e-17,1,1.7109685898544713e-16
rand_pure_13,C_random_pure,0.0001,0.9987695819424066,0.9987695819424067,1.1102230246251565e-16,3.2564784286529853e-16,1.6653345369377348e-16,1,3.2571309988784287e-16
rand_pure_13,C_random_pure,0.001,0.9877593709293502,0.9877593709293506,4.440892098500626e-16,2.7809732887839817e-16,1.6653345369377348e-16,1,4.405412152670955e-16
rand_pure_13,C_random_pure,0.005,0.9401846485042313,0.9401846485042318,4.440892098500626e-16,2.1794092606357854e-16,1.6653345369377348e-16,1,4.767857178291514e-16
rand_pure_13,C_random_pure,0.01,0.8837291782075185,0.8837291782075185,0.0,1.7423395406293173e-16,7.850462293418876e-17,1,2.0131856453241256e-16
rand_pure_13,C_random_pure,0.02,0.7802007698700308,0.7802007698700308,0.0,1.3588544197894279e-16,5.551115123125783e-17,1,1.8833637210012452e-16
rand_pure_13,C_random_pure,0.05,0.5335834522503717,0.5335834522503717,0.0,1.2451399942302572e-16,5.594315114139762e-17,1,2.066588315920208e-16
rand_pure_13,C_random_pure,0.1,0.2772248115323316,0.27722481153233164,5.551115123125783e-17,6.053228023819331e-17,2.964296775167217e-17,1,2.021715834911324e-16
rand_pure_13,C_random_pure,0.15,0.13988871539603978,0.13988871539603975,2.7755575615628914e-17,2.271759317764576e-17,1.3877787807814457e-17,1,2.4463983563603375e-16
rand_pure_13,C_random_pure,0.2,0.06834817971715151,0.06834817971715151,0.0,1.330435790809989e-17,6.938893903907228e-18,1,1.854298902458302e-16
rand_pure_13,C_random_pure,0.3,0.01457945639615556,0.01457945639615556,0.0,1.140346712889179e-18,4.336808689942018e-19,1,7.575462639809141e-17
rand_pure_13,C_random_pure,0.5,0.0003529723700241958,0.00035297237002419597,1.6263032587282567e-19,9.013939010963844e-20,6.776263578034403e-20,1,1.5029870176766828e-16
rand_pure_13,C_random_pure,0.75,2.6045552101873636e-07,2.6045552101873647e-07,1.0587911840678754e-22,5.294491174847701e-23,2.6469779601696886e-23,1,6.26245898792181e-17
rand_pure_13,C_random_pure,1.0,0.0,0.0,0.0,0.0,0.0,0,
rand_pure_14,C_random_pure,0.0,0.9999999999999987,0.9999999999999988,1.1102230246251565e-16,3.205068869259231e-16,1.2412670766236366e-16,1,3.205068869259231e-16
rand_pure_14,C_random_pure,1e-06,0.9999878051325851,0.9999878051325854,3.3306690738754696e-16,4.0899945888100257e-16,3.3306690738754696e-16,1,2.8802222005799196e-16
rand_pure_14,C_random_pure,0.0001,0.9987812004371764,0.9987812004371771,6.661338147750939e-16,4.452869931917416e-16,3.3306690738754696e-16,1,4.119014047033044e-16
rand_pure_14,C_random_pure,0.001,0.9878742554241275,0.9878742554241274,1.1102230246251565e-16,2.837002222102722e-16,1.2412670766236366e-16,1,4.471096222729812e-16
rand_pure_14,C_random_pure,0.005,0.9407309754726454,0.9407309754726456,2.220446049250313e-16,3.1977546437708266e-16,2.220446049250313e-16,1,2.2025182202883714e-16
rand_pure_14,C_random_pure,0.01,0.8847551565125914,0.8847551565125914,0.0,1.891654108757716e-16,8.777083671441753e-17,1,2.241026745124376e-16
rand_pure_14,C_random_pure,0.02,0.7820082388812195,0.7820082388812197,2.220446049250313e-16,2.246115240728562e-16,1.6653345369377348e-16,1,2.024885653928973e-16
rand_pure_14,C_random_pure,0.05,0.5366478888811286,0.5366478888811286,0.0,1.5170650228460041e-16,1.1102230246251565e-16,1,3.0303153970085037e-16
rand_pure_14,C_random_pure,0.1,0.2803460466175923,0.2803460466175923,0.0,4.5096815589990823e-17,2.7755575615628914e-17,1,1.637281697559467e-16
rand_pure_14,C_random_pure,0.15,0.14218461483490924,0.14218461483490924,0.0,2.864264333691796e-17,1.3877787807814457e-17,1,1.94954866326694e-16
rand_pure_14,C_random_pure,0.2,0.06978712775242905,0.06978712775242907,1.3877787807814457e-17,5.193430261360731e-18,1.788112030672749e-18,1,1.746493220484213e-16
rand_pure_14,C_random_pure,0.3,0.014990047392918867,0.014990047392918867,0.0,6.860443992991307e-19,4.336808689942018e-19,1,4.390684155514436e-17
rand_pure_14,C_random_pure,0.5,0.00036362272495755755,0.00036362272495755755,0.0,9.010000566948891e-21,3.788046498485219e-21,1,2.417968350984809e-17
rand_pure_14,C_random_pure,0.75,2.6370575140611483e-07,2.6370575140611483e-07,0.0,5.080488744863357e-25,3.101927297073854e-25,1,2.038924956882537e-18
rand_pure_14,C_random_pure,1.0,0.0,0.0,0.0,0.0,0.0,0,
rand_pure_15,C_random_pure,0.0,0.9999999999999996,1.0,4.440892098500626e-16,3.0969551373968003e-16,2.220446049250313e-16,1,3.4937832528699837e-16
rand_pure_15,C_random_pure,1e-06,0.9999871655726129,0.9999871655726129,0.0,2.5133742693021536e-16,8.777083671441753e-17,1,2.5133742693021536e-16
rand_pure_15,C_random_pure,0.0001,0.9987173235403752,0.9987173235403756,3.3306690738754696e-16,1.801441632774288e-16,1.1102230246251565e-16,1,3.223932359383534e-16
rand_pure_15,C_random_pure,0.001,0.9872426361686016,0.987242636168602,3.3306690738754696e-16,2.83732042031538e-16,1.6653345369377348e-16,1,2.8359678313437334e-16
rand_pure_15,C_random_pure,0.005,0.9377273444453882,0.9377273444453885,3.3306690738754696e-16,2.2570079093579266e-16,1.1102230246251565e-16,1,3.132340949468086e-16
rand_pure_15,C_random_pure,0.01,0.8791144679715225,0.8791144679715226,1.1102230246251565e-16,2.1854762094519229e-16,1.1102230246251565e-16,1,1.9167713205994249e-16
rand_pure_15,C_random_pure,0.02,0.7720710212136108,0.7720710212136109,1.1102230246251565e-16,1.9279638981753172e-16,1.1102230246251565e-16,1,2.4256992613794515e-16
rand_pure_15,C_random_pure,0.05,0.5198000349816065,0.5198000349816067,1.1102230246251565e-16,1.0580391203424762e-16,5.551115123125783e-17,1,9.621071039760154e-17
rand_pure_15,C_random_pure,0.1,0.26318592257562423,0.26318592257562423,0.0,4.826149113416735e-17,2.0888836804026045e-17,1,1.930459645366694e-16
rand_pure_15,C_random_pure,0.15,0.12956207341054415,0.12956207341054415,0.0,2.023017827855918e-17,1.3877787807814457e-17,1,1.6102588769847602e-16
rand_pure_15,C_random_pure,0.2,0.061875988059070755,0.06187598805907078,2.7755575615628914e-17,1.437375688887652e-17,6.938893903907228e-18,1,1.1969317002269474e-16
rand_pure_15,C_random_pure,0.3,0.012732674192083814,0.012732674192083815,1.734723475976807e-18,1.6818243908524247e-18,8.673617379884035e-19,1,7.879397796343953e-17
rand_pure_15,C_random_pure,0.5,0.000305068528700275,0.00030506852870027505,5.421010862427522e-20,2.770717146689116e-20,1.3552527156068805e-20,1,6.422011677993068e-17
rand_pure_15,C_random_pure,0.75,2.458364288178329e-07,2.458364288178329e-07,0.0,6.294738821199558e-25,2.3120400991731073e-25,1,2.6402048216712592e-18
rand_pure_15,C_random_pure,1.0,0.0,0.0,0.0,0.0,0.0,0,
rand_pure_16,C_random_pure,0.0,0.9999999999999991,0.9999999999999996,4.440892098500626e-16,3.1468142053456864e-16,1.1102569054260746e-16,1,2.7851919337959493e-16
rand_pure_16,C_random_pure,1e-06,0.9999878745988589,0.9999878745988587,1.1102230246251565e-16,2.33682770197598e-16,1.249000902703301e-16,1,4.0288229143572787e-16
rand_pure_16,C_random_pure,0.0001,0.9987881384729068,0.9987881384729068,0.0,2.1149402582199232e-16,8.441528768080323e-17,1,2.1152981663498918e-16
rand_pure_16,C_random_pure,0.001,0.9879428592101864,0.9879428592101867,2.220446049250313e-16,2.6383769713110777e-16,1.1114420827879992e-16,1,1.8013685479540015e-16
rand_pure_16,C_random_pure,0.005,0.9410572170471216,0.9410572170471221,4.440892098500626e-16,3.424134984133207e-16,1.3877787807814457e-16,1,3.611206457212045e-16
rand_pure_16,C_random_pure,0.01,0.8853678240120502,0.8853678240120503,1.1102230246251565e-16,2.504979141641036e-16,1.1102230246251565e-16,1,2.0615584724389935e-16
rand_pure_16,C_random_pure,0.02,0.7830875770250765,0.7830875770250767,2.220446049250313e-16,2.4810791169867404e-16,1.1102230246251565e-16,1,1.6420906763555545e-16
rand_pure_16,C_random_pure,0.05,0.5384778308190161,0.5384778308190163,2.220446049250313e-16,2.0358072016660095e-16,1.6653345369377348e-16,1,3.2155747580366147e-16
rand_pure_16,C_random_pure,0.1,0.2822099060047301,0.28220990600473017,5.551115123125783e-17,4.642310117843862e-17,2.7755575615628914e-17,1,1.1786549264590545e-16
rand_pure_16,C_random_pure,0.15,0.1435556213769248,0.14355562137692485,5.551115123125783e-17,3.430202184814812e-17,2.7755575615628914e-17,1,1.7463727386270445e-16
rand_pure_16,C_random_pure,0.2,0.07064640195955954,0.07064640195955957,2.7755575615628914e-17,2.274606675754866e-17,1.734723475976807e-17,1,2.0247370343774878e-16
rand_pure_16,C_random_pure,0.3,0.015235233629356287,0.01523523362935629,3.469446951953614e-18,3.0581638635971664e-18,2.6020852139652106e-18,1,1.3501795625470055e-16
rand_pure_16,C_random_pure,0.5,0.00036998263168570953,0.00036998263168570953,0.0,8.84211487963658e-21,3.887364485005082e-21,1,2.3473485639808605e-17
rand_pure_16,C_random_pure,0.75,2.656466409105558e-07,2.6564664091055585e-07,5.293955920339377e-23,3.7449872223358533e-23,2.6469779601696886e-23,1,1.1778036453868644e-16
rand_pure_16,C_random_pure,1.0,0.0,0.0,0.0,0.0,0.0,0,
rand_pure_17,C_random_pure,0.0,0.9999999999999993,0.9999999999999996,2.220446049250313e-16,2.313889635526404e-16,1.1102230246251565e-16,1,2.1069571713284962e-16
rand_pure_17,C_random_pure,1e-06,0.9999872746780439,0.9999872746780442,2.220446049250313e-16,2.4902799884605145e-16,1.1102230246251565e-16,1,1.736110700089722e-16
rand_pure_17,C_random_pure,0.0001,0.9987282205893777,0.9987282205893782,4.440892098500626e-16,2.683836431679148e-16,1.3877787807814457e-16,1,2.9764538874609303e-16
rand_pure_17,C_random_pure,0.001,0.9873503869568065,0.9873503869568065,0.0,1.7444108782428046e-16,6.206335383118183e-17,1,1.7444108782428046e-16
rand_pure_17,C_random_pure,0.005,0.9382397474600706,0.9382397474600708,2.220446049250313e-16,2.7052788744732945e-16,1.1102230246251565e-16,1,1.801441632774288e-16
rand_pure_17,C_random_pure,0.01,0.8800767385657136,0.8800767385657138,2.220446049250313e-16,2.220446049250313e-16,8.326672684688674e-17,1,2.5056998261368797e-16
rand_pure_17,C_random_pure,0.02,0.7737662561623224,0.7737662561623225,1.1102230246251565e-16,2.254873622441467e-16,8.777083671441753e-17,1,1.965067311441623e-16
rand_pure_17,C_random_pure,0.05,0.5226741866502727,0.5226741866502728,1.1102230246251565e-16,1.3129003390305665e-16,5.551115123125783e-17,1,1.6064700823479085e-16
rand_pure_17,C_random_pure,0.1,0.266113345821569,0.266113345821569,0.0,5.887846720064156e-17,2.0816681711721685e-17,1,2.2633986948989007e-16
rand_pure_17,C_random_pure,0.15,0.1317154098956544,0.1317154098956544,0.0,1.9778890766513102e-17,9.341771812940338e-18,1,1.415262216750919e-16
rand_pure_17,C_random_pure,0.2,0.06322558519389412,0.06322558519389412,0.0,9.677984804365001e-18,3.878959614448864e-18,1,1.5484775686984001e-16
rand_pure_17,C_random_pure,0.3,0.013117769705772154,0.013117769705772154,0.0,9.135649889766049e-19,5.528368034183278e-19,1,6.745375818747866e-17
rand_pure_17,C_random_pure,0.5,0.0003150575541206018,0.0003150575541206018,0.0,2.829013962002695e-20,1.3552527156068805e-20,1,8.612418493756784e-17
rand_pure_17,C_random_pure,0.75,2.4888483745440714e-07,2.488848374544072e-07,5.293955920339377e-23,2.648818521610381e-23,1.3234889800848443e-23,1,3.277414678160712e-18
rand_pure_17,C_random_pure,1.0,0.0,0.0,0.0,0.0,0.0,0,
rand_pure_18,C_random_pure,0.0,0.9999999999999987,0.9999999999999989,2.220446049250313e-16,1.5083118864503529e-16,5.551115123125783e-17,1,2.1360885056079123e-16
rand_pure_18,C_random_pure,1e-06,0.9999877256232808,0.999987725623281,2.220446049250313e-16,2.0283658061841884e-16,7.850462293418876e-17,1,1.2919177663035457e-16
rand_pure_18,C_random_pure,0.0001,0.9987732593403971,0.9987732593403971,0.0,2.607399605677454e-16,1.1443916996305594e-16,1,2.6085570805855035e-16
rand_pure_18,C_random_pure,0.001,0.9877957332997447,0.9877957332997447,0.0,1.879915276801212e-16,7.850462293418876e-17,1,1.923319648582953e-16
rand_pure_18,C_random_pure,0.005,0.9403575677795468,0.940357567779547,2.220446049250313e-16,1.484988143495895e-16,1.1102230246251565e-16,1,2.0550639629388413e-16
rand_pure_18,C_random_pure,0.01,0.8840539130920471,0.8840539130920471,0.0,2.1189205230146654e-16,8.777083671441753e-17,1,2.8101717186627924e-16
rand_pure_18,C_random_pure,0.02,0.7807728562754985,0.7807728562754988,2.220446049250313e-16,2.1854762094519229e-16,1.6653345369377348e-16,1,2.1609082246249257e-16
rand_pure_18,C_random_pure,0.05,0.534553384529167,0.534553384529167,0.0,1.2804092569017277e-16,6.206335383118183e-17,1,2.533438770317406e-16
rand_pure_18,C_random_pure,0.1,0.27821272122787477,0.2782127212278748,5.551115123125783e-17,5.661155180775285e-17,2.501853776554201e-17,1,1.3601825071757791e-16
rand_pure_18,C_random_pure,0.15,0.14061539610213655,0.14061539610213658,2.7755575615628914e-17,2.6315532142756033e-17,2.0816681711721685e-17,1,1.3161053315495954e-16
rand_pure_18,C_random_pure,0.2,0.06880362465372375,0.06880362465372375,0.0,1.1022662840756386e-17,5.204170427930421e-18,1,1.4163249654301905e-16
rand_pure_18,C_random_pure,0.3,0.014709413549501914,0.014709413549501917,3.469446951953614e-18,2.1405271720570374e-18,8.673617379884035e-19,1,7.534822888314927e-17
rand_pure_18,C_random_pure,0.5,0.00035634333972440547,0.0003563433397244056,1.0842021724855044e-19,6.69344054620472e-20,5.421010862427522e-20,1,1.200677422061585e-16
rand_pure_18,C_random_pure,0.75,2.6148425933056787e-07,2.61484259330568e-07,1.0587911840678754e-22,6.484701978290506e-23,5.293955920339377e-23,1,1.2418431202299244e-16
rand_pure_18,C_random_pure,1.0,0.0,0.0,0.0,0.0,0.0,0,
rand_pure_19,C_random_pure,0.0,0.9999999999999986,0.9999999999999987,1.1102230246251565e-16,3.1432500083045447e-16,2.220446049250313e-16,1,1.927808416453369e-16
rand_pure_19,C_random_pure,1e-06,0.9999879007991652,0.9999879007991654,2.220446049250313e-16,1.5700924586837752e-16,1.1102230246251565e-16,1,1.6858086967190524e-16
rand_pure_19,C_random_pure,0.0001,0.9987907552631918,0.9987907552631916,2.220446049250313e-16,2.1727714505164164e-16,1.1102230246251565e-16,1,3.6842564990025154e-16
rand_pure_19,C_random_pure,0.001,0.9879687342168786,0.9879687342168784,2.220446049250313e-16,2.9524973176588537e-16,2.220446049250313e-16,1,3.722245596176466e-16
rand_pure_19,C_random_pure,0.005,0.9411802642345712,0.9411802642345715,2.220446049250313e-16,3.440879877752278e-16,2.220446049250313e-16,1,2.0441867888726997e-16
rand_pure_19,C_random_pure,0.01,0.8855989012828476,0.8855989012828476,0.0,2.0326636671663717e-16,1.1102230246251565e-16,1,2.3601815030439606e-16
rand_pure_19,C_random_pure,0.02,0.7834946665357332,0.7834946665357336,4.440892098500626e-16,1.9473768076877139e-16,1.1102230246251565e-16,1,5.453933088877534e-16
rand_pure_19,C_random_pure,0.05,0.5391680224630955,0.5391680224630957,2.220446049250313e-16,1.8424037361508207e-16,1.1102230246251565e-16,1,2.1766871447410857e-16
rand_pure_19,C_random_pure,0.1,0.2829128901530833,0.28291289015308335,5.551115123125783e-17,4.2154137403712056e-17,2.7755575615628914e-17,1,1.8684438584941946e-16
rand_pure_19,C_random_pure,0.15,0.1440727182528891,0.1440727182528891,0.0,3.486885884198834e-17,2.7755575615628914e-17,1,2.6732481530160425e-16
rand_pure_19,C_random_pure,0.2,0.07097049086394264,0.07097049086394265,1.3877787807814457e-17,1.5783987858373295e-17,1.3877787807814457e-17,1,1.4012620494044595e-16
rand_pure_19,C_random_pure,0.3,0.015327709509671807,0.015327709509671815,8.673617379884035e-18,4.568508459096289e-18,2.6020852139652106e-18,1,2.1685499281068757e-16
rand_pure_19,C_random_pure,0.5,0.00037238137144352066,0.0003723813714435207,5.421010862427522e-20,3.916010440525909e-20,2.710505431213761e-20,1,6.498225654438471e-17
rand_pure_19,C_random_pure,0.75,2.663786781901611e-07,2.663786781901612e-07,5.293955920339377e-23,2.6477053181795413e-23,1.3234889800848443e-23,1,3.9325334947093445e-17
rand_pure_19,C_random_pure,1.0,0.0,0.0,0.0,0.0,0.0,0,
rand_pure_20,C_random_pure,0.0,0.9999999999999989,0.9999999999999992,3.3306690738754696e-16,3.057939131687819e-16,1.6653345369377348e-16,1,1.8930356219713368e-16
rand_pure_20,C_random_pure,1e-06,0.9999877322119959,0.9999877322119959,0.0,2.0158651201548846e-16,1.1631705747361534e-16,1,2.0158651201548846e-16
rand_pure_20,C_random_pure,0.0001,0.9987739173969784,0.9987739173969791,6.661338147750939e-16,4.1601548003349344e-16,2.7755575615628914e-16,1,5.042602741358574e-16
rand_pure_20,C_random_pure,0.001,0.9878022402095781,0.9878022402095785,4.440892098500626e-16,2.0134752377258409e-16,1.1102230246251565e-16,1,4.432091175710566e-16
rand_pure_20,C_random_pure,0.005,0.9403885110354654,0.9403885110354657,3.3306690738754696e-16,3.131836537065691e-16,1.6653345369377348e-16,1,1.5336858895679444e-16
rand_pure_20,C_random_pure,0.01,0.8841120231819678,0.8841120231819681,3.3306690738754696e-16,2.901918103915613e-16,1.6653345369377348e-16,1,3.013554712324026e-16
rand_pure_20,C_random_pure,0.02,0.7808752289925924,0.7808752289925924,0.0,1.2778213807006845e-16,6.938893903907228e-17,1,1.6205047274930662e-16
rand_pure_20,C_random_pure,0.05,0.5347269502734812,0.5347269502734813,1.1102230246251565e-16,1.0783228662714121e-16,5.551115123125783e-17,1,2.1277428272237582e-16
rand_pure_20,C_random_pure,0.1,0.27838950396350554,0.2783895039635056,5.551115123125783e-17,5.84327640213301e-17,4.163336342344337e-17,1,1.8152950800081902e-16
rand_pure_20,C_random_pure,0.15,0.14074543288964197,0.14074543288964197,0.0,2.0371463511841765e-17,7.757919228897728e-18,1,1.6210153200612678e-16
rand_pure_20,C_random_pure,0.2,0.06888512481733143,0.06888512481733144,1.3877787807814457e-17,1.1817306329180426e-17,3.878959614448864e-18,1,1.1313004169344588e-16
rand_pure_20,C_random_pure,0.3,0.01473266889479004,0.014732668894790042,1.734723475976807e-18,2.3542420997270196e-18,1.3055523002516278e-18,1,1.8390216667615947e-16
rand_pure_20,C_random_pure,0.5,0.0003569465621120585,0.0003569465621120586,5.421010862427522e-20,3.99600754011728e-20,2.710505431213761e-20,1,9.739636200618444e-17
rand_pure_20,C_random_pure,0.75,2.6166834819398746e-07,2.616683481939875e-07,5.293955920339377e-23,2.649246580264786e-23,1.3234889800848443e-23,1,3.731746861377093e-18
rand_pure_20,C_random_pure,1.0,0.0,0.0,0.0,0.0,0.0,0,
rand_pure_21,C_random_pure,0.0,0.9999999999999989,0.9999999999999991,2.220446049250313e-16,3.2442575646943083e-16,1.7554167342883506e-16,1,1.875267369691471e-16
rand_pure_21,C_random_pure,1e-06,0.9999878349318021,0.9999878349318023,2.220446049250313e-16,2.0885955386424364e-16,1.249000902703301e-16,1,1.7756994201796874e-16
rand_pure_21,C_random_pure,0.0001,0.998784176673285,0.9987841766732853,3.3306690738754696e-16,2.9110293291727306e-16,2.220446049250313e-16,1,2.3538605967132015e-16
rand_pure_21,C_random_pure,0.001,0.9879036846564306,0.9879036846564311,4.440892098500626e-16,3.6493568701125596e-16,3.3306690738754696e-16,1,2.8264815850384207e-16
rand_pure_21,C_random_pure,0.005,0.9408709245867368,0.9408709245867368,0.0,1.5265566588595902e-16,7.850462293418876e-17,1,1.626389992589214e-16
rand_pure_21,C_random_pure,0.01,0.8850179748671176,0.8850179748671179,2.220446049250313e-16,2.924231343973887e-16,2.220446049250313e-16,1,2.5859601464015363e-16
rand_pure_21,C_random_pure,0.02,0.7824712467528575,0.7824712467528578,3.3306690738754696e-16,2.30398446375346e-16,1.1443916996305594e-16,1,3.0066566381521676e-16
rand_pure_21,C_random_pure,0.05,0.5374328861747986,0.5374328861747986,0.0,8.845388854693244e-17,3.925231146709438e-17,1,1.7494064857124665e-16
rand_pure_21,C_random_pure,0.1,0.2811455936110743,0.2811455936110743,0.0,2.839864722503794e-17,1.3877787807814457e-17,1,8.02883736341277e-17
rand_pure_21,C_random_pure,0.15,0.1427727408310424,0.14277274083104244,2.7755575615628914e-17,4.284889889409467e-17,2.7755575615628914e-17,1,2.1598526424667166e-16
rand_pure_21,C_random_pure,0.2,0.07015573394323338,0.07015573394323338,0.0,1.7458011779157518e-17,1.3877787807814457e-17,1,2.014941243945754e-16
rand_pure_21,C_random_pure,0.3,0.015095225884139562,0.015095225884139571,8.673617379884035e-18,5.5835096088164466e-18,3.469446951953614e-18,1,1.6665989594593435e-16
rand_pure_21,C_random_pure,0.5,0.00036635095882455967,0.00036635095882455983,1.6263032587282567e-19,8.947355605539689e-20,5.421010862427522e-20,1,7.311253661944216e-17
rand_pure_21,C_random_pure,0.75,2.6453834230790996e-07,2.6453834230790996e-07,0.0,1.3282327344793076e-24,8.271806125530277e-25,1,5.5709129631168954e-18
rand_pure_21,C_random_pure,1.0,0.0,0.0,0.0,0.0,0.0,0,
rand_pure_22,C_random_pure,0.0,0.9999999999999992,0.9999999999999993,1.1102230246251565e-16,2.1000903724951387e-16,8.326672684688674e-17,1,2.3409127589231744e-16
rand_pure_22,C_random_pure,1e-06,0.9999871868134615,0.9999871868134617,1.1102230246251565e-16,1.942890293094024e-16,1.1102230246251565e-16,1,1.942890293094024e-16
rand_pure_22,C_random_pure,0.0001,0.9987194449982062,0.9987194449982063,1.1102230246251565e-16,2.0230178278559179e-16,6.938893903907228e-17,1,2.0230178278559179e-16
rand_pure_22,C_random_pure,0.001,0.9872636132930859,0.9872636132930859,0.0,2.445406403304442e-16,1.1631705747361534e-16,1,2.538155957378369e-16
rand_pure_22,C_random_pure,0.005,0.9378271000203053,0.9378271000203054,1.1102230246251565e-16,1.9354414849933267e-16,1.1102230246251565e-16,1,2.4023258415497835e-16
rand_pure_22,C_random_pure,0.01,0.8793018046061616,0.8793018046061619,3.3306690738754696e-16,2.4296039347076467e-16,1.1102230246251565e-16,1,2.465505300536223e-16
rand_pure_22,C_random_pure,0.02,0.7724010527163208,0.7724010527163209,1.1102230246251565e-16,1.874785894044092e-16,6.206335383118183e-17,1,2.0683258662430703e-16
rand_pure_22,C_random_pure,0.05,0.5203595801909284,0.5203595801909287,2.220446049250313e-16,1.5792654235376239e-16,1.1102230246251565e-16,1,2.6572713677542623e-16
rand_pure_22,C_random_pure,0.1,0.26375583879500253,0.2637558387950026,5.551115123125783e-17,5.352402070356835e-17,2.7755575615628914e-17,1,1.3808769344949856e-16
rand_pure_22,C_random_pure,0.15,0.1299812889750661,0.12998128897506614,2.7755575615628914e-17,2.570816881472352e-17,1.3877787807814457e-17,1,1.2463478129197442e-16
rand_pure_22,C_random_pure,0.2,0.06213873014729729,0.06213873014729729,0.0,7.973125766753545e-18,5.204170427930421e-18,1,1.2757001226805672e-16
rand_pure_22,C_random_pure,0.3,0.012807645305182972,0.012807645305182974,1.734723475976807e-18,1.4964346755927762e-18,8.673617379884035e-19,1,8.095789240088215e-17
rand_pure_22,C_random_pure,0.5,0.00030701321080618953,0.00030701321080618964,1.0842021724855044e-19,6.076981785799517e-20,4.0657581468206416e-20,1,8.384970346751502e-17
rand_pure_22,C_random_pure,0.75,2.464298986987882e-07,2.464298986987883e-07,5.293955920339377e-23,5.294460885564741e-23,2.6469779601696886e-23,1,1.861961952657215e-16
rand_pure_22,C_random_pure,1.0,0.0,0.0,0.0,0.0,0.0,0,
rand_pure_23,C_random_pure,0.0,0.9999999999999987,0.9999999999999989,2.220446049250313e-16,2.3366667268435637e-16,1.2412670766236366e-16,1,1.970725273466189e-16
rand_pure_23,C_random_pure,1e-06,0.9999874012250253,0.9999874012250254,1.1102230246251565e-16,1.821377042022605e-16,8.326672684688674e-17,1,1.9821445675202305e-16
rand_pure_23,C_random_pure,0.0001,0.9987408596362859,0.9987408596362861,2.220446049250313e-16,2.5319832745061746e-16,1.1443916996305594e-16,1,2.176231169676084e-16
rand_pure_23,C_random_pure,0.001,0.9874753627430253,0.9874753627430256,3.3306690738754696e-16,2.0885955386424364e-16,1.1102230246251565e-16,1,3.767266665742029e-16
rand_pure_23,C_random_pure,0.005,0.938834063016255,0.938834063016255,0.0,2.622130794118103e-16,1.1443916996305594e-16,1,2.628091753165921e-16
rand_pure_23,C_random_pure,0.01,0.8811928373531905,0.8811928373531908,2.220446049250313e-16,2.0384292617148777e-16,1.6653345369377348e-16,1,2.0560681476862538e-16
rand_pure_23,C_random_pure,0.02,0.7757324906936147,0.7757324906936149,2.220446049250313e-16,1.4768600685300367e-16,8.326672684688674e-17,1,3.2438865167643826e-16
rand_pure_23,C_random_pure,0.05,0.526007799058039,0.526007799058039,0.0,6.869154506741516e-17,2.7755575615628914e-17,1,1.3738309013483032e-16
rand_pure_23,C_random_pure,0.1,0.26950874577970463,0.26950874577970474,1.1102230246251565e-16,6.73197883269564e-17,4.163336342344337e-17,1,2.0062885096040707e-16
rand_pure_23,C_random_pure,0.15,0.13421297789219316,0.1342129778921932,2.7755575615628914e-17,3.3232521007058065e-17,2.0816681711721685e-17,1,1.195827321860277e-16
rand_pure_23,C_random_pure,0.2,0.06479092838826381,0.06479092838826384,2.7755575615628914e-17,1.768546117201342e-17,1.3877787807814457e-17,1,1.713999848767514e-16
rand_pure_23,C_random_pure,0.3,0.013564426434643506,0.013564426434643506,0.0,1.5023145987371592e-18,8.673617379884035e-19,1,1.0501884686643169e-16
rand_pure_23,C_random_pure,0.5,0.00032664342115946553,0.00032664342115946564,1.0842021724855044e-19,5.51002907652803e-20,2.710505431213761e-20,1,4.578671909004292e-17
rand_pure_23,C_random_pure,0.75,2.5242056347945094e-07,2.52420563479451e-07,5.293955920339377e-23,2.647543867932323e-23,1.3234889800848443e-23,1,6.799846645244285e-17
rand_pure_23,C_random_pure,1.0,0.0,0.0,0.0,0.0,0.0,0,
rand_pure_24,C_random_pure,0.0,0.9999999999999998,0.9999999999999999,1.1102230246251565e-16,2.7423997580280225e-16,1.1102230246251565e-16,1,2.7423997580280225e-16
rand_pure_24,C_random_pure,1e-06,0.9999879672215476,0.9999879672215477,1.1102230246251565e-16,1.9154363847587536e-16,1.1102230246251565e-16,1,1.9154363847587536e-16
rand_pure_24,C_random_pure,0.0001,0.998797389286235,0.9987973892862357,7.771561172376096e-16,4.223045262014818e-16,2.498001805406602e-16,1,4.686774373462239e-16
rand_pure_24,C_random_pure,0.001,0.9880343319040683,0.9880343319040685,2.220446049250313e-16,2.538155957378369e-16,1.2412670766236366e-16,1,1.5658709753478098e-16
rand_pure_24,C_random_pure,0.005,0.941492210469322,0.9414922104693222,2.220446049250313e-16,1.2138106967135507e-16,5.551115123125783e-17,1,1.4518289428375016e-16
rand_pure_24,C_random_pure,0.01,0.8861847227555304,0.8861847227555304,0.0,2.2247786310271853e-16,1.1102230246251565e-16,1,2.4198694208913484e-16
rand_pure_24,C_random_pure,0.02,0.7845267099549045,0.7845267099549047,2.220446049250313e-16,2.177751704867561e-16,1.1102230246251565e-16,1,2.218420716824524e-16
rand_pure_24,C_random_pure,0.05,0.5409177795204283,0.5409177795204285,2.220446049250313e-16,9.047210765559601e-17,5.551115123125783e-17,1,3.0614367761310087e-16
rand_pure_24,C_random_pure,0.1,0.2846950784558906,0.28469507845589065,5.551115123125783e-17,5.221488846606091e-17,3.1031676915590914e-17,1,1.854167040481553e-16
rand_pure_24,C_random_pure,0.15,0.1453836496670901,0.14538364966709014,2.7755575615628914e-17,3.2684694675448554e-17,1.3877787807814457e-17,1,1.6267600051051128e-16
rand_pure_24,C_random_pure,0.2,0.07179211316625785,0.07179211316625783,1.3877787807814457e-17,1.1246474654240685e-17,6.938893903907228e-18,1,3.0286702054287507e-16
rand_pure_24,C_random_pure,0.3,0.015562152110655307,0.015562152110655307,0.0,2.1639952911428177e-18,1.3010426069826053e-18,1,1.3849569863314033e-16
rand_pure_24,C_random_pure,0.5,0.0003784625980940263,0.00037846259809402633,5.421010862427522e-20,2.9703952185949806e-20,1.3552527156068805e-20,1,9.04185610933672e-17
rand_pure_24,C_random_pure,0.75,2.682345212841877e-07,2.682345212841877e-07,0.0,2.6503312658347985e-23,1.3234889800848443e-23,1,1.0023013739636387e-16
rand_pure_24,C_random_pure,1.0,0.0,0.0,0.0,0.0,0.0,0,
rand_mixed_00,D_random_full_rank,0.0,0.37510196996243966,0.3751019699624398,1.1102230246251565e-16,7.194398324766774e-17,4.163336342344337e-17,1,1.6458860341476173e-16
rand_mixed_00,D_random_full_rank,1e-06,0.3750977976372151,0.3750977976372152,5.551115123125783e-17,6.254634441385502e-17,2.9079264368403834e-17,1,1.1506853769672338e-16
rand_mixed_00,D_random_full_rank,0.0001,0.3746849516633134,0.3746849516633135,1.1102230246251565e-16,6.727507242144006e-17,4.163336342344337e-17,1,1.9900612833335457e-16
rand_mixed_00,D_random_full_rank,0.001,0.3709511991769594,0.3709511991769595,1.1102230246251565e-16,8.631883613874853e-17,5.551115123125783e-17,1,1.7506101861939993e-16
rand_mixed_00,D_random_full_rank,0.005,0.3547727472091471,0.3547727472091471,0.0,6.279842743004538e-17,2.8609792490763984e-17,1,1.8606071791316018e-16
rand_mixed_00,D_random_full_rank,0.01,0.3354747859739807,0.3354747859739808,5.551115123125783e-17,5.502109714767315e-17,4.163336342344337e-17,1,1.3531399102310232e-16
rand_mixed_00,D_random_full_rank,0.02,0.2997790011602277,0.29977900116022776,5.551115123125783e-17,8.05106078046756e-17,4.163336342344337e-17,1,2.3615506258586103e-16
rand_mixed_00,D_random_full_rank,0.05,0.21277652327893987,0.21277652327893987,0.0,5.047121236909145e-17,2.7755575615628914e-17,1,2.0997998498691767e-16
rand_mixed_00,D_random_full_rank,0.1,0.1179107272211792,0.11791072722117926,5.551115123125783e-17,3.423195595416251e-17,2.0816681711721685e-17,1,1.3623931091660726e-16
rand_mixed_00,D_random_full_rank,0.15,0.06363602954147499,0.06363602954147499,0.0,6.863950289808142e-18,3.469446951953614e-18,1,1.0805531124312037e-16
rand_mixed_00,D_random_full_rank,0.2,0.03332377772041621,0.033323777720416226,1.3877787807814457e-17,6.415142806071295e-18,3.469446951953614e-18,1,9.889445383256551e-17
rand_mixed_00,D_random_full_rank,0.3,0.008189469246810443,0.008189469246810445,1.734723475976807e-18,1.397422624084613e-18,8.673617379884035e-19,1,6.35013056642206e-17
rand_mixed_00,D_random_full_rank,0.5,0.0002590162984700356,0.00025901629847003573,1.0842021724855044e-19,6.945283802867698e-20,5.421010862427522e-20,1,1.8014475055329275e-16
rand_mixed_00,D_random_full_rank,0.75,2.4109410975432225e-07,2.4109410975432225e-07,0.0,2.2924958965411997e-23,1.3234889800848443e-23,1,9.61542470884634e-17
rand_mixed_00,D_random_full_rank,1.0,0.0,0.0,0.0,0.0,0.0,0,
rand_mixed_01,D_random_full_rank,0.0,0.4266619059312233,0.42666190593122333,5.551115123125783e-17,1.0055412576335686e-16,5.551115123125783e-17,1,2.4656273522330646e-16
rand_mixed_01,D_random_full_rank,1e-06,0.4266571157635532,0.42665711576355325,5.551115123125783e-17,7.48950663463744e-17,5.551115123125783e-17,1,1.6237975441808162e-16
rand_mixed_01,D_random_full_rank,0.0001,0.4261831369574493,0.42618313695744925,5.551115123125783e-17,9.244627698408606e-17,4.2207643840401616e-17,1,2.9800913502870413e-16
rand_mixed_01,D_random_full_rank,0.001,0.4218966700915162,0.4218966700915163,1.1102230246251565e-16,1.0872164013514816e-16,5.551115123125783e-17,1,1.4613436588004388e-16
rand_mixed_01,D_random_full_rank,0.005,0.4033268605992808,0.40332686059928097,1.6653345369377348e-16,1.1220858706637185e-16,8.326672684688674e-17,1,3.017022770822284e-16
rand_mixed_01,D_random_full_rank,0.01,0.38118443612829467,0.3811844361282948,1.1102230246251565e-16,1.420356158414371e-16,8.326672684688674e-17,1,1.6679075294215862e-16
rand_mixed_01,D_random_full_rank,0.02,0.3402525154552374,0.3402525154552375,1.1102230246251565e-16,8.080907261989814e-17,4.163336342344337e-17,1,1.7994359446785096e-16
rand_mixed_01,D_random_full_rank,0.05,0.24066046223016863,0.24066046223016865,2.7755575615628914e-17,6.873533949014101e-17,4.163336342344337e-17,1,2.1200918543757998e-16
rand_mixed_01,D_random_full_rank,0.1,0.13249620990523275,0.1324962099052328,5.551115123125783e-17,3.931455216595007e-17,3.469446951953614e-17,1,2.786979170396181e-16
rand_mixed_01,D_random_full_rank,0.15,0.07098724277554957,0.0709872427755496,2.7755575615628914e-17,1.4149565287741247e-17,6.938893903907228e-18,1,1.4838858480525703e-16
rand_mixed_01,D_random_full_rank,0.2,0.036877752994023794,0.03687775299402378,1.3877787807814457e-17,7.827308960610768e-18,3.469446951953614e-18,1,2.0431869766839855e-16
rand_mixed_01,D_random_full_rank,0.3,0.008906207797726783,0.008906207797726787,3.469446951953614e-18,2.3243275517840223e-18,2.168404344971009e-18,1,1.8879443769781303e-16
rand_mixed_01,D_random_full_rank,0.5,0.00027168413507967586,0.00027168413507967597,1.0842021724855044e-19,5.422442729761367e-20,2.710505431213761e-20,1,3.7060053959765906e-17
rand_mixed_01,D_random_full_rank,0.75,2.441917237714012e-07,2.4419172377140124e-07,5.293955920339377e-23,3.743815380752718e-23,2.6469779601696886e-23,1,1.1103385659863658e-16
rand_mixed_01,D_random_full_rank,1.0,0.0,0.0,0.0,0.0,0.0,0,
rand_mixed_02,D_random_full_rank,0.0,0.4750600086244172,0.4750600086244172,0.0,1.1538193420365585e-16,5.551115123125783e-17,1,2.4500954126329906e-16
rand_mixed_02,D_random_full_rank,1e-06,0.47505454450889417,0.4750545445088944,2.220446049250313e-16,1.5330480701074082e-16,1.1102230246251565e-16,1,2.0552264042098043e-16
rand_mixed_02,D_random_full_rank,0.0001,0.4745138880017307,0.4745138880017309,1.6653345369377348e-16,1.24344707707179e-16,1.1102230246251565e-16,1,1.8059280612789131e-16
rand_mixed_02,D_random_full_rank,0.001,0.4696251622261737,0.4696251622261738,1.1102230246251565e-16,1.0408340855860843e-16,5.551115123125783e-17,1,1.3205030556609027e-16
rand_mixed_02,D_random_full_rank,0.005,0.44846203617402036,0.44846203617402036,0.0,1.0067376188629204e-16,5.561946577567963e-17,1,2.6871141016723084e-16
rand_mixed_02,D_random_full_rank,0.01,0.4232620226974564,0.42326202269745644,5.551115123125783e-17,6.186910185601235e-17,2.7755575615628914e-17,1,1.2042631350357303e-16
rand_mixed_02,D_random_full_rank,0.02,0.3767836199356943,0.37678361993569437,5.551115123125783e-17,6.147875662259241e-17,2.7755575615628914e-17,1,1.3962579353187035e-16
rand_mixed_02,D_random_full_rank,0.05,0.2643583982899044,0.2643583982899044,0.0,4.49189552783615e-17,2.7755575615628914e-17,1,1.7835748977973927e-16
rand_mixed_02,D_random_full_rank,0.1,0.14366530381976428,0.14366530381976433,5.551115123125783e-17,3.359837399312144e-17,1.734723475976807e-17,1,2.0720331788374396e-16
rand_mixed_02,D_random_full_rank,0.15,0.07603256846807799,0.07603256846807802,2.7755575615628914e-17,1.9406916035358656e-17,1.0408340855860843e-17,1,1.7408087294315393e-16
rand_mixed_02,D_random_full_rank,0.2,0.0390511168356838,0.039051116835683804,6.938893903907228e-18,7.480209295142809e-18,5.204170427930421e-18,1,1.52573096344683e-16
rand_mixed_02,D_random_full_rank,0.3,0.009247236116049438,0.00924723611604944,1.734723475976807e-18,1.3029117953570256e-18,8.673617379884035e-19,1,1.111797389633506e-16
rand_mixed_02,D_random_full_rank,0.5,0.000274969653971976,0.000274969653971976,0.0,4.182560224148723e-21,2.5416502356810243e-21,1,1.3119294296851464e-17
rand_mixed_02,D_random_full_rank,0.75,2.444731966364628e-07,2.4447319663646285e-07,5.293955920339377e-23,2.647249215814673e-23,1.3234889800848443e-23,1,1.58595152077283e-18
rand_mixed_02,D_random_full_rank,1.0,0.0,0.0,0.0,0.0,0.0,0,
rand_mixed_03,D_random_full_rank,0.0,0.4072166755847433,0.4072166755847434,1.1102230246251565e-16,1.0523353638563424e-16,5.551115123125783e-17,1,1.6004645656917944e-16
rand_mixed_03,D_random_full_rank,1e-06,0.4072121649956522,0.40721216499565227,5.551115123125783e-17,7.244417918960238e-17,5.551115123125783e-17,1,1.5170650228460041e-16
rand_mixed_03,D_random_full_rank,0.0001,0.40676584604903965,0.4067658460490398,1.6653345369377348e-16,9.283607327506308e-17,5.551115123125783e-17,1,1.874785894044092e-16
rand_mixed_03,D_random_full_rank,0.001,0.40272916641493406,0.40272916641493395,1.1102230246251565e-16,8.384297404680616e-17,5.551115123125783e-17,1,3.0922875309198896e-16
rand_mixed_03,D_random_full_rank,0.005,0.3852339362405266,0.3852339362405267,1.1102230246251565e-16,1.086108692045682e-16,8.326672684688674e-17,1,2.1788568821550755e-16
rand_mixed_03,D_random_full_rank,0.01,0.3643562726693902,0.3643562726693902,0.0,6.763197186183236e-17,4.163336342344337e-17,1,1.8358587643600644e-16
rand_mixed_03,D_random_full_rank,0.02,0.32571193086415606,0.32571193086415595,1.1102230246251565e-16,5.221488846606091e-17,2.7755575615628914e-17,1,2.324270529436321e-16
rand_mixed_03,D_random_full_rank,0.05,0.23137105434796207,0.2313710543479621,2.7755575615628914e-17,4.7316947918797145e-17,2.7755575615628914e-17,1,1.3632763462826172e-16
rand_mixed_03,D_random_full_rank,0.1,0.12824489662774957,0.1282448966277496,2.7755575615628914e-17,2.2181409231159697e-17,1.3877787807814457e-17,1,1.1145513959121702e-16
rand_mixed_03,D_random_full_rank,0.15,0.06913386784420822,0.06913386784420823,1.3877787807814457e-17,8.553523741428393e-18,3.878959614448864e-18,1,1.0511908987392235e-16
rand_mixed_03,D_random_full_rank,0.2,0.03611342414301352,0.03611342414301352,0.0,5.183801776669078e-18,3.469446951953614e-18,1,1.2832264423908535e-16
rand_mixed_03,D_random_full_rank,0.3,0.008800257963224213,0.008800257963224216,3.469446951953614e-18,2.081449342825665e-18,1.734723475976807e-18,1,1.4658669985656663e-16
rand_mixed_03,D_random_full_rank,0.5,0.00027116995006872685,0.0002711699500687269,5.421010862427522e-20,2.7587555563044994e-20,1.3552527156068805e-20,1,3.9795463141840336e-17
rand_mixed_03,D_random_full_rank,0.75,2.443245634708222e-07,2.443245634708222e-07,0.0,3.0326893950365206e-23,1.9852334701272664e-23,1,1.271979888981851e-16
rand_mixed_03,D_random_full_rank,1.0,0.0,0.0,0.0,0.0,0.0,0,
rand_mixed_04,D_random_full_rank,0.0,0.49399443889706907,0.4939944388970693,2.220446049250313e-16,1.4480525636010605e-16,1.1102230246251565e-16,1,2.0431478542825366e-16
rand_mixed_04,D_random_full_rank,1e-06,0.49398880702256476,0.49398880702256487,1.1102230246251565e-16,1.4649942599807433e-16,8.355534721610418e-17,1,2.2566078843213713e-16
rand_mixed_04,D_random_full_rank,0.0001,0.49343154739072115,0.49343154739072137,2.220446049250313e-16,1.2344602336634422e-16,5.551115123125783e-17,1,2.3114173219805454e-16
rand_mixed_04,D_random_full_rank,0.001,0.4883923396218168,0.48839233962181694,1.6653345369377348e-16,1.379950445672916e-16,5.551115123125783e-17,1,1.835202983390987e-16
rand_mixed_04,D_random_full_rank,0.005,0.46657034245136453,0.46657034245136475,2.220446049250313e-16,1.5604799497060547e-16,8.326672684688674e-17,1,1.4573742198881345e-16
rand_mixed_04,D_random_full_rank,0.01,0.44056956868789476,0.44056956868789476,0.0,1.2204861495985944e-16,5.551115123125783e-17,1,2.950866103546684e-16
rand_mixed_04,D_random_full_rank,0.02,0.3925655390332966,0.3925655390332967,1.1102230246251565e-16,1.0001399226438871e-16,5.551115123125783e-17,1,1.334046340737581e-16
rand_mixed_04,D_random_full_rank,0.05,0.2761559703619464,0.2761559703619464,0.0,7.513575812810492e-17,4.163336342344337e-17,1,2.522695930940662e-16
rand_mixed_04,D_random_full_rank,0.1,0.150608136212872,0.150608136212872,0.0,2.5991924001592977e-17,1.4304896245381992e-17,1,1.5991478525394943e-16
rand_mixed_04,D_random_full_rank,0.15,0.07989921544166789,0.07989921544166789,0.0,9.772264889001046e-18,5.275955480050202e-18,1,1.3743236572917016e-16
rand_mixed_04,D_random_full_rank,0.2,0.04108769355931771,0.04108769355931772,6.938893903907228e-18,5.5049290971091144e-18,4.336808689942018e-18,1,1.1088669437176518e-16
rand_mixed_04,D_random_full_rank,0.3,0.009719156429391092,0.009719156429391095,3.469446951953614e-18,2.280612891396519e-18,1.734723475976807e-18,1,1.289148753727724e-16
rand_mixed_04,D_random_full_rank,0.5,0.00028503546416108673,0.0002850354641610868,5.421010862427522e-20,4.559261060719636e-20,4.0657581468206416e-20,1,1.1888483228270041e-16
rand_mixed_04,D_random_full_rank,0.75,2.4726289312723247e-07,2.4726289312723247e-07,0.0,2.647563629529703e-23,1.3234889800848443e-23,1,1.0009576569778748e-16
rand_mixed_04,D_random_full_rank,1.0,0.0,0.0,0.0,0.0,0.0,0,
rand_mixed_05,D_random_full_rank,0.0,0.5816299069654232,0.5816299069654232,0.0,1.9331078462462612e-16,1.1123893155135927e-16,1,3.0585848678966574e-16
rand_mixed_05,D_random_full_rank,1e-06,0.5816231193767539,0.581623119376754,1.1102230246251565e-16,9.664760850780579e-17,5.551115123125783e-17,1,1.633233170369604e-16
rand_mixed_05,D_random_full_rank,0.0001,0.5809515141586828,0.5809515141586828,0.0,1.605158295535225e-16,8.355534721610418e-17,1,2.3831148496849176e-16
rand_mixed_05,D_random_full_rank,0.001,0.5748791448714945,0.5748791448714944,1.1102230246251565e-16,9.779287233790542e-17,5.551115123125783e-17,1,2.4245902425992425e-16
rand_mixed_05,D_random_full_rank,0.005,0.5486010290034873,0.5486010290034873,0.0,1.3888625597680071e-16,6.206335383118183e-17,1,2.4954782548389056e-16
rand_mixed_05,D_random_full_rank,0.01,0.5173302473056288,0.5173302473056289,1.1102230246251565e-16,1.258661130938509e-16,5.721958498152797e-17,1,1.517374930273795e-16
rand_mixed_05,D_random_full_rank,0.02,0.4597171818531349,0.4597171818531349,0.0,1.0385909840422057e-16,5.721958498152797e-17,1,2.678252377933065e-16
rand_mixed_05,D_random_full_rank,0.05,0.32076853470627453,0.32076853470627453,0.0,1.321866118296668e-16,8.355534721610418e-17,1,4.3541904808092023e-16
rand_mixed_05,D_random_full_rank,0.1,0.1725660111062843,0.17256601110628433,2.7755575615628914e-17,3.592097770120697e-17,2.7755575615628914e-17,1,1.5316027952919616e-16
rand_mixed_05,D_random_full_rank,0.15,0.09031020243348467,0.09031020243348467,0.0,1.381751759400204e-17,6.938893903907228e-18,1,1.6563912661818882e-16
rand_mixed_05,D_random_full_rank,0.2,0.045822345530337164,0.04582234553033718,1.3877787807814457e-17,5.303178513252522e-18,3.469446951953614e-18,1,1.2228678285676456e-16
rand_mixed_05,D_random_full_rank,0.3,0.010564735635773745,0.010564735635773741,3.469446951953614e-18,1.7542017572850536e-18,1.3010426069826053e-18,1,1.8402857208101198e-16
rand_mixed_05,D_random_full_rank,0.5,0.0002969006022645977,0.00029690060226459774,5.421010862427522e-20,3.913076856960215e-20,2.710505431213761e-20,1,1.281548652311145e-16
rand_mixed_05,D_random_full_rank,0.75,2.4957797568162573e-07,2.495779756816258e-07,5.293955920339377e-23,3.743415520561607e-23,2.6469779601696886e-23,1,1.2724470586117582e-16
rand_mixed_05,D_random_full_rank,1.0,0.0,0.0,0.0,0.0,0.0,0,
rand_mixed_06,D_random_full_rank,0.0,0.47981304934436975,0.4798130493443699,1.6653345369377348e-16,1.23999363977997e-16,1.1102230246251565e-16,1,9.476894532743592e-17
rand_mixed_06,D_random_full_rank,1e-06,0.479807555744202,0.47980755574420214,1.6653345369377348e-16,1.2300645156085197e-16,9.71445146547012e-17,1,2.485804870850671e-16
rand_mixed_06,D_random_full_rank,0.0001,0.4792639799542331,0.47926397995423325,1.6653345369377348e-16,1.1570911172946433e-16,6.938893903907228e-17,1,2.0985135664233716e-16
rand_mixed_06,D_random_full_rank,0.001,0.4743486885677375,0.4743486885677376,1.1102230246251565e-16,1.7988609865533227e-16,1.6653345369377348e-16,1,2.696030411686588e-16
rand_mixed_06,D_random_full_rank,0.005,0.45306700079187334,0.45306700079187356,2.220446049250313e-16,1.869400992136626e-16,1.6653345369377348e-16,1,2.2249138882623787e-16
rand_mixed_06,D_random_full_rank,0.01,0.42771804065577523,0.42771804065577523,0.0,6.762154260809715e-17,4.163336342344337e-17,1,1.6963076688903033e-16
rand_mixed_06,D_random_full_rank,0.02,0.38094149472822697,0.38094149472822714,1.6653345369377348e-16,1.4523356537836194e-16,1.3877787807814457e-16,1,2.8389373764544133e-16
rand_mixed_06,D_random_full_rank,0.05,0.26765253854024407,0.2676525385402442,1.1102230246251565e-16,7.921119041206935e-17,5.551115123125783e-17,1,1.8081527988182409e-16
rand_mixed_06,D_random_full_rank,0.1,0.14574694190678072,0.1457469419067807,2.7755575615628914e-17,3.591050434936945e-17,2.7755575615628914e-17,1,3.653046385683952e-16
rand_mixed_06,D_random_full_rank,0.15,0.07725241433446589,0.07725241433446592,2.7755575615628914e-17,1.2212564154686428e-17,6.938893903907228e-18,1,1.1222367145643527e-16
rand_mixed_06,D_random_full_rank,0.2,0.03971854637905314,0.03971854637905316,1.3877787807814457e-17,8.423874121997814e-18,6.938893903907228e-18,1,1.753212952301192e-16
rand_mixed_06,D_random_full_rank,0.3,0.009410269436860795,0.0094102694368608,5.204170427930421e-18,2.6696597330093838e-18,1.734723475976807e-18,1,6.75157686277265e-17
rand_mixed_06,D_random_full_rank,0.5,0.0002786525137547127,0.0002786525137547128,1.0842021724855044e-19,6.394727331411069e-20,5.421010862427522e-20,1,1.2535008938307696e-16
rand_mixed_06,D_random_full_rank,0.75,2.455262904219648e-07,2.455262904219648e-07,0.0,1.8013977661626168e-25,7.311312755028602e-26,1,7.555609856206928e-19
rand_mixed_06,D_random_full_rank,1.0,0.0,0.0,0.0,0.0,0.0,0,
rand_mixed_07,D_random_full_rank,0.0,0.44353432879423094,0.44353432879423094,0.0,7.244417918960238e-17,3.1031676915590914e-17,1,1.7935732101685463e-16
rand_mixed_07,D_random_full_rank,1e-06,0.4435291659737205,0.44352916597372066,1.6653345369377348e-16,1.276643339166307e-16,5.551115123125783e-17,1,3.2084471584504865e-16
rand_mixed_07,D_random_full_rank,0.0001,0.4430183266055526,0.4430183266055526,0.0,9.129986604892147e-17,4.3885418357208765e-17,1,1.975615098834154e-16
rand_mixed_07,D_random_full_rank,0.001,0.4383996618767233,0.4383996618767234,1.1102230246251565e-16,1.0580391203424762e-16,8.326672684688674e-17,1,1.8367703205868732e-16
rand_mixed_07,D_random_full_rank,0.005,0.4184150620892023,0.4184150620892023,0.0,9.415570229814812e-17,4.3885418357208765e-17,1,2.349720008501993e-16
rand_mixed_07,D_random_full_rank,0.01,0.3946389271804668,0.3946389271804669,1.1102230246251565e-16,8.753050930969996e-17,5.551115123125783e-17,1,1.1505709565392481e-16
rand_mixed_07,D_random_full_rank,0.02,0.3508483257553443,0.35084832575534436,5.551115123125783e-17,7.616996755589796e-17,4.163336342344337e-17,1,1.7111554530186455e-16
rand_mixed_07,D_random_full_rank,0.05,0.245294485663317,0.24529448566331707,8.326672684688674e-17,4.949284946350852e-17,2.7755575615628914e-17,1,2.4108287911620983e-16
rand_mixed_07,D_random_full_rank,0.1,0.13269522591548855,0.1326952259154886,5.551115123125783e-17,3.4564120394242746e-17,2.7755575615628914e-17,1,2.0160143937394616e-16
rand_mixed_07,D_random_full_rank,0.15,0.07002838762920471,0.07002838762920473,1.3877787807814457e-17,1.3197016443796306e-17,6.938893903907228e-18,1,1.335624427370463e-16
rand_mixed_07,D_random_full_rank,0.2,0.03593208789419211,0.03593208789419211,0.0,4.094926973033821e-18,1.734723475976807e-18,1,1.0808315696223824e-16
rand_mixed_07,D_random_full_rank,0.3,0.008539064002284824,0.008539064002284828,3.469446951953614e-18,1.6700981076902366e-18,1.3010426069826053e-18,1,1.2694669476786375e-16
rand_mixed_07,D_random_full_rank,0.5,0.0002602222931119332,0.00026022229311193333,1.0842021724855044e-19,5.425744404806592e-20,2.710505431213761e-20,1,1.0412857384975932e-17
rand_mixed_07,D_random_full_rank,0.75,2.404424285015188e-07,2.404424285015189e-07,1.0587911840678754e-22,5.293988741781672e-23,2.6469779601696886e-23,1,1.4479338872306226e-18
rand_mixed_07,D_random_full_rank,1.0,0.0,0.0,0.0,0.0,0.0,0,
rand_mixed_08,D_random_full_rank,0.0,0.5469233256421591,0.5469233256421591,0.0,1.0639951576182675e-16,3.469446951953614e-17,1,2.108242206147379e-16
rand_mixed_08,D_random_full_rank,1e-06,0.5469169949323748,0.5469169949323749,1.1102230246251565e-16,1.5011122659325205e-16,8.355534721610418e-17,1,1.841260045520229e-16
rand_mixed_08,D_random_full_rank,0.0001,0.5462905930573486,0.5462905930573487,1.1102230246251565e-16,1.4330117945093439e-16,8.326672684688674e-17,1,1.6036577966837503e-16
rand_mixed_08,D_random_full_rank,0.001,0.540626660077846,0.540626660077846,0.0,1.1496388234292284e-16,5.551115123125783e-17,1,2.0076379807470052e-16
rand_mixed_08,D_random_full_rank,0.005,0.5161102654697252,0.5161102654697252,0.0,8.753050930969996e-17,3.1031676915590914e-17,1,1.7506101861939993e-16
rand_mixed_08,D_random_full_rank,0.01,0.4869231915176895,0.4869231915176896,1.1102230246251565e-16,1.2246705451637024e-16,8.326672684688674e-17,1,1.6508152141617602e-16
rand_mixed_08,D_random_full_rank,0.02,0.43311009969263087,0.4331100996926309,5.551115123125783e-17,5.989194037114866e-17,2.7755575615628914e-17,1,1.5585503335979884e-16
rand_mixed_08,D_random_full_rank,0.05,0.30307879382453007,0.3030787938245302,1.1102230246251565e-16,8.956953681128467e-17,4.163336342344337e-17,1,1.997268734375037e-16
rand_mixed_08,D_random_full_rank,0.1,0.16384788456387595,0.16384788456387595,0.0,2.8767134424180844e-17,1.3904866443919908e-17,1,1.7265510250342642e-16
rand_mixed_08,D_random_full_rank,0.15,0.0861708668739812,0.08617086687398122,1.3877787807814457e-17,1.2795423134172945e-17,1.0408340855860843e-17,1,1.5438064341682232e-16
rand_mixed_08,D_random_full_rank,0.2,0.0439370889146394,0.04393708891463941,1.3877787807814457e-17,9.112782144539641e-18,6.938893903907228e-18,1,1.1998625959870092e-16
rand_mixed_08,D_random_full_rank,0.3,0.010226954363402976,0.010226954363402978,1.734723475976807e-18,1.6713074077324796e-18,1.3010426069826053e-18,1,1.1882578821256348e-16
rand_mixed_08,D_random_full_rank,0.5,0.0002921262939112987,0.00029212629391129876,5.421010862427522e-20,4.70774239109032e-20,4.0657581468206416e-20,1,1.249242754251544e-16
rand_mixed_08,D_random_full_rank,0.75,2.4863814076276467e-07,2.4863814076276467e-07,0.0,4.39116241210206e-25,2.208573203658474e-25,1,1.829995814840659e-18
rand_mixed_08,D_random_full_rank,1.0,0.0,0.0,0.0,0.0,0.0,0,
rand_mixed_09,D_random_full_rank,0.0,0.36514396287667317,0.36514396287667317,0.0,6.579383311955706e-17,2.8609792490763984e-17,1,1.773919099958185e-16
rand_mixed_09,D_random_full_rank,1e-06,0.3651399240636539,0.365139924063654,5.551115123125783e-17,6.4965336273988e-17,4.163336342344337e-17,1,1.1880639716143977e-16
rand_mixed_09,D_random_full_rank,0.0001,0.364740287560124,0.3647402875601241,1.1102230246251565e-16,9.60541937649268e-17,5.551115123125783e-17,1,1.6356151941625495e-16
rand_mixed_09,D_random_full_rank,0.001,0.3611258758801552,0.3611258758801553,1.1102230246251565e-16,8.044517101538739e-17,4.163336342344337e-17,1,1.7425554198431989e-16
rand_mixed_09,D_random_full_rank,0.005,0.3454618890543854,0.3454618890543854,0.0,5.459558146492313e-17,2.0816681711721685e-17,1,1.6178563487045993e-16
rand_mixed_09,D_random_full_rank,0.01,0.3267717820689554,0.3267717820689554,0.0,4.670885906470169e-17,2.7755575615628914e-17,1,1.2733981055459088e-16
rand_mixed_09,D_random_full_rank,0.02,0.29218257334286835,0.29218257334286835,0.0,7.098602076153386e-17,5.551115123125783e-17,1,2.3987217788092416e-16
rand_mixed_09,D_random_full_rank,0.05,0.2077648560366877,0.2077648560366877,0.0,2.7097246932071044e-17,1.3877787807814457e-17,1,1.3100464694813461e-16
rand_mixed_09,D_random_full_rank,0.1,0.11547437803614666,0.11547437803614666,0.0,1.7669501961809776e-17,8.845388854693245e-18,1,1.2916411321746622e-16
rand_mixed_09,D_random_full_rank,0.15,0.0624962243102172,0.062496224310217216,1.3877787807814457e-17,1.2793585635328952e-17,6.938893903907228e-18,1,1.5918392024200694e-16
rand_mixed_09,D_random_full_rank,0.2,0.032812851463128706,0.03281285146312872,1.3877787807814457e-17,8.019524007160642e-18,4.336808689942018e-18,1,9.890206080568031e-17
rand_mixed_09,D_random_full_rank,0.3,0.008101110841436917,0.008101110841436918,1.734723475976807e-18,1.3300132807589654e-18,8.673617379884035e-19,1,9.778517907806282e-17
rand_mixed_09,D_random_full_rank,0.5,0.0002578684347516742,0.0002578684347516742,0.0,7.7804944353705505e-22,4.365507887384641e-22,1,3.1868905207277775e-18
rand_mixed_09,D_random_full_rank,0.75,2.4089219541605713e-07,2.408921954160572e-07,5.293955920339377e-23,3.801503990244823e-23,2.6469779601696886e-23,1,1.0007723680979688e-16
rand_mixed_09,D_random_full_rank,1.0,0.0,0.0,0.0,0.0,0.0,0,
rand_mixed_10,D_random_full_rank,0.0,0.4430762934224164,0.4430762934224165,1.1102230246251565e-16,1.1161702077978488e-16,8.326672684688674e-17,1,2.2676492126239277e-16
rand_mixed_10,D_random_full_rank,1e-06,0.44307130544508333,0.44307130544508355,2.220446049250313e-16,1.9078803932353506e-16,1.6653345369377348e-16,1,2.6874220530932863e-16
rand_mixed_10,D_random_full_rank,0.0001,0.4425777543075534,0.44257775430755353,1.1102230246251565e-16,1.6068446818825204e-16,1.1102230246251565e-16,1,2.3407842044455284e-16
rand_mixed_10,D_random_full_rank,0.001,0.4381143369886592,0.4381143369886593,1.1102230246251565e-16,1.3087681018000852e-16,8.326672684688674e-17,1,2.37549462997806e-16
rand_mixed_10,D_random_full_rank,0.005,0.4187790861845069,0.4187790861845069,0.0,7.033656619884648e-17,3.1031676915590914e-17,1,1.594436429147036e-16
rand_mixed_10,D_random_full_rank,0.01,0.39572650917063634,0.39572650917063656,2.220446049250313e-16,1.5550709907979195e-16,1.3877787807814457e-16,1,3.1600548668730135e-16
rand_mixed_10,D_random_full_rank,0.02,0.3531201378350223,0.35312013783502233,5.551115123125783e-17,1.0239277872368742e-16,5.551115123125783e-17,1,2.8777593299067095e-16
rand_mixed_10,D_random_full_rank,0.05,0.24950806421784022,0.24950806421784028,5.551115123125783e-17,5.180989152651943e-17,2.7755575615628914e-17,1,1.3274885683554194e-16
rand_mixed_10,D_random_full_rank,0.1,0.13710963067288923,0.13710963067288928,5.551115123125783e-17,4.722145448560269e-17,4.163336342344337e-17,1,2.129686601129833e-16
rand_mixed_10,D_random_full_rank,0.15,0.07330551318049758,0.0733055131804976,2.7755575615628914e-17,1.9163100876342602e-17,1.3877787807814457e-17,1,1.1898356913462983e-16
rand_mixed_10,D_random_full_rank,0.2,0.03799537414542538,0.03799537414542539,1.3877787807814457e-17,7.634200017930433e-18,4.336808689942018e-18,1,1.2848413312626535e-16
rand_mixed_10,D_random_full_rank,0.3,0.009130445927319646,0.009130445927319653,6.938893903907228e-18,3.653757299752525e-18,2.168404344971009e-18,1,1.2177709378935645e-16
rand_mixed_10,D_random_full_rank,0.5,0.0002756148229241203,0.00027561482292412043,1.0842021724855044e-19,4.8920334979498584e-20,2.710505431213761e-20,1,9.955845476687859e-17
rand_mixed_10,D_random_full_rank,0.75,2.451466810712748e-07,2.451466810712749e-07,1.0587911840678754e-22,6.483813759060204e-23,5.293955920339377e-23,1,1.388104459822284e-16
rand_mixed_10,D_random_full_rank,1.0,0.0,0.0,0.0,0.0,0.0,0,
rand_mixed_11,D_random_full_rank,0.0,0.5138601188648189,0.5138601188648191,2.220446049250313e-16,1.508511385411142e-16,1.1102230246251565e-16,1,3.2138766362434936e-16
rand_mixed_11,D_random_full_rank,1e-06,0.513854304578093,0.5138543045780931,1.1102230246251565e-16,1.4037332632488234e-16,1.1102230246251565e-16,1,1.8809154765361492e-16
rand_mixed_11,D_random_full_rank,0.0001,0.5132789921892522,0.5132789921892525,3.3306690738754696e-16,2.1172156114957427e-16,1.6653345369377348e-16,1,2.3024492687576793e-16
rand_mixed_11,D_random_full_rank,0.001,0.5080762178552174,0.5080762178552175,1.1102230246251565e-16,1.4035188709965995e-16,1.1102230246251565e-16,1,1.9401003414931416e-16
rand_mixed_11,D_random_full_rank,0.005,0.4855391991586102,0.4855391991586104,1.6653345369377348e-16,9.37713917052689e-17,5.551115123125783e-17,1,2.8394408304613544e-16
rand_mixed_11,D_random_full_rank,0.01,0.45867188291955324,0.4586718829195534,1.6653345369377348e-16,1.2689001245815645e-16,1.1102230246251565e-16,1,1.6304555119235872e-16
rand_mixed_11,D_random_full_rank,0.02,0.40902418087386594,0.40902418087386594,0.0,6.199058067287446e-17,3.469446951953614e-17,1,1.4390887892426582e-16
rand_mixed_11,D_random_full_rank,0.05,0.28836512400719755,0.2883651240071976,5.551115123125783e-17,6.644240020047528e-17,5.551115123125783e-17,1,2.6791230209693954e-16
rand_mixed_11,D_random_full_rank,0.1,0.157720654122327,0.15772065412232705,5.551115123125783e-17,3.014160038656756e-17,2.7755575615628914e-17,1,1.3249926471231793e-16
rand_mixed_11,D_random_full_rank,0.15,0.08382967616272707,0.08382967616272707,0.0,2.0887711297583567e-17,1.3877787807814457e-17,1,2.8531850857737563e-16
rand_mixed_11,D_random_full_rank,0.2,0.0431452398182476,0.0431452398182476,0.0,4.422694427346622e-18,3.469446951953614e-18,1,1.1946313998243655e-16
rand_mixed_11,D_random_full_rank,0.3,0.01019168950669579,0.01019168950669579,0.0,6.83630631224214e-19,4.336808689942018e-19,1,8.334137345895943e-17
rand_mixed_11,D_random_full_rank,0.5,0.00029501017788339764,0.00029501017788339775,1.0842021724855044e-19,6.79968710600016e-20,5.421010862427522e-20,1,1.9681182821611046e-16
rand_mixed_11,D_random_full_rank,0.75,2.50010912480759e-07,2.50010912480759e-07,0.0,2.5855767352733565e-25,1.2924697071141057e-25,1,1.084469484306398e-18
rand_mixed_11,D_random_full_rank,1.0,0.0,0.0,0.0,0.0,0.0,0,
rand_mixed_12,D_random_full_rank,0.0,0.5265173532870584,0.5265173532870586,2.220446049250313e-16,1.5367731108738363e-16,5.551115123125783e-17,1,2.366596541837557e-16
rand_mixed_12,D_random_full_rank,1e-06,0.5265111665614073,0.5265111665614073,0.0,7.919159918457851e-17,3.469446951953614e-17,1,1.561744964599974e-16
rand_mixed_12,D_random_full_rank,0.0001,0.5258990182643456,0.5258990182643457,1.1102230246251565e-16,1.3295272005803078e-16,5.551115123125783e-17,1,1.826123492539846e-16
rand_mixed_12,D_random_full_rank,0.001,0.5203645834812959,0.520364583481296,1.1102230246251565e-16,1.043432926299726e-16,5.551115123125783e-17,1,1.561312113560235e-16
rand_mixed_12,D_random_full_rank,0.005,0.49642173436027204,0.4964217343602722,1.6653345369377348e-16,1.2320201043084444e-16,5.551115123125783e-17,1,1.5273642066830624e-16
rand_mixed_12,D_random_full_rank,0.01,0.46794586649553266,0.4679458664955327,5.551115123125783e-17,1.1204756054896642e-16,5.551115123125783e-17,1,2.5084759960591266e-16
rand_mixed_12,D_random_full_rank,0.02,0.41552966415930603,0.4155296641593061,5.551115123125783e-17,7.240262818005302e-17,2.823925224926892e-17,1,2.0977163134085834e-16
rand_mixed_12,D_random_full_rank,0.05,0.2893945877012297,0.2893945877012297,0.0,6.394991685909194e-17,2.841188977517478e-17,1,2.039019682947162e-16
rand_mixed_12,D_random_full_rank,0.1,0.1553777436696141,0.15537774366961415,5.551115123125783e-17,3.2199161750350857e-17,1.3877787807814457e-17,1,2.0454387043973442e-16
rand_mixed_12,D_random_full_rank,0.15,0.08127716638863741,0.08127716638863744,2.7755575615628914e-17,1.9165554381362112e-17,1.0408340855860843e-17,1,1.3879964511783013e-16
rand_mixed_12,D_random_full_rank,0.2,0.04128687327972961,0.04128687327972962,1.3877787807814457e-17,8.791736520069258e-18,5.204170427930421e-18,1,9.592956245245318e-17
rand_mixed_12,D_random_full_rank,0.3,0.009588424337902857,0.009588424337902858,1.734723475976807e-18,1.3502969824156306e-18,8.673617379884035e-19,1,1.1576376084856798e-16
rand_mixed_12,D_random_full_rank,0.5,0.000277907845205525,0.00027790784520552507,5.421010862427522e-20,2.732296761821407e-20,1.3552527156068805e-20,1,6.329823840082753e-17
rand_mixed_12,D_random_full_rank,0.75,2.446030872541977e-07,2.4460308725419775e-07,5.293955920339377e-23,3.7437413096303363e-23,2.6469779601696886e-23,1,1.1102636555408914e-16
rand_mixed_12,D_random_full_rank,1.0,0.0,0.0,0.0,0.0,0.0,0,
rand_mixed_13,D_random_full_rank,0.0,0.43539307972486446,0.4353930797248646,1.1102230246251565e-16,6.321633202427609e-17,2.7755575615628914e-17,1,2.2994085218704797e-16
rand_mixed_13,D_random_full_rank,1e-06,0.4353881478971782,0.43538814789717833,1.1102230246251565e-16,1.399009044282248e-16,7.076311083754596e-17,1,2.012017511140454e-16
rand_mixed_13,D_random_full_rank,0.0001,0.43490015501460566,0.43490015501460577,1.1102230246251565e-16,9.060505718750247e-17,4.163336342344337e-17,1,1.5628404825838653e-16
rand_mixed_13,D_random_full_rank,0.001,0.4304872156130809,0.4304872156130809,0.0,1.0571855186542321e-16,5.76648802964689e-17,1,2.541947081160262e-16
rand_mixed_13,D_random_full_rank,0.005,0.41137509909276704,0.41137509909276715,1.1102230246251565e-16,1.0186239529574313e-16,5.551115123125783e-17,1,1.302776175515676e-16
rand_mixed_13,D_random_full_rank,0.01,0.3885982907895817,0.38859829078958175,5.551115123125783e-17,1.1231580982095262e-16,5.551115123125783e-17,1,2.2674169683972076e-16
rand_mixed_13,D_random_full_rank,0.02,0.34653088629908124,0.34653088629908146,2.220446049250313e-16,1.3722967513428515e-16,8.326672684688674e-17,1,3.3386329562289464e-16
rand_mixed_13,D_random_full_rank,0.05,0.24440674310941274,0.24440674310941274,0.0,2.6536166564079733e-17,1.3877787807814457e-17,1,1.0614466625631893e-16
rand_mixed_13,D_random_full_rank,0.1,0.1339724441908624,0.1339724441908624,0.0,2.3658473959398572e-17,1.0408340855860843e-17,1,1.8619006149354548e-16
rand_mixed_13,D_random_full_rank,0.15,0.07150117746105528,0.0715011774610553,2.7755575615628914e-17,1.6855072669873912e-17,1.0408340855860843e-17,1,1.4652028661038557e-16
rand_mixed_13,D_random_full_rank,0.2,0.037021481122976874,0.037021481122976874,0.0,4.9399658625410246e-18,1.734723475976807e-18,1,1.473522894744448e-16
rand_mixed_13,D_random_full_rank,0.3,0.008896864886598934,0.008896864886598934,0.0,8.136032548526343e-19,4.336808689942018e-19,1,8.92425505887084e-17
rand_mixed_13,D_random_full_rank,0.5,0.0002704386665207993,0.00027043866652079934,5.421010862427522e-20,3.844542084322678e-20,2.710505431213761e-20,1,1.1117128195869403e-16
rand_mixed_13,D_random_full_rank,0.75,2.4368153230281313e-07,2.4368153230281313e-07,0.0,2.3693839802779647e-25,1.1560200495865536e-25,1,9.937339131713678e-19
rand_mixed_13,D_random_full_rank,1.0,0.0,0.0,0.0,0.0,0.0,0,
rand_mixed_14,D_random_full_rank,0.0,0.3621667997329747,0.36216679973297483,1.1102230246251565e-16,7.636724829956622e-17,4.163336342344337e-17,1,1.633893932962245e-16
rand_mixed_14,D_random_full_rank,1e-06,0.3621628541865992,0.3621628541865992,0.0,6.472169365090996e-17,2.7755575615628914e-17,1,1.6587371995915083e-16
rand_mixed_14,D_random_full_rank,0.0001,0.36177244201952796,0.36177244201952796,0.0,4.912668278604057e-17,2.7755575615628914e-17,1,1.5737001258370576e-16
rand_mixed_14,D_random_full_rank,0.001,0.35824106931498434,0.35824106931498445,1.1102230246251565e-16,8.750472079669939e-17,5.551115123125783e-17,1,1.2831808682968976e-16
rand_mixed_14,D_random_full_rank,0.005,0.34292875947945045,0.34292875947945056,1.1102230246251565e-16,8.505453752507596e-17,5.551115123125783e-17,1,1.1539173959691438e-16
rand_mixed_14,D_random_full_rank,0.01,0.32464035954914383,0.324640359549144,1.6653345369377348e-16,1.0262762485494681e-16,8.326672684688674e-17,1,2.4210058504115347e-16
rand_mixed_14,D_random_full_rank,0.02,0.29074039000524543,0.29074039000524554,1.1102230246251565e-16,6.824103179332485e-17,4.163336342344337e-17,1,2.277209808613359e-16
rand_mixed_14,D_random_full_rank,0.05,0.20767190866288307,0.2076719086628831,2.7755575615628914e-17,2.6564502040987625e-17,1.3877787807814457e-17,1,6.473113735419062e-17
rand_mixed_14,D_random_full_rank,0.1,0.1161774267773105,0.11617742677731052,2.7755575615628914e-17,2.0174319419219794e-17,1.0408340855860843e-17,1,1.2062255322329188e-16
rand_mixed_14,D_random_full_rank,0.15,0.06320839096330932,0.06320839096330935,2.7755575615628914e-17,1.8282233553721198e-17,1.3877787807814457e-17,1,1.7495624105954087e-16
rand_mixed_14,D_random_full_rank,0.2,0.03332002354536275,0.03332002354536276,6.938893903907228e-18,7.447233905265368e-18,5.204170427930421e-18,1,2.2185230142129348e-16
rand_mixed_14,D_random_full_rank,0.3,0.00826299777897754,0.008262997778977542,1.734723475976807e-18,1.359050572128778e-18,1.0842021724855044e-18,1,1.446777186986445e-16
rand_mixed_14,D_random_full_rank,0.5,0.00026240967924914495,0.000262409679249145,5.421010862427522e-20,4.717234074627981e-20,4.0657581468206416e-20,1,1.5720606019783994e-16
rand_mixed_14,D_random_full_rank,0.75,2.423224364413247e-07,2.4232243644132477e-07,5.293955920339377e-23,3.743581338492379e-23,2.6469779601696886e-23,1,1.0008695387437414e-16
rand_mixed_14,D_random_full_rank,1.0,0.0,0.0,0.0,0.0,0.0,0,
rand_mixed_15,D_random_full_rank,0.0,0.40832314766678623,0.40832314766678623,0.0,6.990741901888963e-17,3.1031676915590914e-17,1,1.7697580546672877e-16
rand_mixed_15,D_random_full_rank,1e-06,0.40831865754457,0.40831865754457,0.0,7.110250420355456e-17,2.8609792490763984e-17,1,2.0206364052201326e-16
rand_mixed_15,D_random_full_rank,0.0001,0.40787436136778477,0.4078743613677849,1.1102230246251565e-16,7.194398324766774e-17,2.7755575615628914e-17,1,1.7940764809665077e-16
rand_mixed_15,D_random_full_rank,0.001,0.40385575911482785,0.4038557591148281,2.220446049250313e-16,1.0091260863216008e-16,5.551115123125783e-17,1,2.7642588616763734e-16
rand_mixed_15,D_random_full_rank,0.005,0.3864342931845969,0.3864342931845969,0.0,7.310578359934718e-17,4.2207643840401616e-17,1,2.096074351170154e-16
rand_mixed_15,D_random_full_rank,0.01,0.36563464682301183,0.36563464682301183,0.0,4.220764384040162e-17,1.5515838457795457e-17,1,1.0067376188629204e-16
rand_mixed_15,D_random_full_rank,0.02,0.3271045055432713,0.32710450554327153,2.220446049250313e-16,1.1485913163110961e-16,6.938893903907228e-17,1,2.868542432559516e-16
rand_mixed_15,D_random_full_rank,0.05,0.23285787425721433,0.23285787425721438,5.551115123125783e-17,4.422694427346622e-17,2.0816681711721685e-17,1,1.4205680095839307e-16
rand_mixed_15,D_random_full_rank,0.1,0.1294627995819476,0.12946279958194762,2.7755575615628914e-17,2.2249138882623787e-17,1.3877787807814457e-17,1,1.3392244997425239e-16
rand_mixed_15,D_random_full_rank,0.15,0.06995724497585826,0.06995724497585826,0.0,6.163763251340558e-18,3.469446951953614e-18,1,8.151354677681473e-17
rand_mixed_15,D_random_full_rank,0.2,0.036606867920537606,0.03660686792053762,1.3877787807814457e-17,8.332148363991384e-18,5.204170427930421e-18,1,9.825336557208114e-17
rand_mixed_15,D_random_full_rank,0.3,0.008934676498047427,0.00893467649804743,3.469446951953614e-18,2.0618556661768857e-18,1.734723475976807e-18,1,1.2538253199410625e-16
rand_mixed_15,D_random_full_rank,0.5,0.00027452952167203557,0.0002745295216720357,1.0842021724855044e-19,5.431433658123561e-20,2.710505431213761e-20,1,2.7986700338552e-17
rand_mixed_15,D_random_full_rank,0.75,2.453333356406762e-07,2.4533333564067625e-07,5.293955920339377e-23,2.6476445475178655e-23,1.3234889800848443e-23,1,2.0572744174307156e-18
rand_mixed_15,D_random_full_rank,1.0,0.0,0.0,0.0,0.0,0.0,0,
rand_mixed_16,D_random_full_rank,0.0,0.4980434377747569,0.498043437774757,1.1102230246251565e-16,1.7032122529894136e-16,1.1102230246251565e-16,1,2.4211979951060496e-16
rand_mixed_16,D_random_full_rank,1e-06,0.49803757984653124,0.4980375798465314,1.6653345369377348e-16,1.6811609659364176e-16,8.582937747229195e-17,1,3.035022538983784e-16
rand_mixed_16,D_random_full_rank,0.0001,0.4974579654899155,0.4974579654899156,1.1102230246251565e-16,1.8140928290668285e-16,8.391472671209643e-17,1,2.2339911440447407e-16
rand_mixed_16,D_random_full_rank,0.001,0.4922177542575227,0.4922177542575228,1.1102230246251565e-16,9.244627698408606e-17,5.551115123125783e-17,1,1.2681884587238e-16
rand_mixed_16,D_random_full_rank,0.005,0.4695495203720054,0.4695495203720055,5.551115123125783e-17,1.2944338730181992e-16,5.721958498152797e-17,1,1.5424413552630964e-16
rand_mixed_16,D_random_full_rank,0.01,0.4425933538379446,0.44259335383794474,1.1102230246251565e-16,1.0153690823315392e-16,5.551115123125783e-17,1,2.829274959178827e-16
rand_mixed_16,D_random_full_rank,0.02,0.39298546301300497,0.3929854630130051,1.1102230246251565e-16,1.0682291383637863e-16,5.551115123125783e-17,1,1.9101266978071048e-16
rand_mixed_16,D_random_full_rank,0.05,0.27366892152186406,0.273668921521864,5.551115123125783e-17,5.685025231188364e-17,2.7755575615628914e-17,1,2.318315307906769e-16
rand_mixed_16,D_random_full_rank,0.1,0.1469900777016062,0.1469900777016062,0.0,1.7944119164150718e-17,7.152448122690996e-18,1,1.0607553914624741e-16
rand_mixed_16,D_random_full_rank,0.15,0.07697263158463828,0.07697263158463827,1.3877787807814457e-17,1.1644957205196551e-17,6.938893903907228e-18,1,1.3854457851104495e-16
rand_mixed_16,D_random_full_rank,0.2,0.039170744459326,0.03917074445932602,2.0816681711721685e-17,1.1170965951218992e-17,8.673617379884035e-18,1,1.1900609218966476e-16
rand_mixed_16,D_random_full_rank,0.3,0.009148820690679044,0.009148820690679045,1.734723475976807e-18,1.4573851087279644e-18,8.673617379884035e-19,1,1.9091245616955426e-16
rand_mixed_16,D_random_full_rank,0.5,0.0002697762884324434,0.0002697762884324435,1.0842021724855044e-19,6.506123214571336e-20,4.0657581468206416e-20,1,8.344994320249814e-17
rand_mixed_16,D_random_full_rank,0.75,2.425458274680625e-07,2.425458274680626e-07,1.0587911840678754e-22,4.7722011099212083e-23,2.6469779601696886e-23,1,5.551586070062608e-17
rand_mixed_16,D_random_full_rank,1.0,0.0,0.0,0.0,0.0,0.0,0,
rand_mixed_17,D_random_full_rank,0.0,0.46839849299381,0.46839849299381,0.0,9.568537192112823e-17,3.538155541877298e-17,1,1.9515446356734346e-16
rand_mixed_17,D_random_full_rank,1e-06,0.4683932145445937,0.4683932145445937,0.0,1.3765115495584658e-16,5.815852873680767e-17,1,2.810144947346184e-16
rand_mixed_17,D_random_full_rank,0.0001,0.4678709215741469,0.467870921574147,1.1102230246251565e-16,1.0708317483596251e-16,6.938893903907228e-17,1,1.7139559557637867e-16
rand_mixed_17,D_random_full_rank,0.001,0.4631475624279746,0.4631475624279748,1.6653345369377348e-16,1.0939078760240624e-16,5.551115123125783e-17,1,2.0696348873506014e-16
rand_mixed_17,D_random_full_rank,0.005,0.4426859449899584,0.4426859449899585,1.1102230246251565e-16,1.0566872658993677e-16,5.551115123125783e-17,1,1.8477858857383873e-16
rand_mixed_17,D_random_full_rank,0.01,0.4182898438150545,0.41828984381505446,5.551115123125783e-17,9.077925796183121e-17,3.538155541877298e-17,1,1.996063018156264e-16
rand_mixed_17,D_random_full_rank,0.02,0.3731989837187961,0.37319898371879623,1.1102230246251565e-16,1.0817360604565936e-16,4.2073750163139715e-17,1,1.5204334205654334e-16
rand_mixed_17,D_random_full_rank,0.05,0.26354397622910225,0.26354397622910225,0.0,6.806441284483936e-17,2.7809732887839817e-17,1,2.6875340266794307e-16
rand_mixed_17,D_random_full_rank,0.1,0.144620712950221,0.144620712950221,0.0,2.5531982829228282e-17,1.3877787807814457e-17,1,1.7769276478958647e-16
rand_mixed_17,D_random_full_rank,0.15,0.07717171232782491,0.07717171232782495,4.163336342344337e-17,3.0582958409255926e-17,2.0816681711721685e-17,1,2.568562587468237e-16
rand_mixed_17,D_random_full_rank,0.2,0.039901167335818284,0.03990116733581829,6.938893903907228e-18,6.003387110307925e-18,3.469446951953614e-18,1,1.445972923631488e-16
rand_mixed_17,D_random_full_rank,0.3,0.00952820876283706,0.009528208762837064,3.469446951953614e-18,1.7952367259413294e-18,1.0842021724855044e-18,1,1.2825813839305203e-16
rand_mixed_17,D_random_full_rank,0.5,0.000283023167026228,0.00028302316702622806,5.421010862427522e-20,2.761771740829297e-20,1.3552527156068805e-20,1,4.101473909656743e-17
rand_mixed_17,D_random_full_rank,0.75,2.4703019809280817e-07,2.470301980928083e-07,1.0587911840678754e-22,5.294547820200812e-23,2.6469779601696886e-23,1,5.555270410270207e-17
rand_mixed_17,D_random_full_rank,1.0,0.0,0.0,0.0,0.0,0.0,0,
rand_mixed_18,D_random_full_rank,0.0,0.4384978617219447,0.43849786172194477,5.551115123125783e-17,6.67389627922681e-17,2.7755575615628914e-17,1,2.0912233604402884e-16
rand_mixed_18,D_random_full_rank,1e-06,0.4384927679384375,0.4384927679384376,1.1102230246251565e-16,9.760228593154885e-17,5.611937690961183e-17,1,2.4491260755273303e-16
rand_mixed_18,D_random_full_rank,0.0001,0.43798875888025157,0.43798875888025157,0.0,8.908104862417726e-17,4.2073750163139715e-17,1,1.594436429147036e-16
rand_mixed_18,D_random_full_rank,0.001,0.4334317940652493,0.43343179406524945,1.6653345369377348e-16,1.2022428430941416e-16,6.938893903907228e-17,1,3.2000123806542986e-16
rand_mixed_18,D_random_full_rank,0.005,0.4137129976240296,0.4137129976240297,1.1102230246251565e-16,7.793717013508417e-17,5.551115123125783e-17,1,2.5020943278529207e-16
rand_mixed_18,D_random_full_rank,0.01,0.39025052548714645,0.39025052548714645,0.0,4.4299179326899046e-17,2.7755575615628914e-17,1,1.4621671250396574e-16
rand_mixed_18,D_random_full_rank,0.02,0.3470297448649097,0.34702974486490984,1.6653345369377348e-16,9.153851588732215e-17,5.551115123125783e-17,1,3.2878616347495355e-16
rand_mixed_18,D_random_full_rank,0.05,0.24279952157908657,0.24279952157908669,1.1102230246251565e-16,6.329363907694324e-17,2.8028670759448284e-17,1,3.0495629554019485e-16
rand_mixed_18,D_random_full_rank,0.1,0.13150351944477323,0.13150351944477323,0.0,2.0918078715553403e-17,1.3877787807814457e-17,1,1.6372702102414202e-16
rand_mixed_18,D_random_full_rank,0.15,0.06948171848644484,0.06948171848644485,1.3877787807814457e-17,1.3527784760854739e-17,1.0408340855860843e-17,1,1.567850812615901e-16
rand_mixed_18,D_random_full_rank,0.2,0.03569236026095629,0.035692360260956305,1.3877787807814457e-17,9.737092288435502e-18,6.938893903907228e-18,1,1.907900109159368e-16
rand_mixed_18,D_random_full_rank,0.3,0.008499706186804068,0.008499706186804068,0.0,7.149038361858612e-19,4.336808689942018e-19,1,7.258942042213833e-17
rand_mixed_18,D_random_full_rank,0.5,0.0002597800255952727,0.0002597800255952728,1.0842021724855044e-19,5.295718514237813e-20,3.3881317890172014e-20,1,8.368523874619063e-17
rand_mixed_18,D_random_full_rank,0.75,2.4038250837429214e-07,2.4038250837429214e-07,0.0,1.8722002879884473e-23,1.3234889800848443e-23,1,7.852566850529766e-17
rand_mixed_18,D_random_full_rank,1.0,0.0,0.0,0.0,0.0,0.0,0,
rand_mixed_19,D_random_full_rank,0.0,0.49111018914109283,0.49111018914109306,2.220446049250313e-16,1.8794349918599777e-16,1.6653345369377348e-16,1,2.9602333095487463e-16
rand_mixed_19,D_random_full_rank,1e-06,0.49110444422941735,0.49110444422941746,1.1102230246251565e-16,8.402224081988329e-17,3.1031676915590914e-17,1,1.0682291383637863e-16
rand_mixed_19,D_random_full_rank,0.0001,0.49053601029474114,0.49053601029474125,1.1102230246251565e-16,1.6595420514327883e-16,1.3877787807814457e-16,1,2.7950050692119906e-16
rand_mixed_19,D_random_full_rank,0.001,0.48539669634139615,0.48539669634139626,1.1102230246251565e-16,8.49837472194074e-17,4.163336342344337e-17,1,1.4760447993160848e-16
rand_mixed_19,D_random_full_rank,0.005,0.4631610527750009,0.463161052775001,1.1102230246251565e-16,1.143339385201453e-16,5.551115123125783e-17,1,1.3816939087127249e-16
rand_mixed_19,D_random_full_rank,0.01,0.43671081136858564,0.4367108113685856,5.551115123125783e-17,6.727507242144006e-17,3.469446951953614e-17,1,1.4262760966092848e-16
rand_mixed_19,D_random_full_rank,0.02,0.3880081269577154,0.38800812695771547,5.551115123125783e-17,7.589291297567301e-17,5.551115123125783e-17,1,1.9053550706285535e-16
rand_mixed_19,D_random_full_rank,0.05,0.27070796342422343,0.27070796342422354,1.1102230246251565e-16,7.983498236804784e-17,4.163336342344337e-17,1,1.1703921022227642e-16
rand_mixed_19,D_random_full_rank,0.1,0.1458319751283277,0.14583197512832774,2.7755575615628914e-17,2.1666689270499745e-17,1.3877787807814457e-17,1,1.6319313714807295e-16
rand_mixed_19,D_random_full_rank,0.15,0.07657493130602283,0.07657493130602286,2.7755575615628914e-17,1.6391186315332458e-17,1.214306433183765e-17,1,2.0898918637110577e-16
rand_mixed_19,D_random_full_rank,0.2,0.03906313407638995,0.03906313407638996,1.3877787807814457e-17,8.455386828348632e-18,5.204170427930421e-18,1,1.1442314485915268e-16
rand_mixed_19,D_random_full_rank,0.3,0.009158100479344285,0.009158100479344287,1.734723475976807e-18,1.2802655722262576e-18,8.673617379884035e-19,1,3.638786661465913e-17
rand_mixed_19,D_random_full_rank,0.5,0.000270813556559543,0.000270813556559543,0.0,3.2941850749056864e-21,1.5270103616663824e-21,1,1.1829236979699286e-17
rand_mixed_19,D_random_full_rank,0.75,2.4296569003460314e-07,2.429656900346032e-07,5.293955920339377e-23,4.5848534329446155e-23,3.970466940254533e-23,1,1.5701441875627707e-16
rand_mixed_19,D_random_full_rank,1.0,0.0,0.0,0.0,0.0,0.0,0,
rand_mixed_20,D_random_full_rank,0.0,0.5231141260999195,0.5231141260999197,2.220446049250313e-16,1.8259973209784295e-16,1.1123893155135927e-16,1,3.01183167492207e-16
rand_mixed_20,D_random_full_rank,1e-06,0.5231080112811866,0.5231080112811866,0.0,1.0198049666328888e-16,5.594315114139762e-17,1,2.0158651201548846e-16
rand_mixed_20,D_random_full_rank,0.0001,0.5225029757035622,0.5225029757035622,0.0,1.2681291352079812e-16,5.721958498152797e-17,1,2.5362582704159623e-16
rand_mixed_20,D_random_full_rank,0.001,0.5170326538282561,0.5170326538282564,2.220446049250313e-16,1.3747067898028203e-16,1.1102230246251565e-16,1,3.0798059965048346e-16
rand_mixed_20,D_random_full_rank,0.005,0.49336308781082305,0.49336308781082316,1.1102230246251565e-16,1.270973540580131e-16,6.059128614320848e-17,1,1.2832264423908535e-16
rand_mixed_20,D_random_full_rank,0.01,0.465203309641192,0.46520330964119216,1.6653345369377348e-16,1.2785276846039222e-16,8.326672684688674e-17,1,2.2182765850789183e-16
rand_mixed_20,D_random_full_rank,0.02,0.4133418230424958,0.413341823042496,2.220446049250313e-16,1.4686870114880517e-16,1.1102230246251565e-16,1,3.4092502422639745e-16
rand_mixed_20,D_random_full_rank,0.05,0.2883740512358435,0.2883740512358436,1.1102230246251565e-16,7.517579850298429e-17,5.551115123125783e-17,1,2.683836431679148e-16
rand_mixed_20,D_random_full_rank,0.1,0.1552501728649034,0.15525017286490345,5.551115123125783e-17,4.742811391710121e-17,2.7755575615628914e-17,1,1.9066181500318588e-16
rand_mixed_20,D_random_full_rank,0.15,0.08140626066538476,0.08140626066538477,1.3877787807814457e-17,9.521245944487245e-18,3.576224061345498e-18,1,8.092071311423672e-17
rand_mixed_20,D_random_full_rank,0.2,0.04143731104936932,0.04143731104936931,6.938893903907228e-18,5.188335054121927e-18,2.6020852139652106e-18,1,1.5972649508473747e-16
rand_mixed_20,D_random_full_rank,0.3,0.009650977516687637,0.009650977516687639,1.734723475976807e-18,1.669108028693416e-18,1.3010426069826053e-18,1,1.4546724957318378e-16
rand_mixed_20,D_random_full_rank,0.5,0.0002799214132232322,0.0002799214132232323,1.0842021724855044e-19,5.974191140437001e-20,4.0657581468206416e-20,1,9.656778833749536e-17
rand_mixed_20,D_random_full_rank,0.75,2.452682914839963e-07,2.452682914839963e-07,0.0,2.386443851144982e-23,1.3234889800848443e-23,1,1.0009412271355837e-16
rand_mixed_20,D_random_full_rank,1.0,0.0,0.0,0.0,0.0,0.0,0,
rand_mixed_21,D_random_full_rank,0.0,0.49355556124481353,0.49355556124481353,0.0,9.322423973434915e-17,4.3885418357208765e-17,1,1.864484794686983e-16
rand_mixed_21,D_random_full_rank,1e-06,0.4935499170762499,0.49354991707624996,5.551115123125783e-17,1.0043434713148758e-16,5.551115123125783e-17,1,2.0086869426297516e-16
rand_mixed_21,D_random_full_rank,0.0001,0.4929914422177575,0.4929914422177576,1.1102230246251565e-16,1.2295751324518482e-16,8.326672684688674e-17,1,1.8489255396817212e-16
rand_mixed_21,D_random_full_rank,0.001,0.4879413571000083,0.4879413571000084,1.1102230246251565e-16,1.3535290390672666e-16,6.206335383118183e-17,1,1.4254318964189535e-16
rand_mixed_21,D_random_full_rank,0.005,0.4660746137775717,0.46607461377757187,1.6653345369377348e-16,1.2470719426290902e-16,8.326672684688674e-17,1,1.83060593881747e-16
rand_mixed_21,D_random_full_rank,0.01,0.44002567634534906,0.44002567634534917,1.1102230246251565e-16,9.386761686317387e-17,4.163336342344337e-17,1,1.4015878649856313e-16
rand_mixed_21,D_random_full_rank,0.02,0.39194829566736433,0.3919482956673643,5.551115123125783e-17,8.642335949022549e-17,4.163336342344337e-17,1,2.8424067472310246e-16
rand_mixed_21,D_random_full_rank,0.05,0.2754562225524635,0.27545622255246344,5.551115123125783e-17,8.268646384127626e-17,4.163336342344337e-17,1,3.1862294674663996e-16
rand_mixed_21,D_random_full_rank,0.1,0.1500130142767968,0.15001301427679684,2.7755575615628914e-17,3.134525798571932e-17,2.0816681711721685e-17,1,1.3747067898028203e-16
rand_mixed_21,D_random_full_rank,0.15,0.07949020835803772,0.07949020835803772,0.0,9.965227682168975e-18,3.469446951953614e-18,1,1.2170293742779213e-16
rand_mixed_21,D_random_full_rank,0.2,0.040840315926418055,0.04084031592641807,1.3877787807814457e-17,8.771992943728747e-18,5.204170427930421e-18,1,9.034781022060264e-17
rand_mixed_21,D_random_full_rank,0.3,0.009651100523191543,0.009651100523191545,1.734723475976807e-18,1.380762434396264e-18,8.673617379884035e-19,1,1.0569008315563939e-16
rand_mixed_21,D_random_full_rank,0.5,0.00028332057872195056,0.00028332057872195056,0.0,2.8558034096045563e-20,1.3552527156068805e-20,1,8.86450485722515e-17
rand_mixed_21,D_random_full_rank,0.75,2.4674609141023046e-07,2.4674609141023046e-07,0.0,3.7437349947714636e-23,2.6469779601696886e-23,1,1.3879414727085102e-16
rand_mixed_21,D_random_full_rank,1.0,0.0,0.0,0.0,0.0,0.0,0,
rand_mixed_22,D_random_full_rank,0.0,0.42934486384467047,0.4293448638446705,5.551115123125783e-17,9.283607327506308e-17,4.163336342344337e-17,1,2.2887833992611187e-16
rand_mixed_22,D_random_full_rank,1e-06,0.42934004836649275,0.42934004836649275,0.0,8.427257365197726e-17,4.5102810375396984e-17,1,1.9871482680216528e-16
rand_mixed_22,D_random_full_rank,0.0001,0.42886356472108256,0.4288635647210827,1.6653345369377348e-16,9.93498412932028e-17,5.551115123125783e-17,1,2.1500776078172125e-16
rand_mixed_22,D_random_full_rank,0.001,0.42455440832543634,0.42455440832543645,1.1102230246251565e-16,1.0838898772828417e-16,5.551115123125783e-17,1,1.9577028858666474e-16
rand_mixed_22,D_random_full_rank,0.005,0.40588552880059103,0.4058855288005909,1.1102230246251565e-16,9.763889196788756e-17,4.163336342344337e-17,1,3.0752102172126297e-16
rand_mixed_22,D_random_full_rank,0.01,0.3836232909806522,0.3836232909806523,1.1102230246251565e-16,7.569439599172468e-17,4.163336342344337e-17,1,1.4719616800160392e-16
rand_mixed_22,D_random_full_rank,0.02,0.3424648507267315,0.3424648507267315,0.0,5.027706288167843e-17,2.7755575615628914e-17,1,1.8958551523554426e-16
rand_mixed_22,D_random_full_rank,0.05,0.24229159135967623,0.24229159135967626,2.7755575615628914e-17,3.5804289117824333e-17,1.4304896245381992e-17,1,1.4786927807990184e-16
rand_mixed_22,D_random_full_rank,0.1,0.133438683783629,0.13343868378362903,2.7755575615628914e-17,3.0739378311296204e-17,1.3877787807814457e-17,1,2.507287322078875e-16
rand_mixed_22,D_random_full_rank,0.15,0.07150475203974649,0.07150475203974649,0.0,1.0958489990870316e-17,6.938893903907228e-18,1,1.7145264771644455e-16
rand_mixed_22,D_random_full_rank,0.2,0.03714728722356425,0.03714728722356425,0.0,4.1484017761106856e-18,1.734723475976807e-18,1,1.1015835548159131e-16
rand_mixed_22,D_random_full_rank,0.3,0.008967643824884231,0.008967643824884231,0.0,1.0172523633338214e-18,8.673617379884035e-19,1,9.75155326110255e-17
rand_mixed_22,D_random_full_rank,0.5,0.00027296948518975466,0.00027296948518975477,1.0842021724855044e-19,5.436890152799458e-20,2.710505431213761e-20,1,4.2108676754741335e-17
rand_mixed_22,D_random_full_rank,0.75,2.445440023070797e-07,2.4454400230707973e-07,5.293955920339377e-23,2.64829547372439e-23,1.3234889800848443e-23,1,2.78106938344185e-17
rand_mixed_22,D_random_full_rank,1.0,0.0,0.0,0.0,0.0,0.0,0,
rand_mixed_23,D_random_full_rank,0.0,0.40381799426935017,0.4038179942693503,1.1102230246251565e-16,7.05928022612927e-17,3.469446951953614e-17,1,1.9924438516111304e-16
rand_mixed_23,D_random_full_rank,1e-06,0.40381347990850425,0.40381347990850425,0.0,6.691626947686432e-17,2.7755575615628914e-17,1,1.7581574334346494e-16
rand_mixed_23,D_random_full_rank,0.0001,0.403366790848855,0.40336679084885496,5.551115123125783e-17,7.347531813718448e-17,4.163336342344337e-17,1,3.183258937359696e-16
rand_mixed_23,D_random_full_rank,0.001,0.39932704320173434,0.3993270432017343,5.551115123125783e-17,8.228515941976642e-17,5.551115123125783e-17,1,1.9112291786776442e-16
rand_mixed_23,D_random_full_rank,0.005,0.3818244088726263,0.38182440887262625,5.551115123125783e-17,9.283607327506308e-17,5.551115123125783e-17,1,2.7191358184983106e-16
rand_mixed_23,D_random_full_rank,0.01,0.36095076769165624,0.36095076769165635,1.1102230246251565e-16,7.930551667216831e-17,4.163336342344337e-17,1,1.2477692742377936e-16
rand_mixed_23,D_random_full_rank,0.02,0.3223526407096453,0.3223526407096453,0.0,5.2272489022423554e-17,2.0816681711721685e-17,1,1.5902344792204043e-16
rand_mixed_23,D_random_full_rank,0.05,0.22836081683447768,0.2283608168344778,1.1102230246251565e-16,7.05928022612927e-17,4.163336342344337e-17,1,1.9545227440788444e-16
rand_mixed_23,D_random_full_rank,0.1,0.1260895281883622,0.12608952818836225,5.551115123125783e-17,3.5308388361805543e-17,2.0816681711721685e-17,1,1.3560972627932063e-16
rand_mixed_23,D_random_full_rank,0.15,0.06777106908097086,0.06777106908097087,1.3877787807814457e-17,1.7079539750826393e-17,1.3877787807814457e-17,1,2.114411621606373e-16
rand_mixed_23,D_random_full_rank,0.2,0.0353287295855492,0.035328729585549216,1.3877787807814457e-17,8.181237579719895e-18,5.204170427930421e-18,1,9.069129210027018e-17
rand_mixed_23,D_random_full_rank,0.3,0.008595953250182696,0.008595953250182694,1.734723475976807e-18,1.2804090273863502e-18,8.673617379884035e-19,1,1.0445543817500586e-16
rand_mixed_23,D_random_full_rank,0.5,0.00026626094616431946,0.00026626094616431957,1.0842021724855044e-19,6.064777020825806e-20,4.0657581468206416e-20,1,1.276260241540813e-16
rand_mixed_23,D_random_full_rank,0.75,2.428770986672625e-07,2.4287709866726256e-07,5.293955920339377e-23,2.647100339249365e-23,1.3234889800848443e-23,1,1.5648327928429535e-18
rand_mixed_23,D_random_full_rank,1.0,0.0,0.0,0.0,0.0,0.0,0,
rand_mixed_24,D_random_full_rank,0.0,0.6540220003589078,0.6540220003589077,1.1102230246251565e-16,1.1391204062920215e-16,5.551115123125783e-17,1,3.0356421716108453e-16
rand_mixed_24,D_random_full_rank,1e-06,0.6540142672189566,0.6540142672189567,1.1102230246251565e-16,1.5577778178957092e-16,1.1102230246251565e-16,1,1.5420998967276797e-16
rand_mixed_24,D_random_full_rank,0.0001,0.6532491092139576,0.6532491092139575,1.1102230246251565e-16,1.4424306545015728e-16,1.1102230246251565e-16,1,2.723681590152671e-16
rand_mixed_24,D_random_full_rank,0.001,0.6463313983672143,0.6463313983672142,1.1102230246251565e-16,8.790787167173247e-17,5.551115123125783e-17,1,2.1463303913908794e-16
rand_mixed_24,D_random_full_rank,0.005,0.6164061522450874,0.6164061522450875,1.1102230246251565e-16,1.3046227762660822e-16,1.1102230246251565e-16,1,1.400137862782997e-16
rand_mixed_24,D_random_full_rank,0.01,0.5808197061284951,0.580819706128495,1.1102230246251565e-16,1.6537292768255252e-16,1.249000902703301e-16,1,3.820351858544763e-16
rand_mixed_24,D_random_full_rank,0.02,0.5153303901831414,0.5153303901831414,0.0,9.033896246548834e-17,6.938893903907228e-17,1,1.73420298084803e-16
rand_mixed_24,D_random_full_rank,0.05,0.35786185730414066,0.3578618573041408,1.1102230246251565e-16,8.039839784379823e-17,5.551115123125783e-17,1,1.3878329898313202e-16
rand_mixed_24,D_random_full_rank,0.1,0.19094967808398805,0.1909496780839882,1.3877787807814457e-16,1.1938282014870402e-16,1.1102230246251565e-16,1,2.9134059752768957e-16
rand_mixed_24,D_random_full_rank,0.15,0.09909062854515605,0.0990906285451561,5.551115123125783e-17,3.258239491066647e-17,2.7755575615628914e-17,1,1.3541958569280964e-16
rand_mixed_24,D_random_full_rank,0.2,0.04984647229026018,0.049846472290260166,1.3877787807814457e-17,1.0332395508384304e-17,8.673617379884035e-18,1,2.8472990399555727e-16
rand_mixed_24,D_random_full_rank,0.3,0.011295484442123757,0.011295484442123764,6.938893903907228e-18,3.1207912519980064e-18,2.6020852139652106e-18,1,1.0649139486526085e-16
rand_mixed_24,D_random_full_rank,0.5,0.00030753845164712036,0.0003075384516471204,5.421010862427522e-20,3.899716369926162e-20,2.710505431213761e-20,1,8.374238895578881e-17
rand_mixed_24,D_random_full_rank,0.75,2.5174566342494045e-07,2.5174566342494055e-07,1.0587911840678754e-22,5.49689450018661e-23,3.970466940254533e-23,1,8.78037590898419e-17
rand_mixed_24,D_random_full_rank,1.0,0.0,0.0,0.0,0.0,0.0,0,
rand_rank2_00,E_rank_deficient,0.0,0.7019238806591469,0.7019238806591468,1.1102230246251565e-16,1.6609920666080003e-16,8.582937747229195e-17,1,3.616555230439571e-16
rand_rank2_00,E_rank_deficient,1e-06,0.7019151898294134,0.7019151898294136,2.220446049250313e-16,1.6573646500339915e-16,1.1102230246251565e-16,1,2.1196304980799953e-16
rand_rank2_00,E_rank_deficient,0.0001,0.7010552991777631,0.7010552991777634,3.3306690738754696e-16,2.387624894196368e-16,1.6653345369377348e-16,1,2.1699997036927889e-16
rand_rank2_00,E_rank_deficient,0.001,0.6932834904162468,0.693283490416247,2.220446049250313e-16,1.4817422638912102e-16,5.551115123125783e-17,1,2.914335439641036e-16
rand_rank2_00,E_rank_deficient,0.005,0.6597135418364242,0.6597135418364244,2.220446049250313e-16,1.8741437341026492e-16,1.1102230246251565e-16,1,2.1029542636013723e-16
rand_rank2_00,E_rank_deficient,0.01,0.6199024293406941,0.6199024293406941,0.0,1.0749688212373146e-16,5.551115123125783e-17,1,1.820716045070326e-16
rand_rank2_00,E_rank_deficient,0.02,0.5469709155424363,0.5469709155424363,0.0,8.708242736640235e-17,4.177767360805209e-17,1,1.5672148966243738e-16
rand_rank2_00,E_rank_deficient,0.05,0.37366021169769326,0.37366021169769315,1.1102230246251565e-16,4.979593159484584e-17,3.469446951953614e-17,1,3.395829207321163e-16
rand_rank2_00,E_rank_deficient,0.1,0.1942057346413043,0.1942057346413043,0.0,4.243872552935439e-17,2.0888836804026045e-17,1,2.1392734818975739e-16
rand_rank2_00,E_rank_deficient,0.15,0.09834783511881727,0.09834783511881731,4.163336342344337e-17,2.5919462405342317e-17,1.734723475976807e-17,1,1.9148471466161745e-16
rand_rank2_00,E_rank_deficient,0.2,0.04840228784583442,0.04840228784583442,0.0,7.180333016446072e-18,3.469446951953614e-18,1,1.2597962711472861e-16
rand_rank2_00,E_rank_deficient,0.3,0.010607139414888108,0.010607139414888108,0.0,1.2936808269365485e-18,8.673617379884035e-19,1,1.427330644699091e-16
rand_rank2_00,E_rank_deficient,0.5,0.0002841799782556339,0.0002841799782556339,0.0,2.471784245518766e-20,1.3552527156068805e-20,1,8.905653408071599e-17
rand_rank2_00,E_rank_deficient,0.75,2.439034294190441e-07,2.439034294190441e-07,0.0,4.8963885819932e-25,3.1260671731865566e-25,1,2.0536942215008408e-18
rand_rank2_00,E_rank_deficient,1.0,0.0,0.0,0.0,0.0,0.0,0,
rand_rank3_01,E_rank_deficient,0.0,0.6520111064635606,0.652011106463561,3.3306690738754696e-16,2.2052149803540178e-16,1.1102230246251565e-16,1,1.7873545521950388e-16
rand_rank3_01,E_rank_deficient,1e-06,0.6520032878681246,0.6520032878681247,1.1102230246251565e-16,1.885030701976615e-16,8.777083671441753e-17,1,2.861399950387264e-16
rand_rank3_01,E_rank_deficient,0.0001,0.6512296820101686,0.6512296820101688,2.220446049250313e-16,1.6094644373830793e-16,8.326672684688674e-17,1,3.7276781712956264e-16
rand_rank3_01,E_rank_deficient,0.001,0.6442362774523722,0.6442362774523724,2.220446049250313e-16,1.7751909394495047e-16,1.1102230246251565e-16,1,2.7746900642572634e-16
rand_rank3_01,E_rank_deficient,0.005,0.6139979883592368,0.613997988359237,2.220446049250313e-16,1.802109699414266e-16,1.1102230246251565e-16,1,2.1909770392190753e-16
rand_rank3_01,E_rank_deficient,0.01,0.5780707704635659,0.5780707704635661,2.220446049250313e-16,2.1035265739299977e-16,9.309503074677274e-17,1,2.650893601143382e-16
rand_rank3_01,E_rank_deficient,0.02,0.5120497050538615,0.5120497050538617,2.220446049250313e-16,1.237382037120247e-16,5.551115123125783e-17,1,2.2893092541558833e-16
rand_rank3_01,E_rank_deficient,0.05,0.3538884371763693,0.3538884371763693,0.0,7.6681841797503e-17,5.551115123125783e-17,1,2.276126435504334e-16
rand_rank3_01,E_rank_deficient,0.1,0.1874414226695399,0.18744142266953995,5.551115123125783e-17,4.159720765160093e-17,2.7755575615628914e-17,1,2.1143710373084643e-16
rand_rank3_01,E_rank_deficient,0.15,0.09664177276797206,0.09664177276797206,0.0,1.2112047514050689e-17,5.275955480050202e-18,1,1.2249162409320813e-16
rand_rank3_01,E_rank_deficient,0.2,0.04835274212510858,0.048352742125108594,1.3877787807814457e-17,9.024314302204245e-18,3.878959614448864e-18,1,1.2511674280136332e-16
rand_rank3_01,E_rank_deficient,0.3,0.010880859086171615,0.010880859086171615,0.0,1.4406533980005744e-18,8.673617379884035e-19,1,1.440133955179866e-16
rand_rank3_01,E_rank_deficient,0.5,0.00029701448013438447,0.0002970144801343845,5.421010862427522e-20,3.839559918022221e-20,2.710505431213761e-20,1,1.0099935369483689e-16
rand_rank3_01,E_rank_deficient,0.75,2.4856396685076686e-07,2.4856396685076697e-07,1.0587911840678754e-22,5.294254224616629e-23,2.6469779601696886e-23,1,4.531663948745706e-18
rand_rank3_01,E_rank_deficient,1.0,0.0,0.0,0.0,0.0,0.0,0,
rand_rank2_02,E_rank_deficient,0.0,0.5386959523240082,0.5386959523240084,1.1102230246251565e-16,8.151354677681473e-17,5.551115123125783e-17,1,1.1047887138522962e-16
rand_rank2_02,E_rank_deficient,1e-06,0.5386896300947085,0.5386896300947085,0.0,5.352402070356835e-17,2.525795506525166e-17,1,9.788514429333237e-17
rand_rank2_02,E_rank_deficient,0.0001,0.538064073575438,0.5380640735754381,1.1102230246251565e-16,9.020562075079397e-17,5.551115123125783e-17,1,1.420356158414371e-16
rand_rank2_02,E_rank_deficient,0.001,0.5324083470903488,0.5324083470903487,1.1102230246251565e-16,1.2078459888882073e-16,8.326672684688674e-17,1,3.1428670354114624e-16
rand_rank2_02,E_rank_deficient,0.005,0.5079393447548612,0.5079393447548612,0.0,8.540760893718226e-17,3.1031676915590914e-17,1,1.7032122529894136e-16
rand_rank2_02,E_rank_deficient,0.01,0.4788346222577936,0.4788346222577937,1.1102230246251565e-16,1.5035159700596859e-16,1.3877787807814457e-16,1,2.52484219624153e-16
rand_rank2_02,E_rank_deficient,0.02,0.42525171476145374,0.42525171476145374,0.0,6.982127306007956e-17,2.823925224926892e-17,1,1.9888133706522806e-16
rand_rank2_02,E_rank_deficient,0.05,0.2962556715240086,0.29625567152400867,5.551115123125783e-17,4.7697009830883764e-17,2.7755575615628914e-17,1,1.1156308648295148e-16
rand_rank2_02,E_rank_deficient,0.1,0.15910278917588117,0.15910278917588117,0.0,2.1597133106185267e-17,1.3877787807814457e-17,1,1.3428149203939273e-16
rand_rank2_02,E_rank_deficient,0.15,0.08321944089635033,0.08321944089635036,2.7755575615628914e-17,1.8358587643600646e-17,1.3877787807814457e-17,1,1.2038530986592155e-16
rand_rank2_02,E_rank_deficient,0.2,0.04225537778275777,0.04225537778275777,0.0,3.714875997749273e-18,1.734723475976807e-18,1,8.926665191941607e-17
rand_rank2_02,E_rank_deficient,0.3,0.00979454201281655,0.00979454201281655,0.0,7.582151448955798e-19,4.336808689942018e-19,1,6.245004513516506e-17
rand_rank2_02,E_rank_deficient,0.5,0.0002818551535180777,0.0002818551535180777,0.0,3.527538853535759e-21,1.8940232492426095e-21,1,1.386422865674324e-17
rand_rank2_02,E_rank_deficient,0.75,2.456262348849507e-07,2.4562623488495075e-07,5.293955920339377e-23,3.9705221009701633e-23,2.6469779601696886e-23,1,6.207404988670223e-17
rand_rank2_02,E_rank_deficient,1.0,0.0,0.0,0.0,0.0,0.0,0,
rand_rank3_03,E_rank_deficient,0.0,0.5004102879799113,0.5004102879799115,2.220446049250313e-16,1.6480786008845645e-16,1.1102230246251565e-16,1,2.105727176705034e-16
rand_rank3_03,E_rank_deficient,1e-06,0.5004045586577761,0.5004045586577761,0.0,6.855999395070056e-17,4.163336342344337e-17,1,1.3711998790140112e-16
rand_rank3_03,E_rank_deficient,0.0001,0.49983765843140504,0.4998376584314052,1.6653345369377348e-16,1.2000976987466812e-16,5.594315114139762e-17,1,1.5917978486585757e-16
rand_rank3_03,E_rank_deficient,0.001,0.49471141669107005,0.4947114166910702,1.6653345369377348e-16,1.9498477070894352e-16,1.6653345369377348e-16,1,2.0243027241079617e-16
rand_rank3_03,E_rank_deficient,0.005,0.47251557390475984,0.47251557390476007,2.220446049250313e-16,9.928924364115261e-17,6.938893903907228e-17,1,4.702974595902562e-16
rand_rank3_03,E_rank_deficient,0.01,0.4460760492529217,0.44607604925292177,5.551115123125783e-17,7.865780283191233e-17,5.551115123125783e-17,1,1.900851002987227e-16
rand_rank3_03,E_rank_deficient,0.02,0.39728229727765163,0.39728229727765163,0.0,5.2673929283212406e-17,2.7755575615628914e-17,1,1.4900456751435206e-16
rand_rank3_03,E_rank_deficient,0.05,0.2790839199717513,0.27908391997175125,5.551115123125783e-17,6.129492657899317e-17,3.8163916471489756e-17,1,2.09162803937898e-16
rand_rank3_03,E_rank_deficient,0.1,0.15187125362024023,0.15187125362024023,0.0,1.1005586668084919e-17,6.938893903907228e-18,1,7.667754941715873e-17
rand_rank3_03,E_rank_deficient,0.15,0.08040805471636683,0.08040805471636685,1.3877787807814457e-17,1.3186323383477017e-17,6.938893903907228e-18,1,6.995734179002583e-17
rand_rank3_03,E_rank_deficient,0.2,0.04127553050436723,0.041275530504367254,2.0816681711721685e-17,1.5125494637491617e-17,1.3877787807814457e-17,1,1.2858848022390514e-16
rand_rank3_03,E_rank_deficient,0.3,0.009735752523420918,0.009735752523420921,3.469446951953614e-18,2.1174061779529052e-18,1.5178830414797062e-18,1,1.6424587621348862e-16
rand_rank3_03,E_rank_deficient,0.5,0.0002847288366474751,0.0002847288366474751,0.0,8.19999423854444e-21,6.776263578034403e-21,1,3.2601173804679395e-17
rand_rank3_03,E_rank_deficient,0.75,2.4707371423483446e-07,2.470737142348345e-07,5.293955920339377e-23,2.3864537274934058e-23,1.3234889800848443e-23,1,6.208324321830682e-17
rand_rank3_03,E_rank_deficient,1.0,0.0,0.0,0.0,0.0,0.0,0,
rand_rank2_04,E_rank_deficient,0.0,0.6186905448002116,0.6186905448002116,0.0,1.262421098120765e-16,5.551115123125783e-17,1,2.2000575344215608e-16
rand_rank2_04,E_rank_deficient,1e-06,0.6186833109049079,0.6186833109049081,2.220446049250313e-16,1.4522029090674701e-16,6.938893903907228e-17,1,2.0665792149537109e-16
rand_rank2_04,E_rank_deficient,0.0001,0.6179675457329104,0.6179675457329107,3.3306690738754696e-16,2.128555894067847e-16,1.6653345369377348e-16,1,3.419209940254933e-16
rand_rank2_04,E_rank_deficient,0.001,0.6114959311279913,0.6114959311279912,1.1102230246251565e-16,1.267179581248395e-16,5.721958498152797e-17,1,2.6731632847217294e-16
rand_rank2_04,E_rank_deficient,0.005,0.5834907438136883,0.5834907438136884,1.1102230246251565e-16,1.4137730264824613e-16,6.245004513516506e-17,1,2.0308863450539988e-16
rand_rank2_04,E_rank_deficient,0.01,0.5501662884093177,0.5501662884093177,0.0,6.054160078336183e-17,2.7755575615628914e-17,1,1.0805531124312037e-16
rand_rank2_04,E_rank_deficient,0.02,0.4887747126100057,0.4887747126100058,1.1102230246251565e-16,1.0707614907242538e-16,5.551115123125783e-17,1,1.6851389927934242e-16
rand_rank2_04,E_rank_deficient,0.05,0.3407529648895926,0.3407529648895926,0.0,6.904112261803402e-17,2.8609792490763984e-17,1,2.124593680485185e-16
rand_rank2_04,E_rank_deficient,0.1,0.18299059840206833,0.18299059840206838,5.551115123125783e-17,3.2846852740540126e-17,2.0816681711721685e-17,1,1.8417502856120367e-16
rand_rank2_04,E_rank_deficient,0.15,0.09555056119303695,0.09555056119303695,0.0,1.5352088370637677e-17,1.0408340855860843e-17,1,1.5380698524913741e-16
rand_rank2_04,E_rank_deficient,0.2,0.04834957146490375,0.04834957146490375,0.0,3.4362538838115377e-18,1.3111676048765067e-18,1,7.920480895346823e-17
rand_rank2_04,E_rank_deficient,0.3,0.011072120809742163,0.011072120809742163,0.0,1.007101870936051e-18,4.4702800766818725e-19,1,1.0086227396681281e-16
rand_rank2_04,E_rank_deficient,0.5,0.00030580382384696124,0.00030580382384696135,1.0842021724855044e-19,6.085341883699755e-20,4.0657581468206416e-20,1,8.42773509524252e-17
rand_rank2_04,E_rank_deficient,0.75,2.517427767453424e-07,2.517427767453424e-07,0.0,8.728642159933701e-25,4.168089564248742e-25,1,3.2766459886141562e-18
rand_rank2_04,E_rank_deficient,1.0,0.0,0.0,0.0,0.0,0.0,0,
rand_rank3_05,E_rank_deficient,0.0,0.5074896121322631,0.5074896121322632,1.1102230246251565e-16,1.407586739880839e-16,6.206335383118183e-17,1,1.7615773110749166e-16
rand_rank3_05,E_rank_deficient,1e-06,0.5074837696209544,0.5074837696209547,2.220446049250313e-16,1.5997122908837512e-16,8.326672684688674e-17,1,2.3515582818254476e-16
rand_rank3_05,E_rank_deficient,0.0001,0.5069056717829278,0.5069056717829279,1.1102230246251565e-16,1.249000902703301e-16,8.326672684688674e-17,1,1.7485461923308565e-16
rand_rank3_05,E_rank_deficient,0.001,0.5016783674815817,0.5016783674815817,0.0,9.450661414470315e-17,3.469446951953614e-17,1,1.890132282894063e-16
rand_rank3_05,E_rank_deficient,0.005,0.4790490111421881,0.4790490111421882,5.551115123125783e-17,1.0511908987392235e-16,8.326672684688674e-17,1,1.6169260649472111e-16
rand_rank3_05,E_rank_deficient,0.01,0.4521020082953858,0.4521020082953858,0.0,6.453544378663091e-17,2.501853776554201e-17,1,1.6712870108000938e-16
rand_rank3_05,E_rank_deficient,0.02,0.4023988148702671,0.4023988148702672,1.1102230246251565e-16,1.2851011350520453e-16,1.1102230246251565e-16,1,2.2098497947229094e-16
rand_rank3_05,E_rank_deficient,0.05,0.2821654404111277,0.2821654404111278,1.1102230246251565e-16,7.469389739226875e-17,5.551115123125783e-17,1,2.572308897699768e-16
rand_rank3_05,E_rank_deficient,0.1,0.1531130127770764,0.15311301277707645,5.551115123125783e-17,3.447694719013702e-17,1.5515838457795457e-17,1,1.394299169191865e-16
rand_rank3_05,E_rank_deficient,0.15,0.080857721770947,0.08085772177094702,2.7755575615628914e-17,1.885389858062941e-17,1.3877787807814457e-17,1,1.7048016473190841e-16
rand_rank3_05,E_rank_deficient,0.2,0.04141272656749713,0.04141272656749713,0.0,4.336808689942018e-18,1.734723475976807e-18,1,1.1058777123560701e-16
rand_rank3_05,E_rank_deficient,0.3,0.009734072297737102,0.009734072297737102,0.0,1.014902421372631e-18,4.336808689942018e-19,1,9.726834455156671e-17
rand_rank3_05,E_rank_deficient,0.5,0.000283871911660246,0.00028387191166024604,5.421010862427522e-20,3.931959021803434e-20,2.710505431213761e-20,1,6.88665556569629e-17
rand_rank3_05,E_rank_deficient,0.75,2.4670671133204634e-07,2.4670671133204655e-07,2.117582368135751e-22,1.1613587103944011e-22,7.940933880509066e-23,1,1.1793737592814983e-16
rand_rank3_05,E_rank_deficient,1.0,0.0,0.0,0.0,0.0,0.0,0,
rand_rank2_06,E_rank_deficient,0.0,0.7325299728975367,0.732529972897537,2.220446049250313e-16,2.3976865691736897e-16,1.1102230246251565e-16,1,1.6451545292074199e-16
rand_rank2_06,E_rank_deficient,1e-06,0.7325207617321794,0.7325207617321794,0.0,2.2166480935452825e-16,1.1107649934270853e-16,1,2.7009371554100026e-16
rand_rank2_06,E_rank_deficient,0.0001,0.7316093967759899,0.7316093967759902,3.3306690738754696e-16,2.779024842816778e-16,1.6653345369377348e-16,1,1.970572569171398e-16
rand_rank2_06,E_rank_deficient,0.001,0.7233731587295743,0.7233731587295744,1.1102230246251565e-16,1.4092960140259168e-16,5.561946577567963e-17,1,1.7195651536775302e-16
rand_rank2_06,E_rank_deficient,0.005,0.6878140836502924,0.6878140836502925,1.1102230246251565e-16,1.6727268448046384e-16,1.1102230246251565e-16,1,1.730033382394481e-16
rand_rank2_06,E_rank_deficient,0.01,0.6456812324110566,0.6456812324110566,0.0,1.0774853338217326e-16,5.551115123125783e-17,1,1.801441632774288e-16
rand_rank2_06,E_rank_deficient,0.02,0.568609774658908,0.5686097746589082,1.1102230246251565e-16,9.18257155581723e-17,5.551115123125783e-17,1,1.132762475300094e-16
rand_rank2_06,E_rank_deficient,0.05,0.38616636110140723,0.38616636110140734,1.1102230246251565e-16,8.459334163877098e-17,5.551115123125783e-17,1,2.872840347949556e-16
rand_rank2_06,E_rank_deficient,0.1,0.19874290285096025,0.19874290285096025,0.0,2.444052391651729e-17,1.0551910960100404e-17,1,1.3298100967684957e-16
rand_rank2_06,E_rank_deficient,0.15,0.0996803732849881,0.09968037328498812,1.3877787807814457e-17,1.7404062293610853e-17,1.3877787807814457e-17,1,1.0755285551056204e-16
rand_rank2_06,E_rank_deficient,0.2,0.048612166139541516,0.048612166139541516,0.0,5.623237327120343e-18,3.469446951953614e-18,1,9.391769508659261e-17
rand_rank2_06,E_rank_deficient,0.3,0.010490514768399028,0.010490514768399031,3.469446951953614e-18,2.1955303135772916e-18,1.734723475976807e-18,1,8.9611523190008e-17
rand_rank2_06,E_rank_deficient,0.5,0.0002776385166540393,0.0002776385166540394,1.0842021724855044e-19,5.431774204672291e-20,2.710505431213761e-20,1,7.480853571138633e-17
rand_rank2_06,E_rank_deficient,0.75,2.4145106745030255e-07,2.4145106745030255e-07,0.0,4.1608818553875915e-25,2.131595648137032e-25,1,1.6621954941544045e-18
rand_rank2_06,E_rank_deficient,1.0,0.0,0.0,0.0,0.0,0.0,0,
rand_rank3_07,E_rank_deficient,0.0,0.5975835302254782,0.5975835302254784,2.220446049250313e-16,1.2499642664429032e-16,8.326672684688674e-17,1,2.9139034208168686e-16
rand_rank3_07,E_rank_deficient,1e-06,0.5975765769399111,0.5975765769399113,2.220446049250313e-16,1.4438902883526792e-16,8.326672684688674e-17,1,2.115304834870765e-16
rand_rank3_07,E_rank_deficient,0.0001,0.5968885749653305,0.5968885749653305,0.0,1.7649905623108453e-16,8.505453752507596e-17,1,3.209244291104026e-16
rand_rank3_07,E_rank_deficient,0.001,0.5906677999637362,0.5906677999637362,0.0,1.1734734382323588e-16,5.551115123125783e-17,1,2.222613395836815e-16
rand_rank3_07,E_rank_deficient,0.005,0.5637442358798308,0.563744235879831,2.220446049250313e-16,1.8476230206474414e-16,1.3877787807814457e-16,1,4.061073429206124e-16
rand_rank3_07,E_rank_deficient,0.01,0.5316983638953601,0.5316983638953601,0.0,1.276643339166307e-16,5.721958498152797e-17,1,2.4729394304222443e-16
rand_rank3_07,E_rank_deficient,0.02,0.47263628017099796,0.47263628017099796,0.0,5.0812890408774604e-17,2.8609792490763984e-17,1,1.0941313663712496e-16
rand_rank3_07,E_rank_deficient,0.05,0.33006744742074523,0.33006744742074534,1.1102230246251565e-16,9.133282034201733e-17,4.163336342344337e-17,1,1.284164130818787e-16
rand_rank3_07,E_rank_deficient,0.1,0.17776256743477642,0.17776256743477648,5.551115123125783e-17,4.243872552935439e-17,2.0816681711721685e-17,1,1.4390887892426582e-16
rand_rank3_07,E_rank_deficient,0.15,0.09308759506215972,0.09308759506215974,2.7755575615628914e-17,1.3225489004280953e-17,6.938893903907228e-18,1,2.2660562027942883e-16
rand_rank3_07,E_rank_deficient,0.2,0.04723713361412142,0.04723713361412142,0.0,6.5717320737542884e-18,3.469446951953614e-18,1,1.3764568946359866e-16
rand_rank3_07,E_rank_deficient,0.3,0.010876425021779145,0.010876425021779145,0.0,1.4158337508820138e-18,8.690541527449943e-19,1,1.27993912314e-16
rand_rank3_07,E_rank_deficient,0.5,0.00030315263278528023,0.00030315263278528034,1.0842021724855044e-19,5.475864921955214e-20,2.710505431213761e-20,1,3.393258355205874e-17
rand_rank3_07,E_rank_deficient,0.75,2.512482164683499e-07,2.5124821646834994e-07,5.293955920339377e-23,3.7456836472384133e-23,2.6469779601696886e-23,1,1.1105321527503203e-16
rand_rank3_07,E_rank_deficient,1.0,0.0,0.0,0.0,0.0,0.0,0,
rand_rank2_08,E_rank_deficient,0.0,0.5878314561924349,0.5878314561924352,2.220446049250313e-16,1.9962137725100274e-16,1.1102230246251565e-16,1,2.3056817862871693e-16
rand_rank2_08,E_rank_deficient,1e-06,0.5878244923519946,0.5878244923519947,1.1102230246251565e-16,9.962207458525684e-17,5.551115123125783e-17,1,1.9217103497568318e-16
rand_rank2_08,E_rank_deficient,0.0001,0.5871354548540273,0.5871354548540273,0.0,7.029376937943009e-17,3.1031676915590914e-17,1,1.2521291248720054e-16
rand_rank2_08,E_rank_deficient,0.001,0.580906114215313,0.5809061142153131,1.1102230246251565e-16,1.3311106448512297e-16,5.551115123125783e-17,1,2.453024127479155e-16
rand_rank2_08,E_rank_deficient,0.005,0.5539622976723604,0.5539622976723605,1.1102230246251565e-16,2.0110825152671372e-16,1.1123893155135927e-16,1,3.092774068602608e-16
rand_rank2_08,E_rank_deficient,0.01,0.5219290711475782,0.5219290711475786,3.3306690738754696e-16,2.0002798452877743e-16,1.3877787807814457e-16,1,3.3440141655798033e-16
rand_rank2_08,E_rank_deficient,0.02,0.4630013931503397,0.46300139315033984,1.1102230246251565e-16,7.941927075885423e-17,4.163336342344337e-17,1,1.6206439959652127e-16
rand_rank2_08,E_rank_deficient,0.05,0.32143701398945634,0.32143701398945645,1.1102230246251565e-16,6.830714616225662e-17,2.7755575615628914e-17,1,2.5523436361293173e-16
rand_rank2_08,E_rank_deficient,0.1,0.17158520033507213,0.17158520033507207,5.551115123125783e-17,4.053930366937281e-17,2.7755575615628914e-17,1,3.2584184310094763e-16
rand_rank2_08,E_rank_deficient,0.15,0.08918250437925343,0.08918250437925347,4.163336342344337e-17,2.667754298584946e-17,2.0816681711721685e-17,1,1.711847768058452e-16
rand_rank2_08,E_rank_deficient,0.2,0.04498886582060731,0.04498886582060732,1.3877787807814457e-17,8.342018075302847e-18,5.204170427930421e-18,1,1.498905484261511e-16
rand_rank2_08,E_rank_deficient,0.3,0.010291144035958308,0.010291144035958308,0.0,5.227833552880025e-19,2.168404344971009e-19,1,5.424999259231972e-17
rand_rank2_08,E_rank_deficient,0.5,0.00028909139222299275,0.0002890913922229928,5.421010862427522e-20,3.855046923902352e-20,2.710505431213761e-20,1,1.0148363998950943e-16
rand_rank2_08,E_rank_deficient,0.75,2.4710238362155023e-07,2.4710238362155034e-07,1.0587911840678754e-22,5.919581296339765e-23,3.970466940254533e-23,1,9.617407353793967e-17
rand_rank2_08,E_rank_deficient,1.0,0.0,0.0,0.0,0.0,0.0,0,
rand_rank3_09,E_rank_deficient,0.0,0.46768252128139953,0.46768252128139964,1.1102230246251565e-16,1.0315407380583415e-16,5.551115123125783e-17,1,2.598642401482869e-16
rand_rank3_09,E_rank_deficient,1e-06,0.46767718775905176,0.46767718775905187,1.1102230246251565e-16,1.420356158414371e-16,1.1102230246251565e-16,1,2.3840932759380097e-16
rand_rank3_09,E_rank_deficient,0.0001,0.467149449954966,0.4671494499549662,2.220446049250313e-16,1.675423198461928e-16,1.1102230246251565e-16,1,2.1353311554269003e-16
rand_rank3_09,E_rank_deficient,0.001,0.4623772609900284,0.4623772609900285,1.1102230246251565e-16,1.035035521885795e-16,5.551115123125783e-17,1,1.1679630491767486e-16
rand_rank3_09,E_rank_deficient,0.005,0.4417127744331781,0.44171277443317813,5.551115123125783e-17,7.392446291451012e-17,2.797157557069881e-17,1,1.5899476454541365e-16
rand_rank3_09,E_rank_deficient,0.01,0.4170937172095479,0.4170937172095479,0.0,6.02925598231731e-17,2.7755575615628914e-17,1,1.3253474678027448e-16
rand_rank3_09,E_rank_deficient,0.02,0.37164795233781933,0.37164795233781933,0.0,3.7043556597280256e-17,1.734723475976807e-17,1,8.777083671441753e-17
rand_rank3_09,E_rank_deficient,0.05,0.26147998073537065,0.2614799807353707,5.551115123125783e-17,5.974101546000533e-17,2.7755575615628914e-17,1,1.662180587768212e-16
rand_rank3_09,E_rank_deficient,0.1,0.1427103036270128,0.1427103036270128,0.0,2.6536166564079733e-17,2.0816681711721685e-17,1,1.386965390784376e-16
rand_rank3_09,E_rank_deficient,0.15,0.0758133653570103,0.07581336535701033,2.7755575615628914e-17,1.9336526138620486e-17,1.3877787807814457e-17,1,1.5735505395671492e-16
rand_rank3_09,E_rank_deficient,0.2,0.03906445486089201,0.03906445486089202,1.3877787807814457e-17,8.207059540549043e-18,5.204170427930421e-18,1,1.1273075182471603e-16
rand_rank3_09,E_rank_deficient,0.3,0.009293589469803208,0.009293589469803208,0.0,3.5184406890122813e-19,2.168404344971009e-19,1,4.4958976367494805e-17
rand_rank3_09,E_rank_deficient,0.5,0.0002770196149249958,0.0002770196149249959,1.0842021724855044e-19,6.684469997321594e-20,4.0657581468206416e-20,1,6.35978845624541e-17
rand_rank3_09,E_rank_deficient,0.75,2.452087281999365e-07,2.452087281999366e-07,1.0587911840678754e-22,5.919505619016751e-23,3.970466940254533e-23,1,1.110557965742098e-16
rand_rank3_09,E_rank_deficient,1.0,0.0,0.0,0.0,0.0,0.0,0,
rand_rank2_10,E_rank_deficient,0.0,0.7558783866110461,0.7558783866110461,0.0,2.1744328027029633e-16,1.1123893155135927e-16,1,3.0321023665575643e-16
rand_rank2_10,E_rank_deficient,1e-06,0.7558688566912191,0.7558688566912191,0.0,2.7300822120915337e-16,1.3947004136484323e-16,1,4.039950870461606e-16
rand_rank2_10,E_rank_deficient,0.0001,0.7549259550642125,0.7549259550642126,1.1102230246251565e-16,1.897758940435832e-16,8.441528768080323e-17,1,1.5198890388203826e-16
rand_rank2_10,E_rank_deficient,0.001,0.7464048312469864,0.7464048312469865,1.1102230246251565e-16,1.4488835837920476e-16,8.326672684688674e-17,1,1.8246062809890933e-16
rand_rank2_10,E_rank_deficient,0.005,0.7096183185677983,0.7096183185677983,0.0,1.0614466625631893e-16,5.551115123125783e-17,1,1.4650456119361716e-16
rand_rank2_10,E_rank_deficient,0.01,0.6660366950979968,0.6660366950979969,1.1102230246251565e-16,1.0256896373277481e-16,5.551115123125783e-17,1,1.7719671730759618e-16
rand_rank2_10,E_rank_deficient,0.02,0.5863323023040083,0.5863323023040086,2.220446049250313e-16,1.8476230206474414e-16,8.326672684688674e-17,1,2.1411013803062297e-16
rand_rank2_10,E_rank_deficient,0.05,0.39776673403907936,0.3977667340390795,1.1102230246251565e-16,9.739201700399851e-17,4.2207643840401616e-17,1,1.685496108345575e-16
rand_rank2_10,E_rank_deficient,0.1,0.20430217200340633,0.2043021720034064,5.551115123125783e-17,4.1233906303300403e-17,2.0816681711721685e-17,1,2.0897838673353191e-16
rand_rank2_10,E_rank_deficient,0.15,0.10224016436509531,0.10224016436509534,2.7755575615628914e-17,2.007150776383813e-17,1.3877787807814457e-17,1,1.5212249007963247e-16
rand_rank2_10,E_rank_deficient,0.2,0.04973949669315053,0.049739496693150545,1.3877787807814457e-17,8.79207077485581e-18,5.204170427930421e-18,1,1.0816665110907547e-16
rand_rank2_10,E_rank_deficient,0.3,0.010677533452539197,0.010677533452539198,1.734723475976807e-18,1.6131492860652541e-18,1.3010426069826053e-18,1,1.6232414808539076e-16
rand_rank2_10,E_rank_deficient,0.5,0.0002798071178907345,0.0002798071178907345,0.0,2.726875532746812e-20,1.3552527156068805e-20,1,1.0075417929045008e-16
rand_rank2_10,E_rank_deficient,0.75,2.4176495355056494e-07,2.41764953550565e-07,5.293955920339377e-23,2.647021909218017e-23,1.3234889800848443e-23,1,8.622645631678811e-19
rand_rank2_10,E_rank_deficient,1.0,0.0,0.0,0.0,0.0,0.0,0,
rand_rank3_11,E_rank_deficient,0.0,0.5216995205873141,0.5216995205873143,2.220446049250313e-16,1.1541453073344807e-16,5.551115123125783e-17,1,3.429447842229998e-16
rand_rank3_11,E_rank_deficient,1e-06,0.5216934350843359,0.5216934350843361,2.220446049250313e-16,1.15199223187673e-16,6.938893903907228e-17,1,2.9293529594438936e-16
rand_rank3_11,E_rank_deficient,0.0001,0.5210912993161753,0.5210912993161751,1.1102230246251565e-16,1.2293303678167066e-16,6.938893903907228e-17,1,4.179639733494679e-16
rand_rank3_11,E_rank_deficient,0.001,0.5156471178909222,0.5156471178909224,2.220446049250313e-16,1.6130130142827836e-16,1.1102230246251565e-16,1,1.5552282122155466e-16
rand_rank3_11,E_rank_deficient,0.005,0.49208901933741767,0.49208901933741783,1.6653345369377348e-16,1.8846415389788647e-16,1.6653345369377348e-16,1,2.9964303967833375e-16
rand_rank3_11,E_rank_deficient,0.01,0.46405826420339175,0.4640582642033918,5.551115123125783e-17,8.50390571811489e-17,5.551115123125783e-17,1,1.8522590639523334e-16
rand_rank3_11,E_rank_deficient,0.02,0.412423501286865,0.4124235012868652,2.220446049250313e-16,1.3345115066082414e-16,1.1102230246251565e-16,1,2.8710852695895804e-16
rand_rank3_11,E_rank_deficient,0.05,0.2879347413942833,0.2879347413942834,5.551115123125783e-17,9.424554840367441e-17,8.326672684688674e-17,1,2.5754656082136226e-16
rand_rank3_11,E_rank_deficient,0.1,0.1551817583883222,0.1551817583883222,0.0,2.0170240326272608e-17,1.3877787807814457e-17,1,1.052907129920727e-16
rand_rank3_11,E_rank_deficient,0.15,0.08144860200490037,0.08144860200490038,1.3877787807814457e-17,1.3275169041307057e-17,7.152448122690996e-18,1,2.4835037038225095e-16
rand_rank3_11,E_rank_deficient,0.2,0.04149274890884369,0.04149274890884369,0.0,4.54137076059388e-18,3.469446951953614e-18,1,1.216983011548489e-16
rand_rank3_11,E_rank_deficient,0.3,0.009674954532936986,0.00967495453293699,3.469446951953614e-18,2.078315776299037e-18,1.3010426069826053e-18,1,1.087186127433578e-16
rand_rank3_11,E_rank_deficient,0.5,0.00028070587870686873,0.0002807058787068688,5.421010862427522e-20,3.058871941957894e-20,2.710505431213761e-20,1,8.893214995568211e-17
rand_rank3_11,E_rank_deficient,0.75,2.4552877061559786e-07,2.4552877061559786e-07,0.0,3.728351278062345e-25,1.8640263203935332e-25,1,1.3011931451450215e-18
rand_rank3_11,E_rank_deficient,1.0,0.0,0.0,0.0,0.0,0.0,0,
rand_rank2_12,E_rank_deficient,0.0,0.5548351384007508,0.5548351384007509,1.1102230246251565e-16,1.7125507856519722e-16,6.206335383118183e-17,1,1.960160768674992e-16
rand_rank2_12,E_rank_deficient,1e-06,0.5548284557114309,0.5548284557114311,2.220446049250313e-16,1.7088567166901813e-16,8.355534721610418e-17,1,1.7643084403289211e-16
rand_rank2_12,E_rank_deficient,0.0001,0.5541672448205746,0.5541672448205746,0.0,1.229819848372761e-16,5.721958498152797e-17,1,2.3815674851283153e-16
rand_rank2_12,E_rank_deficient,0.001,0.5481902045851368,0.5481902045851368,0.0,9.208751428060183e-17,5.551115123125783e-17,1,1.7032122529894136e-16
rand_rank2_12,E_rank_deficient,0.005,0.522353053480769,0.522353053480769,0.0,1.048037175585077e-16,4.2207643840401616e-17,1,2.096074351170154e-16
rand_rank2_12,E_rank_deficient,0.01,0.4916691174107004,0.4916691174107005,1.1102230246251565e-16,1.262421098120765e-16,5.551115123125783e-17,1,1.4833660915169986e-16
rand_rank2_12,E_rank_deficient,0.02,0.43532487687733956,0.4353248768773398,2.220446049250313e-16,1.5289203609083135e-16,1.1102230246251565e-16,1,2.908133399328588e-16
rand_rank2_12,E_rank_deficient,0.05,0.3005828915214972,0.3005828915214972,0.0,4.3627519444170186e-17,2.1942709178604383e-17,1,1.7060368191968222e-16
rand_rank2_12,E_rank_deficient,0.1,0.15918578307905268,0.1591857830790527,2.7755575615628914e-17,2.855715253358553e-17,1.3877787807814457e-17,1,1.2470719426290902e-16
rand_rank2_12,E_rank_deficient,0.15,0.08222327436427662,0.08222327436427665,2.7755575615628914e-17,1.724938057091145e-17,1.0408340855860843e-17,1,1.2110805189054955e-16
rand_rank2_12,E_rank_deficient,0.2,0.04130130799632226,0.04130130799632227,6.938893903907228e-18,5.038916349549912e-18,1.788112030672749e-18,1,7.570433420433126e-17
rand_rank2_12,E_rank_deficient,0.3,0.009429228740355513,0.009429228740355514,1.734723475976807e-18,9.644220575495642e-19,4.336808689942018e-19,1,7.708303837413542e-17
rand_rank2_12,E_rank_deficient,0.5,0.0002705250350009971,0.0002705250350009971,0.0,4.076002280793649e-21,1.8940232492426095e-21,1,1.5929287823644188e-17
rand_rank2_12,E_rank_deficient,0.75,2.4192806450157846e-07,2.4192806450157846e-07,0.0,2.3861898082288223e-23,1.3234889800848443e-23,1,1.0008323241577023e-16
rand_rank2_12,E_rank_deficient,1.0,0.0,0.0,0.0,0.0,0.0,0,
rand_rank3_13,E_rank_deficient,0.0,0.51894363710803,0.51894363710803,0.0,1.1359458890015176e-16,5.551115123125783e-17,1,2.271891778003035e-16
rand_rank3_13,E_rank_deficient,1e-06,0.518937537356867,0.518937537356867,0.0,1.0794385653450953e-16,5.551115123125783e-17,1,2.1319462161963365e-16
rand_rank3_13,E_rank_deficient,0.0001,0.5183339950706445,0.5183339950706445,0.0,1.1058777123560701e-16,4.163336342344337e-17,1,2.2117554247121401e-16
rand_rank3_13,E_rank_deficient,0.001,0.5128773926285424,0.5128773926285424,0.0,1.249000902703301e-16,5.551115123125783e-17,1,2.498001805406602e-16
rand_rank3_13,E_rank_deficient,0.005,0.48927178938794746,0.4892717893879476,1.1102230246251565e-16,1.2832264423908535e-16,8.326672684688674e-17,1,1.9306155224427577e-16
rand_rank3_13,E_rank_deficient,0.01,0.46119815773195005,0.4611981577319502,1.6653345369377348e-16,1.3329179921125024e-16,8.326672684688674e-17,1,1.904881199930084e-16
rand_rank3_13,E_rank_deficient,0.02,0.4095256965698031,0.4095256965698031,0.0,7.025094648823097e-17,4.163336342344337e-17,1,2.105814259841454e-16
rand_rank3_13,E_rank_deficient,0.05,0.28519906345685186,0.28519906345685186,0.0,5.419449386414209e-17,4.163336342344337e-17,1,1.422896290682171e-16
rand_rank3_13,E_rank_deficient,0.1,0.15313380331798865,0.15313380331798865,0.0,3.144111526755231e-17,1.3877787807814457e-17,1,2.230722191087568e-16
rand_rank3_13,E_rank_deficient,0.15,0.08012270656376566,0.08012270656376569,2.7755575615628914e-17,1.8893758875822256e-17,1.0408340855860843e-17,1,1.2963503923533824e-16
rand_rank3_13,E_rank_deficient,0.2,0.04071805096346416,0.04071805096346416,0.0,2.062835318191125e-18,8.673617379884035e-19,1,5.3580213916633664e-17
rand_rank3_13,E_rank_deficient,0.3,0.009469795118446662,0.009469795118446667,5.204170427930421e-18,2.952585304319892e-18,2.168404344971009e-18,1,1.1159005688984446e-16
rand_rank3_13,E_rank_deficient,0.5,0.00027570085377424903,0.000275700853774249,5.421010862427522e-20,4.7020104681909145e-20,4.0657581468206416e-20,1,1.512247117928461e-16
rand_rank3_13,E_rank_deficient,0.75,2.4404242408556606e-07,2.4404242408556617e-07,1.0587911840678754e-22,5.294652838006997e-23,2.6469779601696886e-23,1,8.778370028290185e-17
rand_rank3_13,E_rank_deficient,1.0,0.0,0.0,0.0,0.0,0.0,0,
rand_rank2_14,E_rank_deficient,0.0,0.6225108309056666,0.6225108309056666,0.0,1.1274368112207335e-16,5.003707553108402e-17,1,1.7533583985392506e-16
rand_rank2_14,E_rank_deficient,1e-06,0.6225032256999314,0.6225032256999316,1.1102230246251565e-16,1.205851196463462e-16,6.206335383118183e-17,1,1.4052330931573373e-16
rand_rank2_14,E_rank_deficient,0.0001,0.621750743544182,0.6217507435441822,2.220446049250313e-16,1.8463195827281384e-16,1.1102230246251565e-16,1,1.944128986425528e-16
rand_rank2_14,E_rank_deficient,0.001,0.6149491988212434,0.6149491988212435,1.1102230246251565e-16,1.679728361529715e-16,1.1102230246251565e-16,1,1.8386432240941198e-16
rand_rank2_14,E_rank_deficient,0.005,0.5855594871451588,0.5855594871451588,0.0,1.0659731080981682e-16,3.925231146709438e-17,1,1.8458305562110907e-16
rand_rank2_14,E_rank_deficient,0.01,0.5506820283285816,0.5506820283285816,0.0,1.0805531124312037e-16,5.551115123125783e-17,1,1.679728361529715e-16
rand_rank2_14,E_rank_deficient,0.02,0.48671557982237956,0.4867155798223797,1.1102230246251565e-16,1.1188630228279524e-16,5.551115123125783e-17,1,1.2990750993569677e-16
rand_rank2_14,E_rank_deficient,0.05,0.3342435491406396,0.3342435491406397,1.1102230246251565e-16,6.439540287558396e-17,2.7755575615628914e-17,1,3.2527105991997905e-16
rand_rank2_14,E_rank_deficient,0.1,0.1753369022300455,0.17533690223004555,5.551115123125783e-17,4.2154137403712056e-17,2.0816681711721685e-17,1,1.5982537508232155e-16
rand_rank2_14,E_rank_deficient,0.15,0.0896704491942376,0.08967044919423763,2.7755575615628914e-17,1.88838016899524e-17,1.0408340855860843e-17,1,2.269141643656177e-16
rand_rank2_14,E_rank_deficient,0.2,0.044586180155567104,0.04458618015556711,6.938893903907228e-18,5.681467668972518e-18,1.939479807224432e-18,1,6.168643508044409e-17
rand_rank2_14,E_rank_deficient,0.3,0.009976238276610334,0.009976238276610339,5.204170427930421e-18,3.3054833218295267e-18,2.6020852139652106e-18,1,2.0457811913088032e-16
rand_rank2_14,E_rank_deficient,0.5,0.0002769387216743762,0.00027693872167437636,1.6263032587282567e-19,8.147712903189522e-20,4.0657581468206416e-20,1,7.617679613876542e-17
rand_rank2_14,E_rank_deficient,0.75,2.4287691993989874e-07,2.428769199398988e-07,5.293955920339377e-23,4.584965969266709e-23,3.970466940254533e-23,1,1.5701856088537357e-16
rand_rank2_14,E_rank_deficient,1.0,0.0,0.0,0.0,0.0,0.0,0,
rand_rank3_15,E_rank_deficient,0.0,0.491542530875851,0.491542530875851,0.0,7.302341085927278e-17,3.925231146709438e-17,1,1.4604682171854557e-16
rand_rank3_15,E_rank_deficient,1e-06,0.49153693113312885,0.4915369311331288,5.551115123125783e-17,9.677207424966634e-17,5.721958498152797e-17,1,3.1459295131518615e-16
rand_rank3_15,E_rank_deficient,0.0001,0.4909828506111317,0.4909828506111318,5.551115123125783e-17,7.915359025549458e-17,5.551115123125783e-17,1,1.8580176062982074e-16
rand_rank3_15,E_rank_deficient,0.001,0.4859723686216163,0.4859723686216164,1.1102230246251565e-16,1.279703991490521e-16,8.326672684688674e-17,1,1.4555146645863653e-16
rand_rank3_15,E_rank_deficient,0.005,0.46427429271673176,0.46427429271673193,1.6653345369377348e-16,9.983329836384224e-17,5.551115123125783e-17,1,1.6405752336546965e-16
rand_rank3_15,E_rank_deficient,0.01,0.43842012733637215,0.43842012733637226,1.1102230246251565e-16,1.2832850679907374e-16,6.973502068242161e-17,1,1.9809296458201117e-16
rand_rank3_15,E_rank_deficient,0.02,0.3906835778649504,0.39068357786495045,5.551115123125783e-17,7.938137084223217e-17,3.469446951953614e-17,1,1.433274265305638e-16
rand_rank3_15,E_rank_deficient,0.05,0.2749024212586569,0.27490242125865694,5.551115123125783e-17,7.294094509512294e-17,3.925231146709438e-17,1,1.8384079366846235e-16
rand_rank3_15,E_rank_deficient,0.1,0.14998833181063434,0.1499883318106344,5.551115123125783e-17,3.753407078340285e-17,2.0816681711721685e-17,1,1.5620219263171626e-16
rand_rank3_15,E_rank_deficient,0.15,0.0796039182902032,0.07960391829020322,1.3877787807814457e-17,1.5468035433317586e-17,1.3877787807814457e-17,1,1.2655161474195067e-16
rand_rank3_15,E_rank_deficient,0.2,0.04095270972412314,0.040952709724123154,1.3877787807814457e-17,1.0271420902398987e-17,6.938893903907228e-18,1,1.2247319737266864e-16
rand_rank3_15,E_rank_deficient,0.3,0.00969478064640338,0.009694780646403382,1.734723475976807e-18,2.0704119044689044e-18,1.3010426069826053e-18,1,1.6709831373625536e-16
rand_rank3_15,E_rank_deficient,0.5,0.0002846848776356566,0.00028468487763565664,5.421010862427522e-20,2.753857149169762e-20,1.3552527156068805e-20,1,3.335891173339507e-17
rand_rank3_15,E_rank_deficient,0.75,2.471924388870952e-07,2.4719243888709526e-07,5.293955920339377e-23,3.74440097722971e-23,2.6469779601696886e-23,1,1.1107345727838572e-16
rand_rank3_15,E_rank_deficient,1.0,0.0,0.0,0.0,0.0,0.0,0,
