circuit,n_cnot,case,case_kind,p_in_PhiP,p_in_PhiM,p_in_PsiP,p_in_PsiM,q,p_out_PhiP,p_out_PhiM,p_out_PsiP,p_out_PsiM,max_bell_offdiag,trace_weight,trace_weight_meaning,norm_err,min_bell_pop,backend_cross_check
Type3,16,isotropic_eps0.0000,deterministic,1.0,0.0,0.0,0.0,0.0,0.9999999999999998,0.0,2.273525057900917e-33,2.221197325807621e-33,2.2371143170757382e-17,0.9999999999999987,parity_visibility,2.220446049250313e-16,0.0,1.110e-16
Type3,16,isotropic_eps0.0000,deterministic,1.0,0.0,0.0,0.0,0.0001,0.9997875087506874,8.749374968749662e-05,6.249874981249798e-05,6.249874981247312e-05,6.115312045645818e-17,0.998700794697079,parity_visibility,1.1102230246251565e-16,6.249874981247312e-05,9.443e-16
Type3,16,isotropic_eps0.0000,deterministic,1.0,0.0,0.0,0.0,0.001,0.9978758756886882,0.0008743746871875121,0.0006248748120620146,0.0006248748120620269,4.723295170327168e-17,0.9870791978016862,parity_visibility,2.220446049250313e-16,0.0006248748120620146,8.884e-16
Type3,16,isotropic_eps0.0000,deterministic,1.0,0.0,0.0,0.0,0.005,0.9893969616822126,0.004359335742394533,0.0031218512876963252,0.003121851287696329,8.106218263233388e-17,0.936950122177995,parity_visibility,1.1102230246251565e-16,0.0031218512876963252,6.663e-16
Type3,16,isotropic_eps0.0000,deterministic,1.0,0.0,0.0,0.0,0.01,0.978838199455342,0.008687184382012764,0.006237308081322533,0.006237308081322672,8.047418707180951e-17,0.8776548783289331,parity_visibility,0.0,0.006237308081322533,1.347e-16
Type3,16,isotropic_eps0.0000,deterministic,1.0,0.0,0.0,0.0,0.02,0.9578556925397511,0.017247450249641128,0.012448428605303772,0.01244842860530378,9.160403834348131e-17,0.7694996578280617,parity_visibility,1.1102230246251565e-16,0.012448428605303772,1.666e-16
Type3,16,isotropic_eps0.0000,deterministic,1.0,0.0,0.0,0.0,0.05,0.8960310969157639,0.04214651664449322,0.03091119321987126,0.03091119321987145,2.5644418212747743e-17,0.5154404691462409,parity_visibility,2.220446049250313e-16,0.03091119321987126,3.333e-16
Type3,16,isotropic_eps0.0000,deterministic,1.0,0.0,0.0,0.0,0.1,0.7970631337802782,0.08090775864973203,0.06101455378499477,0.0610145537849948,8.391538826833957e-17,0.2587455534372072,parity_visibility,3.3306690738754696e-16,0.06101455378499477,1.527e-16
Type3,16,isotropic_eps0.0000,deterministic,1.0,0.0,0.0,0.0,0.15,0.703904105460063,0.11599021648321935,0.09005283902835869,0.09005283902835876,7.014722775988919e-17,0.12629585323334375,parity_visibility,2.220446049250313e-16,0.09005283902835869,4.164e-17
Type3,16,isotropic_eps0.0000,deterministic,1.0,0.0,0.0,0.0,0.2,0.6175520459440053,0.14708542713567826,0.11768126346015813,0.11768126346015813,3.1185283020373187e-16,0.05982889443327997,parity_visibility,1.1102230246251565e-16,0.11768126346015813,7.287e-17
Type3,16,isotropic_eps0.0000,deterministic,1.0,0.0,0.0,0.0,0.3,0.46982067081323015,0.19626605824565393,0.16695663547055783,0.1669566354705578,4.379543212740928e-16,0.012148554271367427,parity_visibility,2.220446049250313e-16,0.1669566354705578,2.776e-17
Type3,16,isotropic_eps0.0500,deterministic,0.9625,0.0125,0.0125,0.0125,0.0,0.9994942683749153,0.00016857720836149597,0.00016857720836142994,0.00016857720836142885,1.1376258495781668e-17,0.9268749999999988,parity_visibility,4.440892098500626e-16,0.00016857720836142885,1.665e-16
Type3,16,isotropic_eps0.0500,deterministic,0.9625,0.0125,0.0125,0.0125,0.0001,0.9992760081754254,0.000257982573814781,0.00023300462537980014,0.00023300462537973395,7.304345593290852e-17,0.9256781031799393,parity_visibility,2.220446049250313e-16,0.00023300462537973395,9.437e-16
Type3,16,isotropic_eps0.0500,deterministic,0.9625,0.0125,0.0125,0.0125,0.001,0.9973125293081657,0.0010620315215334709,0.0008127195851502488,0.0008127195851503221,5.070537110731894e-18,0.9149713199711345,parity_visibility,2.220446049250313e-16,0.0008127195851502488,6.113e-16
Type3,16,isotropic_eps0.0500,deterministic,0.9625,0.0125,0.0125,0.0125,0.005,0.988604829408011,0.004622496004200538,0.0033863372938942034,0.0033863372938941925,1.021584126302093e-17,0.8687807946957437,parity_visibility,2.220446049250313e-16,0.0033863372938941925,7.217e-16
Type3,16,isotropic_eps0.0500,deterministic,0.9625,0.0125,0.0125,0.0125,0.01,0.9777639051265933,0.00904287510934626,0.0065966098820301605,0.006596609882030209,3.7060866456031255e-17,0.8141278407702017,parity_visibility,1.1102230246251565e-16,0.0065966098820301605,1.119e-16
Type3,16,isotropic_eps0.0500,deterministic,0.9625,0.0125,0.0125,0.0125,0.02,0.9562301642674712,0.01778194598662791,0.012993944872950329,0.012993944872950407,2.2033380117829173e-17,0.7143895908577096,parity_visibility,2.220446049250313e-16,0.012993944872950329,1.112e-16
Type3,16,isotropic_eps0.0500,deterministic,0.9625,0.0125,0.0125,0.0125,0.05,0.8928634123388314,0.04316568472576727,0.03198545146770059,0.03198545146770062,5.642462463542351e-17,0.4797792362984178,parity_visibility,1.1102230246251565e-16,0.03198545146770059,1.394e-16
Type3,16,isotropic_eps0.0500,deterministic,0.9625,0.0125,0.0125,0.0125,0.1,0.7917424571361216,0.08255233143065341,0.06285260571661241,0.06285260571661251,5.080356487690813e-17,0.24201689895451706,parity_visibility,0.0,0.06285260571661241,9.715e-17
Type3,16,isotropic_eps0.0500,deterministic,0.9625,0.0125,0.0125,0.0125,0.15,0.6970283843643542,0.11802019128290482,0.0924757121763704,0.09247571217637034,1.5452460705229536e-16,0.11878082114889774,parity_visibility,2.220446049250313e-16,0.09247571217637034,7.633e-17
Type3,16,isotropic_eps0.0500,deterministic,0.9625,0.0125,0.0125,0.0125,0.2,0.6097851485448968,0.14926015840742884,0.12047734652383699,0.12047734652383695,7.817029317622575e-17,0.05661282292203522,parity_visibility,3.3306690738754696e-16,0.12047734652383695,6.592e-17
Type3,16,isotropic_eps0.0500,deterministic,0.9625,0.0125,0.0125,0.0125,0.3,0.46227476723346633,0.19811061245404168,0.1698073101562459,0.16980731015624592,8.987352802327754e-16,0.011652603649346598,parity_visibility,1.1102230246251565e-16,0.1698073101562459,6.592e-17
Type3,16,isotropic_eps0.1000,deterministic,0.925,0.025,0.025,0.025,0.0,0.9978134110787172,0.0007288629737608363,0.0007288629737609336,0.0007288629737609314,6.883123870701398e-17,0.8574999999999988,parity_visibility,0.0,0.0007288629737608363,2.776e-16
Type3,16,isotropic_eps0.1000,deterministic,0.925,0.025,0.025,0.025,0.0001,0.9975891139812074,0.0008202431488923077,0.0007953214349500513,0.0007953214349500965,7.669737601540588e-17,0.8564001650739348,parity_visibility,1.1102230246251565e-16,0.0007953214349500513,1.055e-15
Type3,16,isotropic_eps0.1000,deterministic,0.925,0.025,0.025,0.025,0.001,0.9955713939570455,0.001642022730238579,0.0013932916563577636,0.0013932916563578921,2.9779823027346965e-17,0.8465612820293289,parity_visibility,2.220446049250313e-16,0.0013932916563577636,3.891e-16
Type3,16,isotropic_eps0.1000,deterministic,0.925,0.025,0.025,0.025,0.005,0.9866246155191404,0.0052803578568213,0.004047513312019132,0.004047513312019157,1.7445706861249928e-17,0.8041073301613,parity_visibility,0.0,0.004047513312019132,9.437e-16
Type3,16,isotropic_eps0.1000,deterministic,0.925,0.025,0.025,0.025,0.01,0.9754894791600498,0.009795920345328146,0.007357300247310973,0.007357300247310957,9.588972614204895e-17,0.7538586000093542,parity_visibility,1.1102230246251565e-16,0.007357300247310957,3.334e-16
Type3,16,isotropic_eps0.1000,deterministic,0.925,0.025,0.025,0.025,0.02,0.9533831502024999,0.018718082814771254,0.013949383491364284,0.013949383491364329,6.677504990863864e-17,0.6621056811678885,parity_visibility,2.220446049250313e-16,0.013949383491364284,4.446e-16
Type3,16,isotropic_eps0.1000,deterministic,0.925,0.025,0.025,0.025,0.05,0.8884325408361454,0.044591269470109794,0.033488094846872415,0.03348809484687242,2.43542884212061e-17,0.4459467846222782,parity_visibility,0.0,0.033488094846872415,2.512e-16
Type3,16,isotropic_eps0.1000,deterministic,0.925,0.025,0.025,0.025,0.1,0.7851645159450074,0.08458551325336154,0.0651249854008155,0.0651249854008155,2.6358149262601156e-17,0.22614612418888785,parity_visibility,2.220446049250313e-16,0.0651249854008155,1.110e-16
Type3,16,isotropic_eps0.1000,deterministic,0.925,0.025,0.025,0.025,0.15,0.6889914054293298,0.12039301363515026,0.09530779046775983,0.09530779046775992,1.3117098401963016e-16,0.1116511753251927,parity_visibility,1.1102230246251565e-16,0.09530779046775983,2.130e-17
Type3,16,isotropic_eps0.1000,deterministic,0.925,0.025,0.025,0.025,0.2,0.601028001411297,0.15171215960483694,0.12362991949193293,0.12362991949193296,3.592089124894383e-17,0.05356167815495674,parity_visibility,2.220446049250313e-16,0.12362991949193293,4.860e-17
Type3,16,isotropic_eps0.1000,deterministic,0.925,0.025,0.025,0.025,0.3,0.454190907092961,0.20008666715505344,0.1728612128759927,0.1728612128759927,6.233762403060835e-16,0.011182086392557637,parity_visibility,0.0,0.1728612128759927,5.204e-17
Type3,16,isotropic_eps0.2000,deterministic,0.85,0.05,0.05,0.05,0.0,0.98972602739726,0.0034246575342466103,0.003424657534246578,0.0034246575342465734,5.794013591608039e-17,0.7299999999999989,parity_visibility,2.220446049250313e-16,0.0034246575342465734,1.665e-16
Type3,16,isotropic_eps0.2000,deterministic,0.85,0.05,0.05,0.05,0.0001,0.9894890919176479,0.003520070487920403,0.0034954187972157497,0.0034954187972157966,5.4656193717377623e-17,0.7290785490953321,parity_visibility,2.220446049250313e-16,0.0034954187972157497,8.882e-16
Type3,16,isotropic_eps0.2000,deterministic,0.85,0.05,0.05,0.05,0.001,0.9873578699207574,0.004378037325812612,0.004132046376714871,0.004132046376714887,8.758572880482778e-17,0.7208347258119562,parity_visibility,2.220446049250313e-16,0.004132046376714871,2.776e-16
Type3,16,isotropic_eps0.2000,deterministic,0.85,0.05,0.05,0.05,0.005,0.9779119680872914,0.008174852442966639,0.0069565897348709774,0.006956589734870875,1.041163730464973e-16,0.6852479899358361,parity_visibility,0.0,0.006956589734870875,5.551e-16
Type3,16,isotropic_eps0.2000,deterministic,0.85,0.05,0.05,0.05,0.01,0.9661652894173607,0.01288308905005009,0.010475810766294516,0.010475810766294478,2.2459888886360244e-17,0.6430935088813095,parity_visibility,2.220446049250313e-16,0.010475810766294478,4.443e-16
Type3,16,isotropic_eps0.2000,deterministic,0.85,0.05,0.05,0.05,0.02,0.942877873310959,0.022172360301142134,0.01747488319394942,0.017474883193949346,1.755202002298149e-16,0.5660163336298383,parity_visibility,2.220446049250313e-16,0.017474883193949346,1.156e-16
Type3,16,isotropic_eps0.2000,deterministic,0.85,0.05,0.05,0.05,0.05,0.8747343998893072,0.048998497426918385,0.03813355134188715,0.03813355134188718,6.045963867367073e-17,0.383768224785048,parity_visibility,0.0,0.03813355134188715,1.113e-16
Type3,16,isotropic_eps0.2000,deterministic,0.85,0.05,0.05,0.05,0.1,0.7673978807918884,0.09007701866432537,0.07126255027189307,0.07126255027189302,1.1600203453162948e-16,0.19697821380881247,parity_visibility,1.1102230246251565e-16,0.07126255027189302,8.481e-17
Type3,16,isotropic_eps0.2000,deterministic,0.85,0.05,0.05,0.05,0.15,0.6688299178250291,0.1263454528326103,0.1024123146711803,0.1024123146711802,1.5591766428667352e-16,0.09854804246000488,parity_visibility,1.1102230246251565e-16,0.1024123146711802,4.164e-17
Type3,16,isotropic_eps0.2000,deterministic,0.85,0.05,0.05,0.05,0.2,0.5801687385805897,0.15755275319743467,0.13113925411098776,0.13113925411098773,1.5357398061150362e-16,0.04795416885329913,parity_visibility,2.220446049250313e-16,0.13113925411098773,8.674e-17
Type3,16,isotropic_eps0.2000,deterministic,0.85,0.05,0.05,0.05,0.3,0.4363620060890147,0.20444484295601922,0.17959657547748292,0.17959657547748295,9.989384389401162e-16,0.010317351974675131,parity_visibility,1.1102230246251565e-16,0.17959657547748292,4.163e-17
Type3,16,isotropic_eps0.3000,deterministic,0.775,0.075,0.075,0.075,0.0,0.9726720647773278,0.00910931174089065,0.009109311740890694,0.009109311740890687,1.4127809422005924e-17,0.617499999999999,parity_visibility,1.1102230246251565e-16,0.00910931174089065,1.665e-16
Type3,16,isotropic_eps0.3000,deterministic,0.775,0.075,0.075,0.075,0.0001,0.9724225601596068,0.009208535119398963,0.00918445236049706,0.009184452360497046,2.9164927527883986e-17,0.6167359467612712,parity_visibility,1.1102230246251565e-16,0.009184452360497046,8.882e-16
Type3,16,isotropic_eps0.3000,deterministic,0.775,0.075,0.075,0.075,0.001,0.970178565596413,0.01010065129340504,0.009860391555090813,0.00986039155509097,1.4467133426978487e-17,0.6098995291495689,parity_visibility,1.1102230246251565e-16,0.009860391555090813,3.335e-16
Type3,16,isotropic_eps0.3000,deterministic,0.775,0.075,0.075,0.075,0.005,0.9602390909509338,0.014046092797053699,0.012857408126006227,0.012857408126006251,4.290265375899331e-17,0.580372101501603,parity_visibility,0.0,0.012857408126006227,1.665e-16
Type3,16,isotropic_eps0.3000,deterministic,0.775,0.075,0.075,0.075,0.01,0.9478930879760995,0.01893287675413179,0.016587017634884297,0.01658701763488437,5.1556425151152957e-17,0.5453596049447995,parity_visibility,0.0,0.016587017634884297,1.239e-16
Type3,16,isotropic_eps0.3000,deterministic,0.775,0.075,0.075,0.075,0.02,0.9234664641900614,0.028555094825640687,0.023989220492148834,0.023989220492148848,9.673603161291427e-17,0.4812316152139122,parity_visibility,3.3306690738754696e-16,0.023989220492148834,3.053e-16
Type3,16,isotropic_eps0.3000,deterministic,0.775,0.075,0.075,0.075,0.05,0.8523913192877176,0.056187140750908145,0.04571076998068704,0.04571076998068701,6.600889113043885e-17,0.32890478963455116,parity_visibility,2.220446049250313e-16,0.04571076998068701,2.221e-16
Type3,16,isotropic_eps0.3000,deterministic,0.775,0.075,0.075,0.075,0.1,0.7418327783057694,0.09797895943276225,0.08009413113073406,0.08009413113073409,8.950299140992939e-17,0.17124182229698146,parity_visibility,2.220446049250313e-16,0.08009413113073406,2.359e-16
Type3,16,isotropic_eps0.3000,deterministic,0.775,0.075,0.075,0.075,0.15,0.6421195878338202,0.13423135978239598,0.11182452619189182,0.1118245261918918,1.3015675305666135e-16,0.08698645463778054,parity_visibility,2.220446049250313e-16,0.1118245261918918,6.939e-17
Type3,16,isotropic_eps0.3000,deterministic,0.775,0.075,0.075,0.075,0.2,0.554238405304997,0.16481324651460044,0.1404741740902012,0.14047417409020113,2.7455189166364267e-16,0.04300636652830718,parity_visibility,2.220446049250313e-16,0.14047417409020113,5.551e-17
Type3,16,isotropic_eps0.3000,deterministic,0.775,0.075,0.075,0.075,0.3,0.4163063760073386,0.20934733030931743,0.18717314684167188,0.1871731468416719,2.3814948920490748e-15,0.009554351017720022,parity_visibility,2.220446049250313e-16,0.18717314684167188,3.816e-17
Type3,16,isotropic_eps0.5000,deterministic,0.625,0.125,0.125,0.125,0.0,0.8928571428571427,0.035714285714285726,0.035714285714285726,0.03571428571428571,4.4299567623266293e-17,0.43749999999999956,parity_visibility,2.220446049250313e-16,0.03571428571428571,1.665e-16
Type3,16,isotropic_eps0.5000,deterministic,0.625,0.125,0.125,0.125,0.0001,0.8925923760871274,0.03581682232495555,0.03579540079395841,0.035795400793958446,9.06248437604075e-17,0.4369877830267735,parity_visibility,2.220446049250313e-16,0.03579540079395841,4.164e-16
Type3,16,isotropic_eps0.5000,deterministic,0.625,0.125,0.125,0.125,0.001,0.8902120995167159,0.03673835483988632,0.036524772821698935,0.03652477282169884,4.6001361592489697e-17,0.43240321448974894,parity_visibility,0.0,0.03652477282169884,1.111e-16
Type3,16,isotropic_eps0.5000,deterministic,0.625,0.125,0.125,0.125,0.005,0.8796903541243385,0.040805798671663174,0.039751923601999126,0.0397519236019991,7.781067817884379e-17,0.4125706800068307,parity_visibility,2.220446049250313e-16,0.0397519236019991,2.240e-16
Type3,16,isotropic_eps0.5000,deterministic,0.625,0.125,0.125,0.125,0.01,0.8666701268883384,0.04582518487898688,0.043752344116337216,0.043752344116337244,9.945487546154865e-17,0.38898535864638384,parity_visibility,2.220446049250313e-16,0.043752344116337216,1.665e-16
Type3,16,isotropic_eps0.5000,deterministic,0.625,0.125,0.125,0.125,0.02,0.8410725240997012,0.055647339533318546,0.0516400681834899,0.05164006818348991,2.137403403004156e-17,0.34557606574843036,parity_visibility,4.440892098500626e-16,0.0516400681834899,1.389e-16
Type3,16,isotropic_eps0.5000,deterministic,0.625,0.125,0.125,0.125,0.05,0.7678739167894482,0.08337969633730799,0.0743731934366219,0.07437319343662191,4.848327409273151e-17,0.2411232933937561,parity_visibility,0.0,0.0743731934366219,1.113e-16
Type3,16,isotropic_eps0.5000,deterministic,0.625,0.125,0.125,0.125,0.1,0.6581180989561516,0.12385440577718948,0.10901374763332942,0.10901374763332941,6.22071080055424e-17,0.13006359587805172,parity_visibility,2.220446049250313e-16,0.10901374763332941,1.527e-16
Type3,16,isotropic_eps0.5000,deterministic,0.625,0.125,0.125,0.125,0.15,0.5638849771155998,0.1573291972325374,0.1393929128259313,0.1393929128259313,5.480787061992786e-17,0.06848791412222138,parity_visibility,2.220446049250313e-16,0.1393929128259313,2.833e-17
Type3,16,isotropic_eps0.5000,deterministic,0.625,0.125,0.125,0.125,0.2,0.48500611995104026,0.18419828641370833,0.16539779681762565,0.16539779681762568,2.997936870070684e-16,0.03508988280831994,parity_visibility,0.0,0.16539779681762565,5.551e-17
Type3,16,isotropic_eps0.5000,deterministic,0.625,0.125,0.125,0.125,0.3,0.3701695337160785,0.22062522509162663,0.20460262059614737,0.20460262059614737,6.19642338297717e-16,0.00833354948659185,parity_visibility,2.220446049250313e-16,0.20460262059614737,4.083e-17
Type3,16,isotropic_eps0.6667,deterministic,0.5,0.16666666666666666,0.16666666666666666,0.16666666666666666,0.0,0.7499999999999999,0.0833333333333333,0.08333333333333333,0.08333333333333331,1.0977218237560877e-17,0.33333333333333287,parity_visibility,2.220446049250313e-16,0.0833333333333333,8.442e-17
Type3,16,isotropic_eps0.6667,deterministic,0.5,0.16666666666666666,0.16666666666666666,0.16666666666666666,0.0001,0.7497583724988749,0.08342498250087496,0.08340832250012505,0.08340832250012499,2.3112719819827995e-17,0.3329668549396796,parity_visibility,1.1102230246251565e-16,0.08340832250012499,3.331e-16
Type3,16,isotropic_eps0.6667,deterministic,0.5,0.16666666666666666,0.16666666666666666,0.16666666666666666,0.001,0.7475872488721255,0.08424825087612424,0.08408225012587507,0.08408225012587507,6.305582183150779e-17,0.3296854398023532,parity_visibility,1.1102230246251565e-16,0.08408225012587507,1.954e-16
Type3,16,isotropic_eps0.6667,deterministic,0.5,0.16666666666666666,0.16666666666666666,0.16666666666666666,0.005,0.7380144409138546,0.08787302674242646,0.0870562661718594,0.08705626617185931,1.3502604280220071e-17,0.3154633759010594,parity_visibility,2.220446049250313e-16,0.08705626617185931,2.221e-16
Type3,16,isotropic_eps0.6667,deterministic,0.5,0.16666666666666666,0.16666666666666666,0.16666666666666666,0.01,0.726223846328371,0.09232588617363172,0.09072513374899856,0.09072513374899857,1.39417744659265e-16,0.29849100314961546,parity_visibility,1.1102230246251565e-16,0.09072513374899856,1.527e-16
Type3,16,isotropic_eps0.6667,deterministic,0.5,0.16666666666666666,0.16666666666666666,0.16666666666666666,0.02,0.7032238759487924,0.10097384417954962,0.09790113993582888,0.09790113993582893,7.015248106824245e-17,0.2670716968447946,parity_visibility,2.220446049250313e-16,0.09790113993582888,6.939e-17
Type3,16,isotropic_eps0.6667,deterministic,0.5,0.16666666666666666,0.16666666666666666,0.16666666666666666,0.05,0.6388000262703286,0.12490781763476368,0.11814607804745375,0.11814607804745374,1.1610268162366804e-16,0.19032381640255505,parity_visibility,2.220446049250313e-16,0.11814607804745374,4.857e-17
Type3,16,isotropic_eps0.6667,deterministic,0.5,0.16666666666666666,0.16666666666666666,0.16666666666666666,0.1,0.546098301468778,0.15847870681874138,0.14771149585624024,0.14771149585624024,1.4637477844332586e-16,0.1062336037374674,parity_visibility,2.220446049250313e-16,0.14771149585624024,6.939e-17
Type3,16,isotropic_eps0.6667,deterministic,0.5,0.16666666666666666,0.16666666666666666,0.16666666666666666,0.15,0.47046647329913166,0.18490989835930402,0.1723118141707821,0.1723118141707821,7.990926899038607e-17,0.057782740212754244,parity_visibility,1.1102230246251565e-16,0.1723118141707821,2.082e-17
Type3,16,isotropic_eps0.6667,deterministic,0.5,0.16666666666666666,0.16666666666666666,0.16666666666666666,0.2,0.41017519161583027,0.20515094634756806,0.19233693101830068,0.19233693101830068,2.0851136963476878e-16,0.030508584359253296,parity_visibility,2.220446049250313e-16,0.19233693101830068,5.898e-17
Type3,16,isotropic_eps0.6667,deterministic,0.5,0.16666666666666666,0.16666666666666666,0.16666666666666666,0.3,0.3278077837103792,0.23098031953746256,0.22060594837607903,0.22060594837607903,1.136580210607914e-15,0.007627067119040799,parity_visibility,1.1102230246251565e-16,0.22060594837607903,2.776e-17
Type3,16,isotropic_eps0.8000,deterministic,0.3999999999999999,0.2,0.2,0.2,0.0,0.5714285714285712,0.14285714285714296,0.14285714285714285,0.14285714285714285,4.2579987675789415e-17,0.2799999999999996,parity_visibility,2.220446049250313e-16,0.14285714285714285,9.714e-17
Type3,16,isotropic_eps0.8000,deterministic,0.3999999999999999,0.2,0.2,0.2,0.0001,0.5712548829597334,0.14292217860578738,0.14291146921723955,0.14291146921723963,6.19319213488712e-17,0.2797081397590878,parity_visibility,1.1102230246251565e-16,0.14291146921723955,3.469e-16
Type3,16,isotropic_eps0.8000,deterministic,0.3999999999999999,0.2,0.2,0.2,0.001,0.5696949258413129,0.14350612728855677,0.14339947343506515,0.14339947343506512,4.195370975535444e-17,0.27709393916240654,parity_visibility,1.1102230246251565e-16,0.14339947343506512,9.718e-17
Type3,16,isotropic_eps0.8000,deterministic,0.3999999999999999,0.2,0.2,0.2,0.005,0.5628320201899494,0.1460717054264352,0.1455481371918077,0.14554813719180762,1.2148395721711234e-16,0.2657444361989046,parity_visibility,1.1102230246251565e-16,0.14554813719180762,2.221e-16
Type3,16,isotropic_eps0.8000,deterministic,0.3999999999999999,0.2,0.2,0.2,0.01,0.5544132674068498,0.14921106944680773,0.1481878315731711,0.14818783157317117,5.885464039060539e-17,0.25215789313527,parity_visibility,1.1102230246251565e-16,0.1481878315731711,8.328e-17
Type3,16,isotropic_eps0.8000,deterministic,0.3999999999999999,0.2,0.2,0.2,0.02,0.5380998649838333,0.15526885795446826,0.15331563853084906,0.15331563853084912,7.45750948376071e-17,0.22687745996613334,parity_visibility,2.220446049250313e-16,0.15331563853084906,1.804e-16
Type3,16,isotropic_eps0.8000,deterministic,0.3999999999999999,0.2,0.2,0.2,0.05,0.49318530895158985,0.17175777016340152,0.16752846044250425,0.16752846044250427,6.8094744161887e-17,0.16431448418306016,parity_visibility,1.1102230246251565e-16,0.16752846044250425,1.388e-16
Type3,16,isotropic_eps0.8000,deterministic,0.3999999999999999,0.2,0.2,0.2,0.1,0.4306395842526222,0.19416594668555293,0.1875972345309123,0.1875972345309123,1.9855673411318258e-16,0.09403264776148816,parity_visibility,3.3306690738754696e-16,0.1875972345309123,4.857e-17
Type3,16,isotropic_eps0.8000,deterministic,0.3999999999999999,0.2,0.2,0.2,0.15,0.38152815138841617,0.21116787911389634,0.20365198474884366,0.20365198474884366,8.641011189259491e-17,0.05230169117110705,parity_visibility,2.220446049250313e-16,0.20365198474884366,2.446e-17
Type3,16,isotropic_eps0.8000,deterministic,0.3999999999999999,0.2,0.2,0.2,0.2,0.34369852986030647,0.22376441163911448,0.21626852925028947,0.21626852925028947,9.372393469705513e-17,0.02816295955333115,parity_visibility,0.0,0.21626852925028947,3.816e-17
Type3,16,isotropic_eps0.8000,deterministic,0.3999999999999999,0.2,0.2,0.2,0.3,0.2941080586151779,0.2392180301162878,0.233336955634267,0.233336955634267,1.9044653322208616e-15,0.007265348146854662,parity_visibility,2.220446049250313e-16,0.233336955634267,5.204e-17
Type3,16,isotropic_eps1.0000,deterministic,0.25,0.25,0.25,0.25,0.0,0.24999999999999994,0.24999999999999994,0.24999999999999994,0.24999999999999994,5.5927857926893454e-18,0.2499999999999996,parity_visibility,2.220446049250313e-16,0.24999999999999994,1.388e-17
Type3,16,isotropic_eps1.0000,deterministic,0.25,0.25,0.25,0.25,0.0001,0.24999999999999997,0.24999999999999997,0.24999999999999994,0.24999999999999994,4.1788945556486755e-17,0.24975011247000492,parity_visibility,2.220446049250313e-16,0.24999999999999994,1.735e-16
Type3,16,isotropic_eps1.0000,deterministic,0.25,0.25,0.25,0.25,0.001,0.25,0.25,0.24999999999999994,0.24999999999999994,1.1692625252129177e-16,0.24751122005243667,parity_visibility,0.0,0.24999999999999994,8.327e-17
Type3,16,isotropic_eps1.0000,deterministic,0.25,0.25,0.25,0.25,0.005,0.24999999999999997,0.24999999999999997,0.2499999999999999,0.2499999999999999,6.954452117211567e-17,0.23777753261644258,parity_visibility,3.3306690738754696e-16,0.2499999999999999,2.498e-16
Type3,16,isotropic_eps1.0000,deterministic,0.25,0.25,0.25,0.25,0.01,0.24999999999999992,0.24999999999999992,0.24999999999999992,0.24999999999999992,1.403336994085784e-17,0.22609551875220085,parity_visibility,3.3306690738754696e-16,0.24999999999999992,3.469e-17
Type3,16,isotropic_eps1.0000,deterministic,0.25,0.25,0.25,0.25,0.02,0.24999999999999997,0.24999999999999997,0.24999999999999992,0.24999999999999992,1.2842298837275723e-16,0.2042682017218864,parity_visibility,2.220446049250313e-16,0.24999999999999992,1.874e-16
Type3,16,isotropic_eps1.0000,deterministic,0.25,0.25,0.25,0.25,0.05,0.2499999999999999,0.2499999999999999,0.25,0.25,6.11754099584156e-17,0.14968423480959434,parity_visibility,2.220446049250313e-16,0.2499999999999999,6.245e-17
Type3,16,isotropic_eps1.0000,deterministic,0.25,0.25,0.25,0.25,0.1,0.24999999999999992,0.24999999999999992,0.24999999999999992,0.24999999999999992,4.032864241623444e-18,0.087169610025,parity_visibility,3.3306690738754696e-16,0.24999999999999992,3.817e-17
Type3,16,isotropic_eps1.0000,deterministic,0.25,0.25,0.25,0.25,0.15,0.24999999999999994,0.24999999999999994,0.24999999999999986,0.24999999999999986,2.506311782503147e-16,0.049218601085180544,parity_visibility,3.3306690738754696e-16,0.24999999999999986,1.735e-17
Type3,16,isotropic_eps1.0000,deterministic,0.25,0.25,0.25,0.25,0.2,0.24999999999999967,0.24999999999999967,0.2500000000000002,0.2500000000000002,5.731872979697678e-16,0.026843545600000056,parity_visibility,2.220446049250313e-16,0.24999999999999967,6.245e-17
Type3,16,isotropic_eps1.0000,deterministic,0.25,0.25,0.25,0.25,0.3,0.25000000000000017,0.25000000000000017,0.24999999999999972,0.24999999999999972,4.729868653086712e-16,0.007061881225000004,parity_visibility,2.220446049250313e-16,0.24999999999999972,3.123e-17
Type3,16,near_phi_plus,deterministic,0.99,0.005,0.003,0.002,0.0,0.9999612299492517,2.5506612334187824e-05,9.182380440305425e-06,4.081057973468965e-06,3.4917842248080705e-17,0.9801379999999987,parity_visibility,3.3306690738754696e-16,4.081057973468965e-06,1.110e-16
Type3,16,near_phi_plus,deterministic,0.99,0.005,0.003,0.002,0.0001,0.9997472304461615,0.00011349883719790466,7.218524922542952e-05,6.708546741486744e-05,2.474192831637578e-17,0.9788665834298869,parity_visibility,2.220446049250313e-16,6.708546741486744e-05,1.110e-15
Type3,16,near_phi_plus,deterministic,0.99,0.005,0.003,0.002,0.001,0.9978220415993793,0.0009048568723428047,0.0006390937256079443,0.0006340078026697498,6.10053610116235e-17,0.9674934655696119,parity_visibility,2.220446049250313e-16,0.0006340078026697498,4.997e-16
Type3,16,near_phi_plus,deterministic,0.99,0.005,0.003,0.002,0.005,0.9892832856458181,0.004409515383367726,0.003156111726231068,0.003151087244582862,4.6784967683826936e-17,0.9184341675461664,parity_visibility,1.1102230246251565e-16,0.003151087244582862,6.107e-16
Type3,16,near_phi_plus,deterministic,0.99,0.005,0.003,0.002,0.01,0.9786506673183597,0.008761521033811996,0.006296379841581739,0.006291431806246358,2.006662095252615e-17,0.8603998489957159,parity_visibility,2.220446049250313e-16,0.006291431806246358,2.776e-16
Type3,16,near_phi_plus,deterministic,0.99,0.005,0.003,0.002,0.02,0.9575236944788217,0.017368526903102366,0.01255628748052358,0.012551491137552077,2.7757978295522134e-17,0.7545308215864871,parity_visibility,3.3306690738754696e-16,0.012551491137552077,1.191e-16
Type3,16,near_phi_plus,deterministic,0.99,0.005,0.003,0.002,0.05,0.8952934419637925,0.04239476870449747,0.031158070261276805,0.03115371907043296,9.092081892681199e-17,0.5057542687110483,parity_visibility,3.3306690738754696e-16,0.03115371907043296,2.776e-16
Type3,16,near_phi_plus,deterministic,0.99,0.005,0.003,0.002,0.1,0.795753786651951,0.0813217833328869,0.061464037398733073,0.061460392616429015,1.144615077087671e-16,0.25420176491980284,parity_visibility,1.1102230246251565e-16,0.061460392616429015,1.548e-16
Type3,16,near_phi_plus,deterministic,0.99,0.005,0.003,0.002,0.15,0.7021740847611327,0.116508775698826,0.09066006369984493,0.09065707584019617,1.3330979087641836e-16,0.12425464205712121,parity_visibility,2.220446049250313e-16,0.09065707584019617,6.251e-17
Type3,16,near_phi_plus,deterministic,0.99,0.005,0.003,0.002,0.2,0.6155710374096998,0.1476464689929281,0.1183924403924631,0.11839005320490895,3.3865615825587944e-16,0.05895535443524452,parity_visibility,1.1102230246251565e-16,0.11839005320490895,1.041e-16
Type3,16,near_phi_plus,deterministic,0.99,0.005,0.003,0.002,0.3,0.4678595417273524,0.19674931191528366,0.1676962647334859,0.16769488162387786,2.937665504832165e-16,0.01201384560463815,parity_visibility,2.220446049250313e-16,0.16769488162387786,4.510e-17
Type3,16,near_phi_plus_tight,deterministic,0.9999,5e-05,3e-05,2e-05,0.0,0.9999999961992398,2.500500104626218e-09,9.001800235828304e-10,4.0008001047985773e-10,8.16001212735766e-17,0.9998000137999985,parity_visibility,0.0,4.0008001047985773e-10,1.110e-16
Type3,16,near_phi_plus_tight,deterministic,0.9999,5e-05,3e-05,2e-05,0.0001,0.9997874899510708,8.750124905969335e-05,6.250464990963365e-05,6.250414995982988e-05,2.3858964625328528e-17,0.9985010882958443,parity_visibility,1.1102230246251565e-16,6.250414995982988e-05,1.332e-15
Type3,16,near_phi_plus_tight,deterministic,0.9999,5e-05,3e-05,2e-05,0.001,0.9978757220797182,0.0008744270863049992,0.0006249256662885962,0.0006249251676880799,3.713963105709622e-17,0.986881993282337,parity_visibility,1.1102230246251565e-16,0.0006249251676880799,3.334e-16
Type3,16,near_phi_plus_tight,deterministic,0.9999,5e-05,3e-05,2e-05,0.005,0.9893962128790373,0.004359585725123522,0.0031221009442278956,0.0031221004516110446,4.6280749320835767e-17,0.9367636890188875,parity_visibility,1.1102230246251565e-16,0.0031221004516110446,5.552e-16
Type3,16,near_phi_plus_tight,deterministic,0.9999,5e-05,3e-05,2e-05,0.01,0.9788367158882009,0.008687676780652137,0.006237803908159119,0.006237803422987611,7.501920184698431e-17,0.8774811411550716,parity_visibility,2.220446049250313e-16,0.006237803422987611,2.225e-16
Type3,16,near_phi_plus_tight,deterministic,0.9999,5e-05,3e-05,2e-05,0.02,0.9578527711146743,0.017248412021996277,0.012449408666862711,0.012449408196466465,2.773694587853391e-17,0.7693489398400254,parity_visibility,3.3306690738754696e-16,0.012449408196466465,4.445e-16
Type3,16,near_phi_plus_tight,deterministic,0.9999,5e-05,3e-05,2e-05,0.05,0.8960241328027707,0.042148758343794286,0.03091355464022895,0.030913554213205807,1.6903315718348697e-16,0.5153429408803326,parity_visibility,2.220446049250313e-16,0.030913554213205807,3.897e-16
Type3,16,near_phi_plus_tight,deterministic,0.9999,5e-05,3e-05,2e-05,0.1,0.7970504533854487,0.0809116789600363,0.0610189340063279,0.06101893364818692,1.666305351032807e-16,0.2586998030092946,parity_visibility,3.3306690738754696e-16,0.06101893364818692,1.945e-16
Type3,16,near_phi_plus_tight,deterministic,0.9999,5e-05,3e-05,2e-05,0.15,0.7038871911046108,0.11599521101195781,0.09005879908871794,0.09005879879471312,7.997489154567287e-17,0.1262753007176589,parity_visibility,2.220446049250313e-16,0.09005879879471312,2.784e-17
Type3,16,near_phi_plus_tight,deterministic,0.9999,5e-05,3e-05,2e-05,0.2,0.617532569991846,0.1470908810290367,0.11768827460719253,0.11768827437192463,9.819908470263326e-17,0.05982009894718819,parity_visibility,1.1102230246251565e-16,0.11768827437192463,7.981e-17
Type3,16,near_phi_plus_tight,deterministic,0.9999,5e-05,3e-05,2e-05,0.3,0.46980124883770047,0.1962708062220836,0.1669639725385042,0.16696397240171165,1.7159867011484694e-15,0.01214719791881657,parity_visibility,1.1102230246251565e-16,0.16696397240171165,6.592e-17
Type3,16,asym_large_phi_minus,deterministic,0.6,0.35,0.03,0.02,0.0,0.7441091360066141,0.2532038032244729,0.0018602728400165353,0.0008267879288962363,9.802282417774316e-17,0.48379999999999934,parity_visibility,2.220446049250313e-16,0.0008267879288962363,1.388e-16
Type3,16,asym_large_phi_minus,deterministic,0.6,0.35,0.03,0.02,0.0001,0.7439206332682662,0.2532149293936984,0.0019487509888855338,0.0009156863491495557,6.031276095103013e-17,0.48322300514292466,parity_visibility,3.3306690738754696e-16,0.0009156863491495557,6.106e-16
Type3,16,asym_large_phi_minus,deterministic,0.6,0.35,0.03,0.02,0.001,0.7422256515479145,0.25331473411007005,0.0027444502419948615,0.0017151641000204454,2.020200944417467e-17,0.47805921098280263,parity_visibility,1.1102230246251565e-16,0.0017151641000204454,2.498e-16
Type3,16,asym_large_phi_minus,deterministic,0.6,0.35,0.03,0.02,0.005,0.734726107799166,0.2537511215011782,0.006267674809088864,0.005255095890566758,5.119576831169953e-17,0.4557329345357637,parity_visibility,2.220446049250313e-16,0.005255095890566758,7.494e-16
Type3,16,asym_large_phi_minus,deterministic,0.6,0.35,0.03,0.02,0.01,0.725429552831535,0.25428017046563983,0.01064108506969236,0.009649191633132673,1.0877177717877461e-16,0.4292082897775874,parity_visibility,1.1102230246251565e-16,0.009649191633132673,1.111e-16
Type3,16,asym_large_phi_minus,deterministic,0.6,0.35,0.03,0.02,0.02,0.7070990788187567,0.25528395602256165,0.019284077445442,0.01833288771323944,1.4121558150372608e-16,0.380469687638718,parity_visibility,2.220446049250313e-16,0.01833288771323944,8.423e-17
Type3,16,asym_large_phi_minus,deterministic,0.6,0.35,0.03,0.02,0.05,0.654264540257076,0.25787077699464017,0.04434959796704954,0.043515084781233906,5.256012626178267e-17,0.26370264492680495,parity_visibility,4.440892098500626e-16,0.043515084781233906,1.318e-16
Type3,16,asym_large_phi_minus,deterministic,0.6,0.35,0.03,0.02,0.1,0.5737332797747365,0.2608467336006997,0.08303934757141235,0.08238063905315118,6.570125998252483e-17,0.14065555078469855,parity_visibility,2.220446049250313e-16,0.08238063905315118,1.110e-16
Type3,16,asym_large_phi_minus,deterministic,0.6,0.35,0.03,0.02,0.15,0.5030901030531754,0.2623316055206739,0.11754257571047781,0.11703571571567258,2.138733957187658e-16,0.07324614982150127,parity_visibility,3.3306690738754696e-16,0.11703571571567258,3.124e-17
Type3,16,asym_large_phi_minus,deterministic,0.6,0.35,0.03,0.02,0.2,0.44263839246876946,0.2625759407096995,0.14758237283366973,0.14720329398786114,9.942967795474211e-17,0.037126178342961155,parity_visibility,2.220446049250313e-16,0.14720329398786114,5.552e-17
Type3,16,asym_large_phi_minus,deterministic,0.6,0.35,0.03,0.02,0.3,0.3517746351303795,0.2605024747547967,0.19395752101570188,0.19376536909912168,6.04531887478494e-16,0.008647566769320946,parity_visibility,2.220446049250313e-16,0.19376536909912168,5.551e-17
Type3,16,asym_large_psi_plus,deterministic,0.6,0.02,0.35,0.03,0.0,0.7441091360066142,0.0008267879288963143,0.2532038032244729,0.0018602728400165093,3.215036145849013e-17,0.48379999999999934,parity_visibility,0.0,0.0008267879288963143,6.939e-17
Type3,16,asym_large_psi_plus,deterministic,0.6,0.02,0.35,0.03,0.0001,0.7439143257778917,0.0009342368798091307,0.2531963788630388,0.001955058479260299,2.849069044805536e-17,0.4832230051429248,parity_visibility,1.1102230246251565e-16,0.0009342368798091307,3.333e-16
Type3,16,asym_large_psi_plus,deterministic,0.6,0.02,0.35,0.03,0.001,0.7421627507281272,0.0019001574201320288,0.2531297407899585,0.0028073510617821974,1.6319866622246922e-17,0.47805921098280263,parity_visibility,1.1102230246251565e-16,0.0019001574201320288,2.499e-16
Type3,16,asym_large_psi_plus,deterministic,0.6,0.02,0.35,0.03,0.005,0.7344154648696395,0.006168706668559968,0.2528375107231851,0.006578317738615413,8.980144373584449e-17,0.45573293453576375,parity_visibility,0.0,0.006168706668559968,2.776e-16
Type3,16,asym_large_psi_plus,deterministic,0.6,0.02,0.35,0.03,0.01,0.7248178852123233,0.011448125638529573,0.2524812364602427,0.01125275268890423,5.494290549589611e-17,0.4292082897775874,parity_visibility,2.220446049250313e-16,0.01125275268890423,2.224e-16
Type3,16,asym_large_psi_plus,deterministic,0.6,0.02,0.35,0.03,0.02,0.7059139740605735,0.021818318660524482,0.2517985250752766,0.020469182203624887,1.574737062039222e-16,0.38046968763871813,parity_visibility,4.440892098500626e-16,0.020469182203624887,1.111e-16
Type3,16,asym_large_psi_plus,deterministic,0.6,0.02,0.35,0.03,0.05,0.6515831176258103,0.05140123438719195,0.24998462738868232,0.047031020598315244,6.23860560157411e-17,0.263702644926805,parity_visibility,2.220446049250313e-16,0.047031020598315244,1.528e-16
Type3,16,asym_large_psi_plus,deterministic,0.6,0.02,0.35,0.03,0.1,0.5692650403258651,0.09552187399246079,0.24770549866139036,0.08750758702028362,6.067034320333281e-17,0.14065555078469863,parity_visibility,1.1102230246251565e-16,0.08750758702028362,1.318e-16
Type3,16,asym_large_psi_plus,deterministic,0.6,0.02,0.35,0.03,0.15,0.4976294319914937,0.13309572372754652,0.24627159750880015,0.12300324677215958,2.5188861396102743e-16,0.07324614982150132,parity_visibility,1.1102230246251565e-16,0.12300324677215958,3.472e-17
Type3,16,asym_large_psi_plus,deterministic,0.6,0.02,0.35,0.03,0.2,0.4368527015846161,0.16421919567909327,0.24556003901846718,0.1533680637178232,2.289119968297718e-16,0.037126178342961114,parity_visibility,2.220446049250313e-16,0.1533680637178232,2.776e-17
Type3,16,asym_large_psi_plus,deterministic,0.6,0.02,0.35,0.03,0.3,0.34674711748442966,0.20855145907996775,0.2457163847739505,0.19898503866165188,4.1047899507819756e-16,0.008647566769320908,parity_visibility,2.220446049250313e-16,0.19898503866165188,7.286e-17
Type3,16,asym_large_psi_minus,deterministic,0.6,0.02,0.03,0.35,0.0,0.7441091360066142,0.0008267879288962865,0.001860272840016519,0.2532038032244729,3.215036145849013e-17,0.48379999999999934,parity_visibility,1.1102230246251565e-16,0.0008267879288962865,6.939e-17
Type3,16,asym_large_psi_minus,deterministic,0.6,0.02,0.03,0.35,0.0001,0.7439143257778915,0.0009342368798092924,0.001955058479260222,0.25319637886303875,7.327855466296732e-17,0.4832230051429249,parity_visibility,2.220446049250313e-16,0.0009342368798092924,2.778e-16
Type3,16,asym_large_psi_minus,deterministic,0.6,0.02,0.03,0.35,0.001,0.7421627507281272,0.0019001574201320288,0.00280735106178215,0.2531297407899584,1.5189364752347328e-17,0.4780592109828026,parity_visibility,1.1102230246251565e-16,0.0019001574201320288,2.637e-16
Type3,16,asym_large_psi_minus,deterministic,0.6,0.02,0.03,0.35,0.005,0.7344154648696394,0.006168706668559979,0.00657831773861528,0.25283751072318505,3.5991697818745815e-17,0.4557329345357637,parity_visibility,3.3306690738754696e-16,0.006168706668559979,2.778e-16
Type3,16,asym_large_psi_minus,deterministic,0.6,0.02,0.03,0.35,0.01,0.7248178852123235,0.011448125638529452,0.011252752688904232,0.2524812364602428,7.569803757949404e-17,0.4292082897775874,parity_visibility,0.0,0.011252752688904232,2.220e-16
Type3,16,asym_large_psi_minus,deterministic,0.6,0.02,0.03,0.35,0.02,0.7059139740605739,0.02181831866052435,0.020469182203624835,0.2517985250752767,1.103920505043264e-16,0.380469687638718,parity_visibility,2.220446049250313e-16,0.020469182203624835,1.111e-16
Type3,16,asym_large_psi_minus,deterministic,0.6,0.02,0.03,0.35,0.05,0.6515831176258101,0.051401234387192005,0.04703102059831523,0.24998462738868227,4.5675144867917095e-17,0.26370264492680506,parity_visibility,4.440892098500626e-16,0.04703102059831523,1.527e-16
Type3,16,asym_large_psi_minus,deterministic,0.6,0.02,0.03,0.35,0.1,0.5692650403258651,0.09552187399246076,0.0875075870202836,0.24770549866139036,8.769817609524706e-17,0.14065555078469863,parity_visibility,2.220446049250313e-16,0.0875075870202836,1.318e-16
Type3,16,asym_large_psi_minus,deterministic,0.6,0.02,0.03,0.35,0.15,0.49762943199149373,0.1330957237275465,0.12300324677215951,0.2462715975088002,2.599378597751465e-16,0.07324614982150132,parity_visibility,1.1102230246251565e-16,0.12300324677215951,3.037e-17
Type3,16,asym_large_psi_minus,deterministic,0.6,0.02,0.03,0.35,0.2,0.43685270158461614,0.16421919567909354,0.15336806371782308,0.24556003901846696,4.103466790562568e-16,0.03712617834296114,parity_visibility,2.220446049250313e-16,0.15336806371782308,3.470e-17
Type3,16,asym_large_psi_minus,deterministic,0.6,0.02,0.03,0.35,0.3,0.34674711748442966,0.20855145907996772,0.19898503866165188,0.2457163847739505,4.10481629674659e-16,0.008647566769320908,parity_visibility,2.220446049250313e-16,0.19898503866165188,7.286e-17
Type3,16,asym_dominant_psi_plus,deterministic,0.2,0.1,0.65,0.05,0.0,0.08421052631578944,0.021052631578947354,0.8894736842105263,0.00526315789473675,7.749151084205329e-17,0.4749999999999994,parity_visibility,1.1102230246251565e-16,0.00526315789473675,8.777e-17
Type3,16,asym_dominant_psi_plus,deterministic,0.2,0.1,0.65,0.05,0.0001,0.08426871463978304,0.021136745114661827,0.8892210567986253,0.005373483446929566,1.3879554730056205e-16,0.4744353171381271,parity_visibility,3.3306690738754696e-16,0.005373483446929566,5.553e-16
Type3,16,asym_dominant_psi_plus,deterministic,0.2,0.1,0.65,0.05,0.001,0.08479203145464087,0.021893139778747836,0.8869496561145572,0.006365172652053994,1.3696501475245645e-16,0.4693816133772115,parity_visibility,1.1102230246251565e-16,0.006365172652053994,1.110e-16
Type3,16,asym_dominant_psi_plus,deterministic,0.2,0.1,0.65,0.05,0.005,0.08710960724797831,0.025241181800950124,0.8769035836047325,0.010745627346338799,3.5032844848198774e-17,0.44752930948490843,parity_visibility,2.220446049250313e-16,0.010745627346338799,2.082e-16
Type3,16,asym_dominant_psi_plus,deterministic,0.2,0.1,0.65,0.05,0.01,0.08998738133255862,0.029394508282301165,0.8644591665443724,0.01615894384076763,1.7233759981086593e-16,0.42156332662522056,parity_visibility,2.220446049250313e-16,0.01615894384076763,1.680e-16
Type3,16,asym_dominant_psi_plus,deterministic,0.2,0.1,0.65,0.05,0.02,0.09567771385037811,0.037593857709569994,0.8399512072056834,0.02677722123436841,1.3179353170634205e-16,0.37383763855373897,parity_visibility,0.0,0.02677722123436841,1.388e-16
Type3,16,asym_dominant_psi_plus,deterministic,0.2,0.1,0.65,0.05,0.05,0.11220399484526777,0.06130486292906054,0.7695394945262864,0.05695164769938494,9.755610427335671e-17,0.2594111051105883,parity_visibility,2.220446049250313e-16,0.05695164769938494,8.329e-17
Type3,16,asym_dominant_psi_plus,deterministic,0.2,0.1,0.65,0.05,0.1,0.13778577513847937,0.09768937717307244,0.6629372096020723,0.10158763808637573,5.918290031596404e-17,0.13864239304866205,parity_visibility,2.220446049250313e-16,0.09768937717307244,8.335e-17
Type3,16,asym_dominant_psi_plus,deterministic,0.2,0.1,0.65,0.05,0.15,0.16068117640661678,0.12988938931231983,0.57025722680061,0.13917220748045322,2.2075284114991385e-17,0.0723417767296295,parity_visibility,2.220446049250313e-16,0.12988938931231983,5.207e-17
Type3,16,asym_dominant_psi_plus,deterministic,0.2,0.1,0.65,0.05,0.2,0.1806878653261632,0.15770353051204122,0.49169464577975197,0.16991395838204343,3.523552937532005e-16,0.036739150249983976,parity_visibility,2.220446049250313e-16,0.15770353051204122,2.429e-17
Type3,16,asym_dominant_psi_plus,deterministic,0.2,0.1,0.65,0.05,0.3,0.2117517021766491,0.20014246272891084,0.3753175936813879,0.21278824141305205,6.063273252766127e-16,0.008587883138910204,parity_visibility,1.1102230246251565e-16,0.20014246272891084,3.316e-17
Type3,16,strongly_mixed_uniform,deterministic,0.25,0.25,0.25,0.25,0.0,0.24999999999999994,0.24999999999999994,0.24999999999999994,0.24999999999999994,5.5927857926893454e-18,0.2499999999999996,parity_visibility,2.220446049250313e-16,0.24999999999999994,1.388e-17
Type3,16,strongly_mixed_uniform,deterministic,0.25,0.25,0.25,0.25,0.0001,0.24999999999999997,0.24999999999999997,0.24999999999999994,0.24999999999999994,4.1788945556486755e-17,0.24975011247000492,parity_visibility,2.220446049250313e-16,0.24999999999999994,1.735e-16
Type3,16,strongly_mixed_uniform,deterministic,0.25,0.25,0.25,0.25,0.001,0.25,0.25,0.24999999999999994,0.24999999999999994,1.1692625252129177e-16,0.24751122005243667,parity_visibility,0.0,0.24999999999999994,8.327e-17
Type3,16,strongly_mixed_uniform,deterministic,0.25,0.25,0.25,0.25,0.005,0.24999999999999997,0.24999999999999997,0.2499999999999999,0.2499999999999999,6.954452117211567e-17,0.23777753261644258,parity_visibility,3.3306690738754696e-16,0.2499999999999999,2.498e-16
Type3,16,strongly_mixed_uniform,deterministic,0.25,0.25,0.25,0.25,0.01,0.24999999999999992,0.24999999999999992,0.24999999999999992,0.24999999999999992,1.403336994085784e-17,0.22609551875220085,parity_visibility,3.3306690738754696e-16,0.24999999999999992,3.469e-17
Type3,16,strongly_mixed_uniform,deterministic,0.25,0.25,0.25,0.25,0.02,0.24999999999999997,0.24999999999999997,0.24999999999999992,0.24999999999999992,1.2842298837275723e-16,0.2042682017218864,parity_visibility,2.220446049250313e-16,0.24999999999999992,1.874e-16
Type3,16,strongly_mixed_uniform,deterministic,0.25,0.25,0.25,0.25,0.05,0.2499999999999999,0.2499999999999999,0.25,0.25,6.11754099584156e-17,0.14968423480959434,parity_visibility,2.220446049250313e-16,0.2499999999999999,6.245e-17
Type3,16,strongly_mixed_uniform,deterministic,0.25,0.25,0.25,0.25,0.1,0.24999999999999992,0.24999999999999992,0.24999999999999992,0.24999999999999992,4.032864241623444e-18,0.087169610025,parity_visibility,3.3306690738754696e-16,0.24999999999999992,3.817e-17
Type3,16,strongly_mixed_uniform,deterministic,0.25,0.25,0.25,0.25,0.15,0.24999999999999994,0.24999999999999994,0.24999999999999986,0.24999999999999986,2.506311782503147e-16,0.049218601085180544,parity_visibility,3.3306690738754696e-16,0.24999999999999986,1.735e-17
Type3,16,strongly_mixed_uniform,deterministic,0.25,0.25,0.25,0.25,0.2,0.24999999999999967,0.24999999999999967,0.2500000000000002,0.2500000000000002,5.731872979697678e-16,0.026843545600000056,parity_visibility,2.220446049250313e-16,0.24999999999999967,6.245e-17
Type3,16,strongly_mixed_uniform,deterministic,0.25,0.25,0.25,0.25,0.3,0.25000000000000017,0.25000000000000017,0.24999999999999972,0.24999999999999972,4.729868653086712e-16,0.007061881225000004,parity_visibility,2.220446049250313e-16,0.24999999999999972,3.123e-17
Type3,16,strongly_mixed_tilted,deterministic,0.3,0.25,0.25,0.2,0.0,0.3529411764705881,0.24509803921568618,0.24509803921568624,0.15686274509803919,5.898809529276348e-17,0.25499999999999967,parity_visibility,3.3306690738754696e-16,0.15686274509803919,4.163e-17
Type3,16,strongly_mixed_tilted,deterministic,0.3,0.25,0.25,0.2,0.0001,0.3528826837609501,0.2451033910130917,0.24509849146437565,0.15691543376158237,1.136700160140568e-16,0.25474311701818547,parity_visibility,2.220446049250313e-16,0.15691543376158237,2.914e-16
Type3,16,strongly_mixed_tilted,deterministic,0.3,0.25,0.25,0.2,0.001,0.3523574749751098,0.24515138533524297,0.24510260651567806,0.1573885331739689,4.423691725069711e-17,0.2524416732374316,parity_visibility,2.220446049250313e-16,0.1573885331739689,1.804e-16
Type3,16,strongly_mixed_tilted,deterministic,0.3,0.25,0.25,0.2,0.005,0.3500497454163973,0.24536098216759528,0.24512185753705892,0.15946741487894822,6.118144051597627e-17,0.24243868321351952,parity_visibility,2.220446049250313e-16,0.15946741487894822,1.527e-16
Type3,16,strongly_mixed_tilted,deterministic,0.3,0.25,0.25,0.2,0.01,0.34722527889993177,0.2456145987444368,0.24514806669597264,0.16201205565965862,1.307733203130969e-16,0.2304392478160455,parity_visibility,1.1102230246251565e-16,0.16201205565965862,8.330e-17
Type3,16,strongly_mixed_tilted,deterministic,0.3,0.25,0.25,0.2,0.02,0.34177245066004014,0.24609478933361528,0.24520724145489142,0.16692551855145293,1.827256876243036e-17,0.20803641142926077,parity_visibility,2.220446049250313e-16,0.16692551855145293,1.665e-16
Type3,16,strongly_mixed_tilted,deterministic,0.3,0.25,0.25,0.2,0.05,0.32689917747405045,0.2473351770182259,0.24543173203124444,0.1803339134764789,1.2902113778155902e-16,0.15212260970517205,parity_visibility,3.3306690738754696e-16,0.1803339134764789,1.249e-16
Type3,16,strongly_mixed_tilted,deterministic,0.3,0.25,0.25,0.2,0.1,0.3065356689520117,0.2488343161040822,0.2459201063642878,0.19870990857961818,2.4871976805931024e-16,0.08831344964774793,parity_visibility,2.220446049250313e-16,0.19870990857961818,4.163e-17
Type3,16,strongly_mixed_tilted,deterministic,0.3,0.25,0.25,0.2,0.15,0.29083823775555245,0.24978043958195958,0.24648703331135008,0.21289428935113774,1.1312411916207983e-16,0.049732449432835016,parity_visibility,1.1102230246251565e-16,0.21289428935113774,3.470e-17
Type3,16,strongly_mixed_tilted,deterministic,0.3,0.25,0.25,0.2,0.2,0.27892655367231645,0.25032501745699237,0.247074842887069,0.22367358598362203,1.3811583604370146e-16,0.027063447925555168,parity_visibility,0.0,0.22367358598362203,5.898e-17
Type3,16,strongly_mixed_tilted,deterministic,0.3,0.25,0.25,0.2,0.3,0.26354860957681275,0.25066906713959636,0.24816006536611115,0.23762225791747957,9.903354824412855e-16,0.007095792378642468,parity_visibility,2.220446049250313e-16,0.23762225791747957,3.816e-17
Type3,16,boundary_pure_phi_plus,deterministic,1.0,0.0,0.0,0.0,0.0,0.9999999999999998,0.0,2.273525057900917e-33,2.221197325807621e-33,2.2371143170757382e-17,0.9999999999999987,parity_visibility,2.220446049250313e-16,0.0,1.110e-16
Type3,16,boundary_pure_phi_plus,deterministic,1.0,0.0,0.0,0.0,0.0001,0.9997875087506874,8.749374968749662e-05,6.249874981249798e-05,6.249874981247312e-05,6.115312045645818e-17,0.998700794697079,parity_visibility,1.1102230246251565e-16,6.249874981247312e-05,9.443e-16
Type3,16,boundary_pure_phi_plus,deterministic,1.0,0.0,0.0,0.0,0.001,0.9978758756886882,0.0008743746871875121,0.0006248748120620146,0.0006248748120620269,4.723295170327168e-17,0.9870791978016862,parity_visibility,2.220446049250313e-16,0.0006248748120620146,8.884e-16
Type3,16,boundary_pure_phi_plus,deterministic,1.0,0.0,0.0,0.0,0.005,0.9893969616822126,0.004359335742394533,0.0031218512876963252,0.003121851287696329,8.106218263233388e-17,0.936950122177995,parity_visibility,1.1102230246251565e-16,0.0031218512876963252,6.663e-16
Type3,16,boundary_pure_phi_plus,deterministic,1.0,0.0,0.0,0.0,0.01,0.978838199455342,0.008687184382012764,0.006237308081322533,0.006237308081322672,8.047418707180951e-17,0.8776548783289331,parity_visibility,0.0,0.006237308081322533,1.347e-16
Type3,16,boundary_pure_phi_plus,deterministic,1.0,0.0,0.0,0.0,0.02,0.9578556925397511,0.017247450249641128,0.012448428605303772,0.01244842860530378,9.160403834348131e-17,0.7694996578280617,parity_visibility,1.1102230246251565e-16,0.012448428605303772,1.666e-16
Type3,16,boundary_pure_phi_plus,deterministic,1.0,0.0,0.0,0.0,0.05,0.8960310969157639,0.04214651664449322,0.03091119321987126,0.03091119321987145,2.5644418212747743e-17,0.5154404691462409,parity_visibility,2.220446049250313e-16,0.03091119321987126,3.333e-16
Type3,16,boundary_pure_phi_plus,deterministic,1.0,0.0,0.0,0.0,0.1,0.7970631337802782,0.08090775864973203,0.06101455378499477,0.0610145537849948,8.391538826833957e-17,0.2587455534372072,parity_visibility,3.3306690738754696e-16,0.06101455378499477,1.527e-16
Type3,16,boundary_pure_phi_plus,deterministic,1.0,0.0,0.0,0.0,0.15,0.703904105460063,0.11599021648321935,0.09005283902835869,0.09005283902835876,7.014722775988919e-17,0.12629585323334375,parity_visibility,2.220446049250313e-16,0.09005283902835869,4.164e-17
Type3,16,boundary_pure_phi_plus,deterministic,1.0,0.0,0.0,0.0,0.2,0.6175520459440053,0.14708542713567826,0.11768126346015813,0.11768126346015813,3.1185283020373187e-16,0.05982889443327997,parity_visibility,1.1102230246251565e-16,0.11768126346015813,7.287e-17
Type3,16,boundary_pure_phi_plus,deterministic,1.0,0.0,0.0,0.0,0.3,0.46982067081323015,0.19626605824565393,0.16695663547055783,0.1669566354705578,4.379543212740928e-16,0.012148554271367427,parity_visibility,2.220446049250313e-16,0.1669566354705578,2.776e-17
Type3,16,boundary_pure_phi_minus,deterministic,0.0,1.0,0.0,0.0,0.0,0.0,0.9999999999999998,2.221197325807621e-33,2.273525057900917e-33,2.2371143170757382e-17,0.9999999999999987,parity_visibility,2.220446049250313e-16,0.0,1.110e-16
Type3,16,boundary_pure_phi_minus,deterministic,0.0,1.0,0.0,0.0,0.0001,8.749374968749662e-05,0.9997875087506874,6.249874981247312e-05,6.249874981249798e-05,6.115312045645818e-17,0.998700794697079,parity_visibility,1.1102230246251565e-16,6.249874981247312e-05,9.998e-16
Type3,16,boundary_pure_phi_minus,deterministic,0.0,1.0,0.0,0.0,0.001,0.0008743746871875121,0.9978758756886882,0.0006248748120620269,0.0006248748120620146,4.723295170327168e-17,0.9870791978016862,parity_visibility,2.220446049250313e-16,0.0006248748120620146,8.884e-16
Type3,16,boundary_pure_phi_minus,deterministic,0.0,1.0,0.0,0.0,0.005,0.004359335742394533,0.9893969616822126,0.003121851287696329,0.0031218512876963252,8.106218263233388e-17,0.936950122177995,parity_visibility,1.1102230246251565e-16,0.0031218512876963252,6.663e-16
Type3,16,boundary_pure_phi_minus,deterministic,0.0,1.0,0.0,0.0,0.01,0.008687184382012764,0.978838199455342,0.006237308081322672,0.006237308081322533,8.047418707180951e-17,0.8776548783289331,parity_visibility,0.0,0.006237308081322533,1.347e-16
Type3,16,boundary_pure_phi_minus,deterministic,0.0,1.0,0.0,0.0,0.02,0.017247450249641128,0.9578556925397511,0.01244842860530378,0.012448428605303772,9.160403834348131e-17,0.7694996578280617,parity_visibility,1.1102230246251565e-16,0.012448428605303772,1.666e-16
Type3,16,boundary_pure_phi_minus,deterministic,0.0,1.0,0.0,0.0,0.05,0.04214651664449322,0.8960310969157639,0.03091119321987145,0.03091119321987126,2.5644418212747743e-17,0.5154404691462409,parity_visibility,2.220446049250313e-16,0.03091119321987126,3.611e-16
Type3,16,boundary_pure_phi_minus,deterministic,0.0,1.0,0.0,0.0,0.1,0.08090775864973203,0.7970631337802782,0.0610145537849948,0.06101455378499477,8.391538826833957e-17,0.2587455534372072,parity_visibility,3.3306690738754696e-16,0.06101455378499477,1.527e-16
Type3,16,boundary_pure_phi_minus,deterministic,0.0,1.0,0.0,0.0,0.15,0.11599021648321935,0.703904105460063,0.09005283902835876,0.09005283902835869,7.014722775988919e-17,0.12629585323334375,parity_visibility,1.1102230246251565e-16,0.09005283902835869,4.164e-17
Type3,16,boundary_pure_phi_minus,deterministic,0.0,1.0,0.0,0.0,0.2,0.14708542713567826,0.6175520459440053,0.11768126346015813,0.11768126346015813,3.1185283020373187e-16,0.05982889443327997,parity_visibility,1.1102230246251565e-16,0.11768126346015813,7.287e-17
Type3,16,boundary_pure_phi_minus,deterministic,0.0,1.0,0.0,0.0,0.3,0.19626605824565393,0.46982067081323015,0.1669566354705578,0.16695663547055783,4.379543212740928e-16,0.012148554271367427,parity_visibility,2.220446049250313e-16,0.1669566354705578,2.776e-17
Type3,16,boundary_pure_psi_plus,deterministic,0.0,0.0,1.0,0.0,0.0,2.273525057900917e-33,2.221197325807621e-33,0.9999999999999998,0.0,2.2371143170757382e-17,0.9999999999999987,parity_visibility,2.220446049250313e-16,0.0,1.110e-16
Type3,16,boundary_pure_psi_plus,deterministic,0.0,0.0,1.0,0.0,0.0001,6.249874981249277e-05,6.249874981246792e-05,0.9997875087506874,8.749374968749662e-05,6.115311907325508e-17,0.9987007946970791,parity_visibility,1.1102230246251565e-16,6.249874981246792e-05,9.998e-16
Type3,16,boundary_pure_psi_plus,deterministic,0.0,0.0,1.0,0.0,0.001,0.0006248748120620149,0.0006248748120620272,0.9978758756886884,0.0008743746871874844,8.500201694374948e-17,0.9870791978016861,parity_visibility,1.1102230246251565e-16,0.0006248748120620149,1.055e-15
Type3,16,boundary_pure_psi_plus,deterministic,0.0,0.0,1.0,0.0,0.005,0.003121851287696328,0.0031218512876963317,0.9893969616822126,0.0043593357423945215,5.311806755717035e-17,0.936950122177995,parity_visibility,2.220446049250313e-16,0.003121851287696328,6.664e-16
Type3,16,boundary_pure_psi_plus,deterministic,0.0,0.0,1.0,0.0,0.01,0.0062373080813225255,0.006237308081322664,0.978838199455342,0.008687184382012724,2.5093107529258977e-17,0.8776548783289331,parity_visibility,0.0,0.0062373080813225255,1.263e-16
Type3,16,boundary_pure_psi_plus,deterministic,0.0,0.0,1.0,0.0,0.02,0.01244842860530378,0.012448428605303789,0.9578556925397511,0.017247450249641128,9.160403834348131e-17,0.7694996578280617,parity_visibility,2.220446049250313e-16,0.01244842860530378,1.666e-16
Type3,16,boundary_pure_psi_plus,deterministic,0.0,0.0,1.0,0.0,0.05,0.03091119321987126,0.030911193219871444,0.8960310969157639,0.042146516644493134,7.105458889704428e-17,0.5154404691462408,parity_visibility,3.3306690738754696e-16,0.03091119321987126,4.166e-16
Type3,16,boundary_pure_psi_plus,deterministic,0.0,0.0,1.0,0.0,0.1,0.06101455378499478,0.061014553784994804,0.7970631337802782,0.0809077586497321,8.396527210715791e-17,0.2587455534372072,parity_visibility,1.1102230246251565e-16,0.06101455378499478,1.250e-16
Type3,16,boundary_pure_psi_plus,deterministic,0.0,0.0,1.0,0.0,0.15,0.09005283902835859,0.09005283902835867,0.7039041054600633,0.11599021648321933,3.936596797378837e-17,0.12629585323334366,parity_visibility,0.0,0.09005283902835859,2.846e-17
Type3,16,boundary_pure_psi_plus,deterministic,0.0,0.0,1.0,0.0,0.2,0.11768126346015796,0.11768126346015796,0.6175520459440055,0.14708542713567843,3.253286889250506e-17,0.05982889443327997,parity_visibility,2.220446049250313e-16,0.11768126346015796,4.858e-17
Type3,16,boundary_pure_psi_plus,deterministic,0.0,0.0,1.0,0.0,0.3,0.1669566354705573,0.1669566354705573,0.46982067081323015,0.196266058245655,1.1436828978210454e-15,0.012148554271367476,parity_visibility,2.220446049250313e-16,0.1669566354705573,2.327e-17
Type3,16,boundary_pure_psi_minus,deterministic,0.0,0.0,0.0,1.0,0.0,2.221197325807621e-33,2.273525057900917e-33,0.0,0.9999999999999998,2.2371143170757382e-17,0.9999999999999987,parity_visibility,2.220446049250313e-16,0.0,1.110e-16
Type3,16,boundary_pure_psi_minus,deterministic,0.0,0.0,0.0,1.0,0.0001,6.249874981246792e-05,6.249874981249277e-05,8.749374968749662e-05,0.9997875087506874,6.115311907325508e-17,0.9987007946970791,parity_visibility,1.1102230246251565e-16,6.249874981246792e-05,9.443e-16
Type3,16,boundary_pure_psi_minus,deterministic,0.0,0.0,0.0,1.0,0.001,0.0006248748120620272,0.0006248748120620149,0.0008743746871874844,0.9978758756886884,8.500201694374948e-17,0.9870791978016861,parity_visibility,1.1102230246251565e-16,0.0006248748120620149,1.055e-15
Type3,16,boundary_pure_psi_minus,deterministic,0.0,0.0,0.0,1.0,0.005,0.0031218512876963317,0.003121851287696328,0.0043593357423945215,0.9893969616822126,5.311806755717035e-17,0.936950122177995,parity_visibility,2.220446049250313e-16,0.003121851287696328,6.664e-16
Type3,16,boundary_pure_psi_minus,deterministic,0.0,0.0,0.0,1.0,0.01,0.006237308081322664,0.0062373080813225255,0.008687184382012724,0.978838199455342,2.5093107529258977e-17,0.8776548783289331,parity_visibility,1.1102230246251565e-16,0.0062373080813225255,1.263e-16
Type3,16,boundary_pure_psi_minus,deterministic,0.0,0.0,0.0,1.0,0.02,0.012448428605303789,0.01244842860530378,0.017247450249641128,0.9578556925397511,9.160403834348131e-17,0.7694996578280617,parity_visibility,2.220446049250313e-16,0.01244842860530378,1.666e-16
Type3,16,boundary_pure_psi_minus,deterministic,0.0,0.0,0.0,1.0,0.05,0.030911193219871444,0.03091119321987126,0.042146516644493134,0.8960310969157639,7.105458889704428e-17,0.5154404691462408,parity_visibility,2.220446049250313e-16,0.03091119321987126,3.611e-16
Type3,16,boundary_pure_psi_minus,deterministic,0.0,0.0,0.0,1.0,0.1,0.061014553784994804,0.06101455378499478,0.0809077586497321,0.7970631337802782,8.396527210715791e-17,0.2587455534372072,parity_visibility,2.220446049250313e-16,0.06101455378499478,1.250e-16
Type3,16,boundary_pure_psi_minus,deterministic,0.0,0.0,0.0,1.0,0.15,0.09005283902835867,0.09005283902835859,0.11599021648321933,0.7039041054600633,3.936596797378837e-17,0.12629585323334366,parity_visibility,1.1102230246251565e-16,0.09005283902835859,2.846e-17
Type3,16,boundary_pure_psi_minus,deterministic,0.0,0.0,0.0,1.0,0.2,0.11768126346015796,0.11768126346015796,0.14708542713567843,0.6175520459440055,3.253286889250506e-17,0.05982889443327997,parity_visibility,2.220446049250313e-16,0.11768126346015796,4.858e-17
Type3,16,boundary_pure_psi_minus,deterministic,0.0,0.0,0.0,1.0,0.3,0.1669566354705573,0.1669566354705573,0.196266058245655,0.46982067081323015,1.1436828978210454e-15,0.012148554271367476,parity_visibility,2.220446049250313e-16,0.1669566354705573,2.112e-17
Type3,16,boundary_edge_phi,deterministic,0.5,0.5,0.0,0.0,0.0,0.4999999999999999,0.4999999999999999,2.24736119185427e-33,2.24736119185427e-33,1.1185571585378691e-17,0.49999999999999933,parity_visibility,2.220446049250313e-16,2.24736119185427e-33,2.776e-17
Type3,16,boundary_edge_phi,deterministic,0.5,0.5,0.0,0.0,0.0001,0.4999125062506249,0.4999125062506249,8.749374937504049e-05,8.749374937504049e-05,3.0934285299776693e-17,0.49940033987902965,parity_visibility,2.220446049250313e-16,8.749374937504049e-05,3.331e-16
Type3,16,boundary_edge_phi,deterministic,0.5,0.5,0.0,0.0,0.001,0.4991256256249989,0.4991256256249989,0.0008743743750009865,0.0008743743750009865,2.737228320065521e-17,0.49403387930218634,parity_visibility,1.1102230246251565e-16,0.0008743743750009865,3.608e-16
Type3,16,boundary_edge_phi,deterministic,0.5,0.5,0.0,0.0,0.005,0.4956407031216631,0.4956407031216631,0.004359296878336794,0.004359296878336794,9.112064078699634e-17,0.4708350624702935,parity_visibility,2.220446049250313e-16,0.004359296878336794,5.552e-16
Type3,16,boundary_edge_phi,deterministic,0.5,0.5,0.0,0.0,0.01,0.4913131248926951,0.4913131248926951,0.008686875107304828,0.008686875107304828,9.723293578604426e-18,0.4432819719444448,parity_visibility,2.220446049250313e-16,0.008686875107304828,4.944e-17
Type3,16,boundary_edge_phi,deterministic,0.5,0.5,0.0,0.0,0.02,0.4827549965330262,0.4827549965330262,0.017245003466973784,0.017245003466973784,2.8273661056182504e-17,0.39267868709061154,parity_visibility,0.0,0.017245003466973784,7.286e-17
Type3,16,boundary_edge_phi,deterministic,0.5,0.5,0.0,0.0,0.05,0.45789027705539725,0.45789027705539725,0.04210972294460261,0.04210972294460261,2.0223498391334227e-17,0.27160297958847635,parity_visibility,3.3306690738754696e-16,0.04210972294460261,1.145e-16
Type3,16,boundary_edge_phi,deterministic,0.5,0.5,0.0,0.0,0.1,0.4193634140450455,0.4193634140450455,0.08063658595495439,0.08063658595495439,8.856005376040126e-17,0.14436159116240238,parity_visibility,2.220446049250313e-16,0.08063658595495439,6.939e-17
Type3,16,boundary_edge_phi,deterministic,0.5,0.5,0.0,0.0,0.15,0.3848310540980036,0.3848310540980036,0.11516894590199624,0.11516894590199624,1.2012500876615484e-16,0.07491101846790163,parity_visibility,3.3306690738754696e-16,0.11516894590199624,4.165e-17
Type3,16,boundary_edge_phi,deterministic,0.5,0.5,0.0,0.0,0.2,0.3546083995459704,0.3546083995459704,0.1453916004540294,0.1453916004540294,1.3426176315993184e-16,0.03783866187775997,parity_visibility,3.3306690738754696e-16,0.1453916004540294,5.551e-17
Type3,16,boundary_edge_phi,deterministic,0.5,0.5,0.0,0.0,0.3,0.30759999193613546,0.30759999193613546,0.1924000080638645,0.1924000080638645,9.776742716409725e-16,0.008757438907122453,parity_visibility,1.1102230246251565e-16,0.1924000080638645,4.510e-17
Type3,16,boundary_edge_phiplus_psiplus,deterministic,0.5,0.0,0.5,0.0,0.0,0.49999999999999983,1.9626155733547187e-17,0.49999999999999983,1.4944802187087746e-34,2.806673988171568e-17,0.49999999999999933,parity_visibility,3.3306690738754696e-16,1.4944802187087746e-34,1.963e-17
Type3,16,boundary_edge_phiplus_psiplus,deterministic,0.5,0.0,0.5,0.0,0.0001,0.49990001000049983,9.998999950003255e-05,0.49990001000049983,9.99899995000498e-05,1.2272056295436011e-16,0.49940033987902954,parity_visibility,3.3306690738754696e-16,9.998999950003255e-05,3.747e-16
Type3,16,boundary_edge_phiplus_psiplus,deterministic,0.5,0.0,0.5,0.0,0.001,0.4990010004996237,0.0009989995003762244,0.49900100049962365,0.0009989995003762441,3.945690471849673e-17,0.49403387930218645,parity_visibility,1.1102230246251565e-16,0.0009989995003762244,8.867e-17
Type3,16,boundary_edge_phiplus_psiplus,deterministic,0.5,0.0,0.5,0.0,0.005,0.495025062261709,0.0049749377382908655,0.49502506226170906,0.004974937738290871,7.562128197876708e-17,0.4708350624702934,parity_visibility,2.220446049250313e-16,0.0049749377382908655,3.469e-16
Type3,16,boundary_edge_phiplus_psiplus,deterministic,0.5,0.0,0.5,0.0,0.01,0.4901004961243901,0.009899503875609821,0.49010049612439005,0.009899503875609854,1.1763658815490724e-16,0.44328197194444485,parity_visibility,1.1102230246251565e-16,0.009899503875609821,4.172e-17
Type3,16,boundary_edge_phiplus_psiplus,deterministic,0.5,0.0,0.5,0.0,0.02,0.48040393596198533,0.01959606403801443,0.4804039359619854,0.019596064038014508,3.316850410511204e-17,0.3926786870906115,parity_visibility,3.3306690738754696e-16,0.01959606403801443,4.167e-17
Type3,16,boundary_edge_phiplus_psiplus,deterministic,0.5,0.0,0.5,0.0,0.05,0.4525597571308999,0.04744024286910008,0.45255975713089985,0.047440242869100015,4.794447517585266e-17,0.27160297958847657,parity_visibility,1.1102230246251565e-16,0.047440242869100015,1.389e-16
Type3,16,boundary_edge_phiplus_psiplus,deterministic,0.5,0.0,0.5,0.0,0.1,0.41044955014793777,0.0895504498520621,0.4104495501479378,0.08955044985206206,6.623189795469077e-17,0.14436159116240235,parity_visibility,2.220446049250313e-16,0.08955044985206206,8.327e-17
Type3,16,boundary_edge_phiplus_psiplus,deterministic,0.5,0.0,0.5,0.0,0.15,0.3738988064684358,0.12610119353156385,0.37389880646843615,0.1261011935315641,1.8341660264181195e-16,0.07491101846790157,parity_visibility,0.0,0.12610119353156385,5.551e-17
Type3,16,boundary_edge_phiplus_psiplus,deterministic,0.5,0.0,0.5,0.0,0.2,0.3429852440408628,0.15701475595913725,0.3429852440408627,0.15701475595913722,3.8640255681825034e-16,0.037838661877759916,parity_visibility,0.0,0.15701475595913722,5.551e-17
Type3,16,boundary_edge_phiplus_psiplus,deterministic,0.5,0.0,0.5,0.0,0.3,0.29743528747681647,0.20256471252318387,0.2974352874768161,0.20256471252318345,4.1476469371587965e-16,0.008757438907122488,parity_visibility,1.1102230246251565e-16,0.20256471252318345,4.510e-17
Type3,16,boundary_face_three,deterministic,0.34,0.33,0.33,0.0,0.0,0.3467306538692261,0.3266346730653868,0.3266346730653869,-8.038207535483817e-35,4.3955553488493266e-17,0.3333999999999996,parity_visibility,2.220446049250313e-16,-8.038207535483817e-35,6.939e-17
Type3,16,boundary_face_three,deterministic,0.34,0.33,0.33,0.0,0.0001,0.34668663496357,0.3266006992371796,0.3265920344372297,0.00012063136202038266,3.835476054007734e-17,0.3330334283336555,parity_visibility,4.440892098500626e-16,0.00012063136202038266,1.943e-16
Type3,16,boundary_face_three,deterministic,0.34,0.33,0.33,0.0,0.001,0.3462910484153104,0.32629536477106025,0.3262090283962798,0.001204558417349266,7.512199172305336e-17,0.32975117917815316,parity_visibility,4.440892098500626e-16,0.001204558417349266,1.388e-16
Type3,16,boundary_face_three,deterministic,0.34,0.33,0.33,0.0,0.005,0.3445455859594342,0.32494768325744827,0.32452288809650354,0.00598384268661391,5.444255474816735e-17,0.3155255245756873,parity_visibility,1.1102230246251565e-16,0.00598384268661391,1.394e-16
Type3,16,boundary_face_three,deterministic,0.34,0.33,0.33,0.0,0.01,0.3423928701293607,0.3232845542286358,0.3224520043574901,0.011870571284513187,4.7676769207403427e-17,0.2985489195371334,parity_visibility,2.220446049250313e-16,0.011870571284513187,1.665e-16
Type3,16,boundary_face_three,deterministic,0.34,0.33,0.33,0.0,0.02,0.33818415661192036,0.3200297334503894,0.31843161334874986,0.023354496588940198,5.2829513198414516e-17,0.26712193964089304,parity_visibility,1.1102230246251565e-16,0.023354496588940198,8.333e-17
Type3,16,boundary_face_three,deterministic,0.34,0.33,0.33,0.0,0.05,0.3263242973074832,0.3108330934694051,0.30731623729563856,0.055526371927472944,9.186760295292357e-17,0.19035632806782957,parity_visibility,3.3306690738754696e-16,0.055526371927472944,1.388e-16
Type3,16,boundary_face_three,deterministic,0.34,0.33,0.33,0.0,0.1,0.3090453685257428,0.29736031528615536,0.2917600161381606,0.10183430004994105,1.3123326938366556e-16,0.10624885493243735,parity_visibility,1.1102230246251565e-16,0.10183430004994105,3.491e-17
Type3,16,boundary_face_three,deterministic,0.34,0.33,0.33,0.0,0.15,0.2947128580228741,0.2861043480012288,0.27955160156684206,0.13963119240905486,2.0222892481445945e-16,0.057789591524056265,parity_visibility,1.1102230246251565e-16,0.13963119240905486,3.816e-17
Type3,16,boundary_face_three,deterministic,0.34,0.33,0.33,0.0,0.2,0.2830838894506989,0.27690300247071464,0.27023779225722505,0.16977531582136132,1.8979349957394378e-16,0.030511516390260753,parity_visibility,2.220446049250313e-16,0.16977531582136132,9.714e-17
Type3,16,boundary_face_three,deterministic,0.34,0.33,0.33,0.0,0.3,0.26674946673325756,0.26383029174332884,0.25843386377687333,0.21098637774653997,7.047081230765723e-16,0.00762751926775606,parity_visibility,4.440892098500626e-16,0.21098637774653997,2.925e-17
Type3,16,boundary_rank2_asym,deterministic,0.7,0.3,0.0,0.0,0.0,0.8448275862068965,0.1551724137931034,2.2654052374036806e-33,2.2293171463048553e-33,7.87834110365898e-17,0.5799999999999992,parity_visibility,1.1102230246251565e-16,2.2293171463048553e-33,5.594e-17
Type3,16,boundary_rank2_asym,deterministic,0.7,0.3,0.0,0.0,0.0001,0.8446185793079843,0.15522022253916304,8.059907642623606e-05,8.059907642614664e-05,7.307858942131208e-18,0.5792884126499176,parity_visibility,3.3306690738754696e-16,8.059907642614664e-05,6.661e-16
Type3,16,boundary_rank2_asym,deterministic,0.7,0.3,0.0,0.0,0.001,0.8427388772528704,0.1556499291699728,0.0008055967885783118,0.0008055967885782122,3.959516215515395e-17,0.5729211302621062,parity_visibility,3.3306690738754696e-16,0.0008055967885782122,6.661e-16
Type3,16,boundary_rank2_asym,deterministic,0.7,0.3,0.0,0.0,0.005,0.8344143899484735,0.15754726339944308,0.004019173326041678,0.004019173326041628,7.07043916383586e-17,0.5454134720235257,parity_visibility,2.220446049250313e-16,0.004019173326041628,4.997e-16
Type3,16,boundary_rank2_asym,deterministic,0.7,0.3,0.0,0.0,0.01,0.8240776426328742,0.1598902305150794,0.008016063426023099,0.008016063426023116,1.927936117433958e-17,0.512781636965963,parity_visibility,2.220446049250313e-16,0.008016063426023099,1.667e-16
Type3,16,boundary_rank2_asym,deterministic,0.7,0.3,0.0,0.0,0.02,0.8036373608059231,0.16448010727648163,0.015941265958797513,0.01594126595879758,9.876999024911106e-17,0.4529700424086037,parity_visibility,2.220446049250313e-16,0.015941265958797513,5.567e-17
Type3,16,boundary_rank2_asym,deterministic,0.7,0.3,0.0,0.0,0.05,0.7442522215732054,0.17747487205131007,0.0391364531877421,0.03913645318774209,3.28713702131965e-17,0.3106169779177188,parity_visibility,4.440892098500626e-16,0.03913645318774209,8.669e-17
Type3,16,boundary_rank2_asym,deterministic,0.7,0.3,0.0,0.0,0.1,0.6521928595773321,0.19652195651568116,0.07564259195349335,0.07564259195349328,1.4251332164508493e-16,0.1626630251263711,parity_visibility,1.1102230246251565e-16,0.07564259195349328,1.249e-16
Type3,16,boundary_rank2_asym,deterministic,0.7,0.3,0.0,0.0,0.15,0.5695690310541749,0.21230320102238054,0.10906388396172223,0.1090638839617222,5.230334394746944e-17,0.08313259203037235,parity_visibility,2.220446049250313e-16,0.1090638839617222,4.858e-17
Type3,16,boundary_rank2_asym,deterministic,0.7,0.3,0.0,0.0,0.2,0.49714161093341086,0.22490300336476557,0.13897769285091177,0.13897769285091172,8.492357145832148e-17,0.04135709908664318,parity_visibility,0.0,0.13897769285091172,6.592e-17
Type3,16,boundary_rank2_asym,deterministic,0.7,0.3,0.0,0.0,0.3,0.38438636922787356,0.24144930034352655,0.18708216521429982,0.18708216521429982,1.868032182337627e-15,0.009300017365401626,parity_visibility,2.220446049250313e-16,0.18708216521429982,2.711e-17
Type3,16,boundary_rank2_tight,deterministic,0.999,0.001,0.0,0.0,0.0,0.9999989979979999,1.002002000021513e-06,2.273525005468425e-33,2.221197378240113e-33,1.7457430187275836e-17,0.9980019999999987,parity_visibility,1.1102230246251565e-16,2.221197378240113e-33,1.110e-16
Type3,16,boundary_rank2_tight,deterministic,0.999,0.001,0.0,0.0,0.0001,0.999786356919527,8.854549088036011e-05,6.2548794796252e-05,6.25487947961828e-05,1.2828203640346378e-17,0.9967055900796262,parity_visibility,2.220446049250313e-16,6.25487947961828e-05,1.166e-15
Type3,16,boundary_rank2_tight,deterministic,0.999,0.001,0.0,0.0,0.001,0.9978733772013327,0.0008758731798043682,0.0006253748094314253,0.0006253748094314352,3.0318502891961765e-17,0.9851089887089621,parity_visibility,0.0,0.0006253748094314253,7.220e-16
Type3,16,boundary_rank2_tight,deterministic,0.999,0.001,0.0,0.0,0.005,0.9893885176998114,0.004362800082802573,0.0031243411086927806,0.003124341108692953,7.74444943604974e-17,0.9350875263994034,parity_visibility,3.3306690738754696e-16,0.0031243411086927806,5.551e-16
Type3,16,boundary_rank2_tight,deterministic,0.999,0.001,0.0,0.0,0.01,0.978822416028017,0.008693060382747286,0.006242261794617839,0.00624226179461782,2.8360916421730226e-17,0.8759191241950206,parity_visibility,0.0,0.00624226179461782,4.996e-16
Type3,16,boundary_rank2_tight,deterministic,0.999,0.001,0.0,0.0,0.02,0.9578255473811511,0.017257994947847053,0.01245822883550085,0.012458228835500804,8.448748962998896e-17,0.7679938812289948,parity_visibility,1.1102230246251565e-16,0.012458228835500804,1.121e-16
Type3,16,boundary_rank2_tight,deterministic,0.999,0.001,0.0,0.0,0.05,0.8959605791648841,0.04216978521773454,0.03093481780869043,0.030934817808690427,5.510833917752347e-17,0.514466094537968,parity_visibility,4.440892098500626e-16,0.030934817808690427,2.524e-16
Type3,16,boundary_rank2_tight,deterministic,0.999,0.001,0.0,0.0,0.1,0.7969355562184185,0.08094768738818228,0.061058378196699695,0.061058378196699604,1.0369113669055731e-16,0.25828847512395703,parity_visibility,0.0,0.061058378196699604,1.806e-16
Type3,16,boundary_rank2_tight,deterministic,0.999,0.001,0.0,0.0,0.15,0.7037343055682362,0.11604076289390261,0.09011246576893041,0.09011246576893044,9.78265187315449e-17,0.12609051943362098,parity_visibility,3.3306690738754696e-16,0.09011246576893041,4.860e-17
Type3,16,boundary_rank2_tight,deterministic,0.999,0.001,0.0,0.0,0.2,0.6173567573096418,0.14714044718751176,0.1177513977514231,0.1177513977514231,1.7243986792506685e-16,0.059741021463988075,parity_visibility,3.3306690738754696e-16,0.1177513977514231,2.866e-17
Type3,16,boundary_rank2_tight,deterministic,0.999,0.001,0.0,0.0,0.3,0.4696261738160274,0.19631380887259045,0.167030008655691,0.167030008655691,1.4293021165495987e-15,0.0121350033743719,parity_visibility,0.0,0.167030008655691,3.121e-17
Type3,16,separable_threshold,deterministic,0.5,0.2,0.2,0.1,0.0,0.7352941176470588,0.11764705882352929,0.1176470588235294,0.029411764705882356,1.732474343111194e-17,0.3399999999999995,parity_visibility,1.1102230246251565e-16,0.029411764705882356,9.714e-17
Type3,16,separable_threshold,deterministic,0.5,0.2,0.2,0.1,0.0001,0.7350631850073349,0.11772126597362505,0.11770362586907054,0.02951192314996928,5.861716000928506e-17,0.3396241943372538,parity_visibility,1.1102230246251565e-16,0.02951192314996928,2.498e-16
Type3,16,separable_threshold,deterministic,0.5,0.2,0.2,0.1,0.001,0.7329880501780099,0.11838784366453098,0.1182120678296922,0.030412038327766656,9.181676085022638e-17,0.33625937738234657,parity_visibility,3.3306690738754696e-16,0.030412038327766656,2.220e-16
Type3,16,separable_threshold,deterministic,0.5,0.2,0.2,0.1,0.005,0.7238361202398017,0.12132245935979814,0.12045740026305733,0.03438402013734255,5.745012482763687e-17,0.321678243363829,parity_visibility,3.3306690738754696e-16,0.03438402013734255,2.220e-16
Type3,16,separable_threshold,deterministic,0.5,0.2,0.2,0.1,0.01,0.7125585897951116,0.12492687077034095,0.12323096393332858,0.03928357550121854,9.261681037258349e-17,0.30428264190140863,parity_visibility,4.440892098500626e-16,0.03928357550121854,6.943e-17
Type3,16,separable_threshold,deterministic,0.5,0.2,0.2,0.1,0.02,0.6905422194081484,0.13192491346731702,0.12866766970089805,0.04886519742363637,6.130053302088748e-17,0.27209597645462735,parity_visibility,1.1102230246251565e-16,0.04886519742363637,6.954e-17
Type3,16,separable_threshold,deterministic,0.5,0.2,0.2,0.1,0.05,0.6287464478263499,0.15127462260450572,0.14409459515756093,0.07588433441158325,3.583578701758442e-17,0.19357498292999192,parity_visibility,1.1102230246251565e-16,0.07588433441158325,7.015e-17
Type3,16,separable_threshold,deterministic,0.5,0.2,0.2,0.1,0.1,0.5394661849739039,0.17834995421438024,0.16688594688868105,0.11529791392303482,3.8610176993481835e-17,0.10775872323446474,parity_visibility,0.0,0.11529791392303482,4.857e-17
Type3,16,separable_threshold,deterministic,0.5,0.2,0.2,0.1,0.15,0.46626447011788846,0.19957564168235745,0.1861291461309863,0.14803074206876757,1.2497041081328758e-16,0.05846787134296015,parity_visibility,2.220446049250313e-16,0.14803074206876757,2.430e-17
Type3,16,separable_threshold,deterministic,0.5,0.2,0.2,0.1,0.2,0.4076351162920405,0.2157314964582519,0.2020240950415528,0.17460929220815447,3.4860333598116377e-16,0.030801787459993596,parity_visibility,3.3306690738754696e-16,0.17460929220815447,6.245e-17
Type3,16,separable_threshold,deterministic,0.5,0.2,0.2,0.1,0.3,0.3270398440405155,0.2360771366191859,0.2249388459145299,0.21194417342576855,2.274067058317005e-16,0.0076722819905641025,parity_visibility,2.220446049250313e-16,0.21194417342576855,3.123e-17
Type3,16,random_uniform_00,random,0.21289562100831264,0.022746266950347295,0.5266044893509967,0.23775362269034334,0.0,0.11937532845267448,0.0013627035448855623,0.7303822942673507,0.14887967373508912,2.1765513213162036e-17,0.3796810114116972,parity_visibility,1.1102230246251565e-16,0.0013627035448855623,
Type3,16,random_uniform_00,random,0.21289562100831264,0.022746266950347295,0.5266044893509967,0.23775362269034334,0.0001,0.11942637042922669,0.00146842227959776,0.7301692051118038,0.14893600217937156,9.397731169211043e-17,0.37924968842825535,parity_visibility,2.220446049250313e-16,0.00146842227959776,
Type3,16,random_uniform_00,random,0.21289562100831264,0.022746266950347295,0.5266044893509967,0.23775362269034334,0.001,0.11988527977962123,0.0024187193506360924,0.7282539549576987,0.14944204591204371,6.948115998299107e-17,0.37538845120207204,parity_visibility,2.220446049250313e-16,0.0024187193506360924,
Type3,16,random_uniform_00,random,0.21289562100831264,0.022746266950347295,0.5266044893509967,0.23775362269034334,0.005,0.12191464904712898,0.00661672348698736,0.7197973362593177,0.15167129120656572,2.3556272805337944e-17,0.35867007737067985,parity_visibility,1.1102230246251565e-16,0.00661672348698736,
Type3,16,random_uniform_00,random,0.21289562100831264,0.022746266950347295,0.5266044893509967,0.23775362269034334,0.01,0.12442776074341648,0.011805486461997413,0.7093543151045717,0.1544124376900142,8.234444690858171e-17,0.33875535441175875,parity_visibility,2.220446049250313e-16,0.011805486461997413,
Type3,16,random_uniform_00,random,0.21289562100831264,0.022746266950347295,0.5266044893509967,0.23775362269034334,0.02,0.12937459091670556,0.021986575300292792,0.6888945525750644,0.15974428120793718,1.3872967423580145e-16,0.302001250934627,parity_visibility,1.1102230246251565e-16,0.021986575300292792,
Type3,16,random_uniform_00,random,0.21289562100831264,0.022746266950347295,0.5266044893509967,0.23775362269034334,0.05,0.1435674141788314,0.05094939642540799,0.6309274352984167,0.1745557540973437,8.089528212045209e-17,0.21292641934147477,parity_visibility,2.220446049250313e-16,0.05094939642540799,
Type3,16,random_uniform_00,random,0.21289562100831264,0.022746266950347295,0.5266044893509967,0.23775362269034334,0.1,0.16499755371430755,0.09393364562379485,0.5456167222951707,0.19545207836672668,1.9359117303965663e-16,0.11683646585914818,parity_visibility,2.220446049250313e-16,0.09393364562379485,
Type3,16,random_uniform_00,random,0.21289562100831264,0.022746266950347295,0.5266044893509967,0.23775362269034334,0.15,0.18358086065088258,0.130388228454165,0.47406776887398017,0.2119631420209721,1.717715347271958e-16,0.06254587577239155,parity_visibility,1.1102230246251565e-16,0.130388228454165,
Type3,16,random_uniform_00,random,0.21289562100831264,0.022746266950347295,0.5266044893509967,0.23775362269034334,0.2,0.19932493951286115,0.1605745131223082,0.41552088333310283,0.22457966403172755,2.7255293923063685e-16,0.03254697679795654,parity_visibility,3.3306690738754696e-16,0.1605745131223082,
Type3,16,random_uniform_00,random,0.21289562100831264,0.022746266950347295,0.5266044893509967,0.23775362269034334,0.3,0.22278892726029087,0.2040381837967352,0.33278322413597405,0.2403896648069997,1.957811657776989e-15,0.007941407765498041,parity_visibility,2.220446049250313e-16,0.2040381837967352,
Type3,16,random_uniform_01,random,0.15750190750857576,0.11793177577668507,0.6508472577668338,0.07371905894790531,0.0,0.053034262402883524,0.029733536925207724,0.9056138504788452,0.011618350193063325,2.3575195991007703e-17,0.4677514072014538,parity_visibility,2.220446049250313e-16,0.011618350193063325,
Type3,16,random_uniform_01,random,0.15750190750857576,0.11793177577668507,0.6508472577668338,0.07371905894790531,0.0001,0.053105328214919534,0.029814243266926138,0.9053530218737892,0.011727406644365035,6.412916346807673e-17,0.46719686577591796,parity_visibility,1.1102230246251565e-16,0.011727406644365035,
Type3,16,random_uniform_01,random,0.15750190750857576,0.11793177577668507,0.6508472577668338,0.07371905894790531,0.001,0.05374441660890864,0.030540001984621236,0.9030079273535693,0.012707654052900644,1.2550788215893365e-16,0.46223384388714717,parity_visibility,2.220446049250313e-16,0.012707654052900644,
Type3,16,random_uniform_01,random,0.15750190750857576,0.11793177577668507,0.6508472577668338,0.07371905894790531,0.005,0.05657378669095019,0.03375251265498488,0.8926368733024705,0.01703682735159413,4.492905802653362e-17,0.4407719529547266,parity_visibility,2.220446049250313e-16,0.01703682735159413,
Type3,16,random_uniform_01,random,0.15750190750857576,0.11793177577668507,0.6508472577668338,0.07371905894790531,0.01,0.06008497144266244,0.037737873297060014,0.8797920788527543,0.022385076407522946,9.584802126938984e-17,0.41526614198301687,parity_visibility,2.220446049250313e-16,0.022385076407522946,
Type3,16,random_uniform_01,random,0.15750190750857576,0.11793177577668507,0.6508472577668338,0.07371905894790531,0.02,0.06702084773676052,0.04560615488247115,0.8545028715556621,0.03287012582510592,8.644574122734641e-17,0.3683747950040822,parity_visibility,3.3306690738754696e-16,0.03287012582510592,
Type3,16,random_uniform_01,random,0.15750190750857576,0.11793177577668507,0.6508472577668338,0.07371905894790531,0.05,0.08711058910847098,0.06836356116388362,0.7819031996323116,0.0626226500953337,1.0500041125950683e-16,0.2558761477689407,parity_visibility,0.0,0.0626226500953337,
Type3,16,random_uniform_01,random,0.15750190750857576,0.11793177577668507,0.6508472577668338,0.07371905894790531,0.1,0.11803868534974653,0.10329539611748036,0.6721660891980252,0.10649982933474778,7.187614334978933e-17,0.1369841475182335,parity_visibility,1.1102230246251565e-16,0.10329539611748036,
Type3,16,random_uniform_01,random,0.15750190750857576,0.11793177577668507,0.6508472577668338,0.07371905894790531,0.15,0.14552427556170397,0.13422128161316396,0.5769622238126739,0.14329221901245803,1.6895206614459143e-16,0.07159684124315906,parity_visibility,1.1102230246251565e-16,0.13422128161316396,
Type3,16,random_uniform_01,random,0.15750190750857576,0.11793177577668507,0.6508472577668338,0.07371905894790531,0.2,0.1693695941218415,0.16094633467337796,0.49643262753226053,0.17325144367251982,4.782614887287618e-16,0.03642035376730343,parity_visibility,2.220446049250313e-16,0.16094633467337796,
Type3,16,random_uniform_01,random,0.15750190750857576,0.11793177577668507,0.6508472577668338,0.07371905894790531,0.3,0.20600410307221778,0.20176220394413363,0.377492826325729,0.21474086665791936,1.4110204682351909e-15,0.008538721510093664,parity_visibility,2.220446049250313e-16,0.20176220394413363,
Type3,16,random_uniform_02,random,0.495304219911838,0.09495084456538193,0.01807360096746043,0.39167133455531966,0.0,0.601179334018671,0.022093150490358388,0.0008004779364377933,0.37592703755453266,2.2148901057309508e-17,0.40807502251042915,parity_visibility,2.220446049250313e-16,0.0008004779364377933,
Type3,16,random_uniform_02,random,0.495304219911838,0.09495084456538193,0.01807360096746043,0.39167133455531966,0.0001,0.6010261416565027,0.022197648688681966,0.0009082897738256781,0.37586791988098944,1.3662151728346095e-16,0.40760397373966684,parity_visibility,1.1102230246251565e-16,0.0009082897738256781,
Type3,16,random_uniform_02,random,0.495304219911838,0.09495084456538193,0.01807360096746043,0.39167133455531966,0.001,0.5996491418384453,0.023136851112381222,0.0018773954376396923,0.3753366116115336,2.614425622392035e-17,0.4033875196933774,parity_visibility,2.220446049250313e-16,0.0018773954376396923,
Type3,16,random_uniform_02,random,0.495304219911838,0.09495084456538193,0.01807360096746043,0.39167133455531966,0.005,0.593566884981256,0.02728316763835611,0.006158352212294496,0.3729915951680931,6.501981184152038e-17,0.38513982972793304,parity_visibility,2.220446049250313e-16,0.006158352212294496,
Type3,16,random_uniform_02,random,0.495304219911838,0.09495084456538193,0.01807360096746043,0.39167133455531966,0.01,0.5860508715394109,0.032401923106607354,0.011449323174802234,0.3700978821791792,6.712464690651727e-17,0.3634225326614983,parity_visibility,2.220446049250313e-16,0.011449323174802234,
Type3,16,random_uniform_02,random,0.495304219911838,0.09495084456538193,0.01807360096746043,0.39167133455531966,0.02,0.571309105526173,0.042425401721091924,0.021829812642346094,0.36443568011038874,4.602090731070078e-17,0.32340016858533516,parity_visibility,3.3306690738754696e-16,0.021829812642346094,
Type3,16,random_uniform_02,random,0.495304219911838,0.09495084456538193,0.01807360096746043,0.39167133455531966,0.05,0.529418838127621,0.0707822910084037,0.05134922396977397,0.3484496468942012,3.9629855937457227e-17,0.22677346811105495,parity_visibility,1.1102230246251565e-16,0.05134922396977397,
Type3,16,random_uniform_02,random,0.495304219911838,0.09495084456538193,0.01807360096746043,0.39167133455531966,0.1,0.4674138086401106,0.11236568321244896,0.09511184314718764,0.32510866500025254,1.1010645955077439e-16,0.12333210484784372,parity_visibility,2.220446049250313e-16,0.09511184314718764,
Type3,16,random_uniform_02,random,0.495304219911838,0.09495084456538193,0.01807360096746043,0.39167133455531966,0.15,0.41506077222899207,0.147030388786898,0.1321406442080899,0.30576819477601974,4.898754399780109e-17,0.06546391890966446,parity_visibility,2.220446049250313e-16,0.1321406442080899,
Type3,16,random_uniform_02,random,0.495304219911838,0.09495084456538193,0.01807360096746043,0.39167133455531966,0.2,0.37197519980478055,0.17515901505451412,0.16268505989656806,0.29018072524413724,3.5046580912686367e-16,0.03379575861244674,parity_visibility,0.0,0.16268505989656806,
Type3,16,random_uniform_02,random,0.495304219911838,0.09495084456538193,0.01807360096746043,0.39167133455531966,0.3,0.3107530958761947,0.21420390846639326,0.20624967203043887,0.2687933236269731,6.465026636431195e-16,0.008133982500076919,parity_visibility,0.0,0.20624967203043887,
Type3,16,random_uniform_03,random,0.2571455572799487,0.05393652554194086,0.5631268254123345,0.12579109176577602,0.0,0.16450016824581826,0.00723726090563927,0.7888977690941926,0.0393648017543496,4.494437604348323e-17,0.40196820668295097,parity_visibility,2.220446049250313e-16,0.00723726090563927,
Type3,16,random_uniform_03,random,0.2571455572799487,0.05393652554194086,0.5631268254123345,0.12579109176577602,0.0001,0.16453032972395543,0.007337988836130418,0.7886641605064738,0.039467520933440074,1.533936296649431e-17,0.40150570189936696,parity_visibility,2.220446049250313e-16,0.007337988836130418,
Type3,16,random_uniform_03,random,0.2571455572799487,0.05393652554194086,0.5631268254123345,0.12579109176577602,0.001,0.16480158290071925,0.008243498534157106,0.7865643095799374,0.040390608985186156,1.2605988180631286e-16,0.397365645784024,parity_visibility,0.0,0.008243498534157106,
Type3,16,random_uniform_03,random,0.2571455572799487,0.05393652554194086,0.5631268254123345,0.12579109176577602,0.005,0.1660027688676835,0.012245265204066977,0.7772888896086181,0.044463076319631305,1.3721843505479095e-16,0.3794468720798351,parity_visibility,1.1102230246251565e-16,0.012245265204066977,
Type3,16,random_uniform_03,random,0.2571455572799487,0.05393652554194086,0.5631268254123345,0.12579109176577602,0.01,0.1674940718791177,0.01719515089621083,0.7658262953367365,0.04948448188793484,8.781505146155189e-17,0.3581172619820253,parity_visibility,1.1102230246251565e-16,0.01719515089621083,
Type3,16,random_uniform_03,random,0.2571455572799487,0.05393652554194086,0.5631268254123345,0.12579109176577602,0.02,0.17044202062353048,0.026919557833931466,0.7433414308676861,0.059296990674851786,8.679114142863075e-17,0.3187978160488849,parity_visibility,1.1102230246251565e-16,0.026919557833931466,
Type3,16,random_uniform_03,random,0.2571455572799487,0.05393652554194086,0.5631268254123345,0.12579109176577602,0.05,0.1789953225570565,0.054674270801075904,0.6794293650405966,0.08690104160127066,4.7189736871471105e-17,0.22379532682992717,parity_visibility,3.3306690738754696e-16,0.054674270801075904,
Type3,16,random_uniform_03,random,0.2571455572799487,0.05393652554194086,0.5631268254123345,0.12579109176577602,0.1,0.19220129554674062,0.09613532941749713,0.5847623675843059,0.12690100745145616,1.221176255106565e-16,0.12193506126538489,parity_visibility,2.220446049250313e-16,0.09613532941749713,
Type3,16,random_uniform_03,random,0.2571455572799487,0.05393652554194086,0.5631268254123345,0.12579109176577602,0.15,0.20397455748083154,0.1315805804370858,0.5047414100834309,0.15970345199865138,2.4911588951666275e-16,0.06483632346518861,parity_visibility,4.440892098500626e-16,0.1315805804370858,
Type3,16,random_uniform_03,random,0.2571455572799487,0.05393652554194086,0.5631268254123345,0.12579109176577602,0.2,0.21422275432648594,0.16115132355173314,0.4387852095470675,0.18584071257471338,3.7215488816299056e-16,0.03352717801200682,parity_visibility,1.1102230246251565e-16,0.16115132355173314,
Type3,16,random_uniform_03,random,0.2571455572799487,0.05393652554194086,0.5631268254123345,0.12579109176577602,0.3,0.23008059162336988,0.20412084397950267,0.3447628424366174,0.22103572196050983,2.1726682387310066e-15,0.00809256466611858,parity_visibility,2.220446049250313e-16,0.20412084397950267,
Type3,16,random_uniform_04,random,0.025333120618940608,0.045232683751455866,0.8998971691396371,0.029537026489966478,0.0,0.0007890172560388774,0.002515439242055733,0.9956229314693515,0.0010726120325536843,5.241769489779606e-17,0.8133751136390536,parity_visibility,1.1102230246251565e-16,0.0007890172560388774,
Type3,16,random_uniform_04,random,0.025333120618940608,0.045232683751455866,0.8998971691396371,0.029537026489966478,0.0001,0.000857079225695777,0.0025829437059698666,0.9953945654058028,0.0011654116625313441,5.3554179694849264e-17,0.8123370134163053,parity_visibility,1.1102230246251565e-16,0.000857079225695777,
Type3,16,random_uniform_04,random,0.025333120618940608,0.045232683751455866,0.8998971691396371,0.029537026489966478,0.001,0.0014694603551274022,0.003190310233421776,0.9933402955835049,0.00199993382794585,3.9381301741207056e-17,0.8030501447301557,parity_visibility,1.1102230246251565e-16,0.0014694603551274022,
Type3,16,random_uniform_04,random,0.025333120618940608,0.045232683751455866,0.8998971691396371,0.029537026489966478,0.005,0.004187276771139498,0.005885904013849089,0.9842326266714252,0.0056941925435860215,9.363225327797345e-17,0.7629727820798449,parity_visibility,2.220446049250313e-16,0.004187276771139498,
Type3,16,random_uniform_04,random,0.025333120618940608,0.045232683751455866,0.8998971691396371,0.029537026489966478,0.01,0.007575498989444782,0.009246497119520063,0.9728999842850924,0.010278019605942457,7.610075124965328e-17,0.715525289744376,parity_visibility,3.3306690738754696e-16,0.007575498989444782,
Type3,16,random_uniform_04,random,0.025333120618940608,0.045232683751455866,0.8998971691396371,0.029537026489966478,0.02,0.014320819818384218,0.01593706437573251,0.9504109299093546,0.019331185896528325,5.5485354560197486e-17,0.6288513161434663,parity_visibility,4.440892098500626e-16,0.014320819818384218,
Type3,16,random_uniform_04,random,0.025333120618940608,0.045232683751455866,0.8998971691396371,0.029537026489966478,0.05,0.03428816816943708,0.035744335590342735,0.8844153197014624,0.04555217653875757,7.684170767425031e-17,0.424428181587729,parity_visibility,3.3306690738754696e-16,0.03428816816943708,
Type3,16,random_uniform_04,random,0.025333120618940608,0.045232683751455866,0.8998971691396371,0.029537026489966478,0.1,0.06652271516370853,0.06772708583194594,0.77977963458034,0.0859705644240053,1.8490230180121179e-16,0.21605176551510702,parity_visibility,1.1102230246251565e-16,0.06652271516370853,
Type3,16,random_uniform_04,random,0.025333120618940608,0.045232683751455866,0.8998971691396371,0.029537026489966478,0.15,0.09713593102192124,0.09810931540950106,0.6827490823821345,0.12200567118644312,8.79785312428777e-17,0.10711647533579055,parity_visibility,1.1102230246251565e-16,0.09713593102192124,
Type3,16,random_uniform_04,random,0.025333120618940608,0.045232683751455866,0.8998971691396371,0.029537026489966478,0.2,0.12570421458975883,0.1264699008205244,0.5944596833477679,0.15336620124194875,2.7102494052708487e-16,0.05162104512983058,parity_visibility,1.1102230246251565e-16,0.12570421458975883,
Type3,16,random_uniform_04,random,0.025333120618940608,0.045232683751455866,0.8998971691396371,0.029537026489966478,0.3,0.17488260073893408,0.17531141081675042,0.4484165973053527,0.2013893911389626,9.652753405025309e-16,0.010882821232389334,parity_visibility,2.220446049250313e-16,0.17488260073893408,
Type3,16,random_uniform_05,random,0.14222440328151145,0.7001165618179372,0.12328917912207109,0.03436985577848019,0.0,0.03839946330621666,0.9305026547897741,0.028855382515104524,0.0022424993889043907,4.1163416082590886e-17,0.5267724896953787,parity_visibility,2.220446049250313e-16,0.0022424993889043907,
Type3,16,random_uniform_05,random,0.14222440328151145,0.7001165618179372,0.12328917912207109,0.03436985577848019,0.0001,0.03849366408136103,0.9302491148770446,0.0289298652499226,0.002327355791671468,2.1096242356408475e-16,0.5261353724420585,parity_visibility,3.3306690738754696e-16,0.002327355791671468,
Type3,16,random_uniform_05,random,0.14222440328151145,0.7001165618179372,0.12328917912207109,0.03436985577848019,0.001,0.03934046894965145,0.9279691896089687,0.029599787737676003,0.003090553703703698,1.6859220700681682e-16,0.5204339807199521,parity_visibility,1.1102230246251565e-16,0.003090553703703698,
Type3,16,random_uniform_05,random,0.14222440328151145,0.7001165618179372,0.12328917912207109,0.03436985577848019,0.005,0.04308218849735334,0.9178784521509566,0.03256797439449399,0.006471384957195887,6.120329333344239e-17,0.4957931837360645,parity_visibility,1.1102230246251565e-16,0.006471384957195887,
Type3,16,random_uniform_05,random,0.14222440328151145,0.7001165618179372,0.12328917912207109,0.03436985577848019,0.01,0.04770900258731654,0.905362729769184,0.03625673372618652,0.010671533917312685,2.0682299548533606e-17,0.4665404602647063,parity_visibility,2.220446049250313e-16,0.010671533917312685,
Type3,16,random_uniform_05,random,0.14222440328151145,0.7001165618179372,0.12328917912207109,0.03436985577848019,0.02,0.05679390597607696,0.8806611847755795,0.04356110228932,0.018983806959023363,8.037432158703418e-17,0.41285555820275394,parity_visibility,2.220446049250313e-16,0.018983806959023363,
Type3,16,random_uniform_05,random,0.14222440328151145,0.7001165618179372,0.12328917912207109,0.03436985577848019,0.05,0.08268265532622826,0.8092745662358031,0.06485909599443147,0.043183682443537014,1.68746164357746e-17,0.2846592529415413,parity_visibility,2.220446049250313e-16,0.043183682443537014,
Type3,16,random_uniform_05,random,0.14222440328151145,0.7001165618179372,0.12328917912207109,0.03436985577848019,0.1,0.12119522821401743,0.6998525187727285,0.09810726861595688,0.08084498439729719,4.717856872890783e-17,0.15048627806504006,parity_visibility,1.1102230246251565e-16,0.08084498439729719,
Type3,16,random_uniform_05,random,0.14222440328151145,0.7001165618179372,0.12328917912207109,0.03436985577848019,0.15,0.15384939237409123,0.6031428352588881,0.12820546174058053,0.11480231062643993,1.217974186085367e-16,0.0776624183864148,parity_visibility,1.1102230246251565e-16,0.11480231062643993,
Type3,16,random_uniform_05,random,0.14222440328151145,0.7001165618179372,0.12328917912207109,0.03436985577848019,0.2,0.18072262105459155,0.5197492403545869,0.15482092588007168,0.1447072127107496,4.464733109312106e-16,0.03901612842674326,parity_visibility,2.220446049250313e-16,0.1447072127107496,
Type3,16,random_uniform_05,random,0.14222440328151145,0.7001165618179372,0.12328917912207109,0.03436985577848019,0.3,0.218399012957296,0.39310874575947413,0.19685205779353893,0.19164018348969078,1.3579941402856868e-15,0.008939016109412647,parity_visibility,2.220446049250313e-16,0.19164018348969078,
Type3,16,random_uniform_06,random,0.7509801775291748,0.16568343911692798,0.046891222684258195,0.0364451606696389,0.0,0.9479316299843915,0.04614007208274729,0.003695755070522551,0.0022325428623384777,6.051167993440495e-17,0.5949492655404232,parity_visibility,2.220446049250313e-16,0.0022325428623384777,
Type3,16,random_uniform_06,random,0.7509801775291748,0.16568343911692798,0.046891222684258195,0.0364451606696389,0.0001,0.9476871035361696,0.04622745155901564,0.003774059287622173,0.0023113856171925492,8.809843666719072e-17,0.5942167628169766,parity_visibility,0.0,0.0023113856171925492,
Type3,16,random_uniform_06,random,0.7509801775291748,0.16568343911692798,0.046891222684258195,0.0364451606696389,0.001,0.9454879437633965,0.04701302083323584,0.004478433083769375,0.003020602319598256,8.221658226893133e-17,0.5876624610415304,parity_visibility,0.0,0.003020602319598256,
Type3,16,random_uniform_06,random,0.7509801775291748,0.16568343911692798,0.046891222684258195,0.0364451606696389,0.005,0.9357484152447164,0.0504859785130286,0.007600999467901075,0.0061646067743537725,1.5510528037436803e-16,0.5593496276234478,parity_visibility,1.1102230246251565e-16,0.0061646067743537725,
Type3,16,random_uniform_06,random,0.7509801775291748,0.16568343911692798,0.046891222684258195,0.0364451606696389,0.01,0.9236539040568414,0.05478462264949344,0.011485633542756998,0.010075839750908205,1.4045203506801957e-17,0.5257687488081779,parity_visibility,2.220446049250313e-16,0.010075839750908205,
Type3,16,random_uniform_06,random,0.7509801775291748,0.16568343911692798,0.046891222684258195,0.0364451606696389,0.02,0.8997354317182407,0.0632390133057841,0.01919141090432344,0.017834144071651573,1.5476893606739235e-16,0.4642364359141125,parity_visibility,2.220446049250313e-16,0.017834144071651573,
Type3,16,random_uniform_06,random,0.7509801775291748,0.16568343911692798,0.046891222684258195,0.0364451606696389,0.05,0.8302250353960745,0.08743990827788031,0.041770135415515504,0.04056492091052961,9.962719369403674e-17,0.3179073606779375,parity_visibility,0.0,0.04056492091052961,
Type3,16,random_uniform_06,random,0.7509801775291748,0.16568343911692798,0.046891222684258195,0.0364451606696389,0.1,0.7223947756639345,0.1237885472127846,0.07739397625346069,0.07642270086982006,1.5411392551445669e-16,0.16608293757759499,parity_visibility,2.220446049250313e-16,0.07642270086982006,
Type3,16,random_uniform_06,random,0.7509801775291748,0.16568343911692798,0.046891222684258195,0.0364451606696389,0.15,0.6255153171068818,0.1550096341004456,0.11011923658545728,0.10935581220721514,2.95811679559457e-16,0.08466892310969107,parity_visibility,2.220446049250313e-16,0.10935581220721514,
Type3,16,random_uniform_06,random,0.7509801775291748,0.16568343911692798,0.046891222684258195,0.0364451606696389,0.2,0.54049237530785,0.18105277895305813,0.13951902928395649,0.13893581645513509,2.40989139576381e-16,0.04201457473817945,parity_visibility,2.220446049250313e-16,0.13893581645513509,
Type3,16,random_uniform_06,random,0.7509801775291748,0.16568343911692798,0.046891222684258195,0.0364451606696389,0.3,0.407913500227122,0.21825954849977286,0.1870673382309992,0.18675961304210575,7.282136929910018e-16,0.009401406733518268,parity_visibility,2.220446049250313e-16,0.18675961304210575,
Type3,16,random_uniform_07,random,0.15521109398199295,0.21385913283937732,0.5082028059328944,0.12272696724573535,0.0,0.0702022647093926,0.1332788404512461,0.7526268709107323,0.0438920239286287,3.33939024495122e-17,0.34315821284129994,parity_visibility,2.220446049250313e-16,0.0438920239286287,
Type3,16,random_uniform_07,random,0.15521109398199295,0.21385913283937732,0.5082028059328944,0.12272696724573535,0.0001,0.07028319473598074,0.13332877903704898,0.7523873251076425,0.044000701119327607,1.9574713252545384e-17,0.3427779885534008,parity_visibility,1.1102230246251565e-16,0.044000701119327607,
Type3,16,random_uniform_07,random,0.15521109398199295,0.21385913283937732,0.5082028059328944,0.12272696724573535,0.001,0.0710105259967607,0.13377764333050599,0.7502347856883289,0.04497704498440427,1.4970563976967484e-16,0.33937366149480286,parity_visibility,2.220446049250313e-16,0.04497704498440427,
Type3,16,random_uniform_07,random,0.15521109398199295,0.21385913283937732,0.5082028059328944,0.12272696724573535,0.005,0.07422049185962623,0.13575989515524284,0.7407413166857275,0.04927829629940313,9.432765959297698e-17,0.3246224244980136,parity_visibility,2.220446049250313e-16,0.04927829629940313,
Type3,16,random_uniform_07,random,0.15521109398199295,0.21385913283937732,0.5082028059328944,0.12272696724573535,0.01,0.0781810669214991,0.13820853199523733,0.7290425645979238,0.054567836485339555,7.594094191416419e-17,0.3070263260831216,parity_visibility,1.1102230246251565e-16,0.054567836485339555,
Type3,16,random_uniform_07,random,0.15521109398199295,0.21385913283937732,0.5082028059328944,0.12272696724573535,0.02,0.08592962249561266,0.14300846039798742,0.7062027845906229,0.06485913251577688,9.278605764972714e-17,0.274476138111936,parity_visibility,1.1102230246251565e-16,0.06485913251577688,
Type3,16,random_uniform_07,random,0.15521109398199295,0.21385913283937732,0.5082028059328944,0.12272696724573535,0.05,0.10780361400589135,0.15662939138337345,0.6420892078755971,0.09347778673513793,5.682276019252925e-17,0.1951151643114155,parity_visibility,2.220446049250313e-16,0.09347778673513793,
Type3,16,random_uniform_07,random,0.15521109398199295,0.21385913283937732,0.5082028059328944,0.12272696724573535,0.1,0.13978080727289344,0.17675409684613103,0.5494503767851987,0.1340147190957765,1.1432275829219007e-16,0.108481221031455,parity_visibility,2.220446049250313e-16,0.1340147190957765,
Type3,16,random_uniform_07,random,0.15521109398199295,0.21385913283937732,0.5082028059328944,0.12272696724573535,0.15,0.16640858301363745,0.19374514121632905,0.47350131779520493,0.16634495797482843,3.149216451744137e-16,0.058792439832968724,parity_visibility,2.220446049250313e-16,0.16634495797482843,
Type3,16,random_uniform_07,random,0.15521109398199295,0.21385913283937732,0.5082028059328944,0.12272696724573535,0.2,0.18808540865023388,0.20777661591975943,0.4126951956767009,0.19144277975330565,4.5793938927446265e-16,0.030940687129673673,parity_visibility,2.220446049250313e-16,0.18808540865023388,
Type3,16,random_uniform_07,random,0.15521109398199295,0.21385913283937732,0.5082028059328944,0.12272696724573535,0.3,0.21863993986229002,0.22798959950165826,0.32921209560761977,0.22415836502843178,1.5933822853329254e-15,0.007693701718743458,parity_visibility,2.220446049250313e-16,0.21863993986229002,
Type3,16,random_uniform_08,random,0.16057994392007155,0.24199558313695427,0.30552928416768876,0.29189518877528553,0.0,0.09808308638214663,0.2227544548848714,0.3550726362621789,0.3240898224708029,2.1780123070088535e-17,0.2628987253613474,parity_visibility,2.220446049250313e-16,0.09808308638214663,
Type3,16,random_uniform_08,random,0.16057994392007155,0.24199558313695427,0.30552928416768876,0.29189518877528553,0.0001,0.09816675758369932,0.2227657869013683,0.3550161459353462,0.32405130957958606,8.424804336769972e-17,0.2626307913489928,parity_visibility,1.1102230246251565e-16,0.09816675758369932,
Type3,16,random_uniform_08,random,0.16057994392007155,0.24199558313695427,0.30552928416768876,0.29189518877528553,0.001,0.09891813907794092,0.22286763605737173,0.3545088210626795,0.3237054038020076,3.133126996047214e-17,0.2602305323604831,parity_visibility,2.220446049250313e-16,0.09891813907794092,
Type3,16,random_uniform_08,random,0.16057994392007155,0.24199558313695427,0.30552928416768876,0.29189518877528553,0.005,0.10222166694585194,0.22331727483554412,0.35227761937252383,0.3221834388460799,8.66463113939616e-17,0.2498021129003583,parity_visibility,1.1102230246251565e-16,0.10222166694585194,
Type3,16,random_uniform_08,random,0.16057994392007155,0.24199558313695427,0.30552928416768876,0.29189518877528553,0.01,0.1062694133088449,0.22387239340927614,0.3495422001847692,0.3203159930971096,7.000674580249516e-17,0.23730123239992867,parity_visibility,2.220446049250313e-16,0.1062694133088449,
Type3,16,random_uniform_08,random,0.16057994392007155,0.24199558313695427,0.30552928416768876,0.29189518877528553,0.02,0.11409818138756454,0.22495962209167258,0.3442465120351326,0.3166956844856301,3.758042287085664e-17,0.2139892221457639,parity_visibility,1.1102230246251565e-16,0.11409818138756454,
Type3,16,random_uniform_08,random,0.16057994392007155,0.24199558313695427,0.30552928416768876,0.29189518877528553,0.05,0.13555262060000456,0.2280392504560773,0.32969626218117076,0.30671186676274725,7.916134573996225e-17,0.1559746204308066,parity_visibility,0.0,0.13555262060000456,
Type3,16,random_uniform_08,random,0.16057994392007155,0.24199558313695427,0.30552928416768876,0.29189518877528553,0.1,0.165189277158458,0.23258186427641112,0.3094884930418358,0.29274036552329497,1.0454199059963228e-17,0.0901204246552507,parity_visibility,1.1102230246251565e-16,0.165189277158458,
Type3,16,random_uniform_08,random,0.16057994392007155,0.24199558313695427,0.30552928416768876,0.29189518877528553,0.15,0.188275980700761,0.23642491749422426,0.2936324383964069,0.2816666634086077,3.1806971360359044e-16,0.05054419882793597,parity_visibility,1.1102230246251565e-16,0.188275980700761,
Type3,16,random_uniform_08,random,0.16057994392007155,0.24199558313695427,0.30552928416768876,0.29189518877528553,0.2,0.2059649275668484,0.2396217175986183,0.28138880067015676,0.27302455416437643,2.7444166396354314e-16,0.02741083754073165,parity_visibility,1.1102230246251565e-16,0.2059649275668484,
Type3,16,random_uniform_08,random,0.16057994392007155,0.24199558313695427,0.30552928416768876,0.29189518877528553,0.3,0.22908911178413044,0.24432460357014313,0.26518627308213505,0.2614000115635912,2.6827613864719075e-15,0.0071493633565040855,parity_visibility,2.220446049250313e-16,0.22908911178413044,
Type3,16,random_uniform_09,random,0.03401246197781031,0.7774215637551664,0.0868108181804995,0.10175515608652375,0.0,0.0018556133588605716,0.969447996085593,0.012088128016280866,0.016608262539265402,4.4042716569207765e-18,0.6234313653046799,parity_visibility,2.220446049250313e-16,0.0018556133588605716,
Type3,16,random_uniform_09,random,0.03401246197781031,0.7774215637551664,0.0868108181804995,0.10175515608652375,0.0001,0.0019568178819861044,0.9692005046295427,0.012162085954189035,0.01668059153428213,3.2283189278958776e-17,0.6226590135499095,parity_visibility,1.1102230246251565e-16,0.0019568178819861044,
Type3,16,random_uniform_09,random,0.03401246197781031,0.7774215637551664,0.0868108181804995,0.10175515608652375,0.001,0.002866763160072461,0.966974600978893,0.012827389742883154,0.017331246118151324,1.0015986992112152e-16,0.6157483929411351,parity_visibility,1.1102230246251565e-16,0.002866763160072461,
Type3,16,random_uniform_09,random,0.03401246197781031,0.7774215637551664,0.0868108181804995,0.10175515608652375,0.005,0.006891417580184825,0.9571149286527936,0.015777329203688732,0.020216324563332715,6.218234753866474e-17,0.5859014988878819,parity_visibility,2.220446049250313e-16,0.006891417580184825,
Type3,16,random_uniform_09,random,0.03401246197781031,0.7774215637551664,0.0868108181804995,0.10175515608652375,0.01,0.011877147635288663,0.9448672884510211,0.019448537359434647,0.02380702655425549,1.8811142542062117e-17,0.5505124537172441,parity_visibility,1.1102230246251565e-16,0.011877147635288663,
Type3,16,random_uniform_09,random,0.03401246197781031,0.7774215637551664,0.0868108181804995,0.10175515608652375,0.02,0.021696979201343062,0.9206327035047313,0.02673545712289891,0.03093486017102641,1.2116814138863626e-16,0.48570174087772877,parity_visibility,3.3306690738754696e-16,0.021696979201343062,
Type3,16,random_uniform_09,random,0.03401246197781031,0.7774215637551664,0.0868108181804995,0.10175515608652375,0.05,0.049918700503358934,0.8500952818787685,0.04812398531592039,0.051862032301951945,1.3189709934776528e-16,0.3317973680856379,parity_visibility,2.220446049250313e-16,0.04812398531592039,
Type3,16,random_uniform_09,random,0.03401246197781031,0.7774215637551664,0.0868108181804995,0.10175515608652375,0.1,0.09267552063340607,0.740300584493571,0.08199924825586315,0.0850246466171595,9.938733841051765e-17,0.1725987284274788,parity_visibility,3.3306690738754696e-16,0.08199924825586315,
Type3,16,random_uniform_09,random,0.03401246197781031,0.7774215637551664,0.0868108181804995,0.10175515608652375,0.15,0.12985517548588016,0.6411831233671621,0.11328650926248583,0.11567519188447153,4.119152599724135e-17,0.08759601909000947,parity_visibility,4.440892098500626e-16,0.11328650926248583,
Type3,16,random_uniform_09,random,0.03401246197781031,0.7774215637551664,0.0868108181804995,0.10175515608652375,0.2,0.16130602551679296,0.5537356467579542,0.14156254095897397,0.14339578676627887,4.0217565428753056e-16,0.04326723073315045,parity_visibility,1.1102230246251565e-16,0.14156254095897397,
Type3,16,random_uniform_09,random,0.03401246197781031,0.7774215637551664,0.0868108181804995,0.10175515608652375,0.3,0.2073201532100873,0.41626122123913967,0.187721275792186,0.1886973497585869,1.7753966950201305e-16,0.009594578905751345,parity_visibility,2.220446049250313e-16,0.187721275792186,
Type3,16,random_uniform_10,random,0.3246978583097811,0.5923065763644233,0.060802427122963236,0.022193138202832478,0.0,0.22897119508309116,0.7619300672793381,0.008029043937486586,0.00106969370008405,2.6309001408140047e-17,0.46044525012283577,parity_visibility,1.1102230246251565e-16,0.00106969370008405,
Type3,16,random_uniform_10,random,0.3246978583097811,0.5923065763644233,0.060802427122963236,0.022193138202832478,0.0001,0.22899223556806092,0.7617287920840804,0.00811770979912629,0.001161262548732146,2.0153495492093125e-17,0.4599009306712656,parity_visibility,2.220446049250313e-16,0.001161262548732146,
Type3,16,random_uniform_10,random,0.3246978583097811,0.5923065763644233,0.060802427122963236,0.022193138202832478,0.001,0.2291811620958052,0.7599190996542933,0.008915043817066667,0.0019846944328347524,1.7104601321576115e-16,0.455029310799478,parity_visibility,1.1102230246251565e-16,0.0019846944328347524,
Type3,16,random_uniform_10,random,0.3246978583097811,0.5923065763644233,0.060802427122963236,0.022193138202832478,0.005,0.2300113146770236,0.7519149848735157,0.012444346206658219,0.00562935424280215,2.760163634230168e-17,0.43396093326885865,parity_visibility,2.220446049250313e-16,0.00562935424280215,
Type3,16,random_uniform_10,random,0.3246978583097811,0.5923065763644233,0.060802427122963236,0.022193138202832478,0.01,0.2310272129929781,0.7419997649054182,0.01682263803542642,0.010150384066177147,6.558948042401126e-17,0.40891894861353495,parity_visibility,1.1102230246251565e-16,0.010150384066177147,
Type3,16,random_uniform_10,random,0.3246978583097811,0.5923065763644233,0.060802427122963236,0.022193138202832478,0.02,0.23298682090882145,0.7224720073647065,0.025466422377345404,0.01907474934912642,1.1455372976646693e-16,0.36286856859863176,parity_visibility,2.220446049250313e-16,0.01907474934912642,
Type3,16,random_uniform_10,random,0.3246978583097811,0.5923065763644233,0.060802427122963236,0.022193138202832478,0.05,0.23829792659445637,0.6663627571962962,0.050464482654777314,0.04487483355446996,4.6056005448487825e-17,0.2523131177682108,parity_visibility,1.1102230246251565e-16,0.04487483355446996,
Type3,16,random_uniform_10,random,0.3246978583097811,0.5923065763644233,0.060802427122963236,0.022193138202832478,0.1,0.24533855954708972,0.5813957392315728,0.0888269595140259,0.08443874170731142,6.653898625044957e-17,0.13531273312692463,parity_visibility,2.220446049250313e-16,0.08443874170731142,
Type3,16,random_uniform_10,random,0.3246978583097811,0.5923065763644233,0.060802427122963236,0.022193138202832478,0.15,0.2503033489390307,0.507496400977347,0.12277933203238543,0.11942091805123667,1.0137026736047562e-16,0.07084598989464869,parity_visibility,1.1102230246251565e-16,0.11942091805123667,
Type3,16,random_uniform_10,random,0.3246978583097811,0.5923065763644233,0.060802427122963236,0.022193138202832478,0.2,0.25346547842313566,0.4448099884911384,0.15211155005331461,0.14961298303241116,1.9713934461642595e-16,0.03609902558081146,parity_visibility,2.220446049250313e-16,0.14961298303241116,
Type3,16,random_uniform_10,random,0.3246978583097811,0.5923065763644233,0.060802427122963236,0.022193138202832478,0.3,0.25569016926037985,0.35175736872458857,0.19690345134502768,0.1956490106700038,6.141808908487421e-16,0.00848916946704784,parity_visibility,2.220446049250313e-16,0.1956490106700038,
Type3,16,random_uniform_11,random,0.1689635603435395,0.021867438428871556,0.4188657395472879,0.3903032616803011,0.0,0.08001043588570471,0.0013401590906113765,0.4917113246240028,0.4269380803996809,9.12835564447859e-18,0.3568120134321828,parity_visibility,2.220446049250313e-16,0.0013401590906113765,
Type3,16,random_uniform_11,random,0.1689635603435395,0.021867438428871556,0.4188657395472879,0.3903032616803011,0.0001,0.08008160008435454,0.001449099583263498,0.4916057207052737,0.42686357962710797,1.3176442862333387e-16,0.3564126862434464,parity_visibility,3.3306690738754696e-16,0.001449099583263498,
Type3,16,random_uniform_11,random,0.1689635603435395,0.021867438428871556,0.4188657395472879,0.3903032616803011,0.001,0.08072129561834517,0.0024282541471209213,0.4906565487052682,0.4261939015292656,7.396587235479768e-17,0.3528375464169239,parity_visibility,1.1102230246251565e-16,0.0024282541471209213,
Type3,16,random_uniform_11,random,0.1689635603435395,0.021867438428871556,0.4188657395472879,0.3903032616803011,0.005,0.083547334998332,0.006751519951586516,0.4864655247412692,0.4232356203088122,1.1607404575810324e-16,0.33735090865332645,parity_visibility,2.220446049250313e-16,0.006751519951586516,
Type3,16,random_uniform_11,random,0.1689635603435395,0.021867438428871556,0.4188657395472879,0.3903032616803011,0.01,0.08704066457022858,0.012090071785136394,0.4812899513216461,0.41957931232298856,6.990889187686371e-17,0.31888800817483365,parity_visibility,4.440892098500626e-16,0.012090071785136394,
Type3,16,random_uniform_11,random,0.1689635603435395,0.021867438428871556,0.4188657395472879,0.3903032616803011,0.02,0.09389618809340118,0.022548665978693625,0.4711495967002691,0.4124055492276359,3.231219235048275e-17,0.2847662148977602,parity_visibility,2.220446049250313e-16,0.022548665978693625,
Type3,16,random_uniform_11,random,0.1689635603435395,0.021867438428871556,0.4188657395472879,0.3903032616803011,0.05,0.11340812674303603,0.05217829045942609,0.4424136122019014,0.3919999705956363,4.979489991899093e-17,0.20177378122942194,parity_visibility,2.220446049250313e-16,0.05217829045942609,
Type3,16,random_uniform_11,random,0.1689635603435395,0.021867438428871556,0.4188657395472879,0.3903032616803011,0.1,0.14240367232764806,0.0957970606968182,0.40008643160654583,0.3617128353689876,1.2746672141922524e-16,0.11160477265484557,parity_visibility,3.3306690738754696e-16,0.0957970606968182,
Type3,16,random_uniform_11,random,0.1689635603435395,0.021867438428871556,0.4188657395472879,0.3903032616803011,0.15,0.1670540754822064,0.13242922175157387,0.3645125538487198,0.3360041489174998,1.809057399231313e-16,0.06019563640753443,parity_visibility,0.0,0.13242922175157387,
Type3,16,random_uniform_11,random,0.1689635603435395,0.021867438428871556,0.4188657395472879,0.3903032616803011,0.2,0.18754014995430324,0.1624899096553809,0.33529753930551115,0.3146724010848046,2.807011837389624e-16,0.03154118763019405,parity_visibility,2.220446049250313e-16,0.1624899096553809,
Type3,16,random_uniform_11,random,0.1689635603435395,0.021867438428871556,0.4188657395472879,0.3903032616803011,0.3,0.21728087636714324,0.2053000333415027,0.2936417641674453,0.28377732612390866,1.7775687381026984e-15,0.007786304944671651,parity_visibility,0.0,0.2053000333415027,
Type3,16,random_uniform_12,random,0.2658791907038377,0.10404764663801176,0.2377695062573827,0.3923036564007679,0.0,0.24213303061785202,0.03708086571743768,0.19364115008959248,0.5271449535751176,2.301810492534712e-17,0.2919541537515271,parity_visibility,2.220446049250313e-16,0.03708086571743768,
Type3,16,random_uniform_12,random,0.2658791907038377,0.10404764663801176,0.2377695062573827,0.3923036564007679,0.0001,0.2421317805251712,0.037190837835496225,0.19367723686693714,0.5270001447723953,8.432041531947757e-17,0.2916455685692929,parity_visibility,1.1102230246251565e-16,0.037190837835496225,
Type3,16,random_uniform_12,random,0.2658791907038377,0.10404764663801176,0.2377695062573827,0.3923036564007679,0.001,0.24212067120611494,0.03817869653135534,0.194001239928111,0.5256993923344186,5.610873474613619e-17,0.2888818182500343,parity_visibility,1.1102230246251565e-16,0.03817869653135534,
Type3,16,random_uniform_12,random,0.2658791907038377,0.10404764663801176,0.2377695062573827,0.3923036564007679,0.005,0.24207434922835258,0.04252815191457856,0.19542439400405706,0.5199731048530116,6.410757965306324e-17,0.2768884583782013,parity_visibility,2.220446049250313e-16,0.04252815191457856,
Type3,16,random_uniform_12,random,0.2658791907038377,0.10404764663801176,0.2377695062573827,0.3923036564007679,0.01,0.24202332389460002,0.04787141537901932,0.19716500217022154,0.5129402585561591,1.0111266315126353e-16,0.2625430141521062,parity_visibility,0.0,0.04787141537901932,
Type3,16,random_uniform_12,random,0.2658791907038377,0.10404764663801176,0.2377695062573827,0.3923036564007679,0.02,0.24194336121797516,0.05825022185201761,0.20052082890686476,0.4992855880231423,4.647993156845643e-17,0.2358866116081239,parity_visibility,2.220446049250313e-16,0.05825022185201761,
Type3,16,random_uniform_12,random,0.2658791907038377,0.10404764663801176,0.2377695062573827,0.3923036564007679,0.05,0.24186470180846018,0.08700461911795342,0.2096304911765001,0.46150018789708613,1.6164133104052657e-16,0.1701442258641802,parity_visibility,2.220446049250313e-16,0.08700461911795342,
Type3,16,random_uniform_12,random,0.2658791907038377,0.10404764663801176,0.2377695062573827,0.3923036564007679,0.1,0.24217307265276822,0.1275346479569202,0.22192022647394638,0.4083720529163651,8.049446893081168e-17,0.09676737470497208,parity_visibility,2.220446049250313e-16,0.1275346479569202,
Type3,16,random_uniform_12,random,0.2658791907038377,0.10404764663801176,0.2377695062573827,0.3923036564007679,0.15,0.24286954927659105,0.15983041052317598,0.23112118267995066,0.3661788575202822,4.644266198823031e-16,0.053530215601672926,parity_visibility,2.220446049250313e-16,0.15983041052317598,
Type3,16,random_uniform_12,random,0.2658791907038377,0.10404764663801176,0.2377695062573827,0.3923036564007679,0.2,0.24379382226763324,0.18505735704338194,0.23780891963363684,0.3333399010553478,1.2113044918201457e-16,0.028688708795332276,parity_visibility,2.220446049250313e-16,0.18505735704338194,
Type3,16,random_uniform_12,random,0.2658791907038377,0.10404764663801176,0.2377695062573827,0.3923036564007679,0.3,0.2458367771086574,0.2187553423734541,0.24568085776083523,0.289727022757053,4.776111854585318e-16,0.007346423975761383,parity_visibility,3.3306690738754696e-16,0.2187553423734541,
Type3,16,random_uniform_13,random,0.1691905523346476,0.0193009801954885,0.454832197913982,0.35667626955588183,0.0,0.07883880071190005,0.0010259980208060723,0.5697576893687165,0.3503775118985771,1.4344449491318763e-17,0.36308826035937297,parity_visibility,2.220446049250313e-16,0.0010259980208060723,
Type3,16,random_uniform_13,random,0.1691905523346476,0.0193009801954885,0.454832197913982,0.35667626955588183,0.0001,0.07890966156062652,0.0011338466442573076,0.5696161942116256,0.3503402975834904,4.3518665414231647e-17,0.36268015213403937,parity_visibility,2.220446049250313e-16,0.0011338466442573076,
Type3,16,random_uniform_13,random,0.1691905523346476,0.0193009801954885,0.454832197913982,0.35667626955588183,0.001,0.07954665347381953,0.0021032237925524703,0.5683444574032143,0.35000566533041355,4.205906401030102e-17,0.3590264947473199,parity_visibility,2.220446049250313e-16,0.0021032237925524703,
Type3,16,random_uniform_13,random,0.1691905523346476,0.0193009801954885,0.454832197913982,0.35667626955588183,0.005,0.0823612504229419,0.006384103446041918,0.5627297497293846,0.3485248964016314,3.5289812553743145e-17,0.34320181507574155,parity_visibility,1.1102230246251565e-16,0.006384103446041918,
Type3,16,random_uniform_13,random,0.1691905523346476,0.0193009801954885,0.454832197913982,0.35667626955588183,0.01,0.08584157539327426,0.01167209519653694,0.5557973843559599,0.3466889450542285,4.613364651918213e-17,0.3243404714127345,parity_visibility,4.440892098500626e-16,0.01167209519653694,
Type3,16,random_uniform_13,random,0.1691905523346476,0.0193009801954885,0.454832197913982,0.35667626955588183,0.02,0.09267529689272505,0.02203743874175093,0.5422194431119118,0.34306782125361207,1.0443624406421979e-16,0.28949625781714355,parity_visibility,2.220446049250313e-16,0.02203743874175093,
Type3,16,random_uniform_13,random,0.1691905523346476,0.0193009801954885,0.454832197913982,0.35667626955588183,0.05,0.11215312799324018,0.05144627242948398,0.5037767106531912,0.3326238889240845,4.057597944790336e-17,0.2048345498185633,parity_visibility,2.220446049250313e-16,0.05144627242948398,
Type3,16,random_uniform_13,random,0.1691905523346476,0.0193009801954885,0.454832197913982,0.35667626955588183,0.1,0.14117985379951087,0.0948661992274201,0.44726377339561213,0.3166901735774566,1.4502296436604924e-16,0.11304057663833963,parity_visibility,2.220446049250313e-16,0.0948661992274201,
Type3,16,random_uniform_13,random,0.1691905523346476,0.0193009801954885,0.454832197913982,0.35667626955588183,0.15,0.16594167995215237,0.1314612817460154,0.39990437587434424,0.3026926624274878,8.441430490644254e-17,0.06084064423013595,parity_visibility,1.1102230246251565e-16,0.1314612817460154,
Type3,16,random_uniform_13,random,0.1691905523346476,0.0193009801954885,0.454832197913982,0.35667626955588183,0.2,0.18658673042025944,0.16159243907378404,0.3611440264435292,0.29067680406242696,4.279344374688626e-16,0.03181721988920361,parity_visibility,2.220446049250313e-16,0.16159243907378404,
Type3,16,random_uniform_13,random,0.1691905523346476,0.0193009801954885,0.454832197913982,0.35667626955588183,0.3,0.2166812649827693,0.20468813008346018,0.3062216210394129,0.27240898389435747,1.569434357979794e-15,0.007828871899440811,parity_visibility,0.0,0.20468813008346018,
Type3,16,random_uniform_14,random,0.17199931677888036,0.5483111474833887,0.13943975974374065,0.14024977599399022,0.0,0.08009849647498946,0.8140012490913755,0.0526434292658737,0.05325682516776131,1.0234200077434003e-16,0.36934232569070813,parity_visibility,0.0,0.0526434292658737,
Type3,16,random_uniform_14,random,0.17199931677888036,0.5483111474833887,0.13943975974374065,0.14024977599399022,0.0001,0.08018831485523067,0.8137456328306141,0.05272647256326576,0.05333957975088936,7.513594526129037e-17,0.36892546746283417,parity_visibility,1.1102230246251565e-16,0.05272647256326576,
Type3,16,random_uniform_14,random,0.17199931677888036,0.5483111474833887,0.13943975974374065,0.14024977599399022,0.001,0.08099528509345999,0.8114482992035859,0.053472951546210935,0.05408346415674315,9.774764327446068e-17,0.3651935700137295,parity_visibility,1.1102230246251565e-16,0.053472951546210935,
Type3,16,random_uniform_14,random,0.17199931677888036,0.5483111474833887,0.13943975974374065,0.14024977599399022,0.005,0.08455147716247369,0.8013078920988427,0.05677078287269534,0.057369847865988026,7.896637100872666e-17,0.34903204314640374,parity_visibility,3.3306690738754696e-16,0.05677078287269534,
Type3,16,random_uniform_14,random,0.17199931677888036,0.5483111474833887,0.13943975974374065,0.14024977599399022,0.01,0.08892724870934703,0.7887929970021615,0.06084740325697392,0.06143235103151731,6.616001195884596e-17,0.3297736644821152,parity_visibility,2.220446049250313e-16,0.06084740325697392,
Type3,16,random_uniform_14,random,0.17199931677888036,0.5483111474833887,0.13943975974374065,0.14024977599399022,0.02,0.09744854679362343,0.7642982951652072,0.06884790251925824,0.06940525552191101,2.8635170455337e-17,0.29420958375556194,parity_visibility,1.1102230246251565e-16,0.06884790251925824,
Type3,16,random_uniform_14,random,0.17199931677888036,0.5483111474833887,0.13943975974374065,0.14024977599399022,0.05,0.1211986577747203,0.6950814060068394,0.0916201425160644,0.09209979370237578,5.0991302067057743e-17,0.20788450099840938,parity_visibility,1.1102230246251565e-16,0.0916201425160644,
Type3,16,random_uniform_14,random,0.17199931677888036,0.5483111474833887,0.13943975974374065,0.14024977599399022,0.1,0.15496472379600643,0.5937490530318956,0.12545974362046597,0.12582647955163168,1.0116950995857534e-16,0.11447130618418691,parity_visibility,2.220446049250313e-16,0.12545974362046597,
Type3,16,random_uniform_14,random,0.17199931677888036,0.5483111474833887,0.13943975974374065,0.14024977599399022,0.15,0.18197225782251403,0.5093225450825003,0.15421579886662826,0.15448939822835725,2.696943031065593e-16,0.06148337245746183,parity_visibility,1.1102230246251565e-16,0.15421579886662826,
Type3,16,random_uniform_14,random,0.17199931677888036,0.5483111474833887,0.13943975974374065,0.14024977599399022,0.2,0.20294074073985136,0.44068326055007034,0.17808864675904715,0.1782873519510309,2.8957157445007506e-16,0.032092276591310545,parity_visibility,2.220446049250313e-16,0.17808864675904715,
Type3,16,random_uniform_14,random,0.17199931677888036,0.5483111474833887,0.13943975974374065,0.14024977599399022,0.3,0.2300903801596166,0.34453369025332964,0.21264013893570047,0.21273579065135312,1.5183326819601226e-15,0.007871288413508978,parity_visibility,2.220446049250313e-16,0.21264013893570047,
Type3,16,random_uniform_15,random,0.42129463203796985,0.039783634031408464,0.46128993462254153,0.07763179930808009,0.0,0.4460793264068342,0.003977856825107817,0.5347960635576989,0.015146753210358896,6.368929729503141e-17,0.3978870045686315,parity_visibility,2.220446049250313e-16,0.003977856825107817,
Type3,16,random_uniform_15,random,0.42129463203796985,0.039783634031408464,0.46128993462254153,0.07763179930808009,0.0001,0.44598959413866973,0.004087630376557492,0.5346687926141392,0.015253982870633384,5.150299308275561e-17,0.39743020975559873,parity_visibility,1.1102230246251565e-16,0.004087630376557492,
Type3,16,random_uniform_15,random,0.42129463203796985,0.039783634031408464,0.46128993462254153,0.07763179930808009,0.001,0.4451831126833248,0.00507428986472029,0.5335248680885079,0.016217729363446867,1.2839350952097589e-16,0.39334121059139304,parity_visibility,2.220446049250313e-16,0.00507428986472029,
Type3,16,random_uniform_15,random,0.42129463203796985,0.039783634031408464,0.46128993462254153,0.07763179930808009,0.005,0.4416229083866652,0.009431062171451949,0.5284737478964756,0.02047228154540718,1.0007892940588353e-16,0.3756422525454447,parity_visibility,1.1102230246251565e-16,0.009431062171451949,
Type3,16,random_uniform_15,random,0.42129463203796985,0.039783634031408464,0.46128993462254153,0.07763179930808009,0.01,0.43722814500390883,0.0148117996888332,0.5222356630964384,0.02572439221081925,6.389591478220714e-17,0.3545717347341463,parity_visibility,3.3306690738754696e-16,0.0148117996888332,
Type3,16,random_uniform_15,random,0.42129463203796985,0.039783634031408464,0.46128993462254153,0.07763179930808009,0.02,0.4286237129780174,0.025355482954855013,0.5100126198895598,0.036008184177567515,6.493432226019605e-17,0.3157220509638977,parity_visibility,2.220446049250313e-16,0.025355482954855013,
Type3,16,random_uniform_15,random,0.42129463203796985,0.039783634031408464,0.46128993462254153,0.07763179930808009,0.05,0.4042907599178016,0.055240461338139084,0.4753725300629692,0.06509624868108987,8.357988592433702e-17,0.2218050266740601,parity_visibility,2.220446049250313e-16,0.055240461338139084,
Type3,16,random_uniform_15,random,0.42129463203796985,0.039783634031408464,0.46128993462254153,0.07763179930808009,0.1,0.36863084610846997,0.09924707885465817,0.4243788655553479,0.10774320948152397,1.6856935562736206e-16,0.12100141312802445,parity_visibility,1.1102230246251565e-16,0.09924707885465817,
Type3,16,random_uniform_15,random,0.42129463203796985,0.039783634031408464,0.46128993462254153,0.07763179930808009,0.15,0.33891739363837375,0.13615626218453877,0.3816266327132251,0.14329971146386217,2.0363831955848855e-16,0.0644168996726112,parity_visibility,2.220446049250313e-16,0.13615626218453877,
Type3,16,random_uniform_15,random,0.42129463203796985,0.039783634031408464,0.46128993462254153,0.07763179930808009,0.2,0.31480319567257525,0.1663273468622386,0.346694529644954,0.17217492782023197,6.39619175250276e-17,0.03334768484480692,parity_visibility,2.220446049250313e-16,0.1663273468622386,
Type3,16,random_uniform_15,random,0.42129463203796985,0.039783634031408464,0.46128993462254153,0.07763179930808009,0.3,0.2812712597353999,0.20878558699406538,0.29757167236185966,0.2123714809086749,2.2215756514724665e-16,0.00806488501172967,parity_visibility,2.220446049250313e-16,0.20878558699406538,
Type3,16,random_uniform_16,random,0.049437522662532825,0.17140794747226523,0.2915817247880843,0.4875728050771177,0.0,0.00689301289087572,0.08286241753084998,0.23978184195948005,0.670462727618794,1.813461036278147e-17,0.35457189558482594,parity_visibility,2.220446049250313e-16,0.00689301289087572,
Type3,16,random_uniform_16,random,0.049437522662532825,0.17140794747226523,0.2915817247880843,0.4875728050771177,0.0001,0.006999927276386826,0.08293271809631808,0.23979701884638113,0.6702703357809137,2.1608688488366716e-17,0.3541757025233836,parity_visibility,3.3306690738754696e-16,0.006999927276386826,
Type3,16,random_uniform_16,random,0.049437522662532825,0.17140794747226523,0.2915817247880843,0.4875728050771177,0.001,0.007960858747687082,0.08356464088094873,0.23993318921102463,0.6685413111603393,4.6323037621181326e-17,0.35062858718187107,parity_visibility,2.220446049250313e-16,0.007960858747687082,
Type3,16,random_uniform_16,random,0.049437522662532825,0.17140794747226523,0.2915817247880843,0.4875728050771177,0.005,0.012203394207189676,0.08635613554697133,0.24052924793780525,0.6609112223080337,4.0391092381710026e-17,0.33526260332498026,parity_visibility,0.0,0.012203394207189676,
Type3,16,random_uniform_16,random,0.049437522662532825,0.17140794747226523,0.2915817247880843,0.4875728050771177,0.01,0.017441644684130973,0.08980629498754285,0.24125350859907532,0.6514985517292506,3.501295100895921e-17,0.3169419151748333,parity_visibility,2.220446049250313e-16,0.017441644684130973,
Type3,16,random_uniform_16,random,0.049437522662532825,0.17140794747226523,0.2915817247880843,0.4875728050771177,0.02,0.027701750256760697,0.09657557061094195,0.24263381284369265,0.6330888662886045,3.553756388891679e-17,0.28307796813414554,parity_visibility,2.220446049250313e-16,0.027701750256760697,
Type3,16,random_uniform_16,random,0.049437522662532825,0.17140794747226523,0.2915817247880843,0.4875728050771177,0.05,0.0567542064934537,0.11583056837733964,0.24625164803349336,0.5811635770957131,9.935903662109956e-17,0.20068133180499587,parity_visibility,2.220446049250313e-16,0.0567542064934537,
Type3,16,random_uniform_16,random,0.049437522662532825,0.17140794747226523,0.2915817247880843,0.4875728050771177,0.1,0.09948048077929242,0.1444107688583165,0.2506964186820857,0.5054123316803052,1.7277143934700927e-16,0.11109230554415914,parity_visibility,2.220446049250313e-16,0.09948048077929242,
Type3,16,random_uniform_16,random,0.049437522662532825,0.17140794747226523,0.2915817247880843,0.4875728050771177,0.15,0.13531954482838388,0.16867331731086727,0.25346003301014824,0.44254710485060045,8.744240938435176e-17,0.059965420236651294,parity_visibility,2.220446049250313e-16,0.13531954482838388,
Type3,16,random_uniform_16,random,0.049437522662532825,0.17140794747226523,0.2915817247880843,0.4875728050771177,0.2,0.16469611682569685,0.1888097949030054,0.2548951840674038,0.39159890420389376,4.562272919521567e-16,0.031442666205363796,parity_visibility,1.1102230246251565e-16,0.16469611682569685,
Type3,16,random_uniform_16,random,0.049437522662532825,0.17140794747226523,0.2915817247880843,0.4875728050771177,0.3,0.20647235900694094,0.2179917231456406,0.25511553803796744,0.32042037980945076,1.7784439593362957e-15,0.007771111948571871,parity_visibility,2.220446049250313e-16,0.20647235900694094,
Type3,16,random_uniform_17,random,0.035791139748394825,0.14562085841174305,0.2440285574073071,0.574559444432555,0.0,0.0031080683129121826,0.051450153213547414,0.14448434846092312,0.8009574300126173,3.3292224186721657e-17,0.4121549321059991,parity_visibility,0.0,0.0031080683129121826,
Type3,16,random_uniform_17,random,0.035791139748394825,0.14562085841174305,0.2440285574073071,0.574559444432555,0.0001,0.0032062031618047856,0.05152689328323467,0.1445421788015519,0.8007247247534086,9.84763350293762e-17,0.41167817517303595,parity_visibility,0.0,0.0032062031618047856,
Type3,16,random_uniform_17,random,0.035791139748394825,0.14562085841174305,0.2440285574073071,0.574559444432555,0.001,0.00408849901552928,0.05221688301833002,0.14506176982641444,0.7986328481397262,3.9055815991649664e-17,0.4074106803453713,parity_visibility,0.0,0.00408849901552928,
Type3,16,random_uniform_17,random,0.035791139748394825,0.14562085841174305,0.2440285574073071,0.574559444432555,0.005,0.007989779453618893,0.05526885078573024,0.14735186955523777,0.789389500205413,1.5685910751591489e-16,0.38894324433741523,parity_visibility,1.1102230246251565e-16,0.007989779453618893,
Type3,16,random_uniform_17,random,0.035791139748394825,0.14562085841174305,0.2440285574073071,0.574559444432555,0.01,0.012820171468684041,0.059049975726315096,0.15017049960110318,0.7779593532038974,9.770169653277797e-17,0.36696693703912575,parity_visibility,2.220446049250313e-16,0.012820171468684041,
Type3,16,random_uniform_17,random,0.035791139748394825,0.14562085841174305,0.2440285574073071,0.574559444432555,0.02,0.022325618796881327,0.0664982441967668,0.15566162163916838,0.7555145153671832,2.847957722318333e-17,0.32647495957398265,parity_visibility,3.3306690738754696e-16,0.022325618796881327,
Type3,16,random_uniform_17,random,0.035791139748394825,0.14562085841174305,0.2440285574073071,0.574559444432555,0.05,0.04957657793459454,0.08790999352072697,0.17097775125331335,0.6915356772913649,1.7970982983375432e-16,0.22876313793786776,parity_visibility,2.220446049250313e-16,0.04957657793459454,
Type3,16,random_uniform_17,random,0.035791139748394825,0.14562085841174305,0.2440285574073071,0.574559444432555,0.1,0.09065639117593,0.12036727742890177,0.19275506818833715,0.5962212632068309,1.0289568116198942e-16,0.12426545729837228,parity_visibility,2.220446049250313e-16,0.09065639117593,
Type3,16,random_uniform_17,random,0.035791139748394825,0.14562085841174305,0.2440285574073071,0.574559444432555,0.15,0.12618960573408222,0.14864465123060236,0.2101159998075965,0.5150497432277188,1.0380675195972757e-16,0.06588320987051711,parity_visibility,2.220446049250313e-16,0.12618960573408222,
Type3,16,random_uniform_17,random,0.035791139748394825,0.14562085841174305,0.2440285574073071,0.574559444432555,0.2,0.15619032067244215,0.17269715196757235,0.2234770015914675,0.4476355257685179,3.4956807649457915e-16,0.0339751949340709,parity_visibility,2.220446049250313e-16,0.15619032067244215,
Type3,16,random_uniform_17,random,0.035791139748394825,0.14562085841174305,0.2440285574073071,0.574559444432555,0.3,0.2005564061347221,0.2086693107729204,0.2403015621889768,0.35047272090338055,1.6862114804451763e-15,0.008161653388305521,parity_visibility,1.1102230246251565e-16,0.2005564061347221,
Type3,16,random_uniform_18,random,0.502189848393614,0.25611739206623996,0.16049017372090663,0.08120258581923928,0.0,0.7202644836492197,0.18734162517054903,0.07356191657717193,0.018831974603059257,7.215678542346959e-18,0.3501417181531104,parity_visibility,1.1102230246251565e-16,0.018831974603059257,
Type3,16,random_uniform_18,random,0.502189848393614,0.25611739206623996,0.16049017372090663,0.08120258581923928,0.0001,0.7200463464217038,0.1873822333736724,0.07363739481145785,0.018934025393165674,3.3058102001603687e-17,0.3497517233102232,parity_visibility,2.220446049250313e-16,0.018934025393165674,
Type3,16,random_uniform_18,random,0.502189848393614,0.25611739206623996,0.16049017372090663,0.08120258581923928,0.001,0.7180860284066977,0.18774691822049885,0.07431582519387396,0.019851228178929266,1.0142798311730684e-16,0.3462600306962119,parity_visibility,3.3306690738754696e-16,0.019851228178929266,
Type3,16,random_uniform_18,random,0.502189848393614,0.25611739206623996,0.16049017372090663,0.08120258581923928,0.005,0.7094369900111941,0.1893506068589379,0.07731203442478334,0.023900368705084583,2.624328431348363e-16,0.3311326584887807,parity_visibility,1.1102230246251565e-16,0.023900368705084583,
Type3,16,random_uniform_18,random,0.502189848393614,0.25611739206623996,0.16049017372090663,0.08120258581923928,0.01,0.698771255773441,0.19131610892653259,0.08101355116846203,0.0288990841315641,2.3569645114243514e-17,0.31309321708120674,parity_visibility,3.3306690738754696e-16,0.0288990841315641,
Type3,16,random_uniform_18,random,0.502189848393614,0.25611739206623996,0.16049017372090663,0.08120258581923928,0.02,0.6779236026647527,0.19511823613155663,0.08827057647667422,0.038687584727016354,6.234438782455907e-17,0.27973920061342894,parity_visibility,0.0,0.038687584727016354,
Type3,16,random_uniform_18,random,0.502189848393614,0.25611739206623996,0.16049017372090663,0.08120258581923928,0.05,0.6192177635025755,0.20552323549800097,0.10887223493348382,0.06638676606593949,4.269453513604982e-17,0.19852084511850587,parity_visibility,1.1102230246251565e-16,0.06638676606593949,
Type3,16,random_uniform_18,random,0.502189848393614,0.25611739206623996,0.16049017372090663,0.08120258581923928,0.1,0.5338539060697636,0.21974186795233047,0.13933140200895597,0.1070728239689498,8.128120338384749e-17,0.11007882304771899,parity_visibility,2.220446049250313e-16,0.1070728239689498,
Type3,16,random_uniform_18,random,0.502189848393614,0.25611739206623996,0.16049017372090663,0.08120258581923928,0.15,0.4633022475164712,0.23048234536679185,0.16506273563509866,0.1411526714816382,1.984242415695358e-16,0.05951013236603066,parity_visibility,0.0,0.1411526714816382,
Type3,16,random_uniform_18,random,0.502189848393614,0.25611739206623996,0.16049017372090663,0.08120258581923928,0.2,0.40635713426480613,0.23827242544232863,0.18631617509069112,0.16905426520217395,3.079186868216878e-16,0.03124782494139246,parity_visibility,2.220446049250313e-16,0.16905426520217395,
Type3,16,random_uniform_18,random,0.502189848393614,0.25611739206623996,0.16049017372090663,0.08120258581923928,0.3,0.3272540537776366,0.24714601353906943,0.21691342134190011,0.20868651134139365,9.29315939813405e-16,0.007741065463061792,parity_visibility,2.220446049250313e-16,0.20868651134139365,
Type3,16,random_uniform_19,random,0.15884235533209845,0.17382941781078884,0.5758011265615063,0.09152710029560646,0.0,0.06381562805542546,0.0764259705530211,0.8385702133557442,0.021188188035809085,1.9028461870203736e-17,0.3953717077819076,parity_visibility,1.1102230246251565e-16,0.021188188035809085,
Type3,16,random_uniform_19,random,0.15884235533209845,0.17382941781078884,0.5758011265615063,0.09152710029560646,0.0001,0.06389095369572152,0.07649558540780153,0.8383126611632922,0.021300799733184446,3.8730804852402454e-17,0.39491843209637156,parity_visibility,3.3306690738754696e-16,0.021300799733184446,
Type3,16,random_uniform_19,random,0.15884235533209845,0.17382941781078884,0.5758011265615063,0.09152710029560646,0.001,0.06456814221036403,0.07712144645897206,0.8359976547558708,0.022312756574792883,6.019630645850391e-17,0.39086089998073076,parity_visibility,1.1102230246251565e-16,0.022312756574792883,
Type3,16,random_uniform_19,random,0.15884235533209845,0.17382941781078884,0.5758011265615063,0.09152710029560646,0.005,0.0675616730637629,0.07988837167928735,0.825773321221714,0.026776634035235548,3.2192213909179325e-17,0.37329741712159203,parity_visibility,2.220446049250313e-16,0.026776634035235548,
Type3,16,random_uniform_19,random,0.15884235533209845,0.17382941781078884,0.5758011265615063,0.09152710029560646,0.01,0.07126626247290893,0.08331318790532732,0.8131413955637772,0.032279154057986585,2.6061230818342488e-17,0.35238658118280886,parity_visibility,0.0,0.032279154057986585,
Type3,16,random_uniform_19,random,0.15884235533209845,0.17382941781078884,0.5758011265615063,0.09152710029560646,0.02,0.07855017055570616,0.09004917342459036,0.7883737211361854,0.0430269348835178,8.964208069877146e-17,0.3138264178101655,parity_visibility,2.220446049250313e-16,0.0430269348835178,
Type3,16,random_uniform_19,random,0.15884235533209845,0.17382941781078884,0.5758011265615063,0.09152710029560646,0.05,0.09938532543168954,0.10933358741892805,0.7180556775447908,0.07322540960459138,7.613968184602191e-17,0.22057837936612518,parity_visibility,2.220446049250313e-16,0.07322540960459138,
Type3,16,random_uniform_19,random,0.15884235533209845,0.17382941781078884,0.5758011265615063,0.09152710029560646,0.1,0.13065202566578302,0.13832373928525482,0.6141461580810296,0.1168780769679325,5.232091474507338e-17,0.12042599390249939,parity_visibility,1.1102230246251565e-16,0.1168780769679325,
Type3,16,random_uniform_19,random,0.15884235533209845,0.17382941781078884,0.5758011265615063,0.09152710029560646,0.15,0.15754577868152564,0.1633158573460345,0.526572769951849,0.1525655940205908,8.380235342141672e-17,0.06415840345306753,parity_visibility,1.1102230246251565e-16,0.1525655940205908,
Type3,16,random_uniform_19,random,0.15884235533209845,0.17382941781078884,0.5758011265615063,0.09152710029560646,0.2,0.18013152432778148,0.184353829794388,0.4545988319808905,0.18091581389693998,1.8164468509487637e-16,0.033237060922234496,parity_visibility,0.0,0.18013152432778148,
Type3,16,random_uniform_19,random,0.15884235533209845,0.17382941781078884,0.5758011265615063,0.09152710029560646,0.3,0.2133092528955971,0.2153680926703572,0.3523866610144005,0.21893599341964504,1.7304447725345844e-15,0.008047825688571531,parity_visibility,2.220446049250313e-16,0.2133092528955971,
Type3,16,random_uniform_20,random,0.20996424289830273,0.05641499292482511,0.4721442261121293,0.26147653806474286,0.0,0.13021405874546274,0.009400615104296444,0.6584405385800084,0.20194478757023207,2.3250809937075614e-17,0.33855778493190947,parity_visibility,4.440892098500626e-16,0.009400615104296444,
Type3,16,random_uniform_20,random,0.20996424289830273,0.05641499292482511,0.4721442261121293,0.26147653806474286,0.0001,0.1302643812229026,0.0095107750402572,0.6582472489213198,0.20197759481552016,2.2481017703094347e-17,0.3381839970583681,parity_visibility,3.3306690738754696e-16,0.0095107750402572,
Type3,16,random_uniform_20,random,0.20996424289830273,0.05641499292482511,0.4721442261121293,0.26147653806474286,0.001,0.1307167148891093,0.010500749368303216,0.6565103525105069,0.20227218323208032,1.76615836117514e-16,0.334837222607164,parity_visibility,2.220446049250313e-16,0.010500749368303216,
Type3,16,random_uniform_20,random,0.20996424289830273,0.05641499292482511,0.4721442261121293,0.26147653806474286,0.005,0.13271469558545615,0.014868751730892613,0.6488497764182886,0.20356677626536243,3.748793513693411e-17,0.32033376703868044,parity_visibility,2.220446049250313e-16,0.014868751730892613,
Type3,16,random_uniform_20,random,0.20996424289830273,0.05641499292482511,0.4721442261121293,0.26147653806474286,0.01,0.13518369019705498,0.02025566296540192,0.6394091235008704,0.20515152333667253,5.931870915352559e-17,0.3030297235998929,parity_visibility,2.220446049250313e-16,0.02025566296540192,
Type3,16,random_uniform_20,random,0.20996424289830273,0.05641499292482511,0.4721442261121293,0.26147653806474286,0.02,0.14002656861893478,0.030786625570988237,0.6209759392312587,0.20821086657881818,9.876305732340739e-17,0.2710090626906875,parity_visibility,1.1102230246251565e-16,0.030786625570988237,
Type3,16,random_uniform_20,random,0.20996424289830273,0.05641499292482511,0.4721442261121293,0.26147653806474286,0.05,0.15379257437409652,0.06045481842177532,0.5692154911827733,0.21653711602135486,1.5590448351398067e-16,0.19287165072678092,parity_visibility,1.1102230246251565e-16,0.06045481842177532,
Type3,16,random_uniform_20,random,0.20996424289830273,0.05641499292482511,0.4721442261121293,0.26147653806474286,0.1,0.17420235111427546,0.10365064310355014,0.4943639462503408,0.22778305953183353,7.578929936433205e-17,0.10742879068658366,parity_visibility,0.0,0.10365064310355014,
Type3,16,random_uniform_20,random,0.20996424289830273,0.05641499292482511,0.4721442261121293,0.26147653806474286,0.15,0.19151379439631544,0.13943799677304947,0.4329087693540695,0.23613943947656527,6.190578791565345e-17,0.05831965537702008,parity_visibility,3.3306690738754696e-16,0.13943799677304947,
Type3,16,random_uniform_20,random,0.20996424289830273,0.05641499292482511,0.4721442261121293,0.26147653806474286,0.2,0.20588082102093147,0.168426045959698,0.3836083342201704,0.2420847987992,2.2040327304311596e-16,0.0307383581705088,parity_visibility,1.1102230246251565e-16,0.168426045959698,
Type3,16,random_uniform_20,random,0.20996424289830273,0.05641499292482511,0.4721442261121293,0.26147653806474286,0.3,0.22674146185678057,0.20900176519577884,0.31564326654783725,0.24861350639960306,2.0554829664061535e-15,0.007662500555212205,parity_visibility,2.220446049250313e-16,0.20900176519577884,
Type3,16,random_uniform_21,random,0.04273310106237775,0.36079082984074407,0.5201426341819894,0.0763334349148887,0.0,0.0044717098219758805,0.31875409659948367,0.6625058221933101,0.01426837138523012,1.8541144155439295e-17,0.408371294003264,parity_visibility,2.220446049250313e-16,0.0044717098219758805,
Type3,16,random_uniform_21,random,0.04273310106237775,0.36079082984074407,0.5201426341819894,0.0763334349148887,0.0001,0.004576507264851519,0.31871909574513024,0.6623267502265243,0.014377646763493755,1.1884832151039508e-16,0.40789983072191094,parity_visibility,2.220446049250313e-16,0.004576507264851519,
Type3,16,random_uniform_21,random,0.04273310106237775,0.36079082984074407,0.5201426341819894,0.0763334349148887,0.001,0.0055185456405023635,0.31840458234791064,0.6607171086929788,0.01535976331860797,1.416012671218805e-16,0.4036796702384717,parity_visibility,2.220446049250313e-16,0.0055185456405023635,
Type3,16,random_uniform_21,random,0.04273310106237775,0.36079082984074407,0.5201426341819894,0.0763334349148887,0.005,0.009680556352063026,0.31701750505294546,0.6536068798844198,0.019695058710571613,6.282303879008394e-17,0.3854160229370778,parity_visibility,1.1102230246251565e-16,0.009680556352063026,
Type3,16,random_uniform_21,random,0.04273310106237775,0.36079082984074407,0.5201426341819894,0.0763334349148887,0.01,0.014825937454094537,0.31530833988431334,0.6448196936176264,0.025046029043965665,4.394419456522454e-17,0.3636799172803413,parity_visibility,1.1102230246251565e-16,0.014825937454094537,
Type3,16,random_uniform_21,random,0.04273310106237775,0.36079082984074407,0.5201426341819894,0.0763334349148887,0.02,0.024925465481294103,0.3119721103486943,0.6275817775261177,0.035520646643893726,6.69984899153081e-17,0.32362345120839875,parity_visibility,2.220446049250313e-16,0.024925465481294103,
Type3,16,random_uniform_21,random,0.04273310106237775,0.36079082984074407,0.5201426341819894,0.0763334349148887,0.05,0.05368185851919134,0.3026157783025983,0.5785761785490802,0.06512618462913013,1.0445239714622283e-16,0.22691795230513567,parity_visibility,1.1102230246251565e-16,0.05368185851919134,
Type3,16,random_uniform_21,random,0.04273310106237775,0.36079082984074407,0.5201426341819894,0.0763334349148887,0.1,0.0964244689600223,0.28915062288071114,0.5059705073109733,0.10845440084829307,8.409853484503782e-17,0.1233998822623627,parity_visibility,2.220446049250313e-16,0.0964244689600223,
Type3,16,random_uniform_21,random,0.04273310106237775,0.36079082984074407,0.5201426341819894,0.0763334349148887,0.15,0.13271679886643603,0.2782205245417524,0.444589006468094,0.14447367012371734,7.001704018332994e-17,0.06549436663307456,parity_visibility,1.1102230246251565e-16,0.13271679886643603,
Type3,16,random_uniform_21,random,0.04273310106237775,0.36079082984074407,0.5201426341819894,0.0763334349148887,0.2,0.16276664763192356,0.2696193299561171,0.39400394446727105,0.17361007794468816,2.2034624770844183e-16,0.033808788770500746,parity_visibility,1.1102230246251565e-16,0.16276664763192356,
Type3,16,random_uniform_21,random,0.04273310106237775,0.36079082984074407,0.5201426341819894,0.0763334349148887,0.3,0.20588491719633392,0.25830930680909586,0.3219680442269985,0.21383773176757156,6.430308281340605e-16,0.008135991881699643,parity_visibility,1.1102230246251565e-16,0.20588491719633392,
Type3,16,random_uniform_22,random,0.04828624159850019,0.563418065846054,0.30657613897489155,0.0817195535805542,0.0,0.00554554630328989,0.7550210615888133,0.22354977165705728,0.01588362045083929,5.3629307048038634e-17,0.42043849247557374,parity_visibility,3.3306690738754696e-16,0.00554554630328989,
Type3,16,random_uniform_22,random,0.04828624159850019,0.563418065846054,0.30657613897489155,0.0817195535805542,0.0001,0.005659078530425587,0.7548064792521121,0.22355483939720003,0.015979602820262156,7.633917202898596e-17,0.41995014609311876,parity_visibility,2.220446049250313e-16,0.005659078530425587,
Type3,16,random_uniform_22,random,0.04828624159850019,0.563418065846054,0.30657613897489155,0.0817195535805542,0.001,0.006679467381005599,0.7528775261079668,0.22360051680096968,0.016842489710057744,3.3283989272477047e-17,0.4155790216668249,parity_visibility,2.220446049250313e-16,0.006679467381005599,
Type3,16,random_uniform_22,random,0.04828624159850019,0.563418065846054,0.30657613897489155,0.0817195535805542,0.005,0.011184000848626197,0.7443542946631242,0.2238049864152625,0.020656718072987,6.906877010689674e-17,0.39666542880992844,parity_visibility,1.1102230246251565e-16,0.011184000848626197,
Type3,16,random_uniform_22,random,0.04828624159850019,0.563418065846054,0.30657613897489155,0.0817195535805542,0.01,0.016744522966892234,0.7338151106270071,0.22406384823647507,0.02537651816962543,1.4287217002384084e-17,0.3741632454250125,parity_visibility,2.220446049250313e-16,0.016744522966892234,
Type3,16,random_uniform_22,random,0.04828624159850019,0.563418065846054,0.30657613897489155,0.0817195535805542,0.02,0.02763147041598323,0.7131214290849064,0.22459200385744477,0.03465509664166541,9.670733669655055e-17,0.3327177980932334,parity_visibility,2.220446049250313e-16,0.02763147041598323,
Type3,16,random_uniform_22,random,0.04828624159850019,0.563418065846054,0.30657613897489155,0.0817195535805542,0.05,0.05841755656638655,0.6541474067124794,0.22625051818202596,0.06118451853910779,9.22146052823871e-17,0.23280282306810235,parity_visibility,2.220446049250313e-16,0.05841755656638655,
Type3,16,random_uniform_22,random,0.04828624159850019,0.563418065846054,0.30657613897489155,0.0817195535805542,0.1,0.10351127395738495,0.5663362332976561,0.2291964718022272,0.10095602094273151,9.71595034191456e-17,0.12616047021200127,parity_visibility,3.3306690738754696e-16,0.10095602094273151,
Type3,16,random_uniform_22,random,0.04828624159850019,0.563418065846054,0.30657613897489155,0.0817195535805542,0.15,0.14102319728037332,0.4916234815905823,0.23224916905185392,0.13510415207719034,2.588930777573613e-16,0.06673450863223743,parity_visibility,2.220446049250313e-16,0.13510415207719034,
Type3,16,random_uniform_22,random,0.04828624159850019,0.563418065846054,0.30657613897489155,0.0817195535805542,0.2,0.17136699230395094,0.42965581965648203,0.23527218239720593,0.16370500564236107,5.33671891941958e-17,0.0343395097719003,parity_visibility,0.0,0.16370500564236107,
Type3,16,random_uniform_22,random,0.04828624159850019,0.563418065846054,0.30657613897489155,0.0817195535805542,0.3,0.21318328431247532,0.3406131349599397,0.24075604730283373,0.205447533424751,4.1997699153742213e-16,0.00821783440598536,parity_visibility,2.220446049250313e-16,0.205447533424751,
Type3,16,random_uniform_23,random,0.1302281316996393,0.06642164552786325,0.763868480308247,0.03948174246425049,0.0,0.027966136756902415,0.007275152781545476,0.9621882230603467,0.002570487401205191,8.059119055359733e-17,0.606425064477051,parity_visibility,2.220446049250313e-16,0.002570487401205191,
Type3,16,random_uniform_23,random,0.1302281316996393,0.06642164552786325,0.763868480308247,0.03948174246425049,0.0001,0.02803553478154844,0.0073521003645493155,0.9619399814897281,0.002672383364173786,2.674011971768589e-17,0.6056765060738941,parity_visibility,3.3306690738754696e-16,0.002672383364173786,
Type3,16,random_uniform_23,random,0.1302281316996393,0.06642164552786325,0.763868480308247,0.03948174246425049,0.001,0.02865981508423461,0.00804427274574939,0.9597073872315431,0.0035885249384725233,5.4715319537280087e-17,0.5989786389250222,parity_visibility,3.3306690738754696e-16,0.0035885249384725233,
Type3,16,random_uniform_23,random,0.1302281316996393,0.06642164552786325,0.763868480308247,0.03948174246425049,0.005,0.03142777201931488,0.011112793302638455,0.949819296724874,0.007640137953172558,7.195640451588705e-17,0.5700477130365275,parity_visibility,1.1102230246251565e-16,0.007640137953172558,
Type3,16,random_uniform_23,random,0.1302281316996393,0.06642164552786325,0.763868480308247,0.03948174246425049,0.01,0.03487229872788625,0.014930299052881693,0.9375391678229165,0.012658234396315428,1.0316564573691565e-16,0.535738301082552,parity_visibility,2.220446049250313e-16,0.012658234396315428,
Type3,16,random_uniform_23,random,0.1302281316996393,0.06642164552786325,0.763868480308247,0.03948174246425049,0.02,0.0417085567100691,0.02250331013917812,0.9132497647162549,0.022538368434497833,7.631822935802794e-17,0.47288507930468837,parity_visibility,1.1102230246251565e-16,0.02250331013917812,
Type3,16,random_uniform_23,random,0.1302281316996393,0.06642164552786325,0.763868480308247,0.03948174246425049,0.05,0.061767681597555295,0.044696776112182354,0.8426296520260822,0.05090589026417997,1.953511772187468e-17,0.3235038206846916,parity_visibility,1.1102230246251565e-16,0.044696776112182354,
Type3,16,random_uniform_23,random,0.1302281316996393,0.06642164552786325,0.763868480308247,0.03948174246425049,0.1,0.09351055199830827,0.0797288719412642,0.7329674238008139,0.09379315225961346,4.331812698086714e-17,0.16870823228287582,parity_visibility,1.1102230246251565e-16,0.0797288719412642,
Type3,16,random_uniform_23,random,0.1302281316996393,0.06642164552786325,0.763868480308247,0.03948174246425049,0.15,0.12278803069868759,0.11193553895269334,0.6342996046943513,0.13097682565426755,1.327990124675571e-16,0.08584828717401127,parity_visibility,2.220446049250313e-16,0.11193553895269334,
Type3,16,random_uniform_23,random,0.1302281316996393,0.06642164552786325,0.763868480308247,0.03948174246425049,0.2,0.14920353221992821,0.1408971460264872,0.5475687146625784,0.16233060709100602,2.1149955693680207e-16,0.0425192857129331,parity_visibility,2.220446049250313e-16,0.1408971460264872,
Type3,16,random_uniform_23,random,0.1302281316996393,0.06642164552786325,0.763868480308247,0.03948174246425049,0.3,0.19220785235754692,0.18780885715095957,0.4120011442707431,0.2079821462207502,7.41241393757809e-16,0.009479238249700303,parity_visibility,2.220446049250313e-16,0.18780885715095957,
Type3,16,random_uniform_24,random,0.2960536843907933,0.060921058744540006,0.2372879365639868,0.4057373203006797,0.0,0.28066376265888393,0.011884482823965934,0.18030041328634172,0.5271513412308082,5.803876723517226e-17,0.3122874973634898,parity_visibility,2.220446049250313e-16,0.011884482823965934,
Type3,16,random_uniform_24,random,0.2960536843907933,0.060921058744540006,0.2372879365639868,0.4057373203006797,0.0001,0.28064262967023645,0.012003147644279979,0.1803418496357141,0.5270123730497693,2.744790227435237e-17,0.3119504639961421,parity_visibility,2.220446049250313e-16,0.012003147644279979,
Type3,16,random_uniform_24,random,0.2960536843907933,0.060921058744540006,0.2372879365639868,0.4057373203006797,0.001,0.28045289486927283,0.013069259491096516,0.18071397576093698,0.5257638698786935,7.643714585520085e-17,0.30893233800467407,parity_visibility,2.220446049250313e-16,0.013069259491096516,
Type3,16,random_uniform_24,random,0.2960536843907933,0.060921058744540006,0.2372879365639868,0.4057373203006797,0.005,0.2796196488762655,0.017766872586875232,0.18235048918733504,0.5202629893495242,1.3995259979579582e-16,0.29584381372169566,parity_visibility,0.0,0.017766872586875232,
Type3,16,random_uniform_24,random,0.2960536843907933,0.060921058744540006,0.2372879365639868,0.4057373203006797,0.01,0.27860089684694306,0.023545975081735514,0.1843565191545957,0.5134966089167254,9.605779586791206e-17,0.28020752127459136,parity_visibility,3.3306690738754696e-16,0.023545975081735514,
Type3,16,random_uniform_24,random,0.2960536843907933,0.060921058744540006,0.2372879365639868,0.4057373203006797,0.02,0.27663812837427726,0.03479736290474013,0.18823842916416456,0.500326079556818,1.6881743982003225e-17,0.25121067216451975,parity_visibility,1.1102230246251565e-16,0.03479736290474013,
Type3,16,random_uniform_24,random,0.2960536843907933,0.060921058744540006,0.2372879365639868,0.4057373203006797,0.05,0.27132306135416484,0.06615482484998911,0.1988795852682819,0.463642528527564,7.409619927540275e-17,0.18006028878549285,parity_visibility,2.220446049250313e-16,0.06615482484998911,
Type3,16,random_uniform_24,random,0.2960536843907933,0.060921058744540006,0.2372879365639868,0.4057373203006797,0.1,0.26420809917356675,0.11084840050140873,0.21351889593507245,0.41142460438995193,5.2508644850799334e-17,0.10141899152223482,parity_visibility,2.220446049250313e-16,0.11084840050140873,
Type3,16,random_uniform_24,random,0.2960536843907933,0.060921058744540006,0.2372879365639868,0.4057373203006797,0.15,0.2589680442851119,0.14691510534642824,0.22475808664314506,0.3693587637253147,2.690226481199069e-16,0.05561986660513221,parity_visibility,2.220446049250313e-16,0.14691510534642824,
Type3,16,random_uniform_24,random,0.2960536843907933,0.060921058744540006,0.2372879365639868,0.4057373203006797,0.2,0.2552586875334877,0.1753951994656091,0.23314243821350794,0.3362036747873951,3.5912143052973567e-16,0.029582978704648988,parity_visibility,2.220446049250313e-16,0.1753951994656091,
Type3,16,random_uniform_24,random,0.2960536843907933,0.060921058744540006,0.2372879365639868,0.4057373203006797,0.3,0.25116989673695567,0.21389931856946973,0.24341715724778867,0.2915136274457858,7.057385119484155e-16,0.007484329403619341,parity_visibility,1.1102230246251565e-16,0.21389931856946973,
Type3,16,random_uniform_25,random,0.15989987371666417,0.44246520221443625,0.23465674172319453,0.1629781823457051,0.0,0.08439134448695443,0.646189514788845,0.1817472032364447,0.08767193748775577,4.8623694430875846e-17,0.3029690991421226,parity_visibility,1.1102230246251565e-16,0.08439134448695443,
Type3,16,random_uniform_25,random,0.15989987371666417,0.44246520221443625,0.23465674172319453,0.1629781823457051,0.0001,0.08448487319331782,0.6459853105602408,0.1817776127346586,0.0877522035117823,5.3887854606621256e-17,0.30264510305593373,parity_visibility,5.551115123125783e-16,0.08448487319331782,
Type3,16,random_uniform_25,random,0.15989987371666417,0.44246520221443625,0.23465674172319453,0.1629781823457051,0.001,0.08532488299151506,0.644150899872061,0.18205089217805218,0.0884733249583716,6.667578101970484e-17,0.2997435527667559,parity_visibility,2.220446049250313e-16,0.08532488299151506,
Type3,16,random_uniform_25,random,0.15989987371666417,0.44246520221443625,0.23465674172319453,0.1629781823457051,0.005,0.08902032083998658,0.6360723811922215,0.183256635426829,0.0916506625409626,2.859818625405296e-17,0.2871569222350302,parity_visibility,2.220446049250313e-16,0.08902032083998658,
Type3,16,random_uniform_25,random,0.15989987371666417,0.44246520221443625,0.23465674172319453,0.1629781823457051,0.01,0.09355315569707508,0.6261440696520041,0.18474358645875674,0.09555918819216375,3.061629997396813e-17,0.27211220183806495,parity_visibility,2.220446049250313e-16,0.09355315569707508,
Type3,16,random_uniform_25,random,0.15989987371666417,0.44246520221443625,0.23465674172319453,0.1629781823457051,0.02,0.10233476228520162,0.6068469501948999,0.18765039752333615,0.10316788999656212,9.97895532476724e-17,0.2441879364375324,parity_visibility,2.220446049250313e-16,0.10233476228520162,
Type3,16,random_uniform_25,random,0.15989987371666417,0.44246520221443625,0.23465674172319453,0.1629781823457051,0.05,0.12648707381439417,0.5533021765895483,0.19584129059635708,0.12436945899970031,8.897772712022957e-17,0.17551593912749758,parity_visibility,1.1102230246251565e-16,0.12436945899970031,
Type3,16,random_uniform_25,random,0.15989987371666417,0.44246520221443625,0.23465674172319453,0.1629781823457051,0.1,0.159980206010282,0.47764227836411816,0.20778562609639328,0.15459188952920633,1.0588233481866275e-16,0.09928724090100591,parity_visibility,2.220446049250313e-16,0.15459188952920633,
Type3,16,random_uniform_25,random,0.15989987371666417,0.44246520221443625,0.23465674172319453,0.1629781823457051,0.15,0.18603160897016002,0.41723501003437347,0.21772464015555124,0.17900874083991514,9.035113709995098e-17,0.05466221789936518,parity_visibility,1.1102230246251565e-16,0.17900874083991514,
Type3,16,random_uniform_25,random,0.15989987371666417,0.44246520221443625,0.23465674172319453,0.1629781823457051,0.2,0.20580237131729587,0.37002579605760383,0.22583583856336686,0.19833599406173322,2.4026159446411864e-16,0.0291731512167833,parity_visibility,2.220446049250313e-16,0.19833599406173322,
Type3,16,random_uniform_25,random,0.15989987371666417,0.44246520221443625,0.23465674172319453,0.1629781823457051,0.3,0.23088303609635796,0.3071044962212747,0.23738802226277225,0.22462444541959486,6.95526669567579e-16,0.007421129876862168,parity_visibility,2.220446049250313e-16,0.22462444541959486,
Type3,16,random_uniform_26,random,0.1259847551078526,0.031277684301438166,0.7584447370265346,0.08429282356417454,0.0,0.02648917464500079,0.0016326820499941246,0.9600200834604405,0.011858059844564322,1.804970593918926e-17,0.5991941512825154,parity_visibility,2.220446049250313e-16,0.0016326820499941246,
Type3,16,random_uniform_26,random,0.1259847551078526,0.031277684301438166,0.7584447370265346,0.08429282356417454,0.0001,0.026559378312852034,0.0017120046031449127,0.95977139837149,0.01195721871251301,6.75835577790338e-17,0.5984557095803313,parity_visibility,1.1102230246251565e-16,0.0017120046031449127,
Type3,16,random_uniform_26,random,0.1259847551078526,0.031277684301438166,0.7584447370265346,0.08429282356417454,0.001,0.027190900621809663,0.002425530817737048,0.9575348362871348,0.012848732273318312,1.3521179625143405e-16,0.591848303126938,parity_visibility,2.220446049250313e-16,0.002425530817737048,
Type3,16,random_uniform_26,random,0.1259847551078526,0.031277684301438166,0.7584447370265346,0.08429282356417454,0.005,0.029990851933784812,0.005588500277722331,0.947629631118759,0.01679101666973359,6.223124584192187e-17,0.5633068379657034,parity_visibility,3.3306690738754696e-16,0.005588500277722331,
Type3,16,random_uniform_26,random,0.1259847551078526,0.031277684301438166,0.7584447370265346,0.08429282356417454,0.01,0.033474925324056784,0.009523009219845715,0.935329307192819,0.021672758263278254,7.65542291135963e-17,0.5294564755223035,parity_visibility,1.1102230246251565e-16,0.009523009219845715,
Type3,16,random_uniform_26,random,0.1259847551078526,0.031277684301438166,0.7584447370265346,0.08429282356417454,0.02,0.04038875925946492,0.017326445536444503,0.9110035317766214,0.031281263427469,1.4126439802531313e-16,0.46743555984612195,parity_visibility,2.220446049250313e-16,0.017326445536444503,
Type3,16,random_uniform_26,random,0.1259847551078526,0.031277684301438166,0.7584447370265346,0.08429282356417454,0.05,0.06066793962532097,0.040181538296457014,0.8403067302184083,0.05884379185981354,3.6012345948586905e-17,0.3199774852435603,parity_visibility,1.1102230246251565e-16,0.040181538296457014,
Type3,16,random_uniform_26,random,0.1259847551078526,0.031277684301438166,0.7584447370265346,0.08429282356417454,0.1,0.0927322954973808,0.07621151339189894,0.7306244055632606,0.10043178554745938,1.7459514007225062e-16,0.1670540312787636,parity_visibility,3.3306690738754696e-16,0.07621151339189894,
Type3,16,random_uniform_26,random,0.1259847551078526,0.031277684301438166,0.7584447370265346,0.08429282356417454,0.15,0.12227102701598508,0.10927668517586245,0.6320636335980604,0.13638865421009178,1.890568965010116e-16,0.08510516861460232,parity_visibility,2.220446049250313e-16,0.10927668517586245,
Type3,16,random_uniform_26,random,0.1259847551078526,0.031277684301438166,0.7584447370265346,0.08429282356417454,0.2,0.1488867895478766,0.1389528453354714,0.5455475543309136,0.16661281078573825,1.3726108345700512e-16,0.042201266787459876,parity_visibility,2.220446049250313e-16,0.1389528453354714,
Type3,16,random_uniform_26,random,0.1259847551078526,0.031277684301438166,0.7584447370265346,0.08429282356417454,0.3,0.1921270406303037,0.18687829762197417,0.4106051552822237,0.21038950646549823,1.8478060344600747e-15,0.009430196528037268,parity_visibility,1.1102230246251565e-16,0.18687829762197417,
Type3,16,random_uniform_27,random,0.3116886920926007,0.050959890973744246,0.08614062881548132,0.5512107881181739,0.0,0.23637414044952557,0.006318512511397528,0.018054021066857256,0.7392533259722195,3.140127863253496e-17,0.4110002921370365,parity_visibility,2.220446049250313e-16,0.006318512511397528,
Type3,16,random_uniform_27,random,0.3116886920926007,0.050959890973744246,0.08614062881548132,0.5512107881181739,0.0001,0.2363737496608025,0.0064200942926668485,0.018163262013746007,0.7390428940327846,1.510343351535774e-16,0.4105251506497274,parity_visibility,1.1102230246251565e-16,0.0064200942926668485,
Type3,16,random_uniform_27,random,0.3116886920926007,0.050959890973744246,0.08614062881548132,0.5512107881181739,0.001,0.236370361218814,0.007333277887323954,0.019145041126543288,0.7371513197673185,5.3413415676512004e-17,0.40627210068287223,parity_visibility,2.220446049250313e-16,0.007333277887323954,
Type3,16,random_uniform_27,random,0.3116886920926007,0.050959890973744246,0.08614062881548132,0.5512107881181739,0.005,0.2363580876979119,0.011368916060322542,0.0234782396584947,0.7287947565832708,1.5851753034659776e-16,0.3878668541812674,parity_visibility,1.1102230246251565e-16,0.011368916060322542,
Type3,16,random_uniform_27,random,0.3116886920926007,0.050959890973744246,0.08614062881548132,0.5512107881181739,0.01,0.2363490710275098,0.016360600506992208,0.028825232096030017,0.7184650963694676,5.777846486107728e-17,0.3659638484008336,parity_visibility,3.3306690738754696e-16,0.016360600506992208,
Type3,16,random_uniform_27,random,0.3116886920926007,0.050959890973744246,0.08614062881548132,0.5512107881181739,0.02,0.23635165501374175,0.026166790459119155,0.039287462913030244,0.6981940916141086,4.5006748754787735e-17,0.325604774466069,parity_visibility,2.220446049250313e-16,0.026166790459119155,
Type3,16,random_uniform_27,random,0.3116886920926007,0.050959890973744246,0.08614062881548132,0.5512107881181739,0.05,0.2365151460934323,0.05415205538511574,0.06882219836466515,0.6405106001567866,1.5748447764885855e-16,0.228200048915118,parity_visibility,2.220446049250313e-16,0.05415205538511574,
Type3,16,random_uniform_27,random,0.3116886920926007,0.050959890973744246,0.08614062881548132,0.5512107881181739,0.1,0.23724145363351537,0.09594578109965161,0.1119331204253644,0.5548796448414683,1.602580830626882e-17,0.12400131270907068,parity_visibility,2.220446049250313e-16,0.09594578109965161,
Type3,16,random_uniform_27,random,0.3116886920926007,0.050959890973744246,0.08614062881548132,0.5512107881181739,0.15,0.2384094310955891,0.13165498656916585,0.14763602041711338,0.48229956191813145,1.9970309534956708e-16,0.0657645479024797,parity_visibility,2.220446049250313e-16,0.13165498656916585,
Type3,16,random_uniform_27,random,0.3116886920926007,0.050959890973744246,0.08614062881548132,0.5512107881181739,0.2,0.23986936455930047,0.16141765018014362,0.17638770811069523,0.4223252771498606,4.201177165760844e-16,0.033924413331200165,parity_visibility,0.0,0.16141765018014362,
Type3,16,random_uniform_27,random,0.3116886920926007,0.050959890973744246,0.08614062881548132,0.5512107881181739,0.3,0.2430993690399268,0.20456197110295585,0.21576406000732118,0.33657459984979604,1.9484015356842603e-15,0.00815382235362767,parity_visibility,2.220446049250313e-16,0.20456197110295585,
Type3,16,random_uniform_28,random,0.045866522298856696,0.13348733321944006,0.08004863187717838,0.7405975126045248,0.0,0.0036598516555614276,0.030999306056324873,0.011147556586492234,0.9541932857016211,2.128915436387292e-17,0.574815065139246,parity_visibility,3.3306690738754696e-16,0.0036598516555614276,
Type3,16,random_uniform_28,random,0.045866522298856696,0.13348733321944006,0.08004863187717838,0.7405975126045248,0.0001,0.0037403371230582067,0.031069568278571942,0.011248502788632035,0.9539415918097377,7.553047251763087e-17,0.5741107319815653,parity_visibility,1.1102230246251565e-16,0.0037403371230582067,
Type3,16,random_uniform_28,random,0.045866522298856696,0.13348733321944006,0.08004863187717838,0.7405975126045248,0.001,0.0044642927719556035,0.03170159244799829,0.012156052733623642,0.9516780620464224,7.119036435078472e-17,0.5678083145424677,parity_visibility,1.1102230246251565e-16,0.0044642927719556035,
Type3,16,random_uniform_28,random,0.045866522298856696,0.13348733321944006,0.08004863187717838,0.7405975126045248,0.005,0.0076728120412115205,0.03450322566003159,0.016168529822232353,0.9416554324765243,7.18156050767034e-17,0.5405799195791244,parity_visibility,2.220446049250313e-16,0.0076728120412115205,
Type3,16,random_uniform_28,random,0.045866522298856696,0.13348733321944006,0.08004863187717838,0.7405975126045248,0.01,0.011662405649981031,0.03798813609979242,0.021135535390556865,0.9292139228596695,9.258188280496993e-18,0.5082772465162037,parity_visibility,1.1102230246251565e-16,0.011662405649981031,
Type3,16,random_uniform_28,random,0.045866522298856696,0.13348733321944006,0.08004863187717838,0.7405975126045248,0.02,0.019569785975635866,0.04489939271326661,0.030906336880079963,0.9046244844310173,1.1251803594035623e-16,0.4490624580337246,parity_visibility,2.220446049250313e-16,0.019569785975635866,
Type3,16,random_uniform_28,random,0.045866522298856696,0.13348733321944006,0.08004863187717838,0.7405975126045248,0.05,0.04268616262727558,0.06513636716221953,0.05889063681677855,0.833286833393726,6.883610127530714e-17,0.3080884149177856,parity_visibility,3.3306690738754696e-16,0.04268616262727558,
Type3,16,random_uniform_28,random,0.045866522298856696,0.13348733321944006,0.08004863187717838,0.7405975126045248,0.1,0.07898114712998894,0.09701496964740268,0.10097307001479527,0.723030813207813,9.44423400062502e-17,0.1614768783393517,parity_visibility,0.0,0.07898114712998894,
Type3,16,random_uniform_28,random,0.045866522298856696,0.13348733321944006,0.08004863187717838,0.7405975126045248,0.15,0.11210393844438571,0.12623068413067118,0.13718907040063164,0.6244763070243111,1.3748730191259875e-16,0.08259973798819356,parity_visibility,3.3306690738754696e-16,0.11210393844438571,
Type3,16,random_uniform_28,random,0.045866522298856696,0.13348733321944006,0.08004863187717838,0.7405975126045248,0.2,0.14165201980576703,0.15240698375612474,0.16747991249820793,0.5384610839399002,4.5465425598435e-16,0.04112906323989682,parity_visibility,1.1102230246251565e-16,0.14165201980576703,
Type3,16,random_uniform_28,random,0.045866522298856696,0.13348733321944006,0.08004863187717838,0.7405975126045248,0.3,0.1889282224307141,0.19456522382297572,0.2110320593231833,0.4054744944231268,1.14401396689813e-15,0.009264851940863801,parity_visibility,0.0,0.1889282224307141,
Type3,16,random_uniform_29,random,0.11878339291633033,0.4330427756575373,0.44317416857455993,0.004999662851572394,0.0,0.035445301950030955,0.47109535637039146,0.4933965461588925,6.279552068481027e-05,1.2985096874334683e-17,0.3980638803022809,parity_visibility,3.3306690738754696e-16,6.279552068481027e-05,
Type3,16,random_uniform_29,random,0.11878339291633033,0.4330427756575373,0.44317416857455993,0.004999662851572394,0.0001,0.03554226292208625,0.4709957714630075,0.49328657303099377,0.00017539258391237455,8.534891870519579e-17,0.3976068380241135,parity_visibility,1.1102230246251565e-16,0.00017539258391237455,
Type3,16,random_uniform_29,random,0.11878339291633033,0.4330427756575373,0.44317416857455993,0.004999662851572394,0.001,0.036413737196751686,0.47010070708746504,0.49229814653995463,0.0011874091758285322,7.456011502495324e-17,0.3935156260962566,parity_visibility,1.1102230246251565e-16,0.0011874091758285322,
Type3,16,random_uniform_29,random,0.11878339291633033,0.4330427756575373,0.44317416857455993,0.004999662851572394,0.005,0.04026136787493442,0.46614878403178334,0.48793415291902226,0.005655695174259767,7.121381688055089e-17,0.3758071414317462,parity_visibility,1.1102230246251565e-16,0.005655695174259767,
Type3,16,random_uniform_29,random,0.11878339291633033,0.4330427756575373,0.44317416857455993,0.004999662851572394,0.01,0.045012112645325744,0.46126894752233105,0.48254582355600806,0.011173116276335061,1.3359494401771512e-16,0.3547253947871346,parity_visibility,0.0,0.011173116276335061,
Type3,16,random_uniform_29,random,0.11878339291633033,0.4330427756575373,0.44317416857455993,0.004999662851572394,0.02,0.054317396164105976,0.4517097583389947,0.4719916333727874,0.021981212124111808,3.061854526626907e-17,0.31585535193520486,parity_visibility,1.1102230246251565e-16,0.021981212124111808,
Type3,16,random_uniform_29,random,0.11878339291633033,0.4330427756575373,0.44317416857455993,0.004999662851572394,0.05,0.08066216471219749,0.42463804050606124,0.4421104709436856,0.052589323838055466,7.011063175394545e-17,0.22189128454377344,parity_visibility,2.220446049250313e-16,0.052589323838055466,
Type3,16,random_uniform_29,random,0.11878339291633033,0.4330427756575373,0.44317416857455993,0.004999662851572394,0.1,0.11936264249367103,0.38484462217416565,0.398213370308138,0.09757936502402507,1.0142522225575333e-16,0.12104187662251464,parity_visibility,2.220446049250313e-16,0.09757936502402507,
Type3,16,random_uniform_29,random,0.11878339291633033,0.4330427756575373,0.44317416857455993,0.004999662851572394,0.15,0.15171510547979414,0.3515498517790876,0.3615147870478633,0.13522025569325485,6.732389406407536e-17,0.06443507713330636,parity_visibility,0.0,0.13522025569325485,
Type3,16,random_uniform_29,random,0.11878339291633033,0.4330427756575373,0.44317416857455993,0.004999662851572394,0.2,0.1780658101889158,0.3244059114722624,0.3316225140305646,0.16590576430825707,1.733274249086043e-17,0.033355463921839676,parity_visibility,2.220446049250313e-16,0.16590576430825707,
Type3,16,random_uniform_29,random,0.11878339291633033,0.4330427756575373,0.44317416857455993,0.004999662851572394,0.3,0.21492676379640077,0.28637580594868567,0.28980346038324745,0.208893969871666,1.4858669999553544e-15,0.0080660846237656,parity_visibility,1.1102230246251565e-16,0.208893969871666,
Type3,16,random_uniform_30,random,0.2938865116544613,0.004279665011555718,0.3368126007332137,0.3650212226007694,0.0,0.25931206520064864,5.498990487570487e-05,0.340596419153923,0.4000365257405526,2.7897363799257166e-17,0.3330708182266701,parity_visibility,1.1102230246251565e-16,5.498990487570487e-05,
Type3,16,random_uniform_30,random,0.2938865116544613,0.004279665011555718,0.3368126007332137,0.3650212226007694,0.0001,0.25930139434277927,0.00017398681614306703,0.34055712065119015,0.3999674981898872,1.5355846101518595e-17,0.3327047071153732,parity_visibility,3.3306690738754696e-16,0.00017398681614306703,
Type3,16,random_uniform_30,random,0.2938865116544613,0.004279665011555718,0.3368126007332137,0.3650212226007694,0.001,0.25920564436930316,0.0012432611901770903,0.3402039115493426,0.3993471828911769,6.846440629309244e-17,0.32942657611360227,parity_visibility,3.3306690738754696e-16,0.0012432611901770903,
Type3,16,random_uniform_30,random,0.2938865116544613,0.004279665011555718,0.3368126007332137,0.3650212226007694,0.005,0.25878632599158047,0.005958665146928643,0.3386444900009375,0.39661051886055326,5.626831546137977e-17,0.31521865141182703,parity_visibility,0.0,0.005958665146928643,
Type3,16,random_uniform_30,random,0.2938865116544613,0.004279665011555718,0.3368126007332137,0.3650212226007694,0.01,0.2582763633517855,0.011768365526956748,0.3367190785888504,0.39323619253240727,4.124682931997422e-17,0.2982629442499135,parity_visibility,0.0,0.011768365526956748,
Type3,16,random_uniform_30,random,0.2938865116544613,0.004279665011555718,0.3368126007332137,0.3650212226007694,0.02,0.2573028547764392,0.023107441984276254,0.33294775345928423,0.38664194978000027,1.3264950927258338e-16,0.26687385445014294,parity_visibility,0.0,0.023107441984276254,
Type3,16,random_uniform_30,random,0.2938865116544613,0.004279665011555718,0.3368126007332137,0.3650212226007694,0.05,0.2547369060061183,0.054914595436148225,0.32226752739844117,0.3680809711592922,6.744860334236728e-17,0.1901957943533959,parity_visibility,0.0,0.054914595436148225,
Type3,16,random_uniform_30,random,0.2938865116544613,0.004279665011555718,0.3368126007332137,0.3650212226007694,0.1,0.2515275501428693,0.10082138495176131,0.30654926234124796,0.3411018025641212,8.659234309592894e-17,0.10617354870135326,parity_visibility,2.220446049250313e-16,0.10082138495176131,
Type3,16,random_uniform_30,random,0.2938865116544613,0.004279665011555718,0.3368126007332137,0.3650212226007694,0.15,0.24944159021325898,0.1384283707905199,0.2933389683624096,0.31879107063381135,1.1353798516745958e-16,0.0577557616219956,parity_visibility,2.220446049250313e-16,0.1384283707905199,
Type3,16,random_uniform_30,random,0.2938865116544613,0.004279665011555718,0.3368126007332137,0.3650212226007694,0.2,0.24823930822629905,0.16854095999881857,0.28247360932045007,0.30074612245443205,6.046737748174929e-17,0.03049703882276357,parity_visibility,2.220446049250313e-16,0.16854095999881857,
Type3,16,random_uniform_30,random,0.2938865116544613,0.004279665011555718,0.3368126007332137,0.3650212226007694,0.3,0.24760919807128862,0.20997526003876513,0.26689358726189366,0.2755219546280524,4.537331673459236e-16,0.007625286681017682,parity_visibility,1.1102230246251565e-16,0.20997526003876513,
Type3,16,random_uniform_31,random,0.2167238824371965,0.0005910535079858386,0.39676564097540207,0.3859194230794156,0.0,0.13293443626263457,9.887296374828545e-07,0.4455455047115626,0.42151907029616514,1.2373955645690436e-17,0.35332636553147134,parity_visibility,2.220446049250313e-16,9.887296374828545e-07,
Type3,16,random_uniform_31,random,0.2167238824371965,0.0005910535079858386,0.39676564097540207,0.3859194230794156,0.0001,0.13298179980108196,0.00011255227704794664,0.44546023940341417,0.4214454085184558,3.34279594162075e-17,0.35293191507912464,parity_visibility,1.1102230246251565e-16,0.00011255227704794664,
Type3,16,random_uniform_31,random,0.2167238824371965,0.0005910535079858386,0.39676564097540207,0.3859194230794156,0.001,0.13340758759537946,0.0011152316604073635,0.4446938720281437,0.42078330871606945,4.7508681680747616e-17,0.349400381658157,parity_visibility,0.0,0.0011152316604073635,
Type3,16,random_uniform_31,random,0.2167238824371965,0.0005910535079858386,0.39676564097540207,0.3859194230794156,0.005,0.13528941952710455,0.005541260914199336,0.44131002191086777,0.4178592976478281,4.0512516232069864e-17,0.33410148269460604,parity_visibility,2.220446049250313e-16,0.005541260914199336,
Type3,16,random_uniform_31,random,0.2167238824371965,0.0005910535079858386,0.39676564097540207,0.3859194230794156,0.01,0.13761739484719113,0.011004196175142218,0.437131259782188,0.4142471491954783,4.973490828907904e-17,0.31585986615630357,parity_visibility,4.440892098500626e-16,0.011004196175142218,
Type3,16,random_uniform_31,random,0.2167238824371965,0.0005910535079858386,0.39676564097540207,0.3859194230794156,0.02,0.142191854009508,0.021698258287336184,0.42894396963410547,0.40716591806905017,7.560446526427734e-17,0.2821392844465699,parity_visibility,2.220446049250313e-16,0.021698258287336184,
Type3,16,random_uniform_31,random,0.2167238824371965,0.0005910535079858386,0.39676564097540207,0.3859194230794156,0.05,0.15525628039430153,0.05193315801286575,0.40574260811908064,0.3870679534737519,8.850862238087073e-17,0.2000739179622384,parity_visibility,2.220446049250313e-16,0.05193315801286575,
Type3,16,random_uniform_31,random,0.2167238824371965,0.0005910535079858386,0.39676564097540207,0.3859194230794156,0.1,0.17480557801979807,0.09625998462628015,0.3715653966875002,0.35736904066642133,1.705293869646189e-16,0.11080736821888902,parity_visibility,2.220446049250313e-16,0.09625998462628015,
Type3,16,random_uniform_31,random,0.2167238824371965,0.0005910535079858386,0.39676564097540207,0.3859194230794156,0.15,0.19157422452051825,0.13329144118448355,0.342834191727684,0.332300142567314,4.3333713058394856e-17,0.059837417524677305,parity_visibility,2.220446049250313e-16,0.13329144118448355,
Type3,16,random_uniform_31,random,0.2167238824371965,0.0005910535079858386,0.39676564097540207,0.3859194230794156,0.2,0.20563874606499596,0.16351877903374432,0.3192276257006745,0.311614849200585,3.5364912023319857e-16,0.03138788721430743,parity_visibility,2.220446049250313e-16,0.16351877903374432,
Type3,16,random_uniform_31,random,0.2167238824371965,0.0005910535079858386,0.39676564097540207,0.3859194230794156,0.3,0.2263433245554527,0.20623535869728024,0.2855278185085894,0.28189349823867754,1.551235234636473e-15,0.007762664476370727,parity_visibility,0.0,0.20623535869728024,
Type3,16,random_uniform_32,random,0.13534986404050386,0.4628827029739982,0.2317972941904191,0.16997013879507886,0.0,0.05812054690692591,0.679760538487117,0.17046325172863352,0.09165566287732338,9.090738173184249e-17,0.31519981608431513,parity_visibility,1.1102230246251565e-16,0.05812054690692591,
Type3,16,random_uniform_32,random,0.13534986404050386,0.4628827029739982,0.2317972941904191,0.16997013879507886,0.0001,0.058225724652690124,0.6795442262324052,0.17049844074801918,0.09173160836688532,9.391950301748094e-17,0.31485870811990885,parity_visibility,2.220446049250313e-16,0.058225724652690124,
Type3,16,random_uniform_32,random,0.13534986404050386,0.4628827029739982,0.2317972941904191,0.16997013879507886,0.001,0.05917046533102917,0.6776008571748201,0.17081468678910844,0.09241399070504203,3.973197059831303e-17,0.3118041482272368,parity_visibility,2.220446049250313e-16,0.05917046533102917,
Type3,16,random_uniform_32,random,0.13534986404050386,0.4628827029739982,0.2317972941904191,0.16997013879507886,0.005,0.06332895104172184,0.6690384266085354,0.17221032053748678,0.09542230181225579,1.0936419370032119e-16,0.2985587649505864,parity_visibility,2.220446049250313e-16,0.06332895104172184,
Type3,16,random_uniform_32,random,0.13534986404050386,0.4628827029739982,0.2317972941904191,0.16997013879507886,0.01,0.06843495856808146,0.6585062278094616,0.17393215969810308,0.0991266539243538,3.084292824596955e-17,0.28273758596875725,parity_visibility,1.1102230246251565e-16,0.06843495856808146,
Type3,16,random_uniform_32,random,0.13534986404050386,0.4628827029739982,0.2317972941904191,0.16997013879507886,0.02,0.07834366316038105,0.6380059533601821,0.1773004155501535,0.10634996792928322,7.795526721606473e-17,0.2534055176994763,parity_visibility,1.1102230246251565e-16,0.07834366316038105,
Type3,16,random_uniform_32,random,0.13534986404050386,0.4628827029739982,0.2317972941904191,0.16997013879507886,0.05,0.10571565464366449,0.580911341567032,0.1868076546729489,0.1265653491163545,1.4459183182772328e-16,0.1814805537568493,parity_visibility,1.1102230246251565e-16,0.10571565464366449,
Type3,16,random_uniform_32,random,0.13534986404050386,0.4628827029739982,0.2317972941904191,0.16997013879507886,0.1,0.1439984722497088,0.4996642772320593,0.2007131565852537,0.15562409393297802,1.9836222892938086e-16,0.10208523663162508,parity_visibility,1.1102230246251565e-16,0.1439984722497088,
Type3,16,random_uniform_32,random,0.13534986404050386,0.4628827029739982,0.2317972941904191,0.16997013879507886,0.15,0.1740847998632708,0.43426068321640976,0.21231898544204222,0.17933553147827705,3.7513902415462283e-16,0.0559191646376401,parity_visibility,1.1102230246251565e-16,0.1740847998632708,
Type3,16,random_uniform_32,random,0.13534986404050386,0.4628827029739982,0.2317972941904191,0.16997013879507886,0.2,0.19714209180007308,0.382771376301721,0.22180971962800972,0.198276812270196,7.75162690548511e-16,0.029711063836542432,parity_visibility,1.1102230246251565e-16,0.19714209180007308,
Type3,16,random_uniform_32,random,0.13534986404050386,0.4628827029739982,0.2317972941904191,0.16997013879507886,0.3,0.22677316653090124,0.3135484425817044,0.2353396059466372,0.22433878494075687,4.89088248247707e-16,0.0075040814211389285,parity_visibility,3.3306690738754696e-16,0.22433878494075687,
Type3,16,random_uniform_33,random,0.7681127371509597,0.01748626897008263,0.13231190621212618,0.08208908766683153,0.0,0.9600505929144548,0.0004975520216477756,0.02848669326271829,0.01096516180117907,5.2165958464051683e-17,0.6145480054154918,parity_visibility,0.0,0.0004975520216477756,
Type3,16,random_uniform_33,random,0.7681127371509597,0.01748626897008263,0.13231190621212618,0.08208908766683153,0.0001,0.959804573303033,0.0005995554603087487,0.02855552388179798,0.011040347354859856,1.0498761826124709e-16,0.6137880822839412,parity_visibility,4.440892098500626e-16,0.0005995554603087487,
Type3,16,random_uniform_33,random,0.7681127371509597,0.01748626897008263,0.13231190621212618,0.08208908766683153,0.001,0.9575919371866541,0.0015166772667342628,0.029174706195377514,0.01171667935123393,1.0585050306675902e-16,0.6069885949293143,parity_visibility,2.220446049250313e-16,0.0015166772667342628,
Type3,16,random_uniform_33,random,0.7681127371509597,0.01748626897008263,0.13231190621212618,0.08208908766683153,0.005,0.9477916874734988,0.005572928432256678,0.03192019494515513,0.014715189149089142,3.187218256580121e-17,0.5776201632375741,parity_visibility,3.3306690738754696e-16,0.005572928432256678,
Type3,16,random_uniform_33,random,0.7681127371509597,0.01748626897008263,0.13231190621212618,0.08208908766683153,0.01,0.9356193713566893,0.010597466691125774,0.03533707576089887,0.018446086191286116,8.408426886115146e-17,0.542795072010192,parity_visibility,0.0,0.010597466691125774,
Type3,16,random_uniform_33,random,0.7681127371509597,0.01748626897008263,0.13231190621212618,0.08208908766683153,0.02,0.9115389123156401,0.020492614718364645,0.04211953232996401,0.025848940636030954,6.418476637511988e-17,0.4790068682840206,parity_visibility,3.3306690738754696e-16,0.020492614718364645,
Type3,16,random_uniform_33,random,0.7681127371509597,0.01748626897008263,0.13231190621212618,0.08208908766683153,0.05,0.8414913252574974,0.04892181286734848,0.062029628966755096,0.04755723290839885,6.047055946907954e-17,0.32746517573720235,parity_visibility,1.1102230246251565e-16,0.04755723290839885,
Type3,16,random_uniform_33,random,0.7681127371509597,0.01748626897008263,0.13231190621212618,0.08208908766683153,0.1,0.7325991618791801,0.09196335176266279,0.09356777914894061,0.0818697072092163,1.0403353924561275e-16,0.17056650062260198,parity_visibility,2.220446049250313e-16,0.0818697072092163,
Type3,16,random_uniform_33,random,0.7681127371509597,0.01748626897008263,0.13231190621212618,0.08208908766683153,0.15,0.6344736346298536,0.1293551272938177,0.12269737547106516,0.11347386260526332,9.510920316458631e-17,0.08668307912987369,parity_visibility,2.220446049250313e-16,0.11347386260526332,
Type3,16,random_uniform_33,random,0.7681127371509597,0.01748626897008263,0.13231190621212618,0.08208908766683153,0.2,0.5480734423471478,0.16095407832442865,0.14902065820442284,0.14195182112400045,1.7237464380941025e-16,0.042876536433475235,parity_visibility,2.220446049250313e-16,0.14195182112400045,
Type3,16,random_uniform_33,random,0.7681127371509597,0.01748626897008263,0.13231190621212618,0.08208908766683153,0.3,0.41266796468410244,0.20712469331631378,0.1919802910210402,0.18822705097854345,7.224671668810831e-16,0.009534329909338658,parity_visibility,1.1102230246251565e-16,0.18822705097854345,
Type3,16,random_uniform_34,random,0.49825367017970795,0.03836416512178203,0.3507806581874463,0.11260150651106372,0.0,0.6440619892617037,0.003818371319503782,0.3192257628624166,0.032893876556375996,3.090747115057486e-17,0.38545469844001923,parity_visibility,0.0,0.003818371319503782,
Type3,16,random_uniform_34,random,0.49825367017970795,0.03836416512178203,0.3507806581874463,0.11260150651106372,0.0001,0.6438846648731942,0.003935155337605591,0.3191902669763286,0.03298991281287149,1.0984537137233604e-16,0.38501529754669195,parity_visibility,2.220446049250313e-16,0.003935155337605591,
Type3,16,random_uniform_34,random,0.49825367017970795,0.03836416512178203,0.3507806581874463,0.11260150651106372,0.001,0.6422909075878032,0.004984666566357691,0.31887132432397747,0.033853101521861606,5.710348237692613e-17,0.3810818299216631,parity_visibility,1.1102230246251565e-16,0.004984666566357691,
Type3,16,random_uniform_34,random,0.49825367017970795,0.03836416512178203,0.3507806581874463,0.11260150651106372,0.005,0.6352546444091596,0.009615523518975906,0.3174651232469878,0.03766470882487656,4.32051209179071e-17,0.3640524823185596,parity_visibility,1.1102230246251565e-16,0.009615523518975906,
Type3,16,random_uniform_34,random,0.49825367017970795,0.03836416512178203,0.3507806581874463,0.11260150651106372,0.01,0.6265675156809858,0.015326907829583208,0.3157333199425288,0.04237225654690217,6.493540519016465e-17,0.3437712208418523,parity_visibility,1.1102230246251565e-16,0.015326907829583208,
Type3,16,random_uniform_34,random,0.49825367017970795,0.03836416512178203,0.3507806581874463,0.11260150651106372,0.02,0.6095541762456169,0.02649273432574752,0.31235588612331555,0.05159720330531986,4.389431863687741e-17,0.30635254363612,parity_visibility,2.220446049250313e-16,0.02649273432574752,
Type3,16,random_uniform_34,random,0.49825367017970795,0.03836416512178203,0.3507806581874463,0.11260150651106372,0.05,0.5614008864732154,0.057945049231696744,0.3029056315348205,0.07774843276026724,1.1364769152215948e-16,0.21574210204243122,parity_visibility,1.1102230246251565e-16,0.057945049231696744,
Type3,16,random_uniform_34,random,0.49825367017970795,0.03836416512178203,0.3507806581874463,0.11260150651106372,0.1,0.4906917626848893,0.10366749858879648,0.2893635105045077,0.1162772282218065,1.3577506831098188e-16,0.11815730025761648,parity_visibility,0.0,0.10366749858879648,
Type3,16,random_uniform_34,random,0.49825367017970795,0.03836416512178203,0.3507806581874463,0.11260150651106372,0.15,0.4315819749026442,0.14136547976474628,0.27842206714298173,0.14863047818962774,2.627090334150425e-16,0.06313923568026694,parity_visibility,0.0,0.14136547976474628,
Type3,16,random_uniform_34,random,0.49825367017970795,0.03836416512178203,0.3507806581874463,0.11260150651106372,0.2,0.38340139571683024,0.17162743898248328,0.2698407102946719,0.17513045500601443,2.0308853160255548e-16,0.03280090623886775,parity_visibility,2.220446049250313e-16,0.17162743898248328,
Type3,16,random_uniform_34,random,0.49825367017970795,0.03836416512178203,0.3507806581874463,0.11260150651106372,0.3,0.31579499902458413,0.2130280329658117,0.2585683766713882,0.21260859133821577,4.624979135183375e-16,0.007980566243078163,parity_visibility,2.220446049250313e-16,0.21260859133821577,
Type3,16,random_uniform_35,random,0.11819297139023976,0.11837586985147298,0.5300063221092829,0.23342483664900426,0.0,0.03844383692808884,0.03856290930378961,0.7730463330961777,0.14994692067194368,1.8831097616991334e-17,0.36337628088956964,parity_visibility,2.220446049250313e-16,0.03844383692808884,
Type3,16,random_uniform_35,random,0.11819297139023976,0.11837586985147298,0.5300063221092829,0.23342483664900426,0.0001,0.03853378165549145,0.03865279745694691,0.7728083916466667,0.1500050292408947,2.1232189577735818e-16,0.36296776969748745,parity_visibility,2.220446049250313e-16,0.03853378165549145,
Type3,16,random_uniform_35,random,0.11819297139023976,0.11837586985147298,0.5300063221092829,0.23342483664900426,0.001,0.039342270734733925,0.03946077813918222,0.7706699495093416,0.1505270016167421,9.20970531045897e-17,0.35931050909541024,parity_visibility,0.0,0.039342270734733925,
Type3,16,random_uniform_35,random,0.11819297139023976,0.11837586985147298,0.5300063221092829,0.23342483664900426,0.005,0.042913467442656186,0.043029732089283707,0.7612317579523729,0.15282504251568702,2.609427148241702e-17,0.34347031648900084,parity_visibility,2.220446049250313e-16,0.042913467442656186,
Type3,16,random_uniform_35,random,0.11819297139023976,0.11837586985147298,0.5300063221092829,0.23342483664900426,0.01,0.04732667780352513,0.04744017748725679,0.7495854781453765,0.15564766656384152,2.4397124612257374e-17,0.3245906880423341,parity_visibility,1.1102230246251565e-16,0.04732667780352513,
Type3,16,random_uniform_35,random,0.11819297139023976,0.11837586985147298,0.5300063221092829,0.23342483664900426,0.02,0.05598340134599401,0.05609149901751529,0.7267972342398957,0.16112786539659488,5.589178000721945e-17,0.28971332216870554,parity_visibility,1.1102230246251565e-16,0.05598340134599401,
Type3,16,random_uniform_35,random,0.11819297139023976,0.11837586985147298,0.5300063221092829,0.23342483664900426,0.05,0.08059083500586803,0.08068374113420636,0.6624491273873669,0.17627629647255855,5.636211181487326e-17,0.2049750102246118,parity_visibility,0.0,0.08059083500586803,
Type3,16,random_uniform_35,random,0.11819297139023976,0.11837586985147298,0.5300063221092829,0.23342483664900426,0.1,0.11706184819516265,0.11713273416903197,0.5683739753780227,0.19743144225778259,1.0993015251639508e-16,0.11310646649726043,parity_visibility,2.220446049250313e-16,0.11706184819516265,
Type3,16,random_uniform_35,random,0.11819297139023976,0.11837586985147298,0.5300063221092829,0.23342483664900426,0.15,0.14795471959146012,0.14800749910256614,0.4901150786421985,0.21392270266377508,1.8122793759116832e-16,0.060870244004842436,parity_visibility,1.1102230246251565e-16,0.14795471959146012,
Type3,16,random_uniform_35,random,0.11819297139023976,0.11837586985147298,0.5300063221092829,0.23342483664900426,0.2,0.1735238718081358,0.1735621342151411,0.426569567946311,0.22634442603041185,3.7290005628989254e-16,0.03182988716608324,parity_visibility,3.3306690738754696e-16,0.1735238718081358,
Type3,16,random_uniform_35,random,0.11819297139023976,0.11837586985147298,0.5300063221092829,0.23342483664900426,0.3,0.2103865490170062,0.21040491138548134,0.3376489188630252,0.24155962073448703,9.047055381447974e-16,0.007830825321131187,parity_visibility,2.220446049250313e-16,0.2103865490170062,
Type3,16,random_uniform_36,random,0.11017418260148465,0.07747585739623315,0.7684382952858773,0.04391166471640492,0.0,0.01988047227240898,0.009831047741636175,0.967130373086521,0.003158106899433864,2.3703251903496117e-17,0.6105665069512167,parity_visibility,0.0,0.003158106899433864,
Type3,16,random_uniform_36,random,0.11017418260148465,0.07747585739623315,0.7684382952858773,0.04391166471640492,0.0001,0.01995242498771055,0.009906655972133535,0.9668812683820467,0.003259650658109108,1.6446428603251288e-16,0.6098121542958015,parity_visibility,1.1102230246251565e-16,0.003259650658109108,
Type3,16,random_uniform_36,random,0.11017418260148465,0.07747585739623315,0.7684382952858773,0.04391166471640492,0.001,0.02059968499691373,0.010586789698678241,0.9646408965659306,0.004172628738477081,8.678831153109261e-17,0.603062476572467,parity_visibility,3.3306690738754696e-16,0.004172628738477081,
Type3,16,random_uniform_36,random,0.11017418260148465,0.07747585739623315,0.7684382952858773,0.04391166471640492,0.005,0.023469500310030273,0.013602143966739942,0.9547180356517011,0.008210320071528698,1.04406631384727e-16,0.5739084904487712,parity_visibility,0.0,0.008210320071528698,
Type3,16,random_uniform_36,random,0.11017418260148465,0.07747585739623315,0.7684382952858773,0.04391166471640492,0.01,0.02704071608395663,0.017353973844066214,0.9423939776716237,0.013211332400353274,2.7120652890869048e-17,0.5393361618908071,parity_visibility,1.1102230246251565e-16,0.013211332400353274,
Type3,16,random_uniform_36,random,0.11017418260148465,0.07747585739623315,0.7684382952858773,0.04391166471640492,0.02,0.034128202402086034,0.024798264964019635,0.918015172071239,0.023058360562655176,4.8576326576210976e-17,0.4760062440514252,parity_visibility,2.220446049250313e-16,0.023058360562655176,
Type3,16,random_uniform_36,random,0.11017418260148465,0.07747585739623315,0.7684382952858773,0.04391166471640492,0.05,0.05492308206274744,0.04662706741199231,0.8471147755083513,0.05133507501690871,2.0268073179081607e-17,0.32552349855678864,parity_visibility,2.220446049250313e-16,0.04662706741199231,
Type3,16,random_uniform_36,random,0.11017418260148465,0.07747585739623315,0.7684382952858773,0.04391166471640492,0.1,0.08782714752300722,0.08112543237674211,0.7369484601491574,0.09409895995109319,1.276940987056186e-16,0.16965566148233238,parity_visibility,1.1102230246251565e-16,0.08112543237674211,
Type3,16,random_uniform_36,random,0.11017418260148465,0.07747585739623315,0.7684382952858773,0.04391166471640492,0.15,0.1181740726643535,0.11289329914960687,0.6377404790286939,0.1311921491573455,6.923971526821746e-17,0.08627390184846247,parity_visibility,2.220446049250313e-16,0.11289329914960687,
Type3,16,random_uniform_36,random,0.11017418260148465,0.07747585739623315,0.7684382952858773,0.04391166471640492,0.2,0.14555473756784607,0.14151017497864754,0.5504510973574303,0.16248399009607614,7.665481681182546e-17,0.04270142827917755,parity_visibility,0.0,0.14151017497864754,
Type3,16,random_uniform_36,random,0.11017418260148465,0.07747585739623315,0.7684382952858773,0.04391166471640492,0.3,0.1901329566450206,0.18798816848674896,0.41380683521840317,0.208072039649827,9.260726835777104e-16,0.009507326468108809,parity_visibility,2.220446049250313e-16,0.18798816848674896,
Type3,16,random_uniform_37,random,0.33149435364600427,0.11245468996853732,0.13778540501471875,0.4182655513707397,0.0,0.34723697460482844,0.03996030900781432,0.05999017475519688,0.5528125416321602,9.207613237885435e-17,0.31646545309364055,parity_visibility,2.220446049250313e-16,0.03996030900781432,
Type3,16,random_uniform_37,random,0.33149435364600427,0.11245468996853732,0.13778540501471875,0.4182655513707397,0.0001,0.3471839915230377,0.04006584879380605,0.0600910189991988,0.5526591406839574,5.0968612088855596e-17,0.3161225743886902,parity_visibility,1.1102230246251565e-16,0.04006584879380605,
Type3,16,random_uniform_37,random,0.33149435364600427,0.11245468996853732,0.13778540501471875,0.4182655513707397,0.001,0.3467080718281905,0.04101403540514969,0.06099690431275969,0.5512809884539,6.601947308333326e-17,0.3130521810319721,parity_visibility,2.220446049250313e-16,0.04101403540514969,
Type3,16,random_uniform_37,random,0.33149435364600427,0.11245468996853732,0.13778540501471875,0.4182655513707397,0.005,0.3446130237192387,0.045191881459953925,0.06498586217305466,0.5452092326477525,1.07847217214295e-16,0.2997386298909265,parity_visibility,2.220446049250313e-16,0.045191881459953925,
Type3,16,random_uniform_37,random,0.33149435364600427,0.11245468996853732,0.13778540501471875,0.4182655513707397,0.01,0.34204020181073586,0.050331196076539325,0.06988712932346058,0.5377414727892641,5.637542104714587e-17,0.2838371028210941,parity_visibility,2.220446049250313e-16,0.050331196076539325,
Type3,16,random_uniform_37,random,0.33149435364600427,0.11245468996853732,0.13778540501471875,0.4182655513707397,0.02,0.3370460586716043,0.06033572055750978,0.0794096643214885,0.5232085564493972,5.2864833158819394e-17,0.2543593548323868,parity_visibility,2.220446049250313e-16,0.06033572055750978,
Type3,16,random_uniform_37,random,0.33149435364600427,0.11245468996853732,0.13778540501471875,0.4182655513707397,0.05,0.3232403673853443,0.088207316440175,0.10579854584150629,0.4827537703329742,3.755708684434098e-17,0.18209777325893983,parity_visibility,2.220446049250313e-16,0.088207316440175,
Type3,16,random_uniform_37,random,0.33149435364600427,0.11245468996853732,0.13778540501471875,0.4182655513707397,0.1,0.3039038249624315,0.12789149797244134,0.1429546021462118,0.4252500749189151,7.548664227364956e-17,0.10237477378348159,parity_visibility,2.220446049250313e-16,0.12789149797244134,
Type3,16,random_uniform_37,random,0.33149435364600427,0.11245468996853732,0.13778540501471875,0.4182655513707397,0.15,0.288678951940483,0.15985725357870786,0.17242725129794162,0.37903654318286745,1.0699577902529905e-16,0.0560492337348345,parity_visibility,0.0,0.15985725357870786,
Type3,16,random_uniform_37,random,0.33149435364600427,0.11245468996853732,0.13778540501471875,0.4182655513707397,0.2,0.2769884543880797,0.18503573148630528,0.19524921549443228,0.3427265986311826,3.08842001582941e-16,0.029766727140874288,parity_visibility,1.1102230246251565e-16,0.18503573148630528,
Type3,16,random_uniform_37,random,0.33149435364600427,0.11245468996853732,0.13778540501471875,0.4182655513707397,0.3,0.26192039110375964,0.21890434487375762,0.22509222105061732,0.29408304297186527,4.527661544029244e-16,0.007512665263354697,parity_visibility,1.1102230246251565e-16,0.21890434487375762,
Type3,16,random_uniform_38,random,0.17828877516880962,0.02657859631861031,0.48516922987254896,0.30996339864003114,0.0,0.08733625916139011,0.0019409335419267103,0.6467450034409676,0.2639778038557155,1.4025622726401948e-17,0.3639597992450626,parity_visibility,0.0,0.0019409335419267103,
Type3,16,random_uniform_38,random,0.17828877516880962,0.02657859631861031,0.48516922987254896,0.30996339864003114,0.0001,0.08740320879242038,0.0020484189563591986,0.6465669392109762,0.26398143304024424,1.1723968513268413e-16,0.36355047165807197,parity_visibility,0.0,0.0020484189563591986,
Type3,16,random_uniform_38,random,0.17828877516880962,0.02657859631861031,0.48516922987254896,0.30996339864003114,0.001,0.08800505113791235,0.003014531961768843,0.6449665769185902,0.2640138399817284,1.438627944133348e-16,0.35988591108227913,parity_visibility,2.220446049250313e-16,0.003014531961768843,
Type3,16,random_uniform_38,random,0.17828877516880962,0.02657859631861031,0.48516922987254896,0.30996339864003114,0.005,0.09066454651604139,0.007281007327665391,0.6379021108727505,0.26415233528354254,2.1570891356376998e-17,0.3440142898752232,parity_visibility,2.220446049250313e-16,0.007281007327665391,
Type3,16,random_uniform_38,random,0.17828877516880962,0.02657859631861031,0.48516922987254896,0.30996339864003114,0.01,0.09395356070757016,0.01255122940705189,0.6291823117933688,0.264312898092009,3.424106314980014e-17,0.3250976171703425,parity_visibility,1.1102230246251565e-16,0.01255122940705189,
Type3,16,random_uniform_38,random,0.17828877516880962,0.02657859631861031,0.48516922987254896,0.30996339864003114,0.02,0.10041319693409322,0.0228818136286411,0.6121118325543021,0.26459315688296337,9.932744211209417e-17,0.29015308607502555,parity_visibility,2.220446049250313e-16,0.0228818136286411,
Type3,16,random_uniform_38,random,0.17828877516880962,0.02657859631861031,0.48516922987254896,0.30996339864003114,0.05,0.11883659798497627,0.052192488434300216,0.5638447981625021,0.2651261154182213,9.093749620486876e-17,0.2052595775264404,parity_visibility,1.1102230246251565e-16,0.052192488434300216,
Type3,16,random_uniform_38,random,0.17828877516880962,0.02657859631861031,0.48516922987254896,0.30996339864003114,0.1,0.14632726454917105,0.09546824639374159,0.4930848531303209,0.26511963592676635,9.525322026044988e-17,0.1132399567803832,parity_visibility,1.1102230246251565e-16,0.09546824639374159,
Type3,16,random_uniform_38,random,0.17828877516880962,0.02657859631861031,0.48516922987254896,0.30996339864003114,0.15,0.1698168330535849,0.13194139730973245,0.4340053581052566,0.26423641153142585,2.3548664137835045e-16,0.060930211993401553,parity_visibility,2.220446049250313e-16,0.13194139730973245,
Type3,16,random_uniform_38,random,0.17828877516880962,0.02657859631861031,0.48516922987254896,0.30996339864003114,0.2,0.18943292082521632,0.16197028663956853,0.38584623570859194,0.26275055682662324,1.476327976492759e-16,0.031855550574758605,parity_visibility,0.0,0.16197028663956853,
Type3,16,random_uniform_38,random,0.17828877516880962,0.02657859631861031,0.48516922987254896,0.30996339864003114,0.3,0.21809402518422116,0.204910571724114,0.3180437775469617,0.2589516255447029,1.1250114063680651e-15,0.00783478287725239,parity_visibility,2.220446049250313e-16,0.204910571724114,
Type3,16,random_uniform_39,random,0.16413472920279065,0.09067695203236813,0.6974139300100803,0.047774388754761095,0.0,0.05142919021311144,0.015696489984875148,0.9285172050435785,0.004357114758434908,5.102359374899987e-17,0.5238311009533494,parity_visibility,0.0,0.004357114758434908,
Type3,16,random_uniform_39,random,0.16413472920279065,0.09067695203236813,0.6974139300100803,0.047774388754761095,0.0001,0.051495985749029444,0.01577725215861554,0.9282628155829388,0.004463946509416076,9.3589999913499e-17,0.5231980989686745,parity_visibility,2.220446049250313e-16,0.004463946509416076,
Type3,16,random_uniform_39,random,0.16413472920279065,0.09067695203236813,0.6974139300100803,0.047774388754761095,0.001,0.05209676898865872,0.01650361640299908,0.9259752818274103,0.005424332780931871,1.1097039464525393e-16,0.5175335048216627,parity_visibility,0.0,0.005424332780931871,
Type3,16,random_uniform_39,random,0.16413472920279065,0.09067695203236813,0.6974139300100803,0.047774388754761095,0.005,0.05475866699354529,0.01972105919111516,0.9158515431440482,0.00966873067129112,6.76351644874868e-17,0.4930511325578356,parity_visibility,2.220446049250313e-16,0.00966873067129112,
Type3,16,random_uniform_39,random,0.16413472920279065,0.09067695203236813,0.6974139300100803,0.047774388754761095,0.01,0.05806687751398612,0.02371771469280038,0.9032964331458115,0.014918974647401564,7.095262667434427e-17,0.4639851411113427,parity_visibility,4.440892098500626e-16,0.014918974647401564,
Type3,16,random_uniform_39,random,0.16413472920279065,0.09067695203236813,0.6974139300100803,0.047774388754761095,0.02,0.06461800436978901,0.03162557161296845,0.8785222864910769,0.025234137526165445,5.3770903906753996e-17,0.41063880428057853,parity_visibility,2.220446049250313e-16,0.025234137526165445,
Type3,16,random_uniform_39,random,0.16413472920279065,0.09067695203236813,0.6974139300100803,0.047774388754761095,0.05,0.08372197092067697,0.054634664610636374,0.8069663264109525,0.0546770380577339,1.596609644906277e-16,0.28322481124820154,parity_visibility,2.220446049250313e-16,0.054634664610636374,
Type3,16,random_uniform_39,random,0.16413472920279065,0.09067695203236813,0.6974139300100803,0.047774388754761095,0.1,0.11355140270228536,0.09039950170346428,0.6974150609780442,0.09863403461620596,8.050020130252321e-17,0.1498133826672325,parity_visibility,2.220446049250313e-16,0.09039950170346428,
Type3,16,random_uniform_39,random,0.16413472920279065,0.09067695203236813,0.6974139300100803,0.047774388754761095,0.15,0.14056105876954897,0.12259541763308247,0.6007457735394401,0.1360977500579281,1.885211739086808e-16,0.07736013283743454,parity_visibility,2.220446049250313e-16,0.12259541763308247,
Type3,16,random_uniform_39,random,0.16413472920279065,0.09067695203236813,0.6974139300100803,0.047774388754761095,0.2,0.1644505241187903,0.15090190311146198,0.5175287769592698,0.16711879581047764,1.4265958792161163e-16,0.03888676478179644,parity_visibility,3.3306690738754696e-16,0.15090190311146198,
Type3,16,random_uniform_39,random,0.16413472920279065,0.09067695203236813,0.6974139300100803,0.047774388754761095,0.3,0.20219004911927846,0.1952156574493865,0.3914870063423138,0.21110728708902102,2.1798625198908019e-16,0.00891906693230201,parity_visibility,2.220446049250313e-16,0.1952156574493865,
Type3,16,random_boundary_00,random,0.2381911145480263,0.004533006360660349,0.412450402767446,0.34482547632386745,0.0,0.1640804718774237,5.9426265659552153e-05,0.4919820380705063,0.3438780637864103,5.931353632266834e-17,0.3457754990613068,parity_visibility,2.220446049250313e-16,5.9426265659552153e-05,
Type3,16,random_boundary_00,random,0.2381911145480263,0.004533006360660349,0.412450402767446,0.34482547632386745,0.0001,0.1641141041015834,0.0001732854171754252,0.4918720716442208,0.34384053883702026,3.152112760170801e-17,0.34539161295347764,parity_visibility,1.1102230246251565e-16,0.0001732854171754252,
Type3,16,random_boundary_00,random,0.2381911145480263,0.004533006360660349,0.412450402767446,0.34482547632386745,0.001,0.16441647579622665,0.0011965309459150335,0.4908838039446761,0.3435031893131821,8.769261165367096e-17,0.34195454293069805,parity_visibility,0.0,0.0011965309459150335,
Type3,16,random_boundary_00,random,0.2381911145480263,0.004533006360660349,0.412450402767446,0.34482547632386745,0.005,0.16575340146319528,0.005711925290620659,0.4865226334450496,0.34201203980113426,9.09495950273069e-17,0.32706233754343483,parity_visibility,2.220446049250313e-16,0.005711925290620659,
Type3,16,random_boundary_00,random,0.2381911145480263,0.004533006360660349,0.412450402767446,0.34482547632386745,0.01,0.16740853336296158,0.011281944673590213,0.4811425700005925,0.3401669519628557,1.6470140891871584e-17,0.30930008252757035,parity_visibility,0.0,0.011281944673590213,
Type3,16,random_boundary_00,random,0.2381911145480263,0.004533006360660349,0.412450402767446,0.34482547632386745,0.02,0.17066494014617548,0.022175163333769548,0.47061990037242374,0.3365399961476309,3.8539250156100356e-17,0.27644863478017756,parity_visibility,2.220446049250313e-16,0.022175163333769548,
Type3,16,random_boundary_00,random,0.2381911145480263,0.004533006360660349,0.412450402767446,0.34482547632386745,0.05,0.17999595519858094,0.05289503894974836,0.44093784285453774,0.3261711629971328,3.46812787484253e-17,0.1963915493140967,parity_visibility,1.1102230246251565e-16,0.05289503894974836,
Type3,16,random_boundary_00,random,0.2381911145480263,0.004533006360660349,0.412450402767446,0.34482547632386745,0.1,0.1940513435297025,0.09770640022041821,0.3976188053683088,0.31062345088157034,1.6418194349731719e-16,0.10907997216795817,parity_visibility,2.220446049250313e-16,0.09770640022041821,
Type3,16,random_boundary_00,random,0.2381911145480263,0.004533006360660349,0.412450402767446,0.34482547632386745,0.15,0.20620932069579356,0.13490879390484092,0.36163160258391763,0.29725028281544796,3.2128930718966924e-16,0.059061417472866626,parity_visibility,0.0,0.13490879390484092,
Type3,16,random_boundary_00,random,0.2381911145480263,0.004533006360660349,0.412450402767446,0.34482547632386745,0.2,0.21649475087513637,0.1650914614761415,0.3324143774215776,0.2859994102271443,1.7694947830512048e-16,0.03105579659495824,parity_visibility,2.220446049250313e-16,0.1650914614761415,
Type3,16,random_boundary_00,random,0.2381911145480263,0.004533006360660349,0.412450402767446,0.34482547632386745,0.3,0.23183453450323122,0.20739312593575196,0.29142094197222207,0.26935139758879445,1.3536607312181879e-15,0.007711452757770056,parity_visibility,2.220446049250313e-16,0.20739312593575196,
Type3,16,random_boundary_01,random,0.06323788782628956,0.07369556019240787,0.8630622817872763,4.27019402626521e-06,0.0,0.005301598348381512,0.0072000375182127985,0.9874983641092316,2.4173906828005216e-11,2.5170580181498077e-17,0.7543065683108965,parity_visibility,1.1102230246251565e-16,2.4173906828005216e-11,
Type3,16,random_boundary_01,random,0.06323788782628956,0.07369556019240787,0.8630622817872763,4.27019402626521e-06,0.0001,0.005370788457156966,0.007268596298870531,0.987265292809211,9.532243476130876e-05,7.38447021393844e-17,0.7533511103207268,parity_visibility,1.1102230246251565e-16,9.532243476130876e-05,
Type3,16,random_boundary_01,random,0.06323788782628956,0.07369556019240787,0.8630622817872763,4.27019402626521e-06,0.001,0.00599329286610298,0.007885422336752117,0.985168787498969,0.0009524972981757231,7.892263467595903e-17,0.7448032052409088,parity_visibility,2.220446049250313e-16,0.0009524972981757231,
Type3,16,random_boundary_01,random,0.06323788782628956,0.07369556019240787,0.8630622817872763,4.27019402626521e-06,0.005,0.008755444177764842,0.010622414753906451,0.9758758489670125,0.004746292101316156,8.292165743855431e-17,0.7079073050148827,parity_visibility,0.0,0.004746292101316156,
Type3,16,random_boundary_01,random,0.06323788782628956,0.07369556019240787,0.8630622817872763,4.27019402626521e-06,0.01,0.012197554121744262,0.01403325725944804,0.9643172859213593,0.00945190269744809,1.1746275308085952e-16,0.664209738324185,parity_visibility,2.220446049250313e-16,0.00945190269744809,
Type3,16,random_boundary_01,random,0.06323788782628956,0.07369556019240787,0.8630622817872763,4.27019402626521e-06,0.02,0.019045411064475427,0.020819192265011246,0.9413956306728413,0.018739765997671954,1.5127504028565506e-16,0.5843347829622556,parity_visibility,1.1102230246251565e-16,0.018739765997671954,
Type3,16,random_boundary_01,random,0.06323788782628956,0.07369556019240787,0.8630622817872763,4.27019402626521e-06,0.05,0.03927592287179787,0.04086901870888873,0.8742625150121541,0.045592543407159146,1.2210502154727117e-16,0.39562192997843526,parity_visibility,1.1102230246251565e-16,0.03927592287179787,
Type3,16,random_boundary_01,random,0.06323788782628956,0.07369556019240787,0.8630622817872763,4.27019402626521e-06,0.1,0.07178534722147423,0.07309548371272231,0.768302038227291,0.08681713083851211,9.640871481434115e-17,0.20253877699421993,parity_visibility,2.220446049250313e-16,0.07178534722147423,
Type3,16,random_boundary_01,random,0.06323788782628956,0.07369556019240787,0.8630622817872763,4.27019402626521e-06,0.15,0.10244674023747355,0.10349901262107052,0.670703855985129,0.12335039115632662,1.1615305960400247e-16,0.10104602045274583,parity_visibility,3.3306690738754696e-16,0.10244674023747355,
Type3,16,random_boundary_01,random,0.06323788782628956,0.07369556019240787,0.8630622817872763,4.27019402626521e-06,0.2,0.13082570207865957,0.13164791228041212,0.5826049745502543,0.15492141109067378,2.1185001062408633e-16,0.049023183032865736,parity_visibility,2.220446049250313e-16,0.13082570207865957,
Type3,16,random_boundary_01,random,0.06323788782628956,0.07369556019240787,0.8630622817872763,4.27019402626521e-06,0.3,0.17899016388765096,0.17944416882714315,0.4388611851008927,0.20270448218431295,1.1589573791304486e-15,0.010482204729177498,parity_visibility,2.220446049250313e-16,0.17899016388765096,
Type3,16,random_boundary_02,random,0.6550919081603124,0.13816647382617903,0.1981359230600974,0.008605694953411265,0.0,0.8801767913372235,0.03915351807180898,0.08051779773849886,0.00015189285246857524,2.6642554861083082e-17,0.48756728461918664,parity_visibility,1.1102230246251565e-16,0.00015189285246857524,
Type3,16,random_boundary_02,random,0.6550919081603124,0.13816647382617903,0.1981359230600974,0.008605694953411265,0.0001,0.8799320131927154,0.03924940320329039,0.08057596781527092,0.00024261578872326916,9.46444491369985e-17,0.48698501899050345,parity_visibility,0.0,0.00024261578872326916,
Type3,16,random_boundary_02,random,0.6550919081603124,0.13816647382617903,0.1981359230600974,0.008605694953411265,0.001,0.8777310947073402,0.04011128782707284,0.08109914816348976,0.001058469302096965,9.667449159897867e-17,0.48177409507269364,parity_visibility,2.220446049250313e-16,0.001058469302096965,
Type3,16,random_boundary_02,random,0.6550919081603124,0.13816647382617903,0.1981359230600974,0.008605694953411265,0.005,0.8679947683957081,0.04391830411947869,0.08341672061418104,0.004670206870631981,4.759815359173167e-17,0.4592449107261808,parity_visibility,1.1102230246251565e-16,0.004670206870631981,
Type3,16,random_boundary_02,random,0.6550919081603124,0.13816647382617903,0.1981359230600974,0.008605694953411265,0.01,0.8559294935126569,0.04862280767668313,0.08629586898562215,0.009151829825037493,8.214482233725208e-17,0.43248110251601546,parity_visibility,3.3306690738754696e-16,0.009151829825037493,
Type3,16,random_boundary_02,random,0.6550919081603124,0.13816647382617903,0.1981359230600974,0.008605694953411265,0.02,0.8321531179736097,0.0578501722620723,0.09199350047808136,0.018003209286236537,7.246385106730918e-17,0.383308871333211,parity_visibility,0.0,0.018003209286236537,
Type3,16,random_boundary_02,random,0.6550919081603124,0.13816647382617903,0.1981359230600974,0.008605694953411265,0.05,0.7637251664379853,0.0840669971619416,0.10857706461783746,0.04363077178223552,9.784838607448547e-17,0.2655398553747894,parity_visibility,2.220446049250313e-16,0.04363077178223552,
Type3,16,random_boundary_02,random,0.6550919081603124,0.13816647382617903,0.1981359230600974,0.008605694953411265,0.1,0.659752343291974,0.12282820575315427,0.1343632332578567,0.08305621769701502,7.037549072950951e-17,0.14151738466821778,parity_visibility,1.1102230246251565e-16,0.08305621769701502,
Type3,16,random_boundary_02,random,0.6550919081603124,0.13816647382617903,0.1981359230600974,0.008605694953411265,0.15,0.5689270099638458,0.15543126509000063,0.15757712889260453,0.11806459605354898,1.556071132916523e-16,0.07363331241684389,parity_visibility,0.0,0.11806459605354898,
Type3,16,random_boundary_02,random,0.6550919081603124,0.13816647382617903,0.1981359230600974,0.008605694953411265,0.2,0.4915565663827958,0.1820511479974573,0.17798389233260112,0.1484083932871456,5.553191149164782e-16,0.037291865272718605,parity_visibility,1.1102230246251565e-16,0.1484083932871456,
Type3,16,random_boundary_02,random,0.6550919081603124,0.13816647382617903,0.1981359230600974,0.008605694953411265,0.3,0.37612446108540776,0.2190028266601441,0.20994341492640034,0.19492929732804776,1.8226802599307075e-15,0.00867311736282815,parity_visibility,1.1102230246251565e-16,0.19492929732804776,
Type3,16,random_boundary_03,random,0.014352284439492345,0.9824129463093888,0.0031005179774400825,0.00013425127367856367,0.0,0.00021338156568245575,0.9997766415067908,9.958257211070073e-06,1.8670315680482922e-08,1.737302615961732e-17,0.9653508163800576,parity_visibility,1.1102230246251565e-16,1.8670315680482922e-08,
Type3,16,random_boundary_03,random,0.014352284439492345,0.9824129463093888,0.0031005179774400825,0.00013425127367856367,0.0001,0.00030170742729067156,0.9995615262194286,7.335146138914002e-05,6.341489189129571e-05,2.351497844690135e-17,0.9641000884160579,parity_visibility,3.3306690738754696e-16,6.341489189129571e-05,
Type3,16,random_boundary_03,random,0.014352284439492345,0.9824129463093888,0.0031005179774400825,0.00013425127367856367,0.001,0.0010960612185117165,0.9976263097355358,0.000643769236397444,0.0006338598095548716,3.5110986702021206e-17,0.9529119622544033,parity_visibility,2.220446049250313e-16,0.0006338598095548716,
Type3,16,random_boundary_03,random,0.014352284439492345,0.9824129463093888,0.0031005179774400825,0.00013425127367856367,0.005,0.004613881672482403,0.989043302958668,0.003176302232957734,0.003166513135891558,5.2397573379979564e-17,0.9046491095943312,parity_visibility,2.220446049250313e-16,0.003166513135891558,
Type3,16,random_boundary_03,random,0.014352284439492345,0.9824129463093888,0.0031005179774400825,0.00013425127367856367,0.01,0.008981986679487826,0.9783561085553447,0.006335772076696399,0.006326132688470944,4.9923940170163367e-17,0.8475535451432461,parity_visibility,1.1102230246251565e-16,0.006326132688470944,
Type3,16,random_boundary_03,random,0.014352284439492345,0.9824129463093888,0.0031005179774400825,0.00013425127367856367,0.02,0.01761999615757081,0.9571225120456235,0.012633417071938916,0.012624074724866569,2.5808801917955575e-17,0.7433865798142093,parity_visibility,2.220446049250313e-16,0.012624074724866569,
Type3,16,random_boundary_03,random,0.014352284439492345,0.9824129463093888,0.0031005179774400825,0.00013425127367856367,0.05,0.042729356793162636,0.8945939673010543,0.03134257339383775,0.03133410251194507,2.8963369702643384e-17,0.498542929248016,parity_visibility,2.220446049250313e-16,0.03133410251194507,
Type3,16,random_boundary_03,random,0.014352284439492345,0.9824129463093888,0.0031005179774400825,0.00013425127367856367,0.1,0.08175999337638108,0.794638121675687,0.06180448687900066,0.061797398068931336,8.326948622555913e-17,0.25081893161313495,parity_visibility,0.0,0.061797398068931336,
Type3,16,random_boundary_03,random,0.014352284439492345,0.9824129463093888,0.0031005179774400825,0.00013425127367856367,0.15,0.11700462268724417,0.7007587314686313,0.09112122532700358,0.09111542051712081,9.814296016350642e-17,0.12273496808320736,parity_visibility,0.0,0.09111542051712081,
Type3,16,random_boundary_03,random,0.014352284439492345,0.9824129463093888,0.0031005179774400825,0.00013425127367856367,0.2,0.1481538621868124,0.613985940037203,0.11893241498873451,0.11892778278725005,1.792749560971816e-16,0.058305007221957125,parity_visibility,1.1102230246251565e-16,0.11892778278725005,
Type3,16,random_boundary_03,random,0.014352284439492345,0.9824129463093888,0.0031005179774400825,0.00013425127367856367,0.3,0.19716187395886822,0.4663294232365402,0.16825568969390395,0.16825301311068738,7.278164682599289e-16,0.011913555513503208,parity_visibility,2.220446049250313e-16,0.16825301311068738,
Type3,16,random_boundary_04,random,0.2922437130303479,0.6994123035077119,1.6060066592668448e-07,0.008343822861274391,0.0,0.14862238947461834,0.8512564603530098,4.488303131312411e-14,0.00012115017232673614,1.7256099198447674e-17,0.5746535774836935,parity_visibility,2.220446049250313e-16,4.488303131312411e-14,
Type3,16,random_boundary_04,random,0.2922437130303479,0.6994123035077119,1.6060066592668448e-07,0.008343822861274391,0.0001,0.1486727968591192,0.8510440922201653,8.100302846906895e-05,0.0002021078922461053,1.548187601859518e-17,0.5739494702618357,parity_visibility,4.440892098500626e-16,8.100302846906895e-05,
Type3,16,random_boundary_04,random,0.2922437130303479,0.6994123035077119,1.6060066592668448e-07,0.008343822861274391,0.001,0.14912586682040652,0.8491341810792534,0.0008096273342550216,0.0009303247660849284,7.80839972130912e-17,0.5676490730773366,parity_visibility,1.1102230246251565e-16,0.0008096273342550216,
Type3,16,random_boundary_04,random,0.2922437130303479,0.6994123035077119,1.6060066592668448e-07,0.008343822861274391,0.005,0.15112650536092284,0.840676348297718,0.004039126094504948,0.004158020246854135,3.1147575962566096e-17,0.5404293759227049,parity_visibility,0.0,0.004039126094504948,
Type3,16,random_boundary_04,random,0.2922437130303479,0.6994123035077119,1.6060066592668448e-07,0.008343822861274391,0.01,0.15359737531859544,0.8301750338321925,0.008055466698965907,0.008172124150245753,2.3422419251290746e-17,0.5081369547916288,parity_visibility,4.440892098500626e-16,0.008055466698965907,
Type3,16,random_boundary_04,random,0.2922437130303479,0.6994123035077119,1.6060066592668448e-07,0.008343822861274391,0.02,0.15843893803319886,0.8094127220313773,0.01601804858863908,0.016130291346784523,7.547843979599906e-17,0.4489407541634699,parity_visibility,2.220446049250313e-16,0.01601804858863908,
Type3,16,random_boundary_04,random,0.2922437130303479,0.6994123035077119,1.6060066592668448e-07,0.008343822861274391,0.05,0.1721553131747411,0.7491192454862983,0.03931297978535774,0.03941246155360244,8.961639349308705e-17,0.30800966142873676,parity_visibility,4.440892098500626e-16,0.03931297978535774,
Type3,16,random_boundary_04,random,0.2922437130303479,0.6994123035077119,1.6060066592668448e-07,0.008343822861274391,0.1,0.1922909311293286,0.6557426490511292,0.07594325507567053,0.0760231647438715,5.580179739775007e-17,0.1614399351435505,parity_visibility,1.1102230246251565e-16,0.07594325507567053,
Type3,16,random_boundary_04,random,0.2922437130303479,0.6994123035077119,1.6060066592668448e-07,0.008343822861274391,0.15,0.20901519699984164,0.5720487191093534,0.10943674430729282,0.109499339583512,9.800010292306363e-17,0.08258314195519914,parity_visibility,2.220446049250313e-16,0.10943674430729282,
Type3,16,random_boundary_04,random,0.2922437130303479,0.6994123035077119,1.6060066592668448e-07,0.008343822861274391,0.2,0.22241277472798002,0.49878939101001907,0.13937509030843015,0.13942274395357063,2.7790007387113425e-16,0.04112196093769589,parity_visibility,0.0,0.13937509030843015,
Type3,16,random_boundary_04,random,0.2922437130303479,0.6994123035077119,1.6060066592668448e-07,0.008343822861274391,0.3,0.24014198263222797,0.38499142240637996,0.1874208098037451,0.18744578515764676,1.7275885992604537e-15,0.009263756694324072,parity_visibility,2.220446049250313e-16,0.1874208098037451,
Type3,16,random_boundary_05,random,0.0053633977589290826,0.8296091103850569,0.16016613163012383,0.004861360225890224,0.0,4.029099928348096e-05,0.9639955999386292,0.035931007870100326,3.3101191986785e-05,6.347243669612666e-17,0.7139568646140091,parity_visibility,3.3306690738754696e-16,3.3101191986785e-05,
Type3,16,random_boundary_05,random,0.0053633977589290826,0.8296091103850569,0.16016613163012383,0.004861360225890224,0.0001,0.00013688587786316335,0.9637644096536258,0.03599220217769651,0.00010650229081442818,9.30287581954042e-17,0.7130578595054675,parity_visibility,1.1102230246251565e-16,0.00010650229081442818,
Type3,16,random_boundary_05,random,0.0053633977589290826,0.8296091103850569,0.16016613163012383,0.004861360225890224,0.001,0.00100547994064995,0.9616849008751173,0.03654276553803849,0.0007668536461941154,4.8395570874015023e-17,0.705014740219724,parity_visibility,2.220446049250313e-16,0.0007668536461941154,
Type3,16,random_boundary_05,random,0.0053633977589290826,0.8296091103850569,0.16016613163012383,0.004861360225890224,0.005,0.004849306075531121,0.9524689760138263,0.03898564090855283,0.003696077002089474,1.7981680681173076e-16,0.6702920959191573,parity_visibility,2.220446049250313e-16,0.003696077002089474,
Type3,16,random_boundary_05,random,0.0053633977589290826,0.8296091103850569,0.16016613163012383,0.004861360225890224,0.01,0.009615793654553109,0.9410100888696843,0.042029722438208364,0.007344395037554017,8.326324553299825e-17,0.629156102191045,parity_visibility,2.220446049250313e-16,0.007344395037554017,
Type3,16,random_boundary_05,random,0.0053633977589290826,0.8296091103850569,0.16016613163012383,0.004861360225890224,0.02,0.01901982506426628,0.9182993048841027,0.048085117349125336,0.014595752702505627,2.2551108379843018e-17,0.5539255539301963,parity_visibility,0.0,0.014595752702505627,
Type3,16,random_boundary_05,random,0.0053633977589290826,0.8296091103850569,0.16016613163012383,0.004861360225890224,0.05,0.046175733712454405,0.8518935191685936,0.06596792689518287,0.03596282022376893,8.570588495045669e-17,0.3759443890707379,parity_visibility,2.220446049250313e-16,0.03596282022376893,
Type3,16,random_boundary_05,random,0.0053633977589290826,0.8296091103850569,0.16016613163012383,0.004861360225890224,0.1,0.08775234064725276,0.7474714500795191,0.09467214664797337,0.07010406262525455,1.5759857252676292e-16,0.1933080590232913,parity_visibility,1.1102230246251565e-16,0.07010406262525455,
Type3,16,random_boundary_05,random,0.0053633977589290826,0.8296091103850569,0.16016613163012383,0.004861360225890224,0.15,0.12445099521600723,0.6518157100736395,0.12168623605588068,0.10204705865447232,8.874521560574893e-17,0.09689929473814755,parity_visibility,3.3306690738754696e-16,0.10204705865447232,
Type3,16,random_boundary_05,random,0.0053633977589290826,0.8296091103850569,0.16016613163012383,0.004861360225890224,0.2,0.15602082126802658,0.5660170525944425,0.14661523776236635,0.13134688837516462,1.3742231272404315e-16,0.04724858429718394,parity_visibility,0.0,0.13134688837516462,
Type3,16,random_boundary_05,random,0.0053633977589290826,0.8296091103850569,0.16016613163012383,0.004861360225890224,0.3,0.2034594963164767,0.42750370378272423,0.1886901276108056,0.18034667228999332,1.7943950083857916e-16,0.010208543728878937,parity_visibility,1.1102230246251565e-16,0.18034667228999332,
Type3,16,random_boundary_06,random,0.6655045881714952,0.05717619290727008,0.048404756749039886,0.22891446217219497,0.0,0.8841829254390895,0.006526351863256408,0.004677524812760309,0.10461319788489357,1.0056230896397485e-17,0.5009103253801992,parity_visibility,2.220446049250313e-16,0.004677524812760309,
Type3,16,random_boundary_06,random,0.6655045881714952,0.05717619290727008,0.048404756749039886,0.22891446217219497,0.0001,0.8839392728676243,0.006633407924300114,0.004765790048392291,0.10466152915968338,5.421102357137167e-17,0.5003093916317616,parity_visibility,0.0,0.004765790048392291,
Type3,16,random_boundary_06,random,0.6655045881714952,0.05717619290727008,0.048404756749039886,0.22891446217219497,0.001,0.8817484134734576,0.007595774957553138,0.005559559640887732,0.10509625192810147,1.0370741670347812e-16,0.49493154263622374,parity_visibility,1.1102230246251565e-16,0.005559559640887732,
Type3,16,random_boundary_06,random,0.6655045881714952,0.05717619290727008,0.048404756749039886,0.22891446217219497,0.005,0.87205524920353,0.011848151271232742,0.009073918494645927,0.10702268103059116,3.0459502548657597e-17,0.47168369520818376,parity_visibility,2.220446049250313e-16,0.009073918494645927,
Type3,16,random_boundary_06,random,0.6655045881714952,0.05717619290727008,0.048404756749039886,0.22891446217219497,0.01,0.8600403923953974,0.01710648936936131,0.013435596883376885,0.1094175213518643,4.989538094464335e-17,0.44407281330675064,parity_visibility,0.0,0.013435596883376885,
Type3,16,random_boundary_06,random,0.6655045881714952,0.05717619290727008,0.048404756749039886,0.22891446217219497,0.02,0.8363531636827348,0.027431680612942495,0.022053053048842596,0.1141621026554801,1.8580386568739951e-16,0.39336474647751896,parity_visibility,0.0,0.022053053048842596,
Type3,16,random_boundary_06,random,0.6655045881714952,0.05717619290727008,0.048404756749039886,0.22891446217219497,0.05,0.7681013793515773,0.056857632344165854,0.04702707980559384,0.1280139084986628,2.2167856937618656e-17,0.27204692249925383,parity_visibility,2.220446049250313e-16,0.04702707980559384,
Type3,16,random_boundary_06,random,0.6655045881714952,0.05717619290727008,0.048404756749039886,0.22891446217219497,0.1,0.6641392081152017,0.10064814653229656,0.08552494813587501,0.14968769721662664,8.179320812417766e-17,0.14456984441029547,parity_visibility,1.1102230246251565e-16,0.08552494813587501,
Type3,16,random_boundary_06,random,0.6655045881714952,0.05717619290727008,0.048404756749039886,0.22891446217219497,0.15,0.5730250563970711,0.13781425399582053,0.1198023816595943,0.16935830794751397,2.614934453284434e-16,0.07500457230639031,parity_visibility,1.1102230246251565e-16,0.1198023816595943,
Type3,16,random_boundary_06,random,0.6655045881714952,0.05717619290727008,0.048404756749039886,0.22891446217219497,0.2,0.4951477672014663,0.1684626584578879,0.14959554390828178,0.18679403043236373,1.3385397083637634e-16,0.03787869841138357,parity_visibility,2.220446049250313e-16,0.14959554390828178,
Type3,16,random_boundary_06,random,0.6655045881714952,0.05717619290727008,0.048404756749039886,0.22891446217219497,0.3,0.37841649316262504,0.2117032707540484,0.1954485933422326,0.21443164274109383,3.928248167087004e-16,0.00876361294388904,parity_visibility,1.1102230246251565e-16,0.1954485933422326,
Type3,16,random_boundary_07,random,0.006343182496103182,0.642462551330843,0.0019305722290941713,0.3492636939439597,0.0,7.523733292551044e-05,0.7718174888542005,6.969330953469625e-06,0.2281003044819202,1.2589907798362545e-16,0.534787220843226,parity_visibility,3.3306690738754696e-16,6.969330953469625e-06,
Type3,16,random_boundary_07,random,0.006343182496103182,0.642462551330843,0.0019305722290941713,0.3492636939439597,0.0001,0.00017874224675961965,0.7716223645234446,9.690992653244009e-05,0.2281019833032631,1.0033547608785114e-16,0.5341388902567875,parity_visibility,2.220446049250313e-16,9.690992653244009e-05,
Type3,16,random_boundary_07,random,0.006343182496103182,0.642462551330843,0.0019305722290941713,0.3492636939439597,0.001,0.0011093093190825897,0.7698677437468413,0.0009057489596574287,0.2281171979744187,8.794665094837136e-17,0.5283372320629087,parity_visibility,0.0,0.0009057489596574287,
Type3,16,random_boundary_07,random,0.006343182496103182,0.642462551330843,0.0019305722290941713,0.3492636939439597,0.005,0.005223836620783505,0.7621021675885248,0.004486893489619755,0.22818710230107192,6.28307032326916e-17,0.5032647575111044,parity_visibility,0.0,0.004486893489619755,
Type3,16,random_boundary_07,random,0.006343182496103182,0.642462551330843,0.0019305722290941713,0.3492636939439597,0.01,0.010317824123727008,0.7524708653886043,0.008931627392663503,0.22827968309500485,8.265680413646374e-17,0.4735032243898678,parity_visibility,2.220446049250313e-16,0.008931627392663503,
Type3,16,random_boundary_07,random,0.006343182496103182,0.642462551330843,0.0019305722290941713,0.3492636939439597,0.02,0.0203405862712693,0.733463692030285,0.017713824116004213,0.22848189758244122,1.0182996929289098e-16,0.4188957957454169,parity_visibility,2.220446049250313e-16,0.017713824116004213,
Type3,16,random_boundary_07,random,0.006343182496103182,0.642462551330843,0.0019305722290941713,0.3492636939439597,0.05,0.049063672994259545,0.6785453011520596,0.043171861766271954,0.22921916408740872,1.024522515952467e-16,0.28856783678668435,parity_visibility,2.220446049250313e-16,0.043171861766271954,
Type3,16,random_boundary_07,random,0.006343182496103182,0.642462551330843,0.0019305722290941713,0.3492636939439597,0.1,0.0923160040895646,0.5944008495883163,0.08244438704560478,0.23083875927651418,6.379995810055233e-17,0.15231979147555613,parity_visibility,1.1102230246251565e-16,0.08244438704560478,
Type3,16,random_boundary_07,random,0.006343182496103182,0.642462551330843,0.0019305722290941713,0.3492636939439597,0.15,0.12962413425095273,0.5200723278684752,0.1174520443817712,0.23285149349880063,1.0374152913070408e-16,0.07848608965785794,parity_visibility,2.220446049250313e-16,0.1174520443817712,
Type3,16,random_boundary_07,random,0.006343182496103182,0.642462551330843,0.0019305722290941713,0.3492636939439597,0.2,0.16093669988928552,0.4560188223601971,0.14791553901844717,0.23512893873207008,2.8229119474025348e-16,0.03936862003036551,parity_visibility,2.220446049250313e-16,0.14791553901844717,
Type3,16,random_boundary_07,random,0.006343182496103182,0.642462551330843,0.0019305722290941713,0.3492636939439597,0.3,0.20636719845486656,0.3588775390479704,0.19483993024651844,0.2399153322506446,5.834144288870504e-16,0.008993373865284131,parity_visibility,0.0,0.19483993024651844,
Type3,16,random_boundary_08,random,2.6894210381224504e-06,0.10208815489701718,0.14532266649851644,0.7525864891834282,0.0,1.209676370051671e-11,0.017430204286444834,0.03531982019872215,0.9472499755027363,2.5999322684715764e-17,0.5979270924771867,parity_visibility,0.0,1.209676370051671e-11,
Type3,16,random_boundary_08,random,2.6894210381224504e-06,0.10208815489701718,0.14532266649851644,0.7525864891834282,0.0001,7.974270626902401e-05,0.017503546350594642,0.035410714971718764,0.9470059959714174,7.202926292884947e-17,0.5971904235047677,parity_visibility,1.1102230246251565e-16,7.974270626902401e-05,
Type3,16,random_boundary_08,random,2.6894210381224504e-06,0.10208815489701718,0.14532266649851644,0.7525864891834282,0.001,0.0007970503921533465,0.0181632948488796,0.036227905288337296,0.9448117494706295,2.7823464383544227e-17,0.5905988683024763,parity_visibility,2.220446049250313e-16,0.0007970503921533465,
Type3,16,random_boundary_08,random,2.6894210381224504e-06,0.10208815489701718,0.14532266649851644,0.7525864891834282,0.005,0.003976830256855992,0.02108827187863613,0.03984103646987392,0.9350938613946338,2.5689809600487764e-16,0.5621256475843053,parity_visibility,2.220446049250313e-16,0.003976830256855992,
Type3,16,random_boundary_08,random,2.6894210381224504e-06,0.10208815489701718,0.14532266649851644,0.7525864891834282,0.01,0.007932358628321883,0.024727644724063223,0.044314049977134395,0.9230259466704802,2.2515291881246488e-17,0.5283557234906421,parity_visibility,2.220446049250313e-16,0.007932358628321883,
Type3,16,random_boundary_08,random,2.6894210381224504e-06,0.10208815489701718,0.14532266649851644,0.7525864891834282,0.02,0.015777839323876296,0.03194874281878742,0.053114284652691565,0.8991591332046444,1.0029759742050004e-16,0.46648065118811116,parity_visibility,3.3306690738754696e-16,0.015777839323876296,
Type3,16,random_boundary_08,random,2.6894210381224504e-06,0.10208815489701718,0.14532266649851644,0.7525864891834282,0.05,0.03875879945375366,0.05312190842629761,0.07832818618095835,0.8297911059389901,2.0779833638904945e-17,0.31935957236713347,parity_visibility,2.220446049250313e-16,0.03875879945375366,
Type3,16,random_boundary_08,random,2.6894210381224504e-06,0.10208815489701718,0.14532266649851644,0.7525864891834282,0.1,0.0749955117613248,0.0865760332457251,0.11627380896929196,0.722154646023658,9.713683267456635e-17,0.16676416886558623,parity_visibility,2.220446049250313e-16,0.0749955117613248,
Type3,16,random_boundary_08,random,2.6894210381224504e-06,0.10208815489701718,0.14532266649851644,0.7525864891834282,0.15,0.10825960325039069,0.11736633586378936,0.1489596420619623,0.6254144188238574,9.158607815998083e-17,0.08497495339990248,parity_visibility,2.220446049250313e-16,0.10825960325039069,
Type3,16,random_boundary_08,random,2.6894210381224504e-06,0.10208815489701718,0.14532266649851644,0.7525864891834282,0.2,0.13812231554013207,0.1450827903850061,0.17631504552429517,0.5404798485505665,3.267497734530416e-16,0.042145540951878474,parity_visibility,2.220446049250313e-16,0.13812231554013207,
Type3,16,random_boundary_08,random,2.6894210381224504e-06,0.10208815489701718,0.14532266649851644,0.7525864891834282,0.3,0.1863683765397306,0.19004453773850916,0.21562707802321812,0.40796000769854207,9.160850332469984e-16,0.009421603042872932,parity_visibility,0.0,0.1863683765397306,
Type3,16,random_boundary_09,random,0.06058810971967282,0.017772673598923493,0.012459441401537175,0.9091797752798665,0.0,0.004418801724266331,0.00038022024589495356,0.0001868645210808073,0.9950141135087578,2.2189874472862874e-17,0.8307498884242428,parity_visibility,1.1102230246251565e-16,0.0001868645210808073,
Type3,16,random_boundary_09,random,0.06058810971967282,0.017772673598923493,0.012459441401537175,0.9091797752798665,0.0001,0.004485097519309894,0.00044780981949866426,0.00027927062946231514,0.9947878220317289,1.3458699038834065e-16,0.8296874793215174,parity_visibility,2.220446049250313e-16,0.00027927062946231514,
Type3,16,random_boundary_09,random,0.06058810971967282,0.017772673598923493,0.012459441401537175,0.9091797752798665,0.001,0.0050815966653934485,0.00105594625330957,0.0011102643868658674,0.9927521926944309,2.6196784890252776e-17,0.8201832474657968,parity_visibility,2.220446049250313e-16,0.00105594625330957,
Type3,16,random_boundary_09,random,0.06058810971967282,0.017772673598923493,0.012459441401537175,0.9091797752798665,0.005,0.007729124358569612,0.003755048336248494,0.0047891313924620605,0.9837266959127197,7.444309780958382e-17,0.7791700704526573,parity_visibility,2.220446049250313e-16,0.003755048336248494,
Type3,16,random_boundary_09,random,0.06058810971967282,0.017772673598923493,0.012459441401537175,0.9091797752798665,0.01,0.011030178460835326,0.007120230619874489,0.009354388233772968,0.972495202685517,3.1811169425013256e-17,0.7306195525868128,parity_visibility,2.220446049250313e-16,0.007120230619874489,
Type3,16,random_boundary_09,random,0.06058810971967282,0.017772673598923493,0.012459441401537175,0.9091797752798665,0.02,0.017603529769546926,0.01382068888167138,0.018372665985022674,0.9502031153637588,1.6863605726644114e-17,0.6419456751452651,parity_visibility,2.220446049250313e-16,0.01382068888167138,
Type3,16,random_boundary_09,random,0.06058810971967282,0.017772673598923493,0.012459441401537175,0.9091797752798665,0.05,0.03707500784579504,0.03366396000513234,0.04450734192723645,0.8847536902218359,5.0245276143774976e-17,0.43290142451823305,parity_visibility,2.220446049250313e-16,0.03366396000513234,
Type3,16,random_boundary_09,random,0.06058810971967282,0.017772673598923493,0.012459441401537175,0.9091797752798665,0.1,0.06855731823069541,0.06573176047079174,0.08484442407679722,0.7808664972217154,9.20892516068791e-17,0.22002655668223153,parity_visibility,2.220446049250313e-16,0.06573176047079174,
Type3,16,random_boundary_09,random,0.06058810971967282,0.017772673598923493,0.012459441401537175,0.9091797752798665,0.15,0.09852383146843326,0.0962363067446858,0.1208759645893676,0.6843638971975131,1.7520633146146722e-16,0.10890207519863798,parity_visibility,2.220446049250313e-16,0.0962363067446858,
Type3,16,random_boundary_09,random,0.06058810971967282,0.017772673598923493,0.012459441401537175,0.9091797752798665,0.2,0.12656289047552605,0.12476016182435587,0.15230462430171204,0.596372323398406,4.594454104086834e-17,0.05238519580608277,parity_visibility,0.0,0.12476016182435587,
Type3,16,random_boundary_09,random,0.06058810971967282,0.017772673598923493,0.012459441401537175,0.9091797752798665,0.3,0.17505099551784417,0.17403743659581816,0.20062036345133544,0.45029120443500215,1.6097295976631113e-15,0.01100066096383797,parity_visibility,1.1102230246251565e-16,0.17403743659581816,
Type3,16,random_boundary_10,random,0.8810003960526989,0.0008579405487075478,0.10581860924898064,0.012323054149612864,0.0,0.9855873006787522,9.346677980543196e-07,0.014218932431574837,0.0001928322218747985,2.466213985794097e-17,0.7875118696339591,parity_visibility,1.1102230246251565e-16,9.346677980543196e-07,
Type3,16,random_boundary_10,random,0.8810003960526989,0.0008579405487075478,0.10581860924898064,0.012323054149612864,0.0001,0.9853589282132752,9.481192158396594e-05,0.014283887033473388,0.00026237283166735144,8.533858056485394e-17,0.7865099544266771,parity_visibility,1.1102230246251565e-16,9.481192158396594e-05,
Type3,16,random_boundary_10,random,0.8810003960526989,0.0008579405487075478,0.10581860924898064,0.012323054149612864,0.001,0.9833046382883243,0.0009390138551641812,0.014868306485908582,0.0008880413706026515,6.13573661907091e-17,0.7775466419743113,parity_visibility,4.440892098500626e-16,0.0008880413706026515,
Type3,16,random_boundary_10,random,0.8810003960526989,0.0008579405487075478,0.10581860924898064,0.012323054149612864,0.005,0.9741977014192416,0.004675881973858691,0.017461949329094457,0.0036644672778050136,1.7529142427636194e-16,0.7388622870325061,parity_visibility,2.220446049250313e-16,0.0036644672778050136,
Type3,16,random_boundary_10,random,0.8810003960526989,0.0008579405487075478,0.10581860924898064,0.012323054149612864,0.01,0.9628678797577538,0.009312019257864302,0.020695183949875882,0.007124917034505886,1.7204580578124701e-16,0.6930567048103276,parity_visibility,1.1102230246251565e-16,0.007124917034505886,
Type3,16,random_boundary_10,random,0.8810003960526989,0.0008579405487075478,0.10581860924898064,0.012323054149612864,0.02,0.9403909434746673,0.018466596478704418,0.02713128590612033,0.014011174140507603,1.2168381994117591e-16,0.6093596907186278,parity_visibility,3.3306690738754696e-16,0.014011174140507603,
Type3,16,random_boundary_10,random,0.8810003960526989,0.0008579405487075478,0.10581860924898064,0.012323054149612864,0.05,0.8744857168525598,0.044965497388782444,0.046176936849809266,0.03437184890884844,7.346674983954403e-17,0.41181532460768466,parity_visibility,0.0,0.03437184890884844,
Type3,16,random_boundary_10,random,0.8810003960526989,0.0008579405487075478,0.10581860924898064,0.012323054149612864,0.1,0.7701929868327092,0.08575614805943423,0.07689561948980225,0.06715524561805408,9.387630305913144e-17,0.2101350848619412,parity_visibility,2.220446049250313e-16,0.06715524561805408,
Type3,16,random_boundary_10,random,0.8810003960526989,0.0008579405487075478,0.10581860924898064,0.012323054149612864,0.15,0.673757944658138,0.12204808464560876,0.10602273861038766,0.09817123208586527,9.145545968049356e-17,0.10445851829639033,parity_visibility,2.220446049250313e-16,0.09817123208586527,
Type3,16,random_boundary_10,random,0.8810003960526989,0.0008579405487075478,0.10581860924898064,0.012323054149612864,0.2,0.5863099099039182,0.15355545355046846,0.13314663104555463,0.1269880055000585,3.6732237077800296e-16,0.05048356762920625,parity_visibility,2.220446049250313e-16,0.1269880055000585,
Type3,16,random_boundary_10,random,0.8810003960526989,0.0008579405487075478,0.10581860924898064,0.012323054149612864,0.3,0.4425107784541989,0.20161123728511163,0.1796531397796187,0.1762248444810707,6.688605148084075e-16,0.010707410744159589,parity_visibility,1.1102230246251565e-16,0.1762248444810707,
Type3,16,random_boundary_11,random,0.03971121062017097,0.12477153363351705,0.012885521075668399,0.8226317346706437,0.0,0.002272194767088512,0.022431087415887035,0.00023923420425819443,0.9750574836127661,2.5883960621160333e-17,0.6940339233948023,parity_visibility,1.1102230246251565e-16,0.00023923420425819443,
Type3,16,random_boundary_11,random,0.03971121062017097,0.12477153363351705,0.012885521075668399,0.8226317346706437,0.0001,0.002345548878947842,0.02249750562652619,0.00033704681504431776,0.9748198986794815,8.579008731582413e-17,0.6931627922813413,parity_visibility,1.1102230246251565e-16,0.00033704681504431776,
Type3,16,random_boundary_11,random,0.03971121062017097,0.12477153363351705,0.012885521075668399,0.8226317346706437,0.001,0.003005471284660895,0.02309504769528827,0.0012165693198560904,0.9726829117001945,2.7086818711378433e-17,0.6853689144219828,parity_visibility,2.220446049250313e-16,0.0012165693198560904,
Type3,16,random_boundary_11,random,0.03971121062017097,0.12477153363351705,0.012885521075668399,0.8226317346706437,0.005,0.005932654436762198,0.02574591999014694,0.00510828718202084,0.9632131383910699,8.277193747835548e-17,0.65171933004727,parity_visibility,1.1102230246251565e-16,0.00510828718202084,
Type3,16,random_boundary_11,random,0.03971121062017097,0.12477153363351705,0.012885521075668399,0.8226317346706437,0.01,0.009578107722475221,0.029048147869281334,0.009933076782867855,0.9514406676253755,5.731436133887587e-17,0.6118481304288166,parity_visibility,1.1102230246251565e-16,0.009578107722475221,
Type3,16,random_boundary_11,random,0.03971121062017097,0.12477153363351705,0.012885521075668399,0.8226317346706437,0.02,0.01682264094902981,0.03561354621004245,0.019448484181786897,0.9281153286591405,5.4855945096623205e-17,0.5389107898298631,parity_visibility,3.3306690738754696e-16,0.01682264094902981,
Type3,16,random_boundary_11,random,0.03971121062017097,0.12477153363351705,0.012885521075668399,0.8226317346706437,0.05,0.03815963132526141,0.05497370530183627,0.04689646369418101,0.8599701996787211,4.061872206876118e-17,0.3662284691277411,parity_visibility,2.220446049250313e-16,0.03815963132526141,
Type3,16,random_boundary_11,random,0.03971121062017097,0.12477153363351705,0.012885521075668399,0.8226317346706437,0.1,0.07221383372671898,0.08594918606168775,0.0888200868985828,0.7530168933130102,1.0320933634945195e-16,0.18875032910964934,parity_visibility,2.220446049250313e-16,0.07221383372671898,
Type3,16,random_boundary_11,random,0.03971121062017097,0.12477153363351705,0.012885521075668399,0.8226317346706437,0.15,0.10401766783486706,0.11496994714312987,0.12569795308247994,0.6553144319395231,1.8887546408546125e-16,0.0948518206529664,parity_visibility,0.0,0.10401766783486706,
Type3,16,random_boundary_11,random,0.03971121062017097,0.12477153363351705,0.012885521075668399,0.8226317346706437,0.2,0.13312524796089242,0.14161759876412716,0.15729739382905264,0.5679597594459276,6.196352351761159e-17,0.0463723640759833,parity_visibility,2.220446049250313e-16,0.13312524796089242,
Type3,16,random_boundary_11,random,0.03971121062017097,0.12477153363351705,0.012885521075668399,0.8226317346706437,0.3,0.1816185337242019,0.18623424881825548,0.20447315065445673,0.42767406680308573,3.636224143307089e-15,0.010073421744740175,parity_visibility,2.220446049250313e-16,0.1816185337242019,
Type3,16,random_boundary_12,random,0.18915017551067378,0.6861041230175231,0.12474558231751685,1.1915428640055352e-07,0.0,0.06852957008290676,0.9016636638293213,0.029806766087744616,2.7194219081102458e-14,1.695382479118241e-17,0.5220781168251131,parity_visibility,2.220446049250313e-16,2.7194219081102458e-14,
Type3,16,random_boundary_12,random,0.18915017551067378,0.6861041230175231,0.12474558231751685,1.1915428640055352e-07,0.0001,0.06861236808630822,0.901420285582926,0.029881221458717015,8.612487204870067e-05,1.9192779623533428e-16,0.5214475674236403,parity_visibility,1.1102230246251565e-16,8.612487204870067e-05,
Type3,16,random_boundary_12,random,0.18915017551067378,0.6861041230175231,0.12474558231751685,1.1915428640055352e-07,0.001,0.06935663529213805,0.8992317509247215,0.030550892238183636,0.0008607215449567136,5.0264729929128214e-17,0.5158049035860011,parity_visibility,0.0,0.0008607215449567136,
Type3,16,random_boundary_12,random,0.18915017551067378,0.6861041230175231,0.12474558231751685,1.1915428640055352e-07,0.005,0.07264453946556229,0.8895457858397954,0.03351784175454002,0.004291832940102073,9.39980194674077e-18,0.49141694795463653,parity_visibility,3.3306690738754696e-16,0.004291832940102073,
Type3,16,random_boundary_12,random,0.18915017551067378,0.6861041230175231,0.12474558231751685,1.1915428640055352e-07,0.01,0.07670849455328937,0.8775327690066,0.03720478234316362,0.008553954096946861,6.606824387511277e-17,0.4624622434900866,parity_visibility,2.220446049250313e-16,0.008553954096946861,
Type3,16,random_boundary_12,random,0.18915017551067378,0.6861041230175231,0.12474558231751685,1.1915428640055352e-07,0.02,0.0846825758472511,0.8538255941807034,0.044504604137954165,0.016987225834091086,5.224035902063674e-17,0.40931768191879986,parity_visibility,2.220446049250313e-16,0.016987225834091086,
Type3,16,random_boundary_12,random,0.18915017551067378,0.6861041230175231,0.12474558231751685,1.1915428640055352e-07,0.05,0.10736168130946204,0.7853303804981646,0.06578170134432974,0.04152623684804343,5.2508667507081593e-17,0.28236992475007416,parity_visibility,2.220446049250313e-16,0.04152623684804343,
Type3,16,random_boundary_12,random,0.18915017551067378,0.6861041230175231,0.12474558231751685,1.1915428640055352e-07,0.1,0.1409575174357564,0.6803986193228088,0.09897163558958531,0.07967222765184946,5.882544597069999e-17,0.1494123561264474,parity_visibility,1.1102230246251565e-16,0.07967222765184946,
Type3,16,random_boundary_12,random,0.18915017551067378,0.6861041230175231,0.12474558231751685,1.1915428640055352e-07,0.15,0.1692725134726734,0.5877273107493978,0.12898554812539706,0.11401462765253144,1.1461044707154462e-16,0.0771799792378828,parity_visibility,2.220446049250313e-16,0.11401462765253144,
Type3,16,random_boundary_12,random,0.18915017551067378,0.6861041230175231,0.12474558231751685,1.1915428640055352e-07,0.2,0.19241398372567206,0.5078783169261315,0.15549698182971589,0.1442107175184802,1.4394786235513215e-16,0.03880966772450438,parity_visibility,4.440892098500626e-16,0.1442107175184802,
Type3,16,random_boundary_12,random,0.18915017551067378,0.6861041230175231,0.12474558231751685,1.1915428640055352e-07,0.3,0.2244646313983614,0.38674983184477285,0.1972957806579163,0.1914897560989492,9.738761263783621e-16,0.008907177789480952,parity_visibility,2.220446049250313e-16,0.1914897560989492,
Type3,16,random_boundary_13,random,0.00044069040486742944,0.23954762348842454,0.012727125842192653,0.7472845602645155,0.0,3.152832977501945e-07,0.09315743202934504,0.0002629628824656382,0.9065792898048913,2.2507209398069946e-17,0.6159794518689177,parity_visibility,2.220446049250313e-16,3.152832977501945e-07,
Type3,16,random_boundary_13,random,0.00044069040486742944,0.23954762348842454,0.012727125842192653,0.7472845602645155,0.0001,8.072549042162853e-05,0.09320409003084859,0.00036361470452988566,0.9063515697741997,3.001158707380917e-17,0.6152175260144276,parity_visibility,2.220446049250313e-16,8.072549042162853e-05,
Type3,16,random_boundary_13,random,0.00044069040486742944,0.23954762348842454,0.012727125842192653,0.7472845602645155,0.001,0.000804021628523832,0.0936238532556592,0.0012686057908025698,0.9043035193250143,3.067599501678144e-17,0.6084001308744029,parity_visibility,1.1102230246251565e-16,0.000804021628523832,
Type3,16,random_boundary_13,random,0.00044069040486742944,0.23954762348842454,0.012727125842192653,0.7472845602645155,0.005,0.004010001783174398,0.0954859765346638,0.005271679040847306,0.8952323426413146,1.0150238182186842e-16,0.578954600735788,parity_visibility,0.0,0.004010001783174398,
Type3,16,random_boundary_13,random,0.00044069040486742944,0.23954762348842454,0.012727125842192653,0.7472845602645155,0.01,0.007997338078036712,0.09780546417198131,0.010231433958664111,0.8839657637913177,9.595299206149584e-17,0.5440386351228087,parity_visibility,1.1102230246251565e-16,0.007997338078036712,
Type3,16,random_boundary_13,random,0.00044069040486742944,0.23954762348842454,0.012727125842192653,0.7472845602645155,0.02,0.01590336043210685,0.10241623346163987,0.020002632857721206,0.8616777732485318,2.9270423697292483e-17,0.4800856663682979,parity_visibility,2.220446049250313e-16,0.01590336043210685,
Type3,16,random_boundary_13,random,0.00044069040486742944,0.23954762348842454,0.012727125842192653,0.7472845602645155,0.05,0.039042629104182304,0.11600350389544739,0.04810458389375657,0.7968492831066134,1.670112078576057e-16,0.3281632563564817,parity_visibility,3.3306690738754696e-16,0.039042629104182304,
Type3,16,random_boundary_13,random,0.00044069040486742944,0.23954762348842454,0.012727125842192653,0.7472845602645155,0.1,0.07547386363193559,0.1376946759181119,0.0907456819286938,0.6960857785212585,1.1053949050658569e-16,0.17089396965685616,parity_visibility,2.220446049250313e-16,0.07547386363193559,
Type3,16,random_boundary_13,random,0.00044069040486742944,0.23954762348842454,0.012727125842192653,0.7472845602645155,0.15,0.1088601025098754,0.1579299074412708,0.1279073682534197,0.6053026217954339,1.1946996469435981e-16,0.08683018840884345,parity_visibility,2.220446049250313e-16,0.1088601025098754,
Type3,16,random_boundary_13,random,0.00044069040486742944,0.23954762348842454,0.012727125842192653,0.7472845602645155,0.2,0.13878685085265915,0.17640220473827398,0.15942745313148088,0.5253834912775859,2.6000286968552475e-16,0.042939492114278485,parity_visibility,1.1102230246251565e-16,0.13878685085265915,
Type3,16,random_boundary_13,random,0.00044069040486742944,0.23954762348842454,0.012727125842192653,0.7472845602645155,0.3,0.1870285286414436,0.20700959811281164,0.20578401746188704,0.40017785578385756,5.451012390054571e-16,0.009544038309461253,parity_visibility,2.220446049250313e-16,0.1870285286414436,
Type3,16,random_boundary_14,random,0.019639525402907795,0.0017441207853837015,0.32691465951967763,0.651701694292031,0.0,0.000725051881557404,5.718211598864317e-06,0.2008981316752503,0.7983710982315934,2.1581381689206785e-18,0.5319770458673352,parity_visibility,0.0,5.718211598864317e-06,
Type3,16,random_boundary_14,random,0.019639525402907795,0.0017441207853837015,0.32691465951967763,0.651701694292031,0.0001,0.0008092779911770697,9.022338103056981e-05,0.20092965849336566,0.7981708401344266,1.1473928794924302e-16,0.5313326469696267,parity_visibility,0.0,9.022338103056981e-05,
Type3,16,random_boundary_14,random,0.019639525402907795,0.0017441207853837015,0.32691465951967763,0.651701694292031,0.001,0.001566829644354484,0.0008502842444847055,0.20121291753123774,0.7963699685799229,9.570670862539957e-17,0.525566144830854,parity_visibility,1.1102230246251565e-16,0.0008502842444847055,
Type3,16,random_boundary_14,random,0.019639525402907795,0.0017441207853837015,0.32691465951967763,0.651701694292031,0.005,0.004923140353194551,0.004217696153453794,0.20246134158121876,0.7883978219121327,1.5625928913996156e-16,0.5006450277577519,parity_visibility,2.220446049250313e-16,0.004217696153453794,
Type3,16,random_boundary_14,random,0.019639525402907795,0.0017441207853837015,0.32691465951967763,0.651701694292031,0.01,0.009093953671021534,0.008402268572407836,0.20399775004773285,0.7785060277088377,8.60139549142393e-17,0.47106189664641457,parity_visibility,1.1102230246251565e-16,0.008402268572407836,
Type3,16,random_boundary_14,random,0.019639525402907795,0.0017441207853837015,0.32691465951967763,0.651701694292031,0.02,0.01735191927379344,0.01668735685211857,0.20699016564690878,0.7589705582271791,9.836062628744165e-17,0.4167779300207025,parity_visibility,1.1102230246251565e-16,0.01668735685211857,
Type3,16,random_boundary_14,random,0.019639525402907795,0.0017441207853837015,0.32691465951967763,0.651701694292031,0.05,0.04142329178357009,0.040836855968253497,0.21532540644917048,0.7024144457990057,1.716456786134738e-16,0.2871973847640059,parity_visibility,2.220446049250313e-16,0.040836855968253497,
Type3,16,random_boundary_14,random,0.019639525402907795,0.0017441207853837015,0.32691465951967763,0.651701694292031,0.1,0.07898024852948626,0.0785127460155678,0.2271015218536509,0.6154054836012949,1.425016662019732e-16,0.15167691357870045,parity_visibility,2.220446049250313e-16,0.0785127460155678,
Type3,16,random_boundary_14,random,0.019639525402907795,0.0017441207853837015,0.32691465951967763,0.651701694292031,0.15,0.1129571902234927,0.11259383249879701,0.23632343481524,0.53812554246247,9.498204119335162e-17,0.07819728890426161,parity_visibility,2.220446049250313e-16,0.11259383249879701,
Type3,16,random_boundary_14,random,0.019639525402907795,0.0017441207853837015,0.32691465951967763,0.651701694292031,0.2,0.1429839722374538,0.14270951262899173,0.2431712466335512,0.47113526850000303,8.859464033096888e-17,0.03924502722788243,parity_visibility,2.220446049250313e-16,0.14270951262899173,
Type3,16,random_boundary_14,random,0.019639525402907795,0.0017441207853837015,0.32691465951967763,0.651701694292031,0.3,0.19035550993726796,0.19021380315647182,0.2508650669824781,0.36856561992378195,1.7274519107071499e-15,0.008974314610210244,parity_visibility,2.220446049250313e-16,0.19021380315647182,
Type3,16,random_boundary_15,random,0.0012358591121105155,0.3238414799272984,0.1782294372483853,0.4966932237122057,0.0,3.984267048242204e-06,0.273574404533885,0.08286466581619523,0.6435569453828713,3.833166839575006e-17,0.38334472225274663,parity_visibility,2.220446049250313e-16,3.984267048242204e-06,
Type3,16,random_boundary_15,random,0.0012358591121105155,0.3238414799272984,0.1782294372483853,0.4966932237122057,0.0001,0.00011352313561598543,0.2735578830257283,0.0829473397426467,0.6433812540960087,3.275048512266442e-17,0.38290827340677114,parity_visibility,3.3306690738754696e-16,0.00011352313561598543,
Type3,16,random_boundary_15,random,0.0012358591121105155,0.3238414799272984,0.1782294372483853,0.4966932237122057,0.001,0.0010980940117323575,0.27340951105436034,0.08369024356532537,0.6418021513685818,1.0234596794936498e-16,0.3790012021591027,parity_visibility,2.220446049250313e-16,0.0010980940117323575,
Type3,16,random_boundary_15,random,0.0012358591121105155,0.3238414799272984,0.1782294372483853,0.4966932237122057,0.005,0.005446095384539853,0.2727570677584768,0.08696675888112984,0.6348300779758533,5.575817566255242e-17,0.3620854989655349,parity_visibility,2.220446049250313e-16,0.005446095384539853,
Type3,16,random_boundary_15,random,0.0012358591121105155,0.3238414799272984,0.1782294372483853,0.4966932237122057,0.01,0.010817040990078656,0.2719574823672422,0.09100443984375846,0.6262210367989203,5.793751093080545e-17,0.341938187864117,parity_visibility,4.440892098500626e-16,0.010817040990078656,
Type3,16,random_boundary_15,random,0.0012358591121105155,0.3238414799272984,0.1782294372483853,0.4966932237122057,0.02,0.021345025966161217,0.27041104818694683,0.09888713960927926,0.6093567862376122,5.552040173453918e-17,0.3047623770858783,parity_visibility,4.440892098500626e-16,0.021345025966161217,
Type3,16,random_boundary_15,random,0.0012358591121105155,0.3238414799272984,0.1782294372483853,0.4966932237122057,0.05,0.05121362192869969,0.2661835588631296,0.12100715436167837,0.5615956648464921,5.0710315304423926e-17,0.21471311944936883,parity_visibility,2.220446049250313e-16,0.05121362192869969,
Type3,16,random_boundary_15,random,0.0012358591121105155,0.3238414799272984,0.1782294372483853,0.4966932237122057,0.1,0.09529265510076983,0.2604340795973506,0.1529050292093805,0.49136823609249886,9.00136162211893e-17,0.11767460538440506,parity_visibility,2.220446049250313e-16,0.09529265510076983,
Type3,16,random_boundary_15,random,0.0012358591121105155,0.3238414799272984,0.1782294372483853,0.4966932237122057,0.15,0.1323923168515417,0.25614544877330636,0.1789129005597506,0.4325493338154012,1.0966084640341471e-16,0.06292239412478288,parity_visibility,0.0,0.1323923168515417,
Type3,16,random_boundary_15,random,0.0012358591121105155,0.3238414799272984,0.1782294372483853,0.4966932237122057,0.2,0.1628594823279053,0.2531086048679209,0.1995315675626479,0.38450034524152554,1.437891116139366e-16,0.032708108504778205,parity_visibility,3.3306690738754696e-16,0.1628594823279053,
Type3,16,random_boundary_15,random,0.0012358591121105155,0.3238414799272984,0.1782294372483853,0.4966932237122057,0.3,0.20614095404996216,0.2498904459187803,0.22715123235084758,0.3168173676804098,2.1925192768160364e-15,0.00796625589774451,parity_visibility,2.220446049250313e-16,0.20614095404996216,
Type3,16,random_boundary_16,random,0.8195517912471175,0.000730216932130334,0.10026401588808131,0.07945397593267073,0.0,0.976212802914461,7.749889129916292e-07,0.014611065321732555,0.00917535677489329,1.9666823996885175e-17,0.6880314789266407,parity_visibility,1.1102230246251565e-16,7.749889129916292e-07,
Type3,16,random_boundary_16,random,0.8195517912471175,0.000730216932130334,0.10026401588808131,0.07945397593267073,0.0001,0.9759739307420494,9.900672188516983e-05,0.014680447016558452,0.009246615519506809,1.8613291069992647e-17,0.6871687457753947,parity_visibility,2.220446049250313e-16,9.900672188516983e-05,
Type3,16,random_boundary_16,random,0.8195517912471175,0.000730216932130334,0.10026401588808131,0.07945397593267073,0.001,0.9738253788969894,0.0009822921960626018,0.015304639318484036,0.009887689588463923,1.5667237746915064e-17,0.6794499601328224,parity_visibility,0.0,0.0009822921960626018,
Type3,16,random_boundary_16,random,0.8195517912471175,0.000730216932130334,0.10026401588808131,0.07945397593267073,0.005,0.9643046496235838,0.004890535265796286,0.018073495060989844,0.012731320049629857,2.0383083457954242e-17,0.6461236705239316,parity_visibility,2.220446049250313e-16,0.004890535265796286,
Type3,16,random_boundary_16,random,0.8195517912471175,0.000730216932130334,0.10026401588808131,0.07945397593267073,0.01,0.9524695094016407,0.009735523120699582,0.02152213240122779,0.016272835076431784,2.8312557099042346e-17,0.606633531930723,parity_visibility,2.220446049250313e-16,0.009735523120699582,
Type3,16,random_boundary_16,random,0.8195517912471175,0.000730216932130334,0.10026401588808131,0.07945397593267073,0.02,0.9290222959838352,0.019289793013496728,0.02837672533015978,0.02331118567250808,1.057075279484034e-16,0.5343870959272827,parity_visibility,1.1102230246251565e-16,0.019289793013496728,
Type3,16,random_boundary_16,random,0.8195517912471175,0.000730216932130334,0.10026401588808131,0.07945397593267073,0.05,0.8605400680335479,0.0468420039999572,0.04857436606531998,0.04404356190117463,1.0872244833150547e-16,0.36330122714708857,parity_visibility,3.3306690738754696e-16,0.04404356190117463,
Type3,16,random_boundary_16,random,0.8195517912471175,0.000730216932130334,0.10026401588808131,0.07945397593267073,0.1,0.7531243128397385,0.08889818292683403,0.08083801208694455,0.07713949214648266,1.7869835414987574e-16,0.18737716234644378,parity_visibility,3.3306690738754696e-16,0.07713949214648266,
Type3,16,random_boundary_16,random,0.8195517912471175,0.000730216932130334,0.10026401588808131,0.07945397593267073,0.15,0.6550875447894224,0.12585899656463737,0.11100014496451352,0.10805331368142651,1.7692038337653299e-16,0.09423495141859595,parity_visibility,2.220446049250313e-16,0.10805331368142651,
Type3,16,random_boundary_16,random,0.8195517912471175,0.000730216932130334,0.10026401588808131,0.07945397593267073,0.2,0.5675238783656845,0.15749688401486317,0.13863116755829233,0.13634807006115973,2.0163404770832643e-16,0.04610837377647033,parity_visibility,2.220446049250313e-16,0.13634807006115973,
Type3,16,random_boundary_16,random,0.8195517912471175,0.000730216932130334,0.10026401588808131,0.07945397593267073,0.3,0.427137840350873,0.20465179987697543,0.18472459925254583,0.1834857605196055,1.57445022440426e-15,0.010032711781422145,parity_visibility,2.220446049250313e-16,0.1834857605196055,
Type3,16,random_boundary_17,random,0.7240735851264705,2.9842558539692846e-05,0.13225075977696676,0.14364581253802305,0.0,0.9322121028971093,1.5835123371074122e-09,0.031098946692147106,0.036688948827231095,1.737869525716889e-17,0.5624069404897717,parity_visibility,2.220446049250313e-16,1.5835123371074122e-09,
Type3,16,random_boundary_17,random,0.7240735851264705,2.9842558539692846e-05,0.13225075977696676,0.14364581253802305,0.0001,0.9319651828844847,0.0001052475005192641,0.0311708396199943,0.03675872999500159,1.0418959022600777e-16,0.5617199674197219,parity_visibility,1.1102230246251565e-16,0.0001052475005192641,
Type3,16,random_boundary_17,random,0.7240735851264705,2.9842558539692846e-05,0.13225075977696676,0.14364581253802305,0.001,0.9297446433585248,0.0010514538162091872,0.031817500907718545,0.03738640191754708,1.4751868803876187e-16,0.5555727790029046,parity_visibility,4.440892098500626e-16,0.0010514538162091872,
Type3,16,random_boundary_17,random,0.7240735851264705,2.9842558539692846e-05,0.13225075977696676,0.14364581253802305,0.005,0.9199136296362606,0.00523484071566801,0.03468333293767769,0.04016819671039355,3.64470101306317e-17,0.5290126920554236,parity_visibility,2.220446049250313e-16,0.00523484071566801,
Type3,16,random_boundary_17,random,0.7240735851264705,2.9842558539692846e-05,0.13225075977696676,0.14364581253802305,0.01,0.9077128822998303,0.010413416757135276,0.03824652606941739,0.043627174873617024,4.611795561093595e-17,0.49749774018265736,parity_visibility,1.1102230246251565e-16,0.010413416757135276,
Type3,16,random_boundary_17,random,0.7240735851264705,2.9842558539692846e-05,0.13225075977696676,0.14364581253802305,0.02,0.8836089995168223,0.020600414560145164,0.04530778104995352,0.05048280487307895,6.647673813040449e-17,0.439711174882832,parity_visibility,1.1102230246251565e-16,0.020600414560145164,
Type3,16,random_boundary_17,random,0.7240735851264705,2.9842558539692846e-05,0.13225075977696676,0.14364581253802305,0.05,0.8137577760248469,0.049776811728793315,0.06594210336466554,0.07052330888169392,8.929598232963039e-17,0.3020372829884903,parity_visibility,3.3306690738754696e-16,0.049776811728793315,
Type3,16,random_boundary_17,random,0.7240735851264705,2.9842558539692846e-05,0.13225075977696676,0.14364581253802305,0.1,0.7060564991698798,0.09365320415042322,0.09830901269975786,0.101981283979939,1.2809850724235682e-16,0.15863829741573846,parity_visibility,1.1102230246251565e-16,0.09365320415042322,
Type3,16,random_boundary_17,random,0.7240735851264705,2.9842558539692846e-05,0.13225075977696676,0.14364581253802305,0.15,0.6101002265535153,0.13141888251918193,0.12780524110865207,0.13067564981865074,1.9348496515323345e-16,0.08132455911846903,parity_visibility,0.0,0.12780524110865207,
Type3,16,random_boundary_17,random,0.7240735851264705,2.9842558539692846e-05,0.13225075977696676,0.14364581253802305,0.2,0.5266475610480131,0.16301955370186466,0.15407619645974258,0.15625668879037957,2.614812996849472e-16,0.04058334814665716,parity_visibility,0.0,0.15407619645974258,
Type3,16,random_boundary_17,random,0.7240735851264705,2.9842558539692846e-05,0.13225075977696676,0.14364581253802305,0.3,0.3983151282618024,0.20853165713529548,0.1960075897960432,0.1971456248068588,7.467325255821294e-16,0.009180697176583291,parity_visibility,2.220446049250313e-16,0.1960075897960432,
Type3,16,random_boundary_18,random,0.023370678547344207,0.9747703469811628,1.2231420436184966e-07,0.0018588521572884364,0.0,0.0005744958211468052,0.9994218697687457,1.5736167540887932e-14,3.63441009157452e-06,1.5342466845382088e-17,0.9507268733008962,parity_visibility,2.220446049250313e-16,1.5736167540887932e-14,
Type3,16,random_boundary_18,random,0.023370678547344207,0.9747703469811628,1.2231420436184966e-07,0.0018588521572884364,0.0001,0.0006631095669007973,0.9992056683836618,6.379437423163614e-05,6.742767520580098e-05,1.9546465692704138e-17,0.9494966055547402,parity_visibility,0.0,6.379437423163614e-05,
Type3,16,random_boundary_18,random,0.023370678547344207,0.9747703469811628,1.2231420436184966e-07,0.0018588521572884364,0.001,0.0014600473399759035,0.9972606918160539,0.0006378187598682035,0.0006414420841019512,8.806193593913496e-17,0.9384914289080357,parity_visibility,0.0,0.0006378187598682035,
Type3,16,random_boundary_18,random,0.023370678547344207,0.9747703469811628,1.2231420436184966e-07,0.0018588521572884364,0.005,0.004989199626027594,0.9886346315256034,0.003186294876070232,0.0031898739722986576,8.35641047292981e-17,0.8910162293913202,parity_visibility,1.1102230246251565e-16,0.003186294876070232,
Type3,16,random_boundary_18,random,0.023370678547344207,0.9747703469811628,1.2231420436184966e-07,0.0018588521572884364,0.01,0.009371116415387938,0.9778943765971639,0.006365491457407386,0.006369015530040683,5.1903825934126656e-17,0.8348490558270525,parity_visibility,1.1102230246251565e-16,0.006365491457407386,
Type3,16,random_boundary_18,random,0.023370678547344207,0.9747703469811628,1.2231420436184966e-07,0.0018588521572884364,0.02,0.01803555507540328,0.956557251284543,0.012701889365615717,0.012705304274437716,4.47451160954491e-17,0.7323653629600113,parity_visibility,2.220446049250313e-16,0.012701889365615717,
Type3,16,random_boundary_18,random,0.023370678547344207,0.9747703469811628,1.2231420436184966e-07,0.0018588521572884364,0.05,0.043214329020338414,0.8937402185683754,0.031521178842180114,0.03152427356910594,1.0905962593269937e-16,0.4914111981122992,parity_visibility,2.220446049250313e-16,0.031521178842180114,
Type3,16,random_boundary_18,random,0.023370678547344207,0.9747703469811628,1.2231420436184966e-07,0.0018588521572884364,0.1,0.0823259180189533,0.7933862534745254,0.06214262061976105,0.06214520788676005,5.525348444740476e-17,0.24747344250618353,parity_visibility,2.220446049250313e-16,0.06214262061976105,
Type3,16,random_boundary_18,random,0.023370678547344207,0.9747703469811628,1.2231420436184966e-07,0.0018588521572884364,0.15,0.1176060354346876,0.6992271867694652,0.09158233075339227,0.09158444704245493,9.188837526527261e-17,0.12123207028572355,parity_visibility,0.0,0.09158233075339227,
Type3,16,random_boundary_18,random,0.023370678547344207,0.9747703469811628,1.2231420436184966e-07,0.0018588521572884364,0.2,0.14874569199195373,0.6123059561809261,0.11947333255743825,0.11947501926968168,4.569879362040444e-16,0.0576618394035782,parity_visibility,2.220446049250313e-16,0.11947333255743825,
Type3,16,random_boundary_18,random,0.023370678547344207,0.9747703469811628,1.2231420436184966e-07,0.0018588521572884364,0.3,0.1976222033683353,0.4647461855375822,0.16881531956784265,0.16881629152623953,4.667515074750762e-16,0.011814372557380035,parity_visibility,2.220446049250313e-16,0.16881531956784265,
Type3,16,random_boundary_19,random,0.44885933893756963,0.005588487083371854,0.5451960127232626,0.0003561612557960057,0.0,0.40396355757925295,6.261958140963396e-05,0.5959735684991392,2.543401980294431e-07,2.986440667237867e-17,0.4987447564795364,parity_visibility,2.220446049250313e-16,2.543401980294431e-07,
Type3,16,random_boundary_19,random,0.44885933893756963,0.005588487083371854,0.5451960127232626,0.0003561612557960057,0.0001,0.4038995022183865,0.00016031167565512923,0.595837417447364,0.00010276865859436888,5.530868801536399e-17,0.49814685255768043,parity_visibility,0.0,0.00010276865859436888,
Type3,16,random_boundary_19,random,0.44885933893756963,0.005588487083371854,0.5451960127232626,0.0003561612557960057,0.001,0.4033236258548671,0.0010387011542941009,0.5946132447956803,0.0010244281951583842,4.605415572034706e-17,0.49279609541950403,parity_visibility,1.1102230246251565e-16,0.0010244281951583842,
Type3,16,random_boundary_19,random,0.44885933893756963,0.005588487083371854,0.5451960127232626,0.0003561612557960057,0.005,0.4007777461401244,0.00492432373459051,0.589198393372518,0.005099536752766746,1.0428297300345993e-16,0.4696648866533166,parity_visibility,3.3306690738754696e-16,0.00492432373459051,
Type3,16,random_boundary_19,random,0.44885933893756963,0.005588487083371854,0.5451960127232626,0.0003561612557960057,0.01,0.39762667765106235,0.00973903564925766,0.5824896447941752,0.010144641905504601,7.636508604595792e-17,0.4421914843920374,parity_visibility,2.220446049250313e-16,0.00973903564925766,
Type3,16,random_boundary_19,random,0.44885933893756963,0.005588487083371854,0.5451960127232626,0.0003561612557960057,0.02,0.3914295835866645,0.019225949931430245,0.5692735181390515,0.020070948342853605,5.975675140314686e-17,0.39173268292682584,parity_visibility,2.220446049250313e-16,0.019225949931430245,
Type3,16,random_boundary_19,random,0.44885933893756963,0.005588487083371854,0.5451960127232626,0.0003561612557960057,0.05,0.3736922779645515,0.04652015198305231,0.531272100694608,0.04851546935778791,2.452075500107736e-17,0.2709908287308498,parity_visibility,3.3306690738754696e-16,0.04652015198305231,
Type3,16,random_boundary_19,random,0.44885933893756963,0.005588487083371854,0.5451960127232626,0.0003561612557960057,0.1,0.34705181672268937,0.0879643286817592,0.47363932803207737,0.09134452656347403,1.2073656542832408e-16,0.14407443170742162,parity_visibility,0.0,0.0879643286817592,
Type3,16,random_boundary_19,random,0.44885933893756963,0.005588487083371854,0.5451960127232626,0.0003561612557960057,0.15,0.3241465782983515,0.12413329529232262,0.42342419085909005,0.1282959355502356,2.1015642286056542e-16,0.0747820175061228,parity_visibility,2.220446049250313e-16,0.12413329529232262,
Type3,16,random_boundary_19,random,0.44885933893756963,0.005588487083371854,0.5451960127232626,0.0003561612557960057,0.2,0.3049763655375698,0.15490725090111268,0.3807749284712589,0.15934145509005837,9.04527705094798e-17,0.037783455683902345,parity_visibility,3.3306690738754696e-16,0.15490725090111268,
Type3,16,random_boundary_19,random,0.44885933893756963,0.005588487083371854,0.5451960127232626,0.0003561612557960057,0.3,0.27722015161172736,0.20070153256125264,0.3174924249156039,0.20458589091141594,1.6017559384378436e-15,0.008748925555946273,parity_visibility,2.220446049250313e-16,0.20070153256125264,
Type4,14,isotropic_eps0.0000,deterministic,1.0,0.0,0.0,0.0,0.0,0.9999999999999998,-2.7755575615628907e-17,1.692179786481188e-31,1.4863820534147445e-33,4.03411799902682e-16,0.9999999999999996,parity_visibility,2.220446049250313e-16,-2.7755575615628907e-17,2.238e-16
Type4,14,isotropic_eps0.0000,deterministic,1.0,0.0,0.0,0.0,0.0001,0.9998250093750937,7.499437496874256e-05,4.9998124968814076e-05,4.9998124968733256e-05,4.580187469218457e-16,0.9988506073050423,parity_visibility,0.0,4.9998124968733256e-05,1.005e-15
Type4,14,isotropic_eps0.0000,deterministic,1.0,0.0,0.0,0.0,0.001,0.9982509375938127,0.0007494374687499487,0.0004998124687187012,0.0004998124687187126,4.435947354649791e-16,0.9885605554230932,parity_visibility,0.0,0.0004998124687187012,6.662e-16
Type4,14,isotropic_eps0.0000,deterministic,1.0,0.0,0.0,0.0,0.005,0.9912734492578853,0.0037359335938238316,0.0024953085741454026,0.002495308574145319,5.010112738394271e-16,0.9439946378022245,parity_visibility,1.1102230246251565e-16,0.002495308574145319,7.773e-16
Type4,14,isotropic_eps0.0000,deterministic,1.0,0.0,0.0,0.0,0.01,0.9825938443773315,0.0074437187523791176,0.004981218435144566,0.0049812184351445184,4.654891151545521e-16,0.8908841725392974,parity_visibility,2.220446049250313e-16,0.0049812184351445184,2.228e-16
Type4,14,isotropic_eps0.0000,deterministic,1.0,0.0,0.0,0.0,0.02,0.9653757600742036,0.014774750077295649,0.009924744924250287,0.009924744924250245,4.4373493979550483e-16,0.7928057445229862,parity_visibility,2.220446049250313e-16,0.009924744924250245,1.156e-16
Type4,14,isotropic_eps0.0000,deterministic,1.0,0.0,0.0,0.0,0.05,0.9148558664868508,0.03608985165205664,0.024527140930546185,0.02452714093054613,4.040930144932242e-16,0.5549543005565718,parity_visibility,3.3306690738754696e-16,0.02452714093054613,2.245e-16
Type4,14,isotropic_eps0.0000,deterministic,1.0,0.0,0.0,0.0,0.1,0.8344752186588918,0.0693440233236153,0.048090379008746346,0.048090379008746326,3.5099088787900166e-16,0.2989917623857501,parity_visibility,1.1102230246251565e-16,0.048090379008746326,1.111e-16
Type4,14,isotropic_eps0.0000,deterministic,1.0,0.0,0.0,0.0,0.15,0.7589433701657456,0.09974052880820845,0.07065805051302286,0.07065805051302283,3.276963576220164e-16,0.1558999189373097,parity_visibility,1.1102230246251565e-16,0.07065805051302283,6.944e-17
Type4,14,isotropic_eps0.0000,deterministic,1.0,0.0,0.0,0.0,0.2,0.6883561643835614,0.1272602739726028,0.0921917808219178,0.09219178082191784,2.6641562852819967e-16,0.07838315315200008,parity_visibility,2.220446049250313e-16,0.0921917808219178,6.225e-17
Type4,14,isotropic_eps0.0000,deterministic,1.0,0.0,0.0,0.0,0.3,0.5624493927125498,0.1736234817813769,0.13196356275303656,0.13196356275303656,3.167885844452513e-16,0.017442846625750026,parity_visibility,2.220446049250313e-16,0.13196356275303656,4.514e-17
Type4,14,isotropic_eps0.0500,deterministic,0.9625,0.0125,0.0125,0.0125,0.0,0.9994942683749154,0.00016857720836149597,0.00016857720836143032,0.00016857720836143005,4.25902948761628e-16,0.9268749999999997,parity_visibility,3.3306690738754696e-16,0.00016857720836143005,1.695e-16
Type4,14,isotropic_eps0.0500,deterministic,0.9625,0.0125,0.0125,0.0125,0.0001,0.9993164396185665,0.0002445063246525473,0.00021952702839053668,0.0002195270283903638,4.320351792111408e-16,0.925813309058626,parity_visibility,0.0,0.0002195270283903638,9.438e-16
Type4,14,isotropic_eps0.0500,deterministic,0.9625,0.0125,0.0125,0.0125,0.001,0.9977168606226733,0.0009273443430393537,0.0006778975171435093,0.0006778975171436,4.494991487342611e-16,0.9163082452244543,parity_visibility,2.220446049250313e-16,0.0006778975171435093,6.662e-16
Type4,14,isotropic_eps0.0500,deterministic,0.9625,0.0125,0.0125,0.0125,0.005,0.9906267911160302,0.003950764792415016,0.0027112220457772406,0.0027112220457772064,4.262908726097148e-16,0.8751384700466105,parity_visibility,3.3306690738754696e-16,0.0027112220457772064,6.670e-16
Type4,14,isotropic_eps0.0500,deterministic,0.9625,0.0125,0.0125,0.0125,0.01,0.9818082644541717,0.007703818323576667,0.005243958611125649,0.005243958611125776,4.49667357268975e-16,0.8260672787950557,parity_visibility,1.1102230246251565e-16,0.005243958611125649,2.231e-16
Type4,14,isotropic_eps0.0500,deterministic,0.9625,0.0125,0.0125,0.0125,0.02,0.9643183787218947,0.015122431403309248,0.010279594937398,0.010279594937397971,4.729569105210937e-16,0.7354233340998793,parity_visibility,0.0,0.010279594937397971,4.010e-16
Type4,14,isotropic_eps0.0500,deterministic,0.9625,0.0125,0.0125,0.0125,0.05,0.9130319152556522,0.0366766881351379,0.025145698304604894,0.02514569830460486,4.308681797067211e-16,0.5154404691462415,parity_visibility,1.1102230246251565e-16,0.02514569830460486,3.889e-16
Type4,14,isotropic_eps0.0500,deterministic,0.9625,0.0125,0.0125,0.0125,0.1,0.8315396404719585,0.07025138385412186,0.049104487836959664,0.04910448783695964,3.436552566036382e-16,0.2783391025305769,parity_visibility,3.3306690738754696e-16,0.04910448783695964,9.754e-17
Type4,14,isotropic_eps0.0500,deterministic,0.9625,0.0125,0.0125,0.0125,0.15,0.7551089736610096,0.10087258872865427,0.07200921880516797,0.072009218805168,3.175130359955604e-16,0.14549849044672708,parity_visibility,2.220446049250313e-16,0.07200921880516797,6.601e-17
Type4,14,isotropic_eps0.0500,deterministic,0.9625,0.0125,0.0125,0.0125,0.2,0.68384074941452,0.12852459016393417,0.09381733021077285,0.0938173302107729,2.8609970073438573e-16,0.07335804141567999,parity_visibility,1.1102230246251565e-16,0.09381733021077285,9.723e-17
Type4,14,isotropic_eps0.0500,deterministic,0.9625,0.0125,0.0125,0.0125,0.3,0.557233901382874,0.17489837966196276,0.13393385947758155,0.13393385947758152,8.531025571873141e-16,0.01643070249917683,parity_visibility,2.220446049250313e-16,0.13393385947758152,6.245e-17
Type4,14,isotropic_eps0.1000,deterministic,0.925,0.025,0.025,0.025,0.0,0.997813411078717,0.0007288629737608756,0.0007288629737609336,0.0007288629737609329,4.382695505990147e-16,0.8574999999999996,parity_visibility,2.220446049250313e-16,0.0007288629737608756,1.110e-16
Type4,14,isotropic_eps0.1000,deterministic,0.925,0.025,0.025,0.025,0.0001,0.9976327179007134,0.0008057094781136515,0.0007807863105863532,0.0007807863105863925,4.755869492508756e-16,0.856521513286385,parity_visibility,2.220446049250313e-16,0.0007807863105863532,1.000e-15
Type4,14,isotropic_eps0.1000,deterministic,0.925,0.025,0.025,0.025,0.001,0.996007399909684,0.001496784383713294,0.0012479078533012779,0.0012479078533011805,4.723645301123023e-16,0.8477611817026687,parity_visibility,2.220446049250313e-16,0.0012479078533011805,4.448e-16
Type4,14,isotropic_eps0.1000,deterministic,0.925,0.025,0.025,0.025,0.005,0.9888038242699337,0.0045563864140887545,0.00331989465798863,0.0033198946579886,4.1161243216189683e-16,0.8098133878169257,parity_visibility,2.220446049250313e-16,0.0033198946579886,5.002e-16
Type4,14,isotropic_eps0.1000,deterministic,0.925,0.025,0.025,0.025,0.01,0.979845460882476,0.008353687741432239,0.005900425688045723,0.005900425688045819,4.522329710740952e-16,0.7645743283197495,parity_visibility,2.220446049250313e-16,0.005900425688045723,3.340e-16
Type4,14,isotropic_eps0.1000,deterministic,0.925,0.025,0.025,0.025,0.02,0.962082746510559,0.015857537588053465,0.011029857950693656,0.011029857950693623,4.891631050377536e-16,0.6809836113907772,parity_visibility,2.220446049250313e-16,0.011029857950693623,2.782e-16
Type4,14,isotropic_eps0.1000,deterministic,0.925,0.025,0.025,0.025,0.05,0.9100330157841577,0.03764155144335784,0.026162716386242076,0.026162716386242128,4.580483988884262e-16,0.47795298806464614,parity_visibility,2.220446049250313e-16,0.026162716386242076,2.623e-16
Type4,14,isotropic_eps0.1000,deterministic,0.925,0.025,0.025,0.025,0.1,0.8274555301014048,0.0715137452413839,0.050515362328605574,0.05051536232860554,3.7306282171414153e-16,0.25874555343720745,parity_visibility,2.220446049250313e-16,0.05051536232860554,1.943e-16
Type4,14,isotropic_eps0.1000,deterministic,0.925,0.025,0.025,0.025,0.15,0.7501775597176731,0.10232852998811541,0.07374695514710561,0.07374695514710562,3.3347861969371775e-16,0.13563046854540517,parity_visibility,3.3306690738754696e-16,0.07374695514710561,6.944e-17
Type4,14,isotropic_eps0.1000,deterministic,0.925,0.025,0.025,0.025,0.2,0.6783030682529745,0.13007514088916725,0.09581089542892912,0.09581089542892911,3.6485825248625745e-16,0.06859062771711999,parity_visibility,1.1102230246251565e-16,0.09581089542892911,6.246e-17
Type4,14,isotropic_eps0.1000,deterministic,0.925,0.025,0.025,0.025,0.3,0.5512033824804858,0.17637250650476965,0.13621205550737214,0.13621205550737212,1.4697381034318753e-15,0.015470463199607449,parity_visibility,2.220446049250313e-16,0.13621205550737212,3.470e-17
Type4,14,isotropic_eps0.2000,deterministic,0.85,0.05,0.05,0.05,0.0,0.9897260273972601,0.003424657534246571,0.0034246575342465747,0.003424657534246573,4.103203087022861e-16,0.7299999999999995,parity_visibility,1.1102230246251565e-16,0.003424657534246571,1.248e-16
Type4,14,isotropic_eps0.2000,deterministic,0.85,0.05,0.05,0.05,0.0001,0.9895397561163098,0.003503183547664751,0.0034785301680125514,0.0034785301680125423,4.582681839294952e-16,0.7291744291644287,parity_visibility,2.220446049250313e-16,0.0034785301680125423,9.438e-16
Type4,14,isotropic_eps0.2000,deterministic,0.85,0.05,0.05,0.05,0.001,0.9878643338302008,0.004209328664068075,0.003963168752865471,0.00396316875286541,4.705766222547433e-16,0.7217827946896569,parity_visibility,2.220446049250313e-16,0.00396316875286541,3.899e-16
Type4,14,isotropic_eps0.2000,deterministic,0.85,0.05,0.05,0.05,0.005,0.9804402216610455,0.007334922176204819,0.006112428081374792,0.006112428081374891,4.552752850977058e-16,0.6897564799353428,parity_visibility,0.0,0.006112428081374792,4.441e-16
Type4,14,isotropic_eps0.2000,deterministic,0.85,0.05,0.05,0.05,0.01,0.971211127659456,0.011212450169894311,0.008788211085324654,0.008788211085324666,4.846910506117883e-16,0.6515602571759427,parity_visibility,2.220446049250313e-16,0.008788211085324654,9.723e-17
Type4,14,isotropic_eps0.2000,deterministic,0.85,0.05,0.05,0.05,0.02,0.9529234534284494,0.018869237347255485,0.014103654612147569,0.014103654612147435,5.052086797838e-16,0.5809322291145902,parity_visibility,1.1102230246251565e-16,0.014103654612147435,1.202e-16
Type4,14,isotropic_eps0.2000,deterministic,0.85,0.05,0.05,0.05,0.05,0.899431443940281,0.04105249194964874,0.02975803205503515,0.02975803205503511,3.999994248525492e-16,0.40905707688765996,parity_visibility,0.0,0.02975803205503511,2.251e-16
Type4,14,isotropic_eps0.2000,deterministic,0.85,0.05,0.05,0.05,0.1,0.814895115842204,0.07539605510331879,0.05485441452723859,0.05485441452723862,3.743921699113723e-16,0.22273578753587997,parity_visibility,0.0,0.05485441452723859,1.255e-16
Type4,14,isotropic_eps0.2000,deterministic,0.85,0.05,0.05,0.05,0.15,0.7362165926608577,0.1064503393096516,0.07866653401474526,0.07866653401474524,3.174034099670093e-16,0.11749464451054321,parity_visibility,2.220446049250313e-16,0.07866653401474524,2.884e-17
Type4,14,isotropic_eps0.2000,deterministic,0.85,0.05,0.05,0.05,0.2,0.6634960516870064,0.13422110552763813,0.10114142139267765,0.10114142139267768,4.4395743768903764e-16,0.05982889443328,parity_visibility,1.1102230246251565e-16,0.10114142139267765,1.042e-16
Type4,14,isotropic_eps0.2000,deterministic,0.85,0.05,0.05,0.05,0.3,0.5363046166529268,0.1800144270403954,0.14184047815333872,0.14184047815333875,1.0315062818663204e-15,0.013705699081479963,parity_visibility,3.3306690738754696e-16,0.14184047815333872,3.129e-17
Type4,14,isotropic_eps0.3000,deterministic,0.775,0.075,0.075,0.075,0.0,0.9726720647773278,0.009109311740890634,0.009109311740890687,0.009109311740890684,4.2850310737708403e-16,0.6174999999999997,parity_visibility,2.220446049250313e-16,0.009109311740890634,1.130e-16
Type4,14,isotropic_eps0.3000,deterministic,0.775,0.075,0.075,0.075,0.0001,0.9724810716531768,0.009189032588572692,0.00916494787912513,0.009164947879125166,4.495146253382125e-16,0.6168093549391733,parity_visibility,2.220446049250313e-16,0.00916494787912513,8.882e-16
Type4,14,isotropic_eps0.3000,deterministic,0.775,0.075,0.075,0.075,0.001,0.9707632776389585,0.0099058773236029,0.009665422518719196,0.009665422518719127,4.487822311542602e-16,0.6106253943840585,parity_visibility,2.220446049250313e-16,0.009665422518719127,1.665e-16
Type4,14,isotropic_eps0.3000,deterministic,0.775,0.075,0.075,0.075,0.005,0.9631535653886121,0.01307785317215136,0.011884290719618155,0.011884290719618145,4.445997610858992e-16,0.5838239141574759,parity_visibility,2.220446049250313e-16,0.011884290719618145,1.127e-16
Type4,14,isotropic_eps0.3000,deterministic,0.775,0.075,0.075,0.075,0.01,0.9536987108352484,0.01701067893353947,0.01464530511560597,0.014645305115606008,4.0529441664130865e-16,0.5518419591078783,parity_visibility,1.1102230246251565e-16,0.01464530511560597,1.183e-16
Type4,14,isotropic_eps0.3000,deterministic,0.775,0.075,0.075,0.075,0.02,0.9349802959464097,0.024769190824400832,0.02012525661459467,0.02012525661459463,4.287844495952435e-16,0.4926515976944254,parity_visibility,1.1102230246251565e-16,0.02012525661459463,1.943e-16
Type4,14,isotropic_eps0.3000,deterministic,0.775,0.075,0.075,0.075,0.05,0.8803618293809832,0.04718793315568352,0.03622511873166645,0.036225118731666506,4.148866176526041e-16,0.34826656702561354,parity_visibility,4.440892098500626e-16,0.03622511873166645,2.224e-16
Type4,14,isotropic_eps0.3000,deterministic,0.775,0.075,0.075,0.075,0.1,0.7944954808965172,0.08170139681380374,0.06190156114483946,0.061901561144839475,3.930128406269977e-16,0.19096246468176747,parity_visibility,1.1102230246251565e-16,0.06190156114483946,5.904e-17
Type4,14,isotropic_eps0.3000,deterministic,0.775,0.075,0.075,0.075,0.15,0.7151559639562088,0.1126682392129289,0.08608789841543103,0.08608789841543107,3.105579202923487e-16,0.1014924468327239,parity_visibility,1.1102230246251565e-16,0.08608789841543103,3.490e-17
Type4,14,isotropic_eps0.3000,deterministic,0.775,0.075,0.075,0.075,0.2,0.642415498763396,0.14012366034624874,0.1087304204451775,0.10873042044517754,2.574111197933838e-16,0.052097953300480046,parity_visibility,2.220446049250313e-16,0.1087304204451775,7.634e-17
Type4,14,isotropic_eps0.3000,deterministic,0.775,0.075,0.075,0.075,0.3,0.5169251002732086,0.18475164215543813,0.14916162878567651,0.14916162878567654,8.597321535914157e-16,0.012148554271367476,parity_visibility,2.220446049250313e-16,0.14916162878567651,3.326e-17
Type4,14,isotropic_eps0.5000,deterministic,0.625,0.125,0.125,0.125,0.0,0.8928571428571428,0.03571428571428572,0.03571428571428569,0.03571428571428568,3.663582641231796e-16,0.4374999999999998,parity_visibility,1.1102230246251565e-16,0.03571428571428568,8.458e-17
Type4,14,isotropic_eps0.5000,deterministic,0.625,0.125,0.125,0.125,0.0001,0.8926658325291127,0.03579233847679524,0.035770914497045926,0.03577091449704582,4.240499434345079e-16,0.43702523617876465,parity_visibility,3.3306690738754696e-16,0.03577091449704582,3.331e-16
Type4,14,isotropic_eps0.5000,deterministic,0.625,0.125,0.125,0.125,0.001,0.8909454977719838,0.0364940518681149,0.03628022517995064,0.0362802251799505,3.8389339404031683e-16,0.4327735538951012,parity_visibility,0.0,0.0362802251799505,1.943e-16
Type4,14,isotropic_eps0.5000,deterministic,0.625,0.125,0.125,0.125,0.005,0.8833313176104629,0.03959620661811397,0.038536237885711415,0.03853623788571152,4.1278872687792034e-16,0.41433180891288834,parity_visibility,3.3306690738754696e-16,0.038536237885711415,2.776e-16
Type4,14,isotropic_eps0.5000,deterministic,0.625,0.125,0.125,0.125,0.01,0.8738864728469947,0.04343590730948238,0.04133880992176128,0.041338809921761345,3.7079911185432306e-16,0.3922926821989753,parity_visibility,2.220446049250313e-16,0.04133880992176128,1.429e-16
Type4,14,isotropic_eps0.5000,deterministic,0.625,0.125,0.125,0.125,0.02,0.8552395803057605,0.050989019357088924,0.046885700168575274,0.0468857001685752,3.950863274220819e-16,0.35140258742216157,parity_visibility,1.1102230246251565e-16,0.0468857001685752,8.361e-17
Type4,14,isotropic_eps0.5000,deterministic,0.625,0.125,0.125,0.125,0.05,0.8012381196421916,0.07264512672381658,0.0630583768169959,0.06305837681699594,3.760232517442507e-16,0.25100175124633894,parity_visibility,0.0,0.0630583768169959,2.222e-16
Type4,14,isotropic_eps0.5000,deterministic,0.625,0.125,0.125,0.125,0.1,0.7176710730948677,0.10544712286158621,0.08844090202177299,0.08844090202177303,3.3603684639298978e-16,0.1401251481151875,parity_visibility,1.1102230246251565e-16,0.08844090202177299,1.180e-16
Type4,14,isotropic_eps0.5000,deterministic,0.625,0.125,0.125,0.125,0.15,0.6420741284961491,0.1342447811106604,0.11184054519659518,0.11184054519659517,2.820345433476627e-16,0.07588893054821284,parity_visibility,2.220446049250313e-16,0.11184054519659517,6.939e-17
Type4,14,isotropic_eps0.5000,deterministic,0.625,0.125,0.125,0.125,0.2,0.5743243243243243,0.1591891891891887,0.1332432432432434,0.13324324324324344,4.558343965688502e-16,0.03972844748799999,parity_visibility,1.1102230246251565e-16,0.1332432432432434,6.948e-17
Type4,14,isotropic_eps0.5000,deterministic,0.625,0.125,0.125,0.125,0.3,0.4616316270566725,0.19826782449725838,0.17005027422303443,0.17005027422303443,1.4622644105937433e-15,0.00965712257518752,parity_visibility,2.220446049250313e-16,0.17005027422303443,1.036e-17
Type4,14,isotropic_eps0.6667,deterministic,0.5,0.16666666666666666,0.16666666666666666,0.16666666666666666,0.0,0.75,0.08333333333333327,0.0833333333333333,0.08333333333333329,2.988730709109196e-16,0.33333333333333315,parity_visibility,2.220446049250313e-16,0.08333333333333327,6.632e-17
Type4,14,isotropic_eps0.6667,deterministic,0.5,0.16666666666666666,0.16666666666666666,0.16666666666666666,0.0001,0.7498333512495624,0.08339999125031244,0.08338332875006259,0.08338332875006248,3.2159404363754924e-16,0.3329835007850094,parity_visibility,1.1102230246251565e-16,0.08338332875006248,3.054e-16
Type4,14,isotropic_eps0.6667,deterministic,0.5,0.16666666666666666,0.16666666666666666,0.16666666666666666,0.001,0.7483351245622497,0.08399912531262492,0.08383287506256258,0.08383287506256254,3.499889650691666e-16,0.32985003509362104,parity_visibility,3.3306690738754696e-16,0.08383287506256254,1.389e-16
Type4,14,isotropic_eps0.6667,deterministic,0.5,0.16666666666666666,0.16666666666666666,0.16666666666666666,0.005,0.7417114034895353,0.08664483080724215,0.08582188285161123,0.08582188285161121,3.289495218430746e-16,0.31624609985930746,parity_visibility,1.1102230246251565e-16,0.08582188285161121,2.776e-16
Type4,14,isotropic_eps0.6667,deterministic,0.5,0.16666666666666666,0.16666666666666666,0.16666666666666666,0.01,0.7335120599984923,0.08991281374839825,0.0882875631265546,0.08828756312655456,3.342771485854242e-16,0.2999609247285451,parity_visibility,2.220446049250313e-16,0.08828756312655456,8.675e-17
Type4,14,isotropic_eps0.6667,deterministic,0.5,0.16666666666666666,0.16666666666666666,0.16666666666666666,0.02,0.7173797932868733,0.09631918661414658,0.0931505100494899,0.09315051004948999,3.137411596422059e-16,0.2696612620331199,parity_visibility,2.220446049250313e-16,0.0931505100494899,5.909e-17
Type4,14,isotropic_eps0.6667,deterministic,0.5,0.16666666666666666,0.16666666666666666,0.16666666666666666,0.05,0.6710895793294893,0.11451900491138146,0.10719570787956449,0.10719570787956442,2.7452459688628607e-16,0.1947142421148143,parity_visibility,3.3306690738754696e-16,0.10719570787956442,6.940e-17
Type4,14,isotropic_eps0.6667,deterministic,0.5,0.16666666666666666,0.16666666666666666,0.16666666666666666,0.1,0.6007874015748029,0.1415748031496063,0.1288188976377953,0.12881889763779533,3.328524202094581e-16,0.11070540473175002,parity_visibility,2.220446049250313e-16,0.1288188976377953,6.940e-17
Type4,14,isotropic_eps0.6667,deterministic,0.5,0.16666666666666666,0.16666666666666666,0.16666666666666666,0.15,0.5387088650100736,0.16476214461607355,0.14826449518692633,0.14826449518692633,3.312761555662074e-16,0.06107208084652834,parity_visibility,2.220446049250313e-16,0.14826449518692633,3.904e-17
Type4,14,isotropic_eps0.6667,deterministic,0.5,0.16666666666666666,0.16666666666666666,0.16666666666666666,0.2,0.48443223443223454,0.1843589743589744,0.16560439560439544,0.1656043956043955,1.9182733585332722e-16,0.03257016866133334,parity_visibility,2.220446049250313e-16,0.16560439560439544,3.838e-17
Type4,14,isotropic_eps0.6667,deterministic,0.5,0.16666666666666666,0.16666666666666666,0.16666666666666666,0.3,0.3974212034383946,0.2139637058261691,0.19430754536771808,0.19430754536771808,1.2957309857715887e-15,0.008215321825083319,parity_visibility,1.1102230246251565e-16,0.19430754536771808,3.123e-17
Type4,14,isotropic_eps0.8000,deterministic,0.3999999999999999,0.2,0.2,0.2,0.0,0.5714285714285713,0.1428571428571429,0.14285714285714285,0.14285714285714282,2.0072720165458804e-16,0.27999999999999975,parity_visibility,2.220446049250313e-16,0.14285714285714282,5.618e-17
Type4,14,isotropic_eps0.8000,deterministic,0.3999999999999999,0.2,0.2,0.2,0.0001,0.5713122597387491,0.14290305428792796,0.14289234298666145,0.14289234298666148,2.1977302776637717e-16,0.2797141322634066,parity_visibility,0.0,0.14289234298666145,1.874e-16
Type4,14,isotropic_eps0.8000,deterministic,0.3999999999999999,0.2,0.2,0.2,0.001,0.570266789587309,0.14331563322671279,0.1432087885929891,0.143208788592989,2.6500116086760126e-16,0.277153193467263,parity_visibility,0.0,0.143208788592989,1.389e-16
Type4,14,isotropic_eps0.8000,deterministic,0.3999999999999999,0.2,0.2,0.2,0.005,0.5656492632639525,0.14513576776921408,0.14460748448341673,0.1446074844834167,2.328154072003247e-16,0.26602621682387406,parity_visibility,0.0,0.1446074844834167,1.665e-16
Type4,14,isotropic_eps0.8000,deterministic,0.3999999999999999,0.2,0.2,0.2,0.01,0.5599436503902961,0.1473800014674146,0.14633817407114455,0.14633817407114455,2.3347211056774733e-16,0.25268706490368487,parity_visibility,1.1102230246251565e-16,0.14633817407114455,4.387e-17
Type4,14,isotropic_eps0.8000,deterministic,0.3999999999999999,0.2,0.2,0.2,0.02,0.5487514597650027,0.15176646916201608,0.1497410355364906,0.1497410355364905,2.3172638814447143e-16,0.2278097034339306,parity_visibility,0.0,0.1497410355364905,9.715e-17
Type4,14,isotropic_eps0.8000,deterministic,0.3999999999999999,0.2,0.2,0.2,0.05,0.5168901696291616,0.16413098890192185,0.15948942073445818,0.1594894207344582,2.0948702515804155e-16,0.1658950374394736,parity_visibility,2.220446049250313e-16,0.15948942073445818,1.042e-16
Type4,14,isotropic_eps0.8000,deterministic,0.3999999999999999,0.2,0.2,0.2,0.1,0.4692581115566896,0.18222931097338682,0.1742562887349617,0.17425628873496168,2.5819528073821095e-16,0.09564249611942997,parity_visibility,2.220446049250313e-16,0.17425628873496168,5.567e-17
Type4,14,isotropic_eps0.8000,deterministic,0.3999999999999999,0.2,0.2,0.2,0.15,0.4280154366430473,0.19744306156252875,0.1872707508972119,0.1872707508972119,3.692720604312523e-16,0.05348585379926585,parity_visibility,1.1102230246251565e-16,0.1872707508972119,5.554e-17
Type4,14,isotropic_eps0.8000,deterministic,0.3999999999999999,0.2,0.2,0.2,0.2,0.3926448736998508,0.21005943536404148,0.1986478454680538,0.1986478454680538,4.545210307803607e-16,0.028905129902080065,parity_visibility,1.1102230246251565e-16,0.1986478454680538,5.589e-17
Type4,14,isotropic_eps0.8000,deterministic,0.3999999999999999,0.2,0.2,0.2,0.3,0.33746694370986036,0.2286191915375905,0.2169569323762745,0.2169569323762745,1.854089033238669e-15,0.007477119841030028,parity_visibility,0.0,0.2169569323762745,3.480e-17
Type4,14,isotropic_eps1.0000,deterministic,0.25,0.25,0.25,0.25,0.0,0.25000000000000006,0.25000000000000006,0.2499999999999999,0.24999999999999986,6.156354892639557e-17,0.24999999999999983,parity_visibility,1.1102230246251565e-16,0.24999999999999986,9.714e-17
Type4,14,isotropic_eps1.0000,deterministic,0.25,0.25,0.25,0.25,0.0001,0.24999999999999994,0.24999999999999994,0.24999999999999992,0.24999999999999992,1.3433409340352838e-16,0.24975011247000525,parity_visibility,3.3306690738754696e-16,0.24999999999999992,2.637e-16
Type4,14,isotropic_eps1.0000,deterministic,0.25,0.25,0.25,0.25,0.001,0.24999999999999994,0.24999999999999994,0.24999999999999997,0.24999999999999997,5.5149045072140485e-17,0.2475112200524369,parity_visibility,1.1102230246251565e-16,0.24999999999999994,6.943e-17
Type4,14,isotropic_eps1.0000,deterministic,0.25,0.25,0.25,0.25,0.005,0.25000000000000006,0.25000000000000006,0.24999999999999992,0.2499999999999999,8.523792602823392e-17,0.23777753261644285,parity_visibility,1.1102230246251565e-16,0.2499999999999999,6.245e-17
Type4,14,isotropic_eps1.0000,deterministic,0.25,0.25,0.25,0.25,0.01,0.25,0.25,0.24999999999999992,0.24999999999999992,1.1269969423545139e-16,0.22609551875220105,parity_visibility,2.220446049250313e-16,0.24999999999999992,4.861e-17
Type4,14,isotropic_eps1.0000,deterministic,0.25,0.25,0.25,0.25,0.02,0.24999999999999994,0.24999999999999994,0.24999999999999992,0.24999999999999992,4.176436789007747e-17,0.20426820172188664,parity_visibility,3.3306690738754696e-16,0.24999999999999992,6.943e-17
Type4,14,isotropic_eps1.0000,deterministic,0.25,0.25,0.25,0.25,0.05,0.24999999999999997,0.24999999999999997,0.2499999999999999,0.24999999999999986,1.5374199834567422e-16,0.14968423480959456,parity_visibility,3.3306690738754696e-16,0.24999999999999986,2.784e-17
Type4,14,isotropic_eps1.0000,deterministic,0.25,0.25,0.25,0.25,0.1,0.25000000000000006,0.25000000000000006,0.24999999999999983,0.24999999999999983,1.715363631476858e-16,0.08716961002500004,parity_visibility,2.220446049250313e-16,0.24999999999999983,4.858e-17
Type4,14,isotropic_eps1.0000,deterministic,0.25,0.25,0.25,0.25,0.15,0.24999999999999994,0.24999999999999994,0.24999999999999994,0.24999999999999994,7.314515198627281e-17,0.04921860108518061,parity_visibility,2.220446049250313e-16,0.24999999999999994,5.899e-17
Type4,14,isotropic_eps1.0000,deterministic,0.25,0.25,0.25,0.25,0.2,0.2500000000000002,0.2500000000000002,0.2499999999999997,0.24999999999999967,6.84953262580337e-16,0.026843545600000025,parity_visibility,2.220446049250313e-16,0.24999999999999967,6.600e-17
Type4,14,isotropic_eps1.0000,deterministic,0.25,0.25,0.25,0.25,0.3,0.2499999999999997,0.2499999999999997,0.2500000000000002,0.2500000000000002,9.768268732070792e-16,0.007061881225000059,parity_visibility,2.220446049250313e-16,0.2499999999999997,5.899e-17
Type4,14,near_phi_plus,deterministic,0.99,0.005,0.003,0.002,0.0,0.9999612299492517,2.5506612334160068e-05,9.182380440305541e-06,4.0810579734691695e-06,4.4002893446475415e-16,0.9801379999999997,parity_visibility,3.3306690738754696e-16,4.0810579734691695e-06,1.111e-16
Type4,14,near_phi_plus,deterministic,0.99,0.005,0.003,0.002,0.0001,0.9997854889076113,0.00010074750890574718,5.9431812763640983e-05,5.4331770718983085e-05,4.567817502793765e-16,0.9790124286004909,parity_visibility,2.220446049250313e-16,5.4331770718983085e-05,1.166e-15
Type4,14,near_phi_plus,deterministic,0.99,0.005,0.003,0.002,0.001,0.998204672518151,0.0007774047538243761,0.0005115056266140762,0.0005064171014104366,4.699583670672901e-16,0.9689355928909174,parity_visibility,1.1102230246251565e-16,0.0005064171014104366,4.446e-16
Type4,14,near_phi_plus,deterministic,0.99,0.005,0.003,0.002,0.005,0.9911974074927676,0.003773642611542452,0.002516993693259389,0.002511956202430336,4.583529059853447e-16,0.9252921256112909,parity_visibility,1.1102230246251565e-16,0.002511956202430336,4.997e-16
Type4,14,near_phi_plus,deterministic,0.99,0.005,0.003,0.002,0.01,0.9824810405483662,0.007493377802323086,0.005015277847747212,0.005010303801563267,4.645836895623107e-16,0.8732787962172718,parity_visibility,2.220446049250313e-16,0.005010303801563267,3.893e-16
Type4,14,near_phi_plus,deterministic,0.99,0.005,0.003,0.002,0.02,0.9651909685605424,0.014847552300856697,0.009983163729227548,0.009978315409373134,4.109959208937177e-16,0.7772197009561657,parity_visibility,2.220446049250313e-16,0.009978315409373134,1.668e-16
Type4,14,near_phi_plus,deterministic,0.99,0.005,0.003,0.002,0.05,0.9144675375758891,0.03622603631769809,0.024655453293752363,0.024650972812660266,4.0802192563986704e-16,0.5442216684954166,parity_visibility,2.220446049250313e-16,0.024650972812660266,4.446e-16
Type4,14,near_phi_plus,deterministic,0.99,0.005,0.003,0.002,0.1,0.8337899549611724,0.06956579886485541,0.04832407248921565,0.04832017368475633,3.6088803798586707e-16,0.2933821469321644,parity_visibility,2.220446049250313e-16,0.04832017368475633,1.665e-16
Type4,14,near_phi_plus,deterministic,0.99,0.005,0.003,0.002,0.15,0.7580155256248414,0.10002321724056976,0.07098230699065056,0.0709789501439379,3.033217443933323e-16,0.153074713157071,parity_visibility,4.440892098500626e-16,0.0709789501439379,6.249e-17
Type4,14,near_phi_plus,deterministic,0.99,0.005,0.003,0.002,0.2,0.6872415577602045,0.12757997007395847,0.0925906636817953,0.09258780848404163,2.5451299189697705e-16,0.07701824690506956,parity_visibility,0.0,0.09258780848404163,6.720e-17
Type4,14,near_phi_plus,deterministic,0.99,0.005,0.003,0.002,0.3,0.5611319374829477,0.17395104834640635,0.13245949471608884,0.13245751945455714,4.710574646263043e-16,0.01716793097936375,parity_visibility,0.0,0.13245751945455714,3.515e-17
Type4,14,near_phi_plus_tight,deterministic,0.9999,5e-05,3e-05,2e-05,0.0,0.9999999961992398,2.5005001438785295e-09,9.001800235832533e-10,4.000800104811282e-10,4.3796197758692824e-16,0.9998000137999994,parity_visibility,0.0,4.000800104811282e-10,1.125e-16
Type4,14,near_phi_plus_tight,deterministic,0.9999,5e-05,3e-05,2e-05,0.0001,0.9998249980752687,7.499937463859202e-05,5.0001525033696164e-05,5.000102505872079e-05,4.547174607232314e-16,0.9986508609565354,parity_visibility,3.3306690738754696e-16,5.000102505872079e-05,1.222e-15
Type4,14,near_phi_plus_tight,deterministic,0.9999,5e-05,3e-05,2e-05,0.001,0.9982508588924439,0.0007494649159439691,0.0004998383452311825,0.0004998378463807178,4.567682143788282e-16,0.9883629559023022,parity_visibility,2.220446049250313e-16,0.0004998378463807178,5.000e-16
Type4,14,near_phi_plus_tight,deterministic,0.9999,5e-05,3e-05,2e-05,0.005,0.9912730729573914,0.003736059827705509,0.002495433854385185,0.00249543336051781,4.787290204768989e-16,0.9438063262352362,parity_visibility,0.0,0.00249543336051781,5.552e-16
Type4,14,near_phi_plus_tight,deterministic,0.9999,5e-05,3e-05,2e-05,0.01,0.9825931005966213,0.007443966219515002,0.004981466835767735,0.00498146634809568,4.553366901341686e-16,0.8907069077970656,parity_visibility,2.220446049250313e-16,0.00498146634809568,3.888e-16
Type4,14,near_phi_plus_tight,deterministic,0.9999,5e-05,3e-05,2e-05,0.02,0.965374296466559,0.01477523251192495,0.009925235748455118,0.00992523527306057,4.670396066924418e-16,0.7926488120073301,parity_visibility,3.3306690738754696e-16,0.00992523527306057,2.333e-16
Type4,14,near_phi_plus_tight,deterministic,0.9999,5e-05,3e-05,2e-05,0.05,0.914852365810284,0.03609097905956621,0.024528327784809113,0.024528327345340547,4.634271276104906e-16,0.5548462359960085,parity_visibility,3.3306690738754696e-16,0.024528327345340547,4.446e-16
Type4,14,near_phi_plus_tight,deterministic,0.9999,5e-05,3e-05,2e-05,0.1,0.8344687397109696,0.06934602688568006,0.04809261689299407,0.048092616510356144,3.6433814871407257e-16,0.2989352803759814,parity_visibility,2.220446049250313e-16,0.048092616510356144,1.390e-16
Type4,14,near_phi_plus_tight,deterministic,0.9999,5e-05,3e-05,2e-05,0.15,0.7589344490549826,0.09974316351958916,0.07066119387754467,0.07066119354788318,3.0615648203661824e-16,0.15587147254881872,parity_visibility,4.440892098500626e-16,0.07066119354788318,5.558e-17
Type4,14,near_phi_plus_tight,deterministic,0.9999,5e-05,3e-05,2e-05,0.2,0.6883453522737873,0.12726330211085035,0.09219567294797966,0.09219567266738253,3.493955080947367e-16,0.07836941020498162,parity_visibility,1.1102230246251565e-16,0.09219567266738253,6.873e-17
Type4,14,near_phi_plus_tight,deterministic,0.9999,5e-05,3e-05,2e-05,0.3,0.5624364872546884,0.17362663699243272,0.13196843797366123,0.1319684377792174,6.726854892090568e-16,0.017440078559319578,parity_visibility,2.220446049250313e-16,0.1319684377792174,9.716e-17
Type4,14,asym_large_phi_minus,deterministic,0.6,0.35,0.03,0.02,0.0,0.7441091360066143,0.25320380322447283,0.001860272840016538,0.0008267879288962387,2.3878057198290903e-16,0.4837999999999998,parity_visibility,1.1102230246251565e-16,0.0008267879288962387,8.240e-17
Type4,14,asym_large_phi_minus,deterministic,0.6,0.35,0.03,0.02,0.0001,0.7439716918129962,0.25321526173376524,0.00192310894249212,0.0008899375107463391,2.4554701845319997e-16,0.48326970672658076,parity_visibility,1.1102230246251565e-16,0.0008899375107463391,6.107e-16
Type4,14,asym_large_phi_minus,deterministic,0.6,0.35,0.03,0.02,0.001,0.7427356160539659,0.2533181683007463,0.002488284083436716,0.001457931561850929,2.665922661710998e-16,0.4785209995319828,parity_visibility,2.220446049250313e-16,0.001457931561850929,2.778e-16
Type4,14,asym_large_phi_minus,deterministic,0.6,0.35,0.03,0.02,0.005,0.7372620297063918,0.2537707460913096,0.004992550294428146,0.003974673907870034,2.720642875115448e-16,0.4579289448730238,parity_visibility,5.551115123125783e-16,0.003974673907870034,1.124e-16
Type4,14,asym_large_phi_minus,deterministic,0.6,0.35,0.03,0.02,0.01,0.7304661794018364,0.2543255139243377,0.008105354037415446,0.00710295263641016,2.2037397516271207e-16,0.433332301759432,parity_visibility,2.220446049250313e-16,0.00710295263641016,1.214e-16
Type4,14,asym_large_phi_minus,deterministic,0.6,0.35,0.03,0.02,0.02,0.7170283911595343,0.2553987364983362,0.014272362123339656,0.013300510218789731,2.474211592002482e-16,0.3877349717310826,parity_visibility,0.0,0.013300510218789731,9.754e-17
Type4,14,asym_large_phi_minus,deterministic,0.6,0.35,0.03,0.02,0.05,0.6779486954574195,0.258331892638792,0.03230140784959805,0.031418004054190436,3.1347506109185747e-16,0.276020423305119,parity_visibility,0.0,0.031418004054190436,3.333e-16
Type4,14,asym_large_phi_minus,deterministic,0.6,0.35,0.03,0.02,0.1,0.6169406297083604,0.26229440254177505,0.06075579569300235,0.06000917205686217,2.0341169473480316e-16,0.15320163565425782,parity_visibility,0.0,0.06000917205686217,5.613e-17
Type4,14,asym_large_phi_minus,deterministic,0.6,0.35,0.03,0.02,0.15,0.5611008816111885,0.26515813262898325,0.08718201156305315,0.08655897419677484,2.485842560652609e-16,0.08247472390361768,parity_visibility,2.220446049250313e-16,0.08655897419677484,5.552e-17
Type4,14,asym_large_phi_minus,deterministic,0.6,0.35,0.03,0.02,0.2,0.5104251911758819,0.26700124114185053,0.11154301957801167,0.11103054810425579,5.875178257917503e-16,0.042910159260876796,parity_visibility,0.0,0.11103054810425579,9.023e-17
Type4,14,asym_large_phi_minus,deterministic,0.6,0.35,0.03,0.02,0.3,0.4244157098106765,0.2679985571727167,0.15395751614265907,0.1536282168739476,1.0198438227629423e-15,0.010297974172593805,parity_visibility,1.1102230246251565e-16,0.1536282168739476,3.123e-17
Type4,14,asym_large_psi_plus,deterministic,0.6,0.02,0.35,0.03,0.0,0.7441091360066142,0.0008267879288962032,0.25320380322447283,0.0018602728400165273,3.1314959626731524e-16,0.4837999999999998,parity_visibility,2.220446049250313e-16,0.0008267879288962032,1.164e-16
Type4,14,asym_large_psi_plus,deterministic,0.6,0.02,0.35,0.03,0.0001,0.7439653836705913,0.0009084899590481852,0.25319670928546345,0.0019294170848970923,3.497766531718336e-16,0.48326970672658076,parity_visibility,0.0,0.0009084899590481852,4.718e-16
Type4,14,asym_large_psi_plus,deterministic,0.6,0.02,0.35,0.03,0.001,0.7426726500665356,0.0016431165420819182,0.25313298332051537,0.0025512500708669665,3.650312606272388e-16,0.4785209995319829,parity_visibility,1.1102230246251565e-16,0.0016431165420819182,2.223e-16
Type4,14,asym_large_psi_plus,deterministic,0.6,0.02,0.35,0.03,0.005,0.7369497615988573,0.004893064386294745,0.252852355612885,0.005304818401962847,3.3885343657816633e-16,0.45792894487302394,parity_visibility,1.1102230246251565e-16,0.004893064386294745,1.875e-16
Type4,14,asym_large_psi_plus,deterministic,0.6,0.02,0.35,0.03,0.01,0.7298480318712165,0.008920944268233208,0.25250752229251455,0.008723501568035356,3.5302438058805086e-16,0.43333230175943194,parity_visibility,4.440892098500626e-16,0.008723501568035356,1.685e-16
Type4,14,asym_large_psi_plus,deterministic,0.6,0.02,0.35,0.03,0.02,0.7158175430213143,0.016861653269033373,0.25183759344809276,0.015483210261559273,3.500949880176373e-16,0.38773497173108273,parity_visibility,3.3306690738754696e-16,0.015483210261559273,2.221e-16
Type4,14,asym_large_psi_plus,deterministic,0.6,0.02,0.35,0.03,0.05,0.6751101795779649,0.0397661699207925,0.24998372677218977,0.03513992372905255,3.4918691051150163e-16,0.276020423305119,parity_visibility,3.3306690738754696e-16,0.03513992372905255,1.806e-16
Type4,14,asym_large_psi_plus,deterministic,0.6,0.02,0.35,0.03,0.1,0.6118760327098763,0.0749043135978588,0.24739926100077836,0.06582039269148646,2.694417608252864e-16,0.15320163565425776,parity_visibility,1.1102230246251565e-16,0.06582039269148646,1.390e-16
Type4,14,asym_large_psi_plus,deterministic,0.6,0.02,0.35,0.03,0.15,0.5543885702209608,0.10630009639358767,0.2454170104321703,0.09389432295328107,2.260940225612601e-16,0.08247472390361762,parity_visibility,3.3306690738754696e-16,0.09389432295328107,4.165e-17
Type4,14,asym_large_psi_plus,deterministic,0.6,0.02,0.35,0.03,0.2,0.5026035953076828,0.13403411138247212,0.2439976778636344,0.11936461544621058,1.8899990899766636e-16,0.042910159260876865,parity_visibility,1.1102230246251565e-16,0.11936461544621058,7.636e-17
Type4,14,asym_large_psi_plus,deterministic,0.6,0.02,0.35,0.03,0.3,0.41579982965860435,0.17896779560129772,0.24265897844536655,0.1625733962947312,2.904826239220482e-16,0.010297974172593809,parity_visibility,1.1102230246251565e-16,0.1625733962947312,5.898e-17
Type4,14,asym_large_psi_minus,deterministic,0.6,0.02,0.03,0.35,0.0,0.7441091360066142,0.0008267879288961918,0.0018602728400164937,0.25320380322447283,3.1181112120539334e-16,0.48379999999999973,parity_visibility,2.220446049250313e-16,0.0008267879288961918,5.565e-17
Type4,14,asym_large_psi_minus,deterministic,0.6,0.02,0.03,0.35,0.0001,0.7439653836705911,0.0009084899590481852,0.0019294170848971658,0.25319670928546345,4.1526904478472254e-16,0.4832697067265809,parity_visibility,2.220446049250313e-16,0.0009084899590481852,5.829e-16
Type4,14,asym_large_psi_minus,deterministic,0.6,0.02,0.03,0.35,0.001,0.7426726500665357,0.001643116542081745,0.002551250070866981,0.25313298332051537,3.7789444935006145e-16,0.47852099953198274,parity_visibility,2.220446049250313e-16,0.001643116542081745,3.053e-16
Type4,14,asym_large_psi_minus,deterministic,0.6,0.02,0.03,0.35,0.005,0.7369497615988572,0.004893064386294817,0.005304818401962843,0.2528523556128849,3.7138571986807543e-16,0.45792894487302394,parity_visibility,3.3306690738754696e-16,0.004893064386294817,1.388e-16
Type4,14,asym_large_psi_minus,deterministic,0.6,0.02,0.03,0.35,0.01,0.7298480318712166,0.00892094426823336,0.008723501568035296,0.25250752229251455,3.5885060195766946e-16,0.4333323017594319,parity_visibility,2.220446049250313e-16,0.008723501568035296,1.112e-16
Type4,14,asym_large_psi_minus,deterministic,0.6,0.02,0.03,0.35,0.02,0.7158175430213145,0.0168616532690331,0.015483210261559398,0.25183759344809276,4.005169052051689e-16,0.38773497173108273,parity_visibility,2.220446049250313e-16,0.015483210261559398,2.221e-16
Type4,14,asym_large_psi_minus,deterministic,0.6,0.02,0.03,0.35,0.05,0.6751101795779649,0.03976616992079243,0.035139923729052606,0.24998372677218986,3.4226076958421944e-16,0.276020423305119,parity_visibility,2.220446049250313e-16,0.035139923729052606,1.944e-16
Type4,14,asym_large_psi_minus,deterministic,0.6,0.02,0.03,0.35,0.1,0.6118760327098762,0.0749043135978588,0.06582039269148658,0.24739926100077828,2.28177221544615e-16,0.15320163565425782,parity_visibility,2.220446049250313e-16,0.06582039269148658,1.388e-16
Type4,14,asym_large_psi_minus,deterministic,0.6,0.02,0.03,0.35,0.15,0.5543885702209608,0.1063000963935877,0.09389432295328114,0.24541701043217037,3.344857976363915e-16,0.08247472390361764,parity_visibility,0.0,0.09389432295328114,8.683e-17
Type4,14,asym_large_psi_minus,deterministic,0.6,0.02,0.03,0.35,0.2,0.5026035953076828,0.13403411138247212,0.11936461544621055,0.24399767786363438,2.1826916769769687e-16,0.04291015926087687,parity_visibility,1.1102230246251565e-16,0.11936461544621055,5.208e-17
Type4,14,asym_large_psi_minus,deterministic,0.6,0.02,0.03,0.35,0.3,0.41579982965860446,0.1789677956012977,0.16257339629473114,0.24265897844536657,2.7138878821628345e-15,0.010297974172593802,parity_visibility,2.220446049250313e-16,0.16257339629473114,6.596e-17
Type4,14,asym_dominant_psi_plus,deterministic,0.2,0.1,0.65,0.05,0.0,0.08421052631578949,0.02105263157894736,0.8894736842105262,0.005263157894736762,9.854233741452325e-17,0.47499999999999976,parity_visibility,2.220446049250313e-16,0.005263157894736762,1.388e-16
Type4,14,asym_dominant_psi_plus,deterministic,0.2,0.1,0.65,0.05,0.0001,0.08425126497112155,0.021112648348877053,0.8892883596957117,0.005347726984289593,1.1567969270459423e-16,0.47448026092051643,parity_visibility,0.0,0.005347726984289593,4.165e-16
Type4,14,asym_dominant_psi_plus,deterministic,0.2,0.1,0.65,0.05,0.001,0.08461770205533692,0.021652438726192054,0.8876217729132501,0.006108086305220683,1.3617484089793623e-16,0.469826020663634,parity_visibility,3.3306690738754696e-16,0.006108086305220683,2.777e-16
Type4,14,asym_dominant_psi_plus,deterministic,0.2,0.1,0.65,0.05,0.005,0.08624171558393004,0.024043650740703734,0.8802437707402673,0.009470862935098688,1.2751761151811564e-16,0.44964266417217735,parity_visibility,2.220446049250313e-16,0.009470862935098688,2.781e-16
Type4,14,asym_dominant_psi_plus,deterministic,0.2,0.1,0.65,0.05,0.01,0.08826115978778919,0.027014608772694224,0.8710879728254227,0.013636258614093663,1.2879576034633202e-16,0.42553211488833004,parity_visibility,2.220446049250313e-16,0.013636258614093663,2.511e-16
Type4,14,asym_dominant_psi_plus,deterministic,0.2,0.1,0.65,0.05,0.02,0.09226466969898516,0.03289621124675491,0.8529987686927417,0.021840350361518174,1.2586047370203637e-16,0.38082946456221656,parity_visibility,0.0,0.021840350361518174,1.388e-16
Type4,14,asym_dominant_psi_plus,deterministic,0.2,0.1,0.65,0.05,0.05,0.10398959339219206,0.05005622327217547,0.8005106825079318,0.04544350082770066,1.4179035861735545e-16,0.2712652545336879,parity_visibility,0.0,0.04544350082770066,2.220e-16
Type4,14,asym_dominant_psi_plus,deterministic,0.2,0.1,0.65,0.05,0.1,0.12256203007518786,0.07702588201272402,0.7189590803932907,0.08145300751879705,9.890134703419386e-17,0.15071625573322506,parity_visibility,3.3306690738754696e-16,0.07702588201272402,5.561e-17
Type4,14,asym_dominant_psi_plus,deterministic,0.2,0.1,0.65,0.05,0.15,0.13989290448416905,0.10193456483866085,0.6447946428571426,0.11337788782002742,1.5876861922892916e-16,0.08122299644081939,parity_visibility,1.1102230246251565e-16,0.10193456483866085,6.250e-17
Type4,14,asym_dominant_psi_plus,deterministic,0.2,0.1,0.65,0.05,0.2,0.15594923857868015,0.12476142131979685,0.5779593908629445,0.1413299492385784,3.485194129390972e-16,0.04230542786559996,parity_visibility,2.220446049250313e-16,0.12476142131979685,2.946e-17
Type4,14,asym_dominant_psi_plus,deterministic,0.2,0.1,0.65,0.05,0.3,0.1841254337265775,0.16413098542678567,0.4658329285218614,0.18591065232477527,1.3539657256766797e-15,0.010176170845224958,parity_visibility,2.220446049250313e-16,0.16413098542678567,6.245e-17
Type4,14,strongly_mixed_uniform,deterministic,0.25,0.25,0.25,0.25,0.0,0.25000000000000006,0.25000000000000006,0.2499999999999999,0.24999999999999986,6.156354892639557e-17,0.24999999999999983,parity_visibility,1.1102230246251565e-16,0.24999999999999986,9.714e-17
Type4,14,strongly_mixed_uniform,deterministic,0.25,0.25,0.25,0.25,0.0001,0.24999999999999994,0.24999999999999994,0.24999999999999992,0.24999999999999992,1.3433409340352838e-16,0.24975011247000525,parity_visibility,3.3306690738754696e-16,0.24999999999999992,2.637e-16
Type4,14,strongly_mixed_uniform,deterministic,0.25,0.25,0.25,0.25,0.001,0.24999999999999994,0.24999999999999994,0.24999999999999997,0.24999999999999997,5.5149045072140485e-17,0.2475112200524369,parity_visibility,1.1102230246251565e-16,0.24999999999999994,6.943e-17
Type4,14,strongly_mixed_uniform,deterministic,0.25,0.25,0.25,0.25,0.005,0.25000000000000006,0.25000000000000006,0.24999999999999992,0.2499999999999999,8.523792602823392e-17,0.23777753261644285,parity_visibility,1.1102230246251565e-16,0.2499999999999999,6.245e-17
Type4,14,strongly_mixed_uniform,deterministic,0.25,0.25,0.25,0.25,0.01,0.25,0.25,0.24999999999999992,0.24999999999999992,1.1269969423545139e-16,0.22609551875220105,parity_visibility,2.220446049250313e-16,0.24999999999999992,4.861e-17
Type4,14,strongly_mixed_uniform,deterministic,0.25,0.25,0.25,0.25,0.02,0.24999999999999994,0.24999999999999994,0.24999999999999992,0.24999999999999992,4.176436789007747e-17,0.20426820172188664,parity_visibility,3.3306690738754696e-16,0.24999999999999992,6.943e-17
Type4,14,strongly_mixed_uniform,deterministic,0.25,0.25,0.25,0.25,0.05,0.24999999999999997,0.24999999999999997,0.2499999999999999,0.24999999999999986,1.5374199834567422e-16,0.14968423480959456,parity_visibility,3.3306690738754696e-16,0.24999999999999986,2.784e-17
Type4,14,strongly_mixed_uniform,deterministic,0.25,0.25,0.25,0.25,0.1,0.25000000000000006,0.25000000000000006,0.24999999999999983,0.24999999999999983,1.715363631476858e-16,0.08716961002500004,parity_visibility,2.220446049250313e-16,0.24999999999999983,4.858e-17
Type4,14,strongly_mixed_uniform,deterministic,0.25,0.25,0.25,0.25,0.15,0.24999999999999994,0.24999999999999994,0.24999999999999994,0.24999999999999994,7.314515198627281e-17,0.04921860108518061,parity_visibility,2.220446049250313e-16,0.24999999999999994,5.899e-17
Type4,14,strongly_mixed_uniform,deterministic,0.25,0.25,0.25,0.25,0.2,0.2500000000000002,0.2500000000000002,0.2499999999999997,0.24999999999999967,6.84953262580337e-16,0.026843545600000025,parity_visibility,2.220446049250313e-16,0.24999999999999967,6.600e-17
Type4,14,strongly_mixed_uniform,deterministic,0.25,0.25,0.25,0.25,0.3,0.2499999999999997,0.2499999999999997,0.2500000000000002,0.2500000000000002,9.768268732070792e-16,0.007061881225000059,parity_visibility,2.220446049250313e-16,0.2499999999999997,5.899e-17
Type4,14,strongly_mixed_tilted,deterministic,0.3,0.25,0.25,0.2,0.0,0.3529411764705883,0.2450980392156863,0.24509803921568626,0.15686274509803916,1.5791733950271845e-16,0.2549999999999998,parity_visibility,0.0,0.15686274509803916,5.551e-17
Type4,14,strongly_mixed_tilted,deterministic,0.3,0.25,0.25,0.2,0.0001,0.3529028599416805,0.2451024307458798,0.24509753023632003,0.15689717907611953,1.5661611551640354e-16,0.25474411576890554,parity_visibility,0.0,0.15689717907611953,2.359e-16
Type4,14,strongly_mixed_tilted,deterministic,0.3,0.25,0.25,0.2,0.001,0.35255848523854877,0.24514186359478082,0.24509298898305829,0.15720666218361184,6.620997013833567e-17,0.252451548954908,parity_visibility,2.220446049250313e-16,0.15720666218361184,5.556e-17
Type4,14,strongly_mixed_tilted,deterministic,0.3,0.25,0.25,0.2,0.005,0.3510382245596074,0.24531514924365103,0.24507366209126188,0.1585729641054794,1.0994490759535842e-16,0.2424856466510148,parity_visibility,2.220446049250313e-16,0.1585729641054794,1.112e-16
Type4,14,strongly_mixed_tilted,deterministic,0.3,0.25,0.25,0.2,0.01,0.3491613941518356,0.24552726916973475,0.24505144674098325,0.16025988993744622,1.6930413293827875e-16,0.2305274431107816,parity_visibility,2.220446049250313e-16,0.16025988993744622,1.111e-16
Type4,14,strongly_mixed_tilted,deterministic,0.3,0.25,0.25,0.2,0.02,0.3454851735857646,0.24593680112400998,0.24501334683401224,0.1635646784562131,6.573834071685056e-17,0.20819178534056065,parity_visibility,2.220446049250313e-16,0.1635646784562131,9.026e-17
Type4,14,strongly_mixed_tilted,deterministic,0.3,0.25,0.25,0.2,0.05,0.33505955012032795,0.24705239182751332,0.2449469574185944,0.17294110063356422,2.0306545674839662e-16,0.15238603524790778,parity_visibility,0.0,0.17294110063356422,9.740e-17
Type4,14,strongly_mixed_tilted,deterministic,0.3,0.25,0.25,0.2,0.1,0.3195857114741191,0.24856524306238917,0.24497835071836252,0.18687069474512893,1.2274841178506967e-16,0.08858175770740505,parity_visibility,2.220446049250313e-16,0.18687069474512893,6.250e-17
Type4,14,strongly_mixed_tilted,deterministic,0.3,0.25,0.25,0.2,0.15,0.3063000887180243,0.24969731135097817,0.24515698161565386,0.1988456183153434,5.168250044427278e-16,0.04992980987086153,parity_visibility,3.3306690738754696e-16,0.1988456183153434,1.285e-16
Type4,14,strongly_mixed_tilted,deterministic,0.3,0.25,0.25,0.2,0.2,0.2949921011058452,0.2505055292259083,0.24545023696682464,0.20905213270142173,4.110502909162328e-16,0.027187142983679947,parity_visibility,1.1102230246251565e-16,0.20905213270142173,4.859e-17
Type4,14,strongly_mixed_tilted,deterministic,0.3,0.25,0.25,0.2,0.3,0.2775133689839566,0.25135868488809604,0.2462636165577348,0.2248643295702125,2.9331285855550917e-15,0.007131087661004988,parity_visibility,1.1102230246251565e-16,0.2248643295702125,5.205e-17
Type4,14,boundary_pure_phi_plus,deterministic,1.0,0.0,0.0,0.0,0.0,0.9999999999999998,-2.7755575615628907e-17,1.692179786481188e-31,1.4863820534147445e-33,4.03411799902682e-16,0.9999999999999996,parity_visibility,2.220446049250313e-16,-2.7755575615628907e-17,2.238e-16
Type4,14,boundary_pure_phi_plus,deterministic,1.0,0.0,0.0,0.0,0.0001,0.9998250093750937,7.499437496874256e-05,4.9998124968814076e-05,4.9998124968733256e-05,4.580187469218457e-16,0.9988506073050423,parity_visibility,0.0,4.9998124968733256e-05,1.005e-15
Type4,14,boundary_pure_phi_plus,deterministic,1.0,0.0,0.0,0.0,0.001,0.9982509375938127,0.0007494374687499487,0.0004998124687187012,0.0004998124687187126,4.435947354649791e-16,0.9885605554230932,parity_visibility,0.0,0.0004998124687187012,6.662e-16
Type4,14,boundary_pure_phi_plus,deterministic,1.0,0.0,0.0,0.0,0.005,0.9912734492578853,0.0037359335938238316,0.0024953085741454026,0.002495308574145319,5.010112738394271e-16,0.9439946378022245,parity_visibility,1.1102230246251565e-16,0.002495308574145319,7.773e-16
Type4,14,boundary_pure_phi_plus,deterministic,1.0,0.0,0.0,0.0,0.01,0.9825938443773315,0.0074437187523791176,0.004981218435144566,0.0049812184351445184,4.654891151545521e-16,0.8908841725392974,parity_visibility,2.220446049250313e-16,0.0049812184351445184,2.228e-16
Type4,14,boundary_pure_phi_plus,deterministic,1.0,0.0,0.0,0.0,0.02,0.9653757600742036,0.014774750077295649,0.009924744924250287,0.009924744924250245,4.4373493979550483e-16,0.7928057445229862,parity_visibility,2.220446049250313e-16,0.009924744924250245,1.156e-16
Type4,14,boundary_pure_phi_plus,deterministic,1.0,0.0,0.0,0.0,0.05,0.9148558664868508,0.03608985165205664,0.024527140930546185,0.02452714093054613,4.040930144932242e-16,0.5549543005565718,parity_visibility,3.3306690738754696e-16,0.02452714093054613,2.245e-16
Type4,14,boundary_pure_phi_plus,deterministic,1.0,0.0,0.0,0.0,0.1,0.8344752186588918,0.0693440233236153,0.048090379008746346,0.048090379008746326,3.5099088787900166e-16,0.2989917623857501,parity_visibility,1.1102230246251565e-16,0.048090379008746326,1.111e-16
Type4,14,boundary_pure_phi_plus,deterministic,1.0,0.0,0.0,0.0,0.15,0.7589433701657456,0.09974052880820845,0.07065805051302286,0.07065805051302283,3.276963576220164e-16,0.1558999189373097,parity_visibility,1.1102230246251565e-16,0.07065805051302283,6.944e-17
Type4,14,boundary_pure_phi_plus,deterministic,1.0,0.0,0.0,0.0,0.2,0.6883561643835614,0.1272602739726028,0.0921917808219178,0.09219178082191784,2.6641562852819967e-16,0.07838315315200008,parity_visibility,2.220446049250313e-16,0.0921917808219178,6.225e-17
Type4,14,boundary_pure_phi_plus,deterministic,1.0,0.0,0.0,0.0,0.3,0.5624493927125498,0.1736234817813769,0.13196356275303656,0.13196356275303656,3.167885844452513e-16,0.017442846625750026,parity_visibility,2.220446049250313e-16,0.13196356275303656,4.514e-17
Type4,14,boundary_pure_phi_minus,deterministic,0.0,1.0,0.0,0.0,0.0,-2.7755575615628907e-17,0.9999999999999998,-2.541468488452095e-33,1.7217164039403824e-31,4.03411799902682e-16,0.9999999999999996,parity_visibility,2.220446049250313e-16,-2.7755575615628907e-17,2.240e-16
Type4,14,boundary_pure_phi_minus,deterministic,0.0,1.0,0.0,0.0,0.0001,7.499437496867556e-05,0.9998250093750937,4.999812496876294e-05,4.999812496879518e-05,4.150516463259508e-16,0.9988506073050423,parity_visibility,1.1102230246251565e-16,4.999812496876294e-05,9.441e-16
Type4,14,boundary_pure_phi_minus,deterministic,0.0,1.0,0.0,0.0,0.001,0.000749437468749921,0.9982509375938124,0.0004998124687187273,0.0004998124687187209,4.475589246393054e-16,0.9885605554230933,parity_visibility,1.1102230246251565e-16,0.0004998124687187209,6.113e-16
Type4,14,boundary_pure_phi_minus,deterministic,0.0,1.0,0.0,0.0,0.005,0.003735933593823753,0.9912734492578852,0.0024953085741453353,0.0024953085741453896,4.483090292267137e-16,0.9439946378022244,parity_visibility,3.3306690738754696e-16,0.0024953085741453353,6.108e-16
Type4,14,boundary_pure_phi_minus,deterministic,0.0,1.0,0.0,0.0,0.01,0.0074437187523791176,0.9825938443773317,0.004981218435144539,0.004981218435144531,4.619718577935258e-16,0.8908841725392975,parity_visibility,1.1102230246251565e-16,0.004981218435144531,3.333e-16
Type4,14,boundary_pure_phi_minus,deterministic,0.0,1.0,0.0,0.0,0.02,0.014774750077295699,0.9653757600742036,0.009924744924250287,0.009924744924250259,4.2834163525594057e-16,0.7928057445229864,parity_visibility,2.220446049250313e-16,0.009924744924250259,1.738e-16
Type4,14,boundary_pure_phi_minus,deterministic,0.0,1.0,0.0,0.0,0.05,0.0360898516520567,0.9148558664868509,0.024527140930546178,0.024527140930546174,4.0352491029811527e-16,0.5549543005565719,parity_visibility,0.0,0.024527140930546174,2.784e-16
Type4,14,boundary_pure_phi_minus,deterministic,0.0,1.0,0.0,0.0,0.1,0.06934402332361514,0.8344752186588921,0.04809037900874631,0.048090379008746346,3.670379916891869e-16,0.29899176238575,parity_visibility,1.1102230246251565e-16,0.04809037900874631,2.498e-16
Type4,14,boundary_pure_phi_minus,deterministic,0.0,1.0,0.0,0.0,0.15,0.09974052880820831,0.7589433701657458,0.07065805051302279,0.07065805051302285,3.139274504827054e-16,0.1558999189373096,parity_visibility,3.3306690738754696e-16,0.07065805051302279,5.553e-17
Type4,14,boundary_pure_phi_minus,deterministic,0.0,1.0,0.0,0.0,0.2,0.1272602739726027,0.6883561643835615,0.09219178082191785,0.09219178082191783,3.0285841333819306e-16,0.07838315315200005,parity_visibility,2.220446049250313e-16,0.09219178082191783,6.955e-17
Type4,14,boundary_pure_phi_minus,deterministic,0.0,1.0,0.0,0.0,0.3,0.17362348178137674,0.5624493927125491,0.131963562753037,0.131963562753037,1.2115031821570716e-15,0.017442846625750047,parity_visibility,1.1102230246251565e-16,0.131963562753037,6.961e-17
Type4,14,boundary_pure_psi_plus,deterministic,0.0,0.0,1.0,0.0,0.0,1.5975799475512945e-31,1.790057280887367e-32,0.9999999999999998,0.0,9.049303942459138e-17,0.9999999999999993,parity_visibility,2.220446049250313e-16,0.0,1.243e-16
Type4,14,boundary_pure_psi_plus,deterministic,0.0,0.0,1.0,0.0,0.0001,4.9998124968808533e-05,4.999812496873551e-05,0.9998250093750937,7.499437496865929e-05,1.3873180490061749e-16,0.9988506073050423,parity_visibility,2.220446049250313e-16,4.999812496873551e-05,9.995e-16
Type4,14,boundary_pure_psi_plus,deterministic,0.0,0.0,1.0,0.0,0.001,0.000499812468718705,0.0004998124687187005,0.9982509375938126,0.0007494374687498932,1.2933778419735417e-16,0.9885605554230932,parity_visibility,1.1102230246251565e-16,0.0004998124687187005,6.661e-16
Type4,14,boundary_pure_psi_plus,deterministic,0.0,0.0,1.0,0.0,0.005,0.002495308574145401,0.0024953085741453397,0.9912734492578852,0.003735933593823808,1.249666654695883e-16,0.9439946378022244,parity_visibility,2.220446049250313e-16,0.0024953085741453397,7.775e-16
Type4,14,boundary_pure_psi_plus,deterministic,0.0,0.0,1.0,0.0,0.01,0.004981218435144559,0.00498121843514451,0.9825938443773315,0.007443718752379157,1.2905127159367703e-16,0.8908841725392975,parity_visibility,2.220446049250313e-16,0.00498121843514451,2.782e-16
Type4,14,boundary_pure_psi_plus,deterministic,0.0,0.0,1.0,0.0,0.02,0.009924744924250281,0.009924744924250264,0.9653757600742037,0.014774750077295727,1.1074473216455456e-16,0.7928057445229862,parity_visibility,1.1102230246251565e-16,0.009924744924250264,1.175e-16
Type4,14,boundary_pure_psi_plus,deterministic,0.0,0.0,1.0,0.0,0.05,0.024527140930546254,0.024527140930546174,0.9148558664868508,0.036089851652056686,1.2793985672633797e-16,0.5549543005565718,parity_visibility,1.1102230246251565e-16,0.024527140930546174,1.956e-16
Type4,14,boundary_pure_psi_plus,deterministic,0.0,0.0,1.0,0.0,0.1,0.048090379008746374,0.04809037900874636,0.8344752186588921,0.06934402332361514,1.0409433470071415e-16,0.29899176238575,parity_visibility,1.1102230246251565e-16,0.04809037900874636,2.220e-16
Type4,14,boundary_pure_psi_plus,deterministic,0.0,0.0,1.0,0.0,0.15,0.07065805051302282,0.0706580505130228,0.7589433701657456,0.09974052880820841,2.490519639884083e-16,0.15589991893730965,parity_visibility,3.3306690738754696e-16,0.0706580505130228,5.207e-17
Type4,14,boundary_pure_psi_plus,deterministic,0.0,0.0,1.0,0.0,0.2,0.0921917808219178,0.09219178082191783,0.6883561643835614,0.12726027397260278,8.704077824435192e-17,0.07838315315200006,parity_visibility,2.220446049250313e-16,0.0921917808219178,5.622e-17
Type4,14,boundary_pure_psi_plus,deterministic,0.0,0.0,1.0,0.0,0.3,0.13196356275303656,0.13196356275303656,0.5624493927125499,0.17362348178137677,2.1348085522245765e-16,0.017442846625750016,parity_visibility,2.220446049250313e-16,0.13196356275303656,4.164e-17
Type4,14,boundary_pure_psi_minus,deterministic,0.0,0.0,0.0,1.0,0.0,1.4280640404312583e-32,1.6069542135002454e-31,0.0,0.9999999999999998,6.245004513516508e-17,0.9999999999999993,parity_visibility,2.220446049250313e-16,0.0,6.190e-17
Type4,14,boundary_pure_psi_minus,deterministic,0.0,0.0,0.0,1.0,0.0001,4.9998124968750745e-05,4.99981249687798e-05,7.499437496876554e-05,0.9998250093750936,1.657727559842676e-16,0.9988506073050424,parity_visibility,1.1102230246251565e-16,4.9998124968750745e-05,1.055e-15
Type4,14,boundary_pure_psi_minus,deterministic,0.0,0.0,0.0,1.0,0.001,0.0004998124687187234,0.0004998124687187149,0.0007494374687499995,0.9982509375938124,2.89775506180776e-17,0.9885605554230933,parity_visibility,1.1102230246251565e-16,0.0004998124687187149,5.551e-16
Type4,14,boundary_pure_psi_minus,deterministic,0.0,0.0,0.0,1.0,0.005,0.002495308574145353,0.0024953085741453917,0.0037359335938238754,0.9912734492578852,3.558793579600297e-17,0.9439946378022245,parity_visibility,2.220446049250313e-16,0.002495308574145353,6.108e-16
Type4,14,boundary_pure_psi_minus,deterministic,0.0,0.0,0.0,1.0,0.01,0.004981218435144527,0.004981218435144548,0.007443718752379133,0.9825938443773315,1.544997581293952e-16,0.8908841725392975,parity_visibility,2.220446049250313e-16,0.004981218435144527,4.441e-16
Type4,14,boundary_pure_psi_minus,deterministic,0.0,0.0,0.0,1.0,0.02,0.009924744924250276,0.009924744924250297,0.014774750077295699,0.9653757600742037,1.120651818532681e-16,0.7928057445229862,parity_visibility,0.0,0.009924744924250276,1.673e-16
Type4,14,boundary_pure_psi_minus,deterministic,0.0,0.0,0.0,1.0,0.05,0.02452714093054614,0.024527140930546178,0.03608985165205671,0.9148558664868509,4.1869811401188114e-17,0.5549543005565718,parity_visibility,0.0,0.02452714093054614,2.779e-16
Type4,14,boundary_pure_psi_minus,deterministic,0.0,0.0,0.0,1.0,0.1,0.04809037900874632,0.04809037900874638,0.06934402332361522,0.8344752186588917,8.054437366687119e-17,0.2989917623857501,parity_visibility,3.3306690738754696e-16,0.04809037900874632,2.498e-16
Type4,14,boundary_pure_psi_minus,deterministic,0.0,0.0,0.0,1.0,0.15,0.07065805051302282,0.07065805051302286,0.09974052880820831,0.7589433701657459,8.262981628042092e-17,0.1558999189373096,parity_visibility,1.1102230246251565e-16,0.07065805051302282,5.553e-17
Type4,14,boundary_pure_psi_minus,deterministic,0.0,0.0,0.0,1.0,0.2,0.09219178082191785,0.0921917808219178,0.1272602739726029,0.6883561643835613,3.0604278301752197e-16,0.07838315315200008,parity_visibility,2.220446049250313e-16,0.0921917808219178,7.243e-17
Type4,14,boundary_pure_psi_minus,deterministic,0.0,0.0,0.0,1.0,0.3,0.13196356275303733,0.13196356275303733,0.17362348178137585,0.5624493927125492,8.171290571837917e-16,0.017442846625750002,parity_visibility,2.220446049250313e-16,0.13196356275303733,3.838e-17
Type4,14,boundary_edge_phi,deterministic,0.5,0.5,0.0,0.0,0.0,0.4999999999999999,0.49999999999999983,7.240250526026997e-32,7.80888016288043e-32,6.188538355504711e-17,0.4999999999999998,parity_visibility,2.220446049250313e-16,7.240250526026997e-32,1.110e-16
Type4,14,boundary_edge_phi,deterministic,0.5,0.5,0.0,0.0,0.0001,0.49993750375006235,0.49993750375006235,6.249624993754168e-05,6.249624993754597e-05,6.738166660789195e-17,0.4994502774150176,parity_visibility,1.1102230246251565e-16,6.249624993754168e-05,5.275e-16
Type4,14,boundary_edge_phi,deterministic,0.5,0.5,0.0,0.0,0.001,0.4993753750624999,0.4993753750624999,0.0006246249375000175,0.0006246249375000217,6.507197154238249e-17,0.4945276651759891,parity_visibility,1.1102230246251565e-16,0.0006246249375000175,3.887e-16
Type4,14,boundary_edge_phi,deterministic,0.5,0.5,0.0,0.0,0.005,0.4968843828124017,0.4968843828124017,0.0031156171875981876,0.003115617187598192,6.819104048350738e-17,0.4731832343450367,parity_visibility,1.1102230246251565e-16,0.0031156171875981876,3.886e-16
Type4,14,boundary_edge_phi,deterministic,0.5,0.5,0.0,0.0,0.01,0.4937875624968435,0.4937875624968435,0.006212437503156387,0.006212437503156385,7.615651346740812e-17,0.4476917366812332,parity_visibility,2.220446049250313e-16,0.006212437503156385,1.665e-16
Type4,14,boundary_edge_phi,deterministic,0.5,0.5,0.0,0.0,0.02,0.4876504998979799,0.4876504998979799,0.012349500102019961,0.012349500102019963,9.07964561972902e-17,0.40044738265558655,parity_visibility,2.220446049250313e-16,0.012349500102019961,8.327e-17
Type4,14,boundary_edge_phi,deterministic,0.5,0.5,0.0,0.0,0.05,0.4696953022339027,0.4696953022339027,0.03030469776609724,0.03030469776609723,7.894641498468228e-17,0.2847742567252536,parity_visibility,1.1102230246251565e-16,0.03030469776609723,2.498e-16
Type4,14,boundary_edge_phi,deterministic,0.5,0.5,0.0,0.0,0.1,0.44131215469613244,0.44131215469613244,0.058687845303867496,0.05868784530386749,6.900614078909891e-17,0.15777699414524998,parity_visibility,1.1102230246251565e-16,0.05868784530386749,1.251e-16
Type4,14,boundary_edge_phi,deterministic,0.5,0.5,0.0,0.0,0.15,0.41489568214804057,0.41489568214804057,0.08510431785195927,0.08510431785195927,6.671655205381376e-17,0.08477904036922358,parity_visibility,3.3306690738754696e-16,0.08510431785195927,1.847e-17
Type4,14,boundary_edge_phi,deterministic,0.5,0.5,0.0,0.0,0.2,0.39048780487804874,0.39048780487804874,0.10951219512195114,0.10951219512195114,9.428392284436295e-17,0.04402341478400004,parity_visibility,3.3306690738754696e-16,0.10951219512195114,1.076e-16
Type4,14,boundary_edge_phi,deterministic,0.5,0.5,0.0,0.0,0.3,0.3478355704697993,0.3478355704697993,0.15216442953020062,0.1521644295302006,1.1663532440799617e-15,0.010522203025249945,parity_visibility,2.220446049250313e-16,0.1521644295302006,4.510e-17
Type4,14,boundary_edge_phiplus_psiplus,deterministic,0.5,0.0,0.5,0.0,0.0,0.5,1.72451037771982e-17,0.4999999999999999,-1.9626155733547187e-17,2.3911452128310467e-16,0.4999999999999997,parity_visibility,1.1102230246251565e-16,-1.9626155733547187e-17,7.017e-17
Type4,14,boundary_edge_phiplus_psiplus,deterministic,0.5,0.0,0.5,0.0,0.0001,0.4999250062499999,7.499374999992743e-05,0.4999250062499999,7.499374999993318e-05,2.438102707786563e-16,0.4994502774150176,parity_visibility,2.220446049250313e-16,7.499374999992743e-05,3.469e-16
Type4,14,boundary_edge_phiplus_psiplus,deterministic,0.5,0.0,0.5,0.0,0.001,0.49925062499993744,0.0007493750000625489,0.4992506249999375,0.0007493750000624842,2.365155634916137e-16,0.4945276651759891,parity_visibility,0.0,0.0007493750000624842,8.648e-17
Type4,14,boundary_edge_phiplus_psiplus,deterministic,0.5,0.0,0.5,0.0,0.005,0.49626562496074156,0.0037343750392583785,0.4962656249607415,0.003734375039258337,2.446377271538405e-16,0.47318323434503684,parity_visibility,2.220446049250313e-16,0.003734375039258337,1.283e-16
Type4,14,boundary_edge_phiplus_psiplus,deterministic,0.5,0.0,0.5,0.0,0.01,0.4925624993687187,0.007437500631281174,0.4925624993687187,0.007437500631281188,2.421013471393148e-16,0.4476917366812332,parity_visibility,2.220446049250313e-16,0.007437500631281174,1.135e-16
Type4,14,boundary_edge_phiplus_psiplus,deterministic,0.5,0.0,0.5,0.0,0.02,0.4852499897980004,0.0147500102019996,0.4852499897980004,0.014750010201999567,2.634068908356804e-16,0.4004473826555865,parity_visibility,0.0,0.014750010201999567,8.620e-17
Type4,14,boundary_edge_phiplus_psiplus,deterministic,0.5,0.0,0.5,0.0,0.05,0.4640620893561103,0.035937910643889535,0.4640620893561103,0.03593791064388961,2.193728832920355e-16,0.28477425672525364,parity_visibility,2.220446049250313e-16,0.035937910643889535,1.343e-16
Type4,14,boundary_edge_phiplus_psiplus,deterministic,0.5,0.0,0.5,0.0,0.1,0.43124309392265187,0.06875690607734805,0.4312430939226518,0.06875690607734807,1.786003966296582e-16,0.15777699414525004,parity_visibility,2.220446049250313e-16,0.06875690607734805,1.041e-16
Type4,14,boundary_edge_phiplus_psiplus,deterministic,0.5,0.0,0.5,0.0,0.15,0.401525761973875,0.09847423802612507,0.40152576197387485,0.09847423802612487,1.9618285995722381e-16,0.08477904036922373,parity_visibility,1.1102230246251565e-16,0.09847423802612487,7.639e-17
Type4,14,boundary_edge_phiplus_psiplus,deterministic,0.5,0.0,0.5,0.0,0.2,0.3748780487804876,0.12512195121951217,0.3748780487804877,0.12512195121951222,1.4382095629836273e-16,0.04402341478400003,parity_visibility,3.3306690738754696e-16,0.12512195121951217,3.478e-17
Type4,14,boundary_edge_phiplus_psiplus,deterministic,0.5,0.0,0.5,0.0,0.3,0.330570469798658,0.16942953020134235,0.3305704697986575,0.16942953020134183,8.387730631927033e-16,0.010522203025249966,parity_visibility,4.440892098500626e-16,0.16942953020134183,9.021e-17
Type4,14,boundary_face_three,deterministic,0.34,0.33,0.33,0.0,0.0,0.3467306538692262,0.3266346730653869,0.32663467306538685,-5.748367925732733e-18,9.2255547775409e-17,0.3333999999999999,parity_visibility,0.0,-5.748367925732733e-18,4.099e-17
Type4,14,boundary_face_three,deterministic,0.34,0.33,0.33,0.0,0.0001,0.3467011379596483,0.3266121893427258,0.32660352324305564,8.314945456993839e-05,1.1817202900008358e-16,0.3330500874956615,parity_visibility,3.3306690738754696e-16,8.314945456993839e-05,3.053e-16
Type4,14,boundary_face_three,deterministic,0.34,0.33,0.33,0.0,0.001,0.34643574536278676,0.3264100141239405,0.3263235480111409,0.0008306925021316284,5.652057013729208e-17,0.32991590614565397,parity_visibility,3.3306690738754696e-16,0.0008306925021316284,1.665e-16
Type4,14,boundary_face_three,deterministic,0.34,0.33,0.33,0.0,0.005,0.3452616756802595,0.3255153381620713,0.3250873255960505,0.004135660561618469,1.6217602045080828e-16,0.3163088747131018,parity_visibility,2.220446049250313e-16,0.004135660561618469,2.082e-16
Type4,14,boundary_face_three,deterministic,0.34,0.33,0.33,0.0,0.01,0.3438065883938022,0.3244058930578053,0.3235606042062898,0.008226914342102544,1.2526342547743066e-16,0.3000200170533262,parity_visibility,2.220446049250313e-16,0.008226914342102544,2.498e-16
Type4,14,boundary_face_three,deterministic,0.34,0.33,0.33,0.0,0.02,0.34093795130018606,0.3222166059613442,0.32056858013041967,0.016276862608049933,8.946978548265724e-17,0.2697135764813689,parity_visibility,1.1102230246251565e-16,0.016276862608049933,4.472e-17
Type4,14,boundary_face_three,deterministic,0.34,0.33,0.33,0.0,0.05,0.3326618009429132,0.3158843021227078,0.3120754276851277,0.03937846924925103,1.2421984683333412e-16,0.19475026612065865,parity_visibility,3.3306690738754696e-16,0.03937846924925103,1.110e-16
Type4,14,boundary_face_three,deterministic,0.34,0.33,0.33,0.0,0.1,0.3199491425080459,0.3061062370494467,0.29947174338852595,0.0744728770539812,2.1975095680865852e-16,0.11072423336751541,parity_visibility,3.3306690738754696e-16,0.0744728770539812,1.284e-16
Type4,14,boundary_face_three,deterministic,0.34,0.33,0.33,0.0,0.15,0.3085509650885636,0.29727822181001834,0.28869747692634967,0.10547333617506811,9.164206340235113e-17,0.06108156363033741,parity_visibility,2.220446049250313e-16,0.10547333617506811,5.899e-17
Type4,14,boundary_face_three,deterministic,0.34,0.33,0.33,0.0,0.2,0.2984193871631244,0.2893734507673647,0.27961869099731,0.1325884710722008,2.8563182113487427e-16,0.03257474995978247,parity_visibility,2.220446049250313e-16,0.1325884710722008,1.076e-16
Type4,14,boundary_face_three,deterministic,0.34,0.33,0.33,0.0,0.3,0.28173327236596896,0.27620265001753364,0.2659786637145627,0.17608541390193447,8.776114738678538e-16,0.008216244577563418,parity_visibility,3.3306690738754696e-16,0.17608541390193447,2.936e-17
Type4,14,boundary_rank2_asym,deterministic,0.7,0.3,0.0,0.0,0.0,0.8448275862068964,0.15517241379310345,1.3464665939551878e-31,2.1642908296154043e-32,3.181824916273015e-16,0.5799999999999997,parity_visibility,2.220446049250313e-16,2.1642908296154043e-32,1.130e-16
Type4,14,boundary_rank2_asym,deterministic,0.7,0.3,0.0,0.0,0.0001,0.8446698530547041,0.15521204971296335,5.904861616613452e-05,5.904861616606802e-05,3.1578587273709905e-16,0.5793543301974216,parity_visibility,4.440892098500626e-16,5.904861616606802e-05,6.106e-16
Type4,14,boundary_rank2_asym,deterministic,0.7,0.3,0.0,0.0,0.001,0.8432512092465105,0.15556837798150958,0.0005902063859899214,0.0005902063859898332,3.6059736482483744e-16,0.5735729276155257,parity_visibility,1.1102230246251565e-16,0.0005902063859898332,2.257e-16
Type4,14,boundary_rank2_asym,deterministic,0.7,0.3,0.0,0.0,0.005,0.8369669236703521,0.15714345963979612,0.0029448083449257747,0.0029448083449257964,3.198832243248501e-16,0.5485130588981868,parity_visibility,2.220446049250313e-16,0.0029448083449257747,2.780e-16
Type4,14,boundary_rank2_asym,deterministic,0.7,0.3,0.0,0.0,0.01,0.8291593616429469,0.15909258139137442,0.005874028482839337,0.0058740284828393136,3.133211739919517e-16,0.5186025264185234,parity_visibility,0.0,0.0058740284828393136,2.777e-16
Type4,14,boundary_rank2_asym,deterministic,0.7,0.3,0.0,0.0,0.02,0.8137038367917138,0.16292514728397764,0.011685507962154243,0.011685507962154177,3.445142406102499e-16,0.46322472055437053,parity_visibility,1.1102230246251565e-16,0.011685507962154177,2.498e-16
Type4,14,boundary_rank2_asym,deterministic,0.7,0.3,0.0,0.0,0.05,0.7686193412586135,0.17389931205220646,0.028740673344589945,0.02874067334459,3.0899991242087124e-16,0.3280030637382646,parity_visibility,1.1102230246251565e-16,0.028740673344589945,2.776e-16
Type4,14,boundary_rank2_asym,deterministic,0.7,0.3,0.0,0.0,0.1,0.6977861009085635,0.19045959791223668,0.05587715058959981,0.055877150589599814,2.4758054923450927e-16,0.1803713570637301,parity_visibility,1.1102230246251565e-16,0.05587715058959981,8.334e-17
Type4,14,boundary_rank2_asym,deterministic,0.7,0.3,0.0,0.0,0.15,0.6323939512207605,0.20489228771049794,0.08135688053437067,0.08135688053437069,2.5709754235803706e-16,0.09615838094011736,parity_visibility,2.220446049250313e-16,0.08135688053437067,1.319e-16
Type4,14,boundary_rank2_asym,deterministic,0.7,0.3,0.0,0.0,0.2,0.5724978317432785,0.2172506504770164,0.10512575888985255,0.10512575888985254,2.231923604383558e-16,0.049520972922879984,parity_visibility,0.0,0.10512575888985254,5.553e-17
Type4,14,boundary_rank2_asym,deterministic,0.7,0.3,0.0,0.0,0.3,0.4693217148409047,0.23604505708039927,0.14731661403934795,0.14731661403934793,1.5333749725953425e-15,0.011629506001329976,parity_visibility,2.220446049250313e-16,0.14731661403934793,3.473e-17
Type4,14,boundary_rank2_tight,deterministic,0.999,0.001,0.0,0.0,0.0,0.9999989979979999,1.0020019999937573e-06,1.691959131737143e-31,1.4690551808109544e-33,4.3129144610996776e-16,0.9980019999999996,parity_visibility,1.1102230246251565e-16,1.4690551808109544e-33,8.327e-17
Type4,14,boundary_rank2_tight,deterministic,0.999,0.001,0.0,0.0,0.0001,0.9998239325586973,7.602114637551392e-05,5.0023147463574567e-05,5.002314746360263e-05,4.571925808622633e-16,0.9968550035868017,parity_visibility,0.0,5.0023147463574567e-05,1.110e-15
Type4,14,boundary_rank2_tight,deterministic,0.999,0.001,0.0,0.0,0.001,0.9982491883483187,0.0007506867154960627,0.0005000624680924267,0.0005000624680925628,4.694201570047437e-16,0.9865863999936658,parity_visibility,3.3306690738754696e-16,0.0005000624680924267,6.125e-16
Type4,14,boundary_rank2_tight,deterministic,0.999,0.001,0.0,0.0,0.005,0.9912687310733407,0.003738161834757519,0.0024965535459508014,0.0024965535459507884,4.487409692277074e-16,0.9421132754340094,parity_visibility,2.220446049250313e-16,0.0024965535459507884,3.894e-16
Type4,14,boundary_rank2_tight,deterministic,0.999,0.001,0.0,0.0,0.01,0.9825854602099706,0.0074471482713438526,0.004983695759342698,0.004983695759342748,4.446813846718259e-16,0.8891131755656088,parity_visibility,1.1102230246251565e-16,0.004983695759342698,3.332e-16
Type4,14,boundary_rank2_tight,deterministic,0.999,0.001,0.0,0.0,0.02,0.9653601952893833,0.014780507284379525,0.009929648713118485,0.009929648713118506,4.4280159173365937e-16,0.7912378805089642,parity_visibility,1.1102230246251565e-16,0.009929648713118485,1.666e-16
Type4,14,boundary_rank2_tight,deterministic,0.999,0.001,0.0,0.0,0.05,0.9148199840636287,0.036101993626119114,0.024539011155125984,0.024539011155125932,4.1461051490757726e-16,0.553874661101422,parity_visibility,2.220446049250313e-16,0.024539011155125932,6.107e-16
Type4,14,boundary_rank2_tight,deterministic,0.999,0.001,0.0,0.0,0.1,0.834409642159391,0.06936482205915342,0.04811276789072767,0.04811276789072768,3.7045638709937114e-16,0.29842746817186094,parity_visibility,2.220446049250313e-16,0.04811276789072767,1.667e-16
Type4,14,boundary_rank2_tight,deterministic,0.999,0.001,0.0,0.0,0.15,0.7588534606822386,0.09976753894237142,0.07068950018769497,0.07068950018769495,3.483266587743257e-16,0.15561571990655154,parity_visibility,1.1102230246251565e-16,0.07068950018769495,4.260e-17
Type4,14,boundary_rank2_tight,deterministic,0.999,0.001,0.0,0.0,0.2,0.6882474330926629,0.12729112343199317,0.09223072173767184,0.09223072173767187,3.13169955277522e-16,0.07824585163748156,parity_visibility,2.220446049250313e-16,0.09223072173767184,1.353e-16
Type4,14,boundary_rank2_tight,deterministic,0.999,0.001,0.0,0.0,0.3,0.5623198999245734,0.1736554298200855,0.13201233512767038,0.1320123351276704,6.038147574164089e-16,0.017415191733922405,parity_visibility,2.220446049250313e-16,0.13201233512767038,4.510e-17
Type4,14,separable_threshold,deterministic,0.5,0.2,0.2,0.1,0.0,0.7352941176470587,0.11764705882352938,0.11764705882352937,0.029411764705882328,2.8309578765682976e-16,0.33999999999999986,parity_visibility,2.220446049250313e-16,0.029411764705882328,1.114e-16
Type4,14,separable_threshold,deterministic,0.5,0.2,0.2,0.1,0.0001,0.7351345323070305,0.1177018092703096,0.1176841665710956,0.02947949185156412,3.161569492864886e-16,0.33964217185020973,parity_visibility,2.220446049250313e-16,0.02947949185156412,2.221e-16
Type4,14,separable_threshold,deterministic,0.5,0.2,0.2,0.1,0.001,0.7336997701640741,0.11819390304418134,0.11801786819015032,0.0300884586015941,3.171116435581242e-16,0.33643714029691574,parity_visibility,1.1102230246251565e-16,0.0300884586015941,1.414e-16
Type4,14,separable_threshold,deterministic,0.5,0.2,0.2,0.1,0.005,0.7273558088581689,0.12036663337717453,0.11949514855954219,0.032782409205114396,3.0739855740162494e-16,0.3225235852387366,parity_visibility,0.0,0.032782409205114396,1.950e-16
Type4,14,separable_threshold,deterministic,0.5,0.2,0.2,0.1,0.01,0.719500904322475,0.12304970964699344,0.12132834977780008,0.03612103625273135,2.8734781427269576e-16,0.30587015720665256,parity_visibility,1.1102230246251565e-16,0.03612103625273135,1.392e-16
Type4,14,separable_threshold,deterministic,0.5,0.2,0.2,0.1,0.02,0.7040401788155843,0.1283071609459154,0.12495011710994072,0.042702543128559325,3.094713516657916e-16,0.2748927068580186,parity_visibility,1.1102230246251565e-16,0.042702543128559325,6.946e-17
Type4,14,separable_threshold,deterministic,0.5,0.2,0.2,0.1,0.05,0.6596296890331343,0.1432244886406521,0.13545899690542682,0.06168682542078653,3.851308639635095e-16,0.19831664269923188,parity_visibility,2.220446049250313e-16,0.06168682542078653,1.527e-16
Type4,14,separable_threshold,deterministic,0.5,0.2,0.2,0.1,0.1,0.5920362341282129,0.16533756580984818,0.15179157633942403,0.09083462372251475,2.329617804051973e-16,0.11258826830829,parity_visibility,1.1102230246251565e-16,0.09083462372251475,1.388e-16
Type4,14,separable_threshold,deterministic,0.5,0.2,0.2,0.1,0.15,0.5321826640742797,0.18420611459407948,0.16666107848583456,0.11695014284580602,2.544120042034732e-16,0.06202035922743607,parity_visibility,2.220446049250313e-16,0.11695014284580602,3.816e-17
Type4,14,separable_threshold,deterministic,0.5,0.2,0.2,0.1,0.2,0.4797009102730817,0.20006501950585176,0.18009102730819254,0.140143042912874,2.072374203868583e-16,0.033028298506240034,parity_visibility,0.0,0.140143042912874,1.284e-16
Type4,14,separable_threshold,deterministic,0.5,0.2,0.2,0.1,0.3,0.3952006120367227,0.22375892553553314,0.20276606596395694,0.17827439646378698,2.1003346910409772e-15,0.008307597073090013,parity_visibility,2.220446049250313e-16,0.17827439646378698,4.859e-17
Type4,14,random_uniform_00,random,0.21289562100831264,0.022746266950347295,0.5266044893509967,0.23775362269034334,0.0,0.1193753284526746,0.0013627035448855731,0.7303822942673509,0.1488796737350889,1.3773971737259137e-16,0.37968101141169736,parity_visibility,0.0,0.0013627035448855731,
Type4,14,random_uniform_00,random,0.21289562100831264,0.022746266950347295,0.5266044893509967,0.23775362269034334,0.0001,0.11940917149968418,0.0014356861359492304,0.7302324521575849,0.1489226902067815,1.4568369540372396e-16,0.3792755922289529,parity_visibility,2.220446049250313e-16,0.0014356861359492304,
Type4,14,random_uniform_00,random,0.21289562100831264,0.022746266950347295,0.5266044893509967,0.23775362269034334,0.001,0.11971355775410238,0.002091968012111929,0.7288851420956238,0.14930933213816164,1.2689653640459367e-16,0.37564458980821436,parity_visibility,2.220446049250313e-16,0.002091968012111929,
Type4,14,random_uniform_00,random,0.21289562100831264,0.022746266950347295,0.5266044893509967,0.23775362269034334,0.005,0.12106200159609637,0.0049965528054926435,0.7229247157627775,0.15101672983563327,1.2080735860971417e-16,0.3598881305854208,parity_visibility,2.220446049250313e-16,0.0049965528054926435,
Type4,14,random_uniform_00,random,0.21289562100831264,0.022746266950347295,0.5266044893509967,0.23775362269034334,0.01,0.12273747787975982,0.008599235567421521,0.71553751874707,0.15312576780574857,1.1516356772002897e-16,0.3410428054163766,parity_visibility,1.1102230246251565e-16,0.008599235567421521,
Type4,14,random_uniform_00,random,0.21289562100831264,0.022746266950347295,0.5266044893509967,0.23775362269034334,0.02,0.12605475138103148,0.01571121434827448,0.7009737612484588,0.157260273022235,1.0021332356367704e-16,0.30603106012748926,parity_visibility,2.220446049250313e-16,0.01571121434827448,
Type4,14,random_uniform_00,random,0.21289562100831264,0.022746266950347295,0.5266044893509967,0.23775362269034334,0.05,0.13573560590044648,0.03630232050532863,0.6589578605503863,0.16900421304383842,1.3180473502098987e-16,0.21975867750419892,parity_visibility,2.220446049250313e-16,0.03630232050532863,
Type4,14,random_uniform_00,random,0.21289562100831264,0.022746266950347295,0.5266044893509967,0.23775362269034334,0.1,0.1509577592618117,0.06815627529932314,0.5944435290413592,0.1864424363975057,1.901577676158527e-16,0.12379535796839303,parity_visibility,2.220446049250313e-16,0.06815627529932314,
Type4,14,random_uniform_00,random,0.21289562100831264,0.022746266950347295,0.5266044893509967,0.23775362269034334,0.15,0.16502480068751502,0.09697130636093053,0.5366674200562839,0.20133647289527046,4.531656489863195e-16,0.06766465601557645,parity_visibility,1.1102230246251565e-16,0.09697130636093053,
Type4,14,random_uniform_00,random,0.21289562100831264,0.022746266950347295,0.5266044893509967,0.23775362269034334,0.2,0.1779247315561863,0.12280990075849628,0.4854207767017543,0.21384459098356293,5.093949545690334e-16,0.03575515684680716,parity_visibility,2.220446049250313e-16,0.12280990075849628,
Type4,14,random_uniform_00,random,0.21289562100831264,0.022746266950347295,0.5266044893509967,0.23775362269034334,0.3,0.20020696406976032,0.1658953273353125,0.40148348222995145,0.2324142263649755,1.2033561151991093e-15,0.00885683334846539,parity_visibility,2.220446049250313e-16,0.1658953273353125,
Type4,14,random_uniform_01,random,0.15750190750857576,0.11793177577668507,0.6508472577668338,0.07371905894790531,0.0,0.05303426240288353,0.02973353692520772,0.9056138504788451,0.011618350193063553,9.383107246492793e-17,0.4677514072014542,parity_visibility,0.0,0.011618350193063553,
Type4,14,random_uniform_01,random,0.15750190750857576,0.11793177577668507,0.6508472577668338,0.07371905894790531,0.0001,0.05308427616222322,0.02979070092262766,0.9054230924664879,0.01170193044866103,1.2919611564960173e-16,0.4672403616508522,parity_visibility,1.1102230246251565e-16,0.01170193044866103,
Type4,14,random_uniform_01,random,0.15750190750857576,0.11793177577668507,0.6508472577668338,0.07371905894790531,0.001,0.05353411960602647,0.03030484037017067,0.9037076557771275,0.012453384246674982,1.3855366218639748e-16,0.4626639341626543,parity_visibility,3.3306690738754696e-16,0.012453384246674982,
Type4,14,random_uniform_01,random,0.15750190750857576,0.11793177577668507,0.6508472577668338,0.07371905894790531,0.005,0.05552731283258731,0.03258257121544676,0.8961136651851541,0.015776450766811594,1.2194721490725456e-16,0.44281722387503153,parity_visibility,2.220446049250313e-16,0.015776450766811594,
Type4,14,random_uniform_01,random,0.15750190750857576,0.11793177577668507,0.6508472577668338,0.07371905894790531,0.01,0.058004752791353066,0.03541287754349471,0.8866904546096835,0.019891915055468477,1.2512113487017856e-16,0.41910707189046875,parity_visibility,2.220446049250313e-16,0.019891915055468477,
Type4,14,random_uniform_01,random,0.15750190750857576,0.11793177577668507,0.6508472577668338,0.07371905894790531,0.02,0.06291265842597417,0.04101716974773653,0.8680749763804343,0.027995195445854666,1.1798086744725904e-16,0.3751413725696543,parity_visibility,3.3306690738754696e-16,0.027995195445854666,
Type4,14,random_uniform_01,random,0.15750190750857576,0.11793177577668507,0.6508472577668338,0.07371905894790531,0.05,0.07725803739567813,0.05737707409412502,0.8140759710352801,0.05128891747491678,1.637165549257616e-16,0.26734840429363493,parity_visibility,0.0,0.05128891747491678,
Type4,14,random_uniform_01,random,0.15750190750857576,0.11793177577668507,0.6508472577668338,0.07371905894790531,0.1,0.0998893893192425,0.08311838218003564,0.730228691462957,0.08676353703776477,1.3776659626577615e-16,0.14866903902899226,parity_visibility,1.1102230246251565e-16,0.08311838218003564,
Type4,14,random_uniform_01,random,0.15750190750857576,0.11793177577668507,0.6508472577668338,0.07371905894790531,0.15,0.12089571373717653,0.10692821100671092,0.6540385914258161,0.11813748383029624,1.6935103067798576e-16,0.08019194386438966,parity_visibility,2.220446049250313e-16,0.10692821100671092,
Type4,14,random_uniform_01,random,0.15750190750857576,0.11793177577668507,0.6508472577668338,0.07371905894790531,0.2,0.1402484091007375,0.12878293134507438,0.5854363980508913,0.14553226150329654,2.9278298030676365e-16,0.041807308361411555,parity_visibility,2.220446049250313e-16,0.12878293134507438,
Type4,14,random_uniform_01,random,0.15750190750857576,0.11793177577668507,0.6508472577668338,0.07371905894790531,0.3,0.1739099902009848,0.1665737118486612,0.47049625264720774,0.18902004530314612,1.4298358016846357e-15,0.010075840990497215,parity_visibility,2.220446049250313e-16,0.1665737118486612,
Type4,14,random_uniform_02,random,0.495304219911838,0.09495084456538193,0.01807360096746043,0.39167133455531966,0.0,0.601179334018671,0.022093150490358388,0.0008004779364378545,0.37592703755453255,2.609780991846793e-16,0.4080750225104296,parity_visibility,2.220446049250313e-16,0.0008004779364378545,
Type4,14,random_uniform_02,random,0.495304219911838,0.09495084456538193,0.01807360096746043,0.39167133455531966,0.0001,0.6010691614424841,0.022169730516111565,0.0008777624973867951,0.3758833455440175,2.658862773463782e-16,0.4076355492481685,parity_visibility,0.0,0.0008777624973867951,
Type4,14,random_uniform_02,random,0.495304219911838,0.09495084456538193,0.01807360096746043,0.39167133455531966,0.001,0.6000785306312089,0.022858250418236165,0.0015726869373693959,0.3754905320131854,2.6560467737729694e-16,0.40369974054584445,parity_visibility,1.1102230246251565e-16,0.0015726869373693959,
Type4,14,random_uniform_02,random,0.495304219911838,0.09495084456538193,0.01807360096746043,0.39167133455531966,0.005,0.5956958052470828,0.02590309755977066,0.004647381719151383,0.37375371547399516,2.922526102081817e-16,0.3866245790157668,parity_visibility,1.1102230246251565e-16,0.004647381719151383,
Type4,14,random_uniform_02,random,0.495304219911838,0.09495084456538193,0.01807360096746043,0.39167133455531966,0.01,0.5902634547015533,0.02967421110682422,0.008458958769829465,0.3716033754217928,3.0594445293973437e-16,0.36621082730163246,parity_visibility,2.220446049250313e-16,0.008458958769829465,
Type4,14,random_uniform_02,random,0.495304219911838,0.09495084456538193,0.01807360096746043,0.39167133455531966,0.02,0.5795519984660286,0.03710026414727612,0.01597631395803106,0.367371423428664,2.772247986465789e-16,0.3283123154905758,parity_visibility,3.3306690738754696e-16,0.01597631395803106,
Type4,14,random_uniform_02,random,0.495304219911838,0.09495084456538193,0.01807360096746043,0.39167133455531966,0.05,0.5486379555009842,0.058455254622540725,0.03768553326653362,0.35522125660994136,2.5047330846945607e-16,0.23510166783060366,parity_visibility,2.220446049250313e-16,0.03768553326653362,
Type4,14,random_uniform_02,random,0.495304219911838,0.09495084456538193,0.01807360096746043,0.39167133455531966,0.1,0.5011392061881287,0.09101574192333037,0.0710854728903301,0.33675957899821046,2.0503790016808512e-16,0.13181466536184433,parity_visibility,4.440892098500626e-16,0.0710854728903301,
Type4,14,random_uniform_02,random,0.495304219911838,0.09495084456538193,0.01807360096746043,0.39167133455531966,0.15,0.4585776873355803,0.11988329763248073,0.10106799435159763,0.3204710206803412,2.2333375590247106e-16,0.07170347004640408,parity_visibility,0.0,0.10106799435159763,
Type4,14,random_uniform_02,random,0.495304219911838,0.09495084456538193,0.01807360096746043,0.39167133455531966,0.2,0.42082008820251277,0.145188991942527,0.12771984966012062,0.30627107019483946,1.880779453705542e-16,0.03770637843194821,parity_visibility,2.220446049250313e-16,0.12771984966012062,
Type4,14,random_uniform_02,random,0.495304219911838,0.09495084456538193,0.01807360096746043,0.39167133455531966,0.3,0.3590287933120204,0.18575957555892722,0.17148473428832378,0.28372689684072827,1.5097764410784122e-15,0.009249843010871363,parity_visibility,3.3306690738754696e-16,0.17148473428832378,
Type4,14,random_uniform_03,random,0.2571455572799487,0.05393652554194086,0.5631268254123345,0.12579109176577602,0.0,0.16450016824581826,0.007237260905639252,0.7888977690941925,0.039364801754349796,8.61699781512074e-17,0.4019682066829514,parity_visibility,2.220446049250313e-16,0.007237260905639252,
Type4,14,random_uniform_03,random,0.2571455572799487,0.05393652554194086,0.5631268254123345,0.12579109176577602,0.0001,0.16451969592821142,0.0073077977958095255,0.7887311789545253,0.03944132732145355,1.2891775522357791e-16,0.40153605757052824,parity_visibility,2.220446049250313e-16,0.0073077977958095255,
Type4,14,random_uniform_03,random,0.2571455572799487,0.05393652554194086,0.5631268254123345,0.12579109176577602,0.001,0.1646953668897771,0.007942103131762237,0.7872332389159263,0.0401292910625342,1.3481101251271072e-16,0.39766580479893276,parity_visibility,2.220446049250313e-16,0.007942103131762237,
Type4,14,random_uniform_03,random,0.2571455572799487,0.05393652554194086,0.5631268254123345,0.12579109176577602,0.005,0.1654744198508309,0.0107497697134645,0.7806055771073183,0.04317023332838608,1.3126171981574157e-16,0.38087426195498764,parity_visibility,2.220446049250313e-16,0.0107497697134645,
Type4,14,random_uniform_03,random,0.2571455572799487,0.05393652554194086,0.5631268254123345,0.12579109176577602,0.01,0.16644429774124858,0.014233030290748174,0.7723894734841782,0.046933198483824774,1.171737557406442e-16,0.3607978381377992,parity_visibility,2.220446049250313e-16,0.014233030290748174,
Type4,14,random_uniform_03,random,0.2571455572799487,0.05393652554194086,0.5631268254123345,0.12579109176577602,0.02,0.16837080101578672,0.021111861490462562,0.756185126156756,0.05433221133699456,1.3885441349458247e-16,0.3235201949819852,parity_visibility,0.0,0.021111861490462562,
Type4,14,random_uniform_03,random,0.2571455572799487,0.05393652554194086,0.5631268254123345,0.12579109176577602,0.05,0.17404191977840514,0.04104802750839213,0.7093870620069117,0.07552299070629095,1.0499755499707006e-16,0.231801788294728,parity_visibility,1.1102230246251565e-16,0.04104802750839213,
Type4,14,random_uniform_03,random,0.2571455572799487,0.05393652554194086,0.5631268254123345,0.12579109176577602,0.1,0.18311664676719033,0.0719512840302232,0.6373794385529733,0.10755263064961303,1.086045856553827e-16,0.13008992019831483,parity_visibility,1.1102230246251565e-16,0.0719512840302232,
Type4,14,random_uniform_03,random,0.2571455572799487,0.05393652554194086,0.5631268254123345,0.12579109176577602,0.15,0.19169152658530567,0.09997742119498305,0.572725473661342,0.1356055785583691,2.161810100629283e-16,0.07083482583259662,parity_visibility,2.220446049250313e-16,0.09997742119498305,
Type4,14,random_uniform_03,random,0.2571455572799487,0.05393652554194086,0.5631268254123345,0.12579109176577602,0.2,0.1997345316382261,0.12517148816455692,0.5152349782388045,0.1598590019584122,3.3481678284531264e-16,0.03728672124376075,parity_visibility,3.3306690738754696e-16,0.12517148816455692,
Type4,14,random_uniform_03,random,0.2571455572799487,0.05393652554194086,0.5631268254123345,0.12579109176577602,0.3,0.21410623196031006,0.16732807757541485,0.42075785690462564,0.1978078335596492,2.2918303416338074e-15,0.009165316819119647,parity_visibility,2.220446049250313e-16,0.16732807757541485,
Type4,14,random_uniform_04,random,0.025333120618940608,0.045232683751455866,0.8998971691396371,0.029537026489966478,0.0,0.0007890172560388727,0.002515439242055731,0.9956229314693515,0.001072612032553712,9.2221264689366e-17,0.8133751136390541,parity_visibility,1.1102230246251565e-16,0.0007890172560388727,
Type4,14,random_uniform_04,random,0.025333120618940608,0.045232683751455866,0.8998971691396371,0.029537026489966478,0.0001,0.0008417594295488618,0.002567730033215807,0.9954403997114918,0.0011501108257433886,1.5433680897354205e-16,0.8124495476763534,parity_visibility,2.220446049250313e-16,0.0008417594295488618,
Type4,14,random_uniform_04,random,0.025333120618940608,0.045232683751455866,0.8998971691396371,0.029537026489966478,0.001,0.0013162414188325243,0.0030381522000981725,0.9937985644528236,0.0018470419282455358,1.527454042698097e-16,0.8041628914212231,parity_visibility,1.1102230246251565e-16,0.0013162414188325243,
Type4,14,random_uniform_04,random,0.025333120618940608,0.045232683751455866,0.8998971691396371,0.029537026489966478,0.005,0.003420743139191231,0.005124667320531835,0.9865222315162214,0.0049323580240551715,1.4831049101069125e-16,0.7682643884669547,parity_visibility,4.440892098500626e-16,0.003420743139191231,
Type4,14,random_uniform_04,random,0.025333120618940608,0.045232683751455866,0.8998971691396371,0.029537026489966478,0.01,0.006041461170928408,0.007723033208820508,0.9774744225546381,0.008761083065612586,1.3672039921956848e-16,0.725462696583214,parity_visibility,3.3306690738754696e-16,0.006041461170928408,
Type4,14,random_uniform_04,random,0.025333120618940608,0.045232683751455866,0.8998971691396371,0.029537026489966478,0.02,0.011249734795830298,0.012887040290546815,0.959537835030207,0.016325389883415812,1.3410768950295614e-16,0.6463580751304459,parity_visibility,1.1102230246251565e-16,0.011249734795830298,
Type4,14,random_uniform_04,random,0.025333120618940608,0.045232683751455866,0.8998971691396371,0.029537026489966478,0.05,0.026606656538008106,0.028114678170553926,0.9070068883515832,0.038271776939854715,1.2865301939145858e-16,0.45410966060254193,parity_visibility,1.1102230246251565e-16,0.026606656538008106,
Type4,14,random_uniform_04,random,0.025333120618940608,0.045232683751455866,0.8998971691396371,0.029537026489966478,0.1,0.05128987515723904,0.052594236326829864,0.8237635447382037,0.07235234377772726,1.1910394672441916e-16,0.24628338223500892,parity_visibility,1.1102230246251565e-16,0.05128987515723904,
Type4,14,random_uniform_04,random,0.025333120618940608,0.045232683751455866,0.8998971691396371,0.029537026489966478,0.15,0.07479610796371122,0.07591174445233437,0.7459917920237704,0.10330035556018378,1.1411800832335585e-16,0.12935406717599035,parity_visibility,2.220446049250313e-16,0.07479610796371122,
Type4,14,random_uniform_04,random,0.025333120618940608,0.045232683751455866,0.8998971691396371,0.029537026489966478,0.2,0.09707624560844358,0.09801828570021431,0.6737960912367921,0.13110937745454967,1.9554395792464136e-16,0.0655583886153604,parity_visibility,3.3306690738754696e-16,0.09707624560844358,
Type4,14,random_uniform_04,random,0.025333120618940608,0.045232683751455866,0.8998971691396371,0.029537026489966478,0.3,0.13772698342717338,0.13836789753558054,0.5465601862780979,0.1773449327591481,7.370014296319802e-16,0.014859717974774204,parity_visibility,1.1102230246251565e-16,0.13772698342717338,
Type4,14,random_uniform_05,random,0.14222440328151145,0.7001165618179372,0.12328917912207109,0.03436985577848019,0.0,0.03839946330621649,0.9305026547897746,0.028855382515104534,0.002242499388904384,3.789131005681145e-16,0.5267724896953789,parity_visibility,0.0,0.002242499388904384,
Type4,14,random_uniform_05,random,0.14222440328151145,0.7001165618179372,0.12328917912207109,0.03436985577848019,0.0001,0.03847358327794194,0.9303136989884025,0.028908876441722364,0.0023038412919330078,3.9101927241660594e-16,0.526190657786717,parity_visibility,1.1102230246251565e-16,0.0023038412919330078,
Type4,14,random_uniform_05,random,0.14222440328151145,0.7001165618179372,0.12328917912207109,0.03436985577848019,0.001,0.039140005023612714,0.9286143461077261,0.029390054564770954,0.0028555943038901985,3.825022056269818e-16,0.5209806461026272,parity_visibility,1.1102230246251565e-16,0.0028555943038901985,
Type4,14,random_uniform_05,random,0.14222440328151145,0.7001165618179372,0.12328917912207109,0.03436985577848019,0.005,0.04208755368121665,0.9210888822083433,0.03152279872189338,0.0053007653885463885,4.149479100807793e-16,0.49839282124008605,parity_visibility,3.3306690738754696e-16,0.0053007653885463885,
Type4,14,random_uniform_05,random,0.14222440328151145,0.7001165618179372,0.12328917912207109,0.03436985577848019,0.01,0.04573911736696352,0.9117445726186151,0.03417532769938386,0.008340982315037338,4.1109313171805363e-16,0.4714224665253932,parity_visibility,2.220446049250313e-16,0.008340982315037338,
Type4,14,random_uniform_05,random,0.14222440328151145,0.7001165618179372,0.12328917912207109,0.03436985577848019,0.02,0.05293279601143756,0.8932645770088837,0.03943554253890594,0.014367084440772592,3.971057159646987e-16,0.4214562030555681,parity_visibility,2.220446049250313e-16,0.014367084440772592,
Type4,14,random_uniform_05,random,0.14222440328151145,0.7001165618179372,0.12328917912207109,0.03436985577848019,0.05,0.07364088913321575,0.8394975528332903,0.054854151378287946,0.03200740665520581,3.476252726964576e-16,0.2992410416039959,parity_visibility,1.1102230246251565e-16,0.03200740665520581,
Type4,14,random_uniform_05,random,0.14222440328151145,0.7001165618179372,0.12328917912207109,0.03436985577848019,0.1,0.10526609753496702,0.7554852368659454,0.07932287783706189,0.059925787762025715,3.0160524141348664e-16,0.16533833600035835,parity_visibility,0.0,0.059925787762025715,
Type4,14,random_uniform_05,random,0.14222440328151145,0.7001165618179372,0.12328917912207109,0.03436985577848019,0.15,0.13333137331886388,0.6785016041940763,0.10221516673847209,0.08595185574858753,2.9133471729836334e-16,0.0885872063464044,parity_visibility,1.1102230246251565e-16,0.08595185574858753,
Type4,14,random_uniform_05,random,0.14222440328151145,0.7001165618179372,0.12328917912207109,0.03436985577848019,0.2,0.1579145035987818,0.6085584945625288,0.12348522099474224,0.11004178084394697,2.327072259261473e-16,0.045863206266786444,parity_visibility,2.220446049250313e-16,0.11004178084394697,
Type4,14,random_uniform_05,random,0.14222440328151145,0.7001165618179372,0.12328917912207109,0.03436985577848019,0.3,0.19707559256456547,0.48967433542228833,0.1609893832148798,0.1522606887982662,1.6139393681511637e-15,0.010892768744209573,parity_visibility,2.220446049250313e-16,0.1522606887982662,
Type4,14,random_uniform_06,random,0.7509801775291748,0.16568343911692798,0.046891222684258195,0.0364451606696389,0.0,0.9479316299843915,0.0461400720827472,0.003695755070522553,0.00223254286233848,3.946858865961482e-16,0.5949492655404236,parity_visibility,3.3306690738754696e-16,0.00223254286233848,
Type4,14,random_uniform_06,random,0.7509801775291748,0.16568343911692798,0.046891222684258195,0.0364451606696389,0.0001,0.9477457533010916,0.0462103217998397,0.0037533607632161013,0.002290564135852764,3.9554324180303545e-16,0.5942856664824241,parity_visibility,2.220446049250313e-16,0.002290564135852764,
Type4,14,random_uniform_06,random,0.7509801775291748,0.16568343911692798,0.046891222684258195,0.0364451606696389,0.001,0.9460739944028551,0.046841974519623214,0.0042715451390072075,0.002812485938514143,4.031464330140121e-16,0.58834378533954,parity_visibility,3.3306690738754696e-16,0.002812485938514143,
Type4,14,random_uniform_06,random,0.7509801775291748,0.16568343911692798,0.046891222684258195,0.0364451606696389,0.005,0.9386686021571994,0.0496363692081422,0.006568769027091006,0.0051262596075673985,3.904930019812898e-16,0.5625896282776692,parity_visibility,0.0,0.0051262596075673985,
Type4,14,random_uniform_06,random,0.7509801775291748,0.16568343911692798,0.046891222684258195,0.0364451606696389,0.01,0.9294685006666565,0.05309963475809952,0.00942691345185777,0.008004951123386202,4.0848916607742406e-16,0.5318533292368226,parity_visibility,0.0,0.008004951123386202,
Type4,14,random_uniform_06,random,0.7509801775291748,0.16568343911692798,0.046891222684258195,0.0364451606696389,0.02,0.9112574161463217,0.05992711576192804,0.015098401904652755,0.013717066187097315,4.0845499308421234e-16,0.47495565923149363,parity_visibility,2.220446049250313e-16,0.013717066187097315,
Type4,14,random_uniform_06,random,0.7509801775291748,0.16568343911692798,0.046891222684258195,0.0364451606696389,0.05,0.8581431383692824,0.07961816825776155,0.03175094898451572,0.030487744388440343,3.330774917315618e-16,0.33608105017618006,parity_visibility,0.0,0.030487744388440343,
Type4,14,random_uniform_06,random,0.7509801775291748,0.16568343911692798,0.046891222684258195,0.0364451606696389,0.1,0.7747213657612897,0.10980825933532788,0.05827461863519434,0.05719575626818797,3.270930268783174e-16,0.18459347120104344,parity_visibility,1.1102230246251565e-16,0.05719575626818797,
Type4,14,random_uniform_06,random,0.7509801775291748,0.16568343911692798,0.046891222684258195,0.0364451606696389,0.15,0.6977416792150919,0.13673925137115783,0.08321466516027617,0.08230440425347393,2.9891798883264166e-16,0.09828479073848256,parity_visibility,1.1102230246251565e-16,0.08230440425347393,
Type4,14,random_uniform_06,random,0.7509801775291748,0.16568343911692798,0.046891222684258195,0.0364451606696389,0.2,0.627266606067485,0.16045725708084874,0.10651678185043048,0.10575935500123591,2.592480613775228e-16,0.050548278628405455,parity_visibility,0.0,0.10575935500123591,
Type4,14,random_uniform_06,random,0.7509801775291748,0.16568343911692798,0.046891222684258195,0.0364451606696389,0.3,0.5059738153975587,0.19854952577664792,0.14798773681182614,0.1474889220139672,1.1898123045273146e-15,0.011836423079119023,parity_visibility,0.0,0.1474889220139672,
Type4,14,random_uniform_07,random,0.15521109398199295,0.21385913283937732,0.5082028059328944,0.12272696724573535,0.0,0.07020226470939263,0.13327884045124616,0.7526268709107325,0.04389202392862863,1.7377161812249538e-16,0.3431582128413001,parity_visibility,0.0,0.04389202392862863,
Type4,14,random_uniform_07,random,0.15521109398199295,0.21385913283937732,0.5082028059328944,0.12272696724573535,0.0001,0.0702570036790844,0.13331177593830187,0.7524605406035255,0.04397067977908811,1.635526020115496e-16,0.3427965969198262,parity_visibility,1.1102230246251565e-16,0.04397067977908811,
Type4,14,random_uniform_07,random,0.15521109398199295,0.21385913283937732,0.5082028059328944,0.12272696724573535,0.001,0.07074919515621028,0.13360795465842995,0.7509651458267924,0.04467770435856729,1.296354013798837e-16,0.33955766233292206,parity_visibility,0.0,0.04467770435856729,
Type4,14,random_uniform_07,random,0.15521109398199295,0.21385913283937732,0.5082028059328944,0.12272696724573535,0.005,0.07292671839535583,0.13491906440217472,0.744353274075221,0.04780094312724834,1.2069989123583747e-16,0.3254974304791949,parity_visibility,1.1102230246251565e-16,0.04780094312724834,
Type4,14,random_uniform_07,random,0.15521109398199295,0.21385913283937732,0.5082028059328944,0.12272696724573535,0.01,0.07562570821801858,0.13654592534518725,0.7361670738987914,0.05166129253800251,1.3691230581490162e-16,0.30866954929084095,parity_visibility,1.1102230246251565e-16,0.05166129253800251,
Type4,14,random_uniform_07,random,0.15521109398199295,0.21385913283937732,0.5082028059328944,0.12272696724573535,0.02,0.08094751710068208,0.1397595916212405,0.7200556835042642,0.05923720777381306,1.1648009614472378e-16,0.27737100929170094,parity_visibility,2.220446049250313e-16,0.05923720777381306,
Type4,14,random_uniform_07,random,0.15521109398199295,0.21385913283937732,0.5082028059328944,0.12272696724573535,0.05,0.09630774987681887,0.1490808463004484,0.6737876524506952,0.08082375137203733,1.2507313553862763e-16,0.20002321486701427,parity_visibility,2.220446049250313e-16,0.08082375137203733,
Type4,14,random_uniform_07,random,0.15521109398199295,0.21385913283937732,0.5082028059328944,0.12272696724573535,0.1,0.11992119972965154,0.16355644174818737,0.6034061971326963,0.11311616138946469,1.5827111619539187e-16,0.11348024089716678,parity_visibility,1.1102230246251565e-16,0.11311616138946469,
Type4,14,random_uniform_07,random,0.15521109398199295,0.21385913283937732,0.5082028059328944,0.12272696724573535,0.15,0.1411128399958606,0.176721761273802,0.5411354374561309,0.14102996127420622,2.268559676702061e-16,0.06246958897139268,parity_visibility,3.3306690738754696e-16,0.14102996127420622,
Type4,14,random_uniform_07,random,0.15521109398199295,0.21385913283937732,0.5082028059328944,0.12272696724573535,0.2,0.15996479601885072,0.1885994332585833,0.4865887395873143,0.1648470311352517,5.340511379083047e-16,0.03324532924011514,parity_visibility,0.0,0.15996479601885072,
Type4,14,random_uniform_07,random,0.15521109398199295,0.21385913283937732,0.5082028059328944,0.12272696724573535,0.3,0.19103945287153373,0.20861789645172388,0.3989279190061767,0.2014147316705655,1.7104918184783646e-15,0.008351310804068326,parity_visibility,2.220446049250313e-16,0.19103945287153373,
Type4,14,random_uniform_08,random,0.16057994392007155,0.24199558313695427,0.30552928416768876,0.29189518877528553,0.0,0.09808308638214668,0.22275445488487142,0.35507263626217883,0.3240898224708028,8.954172536845655e-17,0.26289872536134756,parity_visibility,2.220446049250313e-16,0.09808308638214668,
Type4,14,random_uniform_08,random,0.16057994392007155,0.24199558313695427,0.30552928416768876,0.29189518877528553,0.0001,0.09813787621307135,0.22276060647190665,0.3550361218654153,0.3240653954496065,9.473745761373728e-17,0.26263336787124114,parity_visibility,2.220446049250313e-16,0.09813787621307135,
Type4,14,random_uniform_08,random,0.16057994392007155,0.24199558313695427,0.30552928416768876,0.29189518877528553,0.001,0.09863034074885177,0.22281595116972677,0.3547079016398803,0.32384580644154104,1.0350860276859559e-16,0.2602560091939775,parity_visibility,1.1102230246251565e-16,0.09863034074885177,
Type4,14,random_uniform_08,random,0.16057994392007155,0.24199558313695427,0.30552928416768876,0.29189518877528553,0.005,0.10080508522415728,0.22306149809228426,0.35325803783541493,0.3228753788481433,8.501491025214148e-17,0.24992326659681263,parity_visibility,2.220446049250313e-16,0.10080508522415728,
Type4,14,random_uniform_08,random,0.16057994392007155,0.24199558313695427,0.30552928416768876,0.29189518877528553,0.01,0.1034915706052468,0.22336743212719037,0.35146602573122393,0.32167497153633884,1.5325978424194686e-16,0.2375287537769209,parity_visibility,1.1102230246251565e-16,0.1034915706052468,
Type4,14,random_uniform_08,random,0.16057994392007155,0.24199558313695427,0.30552928416768876,0.29189518877528553,0.02,0.10875912572535454,0.22397588270672303,0.3479490921688076,0.31931589939911453,1.2718160552461472e-16,0.21439004722779834,parity_visibility,2.220446049250313e-16,0.10875912572535454,
Type4,14,random_uniform_08,random,0.16057994392007155,0.24199558313695427,0.30552928416768876,0.29189518877528553,0.05,0.12373861150768423,0.22577231786097346,0.3379230330427527,0.3125660375885894,8.346133892143458e-17,0.15665419117658874,parity_visibility,2.220446049250313e-16,0.12373861150768423,
Type4,14,random_uniform_08,random,0.16057994392007155,0.24199558313695427,0.30552928416768876,0.29189518877528553,0.1,0.1460934540591033,0.22866002954426712,0.32288281042899586,0.30236370596763334,1.6492567695976334e-16,0.0908125910500012,parity_visibility,4.440892098500626e-16,0.1460934540591033,
Type4,14,random_uniform_08,random,0.16057994392007155,0.24199558313695427,0.30552928416768876,0.29189518877528553,0.15,0.16542081081647453,0.23139833593999062,0.3097886576986687,0.29339219554486595,1.9730991722544792e-16,0.051053338445395655,parity_visibility,2.220446049250313e-16,0.16542081081647453,
Type4,14,random_uniform_08,random,0.16057994392007155,0.24199558313695427,0.30552928416768876,0.29189518877528553,0.2,0.18198696917912166,0.2339705398031424,0.2984806166868609,0.28556187433087493,1.4800676443951273e-16,0.027729939257393213,parity_visibility,2.220446049250313e-16,0.18198696917912166,
Type4,14,random_uniform_08,random,0.16057994392007155,0.24199558313695427,0.30552928416768876,0.29189518877528553,0.3,0.20786138669490248,0.2385632148648104,0.28060264501189636,0.2729727534283906,2.391278614738683e-15,0.007240416187253261,parity_visibility,2.220446049250313e-16,0.20786138669490248,
Type4,14,random_uniform_09,random,0.03401246197781031,0.7774215637551664,0.0868108181804995,0.10175515608652375,0.0,0.0018556133588604883,0.9694479960855932,0.012088128016280869,0.0166082625392654,4.1306583157496966e-16,0.6234313653046801,parity_visibility,0.0,0.0018556133588604883,
Type4,14,random_uniform_09,random,0.03401246197781031,0.7774215637551664,0.0868108181804995,0.10175515608652375,0.0001,0.001936919130563862,0.9692582010029817,0.012143005899296877,0.016661873967157605,4.492021080295833e-16,0.6227336065188849,parity_visibility,1.1102230246251565e-16,0.001936919130563862,
Type4,14,random_uniform_09,random,0.03401246197781031,0.7774215637551664,0.0868108181804995,0.10175515608652375,0.001,0.0026680234434695257,0.967551177933219,0.012636660167407466,0.017144138455903887,4.526783126423443e-16,0.616485973473224,parity_visibility,1.1102230246251565e-16,0.0026680234434695257,
Type4,14,random_uniform_09,random,0.03401246197781031,0.7774215637551664,0.0868108181804995,0.10175515608652375,0.005,0.005903271687173709,0.9599890876219269,0.014825301233742925,0.019282339457156187,4.756144792518134e-16,0.5894090230045037,parity_visibility,2.220446049250313e-16,0.005903271687173709,
Type4,14,random_uniform_09,random,0.03401246197781031,0.7774215637551664,0.0868108181804995,0.10175515608652375,0.01,0.009914948849451861,0.9505931889102851,0.01754872893880739,0.021943133301455375,4.2479680262449177e-16,0.5570994315825692,parity_visibility,2.220446049250313e-16,0.009914948849451861,
Type4,14,random_uniform_09,random,0.03401246197781031,0.7774215637551664,0.0868108181804995,0.10175515608652375,0.02,0.017830357137969242,0.9319907801465568,0.022954168533559447,0.02722469418191432,4.2153283306644325e-16,0.4973060392435886,parity_visibility,2.220446049250313e-16,0.017830357137969242,
Type4,14,random_uniform_09,random,0.03401246197781031,0.7774215637551664,0.0868108181804995,0.10175515608652375,0.05,0.040713151841068405,0.8777050901579204,0.03883586352943286,0.042745894471578214,3.9086728647357977e-16,0.3514716401016098,parity_visibility,2.220446049250313e-16,0.03883586352943286,
Type4,14,random_uniform_09,random,0.03401246197781031,0.7774215637551664,0.0868108181804995,0.10175515608652375,0.1,0.07597658464413576,0.7923426958606251,0.06416709771692813,0.067513621778311,3.020168833796669e-16,0.192637657435468,parity_visibility,0.0,0.06416709771692813,
Type4,14,random_uniform_09,random,0.03401246197781031,0.7774215637551664,0.0868108181804995,0.10175515608652375,0.15,0.1076614372176479,0.7134443788150826,0.08803212611751587,0.09086205784975342,2.6092568562832403e-16,0.10233613465587815,parity_visibility,2.220446049250313e-16,0.08803212611751587,
Type4,14,random_uniform_09,random,0.03401246197781031,0.7774215637551664,0.0868108181804995,0.10175515608652375,0.2,0.13579950137457678,0.641083639133132,0.11037820534805619,0.11273865414423477,4.0697646888890534e-16,0.05250555362054771,parity_visibility,2.220446049250313e-16,0.11037820534805619,
Type4,14,random_uniform_09,random,0.03401246197781031,0.7774215637551664,0.0868108181804995,0.10175515608652375,0.3,0.1816713120974585,0.516177410436013,0.15029431149762185,0.15185696596890655,8.665921218398659e-16,0.012230652002043547,parity_visibility,2.220446049250313e-16,0.15029431149762185,
Type4,14,random_uniform_10,random,0.3246978583097811,0.5923065763644233,0.060802427122963236,0.022193138202832478,0.0,0.22897119508309116,0.7619300672793381,0.00802904393748659,0.0010696937000840496,2.094688462341624e-16,0.46044525012283616,parity_visibility,1.1102230246251565e-16,0.0010696937000840496,
Type4,14,random_uniform_10,random,0.3246978583097811,0.5923065763644233,0.060802427122963236,0.022193138202832478,0.0001,0.22898995377270226,0.7617843744087225,0.008091437327873874,0.0011342344907013238,2.512310133624235e-16,0.4599429671402716,parity_visibility,1.1102230246251565e-16,0.0011342344907013238,
Type4,14,random_uniform_10,random,0.3246978583097811,0.5923065763644233,0.060802427122963236,0.022193138202832478,0.001,0.22915850014554479,0.7604741623972928,0.008652615370739502,0.0017147220864227382,2.4389218099333824e-16,0.4554449703663562,parity_visibility,2.220446049250313e-16,0.0017147220864227382,
Type4,14,random_uniform_10,random,0.3246978583097811,0.5923065763644233,0.060802427122963236,0.022193138202832478,0.005,0.22990146532958883,0.7546732970218756,0.011138840960715312,0.004286396687820059,2.2768799860727216e-16,0.4359375797389059,parity_visibility,2.220446049250313e-16,0.004286396687820059,
Type4,14,random_uniform_10,random,0.3246978583097811,0.5923065763644233,0.060802427122963236,0.022193138202832478,0.01,0.2308161345335982,0.7474734231693839,0.014228463636720345,0.007481978660297549,2.6125415850471735e-16,0.41263100478559994,parity_visibility,0.0,0.007481978660297549,
Type4,14,random_uniform_10,random,0.3246978583097811,0.5923065763644233,0.060802427122963236,0.022193138202832478,0.02,0.23259891816698938,0.7332444318547768,0.020347027000005426,0.013809622978228167,2.304713882961775e-16,0.3694081089238292,parity_visibility,1.1102230246251565e-16,0.013809622978228167,
Type4,14,random_uniform_10,random,0.3246978583097811,0.5923065763644233,0.060802427122963236,0.022193138202832478,0.05,0.2375795043441466,0.6919244041458413,0.03821445221829233,0.03228163929171952,2.0813342667766587e-16,0.26340044861415585,parity_visibility,2.220446049250313e-16,0.03228163929171952,
Type4,14,random_uniform_10,random,0.3246978583097811,0.5923065763644233,0.060802427122963236,0.022193138202832478,0.1,0.24468842480974348,0.627615761574349,0.06634802979215224,0.06134778382375525,2.3740057963798844e-16,0.14660556447182077,parity_visibility,0.0,0.06134778382375525,
Type4,14,random_uniform_10,random,0.3246978583097811,0.5923065763644233,0.060802427122963236,0.022193138202832478,0.15,0.25037579772804086,0.5689942340828196,0.09239523587980496,0.08823473230933436,1.8371126752696317e-16,0.07915270324361412,parity_visibility,3.3306690738754696e-16,0.08823473230933436,
Type4,14,random_uniform_10,random,0.3246978583097811,0.5923065763644233,0.060802427122963236,0.022193138202832478,0.2,0.2547323148057018,0.5160245080969161,0.11632755872976634,0.1129156183676157,2.107326521685076e-16,0.041305233070018,parity_visibility,1.1102230246251565e-16,0.1129156183676157,
Type4,14,random_uniform_10,random,0.3246978583097811,0.5923065763644233,0.060802427122963236,0.022193138202832478,0.3,0.25988311480038545,0.4267398667545469,0.15777791277401154,0.1555991056710559,1.0367406325643644e-15,0.009974714372036366,parity_visibility,2.220446049250313e-16,0.1555991056710559,
Type4,14,random_uniform_11,random,0.1689635603435395,0.021867438428871556,0.4188657395472879,0.3903032616803011,0.0,0.0800104358857047,0.0013401590906113904,0.4917113246240028,0.4269380803996809,4.414162834857648e-17,0.35681201343218316,parity_visibility,2.220446049250313e-16,0.0013401590906113904,
Type4,14,random_uniform_11,random,0.1689635603435395,0.021867438428871556,0.4188657395472879,0.3903032616803011,0.0001,0.08005778445324495,0.0014142628818866218,0.4916395839756503,0.4268883686892179,8.757097977026079e-17,0.35643402195850543,parity_visibility,2.220446049250313e-16,0.0014142628818866218,
Type4,14,random_uniform_11,random,0.1689635603435395,0.021867438428871556,0.4188657395472879,0.3903032616803011,0.001,0.0804835871546,0.0020806032149593002,0.4909944890190951,0.4264413206113454,1.3023067781242624e-16,0.3530485154704652,parity_visibility,2.220446049250313e-16,0.0020806032149593002,
Type4,14,random_uniform_11,random,0.1689635603435395,0.021867438428871556,0.4188657395472879,0.3903032616803011,0.005,0.0823687611756046,0.00502919071762435,0.4881398270267554,0.42446222108001547,6.793815839342793e-17,0.3383541605166313,parity_visibility,2.220446049250313e-16,0.00502919071762435,
Type4,14,random_uniform_11,random,0.1689635603435395,0.021867438428871556,0.4188657395472879,0.3903032616803011,0.01,0.08470850996385447,0.008685279212037428,0.4846000036359874,0.42200620718812054,7.458476582873068e-17,0.3207720715760282,parity_visibility,2.220446049250313e-16,0.008685279212037428,
Type4,14,random_uniform_11,random,0.1689635603435395,0.021867438428871556,0.4188657395472879,0.3903032616803011,0.02,0.08933228833400299,0.01589882779770321,0.47761519532239155,0.4171536885459019,8.273231840280849e-17,0.28808537495790687,parity_visibility,4.440892098500626e-16,0.01589882779770321,
Type4,14,random_uniform_11,random,0.1689635603435395,0.021867438428871556,0.4188657395472879,0.3903032616803011,0.05,0.10275818831428261,0.03675431993876082,0.4574159185173675,0.4030715732295889,9.190116634201092e-17,0.20740118375123195,parity_visibility,2.220446049250313e-16,0.03675431993876082,
Type4,14,random_uniform_11,random,0.1689635603435395,0.021867438428871556,0.4188657395472879,0.3903032616803011,0.1,0.12365380980432279,0.06892547525171128,0.4262406695821075,0.38118004536185823,1.2842020264829112e-16,0.11733647746925388,parity_visibility,2.220446049250313e-16,0.06892547525171128,
Type4,14,random_uniform_11,random,0.1689635603435395,0.021867438428871556,0.4188657395472879,0.3903032616803011,0.15,0.14271049286646104,0.09792368130306082,0.39812054401053043,0.3612452818199475,9.832682415110505e-17,0.06441172955902683,parity_visibility,2.220446049250313e-16,0.09792368130306082,
Type4,14,random_uniform_11,random,0.1689635603435395,0.021867438428871556,0.4188657395472879,0.3903032616803011,0.2,0.15995055011710338,0.1238351838986126,0.37297494286660154,0.3432393231176823,3.6703263766105773e-16,0.0341836112721783,parity_visibility,2.220446049250313e-16,0.1238351838986126,
Type4,14,random_uniform_11,random,0.1689635603435395,0.021867438428871556,0.4188657395472879,0.3903032616803011,0.3,0.1891214894872244,0.16682945360408974,0.3312016125027219,0.31284744440596385,8.509532380411027e-16,0.008540296979431913,parity_visibility,0.0,0.16682945360408974,
Type4,14,random_uniform_12,random,0.2658791907038377,0.10404764663801176,0.2377695062573827,0.3923036564007679,0.0,0.24213303061785213,0.03708086571743775,0.1936411500895925,0.5271449535751175,1.1254973613932964e-16,0.2919541537515274,parity_visibility,1.1102230246251565e-16,0.03708086571743775,
Type4,14,random_uniform_12,random,0.2658791907038377,0.10404764663801176,0.2377695062573827,0.3923036564007679,0.0001,0.24213043277486052,0.037154385673053354,0.19366758931938757,0.5270475922326983,1.1510969189083337e-16,0.29165394891754454,parity_visibility,3.3306690738754696e-16,0.037154385673053354,
Type4,14,random_uniform_12,random,0.2658791907038377,0.10404764663801176,0.2377695062573827,0.3923036564007679,0.001,0.24210715293463247,0.03781528259585717,0.1939051649373168,0.5261723995321933,1.7231643289384658e-16,0.28896468372391393,parity_visibility,2.220446049250313e-16,0.03781528259585717,
Type4,14,random_uniform_12,random,0.2658791907038377,0.10404764663801176,0.2377695062573827,0.3923036564007679,0.005,0.242005871397052,0.0407355896856644,0.1949528593316125,0.522305679585671,2.144460028965571e-16,0.2772825206336736,parity_visibility,1.1102230246251565e-16,0.0407355896856644,
Type4,14,random_uniform_12,random,0.2658791907038377,0.10404764663801176,0.2377695062573827,0.3923036564007679,0.01,0.2418842410047122,0.04434706171258507,0.19624376077991237,0.5175249365027901,1.1934413388493005e-16,0.2632830459432075,parity_visibility,3.3306690738754696e-16,0.04434706171258507,
Type4,14,random_uniform_12,random,0.2658791907038377,0.10404764663801176,0.2377695062573827,0.3923036564007679,0.02,0.24165727250932761,0.05144124755169131,0.19876383910677956,0.5081376408322014,1.7189764333776123e-16,0.2371903278008514,parity_visibility,1.1102230246251565e-16,0.05144124755169131,
Type4,14,random_uniform_12,random,0.2658791907038377,0.10404764663801176,0.2377695062573827,0.3923036564007679,0.05,0.24110142142361266,0.07171185736308468,0.20584289132392744,0.4813438298893751,1.9701068147518303e-16,0.17235458500858175,parity_visibility,1.1102230246251565e-16,0.07171185736308468,
Type4,14,random_uniform_12,random,0.2658791907038377,0.10404764663801176,0.2377695062573827,0.3923036564007679,0.1,0.24055682555636512,0.1022457624379319,0.21612180131733832,0.44107561068836443,5.773686086873608e-17,0.09901870222249656,parity_visibility,2.220446049250313e-16,0.1022457624379319,
Type4,14,random_uniform_12,random,0.2658791907038377,0.10404764663801176,0.2377695062573827,0.3923036564007679,0.15,0.24042701521043644,0.1289428407787732,0.22465424864988345,0.40597589536090684,1.6722966387153343e-16,0.055186233633959025,parity_visibility,1.1102230246251565e-16,0.1289428407787732,
Type4,14,random_uniform_12,random,0.2658791907038377,0.10404764663801176,0.2377695062573827,0.3923036564007679,0.2,0.2406414232498564,0.15207004461103324,0.23161651725171173,0.37567201488739854,9.868633107115587e-16,0.029726613092706692,parity_visibility,1.1102230246251565e-16,0.15207004461103324,
Type4,14,random_uniform_12,random,0.2658791907038377,0.10404764663801176,0.2377695062573827,0.3923036564007679,0.3,0.24183286870625306,0.1887063273516443,0.24152699659272234,0.32793380734938,2.9477870222323015e-15,0.007642580716349774,parity_visibility,2.220446049250313e-16,0.1887063273516443,
Type4,14,random_uniform_13,random,0.1691905523346476,0.0193009801954885,0.454832197913982,0.35667626955588183,0.0,0.07883880071190008,0.0010259980208060645,0.5697576893687166,0.3503775118985771,1.367641012891172e-16,0.36308826035937325,parity_visibility,2.220446049250313e-16,0.0010259980208060645,
Type4,14,random_uniform_13,random,0.1691905523346476,0.0193009801954885,0.454832197913982,0.35667626955588183,0.0001,0.07888609612441472,0.0010995686159612002,0.5696602171243493,0.3503541181352746,8.019499889172164e-17,0.36270274153032545,parity_visibility,1.1102230246251565e-16,0.0010995686159612002,
Type4,14,random_uniform_13,random,0.1691905523346476,0.0193009801954885,0.454832197913982,0.35667626955588183,0.001,0.07931142730624825,0.00176112544242348,0.5687837737804438,0.3501436734708842,2.2893217434201265e-16,0.3592498602891536,parity_visibility,2.220446049250313e-16,0.00176112544242348,
Type4,14,random_uniform_13,random,0.1691905523346476,0.0193009801954885,0.454832197913982,0.35667626955588183,0.005,0.0811946548101918,0.0046887839758535735,0.5649060314955703,0.3492105297183841,7.080286686529314e-17,0.34426401776509985,parity_visibility,2.220446049250313e-16,0.0046887839758535735,
Type4,14,random_uniform_13,random,0.1691905523346476,0.0193009801954885,0.454832197913982,0.35667626955588183,0.01,0.08353231003634203,0.00831946571394171,0.5600991270635031,0.34804909718621296,1.5316218180499134e-16,0.32633524190344443,parity_visibility,2.220446049250313e-16,0.00831946571394171,
Type4,14,random_uniform_13,random,0.1691905523346476,0.0193009801954885,0.454832197913982,0.35667626955588183,0.02,0.08815301520812463,0.015484679415392392,0.5506192596020661,0.3457430457744166,7.593113722087031e-17,0.29301045088396227,parity_visibility,2.220446049250313e-16,0.015484679415392392,
Type4,14,random_uniform_13,random,0.1691905523346476,0.0193009801954885,0.454832197913982,0.35667626955588183,0.05,0.10157825922801728,0.03621430103008172,0.52324509155846,0.3389623481834408,5.856656592630016e-17,0.2107926170910007,parity_visibility,2.220446049250313e-16,0.03621430103008172,
Type4,14,random_uniform_13,random,0.1691905523346476,0.0193009801954885,0.454832197913982,0.35667626955588183,0.1,0.12249893905898844,0.06823472144695067,0.48112761075352073,0.3281387287405402,1.1042781631892053e-16,0.11910907497974049,parity_visibility,0.0,0.06823472144695067,
Type4,14,random_uniform_13,random,0.1691905523346476,0.0193009801954885,0.454832197913982,0.35667626955588183,0.15,0.14160887513051165,0.09714725437264154,0.4432979854299956,0.31794588506685095,3.770716438859536e-16,0.06530447395017085,parity_visibility,2.220446049250313e-16,0.09714725437264154,
Type4,14,random_uniform_13,random,0.1691905523346476,0.0193009801954885,0.454832197913982,0.35667626955588183,0.2,0.15892500134109855,0.1230278607907599,0.4096265596518512,0.3084205782162902,2.852889072402892e-16,0.0346149116768807,parity_visibility,1.1102230246251565e-16,0.1230278607907599,
Type4,14,random_uniform_13,random,0.1691905523346476,0.0193009801954885,0.454832197913982,0.35667626955588183,0.3,0.1882945760780573,0.16608360460113278,0.3541209685188143,0.29150085080199545,6.3891971654901525e-16,0.008627168315695478,parity_visibility,2.220446049250313e-16,0.16608360460113278,
Type4,14,random_uniform_14,random,0.17199931677888036,0.5483111474833887,0.13943975974374065,0.14024977599399022,0.0,0.08009849647498947,0.8140012490913753,0.05264342926587371,0.05325682516776132,2.8536304476991586e-16,0.3693423256907086,parity_visibility,2.220446049250313e-16,0.05264342926587371,
Type4,14,random_uniform_14,random,0.17199931677888036,0.5483111474833887,0.13943975974374065,0.14024977599399022,0.0001,0.08016532153382668,0.8138219667090191,0.05269976077592988,0.05331295098122437,3.6643665702080176e-16,0.3689493061095705,parity_visibility,0.0,0.05269976077592988,
Type4,14,random_uniform_14,random,0.17199931677888036,0.5483111474833887,0.13943975974374065,0.14024977599399022,0.001,0.08076600192355089,0.8122099977505918,0.05320632972641566,0.053817670599441564,3.4386471921188966e-16,0.3654292882320209,parity_visibility,1.1102230246251565e-16,0.05320632972641566,
Type4,14,random_uniform_14,random,0.17199931677888036,0.5483111474833887,0.13943975974374065,0.14024977599399022,0.005,0.0834194870957212,0.8050799116181167,0.055448718760891316,0.05605188252527069,3.3635183423282596e-16,0.3501529883170176,parity_visibility,1.1102230246251565e-16,0.055448718760891316,
Type4,14,random_uniform_14,random,0.17199931677888036,0.5483111474833887,0.13943975974374065,0.14024977599399022,0.01,0.0866992380099488,0.7962457570280675,0.058230982999757624,0.058824021962226,3.434544769174701e-16,0.33187875079986423,parity_visibility,0.0,0.058230982999757624,
Type4,14,random_uniform_14,random,0.17199931677888036,0.5483111474833887,0.13943975974374065,0.14024977599399022,0.02,0.093135707955839,0.7788382134352357,0.0637264842361815,0.06429959437274338,3.3317066280451276e-16,0.29791812054079103,parity_visibility,3.3306690738754696e-16,0.0637264842361815,
Type4,14,random_uniform_14,random,0.17199931677888036,0.5483111474833887,0.13943975974374065,0.14024977599399022,0.05,0.11147362591774296,0.7286868854031195,0.07966181092631386,0.08017767775282363,2.7584011603698284e-16,0.21417206438168884,parity_visibility,0.0,0.07966181092631386,
Type4,14,random_uniform_14,random,0.17199931677888036,0.5483111474833887,0.13943975974374065,0.14024977599399022,0.1,0.13888862841324323,0.6518973826312481,0.10439260812591959,0.10482138082958897,2.2565216434341897e-16,0.12087540775239139,parity_visibility,2.220446049250313e-16,0.10439260812591959,
Type4,14,random_uniform_14,random,0.17199931677888036,0.5483111474833887,0.13943975974374065,0.14024977599399022,0.15,0.16254455647263377,0.5833811687835382,0.12686126975700482,0.12721300498682306,2.865095972647048e-16,0.06619406319214435,parity_visibility,1.1102230246251565e-16,0.12686126975700482,
Type4,14,random_uniform_14,random,0.17199931677888036,0.5483111474833887,0.13943975974374065,0.14024977599399022,0.2,0.18266459999490522,0.5228418131793224,0.14710463335984147,0.14738895346593048,2.0038353431538876e-16,0.03504468777392278,parity_visibility,3.3306690738754696e-16,0.14710463335984147,
Type4,14,random_uniform_14,random,0.17199931677888036,0.5483111474833887,0.13943975974374065,0.14024977599399022,0.3,0.21329641521052614,0.42427381052434193,0.1811267196817592,0.18130305458337262,4.3704064559562605e-16,0.00871373263012034,parity_visibility,1.1102230246251565e-16,0.1811267196817592,
Type4,14,random_uniform_15,random,0.42129463203796985,0.039783634031408464,0.46128993462254153,0.07763179930808009,0.0,0.4460793264068343,0.003977856825107789,0.5347960635576989,0.015146753210358875,2.0986415251603406e-16,0.39788700456863185,parity_visibility,2.220446049250313e-16,0.003977856825107789,
Type4,14,random_uniform_15,random,0.42129463203796985,0.039783634031408464,0.46128993462254153,0.07763179930808009,0.0001,0.4460142284652379,0.004056721155855774,0.5347045732076544,0.01522447717125182,2.22222200285104e-16,0.3974597502060501,parity_visibility,1.1102230246251565e-16,0.004056721155855774,
Type4,14,random_uniform_15,random,0.42129463203796985,0.039783634031408464,0.46128993462254153,0.07763179930808009,0.001,0.44542893828317914,0.004765815382547996,0.5338819567208866,0.015923289613386207,2.2833259652657023e-16,0.3936333086464931,parity_visibility,1.1102230246251565e-16,0.004765815382547996,
Type4,14,random_uniform_15,random,0.42129463203796985,0.039783634031408464,0.46128993462254153,0.07763179930808009,0.005,0.4428405166046231,0.007902441621061395,0.5302432227822241,0.01901381899209121,2.54424952990501e-16,0.3770313089645173,parity_visibility,2.220446049250313e-16,0.007902441621061395,
Type4,14,random_uniform_15,random,0.42129463203796985,0.039783634031408464,0.46128993462254153,0.07763179930808009,0.01,0.4396344919919459,0.01178904679327469,0.5257345679641585,0.022841893250620804,2.0540455585304604e-16,0.3571803223252505,parity_visibility,1.1102230246251565e-16,0.01178904679327469,
Type4,14,random_uniform_15,random,0.42129463203796985,0.039783634031408464,0.46128993462254153,0.07763179930808009,0.02,0.4333205133401794,0.0194485939342176,0.5168494913603385,0.030381401365264297,2.1491635788693506e-16,0.3203176074299369,parity_visibility,1.1102230246251565e-16,0.0194485939342176,
Type4,14,random_uniform_15,random,0.42129463203796985,0.039783634031408464,0.46128993462254153,0.07763179930808009,0.05,0.4151577226825773,0.04152321309948337,0.49124590377441063,0.05207316044352851,2.198954401322903e-16,0.22959646956246538,parity_visibility,2.220446049250313e-16,0.04152321309948337,
Type4,14,random_uniform_15,random,0.42129463203796985,0.039783634031408464,0.46128993462254153,0.07763179930808009,0.1,0.38744362055413567,0.07534030590675785,0.45203229949262425,0.08518377404648222,1.595694728331481e-16,0.12893726817688228,parity_visibility,0.0,0.07534030590675785,
Type4,14,random_uniform_15,random,0.42129463203796985,0.039783634031408464,0.46128993462254153,0.07763179930808009,0.15,0.3628432869953649,0.10552318783452191,0.41704472863768083,0.11458879653243241,3.5091114935262895e-16,0.07025430847262792,parity_visibility,0.0,0.10552318783452191,
Type4,14,random_uniform_15,random,0.42129463203796985,0.039783634031408464,0.46128993462254153,0.07763179930808009,0.2,0.34124454387530656,0.13218678120494728,0.3861483513447303,0.1404203235750157,2.826249965368248e-16,0.03700626317001086,parity_visibility,2.220446049250313e-16,0.13218678120494728,
Type4,14,random_uniform_15,random,0.42129463203796985,0.039783634031408464,0.46128993462254153,0.07763179930808009,0.3,0.3065047539157009,0.17552873519054332,0.33595834203385716,0.18200816885989846,2.4195250550358815e-16,0.009108827728530049,parity_visibility,2.220446049250313e-16,0.17552873519054332,
Type4,14,random_uniform_16,random,0.049437522662532825,0.17140794747226523,0.2915817247880843,0.4875728050771177,0.0,0.006893012890875715,0.08286241753085005,0.23978184195948005,0.6704627276187939,4.332168048602391e-17,0.35457189558482616,parity_visibility,3.3306690738754696e-16,0.006893012890875715,
Type4,14,random_uniform_16,random,0.049437522662532825,0.17140794747226523,0.2915817247880843,0.4875728050771177,0.0001,0.006965653428652367,0.08290915415859083,0.23979557977099913,0.6703296126417576,1.160498935608013e-16,0.35419659077458027,parity_visibility,0.0,0.006965653428652367,
Type4,14,random_uniform_16,random,0.049437522662532825,0.17140794747226523,0.2915817247880843,0.4875728050771177,0.001,0.0076188326573477854,0.08332945067626057,0.23991896377658248,0.6691327528898091,1.1738044147799475e-16,0.35083513168121727,parity_visibility,0.0,0.0076188326573477854,
Type4,14,random_uniform_16,random,0.049437522662532825,0.17140794747226523,0.2915817247880843,0.4875728050771177,0.005,0.010509104724438811,0.08519018081210414,0.24046176928074353,0.6638389451827134,7.864959354490709e-17,0.336244814461384,parity_visibility,2.220446049250313e-16,0.010509104724438811,
Type4,14,random_uniform_16,random,0.049437522662532825,0.17140794747226523,0.2915817247880843,0.4875728050771177,0.01,0.014092709707131414,0.08749944043018797,0.24112755556273405,0.6572802942999464,1.0212114108301797e-16,0.31878646500526986,parity_visibility,2.220446049250313e-16,0.014092709707131414,
Type4,14,random_uniform_16,random,0.049437522662532825,0.17140794747226523,0.2915817247880843,0.4875728050771177,0.02,0.021162668665643734,0.09206246777273076,0.242417130531141,0.6443577330304843,2.10469889504724e-16,0.2863275170199492,parity_visibility,2.220446049250313e-16,0.021162668665643734,
Type4,14,random_uniform_16,random,0.049437522662532825,0.17140794747226523,0.2915817247880843,0.4875728050771177,0.05,0.041598561826613756,0.10530809234343817,0.24595767687138015,0.6071356689585677,1.1677051884611422e-16,0.2061907134748595,parity_visibility,2.220446049250313e-16,0.041598561826613756,
Type4,14,random_uniform_16,random,0.049437522662532825,0.17140794747226523,0.2915817247880843,0.4875728050771177,0.1,0.07310857577384694,0.12591091456909684,0.25081843533097653,0.5501620743260797,2.0698267044920282e-16,0.1167038020239621,parity_visibility,0.0,0.07310857577384694,
Type4,14,random_uniform_16,random,0.049437522662532825,0.17140794747226523,0.2915817247880843,0.4875728050771177,0.15,0.10149495090768648,0.14468630040584396,0.2544805574870117,0.49933819119945766,7.055937924748891e-17,0.0640930912602267,parity_visibility,2.220446049250313e-16,0.10149495090768648,
Type4,14,random_uniform_16,random,0.049437522662532825,0.17140794747226523,0.2915817247880843,0.4875728050771177,0.2,0.1268454574518022,0.16165874944107034,0.25706725335444003,0.4544285397526873,1.7299462956811873e-16,0.03402967154588092,parity_visibility,2.220446049250313e-16,0.1268454574518022,
Type4,14,random_uniform_16,random,0.049437522662532825,0.17140794747226523,0.2915817247880843,0.4875728050771177,0.3,0.16887422713066863,0.190343741613759,0.25953421705161683,0.38124781420395526,8.545847979722881e-16,0.008509290864942575,parity_visibility,2.220446049250313e-16,0.16887422713066863,
Type4,14,random_uniform_17,random,0.035791139748394825,0.14562085841174305,0.2440285574073071,0.574559444432555,0.0,0.003108068312912169,0.05145015321354742,0.14448434846092306,0.8009574300126171,8.893400391248495e-17,0.4121549321059994,parity_visibility,2.220446049250313e-16,0.003108068312912169,
Type4,14,random_uniform_17,random,0.035791139748394825,0.14562085841174305,0.2440285574073071,0.574559444432555,0.0001,0.0031762568692336275,0.051502810288453625,0.14452938240712082,0.8007915504351919,1.3542795884781807e-16,0.4117105656440667,parity_visibility,0.0,0.0031762568692336275,
Type4,14,random_uniform_17,random,0.035791139748394825,0.14562085841174305,0.2440285574073071,0.574559444432555,0.001,0.003789491668330515,0.0519763956686427,0.14493417391610378,0.7992999387469227,8.394617225386666e-17,0.4077309596047369,parity_visibility,2.220446049250313e-16,0.003789491668330515,
Type4,14,random_uniform_17,random,0.035791139748394825,0.14562085841174305,0.2440285574073071,0.574559444432555,0.005,0.006504911984643677,0.05407406674722304,0.14672206611427377,0.7926989551538594,1.6895305489967881e-16,0.39046631494110423,parity_visibility,2.220446049250313e-16,0.006504911984643677,
Type4,14,random_uniform_17,random,0.035791139748394825,0.14562085841174305,0.2440285574073071,0.574559444432555,0.01,0.0098760647647294,0.05667971831418354,0.14893131875171647,0.7845128981693705,1.3080244702001657e-16,0.36982719744511516,parity_visibility,0.0,0.0098760647647294,
Type4,14,random_uniform_17,random,0.035791139748394825,0.14562085841174305,0.2440285574073071,0.574559444432555,0.02,0.016541246504835672,0.06183613655777432,0.15326482890832474,0.7683577880290652,5.972999472153894e-17,0.33151388878154553,parity_visibility,1.1102230246251565e-16,0.016541246504835672,
Type4,14,random_uniform_17,random,0.035791139748394825,0.14562085841174305,0.2440285574073071,0.574559444432555,0.05,0.03591903125757965,0.07686461865108775,0.16559290132081236,0.7216234487705201,9.970305113331296e-17,0.2373062881373215,parity_visibility,1.1102230246251565e-16,0.03591903125757965,
Type4,14,random_uniform_17,random,0.035791139748394825,0.14562085841174305,0.2440285574073071,0.574559444432555,0.1,0.0661530887988888,0.10043281113583714,0.1839521429622431,0.6494619571030307,1.847243154034624e-16,0.1329669523378055,parity_visibility,2.220446049250313e-16,0.0661530887988888,
Type4,14,random_uniform_17,random,0.035791139748394825,0.14562085841174305,0.2440285574073071,0.574559444432555,0.15,0.09381007790100014,0.1221376817958571,0.19968533199507868,0.584366908308064,1.0089781324270926e-16,0.07228380355623469,parity_visibility,0.0,0.09381007790100014,
Type4,14,random_uniform_17,random,0.035791139748394825,0.14562085841174305,0.2440285574073071,0.574559444432555,0.2,0.11890156040695747,0.1419697538058604,0.21293427576331225,0.5261944100238697,2.0965450023865145e-16,0.03798674768448587,parity_visibility,2.220446049250313e-16,0.11890156040695747,
Type4,14,random_uniform_17,random,0.035791139748394825,0.14562085841174305,0.2440285574073071,0.574559444432555,0.3,0.1615058859256709,0.17602635768755603,0.23264174193465575,0.4298260144521171,1.3164793924619248e-15,0.009306314211337773,parity_visibility,2.220446049250313e-16,0.1615058859256709,
Type4,14,random_uniform_18,random,0.502189848393614,0.25611739206623996,0.16049017372090663,0.08120258581923928,0.0,0.7202644836492199,0.1873416251705489,0.07356191657717191,0.018831974603059264,2.5494168781398523e-16,0.3501417181531107,parity_visibility,0.0,0.018831974603059264,
Type4,14,random_uniform_18,random,0.502189848393614,0.25611739206623996,0.16049017372090663,0.08120258581923928,0.0001,0.7201134826310727,0.18737328974604422,0.0736122051320212,0.01890102249086191,2.6971198023929512e-16,0.34977172663284006,parity_visibility,0.0,0.01890102249086191,
Type4,14,random_uniform_18,random,0.502189848393614,0.25611739206623996,0.16049017372090663,0.08120258581923928,0.001,0.7187558390008907,0.18765783678852585,0.07406442883855495,0.019521895372028333,3.172524678147112e-16,0.34645782495942146,parity_visibility,2.220446049250313e-16,0.019521895372028333,
Type4,14,random_uniform_18,random,0.502189848393614,0.25611739206623996,0.16049017372090663,0.08120258581923928,0.005,0.7127515784671266,0.18891305441380338,0.07606618450494963,0.022269182614120333,2.568476156154017e-16,0.3320732583530034,parity_visibility,1.1102230246251565e-16,0.022269182614120333,
Type4,14,random_uniform_18,random,0.502189848393614,0.25611739206623996,0.16049017372090663,0.08120258581923928,0.01,0.7053143428990718,0.19046049750484537,0.07854972790988438,0.025675431686198295,2.763684463467773e-16,0.31485962275077894,parity_visibility,1.1102230246251565e-16,0.025675431686198295,
Type4,14,random_uniform_18,random,0.502189848393614,0.25611739206623996,0.16049017372090663,0.08120258581923928,0.02,0.6906660308859957,0.1934840029824757,0.0834547038356798,0.03239526229584867,2.6610602211920173e-16,0.2828510827001695,parity_visibility,2.220446049250313e-16,0.03239526229584867,
Type4,14,random_uniform_18,random,0.502189848393614,0.25611739206623996,0.16049017372090663,0.08120258581923928,0.05,0.6485144595797379,0.2019940925885442,0.09767402712793205,0.0518174207037856,2.6100756707342324e-16,0.20379682240949668,parity_visibility,3.3306690738754696e-16,0.0518174207037856,
Type4,14,random_uniform_18,random,0.502189848393614,0.25611739206623996,0.16049017372090663,0.08120258581923928,0.1,0.5841257579110553,0.21438301151679223,0.11973147668567397,0.0817597538864783,2.4657778216133305e-16,0.11545258906539402,parity_visibility,3.3306690738754696e-16,0.0817597538864783,
Type4,14,random_uniform_18,random,0.502189848393614,0.25611739206623996,0.16049017372090663,0.08120258581923928,0.15,0.5268396827288381,0.22466852140950289,0.13976203676982363,0.10872975909183517,1.9126895547231244e-16,0.0634629350379144,parity_visibility,3.3306690738754696e-16,0.10872975909183517,
Type4,14,random_uniform_18,random,0.502189848393614,0.25611739206623996,0.16049017372090663,0.08120258581923928,0.2,0.4763615057178,0.23302174411308757,0.15780358974905656,0.13281316042005575,2.2998711135622623e-16,0.033725232070925745,parity_visibility,0.0,0.13281316042005575,
Type4,14,random_uniform_18,random,0.502189848393614,0.25611739206623996,0.16049017372090663,0.08120258581923928,0.3,0.39446861099965114,0.24466291489363914,0.18812658588473988,0.1727418882219697,4.615489832147071e-16,0.008447971506758752,parity_visibility,2.220446049250313e-16,0.1727418882219697,
Type4,14,random_uniform_19,random,0.15884235533209845,0.17382941781078884,0.5758011265615063,0.09152710029560646,0.0,0.06381562805542548,0.07642597055302114,0.8385702133557441,0.02118818803580906,1.488010802631845e-16,0.395371707781908,parity_visibility,2.220446049250313e-16,0.02118818803580906,
Type4,14,random_uniform_19,random,0.15884235533209845,0.17382941781078884,0.5758011265615063,0.09152710029560646,0.0001,0.06386741247477107,0.07647363856620026,0.8383870777412044,0.021271871217824232,1.0123665438964245e-16,0.39494747011592757,parity_visibility,1.1102230246251565e-16,0.021271871217824232,
Type4,14,random_uniform_19,random,0.15884235533209845,0.17382941781078884,0.5758011265615063,0.09152710029560646,0.001,0.06433311404484719,0.07690232915205263,0.8367403855651079,0.022024171237992267,1.0793940997897724e-16,0.3911480299637441,parity_visibility,0.0,0.022024171237992267,
Type4,14,random_uniform_19,random,0.15884235533209845,0.17382941781078884,0.5758011265615063,0.09152710029560646,0.005,0.06639509713852554,0.07880061707456977,0.8294550218062956,0.025349263980608976,1.1052886823437688e-16,0.37466284814397965,parity_visibility,1.1102230246251565e-16,0.025349263980608976,
Type4,14,random_uniform_19,random,0.15884235533209845,0.17382941781078884,0.5758011265615063,0.09152710029560646,0.01,0.06895466070479517,0.08115739160805058,0.8204246240336458,0.029463323653508126,1.3759921761322402e-16,0.3549508013056224,parity_visibility,3.3306690738754696e-16,0.029463323653508126,
Type4,14,random_uniform_19,random,0.15884235533209845,0.17382941781078884,0.5758011265615063,0.09152710029560646,0.02,0.07401405149400611,0.08581728823861455,0.8026176973867288,0.03755096288065043,1.1478699894157764e-16,0.31834381197623823,parity_visibility,1.1102230246251565e-16,0.03755096288065043,
Type4,14,random_uniform_19,random,0.15884235533209845,0.17382941781078884,0.5758011265615063,0.09152710029560646,0.05,0.08871410412741779,0.09936721181155113,0.7512179556037993,0.060700728457231685,1.1594537127278182e-16,0.2282373035702937,parity_visibility,0.0,0.060700728457231685,
Type4,14,random_uniform_19,random,0.15884235533209845,0.17382941781078884,0.5758011265615063,0.09152710029560646,0.1,0.11162067190014227,0.12051572505843167,0.6722132882145666,0.0956503148268592,1.364953637674076e-16,0.12822687407129574,parity_visibility,2.220446049250313e-16,0.0956503148268592,
Type4,14,random_uniform_19,random,0.15884235533209845,0.17382941781078884,0.5758011265615063,0.09152710029560646,0.15,0.13254085449384764,0.13987149337405497,0.6013739098716777,0.1262137422604194,2.1912349518166206e-16,0.06989652823796538,parity_visibility,3.3306690738754696e-16,0.1262137422604194,
Type4,14,random_uniform_19,random,0.15884235533209845,0.17382941781078884,0.5758011265615063,0.09152710029560646,0.2,0.15148963201075227,0.15744282994839975,0.5384721046894391,0.15259543335140865,4.783799316853748e-16,0.036833413290991435,parity_visibility,2.220446049250313e-16,0.15148963201075227,
Type4,14,random_uniform_19,random,0.15884235533209845,0.17382941781078884,0.5758011265615063,0.09152710029560646,0.3,0.18358905662435296,0.18731559539752263,0.43532178501846,0.1937735629596642,1.589422416507126e-16,0.009074012783309243,parity_visibility,2.220446049250313e-16,0.18358905662435296,
Type4,14,random_uniform_20,random,0.20996424289830273,0.05641499292482511,0.4721442261121293,0.26147653806474286,0.0,0.1302140587454628,0.009400615104296461,0.6584405385800085,0.2019447875702321,8.265162440620629e-17,0.33855778493190963,parity_visibility,2.220446049250313e-16,0.009400615104296461,
Type4,14,random_uniform_20,random,0.20996424289830273,0.05641499292482511,0.4721442261121293,0.26147653806474286,0.0001,0.13024669445690068,0.009475251136081464,0.6583075532287295,0.20197050117828827,9.380699724970873e-17,0.3382016864886565,parity_visibility,1.1102230246251565e-16,0.009475251136081464,
Type4,14,random_uniform_20,random,0.20996424289830273,0.05641499292482511,0.4721442261121293,0.26147653806474286,0.001,0.13054019414124224,0.010146327650324801,0.6571119247372791,0.20220155347115362,8.800653503218713e-17,0.33501213694002285,parity_visibility,2.220446049250313e-16,0.010146327650324801,
Type4,14,random_uniform_20,random,0.20996424289830273,0.05641499292482511,0.4721442261121293,0.26147653806474286,0.005,0.13183980813487406,0.013114794750712965,0.6518249885797588,0.20322040853465406,1.0370636768799759e-16,0.32116556263814733,parity_visibility,1.1102230246251565e-16,0.013114794750712965,
Type4,14,random_uniform_20,random,0.20996424289830273,0.05641499292482511,0.4721442261121293,0.26147653806474286,0.01,0.13345323635451317,0.016793071531257787,0.6452781025269285,0.20447558958730022,9.307372306501059e-17,0.30459179958853655,parity_visibility,2.220446049250313e-16,0.016793071531257787,
Type4,14,random_uniform_20,random,0.20996424289830273,0.05641499292482511,0.4721442261121293,0.26147653806474286,0.02,0.13664311650112504,0.024042287900973822,0.6323894171184693,0.20692517847943162,1.03920553775456e-16,0.273760976574866,parity_visibility,2.220446049250313e-16,0.024042287900973822,
Type4,14,random_uniform_20,random,0.20996424289830273,0.05641499292482511,0.4721442261121293,0.26147653806474286,0.05,0.14591680687019973,0.044938201363558694,0.5953472266059152,0.21379776516032623,1.1841364161612738e-16,0.19753732723861037,parity_visibility,1.1102230246251565e-16,0.044938201363558694,
Type4,14,random_uniform_20,random,0.20996424289830273,0.05641499292482511,0.4721442261121293,0.26147653806474286,0.1,0.16038673271923223,0.07697558263710154,0.5389041012621593,0.22373358338150678,7.562721014690205e-17,0.11218094417510342,parity_visibility,2.220446049250313e-16,0.07697558263710154,
Type4,14,random_uniform_20,random,0.20996424289830273,0.05641499292482511,0.4721442261121293,0.26147653806474286,0.15,0.1736278260752494,0.10562646007273986,0.4888450439087991,0.23190066994321157,2.290171183094959e-16,0.06181521602198271,parity_visibility,0.0,0.10562646007273986,
Type4,14,random_uniform_20,random,0.20996424289830273,0.05641499292482511,0.4721442261121293,0.26147653806474286,0.2,0.18565022041876136,0.131020769571575,0.4448736820638346,0.2384553279458288,1.1742573288143002e-16,0.03292919024142005,parity_visibility,2.220446049250313e-16,0.131020769571575,
Type4,14,random_uniform_20,random,0.20996424289830273,0.05641499292482511,0.4721442261121293,0.26147653806474286,0.3,0.20611397562526113,0.1726413319332429,0.37386083673946324,0.2473838557020325,6.452194246517557e-16,0.00828763496012688,parity_visibility,2.220446049250313e-16,0.1726413319332429,
Type4,14,random_uniform_21,random,0.04273310106237775,0.36079082984074407,0.5201426341819894,0.0763334349148887,0.0,0.004471709821975836,0.3187540965994837,0.6625058221933101,0.014268371385230053,1.2693344804249611e-16,0.4083712940032642,parity_visibility,2.220446049250313e-16,0.004471709821975836,
Type4,14,random_uniform_21,random,0.04273310106237775,0.36079082984074407,0.5201426341819894,0.0763334349148887,0.0001,0.004546451363054709,0.3187275114610434,0.6623772460131129,0.014348791162788744,1.944202588583143e-16,0.40793146541068626,parity_visibility,3.3306690738754696e-16,0.004546451363054709,
Type4,14,random_uniform_21,random,0.04273310106237775,0.36079082984074407,0.5201426341819894,0.0763334349148887,0.001,0.005218526231041103,0.3184885261482869,0.6612211269005295,0.015071820720142235,2.095992672363908e-16,0.4039924762696502,parity_visibility,3.3306690738754696e-16,0.005218526231041103,
Type4,14,random_uniform_21,random,0.04273310106237775,0.36079082984074407,0.5201426341819894,0.0763334349148887,0.005,0.00819248502445602,0.3174324811622575,0.6561060360761293,0.018268997737157094,1.3779637868516885e-16,0.3869035550104587,parity_visibility,2.220446049250313e-16,0.00819248502445602,
Type4,14,random_uniform_21,random,0.04273310106237775,0.36079082984074407,0.5201426341819894,0.0763334349148887,0.01,0.011880013301400434,0.3161264293188146,0.6497654298046703,0.022228127575114356,1.915756416577521e-16,0.366473437870802,parity_visibility,2.220446049250313e-16,0.011880013301400434,
Type4,14,random_uniform_21,random,0.04273310106237775,0.36079082984074407,0.5201426341819894,0.0763334349148887,0.02,0.019155468887931446,0.3135608234670403,0.6372614401974203,0.030022267447607855,2.459227277527151e-16,0.32854480468576897,parity_visibility,2.220446049250313e-16,0.019155468887931446,
Type4,14,random_uniform_21,random,0.04273310106237775,0.36079082984074407,0.5201426341819894,0.0763334349148887,0.05,0.04018780100278752,0.3062323586824356,0.6011610798649624,0.05241876044981438,1.4945552267851726e-16,0.23526176112044378,parity_visibility,1.1102230246251565e-16,0.04018780100278752,
Type4,14,random_uniform_21,random,0.04273310106237775,0.36079082984074407,0.5201426341819894,0.0763334349148887,0.1,0.07261682729843325,0.2952198449375072,0.5456516601139446,0.08651166765011478,1.8225527377782625e-16,0.1318983411822382,parity_visibility,2.220446049250313e-16,0.07261682729843325,
Type4,14,random_uniform_21,random,0.04273310106237775,0.36079082984074407,0.5201426341819894,0.0763334349148887,0.15,0.10181420978162228,0.28565626354992046,0.4958606638681818,0.11666886280027532,4.767437818328401e-16,0.07174561222413431,parity_visibility,1.1102230246251565e-16,0.10181420978162228,
Type4,14,random_uniform_21,random,0.04273310106237775,0.36079082984074407,0.5201426341819894,0.0763334349148887,0.2,0.12785296085378522,0.27747163784398277,0.4516391089480831,0.14303629235414875,1.7596529505316288e-16,0.03772673805390751,parity_visibility,1.1102230246251565e-16,0.12785296085378522,
Type4,14,random_uniform_21,random,0.04273310106237775,0.36079082984074407,0.5201426341819894,0.0763334349148887,0.3,0.17084567165598613,0.2649091321534031,0.3791300353752679,0.18511516081534274,1.1329352573068055e-15,0.009253943789693214,parity_visibility,1.1102230246251565e-16,0.17084567165598613,
Type4,14,random_uniform_22,random,0.04828624159850019,0.563418065846054,0.30657613897489155,0.0817195535805542,0.0,0.00554554630328989,0.7550210615888134,0.22354977165705725,0.015883620450839277,2.9683130636220614e-16,0.4204384924755741,parity_visibility,2.220446049250313e-16,0.00554554630328989,
Type4,14,random_uniform_22,random,0.04828624159850019,0.563418065846054,0.30657613897489155,0.0817195535805542,0.0001,0.005630013947166186,0.7548665264593412,0.22355169372038292,0.01595176587310963,3.4472137470898187e-16,0.41998419120652586,parity_visibility,0.0,0.005630013947166186,
Type4,14,random_uniform_22,random,0.04828624159850019,0.563418065846054,0.30657613897489155,0.0817195535805542,0.001,0.006389432526228662,0.7534769494640041,0.22356904896636728,0.01656456904339968,3.4545604158493093e-16,0.4159156621465716,parity_visibility,2.220446049250313e-16,0.006389432526228662,
Type4,14,random_uniform_22,random,0.04828624159850019,0.563418065846054,0.30657613897489155,0.0817195535805542,0.005,0.009747428796011365,0.7473280299502352,0.2236474131179649,0.019277128135788184,4.3726238099781176e-16,0.3982663043075479,parity_visibility,4.440892098500626e-16,0.009747428796011365,
Type4,14,random_uniform_22,random,0.04828624159850019,0.563418065846054,0.30657613897489155,0.0817195535805542,0.01,0.01390549423512334,0.7397037826419371,0.223748170847096,0.022642552275843268,4.045380003932705e-16,0.3771696200406533,parity_visibility,3.3306690738754696e-16,0.01390549423512334,
Type4,14,random_uniform_22,random,0.04828624159850019,0.563418065846054,0.30657613897489155,0.0817195535805542,0.02,0.02209054556829666,0.7246613760311451,0.22395889359935384,0.02928918480120419,3.191078069942333e-16,0.33801413713561757,parity_visibility,1.1102230246251565e-16,0.02209054556829666,
Type4,14,random_uniform_22,random,0.04828624159850019,0.563418065846054,0.30657613897489155,0.0817195535805542,0.05,0.04560415308070882,0.6811775650980085,0.2246621070121117,0.048556174809170856,2.8215988252495237e-16,0.24178239354478354,parity_visibility,1.1102230246251565e-16,0.04560415308070882,
Type4,14,random_uniform_22,random,0.04828624159850019,0.563418065846054,0.30657613897489155,0.0817195535805542,0.1,0.08137424622895564,0.6141402121921139,0.2260526921203062,0.07843284945862414,2.737582826160777e-16,0.13530647445339689,parity_visibility,1.1102230246251565e-16,0.07843284945862414,
Type4,14,random_uniform_22,random,0.04828624159850019,0.563418065846054,0.30657613897489155,0.0817195535805542,0.15,0.11298014433907351,0.553800568062266,0.2276813392054268,0.10553794839323359,3.512451714360528e-16,0.07346207173854655,parity_visibility,1.1102230246251565e-16,0.10553794839323359,
Type4,14,random_uniform_22,random,0.04828624159850019,0.563418065846054,0.30657613897489155,0.0817195535805542,0.2,0.1405723305378564,0.5000135531672887,0.22950439893171892,0.1299097173631357,1.985491145687984e-16,0.03855598961859416,parity_visibility,3.3306690738754696e-16,0.1299097173631357,
Type4,14,random_uniform_22,random,0.04828624159850019,0.563418065846054,0.30657613897489155,0.0817195535805542,0.3,0.18445934782434428,0.41130835817512523,0.23354403218377212,0.17068826181675828,1.8800460860251403e-15,0.009420969349459914,parity_visibility,2.220446049250313e-16,0.17068826181675828,
Type4,14,random_uniform_23,random,0.1302281316996393,0.06642164552786325,0.763868480308247,0.03948174246425049,0.0,0.02796613675690242,0.007275152781545467,0.9621882230603466,0.002570487401205459,9.393409552442141e-17,0.6064250644770515,parity_visibility,1.1102230246251565e-16,0.002570487401205459,
Type4,14,random_uniform_23,random,0.1302281316996393,0.06642164552786325,0.763868480308247,0.03948174246425049,0.0001,0.028017228821353046,0.007332088590196929,0.9619986969465011,0.0026519856419488772,1.6716777071644894e-16,0.6057477020318311,parity_visibility,0.0,0.0026519856419488772,
Type4,14,random_uniform_23,random,0.1302281316996393,0.06642164552786325,0.763868480308247,0.03948174246425049,0.001,0.028476830076886634,0.007844244583007913,0.9602941121930184,0.003384813147086916,1.297261794985901e-16,0.5996826295726537,parity_visibility,1.1102230246251565e-16,0.003384813147086916,
Type4,14,random_uniform_23,random,0.1302281316996393,0.06642164552786325,0.763868480308247,0.03948174246425049,0.005,0.030514546043273222,0.0101146884449648,0.9527432416661356,0.006627523845626325,1.6466220965602427e-16,0.5733955022839616,parity_visibility,0.0,0.006627523845626325,
Type4,14,random_uniform_23,random,0.1302281316996393,0.06642164552786325,0.763868480308247,0.03948174246425049,0.01,0.03305028595595601,0.012939388561639656,0.9433622447096583,0.010648080772745917,1.4708976481725855e-16,0.5420253038051055,parity_visibility,1.1102230246251565e-16,0.010648080772745917,
Type4,14,random_uniform_23,random,0.1302281316996393,0.06642164552786325,0.763868480308247,0.03948174246425049,0.02,0.03808358230699138,0.01854409959982617,0.9247925500653248,0.018579768027857477,1.2500957558348904e-16,0.48396091057528334,parity_visibility,2.220446049250313e-16,0.01854409959982617,
Type4,14,random_uniform_23,random,0.1302281316996393,0.06642164552786325,0.763868480308247,0.03948174246425049,0.05,0.05287478070032873,0.03499737252723571,0.8706280149477884,0.04149983182464678,2.2400003014470276e-16,0.34228211389557517,parity_visibility,3.3306690738754696e-16,0.03499737252723571,
Type4,14,random_uniform_23,random,0.1302281316996393,0.06642164552786325,0.763868480308247,0.03948174246425049,0.1,0.07647551012496298,0.0611935915543658,0.7855420247912885,0.07678887352938277,1.1912660817122862e-16,0.1878345757754643,parity_visibility,0.0,0.0611935915543658,
Type4,14,random_uniform_23,random,0.1302281316996393,0.06642164552786325,0.763868480308247,0.03948174246425049,0.15,0.09871989602259011,0.08581414439587547,0.7070079724097091,0.10845798717182507,1.1391263567612938e-16,0.0999171285437699,parity_visibility,2.220446049250313e-16,0.08581414439587547,
Type4,14,random_uniform_23,random,0.1302281316996393,0.06642164552786325,0.763868480308247,0.03948174246425049,0.2,0.11955670875976193,0.10880720158705985,0.6350912970026535,0.13654479265052447,2.222392489787217e-16,0.05133688952645811,parity_visibility,2.220446049250313e-16,0.10880720158705985,
Type4,14,random_uniform_23,random,0.1302281316996393,0.06642164552786325,0.763868480308247,0.03948174246425049,0.3,0.1567955986061715,0.14970111031165606,0.5112676685816427,0.1822356225005296,7.756388006570411e-16,0.011995262908061816,parity_visibility,1.1102230246251565e-16,0.14970111031165606,
Type4,14,random_uniform_24,random,0.2960536843907933,0.060921058744540006,0.2372879365639868,0.4057373203006797,0.0,0.28066376265888415,0.0118844828239659,0.18030041328634164,0.5271513412308081,1.2013559660883734e-16,0.31228749736348993,parity_visibility,2.220446049250313e-16,0.0118844828239659,
Type4,14,random_uniform_24,random,0.2960536843907933,0.060921058744540006,0.2372879365639868,0.4057373203006797,0.0001,0.2806475367589728,0.011965034999050174,0.1803306946294782,0.5270567336124985,2.1862462433898492e-16,0.3119629059327073,parity_visibility,3.3306690738754696e-16,0.011965034999050174,
Type4,14,random_uniform_24,random,0.2960536843907933,0.060921058744540006,0.2372879365639868,0.4057373203006797,0.001,0.28050174536835937,0.012689191028886932,0.18060283175054553,0.5262062318522079,1.6460900449150372e-16,0.30905536474992484,parity_visibility,2.220446049250313e-16,0.012689191028886932,
Type4,14,random_uniform_24,random,0.2960536843907933,0.060921058744540006,0.2372879365639868,0.4057373203006797,0.005,0.2798590339017577,0.0158899721091485,0.18180374807173022,0.5224472459173634,1.8710054971620066e-16,0.29642886071952435,parity_visibility,2.220446049250313e-16,0.0158899721091485,
Type4,14,random_uniform_24,random,0.2960536843907933,0.060921058744540006,0.2372879365639868,0.4057373203006797,0.01,0.27906763678859625,0.019850456757848238,0.18328527881609655,0.5177966276374587,1.5080872401634647e-16,0.281306214112257,parity_visibility,2.220446049250313e-16,0.019850456757848238,
Type4,14,random_uniform_24,random,0.2960536843907933,0.060921058744540006,0.2372879365639868,0.4057373203006797,0.02,0.2775244187271031,0.027637249458317453,0.18618352937398178,0.5086548024405976,1.5533325927472565e-16,0.25314624258260465,parity_visibility,1.1102230246251565e-16,0.027637249458317453,
Type4,14,random_uniform_24,random,0.2960536843907933,0.060921058744540006,0.2372879365639868,0.4057373203006797,0.05,0.27320376889664055,0.04993956373857848,0.19437073224931087,0.48248593511547005,1.272887260564384e-16,0.1833419123452164,parity_visibility,0.0,0.04993956373857848,
Type4,14,random_uniform_24,random,0.2960536843907933,0.060921058744540006,0.2372879365639868,0.4057373203006797,0.1,0.26698121627834115,0.08368898417046039,0.20639856460519787,0.44293123494600034,1.3302701217950577e-16,0.10476143903393208,parity_visibility,2.220446049250313e-16,0.08368898417046039,
Type4,14,random_uniform_24,random,0.2960536843907933,0.060921058744540006,0.2372879365639868,0.4057373203006797,0.15,0.2618870629583992,0.11336188874075634,0.21654206829001554,0.40820898001082867,2.7526697895391013e-16,0.05807848415777817,parity_visibility,2.220446049250313e-16,0.11336188874075634,
Type4,14,random_uniform_24,random,0.2960536843907933,0.060921058744540006,0.2372879365639868,0.4057373203006797,0.2,0.25780989409484606,0.13920132876686409,0.2249641385970489,0.3780246385412408,3.088182340632672e-16,0.031123909826014033,parity_visibility,1.1102230246251565e-16,0.13920132876686409,
Type4,14,random_uniform_24,random,0.2960536843907933,0.060921058744540006,0.2372879365639868,0.4057373203006797,0.3,0.2522550634199871,0.1804132377164632,0.23731107847287397,0.33002062039067565,1.753751454970566e-15,0.00792402036503953,parity_visibility,0.0,0.1804132377164632,
Type4,14,random_uniform_25,random,0.15989987371666417,0.44246520221443625,0.23465674172319453,0.1629781823457051,0.0,0.0843913444869545,0.6461895147888449,0.18174720323644467,0.08767193748775573,2.5553155037760296e-16,0.30296909914212294,parity_visibility,2.220446049250313e-16,0.0843913444869545,
Type4,14,random_uniform_25,random,0.15989987371666417,0.44246520221443625,0.23465674172319453,0.1629781823457051,0.0001,0.08445755262726859,0.6460506734248953,0.181766351683942,0.0877254222638939,2.9528993379600536e-16,0.3026556836411126,parity_visibility,2.220446049250313e-16,0.08445755262726859,
Type4,14,random_uniform_25,random,0.15989987371666417,0.44246520221443625,0.23465674172319453,0.1629781823457051,0.001,0.08505261080415435,0.6448025850179889,0.18193854580446536,0.08820625837339124,2.4844692320553815e-16,0.29984817433837396,parity_visibility,1.1102230246251565e-16,0.08505261080415435,
Type4,14,random_uniform_25,random,0.15989987371666417,0.44246520221443625,0.23465674172319453,0.1629781823457051,0.005,0.08767960256874031,0.6392877826527593,0.18270076372404864,0.09033185105445155,3.0040742497010223e-16,0.2876544444303747,parity_visibility,2.220446049250313e-16,0.08767960256874031,
Type4,14,random_uniform_25,random,0.15989987371666417,0.44246520221443625,0.23465674172319453,0.1629781823457051,0.01,0.09092285867968612,0.6324680746450262,0.1836464486374871,0.09296261803780051,2.458158691868664e-16,0.2730465269002107,parity_visibility,1.1102230246251565e-16,0.09092285867968612,
Type4,14,random_uniform_25,random,0.15989987371666417,0.44246520221443625,0.23465674172319453,0.1629781823457051,0.02,0.09727558116070414,0.61907293772385,0.18551422832839598,0.09813725278704973,2.3766858300861204e-16,0.24583393965987727,parity_visibility,1.1102230246251565e-16,0.09727558116070414,
Type4,14,random_uniform_25,random,0.15989987371666417,0.44246520221443625,0.23465674172319453,0.1629781823457051,0.05,0.11528551649770569,0.5808090685422067,0.19092956267995176,0.11297585228013575,2.5627791570525055e-16,0.1783066218654431,parity_visibility,1.1102230246251565e-16,0.11297585228013575,
Type4,14,random_uniform_25,random,0.15989987371666417,0.44246520221443625,0.23465674172319453,0.1629781823457051,0.1,0.14195750557288433,0.5232181279412884,0.19933396250889482,0.13549040397693227,2.250900694273541e-16,0.10212964814352597,parity_visibility,2.220446049250313e-16,0.13549040397693227,
Type4,14,random_uniform_25,random,0.15989987371666417,0.44246520221443625,0.23465674172319453,0.1629781823457051,0.15,0.16472418921756257,0.4729398120274396,0.2069739454952618,0.1553620532597358,1.9284019352160032e-16,0.056753018821076334,parity_visibility,2.220446049250313e-16,0.1553620532597358,
Type4,14,random_uniform_25,random,0.15989987371666417,0.44246520221443625,0.23465674172319453,0.1629781823457051,0.2,0.18390985056491616,0.4294784705410254,0.21386654470117508,0.17274513419288323,3.989215528361343e-16,0.030483554376223958,parity_visibility,2.220446049250313e-16,0.17274513419288323,
Type4,14,random_uniform_25,random,0.15989987371666417,0.44246520221443625,0.23465674172319453,0.1629781823457051,0.3,0.21285721817180664,0.36094961811125087,0.2254959030169736,0.20069726069996874,3.0566445153308994e-16,0.00779504173900443,parity_visibility,1.1102230246251565e-16,0.20069726069996874,
Type4,14,random_uniform_26,random,0.1259847551078526,0.031277684301438166,0.7584447370265346,0.08429282356417454,0.0,0.026489174645000793,0.0016326820499941194,0.9600200834604405,0.011858059844564483,8.923710819211136e-17,0.5991941512825159,parity_visibility,1.1102230246251565e-16,0.0016326820499941194,
Type4,14,random_uniform_26,random,0.1259847551078526,0.031277684301438166,0.7584447370265346,0.08429282356417454,0.0001,0.026540728248390977,0.0016912805866967431,0.9598306413248633,0.011937349840048978,1.4014722970180745e-16,0.5985254611623166,parity_visibility,0.0,0.0016912805866967431,
Type4,14,random_uniform_26,random,0.1259847551078526,0.031277684301438166,0.7584447370265346,0.08429282356417454,0.001,0.02700448023021133,0.002218389683808779,0.9581268180402057,0.012650312045773819,1.366010600464301e-16,0.5925380116834092,parity_visibility,3.3306690738754696e-16,0.002218389683808779,
Type4,14,random_uniform_26,random,0.1259847551078526,0.031277684301438166,0.7584447370265346,0.08429282356417454,0.005,0.02906057572280057,0.004555042324354787,0.9505794550493176,0.01580492690352676,1.5075127251247586e-16,0.5665867095051689,parity_visibility,2.220446049250313e-16,0.004555042324354787,
Type4,14,random_uniform_26,random,0.1259847551078526,0.031277684301438166,0.7584447370265346,0.08429282356417454,0.01,0.03161913309246287,0.007461930002878289,0.9412031248385373,0.019715812066121177,1.3374351456813781e-16,0.5356159317407767,parity_visibility,3.3306690738754696e-16,0.007461930002878289,
Type4,14,random_uniform_26,random,0.1259847551078526,0.031277684301438166,0.7584447370265346,0.08429282356417454,0.02,0.036697538058005214,0.013229100593393637,0.9226437007013109,0.02742966064729009,1.2390641811525545e-16,0.47828669206365676,parity_visibility,2.220446049250313e-16,0.013229100593393637,
Type4,14,random_uniform_26,random,0.1259847551078526,0.031277684301438166,0.7584447370265346,0.08429282356417454,0.05,0.051619793747860986,0.03015435090135389,0.8685173850694285,0.04970847028135657,1.2707556760397026e-16,0.33837481700789507,parity_visibility,0.0,0.03015435090135389,
Type4,14,random_uniform_26,random,0.1259847551078526,0.031277684301438166,0.7584447370265346,0.08429282356417454,0.1,0.07542435475588699,0.05708539441356277,0.7835190463079286,0.08397120452262154,9.55307371969687e-17,0.18579235231359723,parity_visibility,1.1102230246251565e-16,0.05708539441356277,
Type4,14,random_uniform_26,random,0.1259847551078526,0.031277684301438166,0.7584447370265346,0.08429282356417454,0.15,0.09785372729252027,0.08237532305052475,0.705100800006401,0.1146701496505539,3.2527511350847113e-16,0.09888859074528003,parity_visibility,1.1102230246251565e-16,0.08237532305052475,
Type4,14,random_uniform_26,random,0.1259847551078526,0.031277684301438166,0.7584447370265346,0.08429282356417454,0.2,0.11885612851744898,0.10597179918717452,0.6333252876537631,0.14184678464161327,2.8477577060761783e-16,0.05083998495540611,parity_visibility,1.1102230246251565e-16,0.10597179918717452,
Type4,14,random_uniform_26,random,0.1259847551078526,0.031277684301438166,0.7584447370265346,0.08429282356417454,0.3,0.1563668966099193,0.147874915171275,0.5098443085216512,0.18591387969715445,1.0324960475203994e-15,0.011895177761810743,parity_visibility,1.1102230246251565e-16,0.147874915171275,
Type4,14,random_uniform_27,random,0.3116886920926007,0.050959890973744246,0.08614062881548132,0.5512107881181739,0.0,0.23637414044952568,0.006318512511397492,0.018054021066857204,0.7392533259722194,1.2035250326704882e-16,0.4110002921370367,parity_visibility,2.220446049250313e-16,0.006318512511397492,
Type4,14,random_uniform_27,random,0.3116886920926007,0.050959890973744246,0.08614062881548132,0.5512107881181739,0.0001,0.23637209158870898,0.006390454954320917,0.018135051609861307,0.7391024018471086,1.53269660193322e-16,0.41055731048125843,parity_visibility,2.220446049250313e-16,0.006390454954320917,
Type4,14,random_uniform_27,random,0.3116886920926007,0.050959890973744246,0.08614062881548132,0.5512107881181739,0.001,0.2363537422430096,0.007037387992656053,0.018863553624384344,0.73774531613995,1.5100230925007692e-16,0.4065900993626139,parity_visibility,0.0,0.007037387992656053,
Type4,14,random_uniform_27,random,0.3116886920926007,0.050959890973744246,0.08614062881548132,0.5512107881181739,0.005,0.23627415325774473,0.009900693277954266,0.022084521775036885,0.7317406316892641,1.5534706317044518e-16,0.389379079612554,parity_visibility,0.0,0.009900693277954266,
Type4,14,random_uniform_27,random,0.3116886920926007,0.050959890973744246,0.08614062881548132,0.5512107881181739,0.01,0.23617915218934307,0.013452392912338204,0.02607217699847395,0.7242962778998447,1.2631972904354781e-16,0.36880374204434785,parity_visibility,0.0,0.013452392912338204,
Type4,14,random_uniform_27,random,0.3116886920926007,0.050959890973744246,0.08614062881548132,0.5512107881181739,0.02,0.23600395023046938,0.020464423051864127,0.03391935732115071,0.7096122693965156,1.855713935006863e-16,0.3306078234880079,parity_visibility,2.220446049250313e-16,0.020464423051864127,
Type4,14,random_uniform_27,random,0.3116886920926007,0.050959890973744246,0.08614062881548132,0.5512107881181739,0.05,0.23559381907155943,0.040771116681428424,0.056443569306706666,0.667191494940305,1.2108625341238395e-16,0.23668236678247395,parity_visibility,4.440892098500626e-16,0.040771116681428424,
Type4,14,random_uniform_27,random,0.3116886920926007,0.050959890973744246,0.08614062881548132,0.5512107881181739,0.1,0.23527466544289372,0.07219761969118431,0.0906494803880676,0.6018782344778544,1.4742293217578076e-16,0.13264084790656894,parity_visibility,0.0,0.07219761969118431,
Type4,14,random_uniform_27,random,0.3116886920926007,0.050959890973744246,0.08614062881548132,0.5512107881181739,0.15,0.23537130319403446,0.10063431016584687,0.1208043036092687,0.5431900830308498,1.0689857488966461e-16,0.07211956553818981,parity_visibility,2.220446049250313e-16,0.10063431016584687,
Type4,14,random_uniform_27,random,0.3116886920926007,0.050959890973744246,0.08614062881548132,0.5512107881181739,0.2,0.23583407152061128,0.12613301856239303,0.14706603616211192,0.49096687375488357,7.815964697247266e-16,0.03790740143000033,parity_visibility,2.220446049250313e-16,0.12613301856239303,
Type4,14,random_uniform_27,random,0.3116886920926007,0.050959890973744246,0.08614062881548132,0.5512107881181739,0.3,0.23763987936209835,0.1686133091357193,0.18867802076217383,0.4050687907400083,2.233942431549115e-15,0.009290332507913696,parity_visibility,2.220446049250313e-16,0.1686133091357193,
Type4,14,random_uniform_28,random,0.045866522298856696,0.13348733321944006,0.08004863187717838,0.7405975126045248,0.0,0.0036598516555614246,0.0309993060563249,0.011147556586492207,0.9541932857016213,4.6683036685332234e-17,0.5748150651392463,parity_visibility,1.1102230246251565e-16,0.0036598516555614246,
Type4,14,random_uniform_28,random,0.045866522298856696,0.13348733321944006,0.08004863187717838,0.7405975126045248,0.0001,0.0037189107149157834,0.03105051971523834,0.01122772964631519,0.9540028399235304,1.1526212333734014e-16,0.5741756138375844,parity_visibility,2.220446049250313e-16,0.0037189107149157834,
Type4,14,random_uniform_28,random,0.045866522298856696,0.13348733321944006,0.08004863187717838,0.7405975126045248,0.001,0.0042501520832543,0.03151120640654099,0.011948620310673638,0.952290021199531,5.831579116719626e-17,0.5684498709055237,parity_visibility,1.1102230246251565e-16,0.0042501520832543,
Type4,14,random_uniform_28,random,0.045866522298856696,0.13348733321944006,0.08004863187717838,0.7405975126045248,0.005,0.0066048996083755696,0.03355355225981542,0.015138057194317562,0.9447034909374913,1.2788254189979363e-16,0.543630805980936,parity_visibility,2.220446049250313e-16,0.0066048996083755696,
Type4,14,random_uniform_28,random,0.045866522298856696,0.13348733321944006,0.08004863187717838,0.7405975126045248,0.01,0.009533784213455318,0.03609463289679782,0.019091519603810232,0.9352800632859365,8.313574022944872e-17,0.5140066785971182,parity_visibility,1.1102230246251565e-16,0.009533784213455318,
Type4,14,random_uniform_28,random,0.045866522298856696,0.13348733321944006,0.08004863187717838,0.7405975126045248,0.02,0.015342876520245014,0.04113711830876925,0.026887380077132494,0.9166326250938531,7.643433255412407e-17,0.4591560154576616,parity_visibility,1.1102230246251565e-16,0.015342876520245014,
Type4,14,random_uniform_28,random,0.045866522298856696,0.13348733321944006,0.08004863187717838,0.7405975126045248,0.05,0.03237733111505921,0.05594388841689285,0.04938758458239849,0.8622911958856492,6.521421885725238e-17,0.32520133188238287,parity_visibility,2.220446049250313e-16,0.03237733111505921,
Type4,14,random_uniform_28,random,0.045866522298856696,0.13348733321944006,0.08004863187717838,0.7405975126045248,0.1,0.05943548471684834,0.07953038413326215,0.08394085388730434,0.777093277262585,9.300407008195899e-17,0.17890697831432323,parity_visibility,2.220446049250313e-16,0.05943548471684834,
Type4,14,random_uniform_28,random,0.045866522298856696,0.13348733321944006,0.08004863187717838,0.7405975126045248,0.15,0.08478505737679824,0.10171048259694446,0.11483985800049197,0.6986646020257651,2.320812723498214e-16,0.09542086669488727,parity_visibility,2.220446049250313e-16,0.08478505737679824,
Type4,14,random_uniform_28,random,0.045866522298856696,0.13348733321944006,0.08004863187717838,0.7405975126045248,0.2,0.10837609579490942,0.1224341334390273,0.1421362729014526,0.6270534978646105,2.933950371047031e-16,0.04916466691233886,parity_visibility,2.220446049250313e-16,0.10837609579490942,
Type4,14,random_uniform_28,random,0.045866522298856696,0.13348733321944006,0.08004863187717838,0.7405975126045248,0.3,0.15008974896937485,0.1593115899993317,0.18625047624084032,0.5043481847904528,1.091409212614531e-15,0.011557739828803853,parity_visibility,2.220446049250313e-16,0.15008974896937485,
Type4,14,random_uniform_29,random,0.11878339291633033,0.4330427756575373,0.44317416857455993,0.004999662851572394,0.0,0.03544530195003086,0.47109535637039174,0.4933965461588925,6.279552068474564e-05,1.955000672516158e-16,0.39806388030228107,parity_visibility,1.1102230246251565e-16,6.279552068474564e-05,
Type4,14,random_uniform_29,random,0.11878339291633033,0.4330427756575373,0.44317416857455993,0.004999662851572394,0.0001,0.035515319273419665,0.471023536525272,0.49331713862418897,0.0001440055771192434,2.340822279690509e-16,0.39763641380551806,parity_visibility,1.1102230246251565e-16,0.0001440055771192434,
Type4,14,random_uniform_29,random,0.11878339291633033,0.4330427756575373,0.44317416857455993,0.004999662851572394,0.001,0.036144852918283205,0.47037779241607586,0.49260317628040506,0.0008741783852356652,2.4703198913202816e-16,0.39380807350631164,parity_visibility,2.220446049250313e-16,0.0008741783852356652,
Type4,14,random_uniform_29,random,0.11878339291633033,0.4330427756575373,0.44317416857455993,0.004999662851572394,0.005,0.0389292373773527,0.46752162786272927,0.4894453639835186,0.0041037707763991816,1.9024307110219665e-16,0.3771978591893112,parity_visibility,1.1102230246251565e-16,0.0041037707763991816,
Type4,14,random_uniform_29,random,0.11878339291633033,0.4330427756575373,0.44317416857455993,0.004999662851572394,0.01,0.04237866474920921,0.4639830872334488,0.485533304024718,0.008104943992623884,2.2121001154399118e-16,0.3573371022997309,parity_visibility,1.1102230246251565e-16,0.008104943992623884,
Type4,14,random_uniform_29,random,0.11878339291633033,0.4330427756575373,0.44317416857455993,0.004999662851572394,0.02,0.04917427136414549,0.45701129480759833,0.4778262382513119,0.0159881955769441,2.1218298418278172e-16,0.32045640477615434,parity_visibility,2.220446049250313e-16,0.0159881955769441,
Type4,14,random_uniform_29,random,0.11878339291633033,0.4330427756575373,0.44317416857455993,0.004999662851572394,0.05,0.06874037344173102,0.43693297898367933,0.4556355105874787,0.03869113698711076,2.2798956150000482e-16,0.22969204614940547,parity_visibility,2.220446049250313e-16,0.03869113698711076,
Type4,14,random_uniform_29,random,0.11878339291633033,0.4330427756575373,0.44317416857455993,0.004999662851572394,0.1,0.09865386895015905,0.40622033580975336,0.4217083121870965,0.07341748305299077,1.6399335339222707e-16,0.1289872231083516,parity_visibility,3.3306690738754696e-16,0.07341748305299077,
Type4,14,random_uniform_29,random,0.11878339291633033,0.4330427756575373,0.44317416857455993,0.004999662851572394,0.15,0.1252780723677359,0.37886510512614585,0.39151044540472696,0.10434637710139119,2.4048460589998737e-16,0.07027946758777695,parity_visibility,1.1102230246251565e-16,0.10434637710139119,
Type4,14,random_uniform_29,random,0.11878339291633033,0.4330427756575373,0.44317416857455993,0.004999662851572394,0.2,0.148724472672272,0.3547554430020491,0.3649156356938153,0.13160444863186355,7.619925303919436e-16,0.03701841797787449,parity_visibility,2.220446049250313e-16,0.13160444863186355,
Type4,14,random_uniform_29,random,0.11878339291633033,0.4330427756575373,0.44317416857455993,0.004999662851572394,0.3,0.18663297245809465,0.3157203881623234,0.3219131521176694,0.17573348726191232,8.781794368155483e-16,0.00911127591635829,parity_visibility,2.220446049250313e-16,0.17573348726191232,
Type4,14,random_uniform_30,random,0.2938865116544613,0.004279665011555718,0.3368126007332137,0.3650212226007694,0.0,0.25931206520064876,5.498990487563618e-05,0.34059641915392297,0.4000365257405526,1.3891844684900393e-16,0.3330708182266704,parity_visibility,1.1102230246251565e-16,5.498990487563618e-05,
Type4,14,random_uniform_30,random,0.2938865116544613,0.004279665011555718,0.3368126007332137,0.3650212226007694,0.0001,0.2593027909307222,0.00013647588122442614,0.34057071764301616,0.399990015545037,1.407969944816918e-16,0.3327213005232723,parity_visibility,1.1102230246251565e-16,0.00013647588122442614,
Type4,14,random_uniform_30,random,0.2938865116544613,0.004279665011555718,0.3368126007332137,0.3650212226007694,0.001,0.25921949137960065,0.0008690845453197459,0.34033959509760753,0.3995718289774718,1.7737535336730174e-16,0.32959065289986483,parity_visibility,3.3306690738754696e-16,0.0008690845453197459,
Type4,14,random_uniform_30,random,0.2938865116544613,0.004279665011555718,0.3368126007332137,0.3650212226007694,0.005,0.2588529390367207,0.00410847924781363,0.3393165433050744,0.39772203841039117,1.609445052660336e-16,0.3159989096477144,parity_visibility,0.0,0.00410847924781363,
Type4,14,random_uniform_30,random,0.2938865116544613,0.004279665011555718,0.3368126007332137,0.3650212226007694,0.01,0.2584031246078998,0.00811959614015982,0.3380472729737235,0.39543000627821656,1.4935365505733775e-16,0.29972823530940235,parity_visibility,2.220446049250313e-16,0.00811959614015982,
Type4,14,random_uniform_30,random,0.2938865116544613,0.004279665011555718,0.3368126007332137,0.3650212226007694,0.02,0.2575311252792496,0.01601530063849898,0.33554051012346336,0.390913063958788,1.8089984500667889e-16,0.2694552620386885,parity_visibility,1.1102230246251565e-16,0.01601530063849898,
Type4,14,random_uniform_30,random,0.2938865116544613,0.004279665011555718,0.3368126007332137,0.3650212226007694,0.05,0.2551305893325286,0.03870108583651131,0.32827366738536745,0.37789465744559253,1.498188970907989e-16,0.1945723894287653,parity_visibility,0.0,0.03870108583651131,
Type4,14,random_uniform_30,random,0.2938865116544613,0.004279665011555718,0.3368126007332137,0.3650212226007694,0.1,0.2518098764132275,0.07324975844877286,0.31700086185360604,0.3579395032843936,1.6595524572818715e-16,0.11063126271185603,parity_visibility,0.0,0.07324975844877286,
Type4,14,random_uniform_30,random,0.2938865116544613,0.004279665011555718,0.3368126007332137,0.3650212226007694,0.15,0.24926863632802215,0.10387176520767327,0.3067621624725839,0.34009743599172054,1.8967826026764147e-16,0.061034740236481824,parity_visibility,0.0,0.10387176520767327,
Type4,14,random_uniform_30,random,0.2938865116544613,0.004279665011555718,0.3368126007332137,0.3650212226007694,0.2,0.24742260109870498,0.13075571015005483,0.29753668202111716,0.32428500673012284,5.016377628186277e-16,0.03255212876056823,parity_visibility,2.220446049250313e-16,0.13075571015005483,
Type4,14,random_uniform_30,random,0.2938865116544613,0.004279665011555718,0.3368126007332137,0.3650212226007694,0.3,0.24546923811111732,0.17414989955837673,0.28201470620109037,0.2983661561294154,1.8946264182883872e-15,0.008211688278097366,parity_visibility,1.1102230246251565e-16,0.17414989955837673,
Type4,14,random_uniform_31,random,0.2167238824371965,0.0005910535079858386,0.39676564097540207,0.3859194230794156,0.0,0.1329344362626346,9.887296375244879e-07,0.4455455047115626,0.4215190702961651,6.770550682614217e-17,0.35332636553147156,parity_visibility,2.220446049250313e-16,9.887296375244879e-07,
Type4,14,random_uniform_31,random,0.2167238824371965,0.0005910535079858386,0.39676564097540207,0.3859194230794156,0.0001,0.13296523684231265,7.718277481176924e-05,0.44548790518429937,0.4214696751985761,7.707161050969616e-17,0.3529525545355138,parity_visibility,2.220446049250313e-16,7.718277481176924e-05,
Type4,14,random_uniform_31,random,0.2167238824371965,0.0005910535079858386,0.39676564097540207,0.3859194230794156,0.001,0.13324225060610959,0.0007622939569692129,0.4449699628814551,0.42102549255546595,9.136647261771052e-17,0.3496044660569205,parity_visibility,2.220446049250313e-16,0.0007622939569692129,
Type4,14,random_uniform_31,random,0.2167238824371965,0.0005910535079858386,0.39676564097540207,0.3859194230794156,0.005,0.13446925136774085,0.0037934075492366973,0.4426778677354779,0.4190594733475443,7.412018848002452e-17,0.3350719949564481,parity_visibility,2.220446049250313e-16,0.0037934075492366973,
Type4,14,random_uniform_31,random,0.2167238824371965,0.0005910535079858386,0.39676564097540207,0.3859194230794156,0.01,0.135993415434985,0.0075505988458445875,0.4398353910207662,0.4166205946984042,1.866959903143054e-16,0.31768244600870826,parity_visibility,1.1102230246251565e-16,0.0075505988458445875,
Type4,14,random_uniform_31,random,0.2167238824371965,0.0005910535079858386,0.39676564097540207,0.3859194230794156,0.02,0.13900972850299856,0.014959576448317627,0.43422577987930666,0.4118049151693769,6.593996713068763e-17,0.2853501287571674,parity_visibility,2.220446049250313e-16,0.014959576448317627,
Type4,14,random_uniform_31,random,0.2167238824371965,0.0005910535079858386,0.39676564097540207,0.3859194230794156,0.05,0.14780150245091556,0.03634854373862342,0.417996998855305,0.39785295495515566,6.695360930129369e-17,0.20551767874604232,parity_visibility,4.440892098500626e-16,0.03634854373862342,
Type4,14,random_uniform_31,random,0.2167238824371965,0.0005910535079858386,0.39676564097540207,0.3859194230794156,0.1,0.16159124173642692,0.06924239196636335,0.39292876367598506,0.37623760262122447,1.891298225747963e-16,0.11635202754831994,parity_visibility,2.220446049250313e-16,0.06924239196636335,
Type4,14,random_uniform_31,random,0.2167238824371965,0.0005910535079858386,0.39676564097540207,0.3859194230794156,0.15,0.17429398294120432,0.09877324995544327,0.3702912044367087,0.3566415626666437,2.338107900593781e-16,0.06391592487687156,parity_visibility,0.0,0.09877324995544327,
Type4,14,random_uniform_31,random,0.2167238824371965,0.0005910535079858386,0.39676564097540207,0.3859194230794156,0.2,0.18590533400156214,0.12504895643638583,0.350022455488987,0.3390232540730647,2.6624386440333545e-16,0.03394407937235533,parity_visibility,2.220446049250313e-16,0.12504895643638583,
Type4,14,random_uniform_31,random,0.2167238824371965,0.0005910535079858386,0.39676564097540207,0.3859194230794156,0.3,0.20586777266512477,0.16835576796375018,0.31627819563271037,0.30949826373841455,6.044239689498433e-16,0.008492051125756631,parity_visibility,2.220446049250313e-16,0.16835576796375018,
Type4,14,random_uniform_32,random,0.13534986404050386,0.4628827029739982,0.2317972941904191,0.16997013879507886,0.0,0.05812054690692592,0.6797605384871169,0.1704632517286335,0.09165566287732335,2.468374148719484e-16,0.31519981608431547,parity_visibility,2.220446049250313e-16,0.05812054690692592,
Type4,14,random_uniform_32,random,0.13534986404050386,0.4628827029739982,0.2317972941904191,0.16997013879507886,0.0001,0.05819529776624374,0.6796123776743624,0.1704858270389527,0.09170649752044084,2.9453918887790413e-16,0.31487173179255745,parity_visibility,3.3306690738754696e-16,0.05819529776624374,
Type4,14,random_uniform_32,random,0.13534986404050386,0.4628827029739982,0.2317972941904191,0.16997013879507886,0.001,0.05886717324430366,0.6782804582464426,0.17068883478761698,0.09216353372163674,2.889449179541343e-16,0.3119329272198651,parity_visibility,0.0,0.05886717324430366,
Type4,14,random_uniform_32,random,0.13534986404050386,0.4628827029739982,0.2317972941904191,0.16997013879507886,0.005,0.061834110760574754,0.672394038113043,0.17158738973505658,0.09418446139132551,2.825464906397309e-16,0.2991711664480572,parity_visibility,1.1102230246251565e-16,0.061834110760574754,
Type4,14,random_uniform_32,random,0.13534986404050386,0.4628827029739982,0.2317972941904191,0.16997013879507886,0.01,0.06549892932988427,0.6651120491689876,0.17270209139061646,0.09668693011051147,2.634793770316929e-16,0.28388764936801225,parity_visibility,2.220446049250313e-16,0.06549892932988427,
Type4,14,random_uniform_32,random,0.13534986404050386,0.4628827029739982,0.2317972941904191,0.16997013879507886,0.02,0.07268349886404447,0.6507999898892689,0.1749032329011611,0.10161327834552525,2.5567803495046743e-16,0.2554315877876822,parity_visibility,2.220446049250313e-16,0.07268349886404447,
Type4,14,random_uniform_32,random,0.13534986404050386,0.4628827029739982,0.2317972941904191,0.16997013879507886,0.05,0.09309798657985227,0.609849543117116,0.1812814831708269,0.1157709871322047,2.2597285855565527e-16,0.1849156131445032,parity_visibility,1.1102230246251565e-16,0.09309798657985227,
Type4,14,random_uniform_32,random,0.13534986404050386,0.4628827029739982,0.2317972941904191,0.16997013879507886,0.1,0.12347041513469816,0.5480137930491413,0.19116835890063996,0.13734743291552043,2.2845233655011436e-16,0.10558396386033966,parity_visibility,1.1102230246251565e-16,0.12347041513469816,
Type4,14,random_uniform_32,random,0.13534986404050386,0.4628827029739982,0.2317972941904191,0.16997013879507886,0.15,0.14955007477298946,0.49381114477772764,0.20014101144424862,0.15649776900503412,3.0027284594811504e-16,0.05849273748996893,parity_visibility,1.1102230246251565e-16,0.14955007477298946,
Type4,14,random_uniform_32,random,0.13534986404050386,0.4628827029739982,0.2317972941904191,0.16997013879507886,0.2,0.17166237665538006,0.4467727142801577,0.20822082937131334,0.17334407969314883,2.4851860735468285e-16,0.031324042844597624,parity_visibility,1.1102230246251565e-16,0.17166237665538006,
Type4,14,random_uniform_32,random,0.13534986404050386,0.4628827029739982,0.2317972941904191,0.16997013879507886,0.3,0.2053375869069748,0.37219602804569785,0.22180982176545738,0.20065656328186973,5.105761648736474e-16,0.007964330604875374,parity_visibility,2.220446049250313e-16,0.20065656328186973,
Type4,14,random_uniform_33,random,0.7681127371509597,0.01748626897008263,0.13231190621212618,0.08208908766683153,0.0,0.9600505929144548,0.0004975520216477201,0.028486693262718278,0.010965161801179063,4.307417189094704e-16,0.6145480054154924,parity_visibility,2.220446049250313e-16,0.0004975520216477201,
Type4,14,random_uniform_33,random,0.7681127371509597,0.01748626897008263,0.13231190621212618,0.08208908766683153,0.0001,0.959862338952025,0.0005792586362539404,0.028537502183488668,0.011020900228232421,4.566807403340549e-16,0.6138609008005,parity_visibility,0.0,0.0005792586362539404,
Type4,14,random_uniform_33,random,0.7681127371509597,0.01748626897008263,0.13231190621212618,0.08208908766683153,0.001,0.9581691875045564,0.0013139656903257437,0.028994557914496264,0.01152228889062164,4.140276622273575e-16,0.6077086295509027,parity_visibility,0.0,0.0013139656903257437,
Type4,14,random_uniform_33,random,0.7681127371509597,0.01748626897008263,0.13231190621212618,0.08208908766683153,0.005,0.9506687820856179,0.004565120768038441,0.03102102081711836,0.013745076329225002,4.597646365321042e-16,0.581044248730816,parity_visibility,4.440892098500626e-16,0.004565120768038441,
Type4,14,random_uniform_33,random,0.7681127371509597,0.01748626897008263,0.13231190621212618,0.08208908766683153,0.01,0.9413500643456442,0.008596440354229165,0.03354283340673179,0.016510661893394816,4.618037536388498e-16,0.549225355766783,parity_visibility,1.1102230246251565e-16,0.008596440354229165,
Type4,14,random_uniform_33,random,0.7681127371509597,0.01748626897008263,0.13231190621212618,0.08208908766683153,0.02,0.9229022574136683,0.01655033472099849,0.03854874087794593,0.0219986669873872,4.357391758684357e-16,0.49033511817558795,parity_visibility,1.1102230246251565e-16,0.01655033472099849,
Type4,14,random_uniform_33,random,0.7681127371509597,0.01748626897008263,0.13231190621212618,0.08208908766683153,0.05,0.8690820938199613,0.03954229792396109,0.05326154263595211,0.03811406562012533,3.8562491731867854e-16,0.34667142697314945,parity_visibility,2.220446049250313e-16,0.03811406562012533,
Type4,14,random_uniform_33,random,0.7681127371509597,0.01748626897008263,0.13231190621212618,0.08208908766683153,0.1,0.7844997753857181,0.07496746853713793,0.07674444235998679,0.06378831371715683,3.4826213504585177e-16,0.1901287342195707,parity_visibility,2.220446049250313e-16,0.06378831371715683,
Type4,14,random_uniform_33,random,0.7681127371509597,0.01748626897008263,0.13231190621212618,0.08208908766683153,0.15,0.7063833786204791,0.10679040209897969,0.09888742255186549,0.08793879672867556,3.008473014257488e-16,0.10107254993596707,parity_visibility,2.220446049250313e-16,0.08793879672867556,
Type4,14,random_uniform_33,random,0.7681127371509597,0.01748626897008263,0.13231190621212618,0.08208908766683153,0.2,0.6348014535310829,0.13504510894375987,0.11963951838991502,0.11051391913524203,2.778079778150401e-16,0.051895093777305126,parity_visibility,2.220446049250313e-16,0.11051391913524203,
Type4,14,random_uniform_33,random,0.7681127371509597,0.01748626897008263,0.13231190621212618,0.08208908766683153,0.3,0.5114175021615421,0.18109672454914147,0.15675873134040866,0.15072704194890757,1.166638094793305e-15,0.012107694866507451,parity_visibility,2.220446049250313e-16,0.15072704194890757,
Type4,14,random_uniform_34,random,0.49825367017970795,0.03836416512178203,0.3507806581874463,0.11260150651106372,0.0,0.6440619892617035,0.0038183713195037426,0.3192257628624166,0.03289387655637597,2.9643351039473325e-16,0.38545469844001956,parity_visibility,2.220446049250313e-16,0.0038183713195037426,
Type4,14,random_uniform_34,random,0.49825367017970795,0.03836416512178203,0.3507806581874463,0.11260150651106372,0.0001,0.6439357696392257,0.0039032295292751496,0.3191992441026826,0.03296175672881646,2.9855438711664993e-16,0.3850423546422046,parity_visibility,0.0,0.0039032295292751496,
Type4,14,random_uniform_34,random,0.49825367017970795,0.03836416512178203,0.3507806581874463,0.11260150651106372,0.001,0.6428008978866261,0.0046661390636880415,0.3189608591732256,0.03357210387646021,3.01109188233829e-16,0.3813493723881828,parity_visibility,0.0,0.0046661390636880415,
Type4,14,random_uniform_34,random,0.49825367017970795,0.03836416512178203,0.3507806581874463,0.11260150651106372,0.005,0.6377810689267066,0.008039129194253956,0.3179075463142345,0.0362722555648049,2.7174418384695095e-16,0.36532476597127456,parity_visibility,0.0,0.008039129194253956,
Type4,14,random_uniform_34,random,0.49825367017970795,0.03836416512178203,0.3507806581874463,0.11260150651106372,0.01,0.6315614171308576,0.012214758622776366,0.316605051326932,0.039618772919433914,3.062614347576215e-16,0.3461605142523048,parity_visibility,2.220446049250313e-16,0.012214758622776366,
Type4,14,random_uniform_34,random,0.49825367017970795,0.03836416512178203,0.3507806581874463,0.11260150651106372,0.02,0.6193054229899696,0.02043113181704393,0.3140470015983195,0.046216443594666805,3.101079924100486e-16,0.3105617688962241,parity_visibility,2.220446049250313e-16,0.02043113181704393,
Type4,14,random_uniform_34,random,0.49825367017970795,0.03836416512178203,0.3507806581874463,0.11260150651106372,0.05,0.5839944660120754,0.044010571217971764,0.30674418064003767,0.06525078212991507,3.28474872254344e-16,0.22287854753295971,parity_visibility,0.0,0.044010571217971764,
Type4,14,random_uniform_34,random,0.49825367017970795,0.03836416512178203,0.3507806581874463,0.11260150651106372,0.1,0.5299298002806279,0.07981209062716922,0.29578062627052654,0.09447748282167628,2.408069128284057e-16,0.12542601771958842,parity_visibility,0.0,0.07981209062716922,
Type4,14,random_uniform_34,random,0.49825367017970795,0.03836416512178203,0.3507806581874463,0.11260150651106372,0.15,0.481703684052463,0.11137931054403603,0.2862673534581069,0.12064965194539405,4.0361234322342015e-16,0.06848591540363938,parity_visibility,1.1102230246251565e-16,0.11137931054403603,
Type4,14,random_uniform_34,random,0.49825367017970795,0.03836416512178203,0.3507806581874463,0.11260150651106372,0.2,0.4391188662835136,0.13889374202028515,0.27812753657505046,0.14385985512115057,2.1589740478101287e-16,0.03615192159823092,parity_visibility,2.220446049250313e-16,0.13889374202028515,
Type4,14,random_uniform_34,random,0.49825367017970795,0.03836416512178203,0.3507806581874463,0.11260150651106372,0.3,0.3699087761136254,0.18262005648900095,0.26561552663847193,0.18185564075890165,1.9497515711904245e-15,0.008936748608833187,parity_visibility,2.220446049250313e-16,0.18185564075890165,
Type4,14,random_uniform_35,random,0.11819297139023976,0.11837586985147298,0.5300063221092829,0.23342483664900426,0.0,0.03844383692808885,0.03856290930378962,0.7730463330961778,0.1499469206719436,6.67662261671355e-17,0.36337628088956986,parity_visibility,1.1102230246251565e-16,0.03844383692808885,
Type4,14,random_uniform_35,random,0.11819297139023976,0.11837586985147298,0.5300063221092829,0.23342483664900426,0.0001,0.03850467805798083,0.03862371023930074,0.7728803445341055,0.14999126716861286,1.1135297574196284e-16,0.3629904166259161,parity_visibility,1.1102230246251565e-16,0.03850467805798083,
Type4,14,random_uniform_35,random,0.11819297139023976,0.11837586985147298,0.5300063221092829,0.23342483664900426,0.001,0.039051792494535435,0.039170463310136,0.7713879069808536,0.15038983721447485,1.325362796021403e-16,0.3595344435191207,parity_visibility,1.1102230246251565e-16,0.039051792494535435,
Type4,14,random_uniform_35,random,0.11819297139023976,0.11837586985147298,0.5300063221092829,0.23342483664900426,0.005,0.04147348967930898,0.041590562773032226,0.7647866118304949,0.15214933571716366,1.097101359074826e-16,0.3445352244651925,parity_visibility,2.220446049250313e-16,0.04147348967930898,
Type4,14,random_uniform_35,random,0.11819297139023976,0.11837586985147298,0.5300063221092829,0.23342483664900426,0.01,0.04447784062200933,0.04459293569143661,0.7566078019029462,0.15432142178360772,9.700327241804019e-17,0.32659053894415446,parity_visibility,1.1102230246251565e-16,0.04447784062200933,
Type4,14,random_uniform_35,random,0.11819297139023976,0.11837586985147298,0.5300063221092829,0.23342483664900426,0.02,0.05041071357696157,0.05052191610949028,0.7404921558805717,0.15857521443297606,1.1591549814274675e-16,0.2932364654107865,parity_visibility,3.3306690738754696e-16,0.05041071357696157,
Type4,14,random_uniform_35,random,0.11819297139023976,0.11837586985147298,0.5300063221092829,0.23342483664900426,0.05,0.06760426569439568,0.0677042938215654,0.6940666563472545,0.17062478413678425,1.0762541877103911e-16,0.21094825188994643,parity_visibility,1.1102230246251565e-16,0.06760426569439568,
Type4,14,random_uniform_35,random,0.11819297139023976,0.11837586985147298,0.5300063221092829,0.23342483664900426,0.1,0.09425622366449063,0.09433927017228194,0.6229912334354979,0.18841327272772943,1.506012668207932e-16,0.11919042048458095,parity_visibility,1.1102230246251565e-16,0.09425622366449063,
Type4,14,random_uniform_35,random,0.11819297139023976,0.11837586985147298,0.5300063221092829,0.23342483664900426,0.15,0.1184336545206861,0.11850170281615462,0.559578877778147,0.2034857648850121,8.7255172066241e-17,0.06534544249647732,parity_visibility,2.220446049250313e-16,0.1184336545206861,
Type4,14,random_uniform_35,random,0.11819297139023976,0.11837586985147298,0.5300063221092829,0.23342483664900426,0.2,0.14018301058800395,0.14023795403825867,0.5035475949435362,0.21603144043020106,4.1165095936065113e-16,0.03463470429700505,parity_visibility,1.1102230246251565e-16,0.14018301058800395,
Type4,14,random_uniform_35,random,0.11819297139023976,0.11837586985147298,0.5300063221092829,0.23342483664900426,0.3,0.17665251544471533,0.17668651484402814,0.4122890094920831,0.23437196021917317,1.0295272366202973e-15,0.00863115489057377,parity_visibility,2.220446049250313e-16,0.17665251544471533,
Type4,14,random_uniform_36,random,0.11017418260148465,0.07747585739623315,0.7684382952858773,0.04391166471640492,0.0,0.01988047227240898,0.00983104774163617,0.9671303730865206,0.003158106899433987,9.380518599875528e-17,0.6105665069512174,parity_visibility,2.220446049250313e-16,0.003158106899433987,
Type4,14,random_uniform_36,random,0.11017418260148465,0.07747585739623315,0.7684382952858773,0.04391166471640492,0.0001,0.019933581073025588,0.009886989177162705,0.9669399903636189,0.0032394393861926896,1.2020107947678484e-16,0.6098841775074693,parity_visibility,2.220446049250313e-16,0.0032394393861926896,
Type4,14,random_uniform_36,random,0.11017418260148465,0.07747585739623315,0.7684382952858773,0.04391166471640492,0.001,0.020411321889777116,0.010390204893721413,0.9652276960206844,0.003970777195817075,1.2989993413894606e-16,0.6037746471632623,parity_visibility,0.0,0.003970777195817075,
Type4,14,random_uniform_36,random,0.11017418260148465,0.07747585739623315,0.7684382952858773,0.04391166471640492,0.005,0.022529417067395637,0.01262111199375718,0.9576425584731542,0.007206912465692741,1.2267056495060991e-16,0.5772951789711602,parity_visibility,3.3306690738754696e-16,0.007206912465692741,
Type4,14,random_uniform_36,random,0.11017418260148465,0.07747585739623315,0.7684382952858773,0.04391166471640492,0.01,0.025165077057031623,0.015396845356510428,0.9482187235342708,0.011219354052186704,1.3094905828145045e-16,0.5456962157612888,parity_visibility,4.440892098500626e-16,0.011219354052186704,
Type4,14,random_uniform_36,random,0.11017418260148465,0.07747585739623315,0.7684382952858773,0.04391166471640492,0.02,0.030396364009442962,0.020905137236133266,0.9295633441518131,0.01913515460261052,1.186764200064936e-16,0.48721076974514693,parity_visibility,2.220446049250313e-16,0.01913515460261052,
Type4,14,random_uniform_36,random,0.11017418260148465,0.07747585739623315,0.7684382952858773,0.04391166471640492,0.05,0.0457666783325563,0.03708127030662833,0.8751417918034087,0.0420102595574066,1.0104700013119717e-16,0.3445199841139652,parity_visibility,1.1102230246251565e-16,0.03708127030662833,
Type4,14,random_uniform_36,random,0.11017418260148465,0.07747585739623315,0.7684382952858773,0.04391166471640492,0.1,0.07028267601638599,0.06285594402153452,0.7896283831682827,0.07723299679379662,1.143661452169947e-16,0.1890042414538057,parity_visibility,2.220446049250313e-16,0.06285594402153452,
Type4,14,random_uniform_36,random,0.11017418260148465,0.07747585739623315,0.7684382952858773,0.04391166471640492,0.15,0.09337917497465359,0.08710515042297508,0.710669876924703,0.10884579767766817,1.2293831031358724e-16,0.10050621459837364,parity_visibility,2.220446049250313e-16,0.08710515042297508,
Type4,14,random_uniform_36,random,0.11017418260148465,0.07747585739623315,0.7684382952858773,0.04391166471640492,0.2,0.11500407469258334,0.10977646114192285,0.6383342619177393,0.13688520224775444,2.099354872063506e-16,0.051621487286215045,parity_visibility,0.0,0.10977646114192285,
Type4,14,random_uniform_36,random,0.11017418260148465,0.07747585739623315,0.7684382952858773,0.04391166471640492,0.3,0.15362377627199897,0.15017101542384584,0.5137024198034266,0.1825027885007284,5.754179069855626e-16,0.012052585802773196,parity_visibility,2.220446049250313e-16,0.15017101542384584,
Type4,14,random_uniform_37,random,0.33149435364600427,0.11245468996853732,0.13778540501471875,0.4182655513707397,0.0,0.3472369746048286,0.03996030900781421,0.05999017475519689,0.5528125416321602,1.4180031295782612e-16,0.3164654530936407,parity_visibility,0.0,0.03996030900781421,
Type4,14,random_uniform_37,random,0.33149435364600427,0.11245468996853732,0.13778540501471875,0.4182655513707397,0.0001,0.3471993490688451,0.04003267385117251,0.060061008543471954,0.5527069685365102,1.9161675169676234e-16,0.3161358508725137,parity_visibility,2.220446049250313e-16,0.04003267385117251,
Type4,14,random_uniform_37,random,0.33149435364600427,0.11245468996853732,0.13778540501471875,0.4182655513707397,0.001,0.3468611596399878,0.04068321292661842,0.06069771449545995,0.5517579129379336,1.6861242220032745e-16,0.3131834598393066,parity_visibility,2.220446049250313e-16,0.04068321292661842,
Type4,14,random_uniform_37,random,0.33149435364600427,0.11245468996853732,0.13778540501471875,0.4182655513707397,0.005,0.3453676677911473,0.04355830897215725,0.06351016869194695,0.5475638545447483,2.243195767346339e-16,0.3003629191213129,parity_visibility,2.220446049250313e-16,0.04355830897215725,
Type4,14,random_uniform_37,random,0.33149435364600427,0.11245468996853732,0.13778540501471875,0.4182655513707397,0.01,0.34352269559714693,0.04711512575799146,0.06698604690102397,0.5423761317438375,1.773219874537242e-16,0.28500949086616223,parity_visibility,1.1102230246251565e-16,0.04711512575799146,
Type4,14,random_uniform_37,random,0.33149435364600427,0.11245468996853732,0.13778540501471875,0.4182655513707397,0.02,0.3399051824911949,0.05410598807616512,0.07380643656398055,0.5321823928686593,1.2048450608020737e-16,0.25642475431507755,parity_visibility,1.1102230246251565e-16,0.05410598807616512,
Type4,14,random_uniform_37,random,0.33149435364600427,0.11245468996853732,0.13778540501471875,0.4182655513707397,0.05,0.3296216377996719,0.07411067954835096,0.09323459366629154,0.5030330889856853,1.4186467126510375e-16,0.1855995128698113,parity_visibility,2.220446049250313e-16,0.07411067954835096,
Type4,14,random_uniform_37,random,0.33149435364600427,0.11245468996853732,0.13778540501471875,0.4182655513707397,0.1,0.31430751705906446,0.10432398196849917,0.12229433619275569,0.4590741647796806,1.1447381622471865e-16,0.10594141713423667,parity_visibility,0.0,0.10432398196849917,
Type4,14,random_uniform_37,random,0.33149435364600427,0.11245468996853732,0.13778540501471875,0.4182655513707397,0.15,0.30114108983423177,0.1308137743822729,0.1474337537334342,0.4206113820500609,4.44176757239339e-16,0.05867276392207196,parity_visibility,3.3306690738754696e-16,0.1308137743822729,
Type4,14,random_uniform_37,random,0.33149435364600427,0.11245468996853732,0.13778540501471875,0.4182655513707397,0.2,0.2899619922726395,0.15380695541095687,0.16893013227542156,0.3873009200409819,9.253675696201914e-17,0.03141101675761614,parity_visibility,2.220446049250313e-16,0.15380695541095687,
Type4,14,random_uniform_37,random,0.33149435364600427,0.11245468996853732,0.13778540501471875,0.4182655513707397,0.3,0.2728973369339343,0.19026977081460644,0.20215578063540862,0.3346771116160505,1.5159422720570859e-15,0.007981848650213605,parity_visibility,1.1102230246251565e-16,0.19026977081460644,
Type4,14,random_uniform_38,random,0.17828877516880962,0.02657859631861031,0.48516922987254896,0.30996339864003114,0.0,0.08733625916139014,0.0019409335419266992,0.6467450034409676,0.26397780385571545,1.6410511055158383e-16,0.36395979924506283,parity_visibility,1.1102230246251565e-16,0.0019409335419266992,
Type4,14,random_uniform_38,random,0.17828877516880962,0.02657859631861031,0.48516922987254896,0.30996339864003114,0.0001,0.08738086685134078,0.0020143486676829337,0.6466214302936362,0.26398335418734,8.990742910771998e-17,0.3635732351443762,parity_visibility,1.1102230246251565e-16,0.0020143486676829337,
Type4,14,random_uniform_38,random,0.17828877516880962,0.02657859631861031,0.48516922987254896,0.30996339864003114,0.001,0.08778203217266801,0.002674506276405166,0.6455103286707853,0.26403313288014135,1.0755729970915697e-16,0.3601109980384736,parity_visibility,2.220446049250313e-16,0.002674506276405166,
Type4,14,random_uniform_38,random,0.17828877516880962,0.02657859631861031,0.48516922987254896,0.30996339864003114,0.005,0.08955837033635099,0.005595946268234349,0.640595096430684,0.26425058696473036,2.2833990107810006e-16,0.3450846786569779,parity_visibility,3.3306690738754696e-16,0.005595946268234349,
Type4,14,random_uniform_38,random,0.17828877516880962,0.02657859631861031,0.48516922987254896,0.30996339864003114,0.01,0.09176359327180653,0.009218855546945967,0.6345037848036496,0.2645137663775978,1.2837144550822597e-16,0.3271077607868321,parity_visibility,1.1102230246251565e-16,0.009218855546945967,
Type4,14,random_uniform_38,random,0.17828877516880962,0.02657859631861031,0.48516922987254896,0.30996339864003114,0.02,0.09612335321221396,0.01636852832565535,0.6224964596715543,0.26501165879057603,1.649079831118608e-16,0.29369436202294796,parity_visibility,4.440892098500626e-16,0.01636852832565535,
Type4,14,random_uniform_38,random,0.17828877516880962,0.02657859631861031,0.48516922987254896,0.30996339864003114,0.05,0.10879687935758091,0.037051589921486265,0.5878676080150728,0.2662839227058599,1.71985720064564e-16,0.21126356191967333,parity_visibility,2.220446049250313e-16,0.037051589921486265,
Type4,14,random_uniform_38,random,0.17828877516880962,0.02657859631861031,0.48516922987254896,0.30996339864003114,0.1,0.12856669808626098,0.06899483013228179,0.5347286341241718,0.267709837657285,1.157777802534067e-16,0.11935522330325106,parity_visibility,4.440892098500626e-16,0.06899483013228179,
Type4,14,random_uniform_38,random,0.17828877516880962,0.02657859631861031,0.48516922987254896,0.30996339864003114,0.15,0.1466497678760103,0.09783110399684039,0.4871694358860236,0.26834969224112554,7.386060557349151e-17,0.06542844317268381,parity_visibility,2.220446049250313e-16,0.09783110399684039,
Type4,14,random_uniform_38,random,0.17828877516880962,0.02657859631861031,0.48516922987254896,0.30996339864003114,0.2,0.16305837262707104,0.12363685617656789,0.4450018552307658,0.2683029159655952,1.2805124633526105e-16,0.034674803373060385,parity_visibility,0.0,0.12363685617656789,
Type4,14,random_uniform_38,random,0.17828877516880962,0.02657859631861031,0.48516922987254896,0.30996339864003114,0.3,0.1909489274607152,0.1665492007297194,0.37593434511787444,0.2665675266916908,2.0070161133779252e-15,0.00863923153571921,parity_visibility,1.1102230246251565e-16,0.1665492007297194,
Type4,14,random_uniform_39,random,0.16413472920279065,0.09067695203236813,0.6974139300100803,0.047774388754761095,0.0,0.051429190213111445,0.015696489984875158,0.9285172050435784,0.004357114758434829,1.8836402620196784e-16,0.5238311009533497,parity_visibility,2.220446049250313e-16,0.004357114758434829,
Type4,14,random_uniform_39,random,0.16413472920279065,0.09067695203236813,0.6974139300100803,0.047774388754761095,0.0001,0.05147703359525497,0.01575488976180827,0.9283275726672168,0.004440503975719887,1.4459871070634685e-16,0.5232527967705086,parity_visibility,1.1102230246251565e-16,0.004440503975719887,
Type4,14,random_uniform_39,random,0.16413472920279065,0.09067695203236813,0.6974139300100803,0.047774388754761095,0.001,0.051907387514141375,0.016280174424845945,0.926622149465475,0.005190288595537375,1.444679321270014e-16,0.5180743605394973,parity_visibility,2.220446049250313e-16,0.005190288595537375,
Type4,14,random_uniform_39,random,0.16413472920279065,0.09067695203236813,0.6974139300100803,0.047774388754761095,0.005,0.053814915295371885,0.018607943755487882,0.9190701163575015,0.008507024591638438,1.21065213201118e-16,0.49562314251659,parity_visibility,3.3306690738754696e-16,0.008507024591638438,
Type4,14,random_uniform_39,random,0.16413472920279065,0.09067695203236813,0.6974139300100803,0.047774388754761095,0.01,0.056187461914469196,0.021501950934089884,0.909693533821608,0.01261705332983262,1.426403033181232e-16,0.4688152640426225,parity_visibility,2.220446049250313e-16,0.01261705332983262,
Type4,14,random_uniform_39,random,0.16413472920279065,0.09067695203236813,0.6974139300100803,0.047774388754761095,0.02,0.060892853151476,0.027237455252537193,0.8911521028510724,0.020717588744914254,1.0316358917824319e-16,0.41914804611869255,parity_visibility,2.220446049250313e-16,0.020717588744914254,
Type4,14,random_uniform_39,random,0.16413472920279065,0.09067695203236813,0.6974139300100803,0.047774388754761095,0.05,0.07468838736454275,0.04402082049073713,0.8372252961344043,0.04406549601031558,1.0780942721420532e-16,0.2976516325255031,parity_visibility,1.1102230246251565e-16,0.04402082049073713,
Type4,14,random_uniform_39,random,0.16413472920279065,0.09067695203236813,0.6974139300100803,0.047774388754761095,0.1,0.09659175636421102,0.0705622292060136,0.7530257550473977,0.07982025938237752,1.510534312031419e-16,0.1645076009413366,parity_visibility,2.220446049250313e-16,0.0705622292060136,
Type4,14,random_uniform_39,random,0.16413472920279065,0.09067695203236813,0.6974139300100803,0.047774388754761095,0.15,0.11709656085285174,0.09527895674708851,0.6759481958214325,0.11167628657862695,9.754017788149672e-17,0.08816881804331766,parity_visibility,3.3306690738754696e-16,0.09527895674708851,
Type4,14,random_uniform_39,random,0.16413472920279065,0.09067695203236813,0.6974139300100803,0.047774388754761095,0.2,0.13616048022863064,0.11813151519814688,0.6059968916274144,0.13971111294580799,2.6345042802102887e-16,0.04566107557155705,parity_visibility,1.1102230246251565e-16,0.11813151519814688,
Type4,14,random_uniform_39,random,0.16413472920279065,0.09067695203236813,0.6974139300100803,0.047774388754761095,0.3,0.16980826518258488,0.1581101028334935,0.48731646411893437,0.1847651678649872,1.0084134863546407e-15,0.010852056137861311,parity_visibility,1.1102230246251565e-16,0.1581101028334935,
Type4,14,random_boundary_00,random,0.2381911145480263,0.004533006360660349,0.412450402767446,0.34482547632386745,0.0,0.16408047187742378,5.942626565958972e-05,0.49198203807050617,0.34387806378641017,1.702835488995579e-16,0.345775499061307,parity_visibility,3.3306690738754696e-16,5.942626565958972e-05,
Type4,14,random_boundary_00,random,0.2381911145480263,0.004533006360660349,0.412450402767446,0.34482547632386745,0.0001,0.16410168223546834,0.0001371524297034195,0.4919070541341804,0.3438541112006476,1.101173292839671e-16,0.3454107441232024,parity_visibility,2.220446049250313e-16,0.0001371524297034195,
Type4,14,random_boundary_00,random,0.2381911145480263,0.004533006360660349,0.412450402767446,0.34482547632386745,0.001,0.16429246533856887,0.0008360149195969647,0.49123284438262776,0.34363867535920634,1.1116577499007451e-16,0.34214371328466986,parity_visibility,1.1102230246251565e-16,0.0008360149195969647,
Type4,14,random_boundary_00,random,0.2381911145480263,0.004533006360660349,0.412450402767446,0.34482547632386745,0.005,0.16513798869161792,0.003927425931224672,0.48825040705154865,0.34268417832560855,1.0922036150210359e-16,0.3279619268761761,parity_visibility,2.220446049250313e-16,0.003927425931224672,
Type4,14,random_boundary_00,random,0.2381911145480263,0.004533006360660349,0.412450402767446,0.34482547632386745,0.01,0.166189363740926,0.007758120565169922,0.4845545689779493,0.3414979467159546,9.439580134211057e-17,0.310989472201206,parity_visibility,2.220446049250313e-16,0.007758120565169922,
Type4,14,random_boundary_00,random,0.2381911145480263,0.004533006360660349,0.412450402767446,0.34482547632386745,0.02,0.16827358572870807,0.015307960730350331,0.47726992842192556,0.3391485251190159,1.2822346995530588e-16,0.2794248375593411,parity_visibility,2.220446049250313e-16,0.015307960730350331,
Type4,14,random_boundary_00,random,0.2381911145480263,0.004533006360660349,0.412450402767446,0.34482547632386745,0.05,0.17437621426405325,0.03707197013772801,0.45626583160838646,0.332285983989832,1.4287762963192002e-16,0.2014374918782953,parity_visibility,2.220446049250313e-16,0.03707197013772801,
Type4,14,random_boundary_00,random,0.2381911145480263,0.004533006360660349,0.412450402767446,0.34482547632386745,0.1,0.18403559709234227,0.07044329551593109,0.4240450435879866,0.3214760638037398,9.159436858116754e-17,0.11421943983112148,parity_visibility,2.220446049250313e-16,0.07044329551593109,
Type4,14,random_boundary_00,random,0.2381911145480263,0.004533006360660349,0.412450402767446,0.34482547632386745,0.15,0.19303625249903408,0.10028717280125647,0.3952125092315617,0.31146406546814753,1.1033820497729247e-16,0.06284187636225474,parity_visibility,2.220446049250313e-16,0.10028717280125647,
Type4,14,random_boundary_00,random,0.2381911145480263,0.004533006360660349,0.412450402767446,0.34482547632386745,0.2,0.20135908956286327,0.12673487809937395,0.36964424845659594,0.3022617838811667,2.9199311565390004e-16,0.033425187779622306,parity_visibility,2.220446049250313e-16,0.12673487809937395,
Type4,14,random_boundary_00,random,0.2381911145480263,0.004533006360660349,0.412450402767446,0.34482547632386745,0.3,0.21591587234739618,0.17005610124648213,0.3277187170856372,0.2863093093204842,1.683328194215498e-15,0.00838753741432667,parity_visibility,2.220446049250313e-16,0.17005610124648213,
Type4,14,random_boundary_01,random,0.06323788782628956,0.07369556019240787,0.8630622817872763,4.27019402626521e-06,0.0,0.005301598348381518,0.0072000375182128045,0.9874983641092315,2.4173800567806666e-11,9.561826834846622e-17,0.7543065683108972,parity_visibility,3.3306690738754696e-16,2.4173800567806666e-11,
Type4,14,random_boundary_01,random,0.06323788782628956,0.07369556019240787,0.8630622817872763,4.27019402626521e-06,0.0001,0.005354568352554704,0.007252502028143495,0.9873141770781562,7.875254114526745e-05,1.3507951847114926e-16,0.7534518456303423,parity_visibility,3.3306690738754696e-16,7.875254114526745e-05,
Type4,14,random_boundary_01,random,0.06323788782628956,0.07369556019240787,0.8630622817872763,4.27019402626521e-06,0.001,0.005831090751693284,0.007724478004984952,0.9856574869006411,0.0007869443426805247,1.5423150982096426e-16,0.7457992830789,parity_visibility,1.1102230246251565e-16,0.0007869443426805247,
Type4,14,random_boundary_01,random,0.06323788782628956,0.07369556019240787,0.8630622817872763,4.27019402626521e-06,0.005,0.007944441315389267,0.009817688171946979,0.9783160590237128,0.003921811488950803,1.7532571319723236e-16,0.7126440990147065,parity_visibility,2.220446049250313e-16,0.003921811488950803,
Type4,14,random_boundary_01,random,0.06323788782628956,0.07369556019240787,0.8630622817872763,4.27019402626521e-06,0.01,0.010575714175502748,0.012423937019079134,0.9691890117117292,0.007811337093688755,1.3818536292121078e-16,0.6731052316100571,parity_visibility,1.1102230246251565e-16,0.007811337093688755,
Type4,14,random_boundary_01,random,0.06323788782628956,0.07369556019240787,0.8630622817872763,4.27019402626521e-06,0.02,0.015803397684666504,0.017602078249235244,0.9511010619254266,0.015493462140671516,1.3579662001280716e-16,0.6000059997647541,parity_visibility,1.1102230246251565e-16,0.015493462140671516,
Type4,14,random_boundary_01,random,0.06323788782628956,0.07369556019240787,0.8630622817872763,4.27019402626521e-06,0.05,0.031204719897330268,0.03285883486443303,0.8981731641258258,0.03776328111241076,1.1538920945165167e-16,0.42219137627091463,parity_visibility,1.1102230246251565e-16,0.031204719897330268,
Type4,14,random_boundary_01,random,0.06323788782628956,0.07369556019240787,0.8630622817872763,4.27019402626521e-06,0.1,0.05591436068277573,0.05734117197204005,0.8144596607540314,0.07228480659115265,1.4224611681727708e-16,0.2296006803573705,parity_visibility,1.1102230246251565e-16,0.05591436068277573,
Type4,14,random_boundary_01,random,0.06323788782628956,0.07369556019240787,0.8630622817872763,4.27019402626521e-06,0.15,0.07938511214384593,0.08060184795171944,0.7364571702792275,0.10355586962520688,1.4994214358258418e-16,0.12095205349703558,parity_visibility,2.220446049250313e-16,0.07938511214384593,
Type4,14,random_boundary_01,random,0.06323788782628956,0.07369556019240787,0.8630622817872763,4.27019402626521e-06,0.2,0.10156563376971632,0.10258971574321177,0.664267249428168,0.13157740105890378,9.478355706856375e-17,0.06149922908885276,parity_visibility,1.1102230246251565e-16,0.10156563376971632,
Type4,14,random_boundary_01,random,0.06323788782628956,0.07369556019240787,0.8630622817872763,4.27019402626521e-06,0.3,0.1418212453945229,0.14251289167379738,0.5377174334722331,0.17794842945944628,1.1200576930022614e-15,0.014042133274341846,parity_visibility,4.440892098500626e-16,0.1418212453945229,
Type4,14,random_boundary_02,random,0.6550919081603124,0.13816647382617903,0.1981359230600974,0.008605694953411265,0.0,0.8801767913372234,0.03915351807180901,0.08051779773849882,0.00015189285246860055,3.606716669099057e-16,0.48756728461918725,parity_visibility,2.220446049250313e-16,0.00015189285246860055,
Type4,14,random_boundary_02,random,0.6550919081603124,0.13816647382617903,0.1981359230600974,0.008605694953411265,0.0001,0.8799966286760036,0.03922778539155811,0.08055858908948617,0.00021699684295189867,4.127348127268271e-16,0.48703247308980446,parity_visibility,2.220446049250313e-16,0.00021699684295189867,
Type4,14,random_boundary_02,random,0.6550919081603124,0.13816647382617903,0.1981359230600974,0.008605694953411265,0.001,0.8783764280818342,0.03989551360139434,0.08092551114345126,0.0008025471733199958,3.8417431471865276e-16,0.4822433245495842,parity_visibility,2.220446049250313e-16,0.0008025471733199958,
Type4,14,random_boundary_02,random,0.6550919081603124,0.13816647382617903,0.1981359230600974,0.008605694953411265,0.005,0.8712030534641318,0.04284844259057706,0.08255191289211922,0.003396591053171786,3.5747444846847857e-16,0.4614763059905884,parity_visibility,1.1102230246251565e-16,0.003396591053171786,
Type4,14,random_boundary_02,random,0.6550919081603124,0.13816647382617903,0.1981359230600974,0.008605694953411265,0.01,0.8622995285425586,0.046505763064963894,0.08457487494214706,0.006619833450330216,3.990507400655368e-16,0.43667156585332845,parity_visibility,1.1102230246251565e-16,0.006619833450330216,
Type4,14,random_boundary_02,random,0.6550919081603124,0.13816647382617903,0.1981359230600974,0.008605694953411265,0.02,0.8447032233754325,0.05370779027252414,0.08858718320183684,0.01300180315020643,4.2564573405793304e-16,0.39069122297482795,parity_visibility,2.220446049250313e-16,0.01300180315020643,
Type4,14,random_boundary_02,random,0.6550919081603124,0.13816647382617903,0.1981359230600974,0.008605694953411265,0.05,0.7936018137224283,0.07441685322794839,0.10035234946977495,0.03162898357984829,3.469720546128691e-16,0.2780561135521931,parity_visibility,1.1102230246251565e-16,0.03162898357984829,
Type4,14,random_boundary_02,random,0.6550919081603124,0.13816647382617903,0.1981359230600974,0.008605694953411265,0.1,0.7140631131854248,0.10597217511086901,0.11903611693364304,0.06092859477006296,2.9508191738019723e-16,0.15426562810304692,parity_visibility,2.220446049250313e-16,0.06092859477006296,
Type4,14,random_boundary_02,random,0.6550919081603124,0.13816647382617903,0.1981359230600974,0.008605694953411265,0.15,0.6415563682917674,0.13389509436813135,0.1365296364769724,0.08801890086312873,2.962253014570795e-16,0.08301058908748295,parity_visibility,2.220446049250313e-16,0.08801890086312873,
Type4,14,random_boundary_02,random,0.6550919081603124,0.13816647382617903,0.1981359230600974,0.008605694953411265,0.2,0.5760472474690337,0.1582842727239246,0.15279438878436816,0.11287409102267337,3.707882450872636e-16,0.043169045088622904,parity_visibility,2.220446049250313e-16,0.11287409102267337,
Type4,14,random_boundary_02,random,0.6550919081603124,0.13816647382617903,0.1981359230600974,0.008605694953411265,0.3,0.46569156197626516,0.19699022951626557,0.18149728983888838,0.15582091866858067,1.0503802471915835e-15,0.010350118240975866,parity_visibility,2.220446049250313e-16,0.15582091866858067,
Type4,14,random_boundary_03,random,0.014352284439492345,0.9824129463093888,0.0031005179774400825,0.00013425127367856367,0.0,0.00021338156568238874,0.9997766415067908,9.95825721107029e-06,1.867031568053921e-08,4.145927393630345e-16,0.9653508163800584,parity_visibility,1.1102230246251565e-16,1.867031568053921e-08,
Type4,14,random_boundary_03,random,0.014352284439492345,0.9824129463093888,0.0031005179774400825,0.00013425127367856367,0.0001,0.00028877053616855144,0.9996003610698961,6.040273912375619e-05,5.046565481133531e-05,4.241110239484578e-16,0.964242979844605,parity_visibility,1.1102230246251565e-16,5.046565481133531e-05,
Type4,14,random_boundary_03,random,0.014352284439492345,0.9824129463093888,0.0031005179774400825,0.00013425127367856367,0.001,0.0009667571380638803,0.9980146970506267,0.0005142301930193558,0.0005043156182897641,4.1159683937408956e-16,0.9543248827661692,parity_visibility,2.220446049250313e-16,0.0005043156182897641,
Type4,14,random_boundary_03,random,0.014352284439492345,0.9824129463093888,0.0031005179774400825,0.00013425127367856367,0.005,0.003968831211128764,0.9909860380521732,0.0025274727832610656,0.0025176579534370246,4.970777255005106e-16,0.9113681762647241,parity_visibility,0.0,0.0025176579534370246,
Type4,14,random_boundary_03,random,0.014352284439492345,0.9824129463093888,0.0031005179774400825,0.00013425127367856367,0.01,0.007695696321497761,0.9822432762682906,0.00503535912147037,0.005025668288741076,4.4389014497647545e-16,0.8601716603612678,parity_visibility,2.220446049250313e-16,0.005025668288741076,
Type4,14,random_boundary_03,random,0.014352284439492345,0.9824129463093888,0.0031005179774400825,0.00013425127367856367,0.02,0.01506357983500017,0.9649015786690849,0.010022143309152002,0.010012698186762835,4.107817448040152e-16,0.7656159506726607,parity_visibility,1.1102230246251565e-16,0.010012698186762835,
Type4,14,random_boundary_03,random,0.014352284439492345,0.9824129463093888,0.0031005179774400825,0.00013425127367856367,0.05,0.03647879388969521,0.9140326831629537,0.024748624640814215,0.024739898306536518,4.034383280686674e-16,0.5362312646582619,parity_visibility,3.3306690738754696e-16,0.024739898306536518,
Type4,14,random_boundary_03,random,0.014352284439492345,0.9824129463093888,0.0031005179774400825,0.00013425127367856367,0.1,0.06986522610604409,0.8331446804538187,0.04849884171872743,0.04849125172140957,3.7143608275133374e-16,0.28920580951652497,parity_visibility,2.220446049250313e-16,0.04849125172140957,
Type4,14,random_boundary_03,random,0.014352284439492345,0.9824129463093888,0.0031005179774400825,0.00013425127367856367,0.15,0.10035147300257499,0.7572009385474986,0.07122706005745297,0.07122052839247327,2.9937400660779757e-16,0.15097135817587537,parity_visibility,2.220446049250313e-16,0.07122052839247327,
Type4,14,random_boundary_03,random,0.014352284439492345,0.9824129463093888,0.0031005179774400825,0.00013425127367856367,0.2,0.12791987385347003,0.6862997991814992,0.0928929397279071,0.09288738723712343,2.9220084720995684e-16,0.07600207938430811,parity_visibility,2.220446049250313e-16,0.09288738723712343,
Type4,14,random_boundary_03,random,0.014352284439492345,0.9824129463093888,0.0031005179774400825,0.00013425127367856367,0.3,0.17426729499160182,0.5600642210864214,0.13283616012976493,0.13283232379221174,1.0927156839108907e-15,0.016963257323986188,parity_visibility,0.0,0.13283232379221174,
Type4,14,random_boundary_04,random,0.2922437130303479,0.6994123035077119,1.6060066592668448e-07,0.008343822861274391,0.0,0.14862238947461834,0.8512564603530098,4.4883404946569024e-14,0.00012115017232673641,2.705888773180789e-16,0.5746535774836941,parity_visibility,2.220446049250313e-16,4.4883404946569024e-14,
Type4,14,random_boundary_04,random,0.2922437130303479,0.6994123035077119,1.6060066592668448e-07,0.008343822861274391,0.0001,0.14866397816732552,0.8510964021866816,5.925212111898719e-05,0.00018036752487360792,3.140933084588765e-16,0.5740143198606724,parity_visibility,2.220446049250313e-16,5.925212111898719e-05,
Type4,14,random_boundary_04,random,0.2922437130303479,0.6994123035077119,1.6060066592668448e-07,0.008343822861274391,0.001,0.14903786609074043,0.8496568546670297,0.0005922382580954696,0.0007130409841343696,2.9372660250197443e-16,0.5682903104791002,parity_visibility,0.0,0.0005922382580954696,
Type4,14,random_boundary_04,random,0.2922437130303479,0.6994123035077119,1.6060066592668448e-07,0.008343822861274391,0.005,0.15069065753992555,0.8432801300317398,0.002954897087190126,0.0030743153411442975,3.0951232185477563e-16,0.5434787455214327,parity_visibility,1.1102230246251565e-16,0.002954897087190126,
Type4,14,random_boundary_04,random,0.2922437130303479,0.6994123035077119,1.6060066592668448e-07,0.008343822861274391,0.01,0.1527361521650705,0.8353580895206114,0.005894029345612923,0.006011728968704939,3.060190308011274e-16,0.5138635383822678,parity_visibility,2.220446049250313e-16,0.005894029345612923,
Type4,14,random_boundary_04,random,0.2922437130303479,0.6994123035077119,1.6060066592668448e-07,0.008343822861274391,0.02,0.15675891893025146,0.8196771733085508,0.011724802751685907,0.011839105009511667,2.9011871418882967e-16,0.459029293393673,parity_visibility,2.220446049250313e-16,0.011724802751685907,
Type4,14,random_boundary_04,random,0.2922437130303479,0.6994123035077119,1.6060066592668448e-07,0.008343822861274391,0.05,0.16828339048674787,0.7739449748896484,0.028833602362131647,0.028938032261471992,2.920320476277542e-16,0.32511407039867213,parity_visibility,1.1102230246251565e-16,0.028833602362131647,
Type4,14,random_boundary_04,random,0.2922437130303479,0.6994123035077119,1.6060066592668448e-07,0.008343822861274391,0.1,0.1856937075784413,0.7021266058936548,0.05604532084666803,0.05613436568123557,2.381510095715855e-16,0.1788613694306182,parity_visibility,3.3306690738754696e-16,0.05604532084666803,
Type4,14,random_boundary_04,random,0.2922437130303479,0.6994123035077119,1.6060066592668448e-07,0.008343822861274391,0.15,0.20089365573116483,0.635865835974863,0.08158275457447854,0.0816577537194936,1.9347176887804398e-16,0.09539789640700566,parity_visibility,1.1102230246251565e-16,0.08158275457447854,
Type4,14,random_boundary_04,random,0.2922437130303479,0.6994123035077119,1.6060066592668448e-07,0.008343822861274391,0.2,0.21393824974044515,0.5752150514364924,0.10539220322279572,0.10545449560026642,2.152264719618101e-16,0.04915356956514995,parity_visibility,2.220446049250313e-16,0.10539220322279572,
Type4,14,random_boundary_04,random,0.2922437130303479,0.6994123035077119,1.6060066592668448e-07,0.008343822861274391,0.3,0.23387158376233744,0.4708555501436112,0.14761600232102967,0.14765686377302162,1.238265886626009e-15,0.011555504631783925,parity_visibility,0.0,0.14761600232102967,
Type4,14,random_boundary_05,random,0.0053633977589290826,0.8296091103850569,0.16016613163012383,0.004861360225890224,0.0,4.02909992833747e-05,0.9639955999386293,0.03593100787010031,3.310119198677743e-05,3.8199126926573984e-16,0.7139568646140096,parity_visibility,3.3306690738754696e-16,3.310119198677743e-05,
Type4,14,random_boundary_05,random,0.0053633977589290826,0.8296091103850569,0.16016613163012383,0.004861360225890224,0.0001,0.00011938250387865736,0.9638144101726817,0.03597721053503614,8.899678840329374e-05,4.2994565071597155e-16,0.7131505349559615,parity_visibility,3.3306690738754696e-16,8.899678840329374e-05,
Type4,14,random_boundary_05,random,0.0053633977589290826,0.8296091103850569,0.16016613163012383,0.004861360225890224,0.001,0.000830614426506426,0.9621847076422306,0.036392857383260736,0.0005918205480021333,4.468129449127842e-16,0.7059311216029245,parity_visibility,1.1102230246251565e-16,0.0005918205480021333,
Type4,14,random_boundary_05,random,0.0053633977589290826,0.8296091103850569,0.16016613163012383,0.004861360225890224,0.005,0.003978759067947335,0.9549634917551435,0.03823631437831299,0.002821434798596142,4.1547004567071377e-16,0.6746498977614797,parity_visibility,1.1102230246251565e-16,0.002821434798596142,
Type4,14,random_boundary_05,random,0.0053633977589290826,0.8296091103850569,0.16016613163012383,0.004861360225890224,0.01,0.00788434551356052,0.9459873215754852,0.04053174652730917,0.00559658638364476,4.662324478644324e-16,0.6373398646749077,parity_visibility,3.3306690738754696e-16,0.00559658638364476,
Type4,14,random_boundary_05,random,0.0053633977589290826,0.8296091103850569,0.16016613163012383,0.004861360225890224,0.02,0.01559681593375055,0.9282031618846962,0.045092841119820246,0.011107181061732857,4.2585939677756655e-16,0.5683429124760626,parity_visibility,2.220446049250313e-16,0.011107181061732857,
Type4,14,random_boundary_05,random,0.0053633977589290826,0.8296091103850569,0.16016613163012383,0.004861360225890224,0.05,0.03794367812963062,0.8762027979163326,0.05853523851899152,0.02731828543504512,3.739157352965013e-16,0.40038800684410303,parity_visibility,1.1102230246251565e-16,0.02731828543504512,
Type4,14,random_boundary_05,random,0.0053633977589290826,0.8296091103850569,0.16016613163012383,0.004861360225890224,0.1,0.07254868724675168,0.7940877373888474,0.08011692375459552,0.053246651609805205,3.506422358643863e-16,0.2182047322451129,parity_visibility,1.1102230246251565e-16,0.053246651609805205,
Type4,14,random_boundary_05,random,0.0053633977589290826,0.8296091103850569,0.16016613163012383,0.004861360225890224,0.15,0.10385097980524664,0.717745422810463,0.10063258039999307,0.07777101698429702,3.3836821045272815e-16,0.11521264074326644,parity_visibility,3.3306690738754696e-16,0.07777101698429702,
Type4,14,random_boundary_05,random,0.0053633977589290826,0.8296091103850569,0.16016613163012383,0.004861360225890224,0.2,0.1318572826482643,0.6472700530771074,0.12003337432484087,0.10083928994978732,3.4147897944092897e-16,0.05872641856435,parity_visibility,2.220446049250313e-16,0.10083928994978732,
Type4,14,random_boundary_05,random,0.0053633977589290826,0.8296091103850569,0.16016613163012383,0.004861360225890224,0.3,0.1780896177216,0.5242634519309324,0.15526925984886494,0.1423776704986025,6.689266659691199e-16,0.01348364143699797,parity_visibility,1.1102230246251565e-16,0.1423776704986025,
Type4,14,random_boundary_06,random,0.6655045881714952,0.05717619290727008,0.048404756749039886,0.22891446217219497,0.0,0.8841829254390895,0.00652635186325629,0.0046775248127603085,0.10461319788489355,3.795565797954492e-16,0.5009103253801996,parity_visibility,3.3306690738754696e-16,0.0046775248127603085,
Type4,14,random_boundary_06,random,0.6655045881714952,0.05717619290727008,0.048404756749039886,0.22891446217219497,0.0001,0.8840025674201774,0.006609109414630403,0.004741305069698022,0.10464701809549418,4.364310393954155e-16,0.5003595110053756,parity_visibility,0.0,0.004741305069698022,
Type4,14,random_boundary_06,random,0.6655045881714952,0.05717619290727008,0.048404756749039886,0.22891446217219497,0.001,0.8823805939599505,0.007353204944479853,0.0053149520198647665,0.10495124907570469,4.2239984714534327e-16,0.4954271265332798,parity_visibility,2.220446049250313e-16,0.0053149520198647665,
Type4,14,random_boundary_06,random,0.6655045881714952,0.05717619290727008,0.048404756749039886,0.22891446217219497,0.005,0.8751990219614301,0.010644567995895748,0.007856314668178844,0.10630009537449525,4.084859516827458e-16,0.4740404174847458,parity_visibility,1.1102230246251565e-16,0.007856314668178844,
Type4,14,random_boundary_06,random,0.6655045881714952,0.05717619290727008,0.048404756749039886,0.22891446217219497,0.01,0.8662845248595282,0.014722683397589623,0.011014217106280193,0.10797857463660178,4.570395386552833e-16,0.4484986353265815,parity_visibility,2.220446049250313e-16,0.011014217106280193,
Type4,14,random_boundary_06,random,0.6655045881714952,0.05717619290727008,0.048404756749039886,0.22891446217219497,0.02,0.848663887182801,0.022758768092714342,0.017267214052127746,0.11131013067235696,3.8572578496510373e-16,0.4011617302054694,parity_visibility,0.0,0.017267214052127746,
Type4,14,random_boundary_06,random,0.6655045881714952,0.05717619290727008,0.048404756749039886,0.22891446217219497,0.05,0.7974709744220284,0.04590897759227275,0.035521160860083015,0.12109888712561578,3.8131533345929066e-16,0.28526616022749995,parity_visibility,0.0,0.035521160860083015,
Type4,14,random_boundary_06,random,0.6655045881714952,0.05717619290727008,0.048404756749039886,0.22891446217219497,0.1,0.7177224807430029,0.08132430342589542,0.06424439470888427,0.1367088211222173,3.103530864993063e-16,0.15803409692042675,parity_visibility,1.1102230246251565e-16,0.06424439470888427,
Type4,14,random_boundary_06,random,0.6655045881714952,0.05717619290727008,0.048404756749039886,0.22891446217219497,0.15,0.6449433389788211,0.11283722505334916,0.09081519035092339,0.15140424561690624,2.682181372172904e-16,0.08490852665086884,parity_visibility,2.220446049250313e-16,0.09081519035092339,
Type4,14,random_boundary_06,random,0.6655045881714952,0.05717619290727008,0.048404756749039886,0.22891446217219497,0.2,0.579111150137247,0.14053602828858391,0.11520690602050732,0.16514591555366154,2.6893338968231767e-16,0.044085971867786865,parity_visibility,2.220446049250313e-16,0.11520690602050732,
Type4,14,random_boundary_06,random,0.6655045881714952,0.05717619290727008,0.048404756749039886,0.22891446217219497,0.3,0.46801254820708216,0.1849836821946767,0.15738813309066335,0.18961563650757757,2.3220523420365848e-15,0.010534803100283666,parity_visibility,2.220446049250313e-16,0.15738813309066335,
Type4,14,random_boundary_07,random,0.006343182496103182,0.642462551330843,0.0019305722290941713,0.3492636939439597,0.0,7.523733292553343e-05,0.7718174888542007,6.969330953493316e-06,0.2281003044819202,3.4059324579907625e-16,0.5347872208432264,parity_visibility,1.1102230246251565e-16,6.969330953493316e-06,
Type4,14,random_boundary_07,random,0.006343182496103182,0.642462551330843,0.0019305722290941713,0.3492636939439597,0.0001,0.00015537918394932355,0.7716711461850825,7.35392108358699e-05,0.22809993542013224,3.725541414749873e-16,0.5341957765451466,parity_visibility,0.0,7.35392108358699e-05,
Type4,14,random_boundary_07,random,0.006343182496103182,0.642462551330843,0.0019305722290941713,0.3492636939439597,0.001,0.0008760107806315473,0.7703550435509122,0.0006722596132087219,0.22809668605524722,4.0245729964844086e-16,0.5288997276896763,parity_visibility,2.220446049250313e-16,0.0006722596132087219,
Type4,14,random_boundary_07,random,0.006343182496103182,0.642462551330843,0.0019305722290941713,0.3492636939439597,0.005,0.004064771211683532,0.7645270765346522,0.00332433850343002,0.22808381375023384,3.4964312552125683e-16,0.5059396748801861,parity_visibility,2.220446049250313e-16,0.00332433850343002,
Type4,14,random_boundary_07,random,0.006343182496103182,0.642462551330843,0.0019305722290941713,0.3492636939439597,0.01,0.008018478303722164,0.7572912250160219,0.006618983355352242,0.2280713133249036,3.7900959950267107e-16,0.4785266029657172,parity_visibility,1.1102230246251565e-16,0.006618983355352242,
Type4,14,random_boundary_07,random,0.006343182496103182,0.642462551330843,0.0019305722290941713,0.3492636939439597,0.02,0.01581846082178577,0.7429833691475223,0.013139976214567852,0.228058193816124,3.420661649482e-16,0.42774549662352224,parity_visibility,1.1102230246251565e-16,0.013139976214567852,
Type4,14,random_boundary_07,random,0.006343182496103182,0.642462551330843,0.0019305722290941713,0.3492636939439597,0.05,0.03836006038812354,0.7013733430301243,0.03215440016193541,0.22811219641981662,2.842306746153137e-16,0.3035718824296392,parity_visibility,1.1102230246251565e-16,0.03215440016193541,
Type4,14,random_boundary_07,random,0.006343182496103182,0.642462551330843,0.0019305722290941713,0.3492636939439597,0.1,0.07307878551650343,0.6364172532317248,0.06200284552494339,0.2285011157268281,2.5351185914482987e-16,0.16760193280346472,parity_visibility,2.220446049250313e-16,0.06200284552494339,
Type4,14,random_boundary_07,random,0.006343182496103182,0.642462551330843,0.0019305722290941713,0.3492636939439597,0.15,0.10426294956236822,0.5769720572596432,0.08952640362637079,0.22923858955161763,2.5403595472122304e-16,0.0897272357878482,parity_visibility,2.220446049250313e-16,0.08952640362637079,
Type4,14,random_boundary_07,random,0.006343182496103182,0.642462551330843,0.0019305722290941713,0.3492636939439597,0.2,0.13196243473044486,0.52304131062816,0.11470520168084627,0.23029105296054878,3.6907598475614575e-16,0.04641397439744625,parity_visibility,1.1102230246251565e-16,0.11470520168084627,
Type4,14,random_boundary_07,random,0.006343182496103182,0.642462551330843,0.0019305722290941713,0.3492636939439597,0.3,0.17722188394779861,0.43160424936535335,0.15799476962729594,0.23317909705955192,1.2611775998548277e-15,0.011003702939865592,parity_visibility,2.220446049250313e-16,0.15799476962729594,
Type4,14,random_boundary_08,random,2.6894210381224504e-06,0.10208815489701718,0.14532266649851644,0.7525864891834282,0.0,1.2096772181731219e-11,0.017430204286444848,0.03531982019872229,0.947249975502736,1.0703925391391993e-16,0.5979270924771871,parity_visibility,0.0,1.2096772181731219e-11,
Type4,14,random_boundary_08,random,2.6894210381224504e-06,0.10208815489701718,0.14532266649851644,0.7525864891834282,0.0001,5.883824777125249e-05,0.017484099297687267,0.03539276575523043,0.9470642966993108,9.507399051073681e-17,0.5972599219915745,parity_visibility,2.220446049250313e-16,5.883824777125249e-05,
Type4,14,random_boundary_08,random,2.6894210381224504e-06,0.10208815489701718,0.14532266649851644,0.7525864891834282,0.001,0.0005881052703441165,0.017968910518060544,0.03604866729601319,0.945394316915582,4.74958118992974e-17,0.5912860742359901,parity_visibility,2.220446049250313e-16,0.0005881052703441165,
Type4,14,random_boundary_08,random,2.6894210381224504e-06,0.10208815489701718,0.14532266649851644,0.7525864891834282,0.005,0.0029343624152480758,0.02011830992187195,0.03895053513483898,0.9379967925280408,7.839211847871673e-17,0.5653936180363697,parity_visibility,2.220446049250313e-16,0.0029343624152480758,
Type4,14,random_boundary_08,random,2.6894210381224504e-06,0.10208815489701718,0.14532266649851644,0.7525864891834282,0.01,0.005853286785429697,0.02279282432352466,0.04254745339798053,0.9288064354930649,4.50555719219669e-17,0.5344928299841587,parity_visibility,2.220446049250313e-16,0.005853286785429697,
Type4,14,random_boundary_08,random,2.6894210381224504e-06,0.10208815489701718,0.14532266649851644,0.7525864891834282,0.02,0.011644631383080813,0.02810089518097119,0.04963993534366948,0.9106145380922783,1.0352583916387664e-16,0.4772924098291597,parity_visibility,2.220446049250313e-16,0.011644631383080813,
Type4,14,random_boundary_08,random,2.6894210381224504e-06,0.10208815489701718,0.14532266649851644,0.7525864891834282,0.05,0.028643151605614488,0.04369406273036639,0.07010738640537421,0.8575553992586447,1.423201494445392e-16,0.337690149000774,parity_visibility,2.220446049250313e-16,0.028643151605614488,
Type4,14,random_boundary_08,random,2.6894210381224504e-06,0.10208815489701718,0.14532266649851644,0.7525864891834282,0.1,0.05569839874521809,0.06855586251903642,0.1015283047396306,0.7742174339961148,2.0836304933645842e-16,0.18543449748251406,parity_visibility,1.1102230246251565e-16,0.05569839874521809,
Type4,14,random_boundary_08,random,2.6894210381224504e-06,0.10208815489701718,0.14532266649851644,0.7525864891834282,0.15,0.0811143373296349,0.0919651364486227,0.12960900210431078,0.6973115241174315,1.2497715375141848e-16,0.09870836207441523,parity_visibility,1.1102230246251565e-16,0.0811143373296349,
Type4,14,random_boundary_08,random,2.6894210381224504e-06,0.10208815489701718,0.14532266649851644,0.7525864891834282,0.2,0.10483759632097217,0.11386888137220828,0.15439304175525748,0.6269004805515618,3.159557961705962e-16,0.05075291333731026,parity_visibility,2.220446049250313e-16,0.10483759632097217,
Type4,14,random_boundary_08,random,2.6894210381224504e-06,0.10208815489701718,0.14532266649851644,0.7525864891834282,0.3,0.14699185494943498,0.1529428982420751,0.1943564262507496,0.5057088205577401,1.0797380037616896e-15,0.01187764003698561,parity_visibility,2.220446049250313e-16,0.14699185494943498,
Type4,14,random_boundary_09,random,0.06058810971967282,0.017772673598923493,0.012459441401537175,0.9091797752798665,0.0,0.004418801724266335,0.0003802202458949566,0.00018686452108077954,0.9950141135087578,1.0054270476975408e-16,0.8307498884242432,parity_visibility,1.1102230246251565e-16,0.00018686452108077954,
Type4,14,random_boundary_09,random,0.06058810971967282,0.017772673598923493,0.012459441401537175,0.9091797752798665,0.0001,0.004470316532122449,0.000432785771310866,0.0002642364345358415,0.9948326612620306,6.825842069694393e-17,0.8298034841953301,parity_visibility,2.220446049250313e-16,0.0002642364345358415,
Type4,14,random_boundary_09,random,0.06058810971967282,0.017772673598923493,0.012459441401537175,0.9091797752798665,0.001,0.0049337606403028755,0.0009056802917698967,0.0009600312124783424,0.9932005278554488,6.809127985866728e-17,0.821330311830262,parity_visibility,1.1102230246251565e-16,0.0009056802917698967,
Type4,14,random_boundary_09,random,0.06058810971967282,0.017772673598923493,0.012459441401537175,0.9091797752798665,0.005,0.0069893884570123585,0.0030031782204509878,0.004040418686154312,0.9859670146363824,9.931072175523833e-17,0.7846248726696897,parity_visibility,0.0,0.0030031782204509878,
Type4,14,random_boundary_09,random,0.06058810971967282,0.017772673598923493,0.012459441401537175,0.9091797752798665,0.01,0.00954943596377362,0.005615260687347776,0.007863261941010821,0.9769720414078676,5.821762122145611e-17,0.7408634341022805,parity_visibility,1.1102230246251565e-16,0.005615260687347776,
Type4,14,random_boundary_09,random,0.06058810971967282,0.017772673598923493,0.012459441401537175,0.9091797752798665,0.02,0.01463778054868865,0.010806664584153188,0.01541673216768421,0.9591388226994738,7.118830036142285e-17,0.6599923514755095,parity_visibility,1.1102230246251565e-16,0.010806664584153188,
Type4,14,random_boundary_09,random,0.06058810971967282,0.017772673598923493,0.012459441401537175,0.9091797752798665,0.05,0.02964632246915129,0.026116267456260615,0.03733796134589423,0.9068994487286937,4.8352644334050327e-17,0.4634982954285851,parity_visibility,2.220446049250313e-16,0.026116267456260615,
Type4,14,random_boundary_09,random,0.06058810971967282,0.017772673598923493,0.012459441401537175,0.9091797752798665,0.1,0.05378767938174447,0.0507321180347373,0.07140057400530388,0.8240796285782144,3.5373677895041037e-17,0.2511905318240516,parity_visibility,0.0,0.0507321180347373,
Type4,14,random_boundary_09,random,0.06058810971967282,0.017772673598923493,0.012459441401537175,0.9091797752798665,0.15,0.07680185528097842,0.0741862950777284,0.102359327618626,0.746652522022667,8.07535816758214e-17,0.13182548567128088,parity_visibility,2.220446049250313e-16,0.0741862950777284,
Type4,14,random_boundary_09,random,0.06058810971967282,0.017772673598923493,0.012459441401537175,0.9091797752798665,0.2,0.09864121771667363,0.09643070894439651,0.13020577314739262,0.6747223001915371,2.27710975762857e-16,0.06675237404700442,parity_visibility,1.1102230246251565e-16,0.09643070894439651,
Type4,14,random_boundary_09,random,0.06058810971967282,0.017772673598923493,0.012459441401537175,0.9091797752798665,0.3,0.13856909402719297,0.1370621788957843,0.17658451336020528,0.5477842137168174,4.92479186736629e-16,0.015100207222628628,parity_visibility,0.0,0.1370621788957843,
Type4,14,random_boundary_10,random,0.8810003960526989,0.0008579405487075478,0.10581860924898064,0.012323054149612864,0.0,0.9855873006787521,9.346677981605797e-07,0.014218932431574838,0.00019283222187480134,4.141562445789022e-16,0.7875118696339598,parity_visibility,1.1102230246251565e-16,9.346677981605797e-07,
Type4,14,random_boundary_10,random,0.8810003960526989,0.0008579405487075478,0.10581860924898064,0.012323054149612864,0.0001,0.9854056303444999,7.894061787156972e-05,0.014268916867997332,0.00024651216963103437,4.639296769281964e-16,0.7866173225000126,parity_visibility,1.1102230246251565e-16,7.894061787156972e-05,
Type4,14,random_boundary_10,random,0.8810003960526989,0.0008579405487075478,0.10581860924898064,0.012323054149612864,0.001,0.9837715578925967,0.0007804283901082721,0.01471859026763443,0.0007294234496602086,4.3203540263720915e-16,0.778608305047217,parity_visibility,3.3306690738754696e-16,0.0007294234496602086,
Type4,14,random_boundary_10,random,0.8810003960526989,0.0008579405487075478,0.10581860924898064,0.012323054149612864,0.005,0.9765299441018245,0.0038858278518885034,0.01671307210118214,0.002871155945104644,4.509163104632288e-16,0.7439109680509661,parity_visibility,2.220446049250313e-16,0.002871155945104644,
Type4,14,random_boundary_10,random,0.8810003960526989,0.0008579405487075478,0.10581860924898064,0.012323054149612864,0.01,0.9675260346474287,0.007739270749738133,0.019196817449658808,0.005537877153174169,4.510075215733257e-16,0.7025379083635952,parity_visibility,1.1102230246251565e-16,0.005537877153174169,
Type4,14,random_boundary_10,random,0.8810003960526989,0.0008579405487075478,0.10581860924898064,0.012323054149612864,0.02,0.9496789180475645,0.015351728902575542,0.02413298621930802,0.010836366830551778,4.3395771531219883e-16,0.6260627550296145,parity_visibility,1.1102230246251565e-16,0.010836366830551778,
Type4,14,random_boundary_10,random,0.8810003960526989,0.0008579405487075478,0.10581860924898064,0.012323054149612864,0.05,0.8974298082721918,0.037432370136808335,0.03868831882677842,0.026449502764221307,4.269725560265568e-16,0.4401341958047088,parity_visibility,2.220446049250313e-16,0.026449502764221307,
Type4,14,random_boundary_10,random,0.8810003960526989,0.0008579405487075478,0.10581860924898064,0.012323054149612864,0.1,0.8147010537611172,0.07170333200887649,0.06208469056848218,0.05151092366152397,3.322400659292736e-16,0.23897883821875496,parity_visibility,1.1102230246251565e-16,0.05151092366152397,
Type4,14,random_boundary_10,random,0.8810003960526989,0.0008579405487075478,0.10581860924898064,0.012323054149612864,0.15,0.7374994848464848,0.1028015967447919,0.08436572306941002,0.07533319533931318,3.1651543846185366e-16,0.1256752339034642,parity_visibility,1.1102230246251565e-16,0.07533319533931318,
Type4,14,random_boundary_10,random,0.8810003960526989,0.0008579405487075478,0.10581860924898064,0.012323054149612864,0.2,0.6659277150526528,0.13072322981650006,0.10548283498600303,0.0978662201448438,2.7308103438025653e-16,0.06378108002063473,parity_visibility,3.3306690738754696e-16,0.0978662201448438,
Type4,14,random_boundary_10,random,0.8810003960526989,0.0008579405487075478,0.10581860924898064,0.012323054149612864,0.3,0.5400837471727874,0.17708567425626448,0.14399824270398673,0.13883233586696123,8.33941917589465e-16,0.014501737386550133,parity_visibility,2.220446049250313e-16,0.13883233586696123,
Type4,14,random_boundary_11,random,0.03971121062017097,0.12477153363351705,0.012885521075668399,0.8226317346706437,0.0,0.002272194767088503,0.02243108741588703,0.00023923420425812743,0.9750574836127661,9.247636868492181e-17,0.6940339233948026,parity_visibility,2.220446049250313e-16,0.00023923420425812743,
Type4,14,random_boundary_11,random,0.03971121062017097,0.12477153363351705,0.012885521075668399,0.8226317346706437,0.0001,0.0023277022512586958,0.022481111201564007,0.00031905544944177823,0.9748721310977354,9.263055774155112e-17,0.6932514881214588,parity_visibility,1.1102230246251565e-16,0.00031905544944177823,
Type4,14,random_boundary_11,random,0.03971121062017097,0.12477153363351705,0.012885521075668399,0.8226317346706437,0.001,0.002827034556898805,0.022931124318471448,0.0010368402322409225,0.9732050008923887,6.249286335396792e-17,0.6862459451374288,parity_visibility,1.1102230246251565e-16,0.0010368402322409225,
Type4,14,random_boundary_11,random,0.03971121062017097,0.12477153363351705,0.012885521075668399,0.8226317346706437,0.005,0.005041164949744059,0.024926801175672156,0.004213786580429264,0.9658182472941544,1.8293696113995686e-16,0.65589000192866,parity_visibility,1.1102230246251565e-16,0.004213786580429264,
Type4,14,random_boundary_11,random,0.03971121062017097,0.12477153363351705,0.012885521075668399,0.8226317346706437,0.01,0.007797038318695437,0.027411314468585,0.008154637025360284,0.9566370101873591,6.352911741491426e-17,0.6196804709781129,parity_visibility,1.1102230246251565e-16,0.007797038318695437,
Type4,14,random_boundary_11,random,0.03971121062017097,0.12477153363351705,0.012885521075668399,0.8226317346706437,0.02,0.013269326795951683,0.03234658056817849,0.01593518440214832,0.9384489082337213,8.553129840650824e-17,0.5527090473153654,parity_visibility,2.220446049250313e-16,0.013269326795951683,
Type4,14,random_boundary_11,random,0.03971121062017097,0.12477153363351705,0.012885521075668399,0.8226317346706437,0.05,0.029367417867215244,0.046879342439624376,0.03846686334720211,0.8852863763459582,5.154019558342702e-17,0.38962244458039474,parity_visibility,1.1102230246251565e-16,0.029367417867215244,
Type4,14,random_boundary_11,random,0.03971121062017097,0.12477153363351705,0.012885521075668399,0.8226317346706437,0.1,0.05511314794325585,0.07016966012619844,0.07331670378205579,0.8014004881484897,8.561262318846355e-17,0.21257790519123407,parity_visibility,2.220446049250313e-16,0.05511314794325585,
Type4,14,random_boundary_11,random,0.03971121062017097,0.12477153363351705,0.012885521075668399,0.8226317346706437,0.15,0.07946094331950294,0.09225558328743856,0.10478822327081685,0.7234952501222414,4.1356669441624034e-17,0.11237876657692583,parity_visibility,2.220446049250313e-16,0.07946094331950294,
Type4,14,random_boundary_11,random,0.03971121062017097,0.12477153363351705,0.012885521075668399,0.8226317346706437,0.2,0.10235760528819135,0.11308559390375462,0.13289314388000018,0.6516636569280535,2.1210381370677805e-16,0.05735732446872401,parity_visibility,3.3306690738754696e-16,0.10235760528819135,
Type4,14,random_boundary_11,random,0.03971121062017097,0.12477153363351705,0.012885521075668399,0.8226317346706437,0.3,0.1435645853911048,0.15074892314383295,0.17913768379306327,0.5265488076719986,5.18079551457524e-16,0.013207882285694292,parity_visibility,3.3306690738754696e-16,0.1435645853911048,
Type4,14,random_boundary_12,random,0.18915017551067378,0.6861041230175231,0.12474558231751685,1.1915428640055352e-07,0.0,0.068529570082907,0.9016636638293211,0.02980676608774461,2.7192658706119396e-14,3.389536823532522e-16,0.5220781168251136,parity_visibility,1.1102230246251565e-16,2.7192658706119396e-14,
Type4,14,random_boundary_12,random,0.18915017551067378,0.6861041230175231,0.12474558231751685,1.1915428640055352e-07,0.0001,0.06859499197461803,0.9014826886890261,0.02986013507900791,6.218425734775981e-05,3.461257383732776e-16,0.5215019150666422,parity_visibility,2.220446049250313e-16,6.218425734775981e-05,
Type4,14,random_boundary_12,random,0.18915017551067378,0.6861041230175231,0.12474558231751685,1.1915428640055352e-07,0.001,0.06918319059746521,0.8998551106755386,0.030340188216181188,0.0006215105108147401,3.701227832096156e-16,0.5163422969086375,parity_visibility,2.220446049250313e-16,0.0006215105108147401,
Type4,14,random_boundary_12,random,0.18915017551067378,0.6861041230175231,0.12474558231751685,1.1915428640055352e-07,0.005,0.07178437923750954,0.8926475332984892,0.0324679200772223,0.003100167386778715,3.884079035309893e-16,0.4939724926812838,parity_visibility,1.1102230246251565e-16,0.003100167386778715,
Type4,14,random_boundary_12,random,0.18915017551067378,0.6861041230175231,0.12474558231751685,1.1915428640055352e-07,0.01,0.07500597554910082,0.8836980248408699,0.03511415533217827,0.006181844277850667,3.5405260397731745e-16,0.46726144543099546,parity_visibility,3.3306690738754696e-16,0.006181844277850667,
Type4,14,random_boundary_12,random,0.18915017551067378,0.6861041230175231,0.12474558231751685,1.1915428640055352e-07,0.02,0.08134967316564118,0.8659990958692502,0.040361688414235125,0.012289542550873393,3.5230331174996636e-16,0.41777245015682396,parity_visibility,0.0,0.012289542550873393,
Type4,14,random_boundary_12,random,0.18915017551067378,0.6861041230175231,0.12474558231751685,1.1915428640055352e-07,0.05,0.09958766037465407,0.8145067590704641,0.055741503706898565,0.030164076847983078,3.2586618186438016e-16,0.29670438986829817,parity_visibility,2.220446049250313e-16,0.030164076847983078,
Type4,14,random_boundary_12,random,0.18915017551067378,0.6861041230175231,0.12474558231751685,1.1915428640055352e-07,0.1,0.12736335515356678,0.7340557677984721,0.08014315657179323,0.058437720476167715,2.8295229789622287e-16,0.16401250644654025,parity_visibility,1.1102230246251565e-16,0.058437720476167715,
Type4,14,random_boundary_12,random,0.18915017551067378,0.6861041230175231,0.12474558231751685,1.1915428640055352e-07,0.15,0.1519148697955645,0.6603438453671565,0.1029655910354541,0.08477569380182465,3.5217584124440115e-16,0.08791947050068552,parity_visibility,2.220446049250313e-16,0.08477569380182465,
Type4,14,random_boundary_12,random,0.18915017551067378,0.6861041230175231,0.12474558231751685,1.1915428640055352e-07,0.2,0.17332070185815027,0.5933807307263338,0.12416345886710789,0.10913510854840787,2.6614994060463517e-16,0.04554061141953811,parity_visibility,1.1102230246251565e-16,0.10913510854840787,
Type4,14,random_boundary_12,random,0.18915017551067378,0.6861041230175231,0.12474558231751685,1.1915428640055352e-07,0.3,0.2071307145710514,0.4795783415218895,0.16151910679132614,0.15177183711573283,1.9339143830956834e-15,0.010827792581083642,parity_visibility,2.220446049250313e-16,0.15177183711573283,
Type4,14,random_boundary_13,random,0.00044069040486742944,0.23954762348842454,0.012727125842192653,0.7472845602645155,0.0,3.1528329777472725e-07,0.09315743202934508,0.00026296288246547645,0.9065792898048913,4.8345116235293837e-17,0.6159794518689179,parity_visibility,3.3306690738754696e-16,3.1528329777472725e-07,
Type4,14,random_boundary_13,random,0.00044069040486742944,0.23954762348842454,0.012727125842192653,0.7472845602645155,0.0001,6.0433703847827036e-05,0.09319135924348955,0.00034334588668295595,0.9064048611659795,4.9974811135436786e-17,0.6152906304626216,parity_visibility,1.1102230246251565e-16,6.0433703847827036e-05,
Type4,14,random_boundary_13,random,0.00044069040486742944,0.23954762348842454,0.012727125842192653,0.7472845602645155,0.001,0.0006012007103149146,0.09349657851440546,0.0010661629982236956,0.9048360577770557,9.455287248606325e-17,0.6091229928081423,parity_visibility,2.220446049250313e-16,0.0006012007103149146,
Type4,14,random_boundary_13,random,0.00044069040486742944,0.23954762348842454,0.012727125842192653,0.7472845602645155,0.005,0.002998097324034093,0.09485036764618175,0.0042649646172869616,0.8978865704124971,1.3592615713175428e-16,0.5823921313582383,parity_visibility,1.1102230246251565e-16,0.002998097324034093,
Type4,14,random_boundary_13,random,0.00044069040486742944,0.23954762348842454,0.012727125842192653,0.7472845602645155,0.01,0.00597924095930131,0.09653629071825769,0.008231967306320694,0.8892525010161202,1.3901393906721588e-16,0.5504941682477713,parity_visibility,1.1102230246251565e-16,0.00597924095930131,
Type4,14,random_boundary_13,random,0.00044069040486742944,0.23954762348842454,0.012727125842192653,0.7472845602645155,0.02,0.011891440852504744,0.09988696091975466,0.016060966107620492,0.8721606321201197,7.766163130456048e-17,0.4914583981467219,parity_visibility,4.440892098500626e-16,0.011891440852504744,
Type4,14,random_boundary_13,random,0.00044069040486742944,0.23954762348842454,0.012727125842192653,0.7472845602645155,0.05,0.02922419566317137,0.10976700373077222,0.038707914335984424,0.8223008862700717,5.714999593333548e-17,0.3474449235042069,parity_visibility,3.3306690738754696e-16,0.02922419566317137,
Type4,14,random_boundary_13,random,0.00044069040486742944,0.23954762348842454,0.012727125842192653,0.7472845602645155,0.1,0.05674446145882208,0.12564254650824763,0.07365518629844607,0.743957805734484,2.321822021982422e-16,0.1905330169779091,parity_visibility,2.220446049250313e-16,0.05674446145882208,
Type4,14,random_boundary_13,random,0.00044069040486742944,0.23954762348842454,0.012727125842192653,0.7472845602645155,0.15,0.08251517746288899,0.1407442658851791,0.10511777233226632,0.6716227843196655,2.2291166451814547e-16,0.10127616139474867,parity_visibility,1.1102230246251565e-16,0.08251517746288899,
Type4,14,random_boundary_13,random,0.00044069040486742944,0.23954762348842454,0.012727125842192653,0.7472845602645155,0.2,0.10648928386559858,0.15502856555271027,0.13312415246872164,0.6053579981129693,1.9367451879724712e-16,0.0519934620285602,parity_visibility,2.220446049250313e-16,0.10648928386559858,
Type4,14,random_boundary_13,random,0.00044069040486742944,0.23954762348842454,0.012727125842192653,0.7472845602645155,0.3,0.14886339577992114,0.18095439621904297,0.17898602764581759,0.4911961803552181,1.1655346009135587e-15,0.012127507927982263,parity_visibility,2.220446049250313e-16,0.14886339577992114,
Type4,14,random_boundary_14,random,0.019639525402907795,0.0017441207853837015,0.32691465951967763,0.651701694292031,0.0,0.000725051881557405,5.718211598862673e-06,0.20089813167525025,0.7983710982315934,3.538832620618507e-17,0.5319770458673355,parity_visibility,1.1102230246251565e-16,5.718211598862673e-06,
Type4,14,random_boundary_14,random,0.019639525402907795,0.0017441207853837015,0.32691465951967763,0.651701694292031,0.0001,0.0007858508029238606,6.672859223602902e-05,0.20092504523923282,0.7982223753656073,8.84215598402901e-17,0.5313889719251295,parity_visibility,0.0,6.672859223602902e-05,
Type4,14,random_boundary_14,random,0.019639525402907795,0.0017441207853837015,0.32691465951967763,0.651701694292031,0.001,0.0013327309841699505,0.0006155103833281614,0.20116694544697894,0.7968848131855227,1.2007105193038566e-16,0.5261230899587974,parity_visibility,2.220446049250313e-16,0.0006155103833281614,
Type4,14,random_boundary_14,random,0.019639525402907795,0.0017441207853837015,0.32691465951967763,0.651701694292031,0.005,0.003756549677117791,0.003047747491531042,0.20223505275189202,0.7909606500794589,5.384586777058172e-17,0.5032935500314674,parity_visibility,2.220446049250313e-16,0.003047747491531042,
Type4,14,random_boundary_14,random,0.019639525402907795,0.0017441207853837015,0.32691465951967763,0.651701694292031,0.01,0.0067707739256718255,0.00607241855524165,0.20355412691349378,0.7836026806055926,2.3531454888537074e-16,0.47603570638021264,parity_visibility,2.220446049250313e-16,0.00607241855524165,
Type4,14,random_boundary_14,random,0.019639525402907795,0.0017441207853837015,0.32691465951967763,0.651701694292031,0.02,0.012747206205215057,0.01206949035773747,0.20613888870662675,0.7690444147304205,5.64587260350618e-17,0.4255403053233197,parity_visibility,2.220446049250313e-16,0.01206949035773747,
Type4,14,random_boundary_14,random,0.019639525402907795,0.0017441207853837015,0.32691465951967763,0.651701694292031,0.05,0.030256830059941706,0.029638998538263208,0.2134690509386315,0.7266351204631636,1.353596719731882e-16,0.3020533760333196,parity_visibility,0.0,0.029638998538263208,
Type4,14,random_boundary_14,random,0.019639525402907795,0.0017441207853837015,0.32691465951967763,0.651701694292031,0.1,0.05801681511753946,0.057492006603956244,0.22429464885957667,0.6601965294189276,4.746724419912188e-17,0.16680825638759342,parity_visibility,0.0,0.057492006603956244,
Type4,14,random_boundary_14,random,0.019639525402907795,0.0017441207853837015,0.32691465951967763,0.651701694292031,0.15,0.0839553590301567,0.08351510533834235,0.23342911708022063,0.5991004185512802,1.9662124855424685e-16,0.08932751156141751,parity_visibility,2.220446049250313e-16,0.08351510533834235,
Type4,14,random_boundary_14,random,0.019639525402907795,0.0017441207853837015,0.32691465951967763,0.651701694292031,0.2,0.10802382892961358,0.10765970847833523,0.24094042008077846,0.5433760425112726,4.739032437643804e-17,0.04622086064356645,parity_visibility,1.1102230246251565e-16,0.10765970847833523,
Type4,14,random_boundary_14,random,0.019639525402907795,0.0017441207853837015,0.32691465951967763,0.651701694292031,0.3,0.15037356996330822,0.1501368718094995,0.2514449538442934,0.4480446043828987,7.986411509785769e-16,0.010964806500939332,parity_visibility,2.220446049250313e-16,0.1501368718094995,
Type4,14,random_boundary_15,random,0.0012358591121105155,0.3238414799272984,0.1782294372483853,0.4966932237122057,0.0,3.9842670482087e-06,0.27357440453388504,0.08286466581619528,0.6435569453828713,1.346486544933766e-16,0.38334472225274685,parity_visibility,1.1102230246251565e-16,3.9842670482087e-06,
Type4,14,random_boundary_15,random,0.0012358591121105155,0.3238414799272984,0.1782294372483853,0.4966932237122057,0.0001,8.092305823783587e-05,0.27356095637655214,0.08292554612772617,0.6434325744374837,1.4673086393997594e-16,0.38293490903423644,parity_visibility,2.220446049250313e-16,8.092305823783587e-05,
Type4,14,random_boundary_15,random,0.0012358591121105155,0.3238414799272984,0.1782294372483853,0.4966932237122057,0.001,0.0007727351433616861,0.273440111430824,0.0834728472624014,0.6423143061634127,1.344903491571648e-16,0.37926457711988104,parity_visibility,2.220446049250313e-16,0.0007727351433616861,
Type4,14,random_boundary_15,random,0.0012358591121105155,0.3238414799272984,0.1782294372483853,0.4966932237122057,0.005,0.003833589227042971,0.27290712020578833,0.08589177254797668,0.6373675180191919,1.146462346245713e-16,0.3633379642712924,parity_visibility,1.1102230246251565e-16,0.003833589227042971,
Type4,14,random_boundary_15,random,0.0012358591121105155,0.3238414799272984,0.1782294372483853,0.4966932237122057,0.01,0.007627852886128241,0.27225025632508687,0.08888444454338162,0.6312374462454031,1.4801848399198628e-16,0.34429026328022505,parity_visibility,2.220446049250313e-16,0.007627852886128241,
Type4,14,random_boundary_15,random,0.0012358591121105155,0.3238414799272984,0.1782294372483853,0.4966932237122057,0.02,0.01511057720620553,0.270967570670642,0.09476693453148866,0.6191549175916637,1.1566373784484195e-16,0.30890603529538907,parity_visibility,1.1102230246251565e-16,0.01511057720620553,
Type4,14,random_boundary_15,random,0.0012358591121105155,0.3238414799272984,0.1782294372483853,0.4966932237122057,0.05,0.036716587281035,0.26736378869496036,0.11160000196691557,0.5843196220570889,1.2064151291915707e-16,0.22173840061543892,parity_visibility,2.220446049250313e-16,0.036716587281035,
Type4,14,random_boundary_15,random,0.0012358591121105155,0.3238414799272984,0.1782294372483853,0.4966932237122057,0.1,0.06995156424195278,0.2621431837079332,0.13700085556887273,0.5309043964812411,2.0913137949844086e-16,0.12483009812303103,parity_visibility,1.1102230246251565e-16,0.06995156424195278,
Type4,14,random_boundary_15,random,0.0012358591121105155,0.3238414799272984,0.1782294372483853,0.4966932237122057,0.15,0.0997864141563406,0.2578492312078929,0.15920450239067038,0.48315985224509594,1.4721157325639114e-16,0.06818578868324625,parity_visibility,2.220446049250313e-16,0.0997864141563406,
Type4,14,random_boundary_15,random,0.0012358591121105155,0.3238414799272984,0.1782294372483853,0.4966932237122057,0.2,0.1263171296128683,0.25441219748556765,0.17836764395548627,0.4409030289460777,3.9996115583267274e-16,0.036006925138716034,parity_visibility,1.1102230246251565e-16,0.1263171296128683,
Type4,14,random_boundary_15,random,0.0012358591121105155,0.3238414799272984,0.1782294372483853,0.4966932237122057,0.3,0.16995035951968207,0.24980004661239885,0.2082974139971784,0.3719521798707405,1.7388259144640986e-15,0.008907543822437834,parity_visibility,2.220446049250313e-16,0.16995035951968207,
Type4,14,random_boundary_16,random,0.8195517912471175,0.000730216932130334,0.10026401588808131,0.07945397593267073,0.0,0.976212802914461,7.749889128691101e-07,0.01461106532173256,0.0091753567748933,4.0806035414586184e-16,0.6880314789266413,parity_visibility,3.3306690738754696e-16,7.749889128691101e-07,
Type4,14,random_boundary_16,random,0.8195517912471175,0.000730216932130334,0.10026401588808131,0.07945397593267073,0.0001,0.9760267026952286,8.084110607138367e-05,0.014663341343880294,0.009229114854819557,4.472856738912819e-16,0.6872562426263655,parity_visibility,1.1102230246251565e-16,8.084110607138367e-05,
Type4,14,random_boundary_16,random,0.8195517912471175,0.000730216932130334,0.10026401588808131,0.07945397593267073,0.001,0.9743528520766238,0.0008008255523800402,0.015133609797064393,0.009712712573931609,4.2937780473320136e-16,0.6803151351591215,parity_visibility,2.220446049250313e-16,0.0008008255523800402,
Type4,14,random_boundary_16,random,0.8195517912471175,0.000730216932130334,0.10026401588808131,0.07945397593267073,0.005,0.9669364243650262,0.003987457148475216,0.017218988068922473,0.011857130417575943,4.625117075916401e-16,0.6502379633202022,parity_visibility,0.0,0.003987457148475216,
Type4,14,random_boundary_16,random,0.8195517912471175,0.000730216932130334,0.10026401588808131,0.07945397593267073,0.01,0.957718541060393,0.007940205560671591,0.01981488739728199,0.014526365981653378,4.135428637561491e-16,0.6143599950082184,parity_visibility,1.1102230246251565e-16,0.007940205560671591,
Type4,14,random_boundary_16,random,0.8195517912471175,0.000730216932130334,0.10026401588808131,0.07945397593267073,0.02,0.9394586356311047,0.015743856312383727,0.024970451660098137,0.019827056396413235,4.26451372966605e-16,0.5479988287579095,parity_visibility,2.220446049250313e-16,0.015743856312383727,
Type4,14,random_boundary_16,random,0.8195517912471175,0.000730216932130334,0.10026401588808131,0.07945397593267073,0.05,0.8860926132045803,0.03833936159948784,0.04014422711261013,0.035423798083321446,3.9853854780748164e-16,0.38637896316138887,parity_visibility,3.3306690738754696e-16,0.035423798083321446,
Type4,14,random_boundary_16,random,0.8195517912471175,0.000730216932130334,0.10026401588808131,0.07945397593267073,0.1,0.8019072746872712,0.07327774162577573,0.06443605616508093,0.06037892752187196,3.409290966613517e-16,0.21088263758233833,parity_visibility,2.220446049250313e-16,0.06037892752187196,
Type4,14,random_boundary_16,random,0.8195517912471175,0.000730216932130334,0.10026401588808131,0.07945397593267073,0.15,0.7237518742647773,0.10481648644323138,0.0874389864792665,0.08399265281272472,3.4786843793499245e-16,0.11152496832866222,parity_visibility,1.1102230246251565e-16,0.08399265281272472,
Type4,14,random_boundary_16,random,0.8195517912471175,0.000730216932130334,0.10026401588808131,0.07945397593267073,0.2,0.6517185139948307,0.13296875660278978,0.10910060653045635,0.10621212287192294,3.103641096337176e-16,0.05694483962573504,parity_visibility,2.220446049250313e-16,0.10621212287192294,
Type4,14,random_boundary_16,random,0.8195517912471175,0.000730216932130334,0.10026401588808131,0.07945397593267073,0.3,0.5263381738235603,0.17925600321557514,0.14816921668220195,0.14623660627866245,9.37685271991499e-16,0.013124800727902404,parity_visibility,2.220446049250313e-16,0.14623660627866245,
Type4,14,random_boundary_17,random,0.7240735851264705,2.9842558539692846e-05,0.13225075977696676,0.14364581253802305,0.0,0.9322121028971093,1.5835121638393265e-09,0.03109894669214708,0.03668894882723108,4.1291317730036145e-16,0.562406940489772,parity_visibility,3.3306690738754696e-16,1.5835121638393265e-09,
Type4,14,random_boundary_17,random,0.7240735851264705,2.9842558539692846e-05,0.13225075977696676,0.14364581253802305,0.0001,0.9320258278749772,8.302515652002302e-05,0.03115137984010568,0.036739767128397,4.606356327550894e-16,0.5617823707510563,parity_visibility,1.1102230246251565e-16,8.302515652002302e-05,
Type4,14,random_boundary_17,random,0.7240735851264705,2.9842558539692846e-05,0.13225075977696676,0.14364581253802305,0.001,0.9303505412775721,0.0008295507713580957,0.031623021519812854,0.03719688643125667,4.648614466578651e-16,0.5561898275392717,parity_visibility,3.3306690738754696e-16,0.0008295507713580957,
Type4,14,random_boundary_17,random,0.7240735851264705,2.9842558539692846e-05,0.13225075977696676,0.14364581253802305,0.005,0.9229307176674466,0.004132492592180707,0.033713611901458024,0.03922317783891439,4.677294630959858e-16,0.5319470328199545,parity_visibility,2.220446049250313e-16,0.004132492592180707,
Type4,14,random_boundary_17,random,0.7240735851264705,2.9842558539692846e-05,0.13225075977696676,0.14364581253802305,0.01,0.9137154329703457,0.008226853828852125,0.036313979222408026,0.04174373397839392,4.470605992973504e-16,0.5030083046214561,parity_visibility,2.220446049250313e-16,0.008226853828852125,
Type4,14,random_boundary_17,random,0.7240735851264705,2.9842558539692846e-05,0.13225075977696676,0.14364581253802305,0.02,0.8954834510945556,0.016301242245144863,0.041471648917811146,0.04674365774248832,4.04818571947287e-16,0.44941915253503306,parity_visibility,0.0,0.016301242245144863,
Type4,14,random_boundary_17,random,0.7240735851264705,2.9842558539692846e-05,0.13225075977696676,0.14364581253802305,0.05,0.8423811865708439,0.0396109732030244,0.056597017649353557,0.06141082257677789,3.9331957143569813e-16,0.318496476559064,parity_visibility,2.220446049250313e-16,0.0396109732030244,
Type4,14,random_boundary_17,random,0.7240735851264705,2.9842558539692846e-05,0.13225075977696676,0.14364581253802305,0.1,0.7592203478338454,0.0754273978988459,0.08062594775671542,0.08472630651059318,3.4866104496336287e-16,0.17540255742097371,parity_visibility,1.1102230246251565e-16,0.0754273978988459,
Type4,14,random_boundary_17,random,0.7240735851264705,2.9842558539692846e-05,0.13225075977696676,0.14364581253802305,0.15,0.6827848581266888,0.10748381055846605,0.10314077167691602,0.10659055963792918,4.652928396380373e-16,0.09365591324198137,parity_visibility,0.0,0.10314077167691602,
Type4,14,random_boundary_17,random,0.7240735851264705,2.9842558539692846e-05,0.13225075977696676,0.14364581253802305,0.2,0.6131113674729977,0.13583456626517595,0.12409603994061971,0.1269580263212066,2.823175754788388e-16,0.04831198707915184,parity_visibility,1.1102230246251565e-16,0.12409603994061971,
Type4,14,random_boundary_17,random,0.7240735851264705,2.9842558539692846e-05,0.13225075977696676,0.14364581253802305,0.3,0.4940585516696183,0.18176216197019152,0.16115330182455,0.16302598453563996,5.673646692244983e-16,0.01138599541190459,parity_visibility,2.220446049250313e-16,0.16115330182455,
Type4,14,random_boundary_18,random,0.023370678547344207,0.9747703469811628,1.2231420436184966e-07,0.0018588521572884364,0.0,0.0005744958211468445,0.9994218697687457,1.573623881708337e-14,3.6344100915745884e-06,3.9380454833276075e-16,0.9507268733008971,parity_visibility,1.1102230246251565e-16,1.573623881708337e-14,
Type4,14,random_boundary_18,random,0.023370678547344207,0.9747703469811628,1.2231420436184966e-07,0.0018588521572884364,0.0001,0.0006499927051356229,0.9992450818341488,5.0645984301968654e-05,5.427947641329301e-05,4.4110358698670093e-16,0.9496365758485523,parity_visibility,2.220446049250313e-16,5.0645984301968654e-05,
Type4,14,random_boundary_18,random,0.023370678547344207,0.9747703469811628,1.2231420436184966e-07,0.0018588521572884364,0.001,0.0013289473654922504,0.9976548572473304,0.0005062850758553731,0.0005099103113217894,4.1979886802404236e-16,0.9398754650337544,parity_visibility,2.220446049250313e-16,0.0005062850758553731,
Type4,14,random_boundary_18,random,0.023370678547344207,0.9747703469811628,1.2231420436184966e-07,0.0018588521572884364,0.005,0.004335255050264555,0.9906060797638836,0.002527538268429289,0.0025311269174224495,4.165367622388126e-16,0.8975979379343677,parity_visibility,1.1102230246251565e-16,0.002527538268429289,
Type4,14,random_boundary_18,random,0.023370678547344207,0.9747703469811628,1.2231420436184966e-07,0.0018588521572884364,0.01,0.008067254124267826,0.9818385166996537,0.00504534300402108,0.0050488861720571895,4.3432683434679855e-16,0.8472092184510609,parity_visibility,2.220446049250313e-16,0.00504534300402108,
Type4,14,random_boundary_18,random,0.023370678547344207,0.9747703469811628,1.2231420436184966e-07,0.0018588521572884364,0.02,0.015444879240971278,0.9644483778627585,0.010051644924159704,0.010055097972110186,4.362866692453844e-16,0.7541402979714968,parity_visibility,3.3306690738754696e-16,0.010051644924159704,
Type4,14,random_boundary_18,random,0.023370678547344207,0.9747703469811628,1.2231420436184966e-07,0.0018588521572884364,0.05,0.03688512054151222,0.9134435472865688,0.024834071361449238,0.02483726081046957,3.818231217110572e-16,0.5283290694940326,parity_visibility,1.1102230246251565e-16,0.024834071361449238,
Type4,14,random_boundary_18,random,0.023370678547344207,0.9747703469811628,1.2231420436184966e-07,0.0018588521572884364,0.1,0.07029940815505603,0.8323609122894534,0.048668453357716725,0.04867122619777347,3.738858140017295e-16,0.28507557605115286,parity_visibility,4.440892098500626e-16,0.048668453357716725,
Type4,14,random_boundary_18,random,0.023370678547344207,0.9747703469811628,1.2231420436184966e-07,0.0018588521572884364,0.15,0.1007965858664751,0.7562634857085,0.07146877172026209,0.07147115670476249,3.1966015654057196e-16,0.14889122281603603,parity_visibility,3.3306690738754696e-16,0.07146877172026209,
Type4,14,random_boundary_18,random,0.023370678547344207,0.9747703469811628,1.2231420436184966e-07,0.0018588521572884364,0.2,0.12835972704223297,0.6852505712702173,0.093193837691141,0.09319586399640863,3.041870728675586e-16,0.07499712966809101,parity_visibility,1.1102230246251565e-16,0.093193837691141,
Type4,14,random_boundary_18,random,0.023370678547344207,0.9747703469811628,1.2231420436184966e-07,0.0018588521572884364,0.3,0.17465300340481332,0.5589186859904562,0.13321345620703537,0.1332148543976949,8.713937109824044e-16,0.016760843127816484,parity_visibility,2.220446049250313e-16,0.13321345620703537,
Type4,14,random_boundary_19,random,0.44885933893756963,0.005588487083371854,0.5451960127232626,0.0003561612557960057,0.0,0.403963557579253,6.261958140964544e-05,0.5959735684991392,2.5434019806532807e-07,1.9221257496293052e-16,0.49874475647953675,parity_visibility,2.220446049250313e-16,2.5434019806532807e-07,
Type4,14,random_boundary_19,random,0.44885933893756963,0.005588487083371854,0.5451960127232626,0.0003561612557960057,0.0001,0.4039149347560228,0.00013525857062547517,0.5958720968900124,7.770978333927917e-05,2.0374336721705408e-16,0.4981965393585945,parity_visibility,0.0,7.770978333927917e-05,
Type4,14,random_boundary_19,random,0.44885933893756963,0.005588487083371854,0.5451960127232626,0.0003561612557960057,0.001,0.4034777198678652,0.0007884889289670422,0.5949595895780112,0.0007742016251565394,2.0299643696186544e-16,0.49328740200723264,parity_visibility,1.1102230246251565e-16,0.0007742016251565394,
Type4,14,random_boundary_19,random,0.44885933893756963,0.005588487083371854,0.5451960127232626,0.0003561612557960057,0.005,0.40154304601155005,0.0036803975695107963,0.5909200565057134,0.003856499913225455,1.9939774001070724e-16,0.47200126841793744,parity_visibility,3.3306690738754696e-16,0.0036803975695107963,
Type4,14,random_boundary_19,random,0.44885933893756963,0.005588487083371854,0.5451960127232626,0.0003561612557960057,0.01,0.3991442209319616,0.007269248901264473,0.5859075055389563,0.007679024627817487,2.2721027302475575e-16,0.4465791078143752,parity_visibility,1.1102230246251565e-16,0.007269248901264473,
Type4,14,random_boundary_19,random,0.44885933893756963,0.005588487083371854,0.5451960127232626,0.0003561612557960057,0.02,0.39441158734327464,0.014360142744697437,0.5760053121974947,0.015222957714533036,1.806444168108241e-16,0.3994623720727195,parity_visibility,1.1102230246251565e-16,0.014360142744697437,
Type4,14,random_boundary_19,random,0.44885933893756963,0.005588487083371854,0.5451960127232626,0.0003561612557960057,0.05,0.3807328991211846,0.0349379857680591,0.5472822375884293,0.03704687752232684,1.822821504424427e-16,0.2840959732264984,parity_visibility,1.1102230246251565e-16,0.0349379857680591,
Type4,14,random_boundary_19,random,0.44885933893756963,0.005588487083371854,0.5451960127232626,0.0003561612557960057,0.1,0.3596576225975802,0.06691794040773372,0.5026872536697662,0.0707371833249197,1.8047684813350008e-16,0.15742247629959494,parity_visibility,1.1102230246251565e-16,0.06691794040773372,
Type4,14,random_boundary_19,random,0.44885933893756963,0.005588487083371854,0.5451960127232626,0.0003561612557960057,0.15,0.3407146751848999,0.09600830549176495,0.4621759291397566,0.10110109018357821,1.3284948066895673e-16,0.0846004923252392,parity_visibility,4.440892098500626e-16,0.09600830549176495,
Type4,14,random_boundary_19,random,0.44885933893756963,0.005588487083371854,0.5451960127232626,0.0003561612557960057,0.2,0.3238696079781043,0.1222275649034182,0.4257171941992954,0.12818563291918197,3.8265001685576103e-16,0.0439371551060975,parity_visibility,2.220446049250313e-16,0.1222275649034182,
Type4,14,random_boundary_19,random,0.44885933893756963,0.005588487083371854,0.5451960127232626,0.0003561612557960057,0.3,0.2962658132339299,0.16620789921473972,0.36471618418557544,0.17281010336575486,1.338849606366822e-15,0.010504828839176063,parity_visibility,1.1102230246251565e-16,0.16620789921473972,
4Q,5,isotropic_eps0.0000,deterministic,1.0,0.0,0.0,0.0,0.0,0.9999999999999998,0.0,0.0,0.0,2.2371143170757382e-17,0.9999999999999993,P_success,2.220446049250313e-16,0.0,0.000e+00
4Q,5,isotropic_eps0.0000,deterministic,1.0,0.0,0.0,0.0,0.0001,0.9998999874998125,2.5004375234454917e-05,5.000374971863671e-05,2.50043752343246e-05,7.034019644317492e-17,0.9996750574947498,P_success,1.1102230246251565e-16,2.50043752343246e-05,4.441e-16
4Q,5,isotropic_eps0.0000,deterministic,1.0,0.0,0.0,0.0,0.001,0.9989987498146442,0.00025043773386979415,0.000500374717615967,0.00025043773386977913,2.7191232700101928e-17,0.9967557447524988,P_success,2.220446049250313e-16,0.00025043773386977913,2.776e-16
4Q,5,isotropic_eps0.0000,deterministic,1.0,0.0,0.0,0.0,0.005,0.9949687279124427,0.0012609664778116343,0.002509339131933716,0.0012609664778117158,2.0320557415792058e-17,0.9838930953109367,P_success,2.220446049250313e-16,0.0012609664778116343,3.886e-16
4Q,5,isotropic_eps0.0000,deterministic,1.0,0.0,0.0,0.0,0.01,0.9898748342928002,0.002543979203489872,0.00503720730021951,0.0025439792034899524,2.7532076666255312e-17,0.9680697749499994,P_success,4.440892098500626e-16,0.002543979203489872,2.776e-16
4Q,5,isotropic_eps0.0000,deterministic,1.0,0.0,0.0,0.0,0.02,0.9794988549232506,0.005176790102156383,0.010147564872436569,0.005176790102156313,7.409008298531791e-18,0.9372583983999994,P_success,0.0,0.005176790102156313,1.110e-16
4Q,5,isotropic_eps0.0000,deterministic,1.0,0.0,0.0,0.0,0.05,0.9468661680401929,0.013619470551858682,0.025894890856089658,0.013619470551858612,5.323468852497508e-18,0.8512342187499993,P_success,2.220446049250313e-16,0.013619470551858612,1.665e-16
4Q,5,isotropic_eps0.0000,deterministic,1.0,0.0,0.0,0.0,0.1,0.887566237568643,0.029544876597090045,0.05334400923717689,0.02954487659709001,1.9254856658105414e-17,0.7274949999999994,P_success,1.1102230246251565e-16,0.02954487659709001,2.220e-16
4Q,5,isotropic_eps0.0000,deterministic,1.0,0.0,0.0,0.0,0.15,0.8226268889334726,0.04777003225768576,0.08183304655115592,0.04777003225768569,6.096452616975562e-17,0.6253839062499996,P_success,0.0,0.04777003225768569,3.886e-16
4Q,5,isotropic_eps0.0000,deterministic,1.0,0.0,0.0,0.0,0.2,0.7531743688173629,0.06810128451203301,0.11062306215857079,0.0681012845120331,1.0062020883698159e-16,0.5418399999999999,P_success,2.220446049250313e-16,0.06810128451203301,3.331e-16
4Q,5,isotropic_eps0.0000,deterministic,1.0,0.0,0.0,0.0,0.3,0.6084960158176208,0.11313827316364329,0.16522743785509245,0.11313827316364326,1.0365072500061953e-17,0.41978499999999963,P_success,2.220446049250313e-16,0.11313827316364326,9.714e-17
4Q,5,isotropic_eps0.0500,deterministic,0.9625,0.0125,0.0125,0.0125,0.0,0.9994942683749156,0.0001685772083614012,0.0001685772083614295,0.0001685772083614295,2.0900466321177657e-17,0.9268749999999994,P_success,2.220446049250313e-16,0.0001685772083614012,5.551e-17
4Q,5,isotropic_eps0.0500,deterministic,0.9625,0.0125,0.0125,0.0125,0.0001,0.9993887181394528,0.0001952196616752036,0.00022084253719654076,0.00019521966167522313,1.042230843006674e-16,0.9265817393890116,P_success,1.1102230246251565e-16,0.0001952196616752036,3.331e-16
4Q,5,isotropic_eps0.0500,deterministic,0.9625,0.0125,0.0125,0.0125,0.001,0.9984376336224303,0.00043540517821059817,0.0006915560211483381,0.0004354051782106425,6.10979711021132e-17,0.9239470596391303,P_success,1.1102230246251565e-16,0.00043540517821059817,2.220e-16
4Q,5,isotropic_eps0.0500,deterministic,0.9625,0.0125,0.0125,0.0125,0.005,0.994185931032106,0.0015117002485815257,0.0027906684707307444,0.0015117002485815583,2.7134774056741648e-17,0.9123385185181204,P_success,2.220446049250313e-16,0.0015117002485815257,2.220e-16
4Q,5,isotropic_eps0.0500,deterministic,0.9625,0.0125,0.0125,0.0125,0.01,0.9888146997312343,0.002877360739368413,0.005430578790028786,0.002877360739368477,5.5481354476024554e-17,0.8980579718923744,P_success,0.0,0.002877360739368413,5.551e-17
4Q,5,isotropic_eps0.0500,deterministic,0.9625,0.0125,0.0125,0.0125,0.02,0.9778838034496969,0.005676785694210443,0.010762625161882065,0.005676785694210374,5.5367613873818805e-17,0.8702507045559994,P_success,1.1102230246251565e-16,0.005676785694210374,2.776e-16
4Q,5,isotropic_eps0.0500,deterministic,0.9625,0.0125,0.0125,0.0125,0.05,0.9435956472144158,0.014626742771115586,0.027150867243353083,0.014626742771115562,2.9577050080789895e-17,0.7926138824218744,P_success,0.0,0.014626742771115562,1.665e-16
4Q,5,isotropic_eps0.0500,deterministic,0.9625,0.0125,0.0125,0.0125,0.1,0.8816522983080408,0.03139757936184435,0.05555254296827035,0.031397579361844306,1.711764009058899e-17,0.6809392374999997,P_success,1.1102230246251565e-16,0.031397579361844306,1.110e-16
4Q,5,isotropic_eps0.0500,deterministic,0.9625,0.0125,0.0125,0.0125,0.15,0.8143879106838458,0.05041355837309801,0.08478497256995803,0.050413558373098036,7.745297376840517e-17,0.5887839753906245,P_success,2.220446049250313e-16,0.05041355837309801,2.220e-16
4Q,5,isotropic_eps0.0500,deterministic,0.9625,0.0125,0.0125,0.0125,0.2,0.743140438687801,0.07140831375091153,0.11404293381037564,0.07140831375091157,2.350771508327618e-17,0.5133855999999998,P_success,2.220446049250313e-16,0.07140831375091153,1.665e-16
4Q,5,isotropic_eps0.0500,deterministic,0.9625,0.0125,0.0125,0.0125,0.3,0.5971284540184585,0.1171184399065089,0.16863466616852368,0.1171184399065089,2.2528499403827392e-17,0.40323096249999957,P_success,0.0,0.1171184399065089,1.665e-16
4Q,5,isotropic_eps0.1000,deterministic,0.925,0.025,0.025,0.025,0.0,0.9978134110787171,0.0007288629737609033,0.0007288629737609328,0.0007288629737609328,9.673384227174763e-18,0.8574999999999995,P_success,0.0,0.0007288629737609033,1.290e-17
4Q,5,isotropic_eps0.1000,deterministic,0.925,0.025,0.025,0.025,0.0001,0.9977018672047965,0.0007572982856983623,0.0007835362238065451,0.0007572982856984047,1.5333392093585345e-17,0.8572367965707473,P_success,2.220446049250313e-16,0.0007572982856983623,2.220e-16
4Q,5,isotropic_eps0.1000,deterministic,0.925,0.025,0.025,0.025,0.001,0.9966968440042052,0.001013626250750053,0.0012759034942947693,0.0010136262507498299,6.82971945558653e-17,0.8548721532495243,P_success,1.1102230246251565e-16,0.0010136262507498299,3.886e-16
4Q,5,isotropic_eps0.1000,deterministic,0.925,0.025,0.025,0.025,0.005,0.9922055238227938,0.0021618059710573822,0.0034708642350911685,0.002161805971057405,1.899100411948998e-17,0.8444534072018588,P_success,2.220446049250313e-16,0.0021618059710573822,4.441e-16
4Q,5,isotropic_eps0.1000,deterministic,0.925,0.025,0.025,0.025,0.01,0.9865351216122744,0.003617617190243285,0.006229644007238883,0.0036176171902433433,2.683504355721503e-17,0.8316365177094994,P_success,0.0,0.003617617190243285,1.665e-16
4Q,5,isotropic_eps0.1000,deterministic,0.925,0.025,0.025,0.025,0.02,0.9750077034424696,0.006598143750755227,0.011796009056019647,0.006598143750755248,1.9480846902724242e-17,0.8066793027039995,P_success,3.3306690738754696e-16,0.006598143750755227,1.110e-16
4Q,5,isotropic_eps0.1000,deterministic,0.925,0.025,0.025,0.025,0.05,0.9389576438503505,0.01609402118601145,0.02885431377762634,0.016094021186011356,7.122809690099151e-17,0.7369997171874995,P_success,3.3306690738754696e-16,0.016094021186011356,1.665e-16
4Q,5,isotropic_eps0.1000,deterministic,0.925,0.025,0.025,0.025,0.1,0.8742662098514387,0.0337542879429408,0.05822521426267953,0.033754287942940865,6.035287780330485e-17,0.6367709499999998,P_success,1.1102230246251565e-16,0.0337542879429408,5.551e-17
4Q,5,isotropic_eps0.1000,deterministic,0.925,0.025,0.025,0.025,0.15,0.80467799068941,0.053572977050864175,0.08817605520886145,0.05357297705086419,9.51488124636517e-17,0.5540609640624996,P_success,2.220446049250313e-16,0.053572977050864175,8.327e-17
4Q,5,isotropic_eps0.1000,deterministic,0.925,0.025,0.025,0.025,0.2,0.7317463502569127,0.07520707645545636,0.11783949683217428,0.07520707645545632,2.4397160810740218e-17,0.48639039999999995,P_success,3.3306690738754696e-16,0.07520707645545632,1.943e-16
4Q,5,isotropic_eps0.1000,deterministic,0.925,0.025,0.025,0.025,0.3,0.584867370783136,0.12144996262829942,0.17223270396026483,0.12144996262829949,1.371050938933221e-17,0.38752584999999967,P_success,2.220446049250313e-16,0.12144996262829942,1.943e-16
4Q,5,isotropic_eps0.2000,deterministic,0.85,0.05,0.05,0.05,0.0,0.9897260273972601,0.003424657534246543,0.0034246575342465747,0.0034246575342465747,2.4755862019368787e-17,0.7299999999999994,P_success,1.1102230246251565e-16,0.003424657534246543,3.903e-18
4Q,5,isotropic_eps0.2000,deterministic,0.85,0.05,0.05,0.05,0.0001,0.9896011703075837,0.0034571447384988906,0.0034845402154183294,0.003457144738499031,2.1412478944529025e-17,0.7297920367966395,P_success,1.1102230246251565e-16,0.0034571447384988906,4.441e-16
4Q,5,isotropic_eps0.2000,deterministic,0.85,0.05,0.05,0.05,0.001,0.9884763859199482,0.003749940134580742,0.004023733810889913,0.003749940134580868,1.7887206432068127e-17,0.727923676641599,P_success,2.220446049250313e-16,0.003749940134580742,1.110e-16
4Q,5,isotropic_eps0.2000,deterministic,0.85,0.05,0.05,0.05,0.005,0.9834541056774165,0.005060190107677546,0.006425514107228282,0.005060190107677612,1.6887152712744234e-17,0.7196915809989993,P_success,0.0,0.005060190107677546,4.441e-16
4Q,5,isotropic_eps0.2000,deterministic,0.85,0.05,0.05,0.05,0.01,0.9771232637174475,0.006718499096458533,0.009439738089635163,0.006718499096458649,1.2165219125260128e-17,0.7095646559679992,P_success,2.220446049250313e-16,0.006718499096458533,5.551e-17
4Q,5,isotropic_eps0.2000,deterministic,0.85,0.05,0.05,0.05,0.02,0.9642874516323936,0.010103237990458869,0.015506072386688316,0.01010323799045906,2.920966837676079e-17,0.6898453749759993,P_success,1.1102230246251565e-16,0.010103237990458869,5.551e-17
4Q,5,isotropic_eps0.2000,deterministic,0.85,0.05,0.05,0.05,0.05,0.9244439479109543,0.02079575856515677,0.03396453495873201,0.02079575856515675,1.5657910229451074e-17,0.6347898999999995,P_success,2.220446049250313e-16,0.02079575856515675,1.665e-16
4Q,5,isotropic_eps0.2000,deterministic,0.85,0.05,0.05,0.05,0.1,0.8540920322075289,0.04032600619729987,0.06525595539787124,0.04032600619729989,5.365199742526857e-17,0.5555967999999997,P_success,1.1102230246251565e-16,0.04032600619729987,2.776e-16
4Q,5,isotropic_eps0.2000,deterministic,0.85,0.05,0.05,0.05,0.15,0.7800750088170074,0.0617209646101944,0.09648306196260366,0.06172096461019444,5.251689345461274e-17,0.49024569999999945,P_success,0.0,0.0617209646101944,1.665e-16
4Q,5,isotropic_eps0.2000,deterministic,0.85,0.05,0.05,0.05,0.2,0.7043529704820026,0.08448235440645302,0.12668232070509108,0.08448235440645306,2.6985718980309127e-17,0.4367775999999998,P_success,2.220446049250313e-16,0.08448235440645302,1.110e-16
4Q,5,isotropic_eps0.2000,deterministic,0.85,0.05,0.05,0.05,0.3,0.5575560750165056,0.13122367998429713,0.17999656501489977,0.13122367998429715,3.814555686001529e-17,0.35866239999999955,P_success,2.220446049250313e-16,0.13122367998429713,8.327e-17
4Q,5,isotropic_eps0.3000,deterministic,0.775,0.075,0.075,0.075,0.0,0.9726720647773278,0.009109311740890622,0.009109311740890686,0.009109311740890686,1.3471472078294806e-17,0.6174999999999996,P_success,2.220446049250313e-16,0.009109311740890622,5.204e-18
4Q,5,isotropic_eps0.3000,deterministic,0.775,0.075,0.075,0.075,0.0001,0.9725325170154794,0.009146381838170141,0.009174719308180226,0.009146381838170153,1.3891575978460714e-17,0.6173407781724273,P_success,0.0,0.009146381838170141,3.331e-16
4Q,5,isotropic_eps0.3000,deterministic,0.775,0.075,0.075,0.075,0.001,0.9712756747248928,0.009480395394509487,0.00976353448608786,0.009480395394509619,1.002541430978267e-16,0.6159103149287243,P_success,1.1102230246251565e-16,0.009480395394509487,5.551e-17
4Q,5,isotropic_eps0.3000,deterministic,0.775,0.075,0.075,0.075,0.005,0.9656699819182252,0.010973208716562348,0.012383600648649785,0.010973208716562547,1.057054457053391e-17,0.6096076167023589,P_success,1.1102230246251565e-16,0.010973208716562348,1.110e-16
4Q,5,isotropic_eps0.3000,deterministic,0.775,0.075,0.075,0.075,0.01,0.958618243219991,0.012858181133589103,0.015665394512830676,0.012858181133589133,7.58507197379269e-18,0.6018541897254994,P_success,1.1102230246251565e-16,0.012858181133589103,1.665e-16
4Q,5,isotropic_eps0.3000,deterministic,0.775,0.075,0.075,0.075,0.02,0.9443705048506627,0.016690477356433003,0.02224854043647095,0.01669047735643314,2.3337590968960257e-17,0.5867566152159995,P_success,2.220446049250313e-16,0.016690477356433003,2.220e-16
4Q,5,isotropic_eps0.3000,deterministic,0.775,0.075,0.075,0.075,0.05,0.9005675348548564,0.02866722002476511,0.04209802509561326,0.028667220024765024,2.2677890501380853e-17,0.5446047671874996,P_success,2.220446049250313e-16,0.028667220024765024,5.551e-17
4Q,5,isotropic_eps0.3000,deterministic,0.775,0.075,0.075,0.075,0.1,0.8247790603000106,0.05005965730907669,0.07510162508183574,0.05005965730907673,2.956651491143366e-17,0.4839725499999997,P_success,3.3306690738754696e-16,0.05005965730907669,1.110e-16
4Q,5,isotropic_eps0.3000,deterministic,0.775,0.075,0.075,0.075,0.15,0.74715926784678,0.07282567470657424,0.10718938274007123,0.07282567470657438,2.103879076173322e-17,0.43393811406249955,P_success,1.1102230246251565e-16,0.07282567470657424,1.388e-16
4Q,5,isotropic_eps0.3000,deterministic,0.775,0.075,0.075,0.075,0.2,0.6699555421657315,0.09633548565705576,0.13737348652015663,0.09633548565705584,1.966123889724665e-17,0.39300159999999984,P_success,3.3306690738754696e-16,0.09633548565705576,8.327e-17
4Q,5,isotropic_eps0.3000,deterministic,0.775,0.075,0.075,0.075,0.3,0.5264401004037731,0.14254055399749058,0.1884787916012457,0.14254055399749066,3.5212671122276686e-17,0.3331946499999996,P_success,0.0,0.14254055399749058,6.245e-17
4Q,5,isotropic_eps0.5000,deterministic,0.625,0.125,0.125,0.125,0.0,0.8928571428571427,0.03571428571428568,0.035714285714285705,0.035714285714285705,2.534089238915076e-17,0.4374999999999998,P_success,2.220446049250313e-16,0.03571428571428568,1.041e-17
4Q,5,isotropic_eps0.5000,deterministic,0.625,0.125,0.125,0.125,0.0001,0.892690815031807,0.035760206078007895,0.035788772812177,0.03576020607800784,6.549894737651533e-17,0.4374187643736875,P_success,2.220446049250313e-16,0.03576020607800784,2.498e-16
4Q,5,isotropic_eps0.5000,deterministic,0.625,0.125,0.125,0.125,0.001,0.8911937504674958,0.03617366838620473,0.03645891276009447,0.03617366838620472,1.7149093047310256e-17,0.43668893618812465,P_success,2.220446049250313e-16,0.03617366838620472,5.551e-17
4Q,5,isotropic_eps0.5000,deterministic,0.625,0.125,0.125,0.125,0.005,0.8845379053564111,0.03801510768606809,0.03943187927145264,0.038015107686067945,5.634656170369417e-17,0.4334732738277342,P_success,2.220446049250313e-16,0.038015107686067945,3.053e-16
4Q,5,isotropic_eps0.5000,deterministic,0.625,0.125,0.125,0.125,0.01,0.8762141826974463,0.04032537692016396,0.043135063462225634,0.04032537692016393,3.513995979734149e-17,0.4295174437374998,P_success,2.220446049250313e-16,0.04032537692016393,5.551e-17
4Q,5,isotropic_eps0.5000,deterministic,0.625,0.125,0.125,0.125,0.02,0.8595613801509586,0.04497205648640134,0.050494506876238535,0.04497205648640143,2.808275980179744e-17,0.4218145995999997,P_success,0.0,0.04497205648640134,2.498e-16
4Q,5,isotropic_eps0.5000,deterministic,0.625,0.125,0.125,0.125,0.05,0.8097087510327726,0.059079914819613256,0.0721314193280008,0.05907991481961326,2.3604869539774692e-17,0.4003085546874997,P_success,0.0,0.059079914819613256,1.388e-16
4Q,5,isotropic_eps0.5000,deterministic,0.625,0.125,0.125,0.125,0.1,0.7279838510451812,0.08285984047323336,0.10629646800835196,0.08285984047323339,2.4292278021785568e-17,0.36937374999999983,P_success,1.1102230246251565e-16,0.08285984047323336,1.665e-16
4Q,5,isotropic_eps0.5000,deterministic,0.625,0.125,0.125,0.125,0.15,0.6497675024143825,0.10641858290247823,0.13739533178066074,0.10641858290247821,1.167422044914299e-17,0.3438459765624998,P_success,3.3306690738754696e-16,0.10641858290247821,8.327e-17
4Q,5,isotropic_eps0.5000,deterministic,0.625,0.125,0.125,0.125,0.2,0.5769754768392369,0.12911815704731236,0.16478820906613817,0.12911815704731233,2.4562337793874695e-17,0.3229599999999999,P_success,2.220446049250313e-16,0.12911815704731233,4.163e-17
4Q,5,isotropic_eps0.5000,deterministic,0.625,0.125,0.125,0.125,0.3,0.45341879063246665,0.16973204477745904,0.20711711981261516,0.16973204477745912,5.881417226255997e-18,0.2924462499999997,P_success,0.0,0.16973204477745904,1.388e-16
4Q,5,isotropic_eps0.6667,deterministic,0.5,0.16666666666666666,0.16666666666666666,0.16666666666666666,0.0,0.7499999999999999,0.08333333333333337,0.08333333333333331,0.08333333333333331,2.1778458736795334e-17,0.33333333333333315,P_success,2.220446049250313e-16,0.08333333333333331,2.776e-17
4Q,5,isotropic_eps0.6667,deterministic,0.5,0.16666666666666666,0.16666666666666666,0.16666666666666666,0.0001,0.7498354273803495,0.08337985955377523,0.08340485351209999,0.08337985955377523,2.279013487588422e-17,0.3332972286105276,P_success,0.0,0.08337985955377523,8.327e-17
4Q,5,isotropic_eps0.6667,deterministic,0.5,0.16666666666666666,0.16666666666666666,0.16666666666666666,0.001,0.7483552397228006,0.08379845481719515,0.08404785064280898,0.08379845481719521,1.4144078334325248e-17,0.3329728605280552,P_success,1.1102230246251565e-16,0.08379845481719515,3.469e-17
4Q,5,isotropic_eps0.6667,deterministic,0.5,0.16666666666666666,0.16666666666666666,0.16666666666666666,0.005,0.7417978463476252,0.08565575276790506,0.08689064811656458,0.08565575276790502,2.7595903097395513e-18,0.3315436772567706,P_success,1.1102230246251565e-16,0.08565575276790502,1.388e-16
4Q,5,isotropic_eps0.6667,deterministic,0.5,0.16666666666666666,0.16666666666666666,0.16666666666666666,0.01,0.7336506431437186,0.08796992420078745,0.09040950845470622,0.08796992420078753,2.6545809970358022e-17,0.3297855305499997,P_success,2.220446049250313e-16,0.08796992420078745,3.816e-17
4Q,5,isotropic_eps0.6667,deterministic,0.5,0.16666666666666666,0.16666666666666666,0.16666666666666666,0.02,0.7175265166823735,0.09257168866999058,0.09733010597764503,0.09257168866999058,5.406482412854561e-17,0.32636204426666643,P_success,3.3306690738754696e-16,0.09257168866999058,8.327e-17
4Q,5,isotropic_eps0.6667,deterministic,0.5,0.16666666666666666,0.16666666666666666,0.16666666666666666,0.05,0.6706084766251719,0.10613235529197089,0.11712681279088621,0.10613235529197089,2.2135481731974514e-17,0.3168038020833331,P_success,2.220446049250313e-16,0.10613235529197089,5.551e-17
4Q,5,isotropic_eps0.6667,deterministic,0.5,0.16666666666666666,0.16666666666666666,0.16666666666666666,0.1,0.5977957796439589,0.12772021580241202,0.1467637887512168,0.1277202158024121,8.173959550722157e-18,0.3030549999999998,P_success,2.220446049250313e-16,0.12772021580241202,9.714e-17
4Q,5,isotropic_eps0.6667,deterministic,0.5,0.16666666666666666,0.16666666666666666,0.16666666666666666,0.15,0.532456190782098,0.14773389986952506,0.1720760094788518,0.14773389986952498,1.7537781609993287e-17,0.2917093229166665,P_success,0.0,0.14773389986952498,1.110e-16
4Q,5,isotropic_eps0.6667,deterministic,0.5,0.16666666666666666,0.16666666666666666,0.16666666666666666,0.2,0.47509678028514774,0.16590344002769647,0.19309633965945924,0.16590344002769644,6.387651553935764e-18,0.28242666666666655,P_success,1.1102230246251565e-16,0.16590344002769644,5.551e-17
4Q,5,isotropic_eps0.6667,deterministic,0.5,0.16666666666666666,0.16666666666666666,0.16666666666666666,0.3,0.38448353882679653,0.19613571040402342,0.22324504036515638,0.19613571040402347,2.3891487503121888e-17,0.26886499999999974,P_success,2.220446049250313e-16,0.19613571040402342,1.249e-16
4Q,5,isotropic_eps0.8000,deterministic,0.3999999999999999,0.2,0.2,0.2,0.0,0.5714285714285712,0.14285714285714288,0.14285714285714288,0.14285714285714288,1.5426920711989694e-17,0.27999999999999975,P_success,1.1102230246251565e-16,0.14285714285714288,6.939e-18
4Q,5,isotropic_eps0.8000,deterministic,0.3999999999999999,0.2,0.2,0.2,0.0001,0.5713051173286731,0.14289234364966086,0.14291019537200503,0.14289234364966102,1.7233970031417235e-17,0.2799870022997897,P_success,0.0,0.14289234364966086,1.665e-16
4Q,5,isotropic_eps0.8000,deterministic,0.3999999999999999,0.2,0.2,0.2,0.001,0.5701954062957908,0.14320885465398392,0.14338688439624125,0.14320885465398395,6.508926432657382e-17,0.2798702297900997,P_success,1.1102230246251565e-16,0.14320885465398392,2.082e-17
4Q,5,isotropic_eps0.8000,deterministic,0.3999999999999999,0.2,0.2,0.2,0.005,0.5652933153965001,0.14460910963582316,0.14548846533185342,0.14460910963582313,2.5825971883952465e-17,0.27935572381243723,P_success,2.220446049250313e-16,0.14460910963582313,4.163e-17
4Q,5,isotropic_eps0.8000,deterministic,0.3999999999999999,0.2,0.2,0.2,0.01,0.5592344532084511,0.146344544444852,0.1480764579018447,0.146344544444852,2.0003889504270532e-17,0.27872279099799974,P_success,1.1102230246251565e-16,0.146344544444852,4.163e-17
4Q,5,isotropic_eps0.8000,deterministic,0.3999999999999999,0.2,0.2,0.2,0.02,0.547345626807811,0.14976549673277637,0.15312337972663634,0.1497654967327763,8.195573217844607e-18,0.2774903359359997,P_success,0.0,0.1497654967327763,1.943e-16
4Q,5,isotropic_eps0.8000,deterministic,0.3999999999999999,0.2,0.2,0.2,0.05,0.5135014621795219,0.1596242387805172,0.16725006025944367,0.15962423878051718,1.9902698726666476e-17,0.2740493687499997,P_success,0.0,0.15962423878051718,6.939e-17
4Q,5,isotropic_eps0.8000,deterministic,0.3999999999999999,0.2,0.2,0.2,0.1,0.4630653757453552,0.17468890723813246,0.18755680977837957,0.17468890723813246,4.838026763678795e-17,0.2690997999999998,P_success,3.3306690738754696e-16,0.17468890723813246,6.939e-17
4Q,5,isotropic_eps0.8000,deterministic,0.3999999999999999,0.2,0.2,0.2,0.15,0.419801516454577,0.18804069537762869,0.20411709279016546,0.18804069537762874,2.5571476765351965e-17,0.2650153562499997,P_success,2.220446049250313e-16,0.18804069537762869,2.082e-17
4Q,5,isotropic_eps0.8000,deterministic,0.3999999999999999,0.2,0.2,0.2,0.2,0.3832469152409719,0.1997144534259474,0.21732417790713318,0.19971445342594746,1.0409747822132831e-17,0.2616735999999998,P_success,0.0,0.1997144534259474,2.082e-17
4Q,5,isotropic_eps0.8000,deterministic,0.3999999999999999,0.2,0.2,0.2,0.3,0.3279389418804523,0.21834356602284963,0.23537392607384822,0.21834356602284963,2.4899575000472464e-17,0.2567913999999997,P_success,2.220446049250313e-16,0.21834356602284963,2.776e-17
4Q,5,isotropic_eps1.0000,deterministic,0.25,0.25,0.25,0.25,0.0,0.24999999999999994,0.24999999999999994,0.24999999999999994,0.24999999999999994,5.5927857926893454e-18,0.24999999999999983,P_success,2.220446049250313e-16,0.24999999999999994,0.000e+00
4Q,5,isotropic_eps1.0000,deterministic,0.25,0.25,0.25,0.25,0.0001,0.24999999999999994,0.24999999999999994,0.24999999999999994,0.24999999999999994,5.5927857926893454e-18,0.24999999999999983,P_success,2.220446049250313e-16,0.24999999999999994,9.714e-17
4Q,5,isotropic_eps1.0000,deterministic,0.25,0.25,0.25,0.25,0.001,0.24999999999999994,0.24999999999999994,0.24999999999999994,0.24999999999999994,5.5927857926893454e-18,0.24999999999999983,P_success,2.220446049250313e-16,0.24999999999999994,1.388e-16
4Q,5,isotropic_eps1.0000,deterministic,0.25,0.25,0.25,0.25,0.005,0.24999999999999994,0.24999999999999994,0.24999999999999994,0.24999999999999994,5.5927857926893454e-18,0.24999999999999983,P_success,2.220446049250313e-16,0.24999999999999994,2.082e-16
4Q,5,isotropic_eps1.0000,deterministic,0.25,0.25,0.25,0.25,0.01,0.24999999999999994,0.24999999999999994,0.24999999999999994,0.24999999999999994,5.5927857926893454e-18,0.24999999999999983,P_success,2.220446049250313e-16,0.24999999999999994,6.939e-17
4Q,5,isotropic_eps1.0000,deterministic,0.25,0.25,0.25,0.25,0.02,0.24999999999999994,0.24999999999999994,0.24999999999999994,0.24999999999999994,5.5927857926893454e-18,0.24999999999999983,P_success,2.220446049250313e-16,0.24999999999999994,9.714e-17
4Q,5,isotropic_eps1.0000,deterministic,0.25,0.25,0.25,0.25,0.05,0.24999999999999994,0.24999999999999994,0.24999999999999994,0.24999999999999994,5.5927857926893454e-18,0.24999999999999972,P_success,2.220446049250313e-16,0.24999999999999994,1.665e-16
4Q,5,isotropic_eps1.0000,deterministic,0.25,0.25,0.25,0.25,0.1,0.24999999999999994,0.24999999999999994,0.24999999999999994,0.24999999999999994,5.5927857926893454e-18,0.24999999999999983,P_success,2.220446049250313e-16,0.24999999999999994,5.551e-17
4Q,5,isotropic_eps1.0000,deterministic,0.25,0.25,0.25,0.25,0.15,0.24999999999999994,0.24999999999999994,0.24999999999999994,0.24999999999999994,5.5927857926893454e-18,0.24999999999999983,P_success,2.220446049250313e-16,0.24999999999999994,8.327e-17
4Q,5,isotropic_eps1.0000,deterministic,0.25,0.25,0.25,0.25,0.2,0.24999999999999994,0.24999999999999994,0.24999999999999994,0.24999999999999994,5.5927857926893454e-18,0.24999999999999992,P_success,2.220446049250313e-16,0.24999999999999994,1.665e-16
4Q,5,isotropic_eps1.0000,deterministic,0.25,0.25,0.25,0.25,0.3,0.24999999999999994,0.24999999999999994,0.24999999999999994,0.24999999999999994,5.5927857926893454e-18,0.24999999999999983,P_success,2.220446049250313e-16,0.24999999999999994,1.388e-16
4Q,5,near_phi_plus,deterministic,0.99,0.005,0.003,0.002,0.0,0.9999612299492517,2.5506612334120816e-05,9.182380440305342e-06,4.081057973469041e-06,2.3421106396615242e-17,0.9801379999999994,P_success,3.3306690738754696e-16,4.081057973469041e-06,5.551e-17
4Q,5,near_phi_plus,deterministic,0.99,0.005,0.003,0.002,0.0001,0.9998595256518577,5.106537614211714e-05,5.9841860113437205e-05,2.9567111886548105e-05,1.0076970652879835e-17,0.9798219918569537,P_success,3.3306690738754696e-16,2.9567111886548105e-05,2.220e-16
4Q,5,near_phi_plus,deterministic,0.99,0.005,0.003,0.002,0.001,0.9989430626744807,0.000281489648942038,0.00051611011788801,0.00025933755868901855,1.726310593273458e-17,0.9769829411112695,P_success,2.220446049250313e-16,0.00025933755868901855,1.665e-16
4Q,5,near_phi_plus,deterministic,0.99,0.005,0.003,0.002,0.005,0.9948453973273234,0.001314229537304679,0.0025511891555008897,0.001289183979870774,9.796924317762958e-18,0.9644738196200865,P_success,3.3306690738754696e-16,0.001289183979870774,2.220e-16
4Q,5,near_phi_plus,deterministic,0.99,0.005,0.003,0.002,0.01,0.9896670301543714,0.00262506625967526,0.005111470438032272,0.0025964331479209207,5.837826727102029e-17,0.9490851485521381,P_success,1.1102230246251565e-16,0.0025964331479209207,2.776e-16
4Q,5,near_phi_plus,deterministic,0.99,0.005,0.003,0.002,0.02,0.9791225339966273,0.005313677420841885,0.010285816928239292,0.00527797165429138,7.529827379982976e-17,0.9191192992980378,P_success,2.220446049250313e-16,0.00527797165429138,1.665e-16
4Q,5,near_phi_plus,deterministic,0.99,0.005,0.003,0.002,0.05,0.9459910057008927,0.013923983688178532,0.02621703675217624,0.013867973858752377,2.669546049997149e-17,0.8354495013084369,P_success,2.220446049250313e-16,0.013867973858752377,1.665e-16
4Q,5,near_phi_plus,deterministic,0.99,0.005,0.003,0.002,0.1,0.8859063066857562,0.030121834576212363,0.05393617955246201,0.03003567918556923,1.1698847376283952e-17,0.7150776003699997,P_success,2.220446049250313e-16,0.03003567918556923,5.551e-17
4Q,5,near_phi_plus,deterministic,0.99,0.005,0.003,0.002,0.15,0.8202891458954527,0.048594459720272945,0.0826324445740035,0.0484839498102708,8.275697838180291e-17,0.6157231933878121,P_success,0.0,0.0484839498102708,1.388e-16
4Q,5,near_phi_plus,deterministic,0.99,0.005,0.003,0.002,0.2,0.750323473780459,0.06912726949356693,0.11154983043961132,0.0689994262863626,1.6521521915438482e-17,0.5344146278399997,P_success,1.1102230246251565e-16,0.0689994262863626,1.943e-16
4Q,5,near_phi_plus,deterministic,0.99,0.005,0.003,0.002,0.3,0.6052849206515093,0.11435555638672434,0.16614245363496516,0.11421706932680109,1.1900270725466916e-17,0.4155765169099997,P_success,1.1102230246251565e-16,0.11421706932680109,1.110e-16
4Q,5,near_phi_plus_tight,deterministic,0.9999,5e-05,3e-05,2e-05,0.0,0.9999999961992398,2.500500171634105e-09,9.001800235822322e-10,4.0008001048099216e-10,2.6088970042318773e-17,0.9998000137999994,P_success,0.0,4.0008001048099216e-10,2.069e-17
4Q,5,near_phi_plus_tight,deterministic,0.9999,5e-05,3e-05,2e-05,0.0001,0.9998999669474172,2.501237635153656e-05,5.001115002570391e-05,2.5009526205411452e-05,5.755211663011014e-17,0.9994751612718527,P_success,1.1102230246251565e-16,2.5009526205411452e-05,6.106e-16
4Q,5,near_phi_plus_tight,deterministic,0.9999,5e-05,3e-05,2e-05,0.001,0.9989985785020311,0.0002504952561259798,0.0005004405783133098,0.00025048566352952543,3.038436511406507e-17,0.9965566568401684,P_success,1.1102230246251565e-16,0.00025048566352952543,2.220e-16
4Q,5,near_phi_plus_tight,deterministic,0.9999,5e-05,3e-05,2e-05,0.005,0.9949678867042258,0.001261244418283426,0.0025096639059131913,0.001261204971577425,4.5591677703788875e-18,0.9836975677372167,P_success,1.1102230246251565e-16,0.001261204971577425,2.220e-16
4Q,5,near_phi_plus_tight,deterministic,0.9999,5e-05,3e-05,2e-05,0.01,0.989873156298341,0.002544533340981047,0.005037853518730941,0.0025444568419470265,2.4011863991152694e-17,0.9678786246644493,P_success,0.0,0.0025444568419470265,1.665e-16
4Q,5,near_phi_plus_tight,deterministic,0.9999,5e-05,3e-05,2e-05,0.02,0.979495506878572,0.0051778984137930174,0.01014884596525915,0.005177748742375653,3.351730749286084e-17,0.9370757632477643,P_success,2.220446049250313e-16,0.005177748742375653,1.110e-16
4Q,5,near_phi_plus_tight,deterministic,0.9999,5e-05,3e-05,2e-05,0.05,0.9468578700727837,0.013622245922959795,0.025897998877557525,0.013621885126698829,1.6752103345469155e-17,0.8510752937465363,P_success,2.220446049250313e-16,0.013621885126698829,3.886e-16
4Q,5,near_phi_plus_tight,deterministic,0.9999,5e-05,3e-05,2e-05,0.1,0.8875501295374094,0.029550370126202475,0.05334980842765257,0.029549691908735284,3.14924653817324e-17,0.7273699849950367,P_success,3.3306690738754696e-16,0.029549691908735284,5.551e-17
4Q,5,near_phi_plus_tight,deterministic,0.9999,5e-05,3e-05,2e-05,0.15,0.8226040026728817,0.04777800748300385,0.08184092303177977,0.047777066812334394,2.4432304203243433e-17,0.625286650752307,P_success,2.220446049250313e-16,0.047777066812334394,4.441e-16
4Q,5,near_phi_plus_tight,deterministic,0.9999,5e-05,3e-05,2e-05,0.2,0.7531463126243834,0.0681112964171082,0.11063222988207522,0.06811016107643318,8.233579112218485e-17,0.5417652529827838,P_success,0.0,0.06811016107643318,2.498e-16
4Q,5,near_phi_plus_tight,deterministic,0.9999,5e-05,3e-05,2e-05,0.3,0.6084641970241944,0.1131502738479489,0.16523654315941408,0.11314898596844233,3.5161742876657584e-17,0.41974264225669067,P_success,3.3306690738754696e-16,0.11314898596844233,2.776e-17
4Q,5,asym_large_phi_minus,deterministic,0.6,0.35,0.03,0.02,0.0,0.744109136006614,0.2532038032244729,0.0018602728400165351,0.0008267879288962379,1.2999478284772495e-17,0.48379999999999973,P_success,3.3306690738754696e-16,0.0008267879288962379,5.551e-17
4Q,5,asym_large_phi_minus,deterministic,0.6,0.35,0.03,0.02,0.0001,0.7439649207090336,0.25320115715467106,0.0019405014387896664,0.0008934206975055028,1.0519029367130273e-17,0.48372360920448426,P_success,1.1102230246251565e-16,0.0008934206975055028,1.943e-16
4Q,5,asym_large_phi_minus,deterministic,0.6,0.35,0.03,0.02,0.001,0.7426676723573697,0.2531773538931305,0.0026620879465974238,0.0014928858029021256,2.6114920422399512e-17,0.48303691998465614,P_success,2.220446049250313e-16,0.0014928858029021256,4.163e-16
4Q,5,asym_large_phi_minus,deterministic,0.6,0.35,0.03,0.02,0.005,0.7369172266892324,0.25307181399624523,0.005858834005914402,0.004152125308607876,8.389212431628802e-18,0.4800029481602144,P_success,1.1102230246251565e-16,0.004152125308607876,3.053e-16
4Q,5,asym_large_phi_minus,deterministic,0.6,0.35,0.03,0.02,0.01,0.7297642549688006,0.25294049054896495,0.009830878861436916,0.007464375620797322,1.4310878472141367e-17,0.47625153606186965,P_success,2.220446049250313e-16,0.007464375620797322,5.551e-17
4Q,5,asym_large_phi_minus,deterministic,0.6,0.35,0.03,0.02,0.02,0.7155778845336646,0.252679989064507,0.01769389415953872,0.01404823224228953,7.168361824055935e-17,0.4688841009398396,P_success,2.220446049250313e-16,0.01404823224228953,1.388e-16
4Q,5,asym_large_phi_minus,deterministic,0.6,0.35,0.03,0.02,0.05,0.6740245231453659,0.2519183056605483,0.0406074604914417,0.03344971070264396,3.0739495721389804e-17,0.4478377808437495,P_success,2.220446049250313e-16,0.03344971070264396,2.220e-16
4Q,5,asym_large_phi_minus,deterministic,0.6,0.35,0.03,0.02,0.1,0.608439229102256,0.2507323202541863,0.07637527715160877,0.0644531734919486,2.5139973466481473e-17,0.41610483699999984,P_success,4.440892098500626e-16,0.0644531734919486,1.110e-16
4Q,5,asym_large_phi_minus,deterministic,0.6,0.35,0.03,0.02,0.15,0.5479753169535078,0.24968047959621553,0.10884276636920827,0.09350143708106834,2.0425947364339303e-17,0.38824828878124973,P_success,0.0,0.09350143708106834,2.776e-17
4Q,5,asym_large_phi_minus,deterministic,0.6,0.35,0.03,0.02,0.2,0.4931609146284203,0.2487929318987793,0.13775954865782256,0.12028660481497776,1.7633261415665925e-17,0.3639363839999997,P_success,0.0,0.12028660481497776,4.163e-17
4Q,5,asym_large_phi_minus,deterministic,0.6,0.35,0.03,0.02,0.3,0.40189289530530026,0.2475937466323673,0.18441744827207668,0.16609590979025554,3.089271903504749e-18,0.3247180909999997,P_success,1.1102230246251565e-16,0.16609590979025554,1.804e-16
4Q,5,asym_large_psi_plus,deterministic,0.6,0.02,0.35,0.03,0.0,0.7441091360066142,0.0008267879288961918,0.2532038032244729,0.0018602728400165232,2.0562060615770257e-17,0.4837999999999996,P_success,1.1102230246251565e-16,0.0008267879288961918,2.776e-17
4Q,5,asym_large_psi_plus,deterministic,0.6,0.02,0.35,0.03,0.0001,0.744019860602574,0.0008575186655599327,0.25323137368144416,0.0018912470504217596,2.5467678247067698e-17,0.4836860023697914,P_success,2.220446049250313e-16,0.0008575186655599327,2.498e-16
4Q,5,asym_large_psi_plus,deterministic,0.6,0.02,0.35,0.03,0.001,0.7432154968329258,0.0011347015357049037,0.25347918889125387,0.002170612740115492,1.962134050084327e-17,0.48266203499269644,P_success,0.0,0.0011347015357049037,1.665e-16
4Q,5,asym_large_psi_plus,deterministic,0.6,0.02,0.35,0.03,0.005,0.7396213953510368,0.002379803525466793,0.25457356963769634,0.003425231485799816,1.3934801536187875e-17,0.47815465463493906,P_success,3.3306690738754696e-16,0.002379803525466793,2.220e-16
4Q,5,asym_large_psi_plus,deterministic,0.6,0.02,0.35,0.03,0.01,0.7350853814595794,0.00396631726634682,0.2559250874950584,0.005023213779015214,1.2276391901759378e-17,0.4726195225480597,P_success,2.220446049250313e-16,0.00396631726634682,1.110e-16
4Q,5,asym_large_psi_plus,deterministic,0.6,0.02,0.35,0.03,0.02,0.7258726565057291,0.007238923860678898,0.25857110758309115,0.008317312050500484,7.286483479798957e-17,0.46187338761791974,P_success,4.440892098500626e-16,0.007238923860678898,5.551e-17
4Q,5,asym_large_psi_plus,deterministic,0.6,0.02,0.35,0.03,0.05,0.6971923642207775,0.017831580553560992,0.26601351375284027,0.018962541472821174,2.555549058969871e-17,0.4321137376874996,P_success,0.0,0.017831580553560992,2.776e-17
4Q,5,asym_large_psi_plus,deterministic,0.6,0.02,0.35,0.03,0.1,0.6465857156164555,0.03785515352442042,0.27652651624579677,0.0390326146133271,1.3534614942168412e-17,0.39005110599999976,P_success,2.220446049250313e-16,0.03785515352442042,1.110e-16
4Q,5,asym_large_psi_plus,deterministic,0.6,0.02,0.35,0.03,0.15,0.5939298905000032,0.060279228085931925,0.2843392390266954,0.061451642387369235,5.4152937039472165e-17,0.35619234556249973,P_success,2.220446049250313e-16,0.060279228085931925,8.327e-17
4Q,5,asym_large_psi_plus,deterministic,0.6,0.02,0.35,0.03,0.2,0.541156586348332,0.0842365793042965,0.28925067320689046,0.08535616114048068,2.3879102282966783e-17,0.32926579199999995,P_success,3.3306690738754696e-16,0.0842365793042965,9.714e-17
4Q,5,asym_large_psi_plus,deterministic,0.6,0.02,0.35,0.03,0.3,0.44299834040038644,0.13265674574534628,0.2907831045443717,0.1335618093098955,8.090985859812245e-18,0.29181375799999976,P_success,1.1102230246251565e-16,0.13265674574534628,4.163e-17
4Q,5,asym_large_psi_minus,deterministic,0.6,0.02,0.03,0.35,0.0,0.7441091360066142,0.0008267879288961918,0.0018602728400165232,0.2532038032244729,2.0562060615770257e-17,0.4837999999999996,P_success,1.1102230246251565e-16,0.0008267879288961918,2.776e-17
4Q,5,asym_large_psi_minus,deterministic,0.6,0.02,0.03,0.35,0.0001,0.7440033267348979,0.0008740525332360411,0.0019212146855847308,0.2532014060462812,1.0523997315732083e-16,0.4836860023697914,P_success,2.220446049250313e-16,0.0008740525332360411,2.498e-16
4Q,5,asym_large_psi_minus,deterministic,0.6,0.02,0.03,0.35,0.001,0.7430503287566728,0.0012998696119578997,0.00246997987832382,0.25317982175304554,1.974367347412986e-17,0.48266203499269644,P_success,0.0,0.0012998696119578997,1.665e-16
4Q,5,asym_large_psi_minus,deterministic,0.6,0.02,0.03,0.35,0.005,0.738799391693193,0.0032018071833106294,0.004915113115641879,0.2530836880078543,9.504648474223628e-17,0.47815465463493906,P_success,2.220446049250313e-16,0.0032018071833106294,2.220e-16
4Q,5,asym_large_psi_minus,deterministic,0.6,0.02,0.03,0.35,0.01,0.7334511747305896,0.00560052399533665,0.007985213475309278,0.2529630877987643,6.036100855606636e-17,0.4726195225480597,P_success,2.220446049250313e-16,0.00560052399533665,8.327e-17
4Q,5,asym_large_psi_minus,deterministic,0.6,0.02,0.03,0.35,0.02,0.7226448279103449,0.01046675245606297,0.014167751379633962,0.25272066825395767,2.4727580953933847e-17,0.46187338761791974,P_success,4.440892098500626e-16,0.01046675245606297,5.551e-17
4Q,5,asym_large_psi_minus,deterministic,0.6,0.02,0.03,0.35,0.05,0.6894542105626817,0.025569734211656828,0.0329879449781199,0.25198811024754153,1.84409580410234e-17,0.4321137376874996,P_success,0.0,0.025569734211656828,1.110e-16
4Q,5,asym_large_psi_minus,deterministic,0.6,0.02,0.03,0.35,0.1,0.6323814231153596,0.05205944602551637,0.06477789477156358,0.25078123608756026,1.767596047077191e-17,0.39005110599999976,P_success,2.220446049250313e-16,0.05205944602551637,1.110e-16
4Q,5,asym_large_psi_minus,deterministic,0.6,0.02,0.03,0.35,0.15,0.5747919511677168,0.07941716741821848,0.09613915742713876,0.2496517239869259,1.0151374526068972e-17,0.35619234556249973,P_success,1.1102230246251565e-16,0.07941716741821848,8.327e-17
4Q,5,asym_large_psi_minus,deterministic,0.6,0.02,0.03,0.35,0.2,0.5187649496246484,0.10662821602798019,0.1259410027021574,0.24866583164521378,4.747896356163929e-17,0.32926579199999995,P_success,2.220446049250313e-16,0.10662821602798019,9.714e-17
4Q,5,asym_large_psi_minus,deterministic,0.6,0.02,0.03,0.35,0.3,0.4190200329759641,0.15663505316976867,0.17702249151666108,0.2473224223376061,1.659838712584291e-17,0.29181375799999976,P_success,0.0,0.15663505316976867,4.857e-17
4Q,5,asym_dominant_psi_plus,deterministic,0.2,0.1,0.65,0.05,0.0,0.08421052631578943,0.02105263157894736,0.8894736842105262,0.005263157894736857,1.725640641230075e-17,0.4749999999999998,P_success,1.1102230246251565e-16,0.005263157894736857,2.429e-17
4Q,5,asym_dominant_psi_plus,deterministic,0.2,0.1,0.65,0.05,0.0001,0.0842727354294157,0.02109042557163571,0.8893340971156449,0.005302741883303321,2.525617723006066e-17,0.4748955196981099,P_success,3.3306690738754696e-16,0.005302741883303321,1.388e-16
4Q,5,asym_dominant_psi_plus,deterministic,0.2,0.1,0.65,0.05,0.001,0.08483248921030481,0.02143097776743522,0.8880770820028776,0.005659451019382236,1.700370711077051e-17,0.4739569681109246,P_success,1.1102230246251565e-16,0.005659451019382236,5.551e-17
4Q,5,asym_dominant_psi_plus,deterministic,0.2,0.1,0.65,0.05,0.005,0.08731737099610541,0.022953341011703498,0.8824746442953952,0.007254643696795512,1.874288522566348e-17,0.4698240143275466,P_success,3.3306690738754696e-16,0.007254643696795512,1.388e-16
4Q,5,asym_dominant_psi_plus,deterministic,0.2,0.1,0.65,0.05,0.01,0.09041623828854808,0.02487626299280434,0.8754365634106022,0.009270935308045188,2.587070058149234e-17,0.4647451192314998,P_success,2.220446049250313e-16,0.009270935308045188,1.943e-16
4Q,5,asym_dominant_psi_plus,deterministic,0.2,0.1,0.65,0.05,0.02,0.09658633191409867,0.02878710794222332,0.8612503418203555,0.013376218323322349,1.8689879762567645e-17,0.45487302740799973,P_success,1.1102230246251565e-16,0.013376218323322349,1.665e-16
4Q,5,asym_dominant_psi_plus,deterministic,0.2,0.1,0.65,0.05,0.05,0.11480799591283168,0.04100650035819894,0.8179468242920133,0.02623867943695596,1.926097076326322e-17,0.42744447343749975,P_success,2.220446049250313e-16,0.02623867943695596,2.776e-17
4Q,5,asym_dominant_psi_plus,deterministic,0.2,0.1,0.65,0.05,0.1,0.1437658832445311,0.06272952298097335,0.7442889513701895,0.04921564240430594,1.545228857465379e-17,0.38840064999999985,P_success,1.1102230246251565e-16,0.04921564240430594,1.388e-16
4Q,5,asym_dominant_psi_plus,deterministic,0.2,0.1,0.65,0.05,0.15,0.17018882597457577,0.0855670269775544,0.6707521116097606,0.07349203543810917,4.2403904352781926e-17,0.3566504828124998,P_success,0.0,0.07349203543810917,1.665e-16
4Q,5,asym_dominant_psi_plus,deterministic,0.2,0.1,0.65,0.05,0.2,0.19332602035392243,0.10874029902676165,0.5997086083754554,0.09822507224386036,4.9440044842526045e-17,0.33110079999999986,P_success,2.220446049250313e-16,0.09822507224386036,9.714e-17
4Q,5,asym_dominant_psi_plus,deterministic,0.2,0.1,0.65,0.05,0.3,0.22801080312109762,0.1528810471181812,0.47355683493550726,0.14555131482521366,1.3291627291186114e-17,0.2948129499999998,P_success,2.220446049250313e-16,0.14555131482521366,4.163e-17
4Q,5,strongly_mixed_uniform,deterministic,0.25,0.25,0.25,0.25,0.0,0.24999999999999994,0.24999999999999994,0.24999999999999994,0.24999999999999994,5.5927857926893454e-18,0.24999999999999983,P_success,2.220446049250313e-16,0.24999999999999994,0.000e+00
4Q,5,strongly_mixed_uniform,deterministic,0.25,0.25,0.25,0.25,0.0001,0.24999999999999994,0.24999999999999994,0.24999999999999994,0.24999999999999994,5.5927857926893454e-18,0.24999999999999983,P_success,2.220446049250313e-16,0.24999999999999994,9.714e-17
4Q,5,strongly_mixed_uniform,deterministic,0.25,0.25,0.25,0.25,0.001,0.24999999999999994,0.24999999999999994,0.24999999999999994,0.24999999999999994,5.5927857926893454e-18,0.24999999999999983,P_success,2.220446049250313e-16,0.24999999999999994,1.388e-16
4Q,5,strongly_mixed_uniform,deterministic,0.25,0.25,0.25,0.25,0.005,0.24999999999999994,0.24999999999999994,0.24999999999999994,0.24999999999999994,5.5927857926893454e-18,0.24999999999999983,P_success,2.220446049250313e-16,0.24999999999999994,2.082e-16
4Q,5,strongly_mixed_uniform,deterministic,0.25,0.25,0.25,0.25,0.01,0.24999999999999994,0.24999999999999994,0.24999999999999994,0.24999999999999994,5.5927857926893454e-18,0.24999999999999983,P_success,2.220446049250313e-16,0.24999999999999994,6.939e-17
4Q,5,strongly_mixed_uniform,deterministic,0.25,0.25,0.25,0.25,0.02,0.24999999999999994,0.24999999999999994,0.24999999999999994,0.24999999999999994,5.5927857926893454e-18,0.24999999999999983,P_success,2.220446049250313e-16,0.24999999999999994,9.714e-17
4Q,5,strongly_mixed_uniform,deterministic,0.25,0.25,0.25,0.25,0.05,0.24999999999999994,0.24999999999999994,0.24999999999999994,0.24999999999999994,5.5927857926893454e-18,0.24999999999999972,P_success,2.220446049250313e-16,0.24999999999999994,1.665e-16
4Q,5,strongly_mixed_uniform,deterministic,0.25,0.25,0.25,0.25,0.1,0.24999999999999994,0.24999999999999994,0.24999999999999994,0.24999999999999994,5.5927857926893454e-18,0.24999999999999983,P_success,2.220446049250313e-16,0.24999999999999994,5.551e-17
4Q,5,strongly_mixed_uniform,deterministic,0.25,0.25,0.25,0.25,0.15,0.24999999999999994,0.24999999999999994,0.24999999999999994,0.24999999999999994,5.5927857926893454e-18,0.24999999999999983,P_success,2.220446049250313e-16,0.24999999999999994,8.327e-17
4Q,5,strongly_mixed_uniform,deterministic,0.25,0.25,0.25,0.25,0.2,0.24999999999999994,0.24999999999999994,0.24999999999999994,0.24999999999999994,5.5927857926893454e-18,0.24999999999999992,P_success,2.220446049250313e-16,0.24999999999999994,1.665e-16
4Q,5,strongly_mixed_uniform,deterministic,0.25,0.25,0.25,0.25,0.3,0.24999999999999994,0.24999999999999994,0.24999999999999994,0.24999999999999994,5.5927857926893454e-18,0.24999999999999983,P_success,2.220446049250313e-16,0.24999999999999994,1.388e-16
4Q,5,strongly_mixed_tilted,deterministic,0.3,0.25,0.25,0.2,0.0,0.3529411764705882,0.2450980392156862,0.24509803921568624,0.1568627450980392,2.6506632760572492e-17,0.25499999999999984,P_success,1.1102230246251565e-16,0.1568627450980392,6.939e-18
4Q,5,strongly_mixed_tilted,deterministic,0.3,0.25,0.25,0.2,0.0001,0.35290032335127713,0.2450955510005963,0.24510535156808816,0.15689877408003813,2.2183544829681603e-17,0.2549980003249724,P_success,3.3306690738754696e-16,0.15689877408003813,9.714e-17
4Q,5,strongly_mixed_tilted,deterministic,0.3,0.25,0.25,0.2,0.001,0.35253319981680664,0.24507326600619028,0.2451709701761834,0.15722256400081955,1.4525176117604542e-17,0.2549800324725123,P_success,1.1102230246251565e-16,0.15722256400081955,1.804e-16
4Q,5,strongly_mixed_tilted,deterministic,0.3,0.25,0.25,0.2,0.005,0.3509135768097223,0.24497657850592597,0.24545843858288896,0.15865140610146256,2.579455398773545e-17,0.2549008090703045,P_success,2.220446049250313e-16,0.15865140610146256,9.714e-17
4Q,5,strongly_mixed_tilted,deterministic,0.3,0.25,0.25,0.2,0.01,0.3489165050175539,0.2448610598915839,0.24580830802197923,0.16041412706888286,6.3173640073197254e-18,0.2548032226247498,P_success,2.220446049250313e-16,0.16041412706888286,6.245e-17
4Q,5,strongly_mixed_tilted,deterministic,0.3,0.25,0.25,0.2,0.02,0.345012739685473,0.2446473778522131,0.24647717616930875,0.16386270629300492,2.08084938131723e-17,0.25461278199199977,P_success,2.220446049250313e-16,0.16386270629300492,6.245e-17
4Q,5,strongly_mixed_tilted,deterministic,0.3,0.25,0.25,0.2,0.05,0.3340028973767668,0.2441368803739038,0.248249500255518,0.17361072199381133,3.0376329106668835e-17,0.25407788984374974,P_success,1.1102230246251565e-16,0.17361072199381133,5.551e-17
4Q,5,strongly_mixed_tilted,deterministic,0.3,0.25,0.25,0.2,0.1,0.3178494335097816,0.24366834554733732,0.2505036543314618,0.187978566611419,3.19080790188194e-17,0.2532987249999998,P_success,2.220446049250313e-16,0.187978566611419,6.939e-17
4Q,5,strongly_mixed_tilted,deterministic,0.3,0.25,0.25,0.2,0.15,0.30419134440711026,0.24358880085791962,0.25202059119880726,0.20019926353616266,1.813149298835063e-17,0.25264457578124977,P_success,1.1102230246251565e-16,0.20019926353616266,6.939e-17
4Q,5,strongly_mixed_tilted,deterministic,0.3,0.25,0.25,0.2,0.2,0.2927514248359376,0.24380561302852208,0.252944872494637,0.21049808964090325,1.852049963554085e-17,0.2520991999999999,P_success,2.220446049250313e-16,0.21049808964090325,7.633e-17
4Q,5,strongly_mixed_tilted,deterministic,0.3,0.25,0.25,0.2,0.3,0.27549181896083685,0.24481290966258742,0.2535149362154835,0.22618033516109215,2.264456520729862e-17,0.25127767499999976,P_success,1.1102230246251565e-16,0.22618033516109215,5.551e-17
4Q,5,boundary_pure_phi_plus,deterministic,1.0,0.0,0.0,0.0,0.0,0.9999999999999998,0.0,0.0,0.0,2.2371143170757382e-17,0.9999999999999993,P_success,2.220446049250313e-16,0.0,0.000e+00
4Q,5,boundary_pure_phi_plus,deterministic,1.0,0.0,0.0,0.0,0.0001,0.9998999874998125,2.5004375234454917e-05,5.000374971863671e-05,2.50043752343246e-05,7.034019644317492e-17,0.9996750574947498,P_success,1.1102230246251565e-16,2.50043752343246e-05,4.441e-16
4Q,5,boundary_pure_phi_plus,deterministic,1.0,0.0,0.0,0.0,0.001,0.9989987498146442,0.00025043773386979415,0.000500374717615967,0.00025043773386977913,2.7191232700101928e-17,0.9967557447524988,P_success,2.220446049250313e-16,0.00025043773386977913,2.776e-16
4Q,5,boundary_pure_phi_plus,deterministic,1.0,0.0,0.0,0.0,0.005,0.9949687279124427,0.0012609664778116343,0.002509339131933716,0.0012609664778117158,2.0320557415792058e-17,0.9838930953109367,P_success,2.220446049250313e-16,0.0012609664778116343,3.886e-16
4Q,5,boundary_pure_phi_plus,deterministic,1.0,0.0,0.0,0.0,0.01,0.9898748342928002,0.002543979203489872,0.00503720730021951,0.0025439792034899524,2.7532076666255312e-17,0.9680697749499994,P_success,4.440892098500626e-16,0.002543979203489872,2.776e-16
4Q,5,boundary_pure_phi_plus,deterministic,1.0,0.0,0.0,0.0,0.02,0.9794988549232506,0.005176790102156383,0.010147564872436569,0.005176790102156313,7.409008298531791e-18,0.9372583983999994,P_success,0.0,0.005176790102156313,1.110e-16
4Q,5,boundary_pure_phi_plus,deterministic,1.0,0.0,0.0,0.0,0.05,0.9468661680401929,0.013619470551858682,0.025894890856089658,0.013619470551858612,5.323468852497508e-18,0.8512342187499993,P_success,2.220446049250313e-16,0.013619470551858612,1.665e-16
4Q,5,boundary_pure_phi_plus,deterministic,1.0,0.0,0.0,0.0,0.1,0.887566237568643,0.029544876597090045,0.05334400923717689,0.02954487659709001,1.9254856658105414e-17,0.7274949999999994,P_success,1.1102230246251565e-16,0.02954487659709001,2.220e-16
4Q,5,boundary_pure_phi_plus,deterministic,1.0,0.0,0.0,0.0,0.15,0.8226268889334726,0.04777003225768576,0.08183304655115592,0.04777003225768569,6.096452616975562e-17,0.6253839062499996,P_success,0.0,0.04777003225768569,3.886e-16
4Q,5,boundary_pure_phi_plus,deterministic,1.0,0.0,0.0,0.0,0.2,0.7531743688173629,0.06810128451203301,0.11062306215857079,0.0681012845120331,1.0062020883698159e-16,0.5418399999999999,P_success,2.220446049250313e-16,0.06810128451203301,3.331e-16
4Q,5,boundary_pure_phi_plus,deterministic,1.0,0.0,0.0,0.0,0.3,0.6084960158176208,0.11313827316364329,0.16522743785509245,0.11313827316364326,1.0365072500061953e-17,0.41978499999999963,P_success,2.220446049250313e-16,0.11313827316364326,9.714e-17
4Q,5,boundary_pure_phi_minus,deterministic,0.0,1.0,0.0,0.0,0.0,0.0,0.9999999999999998,0.0,0.0,2.2371143170757382e-17,0.9999999999999993,P_success,2.220446049250313e-16,0.0,0.000e+00
4Q,5,boundary_pure_phi_minus,deterministic,0.0,1.0,0.0,0.0,0.0001,2.5004375234454917e-05,0.9998999874998125,2.50043752343246e-05,5.000374971863671e-05,7.034019644317492e-17,0.9996750574947498,P_success,1.1102230246251565e-16,2.50043752343246e-05,4.441e-16
4Q,5,boundary_pure_phi_minus,deterministic,0.0,1.0,0.0,0.0,0.001,0.00025043773386979415,0.9989987498146442,0.00025043773386977913,0.000500374717615967,2.7191232700101928e-17,0.9967557447524988,P_success,2.220446049250313e-16,0.00025043773386977913,2.776e-16
4Q,5,boundary_pure_phi_minus,deterministic,0.0,1.0,0.0,0.0,0.005,0.0012609664778116343,0.9949687279124427,0.0012609664778117158,0.002509339131933716,2.0320557415792058e-17,0.9838930953109367,P_success,2.220446049250313e-16,0.0012609664778116343,3.886e-16
4Q,5,boundary_pure_phi_minus,deterministic,0.0,1.0,0.0,0.0,0.01,0.002543979203489872,0.9898748342928002,0.0025439792034899524,0.00503720730021951,2.7532076666255312e-17,0.9680697749499994,P_success,4.440892098500626e-16,0.002543979203489872,2.776e-16
4Q,5,boundary_pure_phi_minus,deterministic,0.0,1.0,0.0,0.0,0.02,0.005176790102156383,0.9794988549232506,0.005176790102156313,0.010147564872436569,7.409008298531791e-18,0.9372583983999994,P_success,0.0,0.005176790102156313,1.110e-16
4Q,5,boundary_pure_phi_minus,deterministic,0.0,1.0,0.0,0.0,0.05,0.013619470551858682,0.9468661680401929,0.013619470551858612,0.025894890856089658,5.323468852497508e-18,0.8512342187499993,P_success,2.220446049250313e-16,0.013619470551858612,1.665e-16
4Q,5,boundary_pure_phi_minus,deterministic,0.0,1.0,0.0,0.0,0.1,0.029544876597090045,0.887566237568643,0.02954487659709001,0.05334400923717689,1.9254856658105414e-17,0.7274949999999994,P_success,1.1102230246251565e-16,0.02954487659709001,2.220e-16
4Q,5,boundary_pure_phi_minus,deterministic,0.0,1.0,0.0,0.0,0.15,0.04777003225768576,0.8226268889334726,0.04777003225768569,0.08183304655115592,6.096452616975562e-17,0.6253839062499996,P_success,0.0,0.04777003225768569,3.886e-16
4Q,5,boundary_pure_phi_minus,deterministic,0.0,1.0,0.0,0.0,0.2,0.06810128451203301,0.7531743688173629,0.0681012845120331,0.11062306215857079,1.0062020883698159e-16,0.5418399999999999,P_success,2.220446049250313e-16,0.06810128451203301,3.331e-16
4Q,5,boundary_pure_phi_minus,deterministic,0.0,1.0,0.0,0.0,0.3,0.11313827316364329,0.6084960158176208,0.11313827316364326,0.16522743785509245,1.0365072500061953e-17,0.41978499999999963,P_success,2.220446049250313e-16,0.11313827316364326,9.714e-17
4Q,5,boundary_pure_psi_plus,deterministic,0.0,0.0,1.0,0.0,0.0,0.0,0.0,0.9999999999999998,0.0,2.2371143170757382e-17,0.9999999999999993,P_success,2.220446049250313e-16,0.0,0.000e+00
4Q,5,boundary_pure_psi_plus,deterministic,0.0,0.0,1.0,0.0,0.0001,5.000374971863671e-05,2.50043752343246e-05,0.9998999874998125,2.5004375234454917e-05,7.034019644317492e-17,0.9996750574947498,P_success,1.1102230246251565e-16,2.50043752343246e-05,4.441e-16
4Q,5,boundary_pure_psi_plus,deterministic,0.0,0.0,1.0,0.0,0.001,0.000500374717615967,0.00025043773386977913,0.9989987498146442,0.00025043773386979415,2.7191232700101928e-17,0.9967557447524988,P_success,2.220446049250313e-16,0.00025043773386977913,2.776e-16
4Q,5,boundary_pure_psi_plus,deterministic,0.0,0.0,1.0,0.0,0.005,0.002509339131933716,0.0012609664778117158,0.9949687279124427,0.0012609664778116343,2.0320557415792058e-17,0.9838930953109367,P_success,2.220446049250313e-16,0.0012609664778116343,3.886e-16
4Q,5,boundary_pure_psi_plus,deterministic,0.0,0.0,1.0,0.0,0.01,0.00503720730021951,0.0025439792034899524,0.9898748342928002,0.002543979203489872,2.7532076666255312e-17,0.9680697749499994,P_success,4.440892098500626e-16,0.002543979203489872,2.776e-16
4Q,5,boundary_pure_psi_plus,deterministic,0.0,0.0,1.0,0.0,0.02,0.010147564872436569,0.005176790102156313,0.9794988549232506,0.005176790102156383,7.409008298531791e-18,0.9372583983999994,P_success,1.1102230246251565e-16,0.005176790102156313,1.110e-16
4Q,5,boundary_pure_psi_plus,deterministic,0.0,0.0,1.0,0.0,0.05,0.025894890856089658,0.013619470551858612,0.9468661680401929,0.013619470551858682,5.323468852497508e-18,0.8512342187499993,P_success,2.220446049250313e-16,0.013619470551858612,1.665e-16
4Q,5,boundary_pure_psi_plus,deterministic,0.0,0.0,1.0,0.0,0.1,0.05334400923717689,0.02954487659709001,0.887566237568643,0.029544876597090045,1.9254856658105414e-17,0.7274949999999994,P_success,1.1102230246251565e-16,0.02954487659709001,2.220e-16
4Q,5,boundary_pure_psi_plus,deterministic,0.0,0.0,1.0,0.0,0.15,0.08183304655115592,0.04777003225768569,0.8226268889334726,0.04777003225768576,6.096452616975562e-17,0.6253839062499996,P_success,1.1102230246251565e-16,0.04777003225768569,3.886e-16
4Q,5,boundary_pure_psi_plus,deterministic,0.0,0.0,1.0,0.0,0.2,0.11062306215857079,0.0681012845120331,0.7531743688173629,0.06810128451203301,1.0062020883698159e-16,0.5418399999999999,P_success,2.220446049250313e-16,0.06810128451203301,3.331e-16
4Q,5,boundary_pure_psi_plus,deterministic,0.0,0.0,1.0,0.0,0.3,0.16522743785509245,0.11313827316364326,0.6084960158176208,0.11313827316364329,1.0365072500061953e-17,0.41978499999999963,P_success,1.1102230246251565e-16,0.11313827316364326,9.714e-17
4Q,5,boundary_pure_psi_minus,deterministic,0.0,0.0,0.0,1.0,0.0,0.0,0.0,0.0,0.9999999999999998,2.2371143170757382e-17,0.9999999999999993,P_success,2.220446049250313e-16,0.0,0.000e+00
4Q,5,boundary_pure_psi_minus,deterministic,0.0,0.0,0.0,1.0,0.0001,2.50043752343246e-05,5.000374971863671e-05,2.5004375234454917e-05,0.9998999874998125,7.034019644317492e-17,0.9996750574947498,P_success,1.1102230246251565e-16,2.50043752343246e-05,4.441e-16
4Q,5,boundary_pure_psi_minus,deterministic,0.0,0.0,0.0,1.0,0.001,0.00025043773386977913,0.000500374717615967,0.00025043773386979415,0.9989987498146442,2.7191232700101928e-17,0.9967557447524988,P_success,2.220446049250313e-16,0.00025043773386977913,2.776e-16
4Q,5,boundary_pure_psi_minus,deterministic,0.0,0.0,0.0,1.0,0.005,0.0012609664778117158,0.002509339131933716,0.0012609664778116343,0.9949687279124427,2.0320557415792058e-17,0.9838930953109367,P_success,2.220446049250313e-16,0.0012609664778116343,3.886e-16
4Q,5,boundary_pure_psi_minus,deterministic,0.0,0.0,0.0,1.0,0.01,0.0025439792034899524,0.00503720730021951,0.002543979203489872,0.9898748342928002,2.7532076666255312e-17,0.9680697749499994,P_success,4.440892098500626e-16,0.002543979203489872,2.776e-16
4Q,5,boundary_pure_psi_minus,deterministic,0.0,0.0,0.0,1.0,0.02,0.005176790102156313,0.010147564872436569,0.005176790102156383,0.9794988549232506,7.409008298531791e-18,0.9372583983999994,P_success,1.1102230246251565e-16,0.005176790102156313,1.110e-16
4Q,5,boundary_pure_psi_minus,deterministic,0.0,0.0,0.0,1.0,0.05,0.013619470551858612,0.025894890856089658,0.013619470551858682,0.9468661680401929,5.323468852497508e-18,0.8512342187499993,P_success,2.220446049250313e-16,0.013619470551858612,1.665e-16
4Q,5,boundary_pure_psi_minus,deterministic,0.0,0.0,0.0,1.0,0.1,0.02954487659709001,0.05334400923717689,0.029544876597090045,0.887566237568643,1.9254856658105414e-17,0.7274949999999994,P_success,1.1102230246251565e-16,0.02954487659709001,2.220e-16
4Q,5,boundary_pure_psi_minus,deterministic,0.0,0.0,0.0,1.0,0.15,0.04777003225768569,0.08183304655115592,0.04777003225768576,0.8226268889334726,6.096452616975562e-17,0.6253839062499996,P_success,0.0,0.04777003225768569,3.886e-16
4Q,5,boundary_pure_psi_minus,deterministic,0.0,0.0,0.0,1.0,0.2,0.0681012845120331,0.11062306215857079,0.06810128451203301,0.7531743688173629,1.0062020883698159e-16,0.5418399999999999,P_success,2.220446049250313e-16,0.06810128451203301,3.331e-16
4Q,5,boundary_pure_psi_minus,deterministic,0.0,0.0,0.0,1.0,0.3,0.11313827316364326,0.16522743785509245,0.11313827316364329,0.6084960158176208,1.0365072500061953e-17,0.41978499999999963,P_success,2.220446049250313e-16,0.11313827316364326,9.714e-17
4Q,5,boundary_edge_phi,deterministic,0.5,0.5,0.0,0.0,0.0,0.4999999999999999,0.4999999999999999,0.0,0.0,1.1185571585378691e-17,0.49999999999999967,P_success,2.220446049250313e-16,0.0,0.000e+00
4Q,5,boundary_edge_phi,deterministic,0.5,0.5,0.0,0.0,0.0001,0.4999250050002499,0.4999250050002499,7.499499974999998e-05,7.499499974999998e-05,3.980384460517647e-18,0.4999250074997498,P_success,1.1102230246251565e-16,7.499499974999998e-05,2.776e-16
4Q,5,boundary_edge_phi,deterministic,0.5,0.5,0.0,0.0,0.001,0.4992505002499997,0.4992505002499997,0.0007494997500002502,0.0007494997500002502,1.2814090717722596e-17,0.49925074974999967,P_success,1.1102230246251565e-16,0.0007494997500002502,1.943e-16
4Q,5,boundary_edge_phi,deterministic,0.5,0.5,0.0,0.0,0.005,0.49626253124921477,0.49626253124921477,0.0037374687507851557,0.0037374687507851557,4.893672509074411e-18,0.4962687187499995,P_success,1.1102230246251565e-16,0.0037374687507851557,3.331e-16
4Q,5,boundary_edge_phi,deterministic,0.5,0.5,0.0,0.0,0.01,0.49255024997475,0.49255024997475,0.007449750025249974,0.007449750025249974,9.56655398521185e-18,0.49257474999999956,P_success,1.1102230246251565e-16,0.007449750025249974,3.886e-16
4Q,5,boundary_edge_phi,deterministic,0.5,0.5,0.0,0.0,0.02,0.4852019991840064,0.4852019991840064,0.014798000815993471,0.014798000815993471,9.90517418700274e-18,0.4852979999999997,P_success,2.220446049250313e-16,0.014798000815993471,1.110e-16
4Q,5,boundary_edge_phi,deterministic,0.5,0.5,0.0,0.0,0.05,0.4637811679790026,0.4637811679790026,0.03621883202099737,0.03621883202099737,1.3403203466322918e-18,0.4643437499999996,P_success,0.0,0.03621883202099737,1.665e-16
4Q,5,boundary_edge_phi,deterministic,0.5,0.5,0.0,0.0,0.1,0.4302472527472527,0.4302472527472527,0.06975274725274726,0.06975274725274726,1.3772745474234234e-17,0.4322499999999997,P_success,1.1102230246251565e-16,0.06975274725274726,8.327e-17
4Q,5,boundary_edge_phi,deterministic,0.5,0.5,0.0,0.0,0.15,0.39957199140401145,0.39957199140401145,0.1004280085959885,0.1004280085959885,2.0740587793080178e-18,0.40353124999999973,P_success,0.0,0.1004280085959885,3.886e-16
4Q,5,boundary_edge_phi,deterministic,0.5,0.5,0.0,0.0,0.2,0.37190476190476185,0.37190476190476185,0.1280952380952381,0.1280952380952381,8.595655680095944e-18,0.3779999999999999,P_success,2.220446049250313e-16,0.1280952380952381,1.388e-16
4Q,5,boundary_edge_phi,deterministic,0.5,0.5,0.0,0.0,0.3,0.3259810126582278,0.3259810126582278,0.17401898734177212,0.17401898734177212,9.324119345785344e-18,0.33574999999999966,P_success,1.1102230246251565e-16,0.17401898734177212,9.714e-17
4Q,5,boundary_edge_phiplus_psiplus,deterministic,0.5,0.0,0.5,0.0,0.0,0.4999999999999999,0.0,0.4999999999999999,0.0,1.1185571585378691e-17,0.49999999999999967,P_success,2.220446049250313e-16,0.0,0.000e+00
4Q,5,boundary_edge_phiplus_psiplus,deterministic,0.5,0.0,0.5,0.0,0.0001,0.49997499250000016,2.5007499999765776e-05,0.49997499250000016,2.5007499999765776e-05,8.533196277860032e-18,0.49987502499749986,P_success,1.1102230246251565e-16,2.5007499999765776e-05,1.527e-16
4Q,5,boundary_edge_phiplus_psiplus,deterministic,0.5,0.0,0.5,0.0,0.001,0.49974925000200193,0.0002507499979980063,0.49974925000200193,0.0002507499979980063,1.081134758940888e-17,0.49875249750124945,P_success,1.1102230246251565e-16,0.0002507499979980063,1.249e-16
4Q,5,boundary_edge_phiplus_psiplus,deterministic,0.5,0.0,0.5,0.0,0.005,0.4987312512561985,0.0012687487438014426,0.4987312512561985,0.0012687487438014426,8.275057029730763e-18,0.49381218828046847,P_success,1.1102230246251565e-16,0.0012687487438014426,2.082e-16
4Q,5,boundary_edge_phiplus_psiplus,deterministic,0.5,0.0,0.5,0.0,0.01,0.49742502019666496,0.0025749798033349505,0.49742502019666496,0.0025749798033349505,8.245656941958518e-18,0.4877475124749997,P_success,2.220446049250313e-16,0.0025749798033349505,8.327e-17
4Q,5,boundary_edge_phiplus_psiplus,deterministic,0.5,0.0,0.5,0.0,0.02,0.49470032618113147,0.005299673818868424,0.49470032618113147,0.005299673818868424,9.303499460552147e-18,0.4759801991999997,P_success,2.220446049250313e-16,0.005299673818868424,8.327e-17
4Q,5,boundary_edge_phiplus_psiplus,deterministic,0.5,0.0,0.5,0.0,0.05,0.48563806762355616,0.014361932376443697,0.48563806762355616,0.014361932376443697,1.101748523534604e-17,0.44344523437499955,P_success,3.3306690738754696e-16,0.014361932376443697,1.527e-16
4Q,5,boundary_edge_phiplus_psiplus,deterministic,0.5,0.0,0.5,0.0,0.1,0.4677159240234141,0.03228407597658581,0.4677159240234141,0.03228407597658581,5.7771704084203426e-18,0.3976224999999997,P_success,2.220446049250313e-16,0.03228407597658581,2.776e-17
4Q,5,boundary_edge_phiplus_psiplus,deterministic,0.5,0.0,0.5,0.0,0.15,0.4467387735161499,0.05326122648385,0.4467387735161499,0.05326122648385,9.235343056344514e-18,0.36092632812499975,P_success,2.220446049250313e-16,0.05326122648385,9.714e-17
4Q,5,boundary_edge_phiplus_psiplus,deterministic,0.5,0.0,0.5,0.0,0.2,0.4235357917570498,0.0764642082429501,0.4235357917570498,0.0764642082429501,9.941121418271811e-18,0.3319199999999999,P_success,2.220446049250313e-16,0.0764642082429501,1.804e-16
4Q,5,boundary_edge_phiplus_psiplus,deterministic,0.5,0.0,0.5,0.0,0.3,0.3747998835686217,0.12520011643137827,0.3747998835686217,0.12520011643137827,8.521233322972546e-18,0.2920174999999998,P_success,0.0,0.12520011643137827,1.388e-16
4Q,5,boundary_face_three,deterministic,0.34,0.33,0.33,0.0,0.0,0.34673065386922614,0.3266346730653869,0.32663467306538685,6.90659465160393e-35,8.070557990782625e-18,0.33339999999999986,P_success,1.1102230246251565e-16,6.90659465160393e-35,6.939e-18
4Q,5,boundary_face_three,deterministic,0.34,0.33,0.33,0.0,0.0001,0.34671220494610044,0.32659786788771145,0.3266233566122959,6.657055389191623e-05,2.6378909193369456e-17,0.333364086316426,P_success,2.220446049250313e-16,6.657055389191623e-05,1.804e-16
4Q,5,boundary_face_three,deterministic,0.34,0.33,0.33,0.0,0.001,0.3465460472739628,0.3262670092952065,0.32652134066173083,0.0006656027690996048,1.4062078436153152e-17,0.33304143112637224,P_success,2.220446049250313e-16,0.0006656027690996048,1.249e-16
4Q,5,boundary_face_three,deterministic,0.34,0.33,0.33,0.0,0.005,0.3458050507598254,0.3248050068694646,0.32606431128792873,0.0033256310827810887,2.4892549138066767e-17,0.331619720932642,P_success,1.1102230246251565e-16,0.0033256310827810887,3.469e-17
4Q,5,boundary_face_three,deterministic,0.34,0.33,0.33,0.0,0.01,0.34487319728749105,0.32299710817966015,0.32548484240691966,0.0066448521259288565,1.3874007522337136e-17,0.3298705988195499,P_success,3.3306690738754696e-16,0.0066448521259288565,9.714e-17
4Q,5,boundary_face_three,deterministic,0.34,0.33,0.33,0.0,0.02,0.34299191378188215,0.3194474777356938,0.3242995456342444,0.013261062848179295,3.1180744819600007e-17,0.3264641322255999,P_success,4.440892098500626e-16,0.013261062848179295,1.249e-16
4Q,5,boundary_face_three,deterministic,0.34,0.33,0.33,0.0,0.05,0.33722889572340187,0.30934148266803946,0.3205506848746167,0.03287893673394189,2.3407135822161404e-17,0.3169491985937498,P_success,0.0,0.03287893673394189,2.082e-17
4Q,5,boundary_face_three,deterministic,0.34,0.33,0.33,0.0,0.1,0.3273714100162405,0.2943722692583429,0.31378423557436413,0.06447208515105231,1.7169564496121724e-17,0.30324980499999993,P_success,2.220446049250313e-16,0.06447208515105231,1.110e-16
4Q,5,boundary_face_three,deterministic,0.34,0.33,0.33,0.0,0.15,0.3174568407690274,0.2817927800894183,0.3066029501535735,0.0941474289879806,2.7576443185356964e-17,0.29193015203124995,P_success,3.3306690738754696e-16,0.0941474289879806,8.327e-17
4Q,5,boundary_face_three,deterministic,0.34,0.33,0.33,0.0,0.2,0.3077653294811037,0.27155920199072103,0.29927351811053565,0.1214019504176393,1.5274555509552332e-17,0.28265535999999997,P_success,2.220446049250313e-16,0.1214019504176393,2.082e-17
4Q,5,boundary_face_three,deterministic,0.34,0.33,0.33,0.0,0.3,0.2899825117775407,0.25749807537941954,0.28512826644519973,0.16739114639784,1.0634026820804037e-17,0.2690725149999998,P_success,0.0,0.16739114639784,5.551e-17
4Q,5,boundary_rank2_asym,deterministic,0.7,0.3,0.0,0.0,0.0,0.8448275862068964,0.1551724137931034,0.0,0.0,2.040869708366446e-17,0.5799999999999996,P_success,2.220446049250313e-16,0.0,0.000e+00
4Q,5,boundary_rank2_asym,deterministic,0.7,0.3,0.0,0.0,0.0001,0.8446761323893434,0.15519455964507575,7.327336437705715e-05,5.6034601203682655e-05,7.978727718186631e-17,0.5798850154989498,P_success,1.1102230246251565e-16,5.6034601203682655e-05,2.776e-16
4Q,5,boundary_rank2_asym,deterministic,0.7,0.3,0.0,0.0,0.001,0.8433132995392193,0.15539383595068787,0.0007325082532281863,0.0005603562568644541,4.755025025299014e-18,0.5788515489503995,P_success,1.1102230246251565e-16,0.0005603562568644541,1.665e-16
4Q,5,boundary_rank2_asym,deterministic,0.7,0.3,0.0,0.0,0.005,0.8372618676572595,0.1562787014330669,0.003657467353143475,0.0028019635565299057,1.9260930220920025e-17,0.5742886189997495,P_success,2.220446049250313e-16,0.0028019635565299057,3.331e-16
4Q,5,boundary_rank2_asym,deterministic,0.7,0.3,0.0,0.0,0.01,0.8297110161022245,0.15738286153464262,0.007301949594477654,0.005604172768655069,1.3871298345689192e-17,0.5686539539919995,P_success,1.1102230246251565e-16,0.005604172768655069,3.886e-16
4Q,5,boundary_rank2_asym,deterministic,0.7,0.3,0.0,0.0,0.02,0.8146578144042415,0.1595843305617323,0.014549947225861445,0.01120790780816454,7.588277647151407e-18,0.5576116637439996,P_success,3.3306690738754696e-16,0.01120790780816454,1.110e-16
4Q,5,boundary_rank2_asym,deterministic,0.7,0.3,0.0,0.0,0.05,0.7699578821800571,0.1661253143074804,0.035929644614077744,0.02798715889838449,1.216007745982482e-17,0.5262462249999996,P_success,2.220446049250313e-16,0.02798715889838449,1.388e-16
4Q,5,boundary_rank2_asym,deterministic,0.7,0.3,0.0,0.0,0.1,0.697482289486395,0.17675627521954604,0.07010246529014626,0.0556589700039125,9.74289507002194e-18,0.47948919999999967,P_success,1.1102230246251565e-16,0.0556589700039125,8.327e-17
4Q,5,boundary_rank2_asym,deterministic,0.7,0.3,0.0,0.0,0.15,0.6284446628990984,0.1869390035463027,0.10201254859673706,0.08260378495786169,1.483564960427328e-17,0.43902767499999973,P_success,2.220446049250313e-16,0.08260378495786169,3.886e-16
4Q,5,boundary_rank2_asym,deterministic,0.7,0.3,0.0,0.0,0.2,0.5638769920121597,0.19654717892286863,0.1311878052835327,0.10838802378143877,2.7714054875257692e-17,0.40421439999999986,P_success,2.220446049250313e-16,0.10838802378143877,1.388e-16
4Q,5,boundary_rank2_asym,deterministic,0.7,0.3,0.0,0.0,0.3,0.45178024866292693,0.21358280287609574,0.17984225746257967,0.1547946909983974,6.191326763542105e-18,0.3491955999999997,P_success,3.3306690738754696e-16,0.1547946909983974,9.714e-17
4Q,5,boundary_rank2_tight,deterministic,0.999,0.001,0.0,0.0,0.0,0.9999989979979999,1.0020019999937575e-06,0.0,0.0,1.5682471994106202e-17,0.9980019999999994,P_success,1.1102230246251565e-16,0.0,0.000e+00
4Q,5,boundary_rank2_tight,deterministic,0.999,0.001,0.0,0.0,0.0001,0.9998987353860392,2.6106349075519613e-05,5.0078790255595795e-05,2.5079474629359786e-05,2.6050680173443322e-17,0.9976780562949698,P_success,2.220446049250313e-16,2.5079474629359786e-05,3.886e-16
4Q,5,boundary_rank2_tight,deterministic,0.999,0.001,0.0,0.0,0.001,0.9989952478383263,0.000252439221555549,0.0005011242733106275,0.0002511886668075114,2.976660718566351e-17,0.9947677147924687,P_success,0.0,0.0002511886668075114,1.110e-16
4Q,5,boundary_rank2_tight,deterministic,0.999,0.001,0.0,0.0,0.005,0.9949552522319035,0.0012669604551012515,0.0025130677539124233,0.0012647195590825432,9.400410613176395e-17,0.9819445483021992,P_success,2.220446049250313e-16,0.0012647195590825432,4.441e-16
4Q,5,boundary_rank2_tight,deterministic,0.999,0.001,0.0,0.0,0.01,0.9898489540517434,0.0025549502141660055,0.005044615386642136,0.0025514803474482035,2.3856689701056515e-17,0.9661696968302991,P_success,2.220446049250313e-16,0.0025514803474482035,3.886e-16
4Q,5,boundary_rank2_tight,deterministic,0.999,0.001,0.0,0.0,0.02,0.979448397600415,0.005197661415743388,0.010162175925630535,0.005191765058210668,2.1166089608969164e-17,0.935452364647993,P_success,4.440892098500626e-16,0.005191765058210668,5.551e-17
4Q,5,boundary_rank2_tight,deterministic,0.999,0.001,0.0,0.0,0.05,0.9467442997700968,0.01366944213327346,0.02592970905638165,0.013656549040248059,7.147026612610649e-17,0.8496882044368742,P_success,0.0,0.013656549040248059,2.220e-16
4Q,5,boundary_rank2_tight,deterministic,0.999,0.001,0.0,0.0,0.1,0.8873363704496481,0.02964010213603225,0.05340682144289601,0.029616705971423452,1.416694235129122e-17,0.7263152009799996,P_success,2.220446049250313e-16,0.029616705971423452,2.776e-16
4Q,5,boundary_rank2_tight,deterministic,0.999,0.001,0.0,0.0,0.15,0.8223089263821706,0.047904013032378755,0.0819151036356613,0.04787195694978926,7.969841521974251e-17,0.6244973830356245,P_success,0.0,0.04787195694978926,4.441e-16
4Q,5,boundary_rank2_tight,deterministic,0.999,0.001,0.0,0.0,0.2,0.7527947473313992,0.06826469232765234,0.1107143163602456,0.06822624398070269,2.4668997227717162e-17,0.5411852953599999,P_success,2.220446049250313e-16,0.06822624398070269,2.220e-16
4Q,5,boundary_rank2_tight,deterministic,0.999,0.001,0.0,0.0,0.3,0.6080871215565942,0.11332431259239932,0.1653075852524865,0.11328098059851961,2.3845246942958568e-17,0.41944919613999965,P_success,3.3306690738754696e-16,0.11328098059851961,8.327e-17
4Q,5,separable_threshold,deterministic,0.5,0.2,0.2,0.1,0.0,0.7352941176470585,0.11764705882352937,0.11764705882352937,0.02941176470588235,2.287770939684441e-17,0.3399999999999998,P_success,4.440892098500626e-16,0.02941176470588235,3.469e-18
4Q,5,separable_threshold,deterministic,0.5,0.2,0.2,0.1,0.0001,0.7351373803659816,0.11768044925612418,0.11770985392741987,0.02947231645047416,1.394699249746259e-17,0.3399630061994598,P_success,1.1102230246251565e-16,0.02947231645047416,6.939e-17
4Q,5,separable_threshold,deterministic,0.5,0.2,0.2,0.1,0.001,0.7337276574519161,0.11798091137569595,0.11827431969650178,0.03001711147588588,2.0204890931381097e-17,0.33963061946024975,P_success,1.1102230246251565e-16,0.03001711147588588,5.551e-17
4Q,5,separable_threshold,deterministic,0.5,0.2,0.2,0.1,0.005,0.727482257020684,0.11931512800076781,0.12076798523116934,0.03243462974737861,1.037096831940205e-17,0.3381654326560935,P_success,1.1102230246251565e-16,0.03243462974737861,1.110e-16
4Q,5,separable_threshold,deterministic,0.5,0.2,0.2,0.1,0.01,0.7197222247765631,0.12098001602994245,0.12385028391925024,0.03544747527424383,2.1324322798640187e-17,0.3363614624949998,P_success,3.3306690738754696e-16,0.03544747527424383,1.943e-16
4Q,5,separable_threshold,deterministic,0.5,0.2,0.2,0.1,0.02,0.7043624011433892,0.12429894126855644,0.12989784564594953,0.041440811942104645,2.134015195340047e-17,0.3328437198399998,P_success,1.1102230246251565e-16,0.041440811942104645,1.388e-16
4Q,5,separable_threshold,deterministic,0.5,0.2,0.2,0.1,0.05,0.6596457381142905,0.1341457944493098,0.14708669095933966,0.05912177647705994,4.388814577932163e-17,0.32298404687499976,P_success,1.1102230246251565e-16,0.05912177647705994,4.163e-17
4Q,5,separable_threshold,deterministic,0.5,0.2,0.2,0.1,0.1,0.590134425278885,0.15004381496317434,0.17247934379601176,0.08734241596192877,1.416413088214774e-17,0.3086844999999998,P_success,2.220446049250313e-16,0.08734241596192877,1.110e-16
4Q,5,separable_threshold,deterministic,0.5,0.2,0.2,0.1,0.15,0.5275589001420964,0.16505991438402784,0.1937742420934016,0.11360694338047396,1.348961361543048e-17,0.2967502656249998,P_success,1.1102230246251565e-16,0.11360694338047396,1.665e-16
4Q,5,separable_threshold,deterministic,0.5,0.2,0.2,0.1,0.2,0.4723883094428021,0.1789642478665848,0.21109096993697363,0.13755647275363936,5.796410304877011e-18,0.2868639999999999,P_success,1.1102230246251565e-16,0.13755647275363936,4.163e-17
4Q,5,separable_threshold,deterministic,0.5,0.2,0.2,0.1,0.3,0.38452228491842844,0.20282739270956004,0.23496904897959928,0.17768127339241188,1.3502447149149146e-17,0.27212349999999974,P_success,3.3306690738754696e-16,0.17768127339241188,5.551e-17
4Q,5,random_uniform_00,random,0.21289562100831264,0.022746266950347295,0.5266044893509967,0.23775362269034334,0.0,0.11937532845267454,0.0013627035448855811,0.7303822942673508,0.14887967373508895,3.355627268848254e-18,0.3796810114116974,P_success,1.1102230246251565e-16,0.0013627035448855811,
4Q,5,random_uniform_00,random,0.21289562100831264,0.022746266950347295,0.5266044893509967,0.23775362269034334,0.0001,0.11943646188696216,0.0014229805426088935,0.7302404456879033,0.14890011188252544,7.041452932732526e-17,0.3796301560237407,P_success,2.220446049250313e-16,0.0014229805426088935,
4Q,5,random_uniform_00,random,0.21289562100831264,0.022746266950347295,0.5266044893509967,0.23775362269034334,0.001,0.11998606504730062,0.001965473117775285,0.7289643512117763,0.14908411062314775,1.8101187820231154e-17,0.37917318372353304,P_success,1.1102230246251565e-16,0.001965473117775285,
4Q,5,random_uniform_00,random,0.21289562100831264,0.022746266950347295,0.5266044893509967,0.23775362269034334,0.005,0.12241567478458254,0.004376460042577196,0.7233048027648357,0.1499030624080045,9.69112924727093e-18,0.37715794528755664,P_success,2.220446049250313e-16,0.004376460042577196,
4Q,5,random_uniform_00,random,0.21289562100831264,0.022746266950347295,0.5266044893509967,0.23775362269034334,0.01,0.12542243864194647,0.007389609386070428,0.7162586157364742,0.1509293362355087,6.04942208038221e-17,0.37467476157318297,P_success,2.220446049250313e-16,0.007389609386070428,
4Q,5,random_uniform_00,random,0.21289562100831264,0.022746266950347295,0.5266044893509967,0.23775362269034334,0.02,0.1313336664000201,0.013411557164456463,0.7022650806380452,0.15298969579747815,4.3103443172776445e-17,0.3698260690799326,P_success,2.220446049250313e-16,0.013411557164456463,
4Q,5,random_uniform_00,random,0.21289562100831264,0.022746266950347295,0.5266044893509967,0.23775362269034334,0.05,0.148223633474726,0.03139700181701059,0.6611615802416126,0.15921778446665052,2.548366989215431e-17,0.356186683315861,P_success,2.220446049250313e-16,0.03139700181701059,
4Q,5,random_uniform_00,random,0.21289562100831264,0.022746266950347295,0.5266044893509967,0.23775362269034334,0.1,0.17342799956271648,0.06080402486401368,0.5961190890950356,0.16964888647823406,6.25041259829643e-17,0.3362551410597928,P_success,1.1102230246251565e-16,0.06080402486401368,
4Q,5,random_uniform_00,random,0.21289562100831264,0.022746266950347295,0.5266044893509967,0.23775362269034334,0.15,0.19481056283387793,0.08898092874274062,0.5362572020796929,0.17995130634368833,1.8664738547994072e-17,0.319449969581754,P_success,2.220446049250313e-16,0.08898092874274062,
4Q,5,random_uniform_00,random,0.21289562100831264,0.022746266950347295,0.5266044893509967,0.23775362269034334,0.2,0.21236321841225955,0.11539123172854597,0.4823344664144598,0.1899110834447346,1.1351178054029672e-17,0.305375115985013,P_success,0.0,0.11539123172854597,
4Q,5,random_uniform_00,random,0.21289562100831264,0.022746266950347295,0.5266044893509967,0.23775362269034334,0.3,0.23673779442103138,0.16128975224397663,0.39390705218578503,0.2080654011492069,1.5368977213230865e-17,0.2840205076185264,P_success,0.0,0.16128975224397663,
4Q,5,random_uniform_01,random,0.15750190750857576,0.11793177577668507,0.6508472577668338,0.07371905894790531,0.0,0.053034262402883496,0.029733536925207714,0.905613850478845,0.011618350193063592,2.2411747414854135e-17,0.46775140720145425,P_success,2.220446049250313e-16,0.011618350193063592,
4Q,5,random_uniform_01,random,0.15750190750857576,0.11793177577668507,0.6508472577668338,0.07371905894790531,0.0001,0.05310268113394889,0.029773614143269466,0.9054624082685058,0.011661296454275516,6.33848666081547e-17,0.4676526357472891,P_success,3.3306690738754696e-16,0.011661296454275516,
4Q,5,random_uniform_01,random,0.15750190750857576,0.11793177577668507,0.6508472577668338,0.07371905894790531,0.001,0.05371832660138971,0.030134634359162065,0.9040988608722333,0.012048178167214652,7.482062188397505e-18,0.466765333007703,P_success,2.220446049250313e-16,0.012048178167214652,
4Q,5,random_uniform_01,random,0.15750190750857576,0.11793177577668507,0.6508472577668338,0.07371905894790531,0.005,0.05645172323686459,0.03174619513611197,0.8980265337085505,0.013775547918472787,2.126935609067362e-17,0.4628573199907728,P_success,2.220446049250313e-16,0.013775547918472787,
4Q,5,random_uniform_01,random,0.15750190750857576,0.11793177577668507,0.6508472577668338,0.07371905894790531,0.01,0.05986146083196008,0.03377651495625096,0.8904094211113301,0.015952603100458516,2.258269424544017e-17,0.4580531725447575,P_success,3.3306690738754696e-16,0.015952603100458516,
4Q,5,random_uniform_01,random,0.15750190750857576,0.11793177577668507,0.6508472577668338,0.07371905894790531,0.02,0.06665392552563557,0.03788830108665003,0.8750934743480774,0.02036429903963676,6.554836912520817e-18,0.44870961341983984,P_success,2.220446049250313e-16,0.02036429903963676,
4Q,5,random_uniform_01,random,0.15750190750857576,0.11793177577668507,0.6508472577668338,0.07371905894790531,0.05,0.08674541050070139,0.05059674396974508,0.8286368710596347,0.03402097446991865,2.424426060305783e-17,0.42270753913637477,P_success,1.1102230246251565e-16,0.03402097446991865,
4Q,5,random_uniform_01,random,0.15750190750857576,0.11793177577668507,0.6508472577668338,0.07371905894790531,0.1,0.11881344967595764,0.07274566639556551,0.7505530446172023,0.0578878393112744,9.315827004530762e-17,0.38556509197718386,P_success,1.1102230246251565e-16,0.0578878393112744,
4Q,5,random_uniform_01,random,0.15750190750857576,0.11793177577668507,0.6508472577668338,0.07371905894790531,0.15,0.14831109819084898,0.09553213269597673,0.6736455148410861,0.08251125427208793,1.90549693102803e-17,0.35521172623558467,P_success,2.220446049250313e-16,0.08251125427208793,
4Q,5,random_uniform_01,random,0.15750190750857576,0.11793177577668507,0.6508472577668338,0.07371905894790531,0.2,0.17445295540628875,0.1182285405120424,0.6002257968350515,0.10709270724661706,2.3686763505922282e-17,0.3306480443524851,P_success,3.3306690738754696e-16,0.10709270724661706,
4Q,5,random_uniform_01,random,0.15750190750857576,0.11793177577668507,0.6508472577668338,0.07371905894790531,0.3,0.21476980290462996,0.16051055086333083,0.4717248069099498,0.1529948393220892,2.4113597564803042e-17,0.2954192042617003,P_success,2.220446049250313e-16,0.1529948393220892,
4Q,5,random_uniform_02,random,0.495304219911838,0.09495084456538193,0.01807360096746043,0.39167133455531966,0.0,0.6011793340186709,0.02209315049035843,0.0008004779364378799,0.37592703755453255,4.0820653954922246e-17,0.4080750225104296,P_success,2.220446049250313e-16,0.0008004779364378799,
4Q,5,random_uniform_02,random,0.495304219911838,0.09495084456538193,0.01807360096746043,0.39167133455531966,0.0001,0.6010862057904406,0.022153554828612018,0.0008644196092585778,0.3758958197716887,2.5606182801898334e-17,0.4079976294302835,P_success,2.220446049250313e-16,0.0008644196092585778,
4Q,5,random_uniform_02,random,0.495304219911838,0.09495084456538193,0.01807360096746043,0.39167133455531966,0.001,0.6002478773064869,0.022697306417363113,0.00144006534412238,0.37561475093202734,1.5459598217019498e-17,0.4073024615729064,P_success,3.3306690738754696e-16,0.00144006534412238,
4Q,5,random_uniform_02,random,0.495304219911838,0.09495084456538193,0.01807360096746043,0.39167133455531966,0.005,0.5965183543010134,0.025116314470991986,0.004002082873632132,0.3743632483543622,1.5012830654308948e-17,0.4042425119625235,P_success,3.3306690738754696e-16,0.004002082873632132,
4Q,5,random_uniform_02,random,0.495304219911838,0.09495084456538193,0.01807360096746043,0.39167133455531966,0.01,0.5918489663275158,0.02814490027284904,0.007212279399032989,0.37279385400060217,1.1173222520909132e-17,0.40048506380205373,P_success,0.0,0.007212279399032989,
4Q,5,random_uniform_02,random,0.495304219911838,0.09495084456538193,0.01807360096746043,0.39167133455531966,0.02,0.5824905770171704,0.03421470243788949,0.01365454094339208,0.36964017960154777,1.2196344513099572e-17,0.3931909106533038,P_success,2.220446049250313e-16,0.01365454094339208,
4Q,5,random_uniform_02,random,0.495304219911838,0.09495084456538193,0.01807360096746043,0.39167133455531966,0.05,0.5543620147094491,0.052458104080415555,0.03308385655868738,0.3600960246514477,2.413646082747018e-17,0.3729963943958097,P_success,2.220446049250313e-16,0.03308385655868738,
4Q,5,random_uniform_02,random,0.495304219911838,0.09495084456538193,0.01807360096746043,0.39167133455531966,0.1,0.508010485842782,0.0825189217485229,0.0653083942757642,0.3441621981329308,4.542445882464396e-17,0.3444700192698847,P_success,1.1102230246251565e-16,0.0653083942757642,
4Q,5,random_uniform_02,random,0.495304219911838,0.09495084456538193,0.01807360096746043,0.39167133455531966,0.15,0.46358449453066797,0.11133022839547234,0.09643167073567352,0.3286536063381859,1.0560495765758469e-17,0.32152696205885944,P_success,2.220446049250313e-16,0.09643167073567352,
4Q,5,random_uniform_02,random,0.495304219911838,0.09495084456538193,0.01807360096746043,0.39167133455531966,0.2,0.4224073517161855,0.1380351392953023,0.12548909099285374,0.31406841799565843,2.5442939772881067e-17,0.30329948979488675,P_success,0.0,0.12548909099285374,
4Q,5,random_uniform_02,random,0.495304219911838,0.09495084456538193,0.01807360096746043,0.39167133455531966,0.3,0.3535837927596884,0.18267591573199835,0.17454734470108785,0.2891929468072252,2.8785883188669996e-17,0.27799264473112395,P_success,2.220446049250313e-16,0.17454734470108785,
4Q,5,random_uniform_03,random,0.2571455572799487,0.05393652554194086,0.5631268254123345,0.12579109176577602,0.0,0.16450016824581823,0.0072372609056392395,0.7888977690941926,0.03936480175434977,2.275916661130224e-17,0.4019682066829513,P_success,2.220446049250313e-16,0.0072372609056392395,
4Q,5,random_uniform_03,random,0.2571455572799487,0.05393652554194086,0.5631268254123345,0.12579109176577602,0.0001,0.16454863311509801,0.007284954119791892,0.7887600107142471,0.03940640205086292,5.69098378719776e-17,0.4018993732728197,P_success,2.220446049250313e-16,0.007284954119791892,
4Q,5,random_uniform_03,random,0.2571455572799487,0.05393652554194086,0.5631268254123345,0.12579109176577602,0.001,0.16498439341540982,0.0077144991083381706,0.7875200535573088,0.03978105391894309,7.338205046653988e-18,0.40128101426271817,P_success,1.1102230246251565e-16,0.0077144991083381706,
4Q,5,random_uniform_03,random,0.2571455572799487,0.05393652554194086,0.5631268254123345,0.12579109176577602,0.005,0.16691180327256858,0.009630169719774024,0.7820064977090521,0.04145152929860515,1.632529120655829e-17,0.3985574981694316,P_success,1.1102230246251565e-16,0.009630169719774024,
4Q,5,random_uniform_03,random,0.2571455572799487,0.05393652554194086,0.5631268254123345,0.12579109176577602,0.01,0.1692993509284523,0.012039485063585915,0.7751095701236489,0.04355159388431271,1.3623754553501372e-17,0.39520938848853504,P_success,2.220446049250313e-16,0.012039485063585915,
4Q,5,random_uniform_03,random,0.2571455572799487,0.05393652554194086,0.5631268254123345,0.12579109176577602,0.02,0.17399982669082684,0.01690469558845865,0.7613059858963919,0.04778949182432264,2.1689539443455178e-17,0.38869743094869386,P_success,0.0,0.01690469558845865,
4Q,5,random_uniform_03,random,0.2571455572799487,0.05393652554194086,0.5631268254123345,0.12579109176577602,0.05,0.1874642157880146,0.03182312099019193,0.7199496064440342,0.06076305677775902,6.7060730995677965e-18,0.37057357180849937,P_success,2.220446049250313e-16,0.03182312099019193,
4Q,5,random_uniform_03,random,0.2571455572799487,0.05393652554194086,0.5631268254123345,0.12579109176577602,0.1,0.20754960291585148,0.05740703299285863,0.652092776690766,0.08295058740052391,3.433364953675609e-17,0.34467912541519197,P_success,0.0,0.05740703299285863,
4Q,5,random_uniform_03,random,0.2571455572799487,0.05393652554194086,0.5631268254123345,0.12579109176577602,0.15,0.22438453825168753,0.08320947934127347,0.5871364092569915,0.10526957315004734,6.319522976115147e-17,0.3235113757778214,P_success,1.1102230246251565e-16,0.08320947934127347,
4Q,5,random_uniform_03,random,0.2571455572799487,0.05393652554194086,0.5631268254123345,0.12579109176577602,0.2,0.23780463230707008,0.10844022483254356,0.5266994402249027,0.12705570263548344,2.544882048391133e-17,0.3063753189745758,P_success,2.220446049250313e-16,0.10844022483254356,
4Q,5,random_uniform_03,random,0.2571455572799487,0.05393652554194086,0.5631268254123345,0.12579109176577602,0.3,0.25481063955678157,0.15441446130321668,0.4240658703673064,0.16670902877269517,1.109262537822537e-17,0.28178454459905344,P_success,2.220446049250313e-16,0.15441446130321668,
4Q,5,random_uniform_04,random,0.025333120618940608,0.045232683751455866,0.8998971691396371,0.029537026489966478,0.0,0.0007890172560388735,0.0025154392420557335,0.9956229314693515,0.0010726120325537398,8.159807926765051e-17,0.8133751136390541,P_success,1.1102230246251565e-16,0.0007890172560388735,
4Q,5,random_uniform_04,random,0.025333120618940608,0.045232683751455866,0.8998971691396371,0.029537026489966478,0.0001,0.0008447846038265223,0.0025453359576189443,0.9955075658871338,0.0011023135514206502,1.7050068284326713e-17,0.8131303522524864,P_success,0.0,0.0008447846038265223,
4Q,5,random_uniform_04,random,0.025333120618940608,0.045232683751455866,0.8998971691396371,0.029537026489966478,0.001,0.001346992278842764,0.002814816351740021,0.9944681481593313,0.0013700432100856865,1.2274046987745491e-17,0.8109314044105156,P_success,2.220446049250313e-16,0.001346992278842764,
4Q,5,random_uniform_04,random,0.025333120618940608,0.045232683751455866,0.8998971691396371,0.029537026489966478,0.005,0.003585541705045068,0.0040214416890208445,0.9898239967989438,0.0025690198069901796,7.376585450550532e-17,0.8012429488874047,P_success,0.0,0.0025690198069901796,
4Q,5,random_uniform_04,random,0.025333120618940608,0.045232683751455866,0.8998971691396371,0.029537026489966478,0.01,0.006398446211510747,0.005550263854424073,0.9839627011304573,0.00408858880360771,1.5281165568450122e-17,0.7893249629109903,P_success,2.220446049250313e-16,0.00408858880360771,
4Q,5,random_uniform_04,random,0.025333120618940608,0.045232683751455866,0.8998971691396371,0.029537026489966478,0.02,0.012071695278218024,0.008676500427833933,0.9720544340597227,0.007197370234225035,2.5620862099478065e-17,0.7661198031610775,P_success,3.3306690738754696e-16,0.007197370234225035,
4Q,5,random_uniform_04,random,0.025333120618940608,0.045232683751455866,0.8998971691396371,0.029537026489966478,0.05,0.029436569416575534,0.018603791712542877,0.9348784659500196,0.01708117292086182,7.560174394661675e-18,0.7013448163315212,P_success,1.1102230246251565e-16,0.01708117292086182,
4Q,5,random_uniform_04,random,0.025333120618940608,0.045232683751455866,0.8998971691396371,0.029537026489966478,0.1,0.05924979895230367,0.03693996392574842,0.868432928373585,0.035377308748362785,1.0151132125487305e-16,0.608210516370091,P_success,1.1102230246251565e-16,0.035377308748362785,
4Q,5,random_uniform_04,random,0.025333120618940608,0.045232683751455866,0.8998971691396371,0.029537026489966478,0.15,0.08951943424042003,0.05733220702538147,0.797374225583127,0.05577413315107135,1.5566446991691524e-17,0.5314002608124948,P_success,1.1102230246251565e-16,0.05577413315107135,
4Q,5,random_uniform_04,random,0.025333120618940608,0.045232683751455866,0.8998971691396371,0.029537026489966478,0.2,0.11934370068560242,0.0793799466454182,0.7234030263576877,0.07787332631129146,2.5859621928838928e-17,0.46859789565151777,P_success,2.220446049250313e-16,0.07787332631129146,
4Q,5,random_uniform_04,random,0.025333120618940608,0.045232683751455866,0.8998971691396371,0.029537026489966478,0.3,0.17355502386428084,0.1257974246530641,0.5761231998948925,0.12452435158776241,1.541886000018481e-17,0.3769459488541371,P_success,1.1102230246251565e-16,0.12452435158776241,
4Q,5,random_uniform_05,random,0.14222440328151145,0.7001165618179372,0.12328917912207109,0.03436985577848019,0.0,0.038399463306216595,0.9305026547897742,0.02885538251510452,0.0022424993889043816,2.6331885089708505e-17,0.526772489695379,P_success,2.220446049250313e-16,0.0022424993889043816,
4Q,5,random_uniform_05,random,0.14222440328151145,0.7001165618179372,0.12328917912207109,0.03436985577848019,0.0001,0.038442849039395675,0.9303433817778951,0.02890055918453806,0.0023132099981710203,2.2630474796727208e-17,0.526657562389531,P_success,2.220446049250313e-16,0.0023132099981710203,
4Q,5,random_uniform_05,random,0.14222440328151145,0.7001165618179372,0.12328917912207109,0.03436985577848019,0.001,0.038833506403980755,0.9289095398015649,0.029307348329608678,0.0029496054648455805,2.7254468829198814e-17,0.5256249675510637,P_success,1.1102230246251565e-16,0.0029496054648455805,
4Q,5,random_uniform_05,random,0.14222440328151145,0.7001165618179372,0.12328917912207109,0.03436985577848019,0.005,0.04057375434709513,0.9225287382752383,0.031119581591355767,0.005777925786310699,2.7270516098161424e-17,0.521073620784968,P_success,2.220446049250313e-16,0.005777925786310699,
4Q,5,random_uniform_05,random,0.14222440328151145,0.7001165618179372,0.12328917912207109,0.03436985577848019,0.01,0.042757989423195766,0.9145349472518671,0.03339445003390893,0.009312613291028072,5.708211563733221e-17,0.5154708413064708,P_success,1.1102230246251565e-16,0.009312613291028072,
4Q,5,random_uniform_05,random,0.14222440328151145,0.7001165618179372,0.12328917912207109,0.03436985577848019,0.02,0.04715461630085404,0.8984943988553205,0.037974445114157124,0.01637653972966807,2.0646384930903283e-17,0.5045484951566791,P_success,2.220446049250313e-16,0.01637653972966807,
4Q,5,random_uniform_05,random,0.14222440328151145,0.7001165618179372,0.12328917912207109,0.03436985577848019,0.05,0.060537618219871754,0.8500745623181265,0.051922903822097105,0.03746491563990449,2.5678398360667025e-17,0.47395827801331897,P_success,1.1102230246251565e-16,0.03746491563990449,
4Q,5,random_uniform_05,random,0.14222440328151145,0.7001165618179372,0.12328917912207109,0.03436985577848019,0.1,0.08324939291103836,0.7692794125723659,0.07561713732067953,0.0718540571959161,9.928757239343912e-18,0.4296643905029415,P_success,1.1102230246251565e-16,0.0718540571959161,
4Q,5,random_uniform_05,random,0.14222440328151145,0.7001165618179372,0.12328917912207109,0.03436985577848019,0.15,0.10599343181569848,0.6900991997817109,0.09937031358116141,0.1045370548214291,1.8598344792245924e-17,0.39277815747429295,P_success,2.220446049250313e-16,0.09937031358116141,
4Q,5,random_uniform_05,random,0.14222440328151145,0.7001165618179372,0.12328917912207109,0.03436985577848019,0.2,0.12817987996612118,0.6145773939777852,0.12256228626392802,0.13468043979216543,5.923437149614095e-18,0.36229462246590594,P_success,2.220446049250313e-16,0.12256228626392802,
4Q,5,random_uniform_05,random,0.14222440328151145,0.7001165618179372,0.12328917912207109,0.03436985577848019,0.3,0.16861014713279524,0.4817873646371904,0.16486917305816184,0.1847333151718523,2.4289465681898127e-17,0.31701848239696906,P_success,2.220446049250313e-16,0.16486917305816184,
4Q,5,random_uniform_06,random,0.7509801775291748,0.16568343911692798,0.046891222684258195,0.0364451606696389,0.0,0.9479316299843913,0.04614007208274732,0.00369575507052255,0.0022325428623384777,2.7517150825179787e-17,0.5949492655404236,P_success,4.440892098500626e-16,0.0022325428623384777,
4Q,5,random_uniform_06,random,0.7509801775291748,0.16568343911692798,0.046891222684258195,0.0364451606696389,0.0001,0.9477778245699922,0.046178743212476905,0.0037658604302209437,0.0022775717873099797,2.606041813721398e-17,0.5948115349619807,P_success,0.0,0.0022775717873099797,
4Q,5,random_uniform_06,random,0.7509801775291748,0.16568343911692798,0.046891222684258195,0.0364451606696389,0.001,0.9463931429835218,0.046526964905669405,0.004396797327404381,0.0026830947834041836,6.114404167664197e-17,0.5935739686981051,P_success,1.1102230246251565e-16,0.0026830947834041836,
4Q,5,random_uniform_06,random,0.7509801775291748,0.16568343911692798,0.046891222684258195,0.0364451606696389,0.005,0.9402297456824619,0.04807853364078042,0.0072006231235978695,0.0044910975531596104,1.1507810868228744e-17,0.5881172400709758,P_success,3.3306690738754696e-16,0.0044910975531596104,
4Q,5,random_uniform_06,random,0.7509801775291748,0.16568343911692798,0.046891222684258195,0.0364451606696389,0.01,0.932505027507773,0.0500268184710296,0.010704211019211768,0.006763943001985509,9.91914254042308e-17,0.5813955184534396,P_success,1.1102230246251565e-16,0.006763943001985509,
4Q,5,random_uniform_06,random,0.7509801775291748,0.16568343911692798,0.046891222684258195,0.0364451606696389,0.02,0.9169924780188151,0.053951685044757725,0.017704693027570783,0.011351143908856219,2.622637838467703e-17,0.5682774152316078,P_success,1.1102230246251565e-16,0.011351143908856219,
4Q,5,random_uniform_06,random,0.7509801775291748,0.16568343911692798,0.046891222684258195,0.0364451606696389,0.05,0.8700527259816814,0.06592979228683049,0.038599504183625837,0.02541797754786211,7.556509048172502e-18,0.5314278116838249,P_success,2.220446049250313e-16,0.02541797754786211,
4Q,5,random_uniform_06,random,0.7509801775291748,0.16568343911692798,0.046891222684258195,0.0364451606696389,0.1,0.7912325609218467,0.08639773399142808,0.07269741986429105,0.04967228522243397,2.3709479748511873e-17,0.47773561476162973,P_success,2.220446049250313e-16,0.04967228522243397,
4Q,5,random_uniform_06,random,0.7509801775291748,0.16568343911692798,0.046891222684258195,0.0364451606696389,0.15,0.7131857877609391,0.1071306707148793,0.10519110053050611,0.07449244099367527,2.0902441175685712e-17,0.4326421398139683,P_success,2.220446049250313e-16,0.07449244099367527,
4Q,5,random_uniform_06,random,0.7509801775291748,0.16568343911692798,0.046891222684258195,0.0364451606696389,0.2,0.6377829704746936,0.12764839883279205,0.13528929822579713,0.09927933246671705,2.698619564725149e-17,0.395032506850842,P_success,1.1102230246251565e-16,0.09927933246671705,
4Q,5,random_uniform_06,random,0.7509801775291748,0.16568343911692798,0.046891222684258195,0.0364451606696389,0.3,0.502177812449415,0.16601396697338605,0.18564886905592604,0.1461593515212727,1.5050805593908966e-17,0.338344970110925,P_success,3.3306690738754696e-16,0.1461593515212727,
4Q,5,random_uniform_07,random,0.15521109398199295,0.21385913283937732,0.5082028059328944,0.12272696724573535,0.0,0.07020226470939259,0.1332788404512461,0.7526268709107325,0.0438920239286287,2.2341623771121147e-17,0.3431582128413001,P_success,1.1102230246251565e-16,0.0438920239286287,
4Q,5,random_uniform_07,random,0.15521109398199295,0.21385913283937732,0.5082028059328944,0.12272696724573535,0.0001,0.07027454830189134,0.13330798574636257,0.7524694833269125,0.04394798262483328,2.2311585312787118e-17,0.343115070371042,P_success,3.3306690738754696e-16,0.04394798262483328,
4Q,5,random_uniform_07,random,0.15521109398199295,0.21385913283937732,0.5082028059328944,0.12272696724573535,0.001,0.07092455591352846,0.13357029051756322,0.7510536177471588,0.044451535821749294,7.879011777000566e-17,0.34272751779507404,P_success,1.1102230246251565e-16,0.044451535821749294,
4Q,5,random_uniform_07,random,0.15521109398199295,0.21385913283937732,0.5082028059328944,0.12272696724573535,0.005,0.07380152269217652,0.13473597929426354,0.7447746733555138,0.04668782465804596,7.311577436443376e-17,0.3410208762475371,P_success,1.1102230246251565e-16,0.04668782465804596,
4Q,5,random_uniform_07,random,0.15521109398199295,0.21385913283937732,0.5082028059328944,0.12272696724573535,0.01,0.07736986314429739,0.13619262194174037,0.7369587012496158,0.04947881366434631,2.0949413145209e-17,0.3389235391928153,P_success,2.220446049250313e-16,0.04947881366434631,
4Q,5,random_uniform_07,random,0.15521109398199295,0.21385913283937732,0.5082028059328944,0.12272696724573535,0.02,0.08441104357748049,0.13910297092506022,0.7214423821715179,0.05504360332594118,1.1237489980958387e-17,0.3348465715131116,P_success,2.220446049250313e-16,0.05504360332594118,
4Q,5,random_uniform_07,random,0.15521109398199295,0.21385913283937732,0.5082028059328944,0.12272696724573535,0.05,0.10472455305714275,0.14778467655586197,0.6759390539407577,0.07155171644623746,1.3177377541870447e-17,0.3235170693041306,P_success,1.1102230246251565e-16,0.07155171644623746,
4Q,5,random_uniform_07,random,0.15521109398199295,0.21385913283937732,0.5082028059328944,0.12272696724573535,0.1,0.13562118377513374,0.16192273407208166,0.604321368058366,0.09813471409441847,2.582283605065596e-17,0.3073834153891024,P_success,2.220446049250313e-16,0.09813471409441847,
4Q,5,random_uniform_07,random,0.15521109398199295,0.21385913283937732,0.5082028059328944,0.12272696724573535,0.15,0.16248918798295992,0.17536885699595736,0.5390882874376024,0.12305366758347996,1.686931656059388e-17,0.2942562314137214,P_success,4.440892098500626e-16,0.12305366758347996,
4Q,5,random_uniform_07,random,0.15521109398199295,0.21385913283937732,0.5082028059328944,0.12272696724573535,0.2,0.18516146699513017,0.1878535763230699,0.48114118067950384,0.14584377600229587,1.7469807600310937e-17,0.2836858082304465,P_success,2.220446049250313e-16,0.14584377600229587,
4Q,5,random_uniform_07,random,0.15521109398199295,0.21385913283937732,0.5082028059328944,0.12272696724573535,0.3,0.21834826253035947,0.20921956710707937,0.3885104378724302,0.18392173249013077,4.33478079187186e-17,0.26865585681315807,P_success,2.220446049250313e-16,0.18392173249013077,
4Q,5,random_uniform_08,random,0.16057994392007155,0.24199558313695427,0.30552928416768876,0.29189518877528553,0.0,0.09808308638214668,0.2227544548848714,0.3550726362621789,0.32408982247080287,1.0040162486581242e-17,0.26289872536134756,P_success,2.220446049250313e-16,0.09808308638214668,
4Q,5,random_uniform_08,random,0.16057994392007155,0.24199558313695427,0.30552928416768876,0.29189518877528553,0.0001,0.09814467968424347,0.22277006442335934,0.3550239849786337,0.32406127091376336,1.1681367437815845e-17,0.2628941749296746,P_success,2.220446049250313e-16,0.09814467968424347,
4Q,5,random_uniform_08,random,0.16057994392007155,0.24199558313695427,0.30552928416768876,0.29189518877528553,0.001,0.09869818881915568,0.22291026137399578,0.35458688159760204,0.3238046682092464,1.3610511072398501e-17,0.26285327729340885,P_success,2.220446049250313e-16,0.09869818881915568,
4Q,5,random_uniform_08,random,0.16057994392007155,0.24199558313695427,0.30552928416768876,0.29189518877528553,0.005,0.10114019336649832,0.2235270943078889,0.3526606524029683,0.32267205992264447,2.8381191249561775e-17,0.26267273073574793,P_success,0.0,0.10114019336649832,
4Q,5,random_uniform_08,random,0.16057994392007155,0.24199558313695427,0.30552928416768876,0.29189518877528553,0.01,0.10415152749756298,0.22428387445512066,0.35029037233444016,0.321274225712876,1.3004019385661904e-17,0.262449830914173,P_success,2.220446049250313e-16,0.10415152749756298,
4Q,5,random_uniform_08,random,0.16057994392007155,0.24199558313695427,0.30552928416768876,0.29189518877528553,0.02,0.1100384825078325,0.22575067661233603,0.3456731251109389,0.3185377157688925,1.5193266329923403e-17,0.2620131867724247,P_success,0.0,0.1100384825078325,
4Q,5,random_uniform_08,random,0.16057994392007155,0.24199558313695427,0.30552928416768876,0.29189518877528553,0.05,0.12664270880992123,0.22979165662197806,0.33277557735832036,0.31079005720978,1.144287183630288e-17,0.26077422318151033,P_success,4.440892098500626e-16,0.12664270880992123,
4Q,5,random_uniform_08,random,0.16057994392007155,0.24199558313695427,0.30552928416768876,0.29189518877528553,0.1,0.15098943267858125,0.23542435768925637,0.3142464806518314,0.29933972898033084,1.5635129882956986e-17,0.2589312398719594,P_success,2.220446049250313e-16,0.15098943267858125,
4Q,5,random_uniform_08,random,0.16057994392007155,0.24199558313695427,0.30552928416768876,0.29189518877528553,0.15,0.17153044303617676,0.2398464891207488,0.29904671151258366,0.2895763563304907,7.9972498132603e-18,0.2573407761907324,P_success,0.0,0.17153044303617676,
4Q,5,random_uniform_08,random,0.16057994392007155,0.24199558313695427,0.30552928416768876,0.29189518877528553,0.2,0.18866889147737123,0.2432407775254323,0.28675363139881027,0.28133669959838603,1.96205381801681e-17,0.2559761327541352,P_success,1.1102230246251565e-16,0.18866889147737123,
4Q,5,random_uniform_08,random,0.16057994392007155,0.24199558313695427,0.30552928416768876,0.29189518877528553,0.3,0.21429158718591007,0.24760889314621162,0.2693105177815563,0.2687890018863219,6.178427907431024e-18,0.25382824175196433,P_success,0.0,0.21429158718591007,
4Q,5,random_uniform_09,random,0.03401246197781031,0.7774215637551664,0.0868108181804995,0.10175515608652375,0.0,0.0018556133588604768,0.9694479960855931,0.012088128016280869,0.0166082625392654,2.487878915888085e-17,0.6234313653046802,P_success,1.1102230246251565e-16,0.0018556133588604768,
4Q,5,random_uniform_09,random,0.03401246197781031,0.7774215637551664,0.0868108181804995,0.10175515608652375,0.0001,0.0018892268687912353,0.9693177017437667,0.012121488341784893,0.016671583045656958,1.7591080992225397e-17,0.6232640784033995,P_success,1.1102230246251565e-16,0.0018892268687912353,
4Q,5,random_uniform_09,random,0.03401246197781031,0.7774215637551664,0.0868108181804995,0.10175515608652375,0.001,0.0021922121081344357,0.96814396830578,0.012422159532164159,0.0172416600539213,4.865656208863035e-18,0.6217612432985004,P_success,1.1102230246251565e-16,0.0021922121081344357,
4Q,5,random_uniform_09,random,0.03401246197781031,0.7774215637551664,0.0868108181804995,0.10175515608652375,0.005,0.003548897366375866,0.9629038810819075,0.013767787374877223,0.01977943417683932,1.7724150545476066e-17,0.6151415202744162,P_success,0.0,0.003548897366375866,
4Q,5,random_uniform_09,random,0.03401246197781031,0.7774215637551664,0.0868108181804995,0.10175515608652375,0.01,0.005267841198348875,0.9563003983330961,0.015471126216636828,0.022960634251917966,1.60478809807153e-17,0.6070023100468519,P_success,2.220446049250313e-16,0.005267841198348875,
4Q,5,random_uniform_09,random,0.03401246197781031,0.7774215637551664,0.0868108181804995,0.10175515608652375,0.02,0.008782193849760865,0.9429193752077487,0.018948271051216877,0.029350159891273406,3.256311038477906e-17,0.5911673542254339,P_success,1.1102230246251565e-16,0.008782193849760865,
4Q,5,random_uniform_09,random,0.03401246197781031,0.7774215637551664,0.0868108181804995,0.10175515608652375,0.05,0.01992398427993393,0.9014676763361577,0.02992964323241188,0.0486786961514964,7.229225830211848e-17,0.5470619563917161,P_success,1.1102230246251565e-16,0.01992398427993393,
4Q,5,random_uniform_09,random,0.03401246197781031,0.7774215637551664,0.0868108181804995,0.10175515608652375,0.1,0.04035266078001725,0.8287192265622629,0.04992596315020363,0.08100214950751607,1.1591672010841603e-17,0.48394173141550284,P_success,2.220446049250313e-16,0.04035266078001725,
4Q,5,random_uniform_09,random,0.03401246197781031,0.7774215637551664,0.0868108181804995,0.10175515608652375,0.15,0.06271909135217367,0.7530170184819932,0.07165905818241432,0.11260483198341867,1.2413992456870913e-17,0.4322226825194031,P_success,1.1102230246251565e-16,0.06271909135217367,
4Q,5,random_uniform_09,random,0.03401246197781031,0.7774215637551664,0.0868108181804995,0.10175515608652375,0.2,0.08637883894228018,0.6766849142339478,0.09450625308431629,0.14242999373945545,1.7103375080844e-17,0.3902433989905022,P_success,3.3306690738754696e-16,0.08637883894228018,
4Q,5,random_uniform_09,random,0.03401246197781031,0.7774215637551664,0.0868108181804995,0.10175515608652375,0.3,0.13420450405510048,0.5325729001653089,0.14033962938048472,0.1928829663991057,5.5295042803883234e-17,0.3297292718533339,P_success,2.220446049250313e-16,0.13420450405510048,
4Q,5,random_uniform_10,random,0.3246978583097811,0.5923065763644233,0.060802427122963236,0.022193138202832478,0.0,0.22897119508309113,0.7619300672793381,0.008029043937486586,0.0010696937000840496,1.2943310058954326e-17,0.4604452501228361,P_success,1.1102230246251565e-16,0.0010696937000840496,
4Q,5,random_uniform_10,random,0.3246978583097811,0.5923065763644233,0.060802427122963236,0.022193138202832478,0.0001,0.2289763308518779,0.7617772338147507,0.008096517727485047,0.0011499176058860224,1.5564347052059972e-17,0.4603748149089792,P_success,3.3306690738754696e-16,0.0011499176058860224,
4Q,5,random_uniform_10,random,0.3246978583097811,0.5923065763644233,0.060802427122963236,0.022193138202832478,0.001,0.229022520517174,0.7604024838999659,0.008703517952590565,0.0018714776302694738,5.78636725444634e-18,0.4597416959336738,P_success,0.0,0.0018714776302694738,
4Q,5,random_uniform_10,random,0.3246978583097811,0.5923065763644233,0.060802427122963236,0.022193138202832478,0.005,0.22922710506856445,0.754308952399303,0.011395500163399842,0.005068442368732658,2.2424465361648216e-17,0.45694515863226703,P_success,1.1102230246251565e-16,0.005068442368732658,
4Q,5,random_uniform_10,random,0.3246978583097811,0.5923065763644233,0.060802427122963236,0.022193138202832478,0.01,0.2294812201813702,0.7467303335759381,0.014746943532291853,0.009041502710399572,2.25493887053443e-17,0.4534890243543574,P_success,2.220446049250313e-16,0.009041502710399572,
4Q,5,random_uniform_10,random,0.3246978583097811,0.5923065763644233,0.060802427122963236,0.022193138202832478,0.02,0.22998405412367848,0.73170384009017,0.02140327290510511,0.01690883288104629,6.858705558227042e-18,0.44670702827601366,P_success,1.1102230246251565e-16,0.01690883288104629,
4Q,5,random_uniform_10,random,0.3246978583097811,0.5923065763644233,0.060802427122963236,0.022193138202832478,0.05,0.23144922669308515,0.687727933217736,0.040972664041054804,0.03985017604812385,6.45706609615635e-17,0.4273749200423451,P_success,2.220446049250313e-16,0.03985017604812385,
4Q,5,random_uniform_10,random,0.3246978583097811,0.5923065763644233,0.060802427122963236,0.022193138202832478,0.1,0.2337463370430987,0.618480689924268,0.07207981164369076,0.07569316138894246,4.068106392272951e-17,0.3983516934195255,P_success,2.220446049250313e-16,0.07207981164369076,
4Q,5,random_uniform_10,random,0.3246978583097811,0.5923065763644233,0.060802427122963236,0.022193138202832478,0.15,0.23586333147408275,0.5548928155529744,0.10100184483497625,0.10824200813796644,6.457509384380464e-17,0.37301041481326314,P_success,1.1102230246251565e-16,0.10100184483497625,
4Q,5,random_uniform_10,random,0.3246978583097811,0.5923065763644233,0.060802427122963236,0.022193138202832478,0.2,0.23780361617793624,0.49753626953175456,0.12743645723763453,0.1372236570526743,4.812583167871074e-17,0.3510106017547665,P_success,4.440892098500626e-16,0.12743645723763453,
4Q,5,random_uniform_10,random,0.3246978583097811,0.5923065763644233,0.060802427122963236,0.022193138202832478,0.3,0.24117791245589723,0.4029013928054199,0.17198556117833783,0.18393513356034485,4.7165774769247567e-17,0.31578858294338896,P_success,1.1102230246251565e-16,0.17198556117833783,
4Q,5,random_uniform_11,random,0.1689635603435395,0.021867438428871556,0.4188657395472879,0.3903032616803011,0.0,0.08001043588570468,0.00134015909061138,0.4917113246240028,0.426938080399681,2.5387195408642045e-17,0.3568120134321831,P_success,2.220446049250313e-16,0.00134015909061138,
4Q,5,random_uniform_11,random,0.1689635603435395,0.021867438428871556,0.4188657395472879,0.3903032616803011,0.0001,0.08007956261879506,0.0014184494515705004,0.49163168917298233,0.42687029875665194,2.948996875269361e-17,0.35677772850974165,P_success,1.1102230246251565e-16,0.0014184494515705004,
4Q,5,random_uniform_11,random,0.1689635603435395,0.021867438428871556,0.4188657395472879,0.3903032616803011,0.001,0.08070095285786208,0.0021225211271832176,0.4909155939131261,0.4262609321018284,4.42055511820152e-17,0.3564695231217025,P_success,2.220446049250313e-16,0.0021225211271832176,
4Q,5,random_uniform_11,random,0.1689635603435395,0.021867438428871556,0.4188657395472879,0.3903032616803011,0.005,0.083446342793477,0.005239900472983425,0.48774655917224197,0.4235671975612975,1.3335377518236891e-17,0.3551075174091425,P_success,0.0,0.005239900472983425,
4Q,5,random_uniform_11,random,0.1689635603435395,0.021867438428871556,0.4188657395472879,0.3903032616803011,0.01,0.08684054205578222,0.009109316177977073,0.4838166309097872,0.4202335108564532,5.586173893968897e-18,0.35342281707979534,P_success,2.220446049250313e-16,0.009109316177977073,
4Q,5,random_uniform_11,random,0.1689635603435395,0.021867438428871556,0.4188657395472879,0.3903032616803011,0.02,0.09350376408636656,0.016756168582418685,0.47606203994030194,0.4136780273909127,3.4623741981133864e-17,0.350112185813969,P_success,2.220446049250313e-16,0.016756168582418685,
4Q,5,random_uniform_11,random,0.1689635603435395,0.021867438428871556,0.4188657395472879,0.3903032616803011,0.05,0.1124925583223786,0.038943967470164084,0.45365271874916513,0.394910755458292,1.3808562841371628e-17,0.34063947775343856,P_success,2.220446049250313e-16,0.038943967470164084,
4Q,5,random_uniform_11,random,0.1689635603435395,0.021867438428871556,0.4188657395472879,0.3903032616803011,0.1,0.14082710173241608,0.07331664469248182,0.4192176724126719,0.3666385811624301,4.5669849378287714e-17,0.32631096944411203,P_success,1.1102230246251565e-16,0.07331664469248182,
4Q,5,random_uniform_11,random,0.1689635603435395,0.021867438428871556,0.4188657395472879,0.3903032616803011,0.15,0.16511176696148833,0.10429734782166836,0.3884971329236993,0.3420937522931438,2.698122088385307e-17,0.31368270395058645,P_success,2.220446049250313e-16,0.10429734782166836,
4Q,5,random_uniform_11,random,0.1689635603435395,0.021867438428871556,0.4188657395472879,0.3903032616803011,0.2,0.18552526372285275,0.13180136557129962,0.3615030545992064,0.321170316106641,9.004479316456419e-18,0.30261847463517205,P_success,2.220446049250313e-16,0.13180136557129962,
4Q,5,random_uniform_11,random,0.1689635603435395,0.021867438428871556,0.4188657395472879,0.3903032616803011,0.3,0.2158100727458211,0.17643981105088177,0.31834737501841986,0.28940274118487724,1.1472322934158122e-17,0.2846726615955657,P_success,0.0,0.17643981105088177,
4Q,5,random_uniform_12,random,0.2658791907038377,0.10404764663801176,0.2377695062573827,0.3923036564007679,0.0,0.242133030617852,0.03708086571743771,0.19364115008959254,0.5271449535751176,2.3951814234786352e-17,0.29195415375152733,P_success,2.220446049250313e-16,0.03708086571743771,
4Q,5,random_uniform_12,random,0.2658791907038377,0.10404764663801176,0.2377695062573827,0.3923036564007679,0.0001,0.24213816115710485,0.03716167525645165,0.19366519515410408,0.5270349684323392,8.249186828150571e-18,0.2919365634909965,P_success,2.220446049250313e-16,0.03716167525645165,
4Q,5,random_uniform_12,random,0.2658791907038377,0.10404764663801176,0.2377695062573827,0.3923036564007679,0.001,0.24218424159910776,0.037888140341963035,0.19388130412078664,0.5260463139381423,1.8776895616276663e-17,0.29177852187925635,P_success,2.220446049250313e-16,0.037888140341963035,
4Q,5,random_uniform_12,random,0.2658791907038377,0.10404764663801176,0.2377695062573827,0.3923036564007679,0.005,0.24238699254002227,0.04109897941838181,0.1948353306566022,0.5216786973849936,2.0869363423115958e-17,0.29108198456214873,P_success,1.1102230246251565e-16,0.04109897941838181,
4Q,5,random_uniform_12,random,0.2658791907038377,0.10404764663801176,0.2377695062573827,0.3923036564007679,0.01,0.24263574554801196,0.04507135669744875,0.19601304719249688,0.5162798505620423,4.9870136097374234e-17,0.2902246714301937,P_success,1.1102230246251565e-16,0.04507135669744875,
4Q,5,random_uniform_12,random,0.2658791907038377,0.10404764663801176,0.2377695062573827,0.3923036564007679,0.02,0.24311778659938998,0.05287837759324337,0.19831917383345293,0.5056846619739135,1.8168642904536506e-17,0.2885538246054123,P_success,2.220446049250313e-16,0.05287837759324337,
4Q,5,random_uniform_12,random,0.2658791907038377,0.10404764663801176,0.2377695062573827,0.3923036564007679,0.05,0.24444331646717002,0.07519099716361669,0.20484553700421254,0.4755201493650006,5.355267281998502e-18,0.28387765467617876,P_success,2.220446049250313e-16,0.07519099716361669,
4Q,5,random_uniform_12,random,0.2658791907038377,0.10404764663801176,0.2377695062573827,0.3923036564007679,0.1,0.24627376449405236,0.10867496330077091,0.21444288829440908,0.43060838391076744,8.738842706803837e-18,0.2771169627676951,P_success,2.220446049250313e-16,0.10867496330077091,
4Q,5,random_uniform_12,random,0.2658791907038377,0.10404764663801176,0.2377695062573827,0.3923036564007679,0.15,0.24767757649633268,0.13759918775331764,0.22251365491707156,0.39220958083327784,2.241019999581951e-17,0.2714986163048706,P_success,3.3306690738754696e-16,0.13759918775331764,
4Q,5,random_uniform_12,random,0.2658791907038377,0.10404764663801176,0.2377695062573827,0.3923036564007679,0.2,0.24871343028192877,0.16215585814154385,0.22917259669696952,0.3599581148795577,1.3108490145740875e-17,0.26686605227662286,P_success,2.220446049250313e-16,0.16215585814154385,
4Q,5,random_uniform_12,random,0.2658791907038377,0.10404764663801176,0.2377695062573827,0.3923036564007679,0.3,0.24992194793407577,0.19940329876761856,0.23882387250670128,0.3118508807916042,1.9605915996108194e-17,0.26001088012676526,P_success,2.220446049250313e-16,0.19940329876761856,
4Q,5,random_uniform_13,random,0.1691905523346476,0.0193009801954885,0.454832197913982,0.35667626955588183,0.0,0.07883880071190007,0.0010259980208060793,0.5697576893687167,0.3503775118985772,2.0503024756993097e-17,0.36308826035937325,P_success,0.0,0.0010259980208060793,
4Q,5,random_uniform_13,random,0.1691905523346476,0.0193009801954885,0.454832197913982,0.35667626955588183,0.0001,0.0789098418797606,0.0011005912257249363,0.5696531668877076,0.35033640000680655,1.816857856358564e-17,0.3630511282501965,P_success,3.3306690738754696e-16,0.0011005912257249363,
4Q,5,random_uniform_13,random,0.1691905523346476,0.0193009801954885,0.454832197913982,0.35667626955588183,0.001,0.07954844877509715,0.0017714950992389134,0.5687132459221336,0.3499668102035304,1.0932041351644421e-17,0.36271734547064893,P_success,0.0,0.0017714950992389134,
4Q,5,random_uniform_13,random,0.1691905523346476,0.0193009801954885,0.454832197913982,0.35667626955588183,0.005,0.082370061321329,0.004743773898442327,0.5645528792446269,0.34833328553560144,1.3526295027673397e-17,0.3612426874586034,P_success,2.220446049250313e-16,0.004743773898442327,
4Q,5,random_uniform_13,random,0.1691905523346476,0.0193009801954885,0.454832197913982,0.35667626955588183,0.01,0.08585882741392675,0.008437077767423026,0.5593917837624639,0.3463123110561862,2.3521846817046098e-17,0.35941950309621445,P_success,1.1102230246251565e-16,0.008437077767423026,
4Q,5,random_uniform_13,random,0.1691905523346476,0.0193009801954885,0.454832197913982,0.35667626955588183,0.02,0.09270861103250433,0.015748967818685074,0.5492020133476154,0.3423404078011951,3.949316217507142e-17,0.35583953573645405,P_success,0.0,0.015748967818685074,
4Q,5,random_uniform_13,random,0.1691905523346476,0.0193009801954885,0.454832197913982,0.35667626955588183,0.05,0.11223295776655552,0.03706445954247837,0.5197132918358428,0.3309892908551231,2.778025317351895e-17,0.34561730107634675,P_success,2.220446049250313e-16,0.03706445954247837,
4Q,5,random_uniform_13,random,0.1691905523346476,0.0193009801954885,0.454832197913982,0.35667626955588183,0.1,0.14135928335950973,0.0703873363387699,0.47428537744017707,0.313968002861543,1.167951080490312e-17,0.3302181544896605,P_success,2.220446049250313e-16,0.0703873363387699,
4Q,5,random_uniform_13,random,0.1691905523346476,0.0193009801954885,0.454832197913982,0.35667626955588183,0.15,0.16628226243322877,0.10075308374772304,0.4336538773081331,0.2993107765109149,1.3788535062923148e-17,0.3167149666411605,P_success,2.220446049250313e-16,0.10075308374772304,
4Q,5,random_uniform_13,random,0.1691905523346476,0.0193009801954885,0.454832197913982,0.35667626955588183,0.2,0.18716295773139646,0.1279957077689631,0.39788410799549195,0.28695722650414823,1.0399878997976432e-17,0.304942717818855,P_success,2.220446049250313e-16,0.1279957077689631,
4Q,5,random_uniform_13,random,0.1691905523346476,0.0193009801954885,0.454832197913982,0.35667626955588183,0.3,0.2178711879769461,0.17286328352543862,0.3406121474517272,0.26865338104588793,2.3317245637160542e-17,0.2859815182202773,P_success,2.220446049250313e-16,0.17286328352543862,
4Q,5,random_uniform_14,random,0.17199931677888036,0.5483111474833887,0.13943975974374065,0.14024977599399022,0.0,0.08009849647498947,0.8140012490913753,0.05264342926587371,0.05325682516776132,6.982432124601313e-17,0.3693423256907084,P_success,2.220446049250313e-16,0.05264342926587371,
4Q,5,random_uniform_14,random,0.17199931677888036,0.5483111474833887,0.13943975974374065,0.14024977599399022,0.0001,0.08014241978901367,0.8138285081165084,0.05269516199149793,0.05333391010297973,2.473894107972647e-17,0.3692923704039028,P_success,2.220446049250313e-16,0.05269516199149793,
4Q,5,random_uniform_14,random,0.17199931677888036,0.5483111474833887,0.13943975974374065,0.14024977599399022,0.001,0.08053768019150746,0.812274512235831,0.05316069141940198,0.05402711615325939,1.2807813618312988e-17,0.36884354037369516,P_success,2.220446049250313e-16,0.05316069141940198,
4Q,5,random_uniform_14,random,0.17199931677888036,0.5483111474833887,0.13943975974374065,0.14024977599399022,0.005,0.0822932551511927,0.8053827429805761,0.05522822017001053,0.05709578169822046,2.5293606181789507e-17,0.3668653818608093,P_success,2.220446049250313e-16,0.05522822017001053,
4Q,5,random_uniform_14,random,0.17199931677888036,0.5483111474833887,0.13943975974374065,0.14024977599399022,0.01,0.08448483134831546,0.7968032106956732,0.057808875827313415,0.06090308212869782,1.5876130553752578e-17,0.364430556994918,P_success,2.220446049250313e-16,0.057808875827313415,
4Q,5,random_uniform_14,random,0.17199931677888036,0.5483111474833887,0.13943975974374065,0.14024977599399022,0.02,0.08885655457554545,0.7797678595069565,0.06295554856593882,0.06842003735155913,2.2003658926883564e-17,0.35968503136339547,P_success,2.220446049250313e-16,0.06295554856593882,
4Q,5,random_uniform_14,random,0.17199931677888036,0.5483111474833887,0.13943975974374065,0.14024977599399022,0.05,0.10184669118044094,0.7297702576593889,0.07823862901529502,0.0901444221448749,1.3176900821937766e-17,0.34640219664519145,P_success,2.220446049250313e-16,0.07823862901529502,
4Q,5,random_uniform_14,random,0.17199931677888036,0.5483111474833887,0.13943975974374065,0.14024977599399022,0.1,0.122862839732357,0.6508714547353588,0.10293023303389387,0.12333547249839005,9.896469359553733e-18,0.3271932683060018,P_success,3.3306690738754696e-16,0.10293023303389387,
4Q,5,random_uniform_14,random,0.17199931677888036,0.5483111474833887,0.13943975974374065,0.14024977599399022,0.15,0.1427236935129938,0.5786514741463957,0.1262189671986144,0.15240586514199586,9.44593070811254e-18,0.31122443327441973,P_success,2.220446049250313e-16,0.1262189671986144,
4Q,5,random_uniform_14,random,0.17199931677888036,0.5483111474833887,0.13943975974374065,0.14024977599399022,0.2,0.1610746471270139,0.5140902391150587,0.14768908288269667,0.17714603087523068,2.523381337752655e-17,0.2980523779486196,P_success,0.0,0.14768908288269667,
4Q,5,random_uniform_14,random,0.17199931677888036,0.5483111474833887,0.13943975974374065,0.14024977599399022,0.3,0.1922921977660423,0.4097766964000645,0.18406885267741271,0.21386225315648036,9.146116368602865e-18,0.27854838972589563,P_success,2.220446049250313e-16,0.18406885267741271,
4Q,5,random_uniform_15,random,0.42129463203796985,0.039783634031408464,0.46128993462254153,0.07763179930808009,0.0,0.4460793264068342,0.003977856825107831,0.5347960635576989,0.015146753210358905,1.5527378454324055e-17,0.39788700456863185,P_success,2.220446049250313e-16,0.003977856825107831,
4Q,5,random_uniform_15,random,0.42129463203796985,0.039783634031408464,0.46128993462254153,0.07763179930808009,0.0001,0.44605237285985544,0.004018093172858531,0.5347436841142287,0.015185849853056977,4.9698271552305787e-17,0.3978133787278142,P_success,4.440892098500626e-16,0.004018093172858531,
4Q,5,random_uniform_15,random,0.42129463203796985,0.039783634031408464,0.46128993462254153,0.07763179930808009,0.001,0.4458093113839574,0.0043807252587364665,0.5342717798950991,0.015538183462206642,2.3157741888599102e-17,0.39715206614976484,P_success,4.440892098500626e-16,0.0043807252587364665,
4Q,5,random_uniform_15,random,0.42129463203796985,0.039783634031408464,0.46128993462254153,0.07763179930808009,0.005,0.44471864405232725,0.006003344322587663,0.5321638728883045,0.017114138736780533,3.960336220542068e-17,0.3942415024140034,P_success,0.0,0.006003344322587663,
4Q,5,random_uniform_15,random,0.42129463203796985,0.039783634031408464,0.46128993462254153,0.07763179930808009,0.01,0.44333167743904395,0.008056339240962614,0.5295052151324794,0.01910676818751372,1.3619385204259138e-17,0.3906683210092863,P_success,4.440892098500626e-16,0.008056339240962614,
4Q,5,random_uniform_15,random,0.42129463203796985,0.039783634031408464,0.46128993462254153,0.07763179930808009,0.02,0.44048053375018303,0.012242386549924433,0.5241116843485631,0.023165395351329224,1.3285483663118301e-17,0.3837346012029128,P_success,1.1102230246251565e-16,0.012242386549924433,
4Q,5,random_uniform_15,random,0.42129463203796985,0.039783634031408464,0.46128993462254153,0.07763179930808009,0.05,0.43134282891806053,0.025392437714076458,0.5073829169018099,0.03588181646605309,2.7110040811807812e-17,0.36455878179916884,P_success,0.0,0.025392437714076458,
4Q,5,random_uniform_15,random,0.42129463203796985,0.039783634031408464,0.46128993462254153,0.07763179930808009,0.1,0.4144334206410097,0.04891150493259138,0.47813001327426413,0.05852506115213459,2.873824484923968e-17,0.33753562631679007,P_success,2.220446049250313e-16,0.04891150493259138,
4Q,5,random_uniform_15,random,0.42129463203796985,0.039783634031408464,0.46128993462254153,0.07763179930808009,0.15,0.3960060470406464,0.07366868967402034,0.4480687378565965,0.08225652542873663,5.0924563259645727e-17,0.3158764185952514,P_success,1.1102230246251565e-16,0.07366868967402034,
4Q,5,random_uniform_15,random,0.42129463203796985,0.039783634031408464,0.46128993462254153,0.07763179930808009,0.2,0.3768251870690804,0.09870982451741799,0.418286008501108,0.10617897991239347,4.10217747017239e-18,0.29873884027796693,P_success,1.1102230246251565e-16,0.09870982451741799,
4Q,5,random_uniform_15,random,0.42129463203796985,0.039783634031408464,0.46128993462254153,0.07763179930808009,0.3,0.3392797029102721,0.1460332619140771,0.3634616932400307,0.1512253419356199,1.0739259739987983e-17,0.27512037055488275,P_success,3.3306690738754696e-16,0.1460332619140771,
4Q,5,random_uniform_16,random,0.049437522662532825,0.17140794747226523,0.2915817247880843,0.4875728050771177,0.0,0.006893012890875716,0.08286241753084998,0.23978184195948005,0.6704627276187939,3.4393450126944925e-17,0.3545718955848262,P_success,4.440892098500626e-16,0.006893012890875716,
4Q,5,random_uniform_16,random,0.049437522662532825,0.17140794747226523,0.2915817247880843,0.4875728050771177,0.0001,0.00696404876462405,0.0829343458896262,0.2397776173088483,0.6703239880369014,1.9761236733110423e-17,0.3545352000892802,P_success,0.0,0.00696404876462405,
4Q,5,random_uniform_16,random,0.049437522662532825,0.17140794747226523,0.2915817247880843,0.4875728050771177,0.001,0.007603015733473883,0.08358092540354657,0.23973972461613566,0.6690763342468437,2.1727561730217725e-17,0.35420539049394517,P_success,2.220446049250313e-16,0.007603015733473883,
4Q,5,random_uniform_16,random,0.049437522662532825,0.17140794747226523,0.2915817247880843,0.4875728050771177,0.005,0.010435062813200174,0.08643769716472934,0.23957412268809886,0.6635531173339714,4.122678319908606e-17,0.3527493334519939,P_success,2.220446049250313e-16,0.010435062813200174,
4Q,5,random_uniform_16,random,0.049437522662532825,0.17140794747226523,0.2915817247880843,0.4875728050771177,0.01,0.013956948824250944,0.08996973201255319,0.23937355827791554,0.6566997608852801,2.0361956405942337e-17,0.3509515256118497,P_success,2.220446049250313e-16,0.013956948824250944,
4Q,5,random_uniform_16,random,0.049437522662532825,0.17140794747226523,0.2915817247880843,0.4875728050771177,0.02,0.02093856402812976,0.0969034798003445,0.2389937934567166,0.643164162714809,4.729922542784013e-18,0.3474291536070461,P_success,1.1102230246251565e-16,0.02093856402812976,
4Q,5,random_uniform_16,random,0.049437522662532825,0.17140794747226523,0.2915817247880843,0.4875728050771177,0.05,0.04135733623763853,0.11665390996608926,0.23802318247525792,0.6039655713210141,2.226918475814061e-17,0.337429994937823,P_success,1.1102230246251565e-16,0.04135733623763853,
4Q,5,random_uniform_16,random,0.049437522662532825,0.17140794747226523,0.2915817247880843,0.4875728050771177,0.1,0.07345924980222529,0.14604360123140545,0.2369477723100137,0.5435493766563555,6.228585027004583e-17,0.3225423622352798,P_success,0.0,0.07345924980222529,
4Q,5,random_uniform_16,random,0.049437522662532825,0.17140794747226523,0.2915817247880843,0.4875728050771177,0.15,0.10288125536302044,0.17105782366777342,0.23650124993293412,0.4895596710362719,1.3259178809011756e-17,0.3096794434650896,P_success,2.220446049250313e-16,0.10288125536302044,
4Q,5,random_uniform_16,random,0.049437522662532825,0.17140794747226523,0.2915817247880843,0.4875728050771177,0.2,0.1293954620221337,0.191848659193416,0.2366104029720813,0.44214547581236874,9.536665593173517e-18,0.29862966974987415,P_success,3.3306690738754696e-16,0.1293954620221337,
4Q,5,random_uniform_16,random,0.049437522662532825,0.17140794747226523,0.2915817247880843,0.4875728050771177,0.3,0.17327582391446283,0.22190987237336188,0.23813522741719975,0.36667907629497537,9.560206435185148e-18,0.2812072126035793,P_success,2.220446049250313e-16,0.17327582391446283,
4Q,5,random_uniform_17,random,0.035791139748394825,0.14562085841174305,0.2440285574073071,0.574559444432555,0.0,0.0031080683129121765,0.05145015321354741,0.14448434846092315,0.8009574300126171,1.452104849462393e-17,0.4121549321059994,P_success,2.220446049250313e-16,0.0031080683129121765,
4Q,5,random_uniform_17,random,0.035791139748394825,0.14562085841174305,0.2440285574073071,0.574559444432555,0.0001,0.0031687576652838396,0.05152716716141605,0.14450782900168127,0.8007962461716187,1.5480232636388124e-17,0.41209416341283284,P_success,1.1102230246251565e-16,0.0031687576652838396,
4Q,5,random_uniform_17,random,0.035791139748394825,0.14562085841174305,0.2440285574073071,0.574559444432555,0.001,0.003714924163155087,0.052219729415837704,0.14471915924975012,0.7993461871712568,1.2605641956716565e-18,0.4115480644286574,P_success,2.220446049250313e-16,0.003714924163155087,
4Q,5,random_uniform_17,random,0.035791139748394825,0.14562085841174305,0.2440285574073071,0.574559444432555,0.005,0.0061414379738810795,0.055285443017314674,0.145658496586949,0.7929146224218553,2.3774329219489137e-17,0.4091387301617303,P_success,0.0,0.0061414379738810795,
4Q,5,random_uniform_17,random,0.035791139748394825,0.14562085841174305,0.2440285574073071,0.574559444432555,0.01,0.009172200580678039,0.05908891823403746,0.14683276313377036,0.784906118051514,1.3954004062754535e-17,0.4061675528729687,P_success,1.1102230246251565e-16,0.009172200580678039,
4Q,5,random_uniform_17,random,0.035791139748394825,0.14562085841174305,0.2440285574073071,0.574559444432555,0.02,0.015223677208933905,0.06659822106526682,0.14918086654823046,0.7689972351775685,2.2998850479551886e-17,0.40035817975400845,P_success,3.3306690738754696e-16,0.015223677208933905,
4Q,5,random_uniform_17,random,0.035791139748394825,0.14562085841174305,0.2440285574073071,0.574559444432555,0.05,0.03325742241407052,0.08830732170450589,0.15620742793366324,0.7222278279477601,2.6609695623693753e-17,0.3839570518659881,P_success,2.220446049250313e-16,0.03325742241407052,
4Q,5,random_uniform_17,random,0.035791139748394825,0.14562085841174305,0.2440285574073071,0.574559444432555,0.1,0.0626435039133785,0.12153843957022967,0.1677625910262028,0.648055465490189,1.4562131046242277e-17,0.3598093974583305,P_success,0.0,0.0626435039133785,
4Q,5,random_uniform_17,random,0.035791139748394825,0.14562085841174305,0.2440285574073071,0.574559444432555,0.15,0.09072335463365502,0.15077200070621272,0.1789499002250586,0.5795547444350734,7.871715379367885e-18,0.3392463159333237,P_success,2.220446049250313e-16,0.09072335463365502,
4Q,5,random_uniform_17,random,0.035791139748394825,0.14562085841174305,0.2440285574073071,0.574559444432555,0.2,0.11700375414072937,0.1758027712390688,0.18958031659849983,0.5176131580217018,2.42119820937844e-17,0.3218430975578692,P_success,2.220446049250313e-16,0.11700375414072937,
4Q,5,random_uniform_17,random,0.035791139748394825,0.14562085841174305,0.2440285574073071,0.574559444432555,0.3,0.1626319865060042,0.2133271139979864,0.20853946201802404,0.4155014374779852,1.9934521194343728e-17,0.29500847966736626,P_success,1.1102230246251565e-16,0.1626319865060042,
4Q,5,random_uniform_18,random,0.502189848393614,0.25611739206623996,0.16049017372090663,0.08120258581923928,0.0,0.7202644836492197,0.18734162517054895,0.07356191657717191,0.018831974603059264,2.897112043396323e-18,0.3501417181531107,P_success,1.1102230246251565e-16,0.018831974603059264,
4Q,5,random_uniform_18,random,0.502189848393614,0.25611739206623996,0.16049017372090663,0.08120258581923928,0.0001,0.720108311175152,0.18735520361314495,0.0736368447711922,0.018899640440510537,1.0194149328777638e-16,0.3501049971633158,P_success,3.3306690738754696e-16,0.018899640440510537,
4Q,5,random_uniform_18,random,0.502189848393614,0.25611739206623996,0.16049017372090663,0.08120258581923928,0.001,0.7187038579606513,0.18747740992568213,0.07431042417757491,0.01950830793609138,2.0736374368580822e-17,0.3497749887813148,P_success,2.220446049250313e-16,0.01950830793609138,
4Q,5,random_uniform_18,random,0.502189848393614,0.25611739206623996,0.16049017372090663,0.08120258581923928,0.005,0.7124858857606294,0.18802054172040314,0.07728721389221058,0.022206358626756722,1.4075282721890485e-17,0.34831871046336993,P_success,1.1102230246251565e-16,0.022206358626756722,
4Q,5,random_uniform_18,random,0.502189848393614,0.25611739206623996,0.16049017372090663,0.08120258581923928,0.01,0.7047691001620892,0.18869937339722354,0.08096926171218827,0.025562264728498738,3.358080114559729e-17,0.34652212148586115,P_success,2.220446049250313e-16,0.025562264728498738,
4Q,5,random_uniform_18,random,0.502189848393614,0.25611739206623996,0.16049017372090663,0.08120258581923928,0.02,0.6895241243260053,0.19005633640861408,0.08820268005037513,0.03221685921500525,2.7508180134825287e-17,0.34300701438431513,P_success,2.220446049250313e-16,0.03221685921500525,
4Q,5,random_uniform_18,random,0.502189848393614,0.25611739206623996,0.16049017372090663,0.08120258581923928,0.05,0.645350843480943,0.19411360430530022,0.10884350387404583,0.0516920483397107,2.44454227499946e-17,0.33306536829738126,P_success,2.220446049250313e-16,0.0516920483397107,
4Q,5,random_uniform_18,random,0.502189848393614,0.25611739206623996,0.16049017372090663,0.08120258581923928,0.1,0.5772334500302536,0.20077744075710702,0.13965485881752196,0.08233425039511726,1.612084072873224e-17,0.3183744346991819,P_success,2.220446049250313e-16,0.08233425039511726,
4Q,5,random_uniform_18,random,0.502189848393614,0.25611739206623996,0.16049017372090663,0.08120258581923928,0.15,0.516387158104321,0.2072264814376946,0.1659656386783727,0.11042072177961157,4.436845607844785e-17,0.3058042621819672,P_success,1.1102230246251565e-16,0.11042072177961157,
4Q,5,random_uniform_18,random,0.502189848393614,0.25611739206623996,0.16049017372090663,0.08120258581923928,0.2,0.463032227201028,0.21336336932802666,0.1878931012042684,0.13571130226667683,8.316438015477811e-18,0.29511275345337606,P_success,1.1102230246251565e-16,0.13571130226667683,
4Q,5,random_uniform_18,random,0.502189848393614,0.25611739206623996,0.16049017372090663,0.08120258581923928,0.3,0.37844685760896907,0.22438306541530287,0.21970322556316618,0.1774668514125618,2.0942680479517075e-17,0.27850260831880724,P_success,1.1102230246251565e-16,0.1774668514125618,
4Q,5,random_uniform_19,random,0.15884235533209845,0.17382941781078884,0.5758011265615063,0.09152710029560646,0.0,0.06381562805542546,0.07642597055302111,0.8385702133557442,0.021188188035809085,1.9028461870203736e-17,0.39537170778190794,P_success,1.1102230246251565e-16,0.021188188035809085,
4Q,5,random_uniform_19,random,0.15884235533209845,0.17382941781078884,0.5758011265615063,0.09152710029560646,0.0001,0.06388619797789781,0.07646365416927929,0.8384112335599955,0.02123891429282719,1.8825872446313174e-17,0.39530463425117524,P_success,2.220446049250313e-16,0.02123891429282719,
4Q,5,random_uniform_19,random,0.15884235533209845,0.17382941781078884,0.5758011265615063,0.09152710029560646,0.001,0.06452100131896302,0.07680295703283921,0.8369803934543693,0.021695648193828212,6.737260333705712e-17,0.3947021032387923,P_success,3.3306690738754696e-16,0.021695648193828212,
4Q,5,random_uniform_19,random,0.15884235533209845,0.17382941781078884,0.5758011265615063,0.09152710029560646,0.005,0.06733512956403186,0.07831417807393017,0.8306209028664165,0.02372978949562139,1.2530759576182398e-17,0.3920486957409905,P_success,0.0,0.02372978949562139,
4Q,5,random_uniform_19,random,0.15884235533209845,0.17382941781078884,0.5758011265615063,0.09152710029560646,0.01,0.07083566434105405,0.08021027132037133,0.8226723389709673,0.026281725367607117,1.893733975321128e-17,0.38878767382425805,P_success,2.220446049250313e-16,0.026281725367607117,
4Q,5,random_uniform_19,random,0.15884235533209845,0.17382941781078884,0.5758011265615063,0.09152710029560646,0.02,0.07777616351437053,0.08402407161036715,0.8067859855184352,0.03141377935682689,2.5189046979032802e-17,0.38244805649067976,P_success,3.3306690738754696e-16,0.03141377935682689,
4Q,5,random_uniform_19,random,0.15884235533209845,0.17382941781078884,0.5758011265615063,0.09152710029560646,0.05,0.09804869929742746,0.09560036640353296,0.759367945128426,0.04698298917061348,1.1293181159800906e-17,0.36482638437903153,P_success,1.1102230246251565e-16,0.04698298917061348,
4Q,5,random_uniform_19,random,0.15884235533209845,0.17382941781078884,0.5758011265615063,0.09152710029560646,0.1,0.1296067723738648,0.11507933013846715,0.6821691052514495,0.07314479223621838,6.228493841711408e-17,0.3397186445826795,P_success,1.1102230246251565e-16,0.07314479223621838,
4Q,5,random_uniform_19,random,0.15884235533209845,0.17382941781078884,0.5758011265615063,0.09152710029560646,0.15,0.15776567066648017,0.13430186100573277,0.6090277250739565,0.09890474325383036,1.155950371511699e-17,0.3192737347848712,P_success,2.220446049250313e-16,0.09890474325383036,
4Q,5,random_uniform_19,random,0.15884235533209845,0.17382941781078884,0.5758011265615063,0.09152710029560646,0.2,0.1820271567791338,0.15272790952934953,0.5417178748895127,0.12352705880200363,5.22378139506861e-18,0.3027961281339154,P_success,2.220446049250313e-16,0.12352705880200363,
4Q,5,random_uniform_19,random,0.15884235533209845,0.17382941781078884,0.5758011265615063,0.09152710029560646,0.3,0.21819994770988296,0.185429771718433,0.4293868206452958,0.16698345992638788,2.841020331751464e-17,0.2793304417284703,P_success,3.3306690738754696e-16,0.16698345992638788,
4Q,5,random_uniform_20,random,0.20996424289830273,0.05641499292482511,0.4721442261121293,0.26147653806474286,0.0,0.13021405874546277,0.009400615104296474,0.6584405385800084,0.20194478757023218,1.4768939878731825e-17,0.3385577849319097,P_success,2.220446049250313e-16,0.009400615104296474,
4Q,5,random_uniform_20,random,0.20996424289830273,0.05641499292482511,0.4721442261121293,0.26147653806474286,0.0001,0.13027263049175772,0.00946945947169431,0.6583064294344425,0.20195148060210527,1.5937726562837592e-17,0.3385244268066126,P_success,2.220446049250313e-16,0.00946945947169431,
4Q,5,random_uniform_20,random,0.20996424289830273,0.05641499292482511,0.4721442261121293,0.26147653806474286,0.001,0.13079906069017622,0.01008876357922953,0.6571003737140747,0.20201180201651933,6.028709179771842e-17,0.33822465646317834,P_success,2.220446049250313e-16,0.01008876357922953,
4Q,5,random_uniform_20,random,0.20996424289830273,0.05641499292482511,0.4721442261121293,0.26147653806474286,0.005,0.13312315212070486,0.01283473078027909,0.6517604012850238,0.2022817158139922,1.6221637877408778e-17,0.33690216591347766,P_success,0.0,0.01283473078027909,
4Q,5,random_uniform_20,random,0.20996424289830273,0.05641499292482511,0.4721442261121293,0.26147653806474286,0.01,0.13599238561934507,0.016251975358481302,0.6451324173521608,0.20262322167001284,4.568795945852354e-17,0.33527142896198153,P_success,0.0,0.016251975358481302,
4Q,5,random_uniform_20,random,0.20996424289830273,0.05641499292482511,0.4721442261121293,0.26147653806474286,0.02,0.14161086678919443,0.02303384881329003,0.6320357402567865,0.20331954414072884,5.642778572076598e-17,0.33208343589995265,P_success,1.1102230246251565e-16,0.02303384881329003,
4Q,5,random_uniform_20,random,0.20996424289830273,0.05641499292482511,0.4721442261121293,0.26147653806474286,0.05,0.15750166446227082,0.042923850648776234,0.5940673449914683,0.20550713989748448,8.450159646057306e-18,0.3230867778843373,P_success,1.1102230246251565e-16,0.042923850648776234,
4Q,5,random_uniform_20,random,0.20996424289830273,0.05641499292482511,0.4721442261121293,0.26147653806474286,0.1,0.18077114693772806,0.07434307253484339,0.5354589785574175,0.20942680197001087,2.4020848579720788e-17,0.30985217682251787,P_success,1.1102230246251565e-16,0.07434307253484339,
4Q,5,random_uniform_20,random,0.20996424289830273,0.05641499292482511,0.4721442261121293,0.26147653806474286,0.15,0.20010435703307056,0.10327394367939118,0.48303743679008576,0.21358426249745252,1.4826306301427147e-17,0.29859483806677944,P_success,0.0,0.10327394367939118,
4Q,5,random_uniform_20,random,0.20996424289830273,0.05641499292482511,0.4721442261121293,0.26147653806474286,0.2,0.21570814589045648,0.12943705221519333,0.43699803151722194,0.21785677037712797,6.1017629112908445e-18,0.2890785538457974,P_success,2.220446049250313e-16,0.12943705221519333,
4Q,5,random_uniform_20,random,0.20996424289830273,0.05641499292482511,0.4721442261121293,0.26147653806474286,0.3,0.23704629356905302,0.17290073760951352,0.36377392743931986,0.22627904138211333,1.1114197856486988e-17,0.27443135216175646,P_success,3.3306690738754696e-16,0.17290073760951352,
4Q,5,random_uniform_21,random,0.04273310106237775,0.36079082984074407,0.5201426341819894,0.0763334349148887,0.0,0.00447170982197587,0.3187540965994837,0.6625058221933101,0.014268371385230072,1.8541144155439295e-17,0.4083712940032642,P_success,2.220446049250313e-16,0.00447170982197587,
4Q,5,random_uniform_21,random,0.04273310106237775,0.36079082984074407,0.5201426341819894,0.0763334349148887,0.0001,0.004539145396095819,0.3187356707427982,0.6623980607973798,0.01432712306372595,1.3999863833829098e-17,0.40829398506673953,P_success,1.1102230246251565e-16,0.004539145396095819,
4Q,5,random_uniform_21,random,0.04273310106237775,0.36079082984074407,0.5201426341819894,0.0763334349148887,0.001,0.005146160908273328,0.318569790186441,0.6614279893632348,0.014856059542050546,2.4488571275669426e-17,0.4075995698573823,P_success,4.440892098500626e-16,0.005146160908273328,
4Q,5,random_uniform_21,random,0.04273310106237775,0.36079082984074407,0.5201426341819894,0.0763334349148887,0.005,0.00784595233913099,0.31783153893468324,0.6571120007045214,0.017210508021664066,2.1669269686083722e-17,0.4045428649325098,P_success,4.440892098500626e-16,0.00784595233913099,
4Q,5,random_uniform_21,random,0.04273310106237775,0.36079082984074407,0.5201426341819894,0.0763334349148887,0.01,0.011224554363631787,0.3169065913870406,0.6517074901808732,0.020161364068454427,5.598900877686696e-17,0.4007892453869599,P_success,0.0,0.011224554363631787,
4Q,5,random_uniform_21,random,0.04273310106237775,0.36079082984074407,0.5201426341819894,0.0763334349148887,0.02,0.0179907406976725,0.3150507023902748,0.6408728399026528,0.026085717009399708,4.5748007380842726e-17,0.39350201290584585,P_success,3.3306690738754696e-16,0.0179907406976725,
4Q,5,random_uniform_21,random,0.04273310106237775,0.36079082984074407,0.5201426341819894,0.0763334349148887,0.05,0.038285839145540804,0.309456849681399,0.6082827407283606,0.04397457044469949,4.234821574041638e-17,0.37332275111041036,P_success,0.0,0.038285839145540804,
4Q,5,random_uniform_21,random,0.04273310106237775,0.36079082984074407,0.5201426341819894,0.0763334349148887,0.1,0.07158781598549918,0.3001961800222073,0.5544929031391143,0.07372310085317915,1.3861729137091114e-17,0.34480586549161796,P_success,1.1102230246251565e-16,0.07158781598549918,
4Q,5,random_uniform_21,random,0.04273310106237775,0.36079082984074407,0.5201426341819894,0.0763334349148887,0.15,0.10332973994228481,0.2912834779282414,0.5028212353990837,0.10256554673039005,2.343199652385748e-17,0.32185638821793966,P_success,0.0,0.10256554673039005,
4Q,5,random_uniform_21,random,0.04273310106237775,0.36079082984074407,0.5201426341819894,0.0763334349148887,0.2,0.13257474258017876,0.28300501707745335,0.4548040159418172,0.12961622440055057,1.0369108521290904e-17,0.3036106883323432,P_success,2.220446049250313e-16,0.12961622440055057,
4Q,5,random_uniform_21,random,0.04273310106237775,0.36079082984074407,0.5201426341819894,0.0763334349148887,0.3,0.1809627032086532,0.26918859926246996,0.37417722379905866,0.17567147372981803,6.4956549207589965e-18,0.2782456474328623,P_success,1.1102230246251565e-16,0.17567147372981803,
4Q,5,random_uniform_22,random,0.04828624159850019,0.563418065846054,0.30657613897489155,0.0817195535805542,0.0,0.0055455463032899575,0.7550210615888133,0.22354977165705722,0.01588362045083928,2.1099168085933576e-17,0.4204384924755741,P_success,2.220446049250313e-16,0.0055455463032899575,
4Q,5,random_uniform_22,random,0.04828624159850019,0.563418065846054,0.30657613897489155,0.0817195535805542,0.0001,0.005599054637821554,0.7548951791904125,0.22355252710804974,0.01595323906371606,6.479627585182016e-17,0.42035578496860415,P_success,2.220446049250313e-16,0.005599054637821554,
4Q,5,random_uniform_22,random,0.04828624159850019,0.563418065846054,0.30657613897489155,0.0817195535805542,0.001,0.006080925852205253,0.7537618652347711,0.22357737918363615,0.01657982972938728,2.2023150576280978e-17,0.4196128711664635,P_success,2.220446049250313e-16,0.006080925852205253,
4Q,5,random_uniform_22,random,0.04828624159850019,0.563418065846054,0.30657613897489155,0.0817195535805542,0.005,0.008228927860112844,0.7487170405052811,0.22368898615469135,0.019365045479914404,8.810650008882357e-17,0.4163425361682691,P_success,3.3306690738754696e-16,0.008228927860112844,
4Q,5,random_uniform_22,random,0.04828624159850019,0.563418065846054,0.30657613897489155,0.0817195535805542,0.01,0.010928061138982174,0.7423940121512627,0.22383113626006057,0.022846790449694405,1.0194224919955085e-16,0.41232624469167495,P_success,2.220446049250313e-16,0.010928061138982174,
4Q,5,random_uniform_22,random,0.04828624159850019,0.563418065846054,0.30657613897489155,0.0817195535805542,0.02,0.016370461610569348,0.7296983207293645,0.22412419106515957,0.02980702659490648,7.11427422531145e-17,0.4045279624925467,P_success,1.1102230246251565e-16,0.016370461610569348,
4Q,5,random_uniform_22,random,0.04828624159850019,0.563418065846054,0.30657613897489155,0.0817195535805542,0.05,0.032991522805374776,0.6913518799135235,0.22507204273328696,0.05058455454781454,6.8822882341360295e-18,0.38292513085900765,P_success,2.220446049250313e-16,0.032991522805374776,
4Q,5,random_uniform_22,random,0.04828624159850019,0.563418065846054,0.30657613897489155,0.0817195535805542,0.1,0.0612472581412345,0.6275361987138209,0.22686655307912346,0.08434999006582089,2.7096417266668518e-17,0.35237053274420566,P_success,2.220446049250313e-16,0.0612472581412345,
4Q,5,random_uniform_22,random,0.04828624159850019,0.563418065846054,0.30657613897489155,0.0817195535805542,0.15,0.08937939192148998,0.5656027595568741,0.22889065266693215,0.11612719585470348,1.7235342163223457e-17,0.32775093625582474,P_success,2.220446049250313e-16,0.08937939192148998,
4Q,5,random_uniform_22,random,0.04828624159850019,0.563418065846054,0.30657613897489155,0.0817195535805542,0.2,0.11644981235432462,0.5074699614787952,0.23108279878016807,0.14499742738671198,1.567507011914826e-17,0.30814920295063947,P_success,1.1102230246251565e-16,0.11644981235432462,
4Q,5,random_uniform_22,random,0.04828624159850019,0.563418065846054,0.30657613897489155,0.0817195535805542,0.3,0.1642540807788628,0.4084734734464652,0.2356714048371757,0.19160104093749616,6.928182687885667e-18,0.2808283481335002,P_success,2.220446049250313e-16,0.1642540807788628,
4Q,5,random_uniform_23,random,0.1302281316996393,0.06642164552786325,0.763868480308247,0.03948174246425049,0.0,0.027966136756902404,0.007275152781545468,0.9621882230603466,0.002570487401205431,2.6671506470511837e-18,0.6064250644770515,P_success,1.1102230246251565e-16,0.002570487401205431,
4Q,5,random_uniform_23,random,0.1302281316996393,0.06642164552786325,0.763868480308247,0.03948174246425049,0.0001,0.028029952867170378,0.0073087413092275235,0.9620572277620051,0.0026040780615970037,1.8607971075577465e-17,0.6062652854146199,P_success,0.0,0.0026040780615970037,
4Q,5,random_uniform_23,random,0.1302281316996393,0.06642164552786325,0.763868480308247,0.03948174246425049,0.001,0.028604440290488805,0.007611486015767736,0.9608772136450037,0.002906860048739633,2.93889110713143e-17,0.604829899236383,P_success,1.1102230246251565e-16,0.002906860048739633,
4Q,5,random_uniform_23,random,0.1302281316996393,0.06642164552786325,0.763868480308247,0.03948174246425049,0.005,0.03116072079821775,0.008966757303359895,0.9556098298359309,0.004262692062491202,1.6183513298879036e-17,0.5985073127883479,P_success,2.220446049250313e-16,0.004262692062491202,
4Q,5,random_uniform_23,random,0.1302281316996393,0.06642164552786325,0.763868480308247,0.03948174246425049,0.01,0.03436251130330163,0.010683127291050174,0.9489736863764457,0.0059806750292022955,2.0977501406975978e-17,0.5907335256557581,P_success,1.1102230246251565e-16,0.0059806750292022955,
4Q,5,random_uniform_23,random,0.1302281316996393,0.06642164552786325,0.763868480308247,0.03948174246425049,0.02,0.040784572917946224,0.014189552766342858,0.9355324770119842,0.009493397303726572,6.70666804257064e-17,0.575609775001529,P_success,2.220446049250313e-16,0.009493397303726572,
4Q,5,random_uniform_23,random,0.1302281316996393,0.06642164552786325,0.763868480308247,0.03948174246425049,0.05,0.06013866188339081,0.025283647673290544,0.8939462652823046,0.020631425161013843,9.456133278980039e-17,0.5334873596627915,P_success,2.220446049250313e-16,0.020631425161013843,
4Q,5,random_uniform_23,random,0.1302281316996393,0.06642164552786325,0.763868480308247,0.03948174246425049,0.1,0.09225035742495416,0.04554319427532605,0.821157156878472,0.04104929142124749,1.0542769252399098e-17,0.4732113145720039,P_success,3.3306690738754696e-16,0.04104929142124749,
4Q,5,random_uniform_23,random,0.1302281316996393,0.06642164552786325,0.763868480308247,0.03948174246425049,0.15,0.12331504054469726,0.06761607726167038,0.7456838843413665,0.06338499785226585,1.4356775073592084e-17,0.42382994563170495,P_success,1.1102230246251565e-16,0.06338499785226585,
4Q,5,random_uniform_23,random,0.1302281316996393,0.06642164552786325,0.763868480308247,0.03948174246425049,0.2,0.15229687355401417,0.09085579881222058,0.6698653809006353,0.0869819467331298,2.6166793893165657e-17,0.383754741771017,P_success,2.220446049250313e-16,0.0869819467331298,
4Q,5,random_uniform_23,random,0.1302281316996393,0.06642164552786325,0.763868480308247,0.03948174246425049,0.3,0.20040061607146487,0.13753992641388163,0.5274784993564527,0.1345809581582004,5.4508399200866365e-17,0.32600165668144365,P_success,3.3306690738754696e-16,0.1345809581582004,
4Q,5,random_uniform_24,random,0.2960536843907933,0.060921058744540006,0.2372879365639868,0.4057373203006797,0.0,0.28066376265888404,0.0118844828239659,0.18030041328634172,0.5271513412308083,2.4534823693810617e-17,0.31228749736348993,P_success,0.0,0.0118844828239659,
4Q,5,random_uniform_24,random,0.2960536843907933,0.060921058744540006,0.2372879365639868,0.4057373203006797,0.0001,0.2806574426705211,0.011965101434130262,0.18033087291916666,0.5270465829761819,3.844689275596915e-17,0.31226044965600375,P_success,0.0,0.011965101434130262,
4Q,5,random_uniform_24,random,0.2960536843907933,0.060921058744540006,0.2372879365639868,0.4057373203006797,0.001,0.28060053042757005,0.012690111896188041,0.1806046685999199,0.5261046890763218,1.4296259746057282e-17,0.31201745156772,P_success,2.220446049250313e-16,0.012690111896188041,
4Q,5,random_uniform_24,random,0.2960536843907933,0.060921058744540006,0.2372879365639868,0.4057373203006797,0.005,0.2803468967392671,0.015900176349756632,0.18181409857159547,0.5219388283393807,2.054547733409423e-17,0.3109468094900103,P_success,1.1102230246251565e-16,0.015900176349756632,
4Q,5,random_uniform_24,random,0.2960536843907933,0.060921058744540006,0.2372879365639868,0.4057373203006797,0.01,0.28002833356808243,0.019884408040932663,0.1833087476423034,0.5167785107486814,4.8479657091476906e-17,0.309629778436256,P_success,1.1102230246251565e-16,0.019884408040932663,
4Q,5,random_uniform_24,random,0.2960536843907933,0.060921058744540006,0.2372879365639868,0.4057373203006797,0.02,0.2793865466566268,0.027756333258950938,0.18624058249811914,0.5066165375863029,4.410911087141518e-18,0.30706539233266444,P_success,2.220446049250313e-16,0.027756333258950938,
4Q,5,random_uniform_24,random,0.2960536843907933,0.060921058744540006,0.2372879365639868,0.4057373203006797,0.05,0.2774316440658171,0.05056408464611197,0.19457151190737812,0.4774327593806926,1.3794419382285307e-17,0.29990689698048,P_success,2.220446049250313e-16,0.05056408464611197,
4Q,5,random_uniform_24,random,0.2960536843907933,0.060921058744540006,0.2372879365639868,0.4057373203006797,0.1,0.27412574724765887,0.08568528075427678,0.20689417903415364,0.4332947929639107,9.631575939798231e-18,0.2896135359184249,P_success,0.0,0.08568528075427678,
4Q,5,random_uniform_24,random,0.2960536843907933,0.060921058744540006,0.2372879365639868,0.4057373203006797,0.15,0.2708472559832688,0.11694218022194233,0.21728693165038362,0.3949236321444051,1.0965529449134794e-17,0.28112343680126717,P_success,2.220446049250313e-16,0.11694218022194233,
4Q,5,random_uniform_24,random,0.2960536843907933,0.060921058744540006,0.2372879365639868,0.4057373203006797,0.2,0.26768615257367434,0.14420495606302325,0.22583880782349783,0.3622700835398043,7.81182424686249e-18,0.27418085836240225,P_success,3.3306690738754696e-16,0.14420495606302325,
4Q,5,random_uniform_24,random,0.2960536843907933,0.060921058744540006,0.2372879365639868,0.4057373203006797,0.3,0.26199706976735404,0.18701250120923,0.23803955697198673,0.3129508720514291,2.40146145446731e-17,0.26404706696390506,P_success,2.220446049250313e-16,0.18701250120923,
4Q,5,random_uniform_25,random,0.15989987371666417,0.44246520221443625,0.23465674172319453,0.1629781823457051,0.0,0.08439134448695446,0.6461895147888448,0.18174720323644475,0.0876719374877558,2.3146296564545435e-17,0.3029690991421229,P_success,2.220446049250313e-16,0.08439134448695446,
4Q,5,random_uniform_25,random,0.15989987371666417,0.44246520221443625,0.23465674172319453,0.1629781823457051,0.0001,0.08444467806616075,0.6460479083236531,0.1817658676720064,0.08774154593817968,1.3930707533179374e-17,0.3029447148772778,P_success,0.0,0.08444467806616075,
4Q,5,random_uniform_25,random,0.15989987371666417,0.44246520221443625,0.23465674172319453,0.1629781823457051,0.001,0.08492434193589694,0.6447746080343483,0.1819337805024138,0.08836726952734085,1.3095900310318138e-17,0.3027256667695119,P_success,1.1102230246251565e-16,0.08492434193589694,
4Q,5,random_uniform_25,random,0.15989987371666417,0.44246520221443625,0.23465674172319453,0.1629781823457051,0.005,0.0870487619659589,0.639140820468953,0.18267857683767214,0.09113184072741565,2.3056229926564855e-17,0.30176101197923516,P_success,3.3306690738754696e-16,0.0870487619659589,
4Q,5,random_uniform_25,random,0.15989987371666417,0.44246520221443625,0.23465674172319453,0.1629781823457051,0.01,0.08968702391656608,0.6321572125896961,0.18360606909181473,0.0945496944019229,3.804085711892929e-17,0.30057541717019015,P_success,0.0,0.08968702391656608,
4Q,5,random_uniform_25,random,0.15989987371666417,0.44246520221443625,0.23465674172319453,0.1629781823457051,0.02,0.09490458198384041,0.6183883802893803,0.1854487564878786,0.1012582812389005,2.2304369682031594e-17,0.29827042065906,P_success,2.220446049250313e-16,0.09490458198384041,
4Q,5,random_uniform_25,random,0.15989987371666417,0.44246520221443625,0.23465674172319453,0.1629781823457051,0.05,0.11006055956058038,0.5787190604602939,0.1908672091276744,0.12035317085145106,1.3178988335620792e-17,0.2918624286691864,P_success,3.3306690738754696e-16,0.11006055956058038,
4Q,5,random_uniform_25,random,0.15989987371666417,0.44246520221443625,0.23465674172319453,0.1629781823457051,0.1,0.13352486043617448,0.5183166303645831,0.19946495426960797,0.14869355492963424,1.315606762028765e-17,0.28272911545321744,P_success,2.220446049250313e-16,0.13352486043617448,
4Q,5,random_uniform_25,random,0.15989987371666417,0.44246520221443625,0.23465674172319453,0.1629781823457051,0.15,0.15456358720908683,0.4653127700386443,0.20742027185486,0.17270337089740861,8.328077996830945e-18,0.27528843191978186,P_success,2.220446049250313e-16,0.15456358720908683,
4Q,5,random_uniform_25,random,0.15989987371666417,0.44246520221443625,0.23465674172319453,0.1629781823457051,0.2,0.1730721124685892,0.4197198508484657,0.2146491457078455,0.19255889097509957,2.1877474971366552e-17,0.2692883315754472,P_success,1.1102230246251565e-16,0.1730721124685892,
4Q,5,random_uniform_25,random,0.15989987371666417,0.44246520221443625,0.23465674172319453,0.1629781823457051,0.3,0.202592098015174,0.3495086638787652,0.22676811270541192,0.22113112540064875,2.307576739837955e-17,0.260735539525019,P_success,2.220446049250313e-16,0.202592098015174,
4Q,5,random_uniform_26,random,0.1259847551078526,0.031277684301438166,0.7584447370265346,0.08429282356417454,0.0,0.026489174645000776,0.00163268204999413,0.9600200834604405,0.011858059844564455,1.737164943022788e-17,0.5991941512825159,P_success,1.1102230246251565e-16,0.00163268204999413,
4Q,5,random_uniform_26,random,0.1259847551078526,0.031277684301438166,0.7584447370265346,0.08429282356417454,0.0001,0.02655543161885177,0.0016690726101416776,0.9598813679093575,0.011894127861648939,9.619055724967584e-17,0.5990430747081107,P_success,1.1102230246251565e-16,0.0016690726101416776,
4Q,5,random_uniform_26,random,0.1259847551078526,0.031277684301438166,0.7584447370265346,0.08429282356417454,0.001,0.027151812805733977,0.0019970076097923922,0.9586320555398923,0.012219124044581081,3.574433392660955e-17,0.5976857858216855,P_success,3.3306690738754696e-16,0.0019970076097923922,
4Q,5,random_uniform_26,random,0.1259847551078526,0.031277684301438166,0.7584447370265346,0.08429282356417454,0.005,0.02980378540471302,0.0034636181536925456,0.9530607070730189,0.013671889368575366,6.808017699740038e-17,0.5917054256948608,P_success,2.220446049250313e-16,0.0034636181536925456,
4Q,5,random_uniform_26,random,0.1259847551078526,0.031277684301438166,0.7584447370265346,0.08429282356417454,0.01,0.03312147956773705,0.005317708948233924,0.9460539432491183,0.015506868234910492,2.3656073904166486e-17,0.5843483670965475,P_success,2.220446049250313e-16,0.005317708948233924,
4Q,5,random_uniform_26,random,0.1259847551078526,0.031277684301438166,0.7584447370265346,0.08429282356417454,0.02,0.03976294757515737,0.009094510938191101,0.9319031461817449,0.019239395304906537,2.871910219198365e-17,0.5700220677547714,P_success,2.220446049250313e-16,0.009094510938191101,
4Q,5,random_uniform_26,random,0.1259847551078526,0.031277684301438166,0.7584447370265346,0.08429282356417454,0.05,0.05967621389496408,0.020955301464338372,0.8884499459308209,0.030918538709876535,1.520382422273065e-17,0.5300194916392601,P_success,1.1102230246251565e-16,0.020955301464338372,
4Q,5,random_uniform_26,random,0.1259847551078526,0.031277684301438166,0.7584447370265346,0.08429282356417454,0.1,0.09240054127201285,0.04232301451795846,0.8134553867389297,0.05182105747109878,2.607822844078556e-17,0.4724662904895615,P_success,2.220446049250313e-16,0.04232301451795846,
4Q,5,random_uniform_26,random,0.1259847551078526,0.031277684301438166,0.7584447370265346,0.08429282356417454,0.15,0.12372366973947828,0.06526855430709162,0.7368998603590708,0.07410791559435914,2.688367751500248e-17,0.4249583363285358,P_success,1.1102230246251565e-16,0.06526855430709162,
4Q,5,random_uniform_26,random,0.1259847551078526,0.031277684301438166,0.7584447370265346,0.08429282356417454,0.2,0.15269379857008805,0.08914531548583454,0.6610030486844214,0.09715783725965574,3.287856109683392e-17,0.3860758321044947,P_success,2.220446049250313e-16,0.08914531548583454,
4Q,5,random_uniform_26,random,0.1259847551078526,0.031277684301438166,0.7584447370265346,0.08429282356417454,0.3,0.20038184015946878,0.13653526905338106,0.520520269973326,0.14256262081382395,6.0322027089550424e-18,0.32923791937551367,P_success,2.220446049250313e-16,0.13653526905338106,
4Q,5,random_uniform_27,random,0.3116886920926007,0.050959890973744246,0.08614062881548132,0.5512107881181739,0.0,0.23637414044952562,0.006318512511397518,0.018054021066857284,0.7392533259722195,7.208939090711408e-18,0.4110002921370367,P_success,1.1102230246251565e-16,0.006318512511397518,
4Q,5,random_uniform_27,random,0.3116886920926007,0.050959890973744246,0.08614062881548132,0.5512107881181739,0.0001,0.23637594738584014,0.006388969805558304,0.01811051350588903,0.7391245693027124,1.9524468116844415e-17,0.4109235798513252,P_success,1.1102230246251565e-16,0.006388969805558304,
4Q,5,random_uniform_27,random,0.3116886920926007,0.050959890973744246,0.08614062881548132,0.5512107881181739,0.001,0.23639222231046067,0.007023103495875379,0.01861911126993483,0.7379655629237291,1.9114146217908574e-17,0.4102344980053544,P_success,0.0,0.007023103495875379,
4Q,5,random_uniform_27,random,0.3116886920926007,0.050959890973744246,0.08614062881548132,0.5512107881181739,0.005,0.23646482696682497,0.009841735019627474,0.020883052784037015,0.7328103852295104,2.309743484354905e-17,0.40720070799387886,P_success,2.220446049250313e-16,0.009841735019627474,
4Q,5,random_uniform_27,random,0.3116886920926007,0.050959890973744246,0.08614062881548132,0.5512107881181739,0.01,0.23655620398757654,0.013365011567856536,0.02372055487384951,0.7263582295707173,2.590374764356815e-17,0.4034739471470968,P_success,2.220446049250313e-16,0.013365011567856536,
4Q,5,random_uniform_27,random,0.3116886920926007,0.050959890973744246,0.08614062881548132,0.5512107881181739,0.02,0.2367410106422157,0.02040759809786088,0.02941771572801935,0.7134336755319041,2.6312825940482793e-17,0.3962346489477207,P_success,0.0,0.02040759809786088,
4Q,5,random_uniform_27,random,0.3116886920926007,0.050959890973744246,0.08614062881548132,0.5512107881181739,0.05,0.23731141335010233,0.04142830559793357,0.04662600749591151,0.6746342735560525,2.4751450563897367e-17,0.37615599339512373,P_success,0.0,0.04142830559793357,
4Q,5,random_uniform_27,random,0.3116886920926007,0.050959890973744246,0.08614062881548132,0.5512107881181739,0.1,0.2383111904726495,0.07560149952515949,0.0752771968755893,0.6108101131266016,1.695527978374483e-17,0.3476821106832312,P_success,1.1102230246251565e-16,0.0752771968755893,
4Q,5,random_uniform_27,random,0.3116886920926007,0.050959890973744246,0.08614062881548132,0.5512107881181739,0.15,0.23936161782602433,0.10782222311090399,0.10312740769409597,0.5496887513689754,1.9579140687500818e-17,0.32465172250746815,P_success,2.220446049250313e-16,0.10312740769409597,
4Q,5,random_uniform_27,random,0.3116886920926007,0.050959890973744246,0.08614062881548132,0.5512107881181739,0.2,0.2404461503751636,0.13720868882348816,0.12934859991653,0.49299656088481814,2.598125951384765e-17,0.3062338484182166,P_success,1.1102230246251565e-16,0.12934859991653,
4Q,5,random_uniform_27,random,0.3116886920926007,0.050959890973744246,0.08614062881548132,0.5512107881181739,0.3,0.24263637606412006,0.1851444459325883,0.17435825508752978,0.3978609229157618,2.2117809471838595e-17,0.2803594455740447,P_success,1.1102230246251565e-16,0.17435825508752978,
4Q,5,random_uniform_28,random,0.045866522298856696,0.13348733321944006,0.08004863187717838,0.7405975126045248,0.0,0.0036598516555614233,0.030999306056324873,0.011147556586492234,0.9541932857016213,1.7376172642908726e-17,0.5748150651392463,P_success,1.1102230246251565e-16,0.0036598516555614233,
4Q,5,random_uniform_28,random,0.045866522298856696,0.13348733321944006,0.08004863187717838,0.7405975126045248,0.0001,0.003697090007336704,0.03106596741302711,0.0111843851763782,0.9540525574032578,1.5785573015385878e-17,0.5746732456788783,P_success,2.220446049250313e-16,0.003697090007336704,
4Q,5,random_uniform_28,random,0.045866522298856696,0.13348733321944006,0.08004863187717838,0.7405975126045248,0.001,0.0040326520824427985,0.031665964939938555,0.011516234521748051,0.9527851484558704,2.4708389150113366e-17,0.5733991438447783,P_success,2.220446049250313e-16,0.0040326520824427985,
4Q,5,random_uniform_28,random,0.045866522298856696,0.13348733321944006,0.08004863187717838,0.7405975126045248,0.005,0.005533089191070608,0.034333501833150426,0.012999628421617433,0.9471337805541612,3.658292858048086e-18,0.5677857496754369,P_success,3.3306690738754696e-16,0.005533089191070608,
4Q,5,random_uniform_28,random,0.045866522298856696,0.13348733321944006,0.08004863187717838,0.7405975126045248,0.01,0.007429275338149156,0.03766946114949976,0.014873263646801131,0.94002799986555,2.0579159875641486e-17,0.560881124434617,P_success,0.0,0.007429275338149156,
4Q,5,random_uniform_28,random,0.045866522298856696,0.13348733321944006,0.08004863187717838,0.7405975126045248,0.02,0.011289488575214173,0.04434334723370524,0.018684208521150988,0.9256829556699295,1.7333466254343364e-17,0.5474390921144744,P_success,1.1102230246251565e-16,0.011289488575214173,
4Q,5,random_uniform_28,random,0.045866522298856696,0.13348733321944006,0.08004863187717838,0.7405975126045248,0.05,0.02339128057770925,0.06431840484526093,0.0306048299837961,0.8816854845932336,3.1735444620659106e-17,0.5099303413773155,P_success,1.1102230246251565e-16,0.02339128057770925,
4Q,5,random_uniform_28,random,0.045866522298856696,0.13348733321944006,0.08004863187717838,0.7405975126045248,0.1,0.045109319159190364,0.09701355711759158,0.05191171026697909,0.8059654134562388,2.0805422741690093e-17,0.4560408080245542,P_success,1.1102230246251565e-16,0.045109319159190364,
4Q,5,random_uniform_28,random,0.045866522298856696,0.13348733321944006,0.08004863187717838,0.7405975126045248,0.15,0.06830506590606508,0.12812850265698425,0.07456983021174565,0.7289966012252049,9.118276473533572e-17,0.41164369120701233,P_success,1.1102230246251565e-16,0.06830506590606508,
4Q,5,random_uniform_28,random,0.045866522298856696,0.13348733321944006,0.08004863187717838,0.7405975126045248,0.2,0.09229818083236815,0.15671676175906968,0.09792012433693058,0.6530649330716315,2.2429671536770487e-17,0.3753860678034795,P_success,1.1102230246251565e-16,0.09229818083236815,
4Q,5,random_uniform_28,random,0.045866522298856696,0.13348733321944006,0.08004863187717838,0.7405975126045248,0.3,0.13946982322681697,0.20326465302800006,0.14362050863209297,0.5136450151130899,1.568513648609885e-17,0.32257691226637664,P_success,1.1102230246251565e-16,0.13946982322681697,
4Q,5,random_uniform_29,random,0.11878339291633033,0.4330427756575373,0.44317416857455993,0.004999662851572394,0.0,0.03544530195003082,0.4710953563703917,0.4933965461588927,6.279552068477677e-05,4.5341907661941104e-17,0.398063880302281,P_success,0.0,6.279552068477677e-05,
4Q,5,random_uniform_29,random,0.11878339291633033,0.4330427756575373,0.44317416857455993,0.004999662851572394,0.0001,0.03550861625123898,0.47103323356749927,0.49333580758647283,0.00012234259478857077,4.560080211082429e-17,0.3979904001693948,P_success,3.3306690738754696e-16,0.00012234259478857077,
4Q,5,random_uniform_29,random,0.11878339291633033,0.4330427756575373,0.44317416857455993,0.004999662851572394,0.001,0.03607844801661544,0.47047406515603285,0.4927889791785508,0.0006585076488006962,1.1394986962576468e-17,0.39733039318567,P_success,2.220446049250313e-16,0.0006585076488006962,
4Q,5,random_uniform_29,random,0.11878339291633033,0.4330427756575373,0.44317416857455993,0.004999662851572394,0.005,0.03861097490720489,0.46798762022177154,0.4903548030541812,0.0030466018168421836,1.2211105210053374e-17,0.394425507136431,P_success,2.220446049250313e-16,0.0030466018168421836,
4Q,5,random_uniform_29,random,0.11878339291633033,0.4330427756575373,0.44317416857455993,0.004999662851572394,0.01,0.04177592723076326,0.4648772562178803,0.4873038432290244,0.006042973322331886,5.135408614272933e-17,0.39085913982534726,P_success,2.220446049250313e-16,0.006042973322331886,
4Q,5,random_uniform_29,random,0.11878339291633033,0.4330427756575373,0.44317416857455993,0.004999662851572394,0.02,0.048099798924023586,0.4586524923290997,0.4811780149000548,0.012069693846821852,3.811362318874788e-17,0.38393812931356175,P_success,0.0,0.012069693846821852,
4Q,5,random_uniform_29,random,0.11878339291633033,0.4330427756575373,0.44317416857455993,0.004999662851572394,0.05,0.06695275632897885,0.44001632311651045,0.46267861103217667,0.030352309522333913,3.310071435076938e-17,0.3647935377285685,P_success,1.1102230246251565e-16,0.030352309522333913,
4Q,5,random_uniform_29,random,0.11878339291633033,0.4330427756575373,0.44317416857455993,0.004999662851572394,0.1,0.09751069853175638,0.40955698156694964,0.43191790700282795,0.06101441289846573,4.287550605498231e-17,0.33780227185645434,P_success,2.220446049250313e-16,0.06101441289846573,
4Q,5,random_uniform_29,random,0.11878339291633033,0.4330427756575373,0.44317416857455993,0.004999662851572394,0.15,0.12618693371372305,0.3806759788292253,0.4021114683179307,0.09102561913912062,1.080571906692327e-17,0.3161544693371987,P_success,3.3306690738754696e-16,0.09102561913912062,
4Q,5,random_uniform_29,random,0.11878339291633033,0.4330427756575373,0.44317416857455993,0.004999662851572394,0.2,0.15219207068380744,0.3542108274699403,0.37418124837765077,0.11941585346860142,1.3184361031006835e-17,0.29901264692383567,P_success,1.1102230246251565e-16,0.11941585346860142,
4Q,5,random_uniform_29,random,0.11878339291633033,0.4330427756575373,0.44317416857455993,0.004999662851572394,0.3,0.1942088479256367,0.31076962351509135,0.3266909193415783,0.16833060921769344,1.628907170469035e-17,0.27535494990186493,P_success,2.220446049250313e-16,0.16833060921769344,
4Q,5,random_uniform_30,random,0.2938865116544613,0.004279665011555718,0.3368126007332137,0.3650212226007694,0.0,0.25931206520064864,5.4989904875647676e-05,0.34059641915392297,0.4000365257405526,2.7897363799257166e-17,0.3330708182266704,P_success,1.1102230246251565e-16,5.4989904875647676e-05,
4Q,5,random_uniform_30,random,0.2938865116544613,0.004279665011555718,0.3368126007332137,0.3650212226007694,0.0001,0.25932144384778216,0.0001266505464991565,0.3405765283829703,0.39997537722274823,1.910861889577508e-17,0.3330374356510407,P_success,1.1102230246251565e-16,0.0001266505464991565,
4Q,5,random_uniform_30,random,0.2938865116544613,0.004279665011555718,0.3368126007332137,0.3650212226007694,0.001,0.259405578887281,0.0007713339458491375,0.3403974705424187,0.39942561662445114,4.4187587493578204e-17,0.33273748300609224,P_success,0.0,0.0007713339458491375,
4Q,5,random_uniform_30,random,0.2938865116544613,0.004279665011555718,0.3368126007332137,0.3650212226007694,0.005,0.25977358191765165,0.0036307953791834893,0.3396007997650887,0.3969948229380759,7.788505152165473e-18,0.3314149975644763,P_success,2.220446049250313e-16,0.0036307953791834893,
4Q,5,random_uniform_30,random,0.2938865116544613,0.004279665011555718,0.3368126007332137,0.3650212226007694,0.01,0.26022001776094483,0.007191429848584307,0.3386031393108826,0.3939854130795881,4.10317707746584e-17,0.32978610819013743,P_success,2.220446049250313e-16,0.007191429848584307,
4Q,5,random_uniform_30,random,0.2938865116544613,0.004279665011555718,0.3368126007332137,0.3650212226007694,0.02,0.2610679915854259,0.014264655321752601,0.3366026939363186,0.3880646591565028,1.3297702372245415e-17,0.32660775319075347,P_success,1.1102230246251565e-16,0.014264655321752601,
4Q,5,random_uniform_30,random,0.2938865116544613,0.004279665011555718,0.3368126007332137,0.3650212226007694,0.05,0.2632599478858085,0.03505602073291647,0.3305782979706167,0.37110573341065817,7.654215371083748e-18,0.31768397792242625,P_success,2.220446049250313e-16,0.03505602073291647,
4Q,5,random_uniform_30,random,0.2938865116544613,0.004279665011555718,0.3368126007332137,0.3650212226007694,0.1,0.2658000337764831,0.06801060215804608,0.32057840876813354,0.345610955297337,1.2540503764335068e-17,0.3046949543990525,P_success,2.220446049250313e-16,0.06801060215804608,
4Q,5,random_uniform_30,random,0.2938865116544613,0.004279665011555718,0.3368126007332137,0.3650212226007694,0.15,0.2670846324177392,0.09842668417174022,0.31083160972965296,0.3236570736808674,3.148022173722668e-17,0.2938013318064323,P_success,2.220446049250313e-16,0.09842668417174022,
4Q,5,random_uniform_30,random,0.2938865116544613,0.004279665011555718,0.3368126007332137,0.3650212226007694,0.2,0.2673021485368696,0.12594243527095378,0.30154714622153056,0.3052082699706459,1.3265784692956081e-17,0.28472926969448953,P_success,1.1102230246251565e-16,0.12594243527095378,
4Q,5,random_uniform_30,random,0.2938865116544613,0.004279665011555718,0.3368126007332137,0.3650212226007694,0.3,0.2653805063881381,0.17152198704872695,0.2850170423443626,0.27808046421877225,2.590635391906919e-17,0.2710878169791818,P_success,2.220446049250313e-16,0.17152198704872695,
4Q,5,random_uniform_31,random,0.2167238824371965,0.0005910535079858386,0.39676564097540207,0.3859194230794156,0.0,0.13293443626263457,9.887296374681348e-07,0.4455455047115626,0.42151907029616514,1.2373955645690436e-17,0.35332636553147156,P_success,2.220446049250313e-16,9.887296374681348e-07,
4Q,5,random_uniform_31,random,0.2167238824371965,0.0005910535079858386,0.39676564097540207,0.3859194230794156,0.0001,0.13298681593613562,7.506025471063372e-05,0.44548589790776155,0.42145222590139203,3.7734517377588064e-17,0.35329068925635715,P_success,2.220446049250313e-16,7.506025471063372e-05,
4Q,5,random_uniform_31,random,0.2167238824371965,0.0005910535079858386,0.39676564097540207,0.3859194230794156,0.001,0.13345762856488227,0.0007413167011504041,0.4449497923590143,0.42085126237495285,1.3589326300440297e-17,0.35297002896848173,P_success,2.220446049250313e-16,0.0007413167011504041,
4Q,5,random_uniform_31,random,0.2167238824371965,0.0005910535079858386,0.39676564097540207,0.3859194230794156,0.005,0.13553695708828786,0.0036939667766750224,0.4425748861490672,0.4181941899859698,9.613615800191721e-18,0.35155412285585697,P_success,1.1102230246251565e-16,0.0036939667766750224,
4Q,5,random_uniform_31,random,0.2167238824371965,0.0005910535079858386,0.39676564097540207,0.3859194230794156,0.01,0.13810583833986811,0.007365036781372857,0.4396243034100059,0.4149048214687529,8.014303387150726e-18,0.3498053400398032,P_success,2.220446049250313e-16,0.007365036781372857,
4Q,5,random_uniform_31,random,0.2167238824371965,0.0005910535079858386,0.39676564097540207,0.3859194230794156,0.02,0.14314246514531495,0.014639786412363432,0.43378440971900273,0.40843333872331866,1.2303893634748493e-17,0.3463772240199217,P_success,2.220446049250313e-16,0.014639786412363432,
4Q,5,random_uniform_31,random,0.2167238824371965,0.0005910535079858386,0.39676564097540207,0.3859194230794156,0.05,0.15744104013025864,0.03589611973008351,0.4167748097971343,0.38988803034252334,1.242995454084782e-17,0.3366320441975217,P_success,2.220446049250313e-16,0.03589611973008351,
4Q,5,random_uniform_31,random,0.2167238824371965,0.0005910535079858386,0.39676564097540207,0.3859194230794156,0.1,0.17857420664998278,0.06925521997036596,0.39024401872501147,0.36192655465463974,3.5442579117837946e-17,0.3220816367845282,P_success,0.0,0.06925521997036596,
4Q,5,random_uniform_31,random,0.2167238824371965,0.0005910535079858386,0.39676564097540207,0.3859194230794156,0.15,0.19640271172443197,0.09976359097077736,0.3661579182077863,0.3376757790970043,1.3055433793056835e-17,0.3094648386153211,P_success,1.1102230246251565e-16,0.09976359097077736,
4Q,5,random_uniform_31,random,0.2167238824371965,0.0005910535079858386,0.39676564097540207,0.3859194230794156,0.2,0.21108234680880408,0.12719808044394257,0.3446471511248711,0.3170724216223823,1.2644612731629137e-17,0.2985871504887937,P_success,0.0,0.12719808044394257,
4Q,5,random_uniform_31,random,0.2167238824371965,0.0005910535079858386,0.39676564097540207,0.3859194230794156,0.3,0.23198154580959884,0.17244872273591977,0.30948806329828726,0.28608166815619396,1.5601430793020444e-17,0.2813448664476368,P_success,2.220446049250313e-16,0.17244872273591977,
4Q,5,random_uniform_32,random,0.13534986404050386,0.4628827029739982,0.2317972941904191,0.16997013879507886,0.0,0.058120546906925835,0.6797605384871169,0.17046325172863358,0.09165566287732342,2.0114920730673166e-17,0.31519981608431535,P_success,3.3306690738754696e-16,0.058120546906925835,
4Q,5,random_uniform_32,random,0.13534986404050386,0.4628827029739982,0.2317972941904191,0.16997013879507886,0.0001,0.05817818279243795,0.6796149076641351,0.17048329971662157,0.09172360982680507,2.3866127772557742e-17,0.3151691519476596,P_success,3.3306690738754696e-16,0.05817818279243795,
4Q,5,random_uniform_32,random,0.13534986404050386,0.4628827029739982,0.2317972941904191,0.16997013879507886,0.001,0.05869666233162866,0.6783051673752106,0.17066370767136957,0.09233446262179101,2.154581458072604e-17,0.3148937001641648,P_success,2.220446049250313e-16,0.05869666233162866,
4Q,5,random_uniform_32,random,0.13534986404050386,0.4628827029739982,0.2317972941904191,0.16997013879507886,0.005,0.060995638776128416,0.6725046703856592,0.17146496964718164,0.09503472119103054,3.7992154454123694e-17,0.31368085785142974,P_success,2.220446049250313e-16,0.060995638776128416,
4Q,5,random_uniform_32,random,0.13534986404050386,0.4628827029739982,0.2317972941904191,0.16997013879507886,0.01,0.06385667277100461,0.6653020082175852,0.17246514646980468,0.0983761725416054,1.956709533710522e-17,0.3121907007151016,P_success,1.1102230246251565e-16,0.06385667277100461,
4Q,5,random_uniform_32,random,0.13534986404050386,0.4628827029739982,0.2317972941904191,0.16997013879507886,0.02,0.06953430605380677,0.6510610942181335,0.1744599729657272,0.10494462676233245,1.9244073143166677e-17,0.30929512329586484,P_success,1.1102230246251565e-16,0.06953430605380677,
4Q,5,random_uniform_32,random,0.13534986404050386,0.4628827029739982,0.2317972941904191,0.16997013879507886,0.05,0.08617291582629238,0.6097338511771856,0.18038434594045066,0.12370888705607118,1.912588271026728e-17,0.3012570271916089,P_success,2.220446049250313e-16,0.08617291582629238,
4Q,5,random_uniform_32,random,0.13534986404050386,0.4628827029739982,0.2317972941904191,0.16997013879507886,0.1,0.1123575887273275,0.5459601453689774,0.18995814263424388,0.15172412326945098,2.487029432029079e-17,0.28983641065128246,P_success,3.3306690738754696e-16,0.1123575887273275,
4Q,5,random_uniform_32,random,0.13534986404050386,0.4628827029739982,0.2317972941904191,0.16997013879507886,0.15,0.1362693717641008,0.48915915595828263,0.19899708012656628,0.17557439215105006,9.289668629161174e-18,0.2805739929305392,P_success,2.220446049250313e-16,0.1362693717641008,
4Q,5,random_uniform_32,random,0.13534986404050386,0.4628827029739982,0.2317972941904191,0.16997013879507886,0.2,0.15764125775380966,0.439674964337725,0.20735334428073615,0.195330433627729,1.320012365402198e-17,0.27314329686731514,P_success,2.220446049250313e-16,0.15764125775380966,
4Q,5,random_uniform_32,random,0.13534986404050386,0.4628827029739982,0.2317972941904191,0.16997013879507886,0.3,0.19237687619869648,0.362338657878192,0.2216489716822459,0.22363549424086546,2.168379966330196e-17,0.2626461441285804,P_success,1.1102230246251565e-16,0.19237687619869648,
4Q,5,random_uniform_33,random,0.7681127371509597,0.01748626897008263,0.13231190621212618,0.08208908766683153,0.0,0.9600505929144547,0.0004975520216477363,0.02848669326271829,0.010965161801179077,5.153829584394282e-18,0.6145480054154923,P_success,2.220446049250313e-16,0.0004975520216477363,
4Q,5,random_uniform_33,random,0.7681127371509597,0.01748626897008263,0.13231190621212618,0.08208908766683153,0.0001,0.9599246727696136,0.0005291817468688296,0.02854913335682368,0.010997012126693692,1.7336997102116417e-17,0.6143820755134577,P_success,3.3306690738754696e-16,0.0005291817468688296,
4Q,5,random_uniform_33,random,0.7681127371509597,0.01748626897008263,0.13231190621212618,0.08208908766683153,0.001,0.9587902539444116,0.0008143493397875915,0.02911127378823371,0.011284122927566878,2.2719659819163167e-17,0.6128914705755532,P_success,1.1102230246251565e-16,0.0008143493397875915,
4Q,5,random_uniform_33,random,0.7681127371509597,0.01748626897008263,0.13231190621212618,0.08208908766683153,0.005,0.9537237343185142,0.002092643617431892,0.03161349066795522,0.012570131396098486,2.9936957163338194e-17,0.6063264729768466,P_success,1.1102230246251565e-16,0.002092643617431892,
4Q,5,random_uniform_33,random,0.7681127371509597,0.01748626897008263,0.13231190621212618,0.08208908766683153,0.01,0.9473345106781313,0.0037154568183749856,0.03474957770446088,0.014200454799032754,2.684935224623173e-17,0.5982564949833105,P_success,0.0,0.0037154568183749856,
4Q,5,random_uniform_33,random,0.7681127371509597,0.01748626897008263,0.13231190621212618,0.08208908766683153,0.02,0.9343728359279656,0.007043895145284264,0.041046555533315855,0.017536713393434253,1.6041385610254943e-17,0.5825626160171082,P_success,1.1102230246251565e-16,0.007043895145284264,
4Q,5,random_uniform_33,random,0.7681127371509597,0.01748626897008263,0.13231190621212618,0.08208908766683153,0.05,0.8941031300744918,0.017681383056334456,0.06007693034382023,0.0281385565253532,6.561787591026864e-18,0.5388987969273819,P_success,2.220446049250313e-16,0.017681383056334456,
4Q,5,random_uniform_33,random,0.7681127371509597,0.01748626897008263,0.13231190621212618,0.08208908766683153,0.1,0.8230603687335765,0.03746166912300604,0.09182201961690743,0.047655942526509884,7.700740157294868e-17,0.4765597681188969,P_success,2.220446049250313e-16,0.03746166912300604,
4Q,5,random_uniform_33,random,0.7681127371509597,0.01748626897008263,0.13231190621212618,0.08208908766683153,0.15,0.7487344128837877,0.05943274578526925,0.12272341158996958,0.06910942974097334,1.1265274038675547e-17,0.42565247391782046,P_success,1.1102230246251565e-16,0.05943274578526925,
4Q,5,random_uniform_33,random,0.7681127371509597,0.01748626897008263,0.13231190621212618,0.08208908766683153,0.2,0.6734790359460336,0.08294408275498193,0.15170932532265455,0.09186755597632948,1.082682771261029e-17,0.3844894815707919,P_success,4.440892098500626e-16,0.08294408275498193,
4Q,5,random_uniform_33,random,0.7681127371509597,0.01748626897008263,0.13231190621212618,0.08208908766683153,0.3,0.5308419837532933,0.1310794773958887,0.20010430965500406,0.1379742291958138,1.5019915451077394e-17,0.32553806224675297,P_success,2.220446049250313e-16,0.1310794773958887,
4Q,5,random_uniform_34,random,0.49825367017970795,0.03836416512178203,0.3507806581874463,0.11260150651106372,0.0,0.6440619892617034,0.00381837131950381,0.3192257628624165,0.032893876556375955,2.4771611462422134e-17,0.3854546984400195,P_success,2.220446049250313e-16,0.00381837131950381,
4Q,5,random_uniform_34,random,0.49825367017970795,0.03836416512178203,0.3507806581874463,0.11260150651106372,0.0001,0.6439726586635047,0.0038620182262538725,0.31923243476308294,0.03293288834715826,1.451385863618355e-17,0.3853872527142388,P_success,2.220446049250313e-16,0.0038620182262538725,
4Q,5,random_uniform_34,random,0.49825367017970795,0.03836416512178203,0.3507806581874463,0.11260150651106372,0.001,0.6431682941916458,0.004255291738764159,0.3192920441144753,0.0332843699551146,9.684621467010206e-18,0.3847814504986583,P_success,1.1102230246251565e-16,0.004255291738764159,
4Q,5,random_uniform_34,random,0.49825367017970795,0.03836416512178203,0.3507806581874463,0.11260150651106372,0.005,0.6395850422884467,0.006012916196380384,0.31954742972897526,0.03485461178619752,1.4747542164832912e-17,0.38211520126951243,P_success,1.1102230246251565e-16,0.006012916196380384,
4Q,5,random_uniform_34,random,0.49825367017970795,0.03836416512178203,0.3507806581874463,0.11260150651106372,0.01,0.6350877256230019,0.008231910930625417,0.3198447002371899,0.0368356632091826,1.370901671329188e-17,0.3788419611406869,P_success,2.220446049250313e-16,0.008231910930625417,
4Q,5,random_uniform_34,random,0.49825367017970795,0.03836416512178203,0.3507806581874463,0.11260150651106372,0.02,0.6260374621202707,0.012740455665486422,0.3203657976241635,0.04085628459007922,1.886768739793456e-17,0.3724902946282189,P_success,2.220446049250313e-16,0.012740455665486422,
4Q,5,random_uniform_34,random,0.49825367017970795,0.03836416512178203,0.3507806581874463,0.11260150651106372,0.05,0.598543693925286,0.026776657547102664,0.32134008504799794,0.053339563479613265,9.526799477272659e-18,0.35492435197238403,P_success,2.220446049250313e-16,0.026776657547102664,
4Q,5,random_uniform_34,random,0.49825367017970795,0.03836416512178203,0.3507806581874463,0.11260150651106372,0.1,0.5522875697494338,0.05147477235595631,0.3210312867052341,0.07520637118937556,1.5362806981713074e-17,0.33017036821241585,P_success,2.220446049250313e-16,0.05147477235595631,
4Q,5,random_uniform_34,random,0.49825367017970795,0.03836416512178203,0.3507806581874463,0.11260150651106372,0.15,0.506792904204659,0.07701623070462672,0.3184678461575323,0.09772301893318164,1.3323887362175427e-17,0.310330479242132,P_success,4.440892098500626e-16,0.07701623070462672,
4Q,5,random_uniform_34,random,0.49825367017970795,0.03836416512178203,0.3507806581874463,0.11260150651106372,0.2,0.46348019778281274,0.10245974633571715,0.3139757170529005,0.12008433882856943,9.850406917003999e-18,0.2946329439805402,P_success,2.220446049250313e-16,0.10245974633571715,
4Q,5,random_uniform_34,random,0.49825367017970795,0.03836416512178203,0.3507806581874463,0.11260150651106372,0.3,0.3878428749085943,0.1496646997161488,0.30103126736610186,0.1614611580091548,2.804951622639194e-17,0.2730004288320828,P_success,2.220446049250313e-16,0.1496646997161488,
4Q,5,random_uniform_35,random,0.11819297139023976,0.11837586985147298,0.5300063221092829,0.23342483664900426,0.0,0.038443836928088816,0.0385629093037896,0.7730463330961778,0.14994692067194368,7.545004758050697e-18,0.3633762808895699,P_success,1.1102230246251565e-16,0.038443836928088816,
4Q,5,random_uniform_35,random,0.11819297139023976,0.11837586985147298,0.5300063221092829,0.23342483664900426,0.0001,0.03852581192737999,0.0386244641258899,0.7728759012535261,0.14997382269320372,1.4387802041734405e-17,0.3633334784236068,P_success,3.3306690738754696e-16,0.03852581192737999,
4Q,5,random_uniform_35,random,0.11819297139023976,0.11837586985147298,0.5300063221092829,0.23342483664900426,0.001,0.03926289635111381,0.03917819317242881,0.7713430622824772,0.15021584819397996,1.7924015483905844e-17,0.36294883891793334,P_success,2.220446049250313e-16,0.03917819317242881,
4Q,5,random_uniform_35,random,0.11819297139023976,0.11837586985147298,0.5300063221092829,0.23342483664900426,0.005,0.04252372675361469,0.04163339290388634,0.7645534080160113,0.15128947232648757,6.143744856071937e-18,0.36125196988332664,P_success,0.0,0.04163339290388634,
4Q,5,random_uniform_35,random,0.11819297139023976,0.11837586985147298,0.5300063221092829,0.23342483664900426,0.01,0.04656482120323595,0.0446887574588294,0.7561197318995792,0.15262668943835517,1.8657151409995203e-17,0.35915967844687924,P_success,2.220446049250313e-16,0.0446887574588294,
4Q,5,random_uniform_35,random,0.11819297139023976,0.11837586985147298,0.5300063221092829,0.23342483664900426,0.02,0.05452883209033894,0.05075228547884249,0.7394345534150423,0.15528432901577618,9.119392470235784e-18,0.35506964966049265,P_success,1.1102230246251565e-16,0.05075228547884249,
4Q,5,random_uniform_35,random,0.11819297139023976,0.11837586985147298,0.5300063221092829,0.23342483664900426,0.05,0.07744592564833665,0.06853314488208705,0.6909119200544469,0.16310900941512915,1.6252137860811342e-17,0.3435294964222263,P_success,2.220446049250313e-16,0.06853314488208705,
4Q,5,random_uniform_35,random,0.11819297139023976,0.11837586985147298,0.5300063221092829,0.23342483664900426,0.1,0.11223127920581107,0.09660404996773513,0.615595663296019,0.17556900753043478,4.6259507901682785e-18,0.3265595966557918,P_success,0.0,0.09660404996773513,
4Q,5,random_uniform_35,random,0.11819297139023976,0.11837586985147298,0.5300063221092829,0.23342483664900426,0.15,0.14256867733950676,0.12241297789648257,0.5478546540359484,0.18716369072806213,2.1047082997101944e-17,0.3121320985844266,P_success,1.1102230246251565e-16,0.12241297789648257,
4Q,5,random_uniform_35,random,0.11819297139023976,0.11837586985147298,0.5300063221092829,0.23342483664900426,0.2,0.16840051452002366,0.145692474549931,0.48814175798232873,0.19776525294771655,2.6101646528215853e-17,0.29994220590849474,P_success,1.1102230246251565e-16,0.145692474549931,
4Q,5,random_uniform_35,random,0.11819297139023976,0.11837586985147298,0.5300063221092829,0.23342483664900426,0.3,0.20713556184178547,0.1841245928022619,0.39305610627929866,0.21568373907665375,1.120741628375601e-17,0.2811945895066598,P_success,2.220446049250313e-16,0.1841245928022619,
4Q,5,random_uniform_36,random,0.11017418260148465,0.07747585739623315,0.7684382952858773,0.04391166471640492,0.0,0.019880472272408963,0.00983104774163617,0.9671303730865206,0.003158106899433987,5.091229034274878e-18,0.6105665069512174,P_success,3.3306690738754696e-16,0.003158106899433987,
4Q,5,random_uniform_36,random,0.11017418260148465,0.07747585739623315,0.7684382952858773,0.04391166471640492,0.0001,0.019944717367560073,0.009865330500853952,0.9669973571312271,0.003192595000358649,8.854761342378473e-17,0.6104057654217928,P_success,2.220446049250313e-16,0.003192595000358649,
4Q,5,random_uniform_36,random,0.11017418260148465,0.07747585739623315,0.7684382952858773,0.04391166471640492,0.001,0.02052308281901816,0.010174303299455909,0.9657991749681539,0.0035034389133718202,8.856566955240004e-17,0.6089617194127873,P_success,2.220446049250313e-16,0.0035034389133718202,
4Q,5,random_uniform_36,random,0.11017418260148465,0.07747585739623315,0.7684382952858773,0.04391166471640492,0.005,0.023096974877605307,0.011556817407402777,0.960451435740457,0.0048947719745347906,2.1232706597945796e-17,0.6026006973129857,P_success,1.1102230246251565e-16,0.0048947719745347906,
4Q,5,random_uniform_36,random,0.11017418260148465,0.07747585739623315,0.7684382952858773,0.04391166471640492,0.01,0.026321652128796506,0.013306226373003242,0.953715757256049,0.006656364242151057,1.2245831396470637e-17,0.594778989833925,P_success,2.220446049250313e-16,0.006656364242151057,
4Q,5,random_uniform_36,random,0.11017418260148465,0.07747585739623315,0.7684382952858773,0.04391166471640492,0.02,0.032792453549634316,0.016875287164300846,0.9400785729289047,0.010253686357159928,2.5577252517128207e-17,0.5795598359322595,P_success,1.1102230246251565e-16,0.010253686357159928,
4Q,5,random_uniform_36,random,0.11017418260148465,0.07747585739623315,0.7684382952858773,0.04391166471640492,0.05,0.05231753741595493,0.028128717632577085,0.8979302685887208,0.021623476362746964,1.902713567901367e-17,0.5371551352946067,P_success,2.220446049250313e-16,0.021623476362746964,
4Q,5,random_uniform_36,random,0.11017418260148465,0.07747585739623315,0.7684382952858773,0.04391166471640492,0.1,0.08480256768283045,0.04855359532020456,0.824295539858826,0.042348297138138945,5.290643410916113e-17,0.47642429822020915,P_success,1.1102230246251565e-16,0.042348297138138945,
4Q,5,random_uniform_36,random,0.11017418260148465,0.07747585739623315,0.7684382952858773,0.04391166471640492,0.15,0.11635674470283988,0.07066336240066201,0.7480941573152765,0.06488573558122127,2.4610514669019282e-17,0.42661184498178095,P_success,3.3306690738754696e-16,0.06488573558122127,
4Q,5,random_uniform_36,random,0.11017418260148465,0.07747585739623315,0.7684382952858773,0.04391166471640492,0.2,0.14594129760874572,0.0938175230347739,0.6716613646522392,0.0885798147042409,6.576331233903356e-18,0.3861331525394498,P_success,2.220446049250313e-16,0.0885798147042409,
4Q,5,random_uniform_36,random,0.11017418260148465,0.07747585739623315,0.7684382952858773,0.04391166471640492,0.3,0.19551339368998039,0.14003714764517272,0.5283467028888421,0.1361027557760047,6.222895944758693e-17,0.32766702051331464,P_success,1.1102230246251565e-16,0.1361027557760047,
4Q,5,random_uniform_37,random,0.33149435364600427,0.11245468996853732,0.13778540501471875,0.4182655513707397,0.0,0.34723697460482844,0.03996030900781426,0.059990174755196905,0.5528125416321602,3.2108968110711276e-18,0.31646545309364077,P_success,2.220446049250313e-16,0.03996030900781426,
4Q,5,random_uniform_37,random,0.33149435364600427,0.11245468996853732,0.13778540501471875,0.4182655513707397,0.0001,0.3472023876114089,0.04003524471959469,0.06005430794255033,0.552708059726446,2.1181862541956692e-17,0.3164328551350255,P_success,0.0,0.04003524471959469,
4Q,5,random_uniform_37,random,0.33149435364600427,0.11245468996853732,0.13778540501471875,0.4182655513707397,0.001,0.34689132649157234,0.04070916831528061,0.06063113325458279,0.5517683719385641,1.3113665880868722e-17,0.3161400512740963,P_success,2.220446049250313e-16,0.04070916831528061,
4Q,5,random_uniform_37,random,0.33149435364600427,0.11245468996853732,0.13778540501471875,0.4182655513707397,0.005,0.34551370776640183,0.04369345017606192,0.063186587099217,0.547606254958319,1.4882098326022786e-17,0.3148512210777867,P_success,2.220446049250313e-16,0.04369345017606192,
4Q,5,random_uniform_37,random,0.33149435364600427,0.11245468996853732,0.13778540501471875,0.4182655513707397,0.01,0.34380307658247583,0.04739828160409796,0.06636167230198958,0.5424369695114364,2.7156511555683742e-17,0.31326864767019996,P_success,2.220446049250313e-16,0.04739828160409796,
4Q,5,random_uniform_37,random,0.33149435364600427,0.11245468996853732,0.13778540501471875,0.4182655513707397,0.02,0.34042103172043187,0.05472027627186968,0.07264540376183885,0.5322132882458593,5.344956661618989e-17,0.31019660062113785,P_success,2.220446049250313e-16,0.05472027627186968,
4Q,5,random_uniform_37,random,0.33149435364600427,0.11245468996853732,0.13778540501471875,0.4182655513707397,0.05,0.3306106504499441,0.07593907481483658,0.09092356237932125,0.5025267123558979,2.5391105665507763e-17,0.30169232888415826,P_success,2.220446049250313e-16,0.07593907481483658,
4Q,5,random_uniform_37,random,0.33149435364600427,0.11245468996853732,0.13778540501471875,0.4182655513707397,0.1,0.31550441139816393,0.10855452964301092,0.1192375991348279,0.45670345982399707,4.514650634783373e-17,0.28968234360943484,P_success,1.1102230246251565e-16,0.10855452964301092,
4Q,5,random_uniform_37,random,0.33149435364600427,0.11245468996853732,0.13778540501471875,0.4182655513707397,0.15,0.30211870519814105,0.1373988902934997,0.14453951106716542,0.4159428934411935,5.349437104553895e-18,0.28002648382265566,P_success,3.3306690738754696e-16,0.1373988902934997,
4Q,5,random_uniform_37,random,0.33149435364600427,0.11245468996853732,0.13778540501471875,0.4182655513707397,0.2,0.29055179743440046,0.16228426782802807,0.1666177821669892,0.3805461525705821,1.111232665023924e-17,0.2723584796037893,P_success,1.1102230246251565e-16,0.16228426782802807,
4Q,5,random_uniform_37,random,0.33149435364600427,0.11245468996853732,0.13778540501471875,0.4182655513707397,0.3,0.27280161030638717,0.20041741632881024,0.20109762834746037,0.32568334501734214,1.056038987495763e-17,0.26172042798131995,P_success,0.0,0.20041741632881024,
4Q,5,random_uniform_38,random,0.17828877516880962,0.02657859631861031,0.48516922987254896,0.30996339864003114,0.0,0.0873362591613901,0.00194093354192669,0.6467450034409675,0.26397780385571545,3.02844624905654e-17,0.3639597992450629,P_success,2.220446049250313e-16,0.00194093354192669,
4Q,5,random_uniform_38,random,0.17828877516880962,0.02657859631861031,0.48516922987254896,0.30996339864003114,0.0001,0.08740620463765435,0.0020114234372481435,0.646617144528171,0.26396522739692635,3.79575510551448e-18,0.36392024529751843,P_success,2.220446049250313e-16,0.0020114234372481435,
4Q,5,random_uniform_38,random,0.17828877516880962,0.02657859631861031,0.48516922987254896,0.30996339864003114,0.001,0.08803497080529159,0.0026455201365684074,0.6454672799267923,0.2638522291313475,3.860463592678338e-18,0.3635647363052423,P_success,2.220446049250313e-16,0.0026455201365684074,
4Q,5,random_uniform_38,random,0.17828877516880962,0.02657859631861031,0.48516922987254896,0.30996339864003114,0.005,0.09081328075898511,0.005456867507268875,0.6403756996827358,0.2633541520510101,7.781517483297594e-18,0.3619950394511735,P_success,1.1102230246251565e-16,0.005456867507268875,
4Q,5,random_uniform_38,random,0.17828877516880962,0.02657859631861031,0.48516922987254896,0.30996339864003114,0.01,0.09424885931444642,0.008955040341548214,0.634055034466991,0.2627410658770142,1.9796261877909803e-17,0.3600565078339849,P_success,2.220446049250313e-16,0.008955040341548214,
4Q,5,random_uniform_38,random,0.17828877516880962,0.02657859631861031,0.48516922987254896,0.30996339864003114,0.02,0.10099505628763918,0.01589636336600635,0.6215619285744157,0.26154665177193853,3.335713713423753e-17,0.35625707615316077,P_success,2.220446049250313e-16,0.01589636336600635,
4Q,5,random_uniform_38,random,0.17828877516880962,0.02657859631861031,0.48516922987254896,0.30996339864003114,0.05,0.12022479766598364,0.036249782481569855,0.5853074403083446,0.25821797954410164,2.616211514557308e-17,0.34546123636080567,P_success,3.3306690738754696e-16,0.036249782481569855,
4Q,5,random_uniform_38,random,0.17828877516880962,0.02657859631861031,0.48516922987254896,0.30996339864003114,0.1,0.14887869589720407,0.06841497767767055,0.5291918610883545,0.25351446533677063,2.5436915902476684e-17,0.3293567955640665,P_success,2.220446049250313e-16,0.06841497767767055,
4Q,5,random_uniform_38,random,0.17828877516880962,0.02657859631861031,0.48516922987254896,0.30996339864003114,0.15,0.173304521655193,0.09808640932674811,0.4787706755717328,0.249838393446326,1.1338738321909723e-17,0.3154086801195964,P_success,1.1102230246251565e-16,0.09808640932674811,
4Q,5,random_uniform_38,random,0.17828877516880962,0.02657859631861031,0.48516922987254896,0.30996339864003114,0.2,0.1936308847076945,0.12499605610500739,0.4342438710354436,0.24712918815185428,1.2980052581996526e-17,0.3033972214504593,P_success,2.220446049250313e-16,0.12499605610500739,
4Q,5,random_uniform_38,random,0.17828877516880962,0.02657859631861031,0.48516922987254896,0.30996339864003114,0.3,0.22303920798066643,0.1699289313440303,0.36279644165546,0.24423541901984314,1.5140166749629226e-17,0.28439019820255884,P_success,1.1102230246251565e-16,0.1699289313440303,
4Q,5,random_uniform_39,random,0.16413472920279065,0.09067695203236813,0.6974139300100803,0.047774388754761095,0.0,0.05142919021311142,0.015696489984875155,0.9285172050435783,0.0043571147584348805,8.480986420416736e-17,0.5238311009533498,P_success,2.220446049250313e-16,0.0043571147584348805,
4Q,5,random_uniform_39,random,0.16413472920279065,0.09067695203236813,0.6974139300100803,0.047774388754761095,0.0001,0.051494289382426575,0.015732924912690495,0.9283783170030935,0.00439446870178936,6.175352172383529e-17,0.5237062320379061,P_success,0.0,0.00439446870178936,
4Q,5,random_uniform_39,random,0.16413472920279065,0.09067695203236813,0.6974139300100803,0.047774388754761095,0.001,0.052080185125128804,0.01606126208006347,0.9271274392683756,0.004731113526431938,7.523429895082881e-17,0.5225844953655415,P_success,1.1102230246251565e-16,0.004731113526431938,
4Q,5,random_uniform_39,random,0.16413472920279065,0.09067695203236813,0.6974139300100803,0.047774388754761095,0.005,0.054684119594528076,0.017529709983290908,0.9215488909503513,0.006237279471829675,2.3984317734297565e-17,0.5176441598020887,P_success,0.0,0.006237279471829675,
4Q,5,random_uniform_39,random,0.16413472920279065,0.09067695203236813,0.6974139300100803,0.047774388754761095,0.01,0.057938395923206515,0.0193861554304692,0.9145327517395729,0.008142696906751014,2.6667067526550477e-17,0.5115714545307626,P_success,2.220446049250313e-16,0.008142696906751014,
4Q,5,random_uniform_39,random,0.16413472920279065,0.09067695203236813,0.6974139300100803,0.047774388754761095,0.02,0.06444133718969884,0.023167487705796914,0.9003631330641179,0.012028042040386266,2.902782701440363e-17,0.4997622715010434,P_success,2.220446049250313e-16,0.012028042040386266,
4Q,5,random_uniform_39,random,0.16413472920279065,0.09067695203236813,0.6974139300100803,0.047774388754761095,0.05,0.08383736767180698,0.03503300263536328,0.8568759892439011,0.024253640448928592,9.473380427375746e-17,0.4669107363204718,P_success,0.0,0.024253640448928592,
4Q,5,random_uniform_39,random,0.16413472920279065,0.09067695203236813,0.6974139300100803,0.047774388754761095,0.1,0.11531643916319903,0.056326227192693694,0.7820571940965492,0.04630013954755787,2.5901409119727105e-17,0.42002137563979414,P_success,2.220446049250313e-16,0.04630013954755787,
4Q,5,random_uniform_39,random,0.16413472920279065,0.09067695203236813,0.6974139300100803,0.047774388754761095,0.15,0.14487209543603188,0.07899852801571396,0.7062348216081229,0.06989455494013093,2.63515944592044e-17,0.3817454876869458,P_success,3.3306690738754696e-16,0.06989455494013093,
4Q,5,random_uniform_39,random,0.16413472920279065,0.09067695203236813,0.6974139300100803,0.047774388754761095,0.2,0.17157312655561555,0.10231035509867373,0.6318590644152589,0.09425745393045157,1.1487681360427099e-17,0.35080979804533075,P_success,3.3306690738754696e-16,0.09425745393045157,
4Q,5,random_uniform_39,random,0.16413472920279065,0.09067695203236813,0.6974139300100803,0.047774388754761095,0.3,0.2137151108239828,0.14755671828262332,0.4969484962035172,0.1417796746898764,1.3415726578481148e-17,0.30653911446569093,P_success,2.220446049250313e-16,0.1417796746898764,
4Q,5,random_boundary_00,random,0.2381911145480263,0.004533006360660349,0.412450402767446,0.34482547632386745,0.0,0.16408047187742375,5.9426265659564e-05,0.4919820380705063,0.34387806378641034,3.551144341695133e-17,0.345775499061307,P_success,0.0,5.9426265659564e-05,
4Q,5,random_boundary_00,random,0.2381911145480263,0.004533006360660349,0.412450402767446,0.34482547632386745,0.0001,0.16412485317840167,0.00013070792725594735,0.4919079373984259,0.3438365014959163,8.775050298937246e-18,0.34574085443119523,P_success,2.220446049250313e-16,0.00013070792725594735,
4Q,5,random_boundary_00,random,0.2381911145480263,0.004533006360660349,0.412450402767446,0.34482547632386745,0.001,0.16452371008932892,0.000771939295748637,0.49124146408925756,0.34346288652566465,8.122506873592464e-18,0.34542949737888046,P_success,2.220446049250313e-16,0.000771939295748637,
4Q,5,random_boundary_00,random,0.2381911145480263,0.004533006360660349,0.412450402767446,0.34482547632386745,0.005,0.16628388354194157,0.0036151792638459018,0.4882888400634195,0.3418120971307927,2.6421787333525714e-17,0.34405533567324176,P_success,2.220446049250313e-16,0.0036151792638459018,
4Q,5,random_boundary_00,random,0.2381911145480263,0.004533006360660349,0.412450402767446,0.34482547632386745,0.01,0.16845532170083527,0.007153601535986252,0.48462007409641944,0.33977100266675886,1.3048409579939944e-17,0.3423596229911572,P_success,2.220446049250313e-16,0.007153601535986252,
4Q,5,random_boundary_00,random,0.2381911145480263,0.004533006360660349,0.412450402767446,0.34482547632386745,0.02,0.1727021495411082,0.014176475340256966,0.47735748899531455,0.3357638861233201,3.028716012689391e-17,0.3390404790879301,P_success,2.220446049250313e-16,0.014176475340256966,
4Q,5,random_boundary_00,random,0.2381911145480263,0.004533006360660349,0.412450402767446,0.34482547632386745,0.05,0.18467377891084044,0.03477892868111342,0.45619747204357625,0.3243498203644696,6.790120839620085e-18,0.3296424198424911,P_success,3.3306690738754696e-16,0.03477892868111342,
4Q,5,random_boundary_00,random,0.2381911145480263,0.004533006360660349,0.412450402767446,0.34482547632386745,0.1,0.2020835180410944,0.06735055707189898,0.42318977922171364,0.3073761456652928,7.539125381227761e-18,0.31572257294725664,P_success,2.220446049250313e-16,0.06735055707189898,
4Q,5,random_boundary_00,random,0.2381911145480263,0.004533006360660349,0.412450402767446,0.34482547632386745,0.15,0.21640913656980718,0.09738574380680917,0.39324523424138513,0.2929598853819984,2.6009408049398885e-17,0.3037763264785107,P_success,2.220446049250313e-16,0.09738574380680917,
4Q,5,random_boundary_00,random,0.2381911145480263,0.004533006360660349,0.412450402767446,0.34482547632386745,0.2,0.22783916430806256,0.12459419458173536,0.3665432268000984,0.2810234143101036,2.790455688169532e-17,0.29358401815840324,P_success,1.1102230246251565e-16,0.12459419458173536,
4Q,5,random_boundary_00,random,0.2381911145480263,0.004533006360660349,0.412450402767446,0.34482547632386745,0.3,0.24311480110936867,0.1699088152377066,0.32304185680624126,0.26393452684668334,1.4360505592750388e-17,0.27767575840916275,P_success,2.220446049250313e-16,0.1699088152377066,
4Q,5,random_boundary_01,random,0.06323788782628956,0.07369556019240787,0.8630622817872763,4.27019402626521e-06,0.0,0.0053015983483815105,0.007200037518212803,0.9874983641092316,2.4173934583580832e-11,2.9446728112177196e-17,0.754306568310897,P_success,1.1102230246251565e-16,2.4173934583580832e-11,
4Q,5,random_boundary_01,random,0.06323788782628956,0.07369556019240787,0.8630622817872763,4.27019402626521e-06,0.0001,0.005358643443988011,0.00722879187794623,0.9873848074939555,2.775718410995181e-05,1.765767245564603e-17,0.754080819690563,P_success,2.220446049250313e-16,2.775718410995181e-05,
4Q,5,random_boundary_01,random,0.06323788782628956,0.07369556019240787,0.8630622817872763,4.27019402626521e-06,0.001,0.005872363879285279,0.00748801958190957,0.9863615747540914,0.0002780417847136009,4.15077557008016e-18,0.7520527866012651,P_success,2.220446049250313e-16,0.0002780417847136009,
4Q,5,random_boundary_01,random,0.06323788782628956,0.07369556019240787,0.8630622817872763,4.27019402626521e-06,0.005,0.008162356114329427,0.00864969956130933,0.9817872747128308,0.0014006696115302223,8.851883526106653e-17,0.7431196049998147,P_success,3.3306690738754696e-16,0.0014006696115302223,
4Q,5,random_boundary_01,random,0.06323788782628956,0.07369556019240787,0.8630622817872763,4.27019402626521e-06,0.01,0.011040154714599733,0.01012377340857305,0.9760085265941003,0.002827545282726882,2.217937171008806e-17,0.7321357826396184,P_success,0.0,0.002827545282726882,
4Q,5,random_boundary_01,random,0.06323788782628956,0.07369556019240787,0.8630622817872763,4.27019402626521e-06,0.02,0.0168448889217877,0.01314531545714101,0.9642495789633838,0.005760216657687308,1.7352603701843296e-17,0.7107661852215768,P_success,1.1102230246251565e-16,0.005760216657687308,
4Q,5,random_boundary_01,random,0.06323788782628956,0.07369556019240787,0.8630622817872763,4.27019402626521e-06,0.05,0.034612151691812046,0.02279701995566564,0.9273988267258674,0.015192001626654794,2.1809638630380258e-17,0.6512419545992799,P_success,1.1102230246251565e-16,0.015192001626654794,
4Q,5,random_boundary_01,random,0.06323788782628956,0.07369556019240787,0.8630622817872763,4.27019402626521e-06,0.1,0.06507908478398888,0.04079732610193457,0.8611272077398008,0.03299638137427557,1.1320541109252595e-17,0.5660460026768248,P_success,2.220446049250313e-16,0.03299638137427557,
4Q,5,random_boundary_01,random,0.06323788782628956,0.07369556019240787,0.8630622817872763,4.27019402626521e-06,0.15,0.0958918648866969,0.06098373037795054,0.7899038505462186,0.05322055418913385,1.6239775317524283e-17,0.49622777016865716,P_success,1.1102230246251565e-16,0.05322055418913385,
4Q,5,random_boundary_01,random,0.06323788782628956,0.07369556019240787,0.8630622817872763,4.27019402626521e-06,0.2,0.1260423081396722,0.08290592657206855,0.7156281643425868,0.07542360094567221,2.5105896480813924e-17,0.43954774494172527,P_success,2.220446049250313e-16,0.07542360094567221,
4Q,5,random_boundary_01,random,0.06323788782628956,0.07369556019240787,0.8630622817872763,4.27019402626521e-06,0.3,0.1799545600581411,0.12905103246493202,0.568202960895015,0.1227914465819118,1.2560348463685264e-17,0.357817608927859,P_success,1.1102230246251565e-16,0.1227914465819118,
4Q,5,random_boundary_02,random,0.6550919081603124,0.13816647382617903,0.1981359230600974,0.008605694953411265,0.0,0.8801767913372233,0.03915351807180905,0.08051779773849882,0.0001518928524685836,1.9344388544778756e-17,0.4875672846191871,P_success,2.220446049250313e-16,0.0001518928524685836,
4Q,5,random_boundary_02,random,0.6550919081603124,0.13816647382617903,0.1981359230600974,0.008605694953411265,0.0001,0.8800318769392361,0.03919116897526471,0.08058267748172887,0.00019427660376995025,2.252623706072119e-17,0.48746571880769196,P_success,3.3306690738754696e-16,0.00019427660376995025,
4Q,5,random_boundary_02,random,0.6550919081603124,0.13816647382617903,0.1981359230600974,0.008605694953411265,0.001,0.8787272223109016,0.03953030223092242,0.08116636547587028,0.0005761099823055186,7.287081290962829e-17,0.4865532212218868,P_success,1.1102230246251565e-16,0.0005761099823055186,
4Q,5,random_boundary_02,random,0.6550919081603124,0.13816647382617903,0.1981359230600974,0.008605694953411265,0.005,0.8729197090812265,0.04104350567144751,0.08375542459990538,0.002281360647420439,1.1531591894798834e-17,0.48253224929176486,P_success,1.1102230246251565e-16,0.002281360647420439,
4Q,5,random_boundary_02,random,0.6550919081603124,0.13816647382617903,0.1981359230600974,0.008605694953411265,0.01,0.8656405006006027,0.04294844008249904,0.08697952774305999,0.0044315315738380915,1.823439510693335e-17,0.47758470280457466,P_success,1.1102230246251565e-16,0.0044315315738380915,
4Q,5,random_boundary_02,random,0.6550919081603124,0.13816647382617903,0.1981359230600974,0.008605694953411265,0.02,0.8510222721128003,0.04680163003920802,0.09338386366161769,0.008792234186373898,5.310633274795886e-17,0.46794735051998465,P_success,1.1102230246251565e-16,0.008792234186373898,
4Q,5,random_boundary_02,random,0.6550919081603124,0.13816647382617903,0.1981359230600974,0.008605694953411265,0.05,0.8068127512787625,0.05867804625789251,0.11218657458530293,0.022322627878041967,1.8428907206410085e-17,0.441014165595528,P_success,1.1102230246251565e-16,0.022322627878041967,
4Q,5,random_boundary_02,random,0.6550919081603124,0.13816647382617903,0.1981359230600974,0.008605694953411265,0.1,0.7328288245271732,0.07930208949668123,0.1417695339259021,0.04609955205024332,1.7511584872812324e-17,0.4021930321864087,P_success,1.1102230246251565e-16,0.04609955205024332,
4Q,5,random_boundary_02,random,0.6550919081603124,0.13816647382617903,0.1981359230600974,0.008605694953411265,0.15,0.6601550079038534,0.10049286089446485,0.16851247966116406,0.07083965154051756,3.2060248535780755e-17,0.3700660409505043,P_success,1.1102230246251565e-16,0.07083965154051756,
4Q,5,random_boundary_02,random,0.6550919081603124,0.13816647382617903,0.1981359230600974,0.008605694953411265,0.2,0.5907515437899614,0.12164640727890785,0.1918055132331727,0.09579653569795793,1.6906880429945915e-17,0.3436976560405505,P_success,0.0,0.09579653569795793,
4Q,5,random_boundary_02,random,0.6550919081603124,0.13816647382617903,0.1981359230600974,0.008605694953411265,0.3,0.46857275935551,0.16141640249015235,0.2267242012238201,0.14328663693051744,1.3633047860795302e-17,0.3049719972483778,P_success,1.1102230246251565e-16,0.14328663693051744,
4Q,5,random_boundary_03,random,0.014352284439492345,0.9824129463093888,0.0031005179774400825,0.00013425127367856367,0.0,0.0002133815656824835,0.9997766415067906,9.958257211070107e-06,1.8670315680575434e-08,1.514465336870959e-17,0.9653508163800584,P_success,2.220446049250313e-16,1.8670315680575434e-08,
4Q,5,random_boundary_03,random,0.014352284439492345,0.9824129463093888,0.0031005179774400825,0.00013425127367856367,0.0001,0.0002399013571748268,0.9996726738020818,3.622342536045437e-05,5.120141538254565e-05,2.160165915822136e-17,0.9650425503666156,P_success,4.440892098500626e-16,3.622342536045437e-05,
4Q,5,random_boundary_03,random,0.014352284439492345,0.9824129463093888,0.0031005179774400825,0.00013425127367856367,0.001,0.0004789707195906922,0.998735854803402,0.0002730035523259473,0.0005121709246812627,2.1122771859756088e-17,0.9622730348352379,P_success,1.1102230246251565e-16,0.0002730035523259473,
4Q,5,random_boundary_03,random,0.014352284439492345,0.9824129463093888,0.0031005179774400825,0.00013425127367856367,0.005,0.0015500398524657241,0.9945480443737164,0.0013339506321320544,0.0025679651416856465,1.7593525496569885e-17,0.9500698397698963,P_success,2.220446049250313e-16,0.0013339506321320544,
4Q,5,random_boundary_03,random,0.014352284439492345,0.9824129463093888,0.0031005179774400825,0.00013425127367856367,0.01,0.0029085609306713648,0.9892577775706686,0.0026799420797244252,0.005153719418935629,6.109540893448911e-17,0.9350564881359036,P_success,0.0,0.0026799420797244252,
4Q,5,random_boundary_03,random,0.014352284439492345,0.9824129463093888,0.0031005179774400825,0.00013425127367856367,0.02,0.00569169984782368,0.9784923018508159,0.0054384495859929795,0.010377548715367212,1.3299477992651607e-17,0.9058181069876149,P_success,2.220446049250313e-16,0.0054384495859929795,
4Q,5,random_boundary_03,random,0.014352284439492345,0.9824129463093888,0.0031005179774400825,0.00013425127367856367,0.05,0.01457720615588162,0.944724569137942,0.014253833207081193,0.02644439149909497,7.44816517834774e-18,0.8241538081678765,P_success,2.220446049250313e-16,0.014253833207081193,
4Q,5,random_boundary_03,random,0.014352284439492345,0.9824129463093888,0.0031005179774400825,0.00013425127367856367,0.1,0.03119400332990052,0.8836974727460826,0.03076869987669153,0.05433982404732518,7.120084887975346e-18,0.7065884050068225,P_success,2.220446049250313e-16,0.03076869987669153,
4Q,5,random_boundary_03,random,0.014352284439492345,0.9824129463093888,0.0031005179774400825,0.00013425127367856367,0.15,0.05001370614219661,0.8173369327587244,0.04950934435631263,0.08314001674276626,1.7033657530721877e-17,0.6094603942650895,P_success,1.1102230246251565e-16,0.04950934435631263,
4Q,5,random_boundary_03,random,0.014352284439492345,0.9824129463093888,0.0031005179774400825,0.00013425127367856367,0.2,0.07079740784376833,0.7468781201645173,0.07024109755251087,0.11208337443920335,5.456756577179178e-18,0.5298918515181534,P_success,2.220446049250313e-16,0.07024109755251087,
4Q,5,random_boundary_03,random,0.014352284439492345,0.9824129463093888,0.0031005179774400825,0.00013425127367856367,0.3,0.11617738724050765,0.6016931623480319,0.11560742511950747,0.16652202529195267,2.916690596883647e-17,0.4133974839445555,P_success,2.220446049250313e-16,0.11560742511950747,
4Q,5,random_boundary_04,random,0.2922437130303479,0.6994123035077119,1.6060066592668448e-07,0.008343822861274391,0.0,0.1486223894746184,0.8512564603530098,4.488369779482588e-14,0.00012115017232673643,1.7256099198447674e-17,0.574653577483694,P_success,2.220446049250313e-16,4.488369779482588e-14,
4Q,5,random_boundary_04,random,0.2922437130303479,0.6994123035077119,1.6060066592668448e-07,0.008343822861274391,0.0001,0.14864576932545506,0.8511036827652291,5.549873395432733e-05,0.00019504917536121097,2.1123797983432987e-17,0.5745396113661639,P_success,4.440892098500626e-16,5.549873395432733e-05,
4Q,5,random_boundary_04,random,0.2922437130303479,0.6994123035077119,1.6060066592668448e-07,0.008343822861274391,0.001,0.14885615813806372,0.8497289174324093,0.0005550124756454277,0.0008599119538813642,1.9183774321766307e-17,0.5735153142591859,P_success,2.220446049250313e-16,0.0005550124756454277,
4Q,5,random_boundary_04,random,0.2922437130303479,0.6994123035077119,1.6060066592668448e-07,0.008343822861274391,0.005,0.14979055290850005,0.8436240534153974,0.002775574673300265,0.003809819002802139,7.310770612543678e-17,0.5689932222234607,P_success,2.220446049250313e-16,0.002775574673300265,
4Q,5,random_boundary_04,random,0.2922437130303479,0.6994123035077119,1.6060066592668448e-07,0.008343822861274391,0.01,0.15095693971659588,0.8360055193035419,0.005552215819087886,0.007485325160774041,8.160551636551313e-17,0.5634097901450124,P_success,2.220446049250313e-16,0.005552215819087886,
4Q,5,random_boundary_04,random,0.2922437130303479,0.6994123035077119,1.6060066592668448e-07,0.008343822861274391,0.02,0.15328386562618498,0.8208141295483217,0.011107247721221515,0.014794757104271678,2.0769825148977156e-17,0.5524705258378695,P_success,1.1102230246251565e-16,0.011107247721221515,
4Q,5,random_boundary_04,random,0.2922437130303479,0.6994123035077119,1.6060066592668448e-07,0.008343822861274391,0.05,0.1602083178967089,0.7756800041825476,0.027759268843509387,0.03635240907723409,2.2799917725639467e-17,0.5214175776888811,P_success,0.0,0.027759268843509387,
4Q,5,random_boundary_04,random,0.2922437130303479,0.6994123035077119,1.6060066592668448e-07,0.008343822861274391,0.1,0.17149535894111875,0.7024357605057729,0.05527743560886153,0.07079144494424652,1.930941652280082e-17,0.47518610917056553,P_success,2.220446049250313e-16,0.05527743560886153,
4Q,5,random_boundary_04,random,0.2922437130303479,0.6994123035077119,1.6060066592668448e-07,0.008343822861274391,0.15,0.1823422267728144,0.6326107572824851,0.08213206589390888,0.10291495005079147,1.8618848758395864e-17,0.4352453248422668,P_success,2.220446049250313e-16,0.08213206589390888,
4Q,5,random_boundary_04,random,0.2922437130303479,0.6994123035077119,1.6060066592668448e-07,0.008343822861274391,0.2,0.1926064805592692,0.5672783703827357,0.10787725098502426,0.1322378980729706,3.823787739546478e-17,0.40093735397625374,P_success,2.220446049250313e-16,0.10787725098502426,
4Q,5,random_boundary_04,random,0.2922437130303479,0.6994123035077119,1.6060066592668448e-07,0.008343822861274391,0.3,0.21086661448126212,0.45385264530844865,0.15430945604662163,0.18097128416366748,9.09345739503467e-18,0.34684959272764515,P_success,1.1102230246251565e-16,0.15430945604662163,
4Q,5,random_boundary_05,random,0.0053633977589290826,0.8296091103850569,0.16016613163012383,0.004861360225890224,0.0,4.029099928334694e-05,0.9639955999386294,0.03593100787010034,3.310119198677785e-05,9.599011622445356e-17,0.7139568646140095,P_success,2.220446049250313e-16,3.310119198677785e-05,
4Q,5,random_boundary_05,random,0.0053633977589290826,0.8296091103850569,0.16016613163012383,0.004861360225890224,0.0001,7.163804667197022e-05,0.9638801449030379,0.03596036251092025,8.785453936975962e-05,6.75773639486819e-17,0.7137473660355413,P_success,1.1102230246251565e-16,7.163804667197022e-05,
4Q,5,random_boundary_05,random,0.0053633977589290826,0.8296091103850569,0.16016613163012383,0.004861360225890224,0.001,0.0003542314403012449,0.9628398583945714,0.036224925083982985,0.0005809850811442635,2.4424087166492254e-17,0.7118653439479905,P_success,1.1102230246251565e-16,0.0003542314403012449,
4Q,5,random_boundary_05,random,0.0053633977589290826,0.8296091103850569,0.16016613163012383,0.004861360225890224,0.005,0.001620439010592877,0.9581904804525109,0.037408829709542714,0.002780250827353229,9.469503569566754e-17,0.703575909259667,P_success,3.3306690738754696e-16,0.001620439010592877,
4Q,5,random_boundary_05,random,0.0053633977589290826,0.8296091103850569,0.16016613163012383,0.004861360225890224,0.01,0.0032267059456006076,0.9523196195420002,0.03890721656237139,0.005546457950027846,2.186400267232887e-17,0.6933849531082439,P_success,0.0,0.0032267059456006076,
4Q,5,random_boundary_05,random,0.0053633977589290826,0.8296091103850569,0.16016613163012383,0.004861360225890224,0.02,0.006517557621533658,0.940382811053665,0.041965464769492374,0.011134166555308935,1.41435739576051e-17,0.6735623330314651,P_success,1.1102230246251565e-16,0.006517557621533658,
4Q,5,random_boundary_05,random,0.0053633977589290826,0.8296091103850569,0.16016613163012383,0.004861360225890224,0.05,0.017012506893203952,0.9030609218662534,0.05162514144909304,0.028301429791449357,1.067433780082919e-17,0.6183807816233587,P_success,2.220446049250313e-16,0.017012506893203952,
4Q,5,random_boundary_05,random,0.0053633977589290826,0.8296091103850569,0.16016613163012383,0.004861360225890224,0.1,0.03650245085542706,0.8362933297603494,0.0692549979116736,0.05794922147254971,1.0097642026900538e-16,0.5395036225496386,P_success,3.3306690738754696e-16,0.03650245085542706,
4Q,5,random_boundary_05,random,0.0053633977589290826,0.8296091103850569,0.16016613163012383,0.004861360225890224,0.15,0.058208209391762515,0.7650826542358512,0.08852511093096277,0.08818402544142329,1.0000319959842647e-17,0.474982336105718,P_success,2.220446049250313e-16,0.058208209391762515,
4Q,5,random_boundary_05,random,0.0053633977589290826,0.8296091103850569,0.16016613163012383,0.004861360225890224,0.2,0.081577066571178,0.6914725249252338,0.10894082778629585,0.11800958071729216,1.993975862024698e-17,0.42271130244576477,P_success,1.1102230246251565e-16,0.081577066571178,
4Q,5,random_boundary_05,random,0.0053633977589290826,0.8296091103850569,0.16016613163012383,0.004861360225890224,0.3,0.12999973217996313,0.5475402495323609,0.15040880671439133,0.1720512115732844,3.415437862022496e-17,0.34760552748713935,P_success,2.220446049250313e-16,0.12999973217996313,
4Q,5,random_boundary_06,random,0.6655045881714952,0.05717619290727008,0.048404756749039886,0.22891446217219497,0.0,0.8841829254390897,0.0065263518632562734,0.004677524812760313,0.10461319788489357,2.5341372986662426e-17,0.5009103253801995,P_success,2.220446049250313e-16,0.004677524812760313,
4Q,5,random_boundary_06,random,0.6655045881714952,0.05717619290727008,0.048404756749039886,0.22891446217219497,0.0001,0.8840435172433682,0.00657163459662529,0.004744217337366596,0.10464063082263984,2.314690302902453e-17,0.5007948091814605,P_success,1.1102230246251565e-16,0.004744217337366596,
4Q,5,random_boundary_06,random,0.6655045881714952,0.05717619290727008,0.048404756749039886,0.22891446217219497,0.001,0.8827881130960548,0.006979555788740388,0.00534460431876179,0.10488772679644286,4.817953223638646e-18,0.4997571071481478,P_success,1.1102230246251565e-16,0.00534460431876179,
4Q,5,random_boundary_06,random,0.6655045881714952,0.05717619290727008,0.048404756749039886,0.22891446217219497,0.005,0.8771928441338709,0.008800679232101689,0.008016235857051432,0.10599024077697584,1.449121426984025e-17,0.49518722722753417,P_success,1.1102230246251565e-16,0.008016235857051432,
4Q,5,random_boundary_06,random,0.6655045881714952,0.05717619290727008,0.048404756749039886,0.22891446217219497,0.01,0.8701636991049093,0.011095489632089825,0.011362699433582977,0.10737811182941777,2.155318012271791e-17,0.48957069055398916,P_success,1.1102230246251565e-16,0.011095489632089825,
4Q,5,random_boundary_06,random,0.6655045881714952,0.05717619290727008,0.048404756749039886,0.22891446217219497,0.02,0.8559949811616281,0.015744569381993305,0.01807527327536886,0.11018517618100977,2.2714535039817915e-17,0.47865121834263,P_success,0.0,0.015744569381993305,
4Q,5,random_boundary_06,random,0.6655045881714952,0.05717619290727008,0.048404756749039886,0.22891446217219497,0.05,0.8127360275844543,0.03012786468908553,0.03830214463220425,0.11883396309425565,9.344613799121829e-17,0.4482947830298003,P_success,2.220446049250313e-16,0.03012786468908553,
4Q,5,random_boundary_06,random,0.6655045881714952,0.05717619290727008,0.048404756749039886,0.22891446217219497,0.1,0.739099463242059,0.055244177314374365,0.071826775784402,0.13382958365916445,5.763466755909782e-17,0.40502829604232266,P_success,2.220446049250313e-16,0.055244177314374365,
4Q,5,random_boundary_06,random,0.6655045881714952,0.05717619290727008,0.048404756749039886,0.22891446217219497,0.15,0.6654940405960098,0.08112972523227317,0.10420007950817071,0.14917615466354603,3.8029579211964983e-17,0.36978079940766906,P_success,3.3306690738754696e-16,0.08112972523227317,
4Q,5,random_boundary_06,random,0.6655045881714952,0.05717619290727008,0.048404756749039886,0.22891446217219497,0.2,0.5943061764813399,0.1069219556267361,0.13438238410128223,0.16438948379064156,9.024108872942557e-18,0.34135812154244777,P_success,2.220446049250313e-16,0.1069219556267361,
4Q,5,random_boundary_06,random,0.6655045881714952,0.05717619290727008,0.048404756749039886,0.22891446217219497,0.3,0.46788711609303907,0.1547773534670805,0.18483003376280677,0.1925054966770735,1.9508300896880288e-17,0.3008447051113552,P_success,1.1102230246251565e-16,0.1547773534670805,
4Q,5,random_boundary_07,random,0.006343182496103182,0.642462551330843,0.0019305722290941713,0.3492636939439597,0.0,7.523733292548269e-05,0.7718174888542007,6.96933095349619e-06,0.22810030448192029,1.963446922508158e-17,0.5347872208432263,P_success,1.1102230246251565e-16,6.96933095349619e-06,
4Q,5,random_boundary_07,random,0.006343182496103182,0.642462551330843,0.0019305722290941713,0.3492636939439597,0.0001,0.00010135341828731526,0.7717325214239655,3.2895689855584464e-05,0.2281332294678915,3.426964045212773e-17,0.534649282788142,P_success,1.1102230246251565e-16,3.2895689855584464e-05,
4Q,5,random_boundary_07,random,0.006343182496103182,0.642462551330843,0.0019305722290941713,0.3492636939439597,0.001,0.00033702185732078686,0.7709667898328972,0.0002668593111815277,0.22842932899860022,1.0507595470651753e-16,0.5334102612547622,P_success,2.220446049250313e-16,0.0002668593111815277,
4Q,5,random_boundary_07,random,0.006343182496103182,0.642462551330843,0.0019305722290941713,0.3492636939439597,0.005,0.001398019876431709,0.767541306719484,0.0013203401258436221,0.22974033327824042,7.99495343176426e-17,0.5279559632878864,P_success,3.3306690738754696e-16,0.0013203401258436221,
4Q,5,random_boundary_07,random,0.006343182496103182,0.642462551330843,0.0019305722290941713,0.3492636939439597,0.01,0.002755446872661391,0.7632088117203888,0.0026685101698723248,0.23136723123707742,8.787478621638576e-18,0.5212573742698585,P_success,0.0,0.0026685101698723248,
4Q,5,random_boundary_07,random,0.006343182496103182,0.642462551330843,0.0019305722290941713,0.3492636939439597,0.02,0.00557409445550495,0.7543777963101171,0.005469123814827787,0.2345789854195499,1.024716438665095e-16,0.5082503932927656,P_success,2.220446049250313e-16,0.005469123814827787,
4Q,5,random_boundary_07,random,0.006343182496103182,0.642462551330843,0.0019305722290941713,0.3492636939439597,0.05,0.014852715972450312,0.7266193243041907,0.014697752130709155,0.2438302075926496,1.4046308974628365e-17,0.4722139582978525,P_success,2.220446049250313e-16,0.014697752130709155,
4Q,5,random_boundary_07,random,0.006343182496103182,0.642462551330843,0.0019305722290941713,0.3492636939439597,0.1,0.03293842987589777,0.6766872361041928,0.032715426483822495,0.25765890753608667,2.559945366013379e-17,0.4212310532463199,P_success,2.220446049250313e-16,0.032715426483822495,
4Q,5,random_boundary_07,random,0.006343182496103182,0.642462551330843,0.0019305722290941713,0.3492636939439597,0.15,0.053888873736472095,0.6234947625815696,0.05361903015245737,0.2689973335295007,1.325113992002899e-17,0.3801352309133751,P_success,2.220446049250313e-16,0.05361903015245737,
4Q,5,random_boundary_07,random,0.006343182496103182,0.642462551330843,0.0019305722290941713,0.3492636939439597,0.2,0.07695462814853128,0.5689685109776738,0.07666005897112675,0.277416801902668,2.029430319175969e-17,0.34740050127400157,P_success,2.220446049250313e-16,0.07666005897112675,
4Q,5,random_boundary_07,random,0.006343182496103182,0.642462551330843,0.0019305722290941713,0.3492636939439597,0.3,0.12537679202925398,0.4644952972007725,0.1250931147631212,0.2850347960068522,5.817519392285555e-18,0.30173768881033225,P_success,1.1102230246251565e-16,0.1250931147631212,
4Q,5,random_boundary_08,random,2.6894210381224504e-06,0.10208815489701718,0.14532266649851644,0.7525864891834282,0.0,1.2096766302601924e-11,0.01743020428644483,0.03531982019872239,0.9472499755027359,2.2734137697901914e-17,0.5979270924771872,P_success,1.1102230246251565e-16,1.2096766302601924e-11,
4Q,5,random_boundary_08,random,2.6894210381224504e-06,0.10208815489701718,0.14532266649851644,0.7525864891834282,0.0001,4.022580565291406e-05,0.01749978603576911,0.03535686657702496,0.9471031215815527,6.743342313596745e-17,0.5977848189776201,P_success,2.220446049250313e-16,4.022580565291406e-05,
4Q,5,random_boundary_08,random,2.6894210381224504e-06,0.10208815489701718,0.14532266649851644,0.7525864891834282,0.001,0.00040260472481856317,0.01812600352178386,0.03569053578567104,0.9457808559677263,2.7265013444433356e-17,0.596506489302866,P_success,2.220446049250313e-16,0.00040260472481856317,
4Q,5,random_boundary_08,random,2.6894210381224504e-06,0.10208815489701718,0.14532266649851644,0.7525864891834282,0.005,0.0020206967502543675,0.020908698037760815,0.037178961657944126,0.9398916435540406,1.0524663271272941e-16,0.5908712496594869,P_success,0.0,0.0020206967502543675,
4Q,5,random_boundary_08,random,2.6894210381224504e-06,0.10208815489701718,0.14532266649851644,0.7525864891834282,0.01,0.004060420489404057,0.024385488288793517,0.039051860896661364,0.9325022303251408,2.5730104944891466e-17,0.5839324218571436,P_success,2.220446049250313e-16,0.004060420489404057,
4Q,5,random_boundary_08,random,2.6894210381224504e-06,0.10208815489701718,0.14532266649851644,0.7525864891834282,0.02,0.008195851759182526,0.03133093271339818,0.042837880233474866,0.9176353352939444,2.128995574104598e-18,0.5703997474814447,P_success,0.0,0.008195851759182526,
4Q,5,random_boundary_08,random,2.6894210381224504e-06,0.10208815489701718,0.14532266649851644,0.7525864891834282,0.05,0.02102750208636062,0.05204585908152318,0.05449658833385151,0.8724300504982643,2.355608522491795e-17,0.5324549415044741,P_success,4.440892098500626e-16,0.02102750208636062,
4Q,5,random_boundary_08,random,2.6894210381224504e-06,0.10208815489701718,0.14532266649851644,0.7525864891834282,0.1,0.043646077435078395,0.0857720972751527,0.07476183681914737,0.7958199884706214,1.7832402701243985e-17,0.4773779920741252,P_success,1.1102230246251565e-16,0.043646077435078395,
4Q,5,random_boundary_08,random,2.6894210381224504e-06,0.10208815489701718,0.14532266649851644,0.7525864891834282,0.15,0.0673797594394397,0.11776349576118628,0.09569750733561846,0.7191592374637552,1.983491604424434e-17,0.4313599374783833,P_success,3.3306690738754696e-16,0.0673797594394397,
4Q,5,random_boundary_08,random,2.6894210381224504e-06,0.10208815489701718,0.14532266649851644,0.7525864891834282,0.2,0.09161995871000672,0.14718866604047734,0.11678911287569978,0.6444022623738159,6.279644577682573e-17,0.3931924479019961,P_success,2.220446049250313e-16,0.09161995871000672,
4Q,5,random_boundary_08,random,2.6894210381224504e-06,0.10208815489701718,0.14532266649851644,0.7525864891834282,0.3,0.13880539238804193,0.19562355744111468,0.15714792528489346,0.5084231248859497,2.7354347478765883e-17,0.33617307004462393,P_success,2.220446049250313e-16,0.13880539238804193,
4Q,5,random_boundary_09,random,0.06058810971967282,0.017772673598923493,0.012459441401537175,0.9091797752798665,0.0,0.0044188017242663335,0.0003802202458949545,0.0001868645210807403,0.9950141135087579,3.349633592710979e-17,0.8307498884242432,P_success,1.1102230246251565e-16,0.0001868645210807403,
4Q,5,random_boundary_09,random,0.06058810971967282,0.017772673598923493,0.012459441401537175,0.9091797752798665,0.0001,0.0044477204286013814,0.000434326889962555,0.0002151529612106907,0.9949027997202252,2.2780871826969748e-17,0.8304951150320475,P_success,1.1102230246251565e-16,0.0002151529612106907,
4Q,5,random_boundary_09,random,0.06058810971967282,0.017772673598923493,0.012459441401537175,0.9091797752798665,0.001,0.004708400781253002,0.0009216140512822174,0.00047017853310170094,0.993899806634363,1.2793083877679892e-17,0.8282062570762224,P_success,1.1102230246251565e-16,0.00047017853310170094,
4Q,5,random_boundary_09,random,0.06058810971967282,0.017772673598923493,0.012459441401537175,0.9091797752798665,0.005,0.005875962921165576,0.003094417790877886,0.001612994328638415,0.9894166249593178,2.5415180764038418e-17,0.8181224888638424,P_success,3.3306690738754696e-16,0.001612994328638415,
4Q,5,random_boundary_09,random,0.06058810971967282,0.017772673598923493,0.012459441401537175,0.9091797752798665,0.01,0.007356081382450005,0.0058264680838051195,0.00306307877044912,0.9837543717632956,8.30940403306892e-18,0.8057201033579918,P_success,1.1102230246251565e-16,0.00306307877044912,
4Q,5,random_boundary_09,random,0.06058810971967282,0.017772673598923493,0.012459441401537175,0.9091797752798665,0.02,0.010385424619334482,0.011342590065936955,0.006035430869902157,0.9722365544448264,3.500931307192538e-17,0.7815779625648616,P_success,0.0,0.006035430869902157,
4Q,5,random_boundary_09,random,0.06058810971967282,0.017772673598923493,0.012459441401537175,0.9091797752798665,0.05,0.020028026969424035,0.028275569905142864,0.015533171404180273,0.9361632317212526,1.835202926758492e-17,0.7142345145394376,P_success,2.220446049250313e-16,0.015533171404180273,
4Q,5,random_boundary_09,random,0.06058810971967282,0.017772673598923493,0.012459441401537175,0.9091797752798665,0.1,0.0379225259304427,0.05751748496209438,0.03328257883180117,0.8712774102756615,2.024362301886749e-17,0.6175512580344754,P_success,2.220446049250313e-16,0.03328257883180117,
4Q,5,random_boundary_09,random,0.06058810971967282,0.017772673598923493,0.012459441401537175,0.9091797752798665,0.15,0.05793645065690977,0.08742366246667936,0.053285606206097146,0.8013542806703136,1.0359069551188355e-16,0.5379789595531134,P_success,2.220446049250313e-16,0.053285606206097146,
4Q,5,random_boundary_09,random,0.06058810971967282,0.017772673598923493,0.012459441401537175,0.9091797752798665,0.2,0.079690013048783,0.11710050832790561,0.07517123034677076,0.7280382482765404,5.5351355989954176e-17,0.4730684646641923,P_success,2.220446049250313e-16,0.07517123034677076,
4Q,5,random_boundary_09,random,0.06058810971967282,0.017772673598923493,0.012459441401537175,0.9091797752798665,0.3,0.1257986608574191,0.17157779497568634,0.12194987312507292,0.5806736710418215,2.0015287949800533e-17,0.3787056242560781,P_success,0.0,0.12194987312507292,
4Q,5,random_boundary_10,random,0.8810003960526989,0.0008579405487075478,0.10581860924898064,0.012323054149612864,0.0,0.9855873006787521,9.346677980543195e-07,0.014218932431574837,0.000192832221874796,6.944590487769335e-17,0.7875118696339596,P_success,2.220446049250313e-16,9.346677980543195e-07,
4Q,5,random_boundary_10,random,0.8810003960526989,0.0008579405487075478,0.10581860924898064,0.012323054149612864,0.0001,0.9854787745093725,2.651611859328529e-05,0.014275969336526391,0.00021874003550773427,1.517036918846723e-17,0.7872723203970082,P_success,1.1102230246251565e-16,2.651611859328529e-05,
4Q,5,random_boundary_10,random,0.8810003960526989,0.0008579405487075478,0.10581860924898064,0.012323054149612864,0.001,0.9845008197200262,0.0002572153366522885,0.014789591826033783,0.000452373117287484,2.170188917569103e-17,0.7851202922116071,P_success,2.220446049250313e-16,0.0002572153366522885,
4Q,5,random_boundary_10,random,0.8810003960526989,0.0008579405487075478,0.10581860924898064,0.012323054149612864,0.005,0.980127824008825,0.0012927163450880492,0.0170786210553518,0.0015008385907349028,2.4336625853768216e-17,0.7756405843654752,P_success,1.1102230246251565e-16,0.0012927163450880492,
4Q,5,random_boundary_10,random,0.8810003960526989,0.0008579405487075478,0.10581860924898064,0.012323054149612864,0.01,0.9746007873825565,0.0026105280870075357,0.019954004500805558,0.0028346800296303403,6.899133326492438e-18,0.7639839895231141,P_success,0.0,0.0026105280870075357,
4Q,5,random_boundary_10,random,0.8810003960526989,0.0008579405487075478,0.10581860924898064,0.012323054149612864,0.02,0.9633450237521265,0.00532475093931159,0.025749874073575815,0.005580351234986032,6.395524948058531e-17,0.7413028873992202,P_success,1.1102230246251565e-16,0.00532475093931159,
4Q,5,random_boundary_10,random,0.8810003960526989,0.0008579405487075478,0.10581860924898064,0.012323054149612864,0.05,0.9279916142369006,0.014102667373705375,0.043458465985510925,0.014447252403882943,2.6237047627536274e-17,0.6781057726012888,P_success,2.220446049250313e-16,0.014102667373705375,
4Q,5,random_boundary_10,random,0.8810003960526989,0.0008579405487075478,0.10581860924898064,0.012323054149612864,0.1,0.864099059514151,0.030852735485241475,0.07372355675078635,0.03132464824982097,2.994404686737394e-18,0.5875923288666802,P_success,2.220446049250313e-16,0.030852735485241475,
4Q,5,random_boundary_10,random,0.8810003960526989,0.0008579405487075478,0.10581860924898064,0.012323054149612864,0.15,0.7949604781110072,0.05012938653007758,0.10421293430299067,0.050697201055924145,1.1468743003528976e-17,0.5133467533218774,P_success,4.440892098500626e-16,0.05012938653007758,
4Q,5,random_boundary_10,random,0.8810003960526989,0.0008579405487075478,0.10581860924898064,0.012323054149612864,0.2,0.722306407580764,0.07156749234706805,0.13393097059417594,0.07219512947799187,7.661029505579465e-18,0.4530086557128968,P_success,1.1102230246251565e-16,0.07156749234706805,
4Q,5,random_boundary_10,random,0.8810003960526989,0.0008579405487075478,0.10581860924898064,0.012323054149612864,0.3,0.5762779382523567,0.11819499738164521,0.18669831317676372,0.11882875118923404,4.839801149881259e-17,0.3658471759397318,P_success,2.220446049250313e-16,0.11819499738164521,
4Q,5,random_boundary_11,random,0.03971121062017097,0.12477153363351705,0.012885521075668399,0.8226317346706437,0.0,0.0022721947670885103,0.022431087415887032,0.00023923420425803267,0.9750574836127661,2.644883268590698e-17,0.6940339233948026,P_success,3.3306690738754696e-16,0.00023923420425803267,
4Q,5,random_boundary_11,random,0.03971121062017097,0.12477153363351705,0.012885521075668399,0.8226317346706437,0.0001,0.0023011627447407103,0.02249106412873185,0.0002676681208433287,0.9749401050056841,3.267643386652735e-17,0.6938344573188233,P_success,0.0,0.0002676681208433287,
4Q,5,random_boundary_11,random,0.03971121062017097,0.12477153363351705,0.012885521075668399,0.8226317346706437,0.001,0.0025623479894665148,0.02303108976917495,0.0005240591339052738,0.9738825031074532,3.6279447381259346e-18,0.6920425463465316,P_success,1.1102230246251565e-16,0.0005240591339052738,
4Q,5,random_boundary_11,random,0.03971121062017097,0.12477153363351705,0.012885521075668399,0.8226317346706437,0.005,0.003733487317851854,0.025436247501304698,0.0016741609493082998,0.969156104231535,8.316949344061252e-17,0.684149674645445,P_success,2.220446049250313e-16,0.0016741609493082998,
4Q,5,random_boundary_11,random,0.03971121062017097,0.12477153363351705,0.012885521075668399,0.8226317346706437,0.01,0.005221115834722611,0.02845390929557954,0.00313612160804638,0.9631888532616512,3.5347424671900854e-17,0.6744454867934804,P_success,3.3306690738754696e-16,0.00313612160804638,
4Q,5,random_boundary_11,random,0.03971121062017097,0.12477153363351705,0.012885521075668399,0.8226317346706437,0.02,0.008275447211934493,0.034524190434105366,0.006141269205617378,0.9510590931483425,5.31877745217682e-17,0.6555671853509195,P_success,3.3306690738754696e-16,0.006141269205617378,
4Q,5,random_boundary_11,random,0.03971121062017097,0.12477153363351705,0.012885521075668399,0.8226317346706437,0.05,0.018068898922749998,0.05296473482036858,0.0158053947865147,0.9131609714703665,2.1698837118296437e-17,0.602995322027335,P_success,2.220446049250313e-16,0.0158053947865147,
4Q,5,random_boundary_11,random,0.03971121062017097,0.12477153363351705,0.012885521075668399,0.8226317346706437,0.1,0.0364314593844776,0.08408143736577885,0.034019218416593305,0.8454678848331502,1.7187416135099363e-17,0.5277899154468259,P_success,1.1102230246251565e-16,0.034019218416593305,
4Q,5,random_boundary_11,random,0.03971121062017097,0.12477153363351705,0.012885521075668399,0.8226317346706437,0.15,0.05709295804649547,0.11486697919517423,0.054623737098180795,0.7734163256601493,1.3821122014606875e-17,0.466204666643536,P_success,2.220446049250313e-16,0.054623737098180795,
4Q,5,random_boundary_11,random,0.03971121062017097,0.12477153363351705,0.012885521075668399,0.8226317346706437,0.2,0.07954149463116285,0.14426922180486512,0.07711091817572026,0.6990783653882516,6.401824405053096e-17,0.41625027552150873,P_success,2.220446049250313e-16,0.07711091817572026,
4Q,5,random_boundary_11,random,0.03971121062017097,0.12477153363351705,0.012885521075668399,0.8226317346706437,0.3,0.12666643072365324,0.1947693027618351,0.12457477510546001,0.5539894914090514,2.1333908634922184e-17,0.34432097153505986,P_success,2.220446049250313e-16,0.12457477510546001,
4Q,5,random_boundary_12,random,0.18915017551067378,0.6861041230175231,0.12474558231751685,1.1915428640055352e-07,0.0,0.06852957008290686,0.9016636638293213,0.029806766087744616,2.7194875985592363e-14,1.2759642649536128e-17,0.5220781168251134,P_success,1.1102230246251565e-16,2.7194875985592363e-14,
4Q,5,random_boundary_12,random,0.18915017551067378,0.6861041230175231,0.12474558231751685,1.1915428640055352e-07,0.0001,0.0685709836382349,0.9015022773710131,0.029856456142293437,7.02828484585097e-05,7.472604953353082e-17,0.5219702582736668,P_success,0.0,7.02828484585097e-05,
4Q,5,random_boundary_12,random,0.18915017551067378,0.6861041230175231,0.12474558231751685,1.1915428640055352e-07,0.001,0.06894377045244438,0.9000496833733209,0.030303763593673098,0.000702782580561533,1.0816621492093487e-17,0.5210010914359811,P_success,0.0,0.000702782580561533,
4Q,5,random_boundary_12,random,0.18915017551067378,0.6861041230175231,0.12474558231751685,1.1915428640055352e-07,0.005,0.07060196373830784,0.8935913878610319,0.03229384921324543,0.0035127991874147387,1.1546044949367423e-17,0.5167275172862328,P_success,1.1102230246251565e-16,0.0035127991874147387,
4Q,5,random_boundary_12,random,0.18915017551067378,0.6861041230175231,0.12474558231751685,1.1915428640055352e-07,0.01,0.07267761200873817,0.8855141085861516,0.034785897509948226,0.007022381895161915,3.767050746603097e-17,0.5114625869308849,P_success,1.1102230246251565e-16,0.007022381895161915,
4Q,5,random_boundary_12,random,0.18915017551067378,0.6861041230175231,0.12474558231751685,1.1915428640055352e-07,0.02,0.07683714859474099,0.8693508297665246,0.03978303245501092,0.014028989183723565,1.6634033684126598e-17,0.501185442021733,P_success,0.0,0.014028989183723565,
4Q,5,random_boundary_12,random,0.18915017551067378,0.6861041230175231,0.12474558231751685,1.1915428640055352e-07,0.05,0.08935316564392626,0.8209080691312454,0.054843899819759095,0.034894865405069274,2.273571814800711e-17,0.47230022414036715,P_success,0.0,0.034894865405069274,
4Q,5,random_boundary_12,random,0.18915017551067378,0.6861041230175231,0.12474558231751685,1.1915428640055352e-07,0.1,0.11013629804640096,0.7411419238926457,0.07992934863550905,0.06879242942544442,1.274010092638758e-17,0.4301638020780455,P_success,2.220446049250313e-16,0.06879242942544442,
4Q,5,random_boundary_12,random,0.18915017551067378,0.6861041230175231,0.12474558231751685,1.1915428640055352e-07,0.15,0.13043928121359158,0.6641120975742457,0.10452009819324484,0.10092852301891754,1.5432394799438986e-17,0.39472028853242247,P_success,3.3306690738754696e-16,0.10092852301891754,
4Q,5,random_boundary_12,random,0.18915017551067378,0.6861041230175231,0.12474558231751685,1.1915428640055352e-07,0.2,0.14981362516844915,0.5915475375622341,0.12805717194440136,0.13058166532491522,1.896099807167448e-17,0.3651097234693492,P_success,1.1102230246251565e-16,0.12805717194440136,
4Q,5,random_boundary_12,random,0.18915017551067378,0.6861041230175231,0.12474558231751685,1.1915428640055352e-07,0.3,0.1841730283722881,0.46570414286637796,0.16994681796930858,0.1801760107920253,1.480169280572411e-17,0.3203610749882777,P_success,1.1102230246251565e-16,0.16994681796930858,
4Q,5,random_boundary_13,random,0.00044069040486742944,0.23954762348842454,0.012727125842192653,0.7472845602645155,0.0,3.1528329777041596e-07,0.09315743202934507,0.0002629628824655712,0.9065792898048914,1.0101183233225869e-16,0.6159794518689179,P_success,1.1102230246251565e-16,3.1528329777041596e-07,
4Q,5,random_boundary_13,random,0.00044069040486742944,0.23954762348842454,0.012727125842192653,0.7472845602645155,0.0001,2.665424266901309e-05,0.09321203767059898,0.000289741366328265,0.9064715667204035,2.5596403256710577e-18,0.6158100152208347,P_success,2.220446049250313e-16,2.665424266901309e-05,
4Q,5,random_boundary_13,random,0.00044069040486742944,0.23954762348842454,0.012727125842192653,0.7472845602645155,0.001,0.00026425796902385964,0.09370355106892408,0.0005312948750183509,0.9055008960870335,2.4113774084684664e-17,0.6142879502655294,P_success,1.1102230246251565e-16,0.00026425796902385964,
4Q,5,random_boundary_13,random,0.00044069040486742944,0.23954762348842454,0.012727125842192653,0.7472845602645155,0.005,0.0013323279360240726,0.09588932263694418,0.0016167889119916637,0.9011615605150399,7.383642860559638e-17,0.6075853096548293,P_success,2.220446049250313e-16,0.0013323279360240726,
4Q,5,random_boundary_13,random,0.00044069040486742944,0.23954762348842454,0.012727125842192653,0.7472845602645155,0.01,0.0026951205063979805,0.09862400417343777,0.0030010564712757647,0.8956798188488883,1.8079291608461225e-17,0.5993482195607486,P_success,2.220446049250313e-16,0.0026951205063979805,
4Q,5,random_boundary_13,random,0.00044069040486742944,0.23954762348842454,0.012727125842192653,0.7472845602645155,0.02,0.00551317620602001,0.10409868825128622,0.005861010585230642,0.884527124957463,1.719218688151425e-17,0.5833361975759235,P_success,1.1102230246251565e-16,0.00551317620602001,
4Q,5,random_boundary_13,random,0.00044069040486742944,0.23954762348842454,0.012727125842192653,0.7472845602645155,0.05,0.014705361681975369,0.12050732776288914,0.015169839205127827,0.8496174713500074,9.686957059676642e-18,0.5388393899916333,P_success,2.220446049250313e-16,0.014705361681975369,
4Q,5,random_boundary_13,random,0.00044069040486742944,0.23954762348842454,0.012727125842192653,0.7472845602645155,0.1,0.032416743183179976,0.14738423093853512,0.03304151480720634,0.7871575110710783,2.2901140822966546e-17,0.47547132424716587,P_success,2.220446049250313e-16,0.032416743183179976,
4Q,5,random_boundary_13,random,0.00044069040486742944,0.23954762348842454,0.012727125842192653,0.7472845602645155,0.15,0.052824969825704074,0.17285821644143154,0.053561673616321574,0.7207551401165426,1.824048403813449e-17,0.4239084335605299,P_success,2.220446049250313e-16,0.052824969825704074,
4Q,5,random_boundary_13,random,0.00044069040486742944,0.23954762348842454,0.012727125842192653,0.7472845602645155,0.2,0.07533700582117735,0.19598326470796232,0.07613368937361749,0.6525460400972426,1.5079199099677806e-17,0.38238529888483674,P_success,2.220446049250313e-16,0.07533700582117735,
4Q,5,random_boundary_13,random,0.00044069040486742944,0.23954762348842454,0.012727125842192653,0.7472845602645155,0.3,0.12313211530463691,0.23212211722893217,0.12390047669006117,0.5208452907763695,6.011095129052298e-17,0.3233364975098344,P_success,2.220446049250313e-16,0.12313211530463691,
4Q,5,random_boundary_14,random,0.019639525402907795,0.0017441207853837015,0.32691465951967763,0.651701694292031,0.0,0.0007250518815574025,5.718211598862932e-06,0.2008981316752503,0.7983710982315934,2.1581381689206785e-18,0.5319770458673356,P_success,1.1102230246251565e-16,5.718211598862932e-06,
4Q,5,random_boundary_14,random,0.019639525402907795,0.0017441207853837015,0.32691465951967763,0.651701694292031,0.0001,0.0007870545418199646,8.153078547885e-05,0.2009103009220314,0.7982211137506696,2.000143366890694e-17,0.5318818842290229,P_success,2.220446049250313e-16,8.153078547885e-05,
4Q,5,random_boundary_14,random,0.019639525402907795,0.0017441207853837015,0.32691465951967763,0.651701694292031,0.001,0.001344962687277799,0.0007635214123776111,0.20101977617951544,0.7968717397208289,2.2429543468999324e-17,0.5310265233635872,P_success,2.220446049250313e-16,0.0007635214123776111,
4Q,5,random_boundary_14,random,0.019639525402907795,0.0017441207853837015,0.32691465951967763,0.651701694292031,0.005,0.0038219851601207803,0.003787507385860431,0.20150528245724197,0.7908852249967765,2.2485016588859843e-17,0.527248667642672,P_success,3.3306690738754696e-16,0.003787507385860431,
4Q,5,random_boundary_14,random,0.019639525402907795,0.0017441207853837015,0.32691465951967763,0.651701694292031,0.01,0.006912147663879466,0.007550957045153523,0.2021097268920232,0.7834271683989436,4.413134156644494e-18,0.5225805359046111,P_success,2.220446049250313e-16,0.006912147663879466,
4Q,5,random_boundary_14,random,0.019639525402907795,0.0017441207853837015,0.32691465951967763,0.651701694292031,0.02,0.013070690494765676,0.015021021452315219,0.20331031696162405,0.7685979710912948,4.290507758201347e-18,0.5134227651999339,P_success,2.220446049250313e-16,0.013070690494765676,
4Q,5,random_boundary_14,random,0.019639525402907795,0.0017441207853837015,0.32691465951967763,0.651701694292031,0.05,0.03134515672944028,0.036943921283643474,0.20684247913345724,0.7248684428534589,2.0194593476826627e-17,0.4873376569218942,P_success,1.1102230246251565e-16,0.03134515672944028,
4Q,5,random_boundary_14,random,0.019639525402907795,0.0017441207853837015,0.32691465951967763,0.651701694292031,0.1,0.06094850795157611,0.0716437196438928,0.2124763558719314,0.6549314165325995,1.547191247199069e-17,0.44823361210818247,P_success,2.220446049250313e-16,0.06094850795157611,
4Q,5,random_boundary_14,random,0.019639525402907795,0.0017441207853837015,0.32691465951967763,0.651701694292031,0.15,0.08914835078964356,0.10367786674884914,0.21775782067199684,0.5894159617895104,2.6267628091758253e-17,0.4141533669899481,P_success,0.0,0.08914835078964356,
4Q,5,random_boundary_14,random,0.019639525402907795,0.0017441207853837015,0.32691465951967763,0.651701694292031,0.2,0.11556549891679047,0.13267036528346252,0.222649626093228,0.529114509706519,7.896501550838803e-18,0.3846210869473588,P_success,0.0,0.11556549891679047,
4Q,5,random_boundary_14,random,0.019639525402907795,0.0017441207853837015,0.32691465951967763,0.651701694292031,0.3,0.16172082423352588,0.18046062314804343,0.23115231067827316,0.4266662419401573,6.0921401845019446e-18,0.33746372941973596,P_success,2.220446049250313e-16,0.16172082423352588,
4Q,5,random_boundary_15,random,0.0012358591121105155,0.3238414799272984,0.1782294372483853,0.4966932237122057,0.0,3.984267048247952e-06,0.2735744045338849,0.08286466581619532,0.6435569453828713,2.68349325442846e-17,0.3833447222527469,P_success,2.220446049250313e-16,3.984267048247952e-06,
4Q,5,random_boundary_15,random,0.0012358591121105155,0.3238414799272984,0.1782294372483853,0.4966932237122057,0.0001,5.2369802368829086e-05,0.2735920557595256,0.08289625091945886,0.6434593235186465,1.537857830362493e-17,0.3832841806706427,P_success,2.220446049250313e-16,5.2369802368829086e-05,
4Q,5,random_boundary_15,random,0.0012358591121105155,0.3238414799272984,0.1782294372483853,0.4966932237122057,0.001,0.00048817598615530513,0.2737504859743228,0.08318072722345123,0.6425806108160705,3.7848224174517177e-17,0.38274031272022735,P_success,2.220446049250313e-16,0.00048817598615530513,
4Q,5,random_boundary_15,random,0.0012358591121105155,0.3238414799272984,0.1782294372483853,0.4966932237122057,0.005,0.0024323264618656935,0.27444521779108855,0.08444959227413239,0.6386728634729132,1.3463885157040936e-17,0.3803449331736754,P_success,2.220446049250313e-16,0.0024323264618656935,
4Q,5,random_boundary_15,random,0.0012358591121105155,0.3238414799272984,0.1782294372483853,0.4966932237122057,0.01,0.004878704704093156,0.2752919573136364,0.08604580949043278,0.6337835284918376,2.5457121971568456e-17,0.37740031811386854,P_success,0.0,0.004878704704093156,
4Q,5,random_boundary_15,random,0.0012358591121105155,0.3238414799272984,0.1782294372483853,0.4966932237122057,0.02,0.009822697920501028,0.276912676363339,0.08927036499629674,0.6239942607198629,2.269186049974009e-17,0.37167348952704027,P_success,4.440892098500626e-16,0.009822697920501028,
4Q,5,random_boundary_15,random,0.0012358591121105155,0.3238414799272984,0.1782294372483853,0.4966932237122057,0.05,0.025010654931257034,0.2811856659363524,0.09916806777531995,0.5946356113570704,1.8617449108720388e-17,0.3557374100799005,P_success,2.220446049250313e-16,0.025010654931257034,
4Q,5,random_boundary_15,random,0.0012358591121105155,0.3238414799272984,0.1782294372483853,0.4966932237122057,0.1,0.05112906693122188,0.2863303750962378,0.1161773814065773,0.5463631765659629,2.9772319589038464e-17,0.3329768453408761,P_success,1.1102230246251565e-16,0.05112906693122188,
4Q,5,random_boundary_15,random,0.0012358591121105155,0.3238414799272984,0.1782294372483853,0.4966932237122057,0.15,0.07753325415681023,0.2890719897689879,0.1333848450778623,0.5000099109963394,1.6310572473439308e-17,0.3143802525731793,P_success,2.220446049250313e-16,0.07753325415681023,
4Q,5,random_boundary_15,random,0.0012358591121105155,0.3238414799272984,0.1782294372483853,0.4966932237122057,0.2,0.10339828586551683,0.2896168473785183,0.15028007442260233,0.4567047923333625,1.505774011855865e-17,0.29933421039414787,P_success,0.0,0.10339828586551683,
4Q,5,random_boundary_15,random,0.0012358591121105155,0.3238414799272984,0.1782294372483853,0.4966932237122057,0.3,0.1506513883524078,0.2854886552322699,0.18134589744270602,0.38251405897261614,1.603043054280806e-17,0.27776374464397513,P_success,1.1102230246251565e-16,0.1506513883524078,
4Q,5,random_boundary_16,random,0.8195517912471175,0.000730216932130334,0.10026401588808131,0.07945397593267073,0.0,0.9762128029144609,7.749889129246214e-07,0.014611065321732558,0.009175356774893301,2.780657998620229e-17,0.6880314789266412,P_success,3.3306690738754696e-16,7.749889129246214e-07,
4Q,5,random_boundary_16,random,0.8195517912471175,0.000730216932130334,0.10026401588808131,0.07945397593267073,0.0001,0.9760951472153346,2.9342818917802356e-05,0.014670665729813787,0.009204844235933485,1.8716096844346485e-17,0.687833015919182,P_success,3.3306690738754696e-16,2.9342818917802356e-05,
4Q,5,random_boundary_16,random,0.8195517912471175,0.000730216932130334,0.10026401588808131,0.07945397593267073,0.001,0.975035023413455,0.00028694920567973664,0.015207340597486218,0.009470686783378932,7.438413733243084e-17,0.6860501414569576,P_success,1.1102230246251565e-16,0.00028694920567973664,
4Q,5,random_boundary_16,random,0.8195517912471175,0.000730216932130334,0.10026401588808131,0.07945397593267073,0.005,0.9702968051201347,0.0014426738921996555,0.01759839190476728,0.01066212908289818,7.014409448568522e-17,0.678197622783029,P_success,1.1102230246251565e-16,0.0014426738921996555,
4Q,5,random_boundary_16,random,0.8195517912471175,0.000730216932130334,0.10026401588808131,0.07945397593267073,0.01,0.9643133798723822,0.0029121712760816747,0.02060023626317752,0.012174212588358425,1.2547681443597487e-17,0.6685443010084622,P_success,2.220446049250313e-16,0.0029121712760816747,
4Q,5,random_boundary_16,random,0.8195517912471175,0.000730216932130334,0.10026401588808131,0.07945397593267073,0.02,0.9521466297357197,0.005934085011251908,0.02664500172479485,0.01527428352823327,1.7726635680461367e-17,0.6497690645285167,P_success,2.220446049250313e-16,0.005934085011251908,
4Q,5,random_boundary_16,random,0.8195517912471175,0.000730216932130334,0.10026401588808131,0.07945397593267073,0.05,0.9141012730316075,0.015661893185843462,0.04505899044272361,0.025177843339825378,5.995225701147324e-17,0.5975155345604788,P_success,0.0,0.015661893185843462,
4Q,5,random_boundary_16,random,0.8195517912471175,0.000730216932130334,0.10026401588808131,0.07945397593267073,0.1,0.8460530564856645,0.03402346507832671,0.07630153497576707,0.04362194346024158,1.842344941744278e-17,0.5228616420167614,P_success,1.1102230246251565e-16,0.03402346507832671,
4Q,5,random_boundary_16,random,0.8195517912471175,0.000730216932130334,0.10026401588808131,0.07945397593267073,0.15,0.773543900892693,0.054816693418030145,0.10742141595333407,0.06421798973594273,1.6453431772872714e-17,0.4618386420325228,P_success,0.0,0.054816693418030145,
4Q,5,random_boundary_16,random,0.8195517912471175,0.000730216932130334,0.10026401588808131,0.07945397593267073,0.2,0.6987049290562329,0.07751271920040813,0.13734543978059535,0.08643691196276342,5.397731299364525e-18,0.4124418047118591,P_success,2.220446049250313e-16,0.07751271920040813,
4Q,5,random_boundary_16,random,0.8195517912471175,0.000730216932130334,0.10026401588808131,0.07945397593267073,0.3,0.5527640113271817,0.12534473750329272,0.18929006783985367,0.13260118332967188,2.5088926067564823e-17,0.34156436885724994,P_success,0.0,0.12534473750329272,
4Q,5,random_boundary_17,random,0.7240735851264705,2.9842558539692846e-05,0.13225075977696676,0.14364581253802305,0.0,0.9322121028971094,1.5835122700995252e-09,0.031098946692147095,0.0366889488272311,3.4262578310680883e-17,0.5624069404897719,P_success,1.1102230246251565e-16,1.5835122700995252e-09,
4Q,5,random_boundary_17,random,0.7240735851264705,2.9842558539692846e-05,0.13225075977696676,0.14364581253802305,0.0001,0.9320851912793129,3.308630655996656e-05,0.031162115904792335,0.036719606509334486,1.8585327635281304e-17,0.562260809211245,P_success,3.3306690738754696e-16,3.308630655996656e-05,
4Q,5,random_boundary_17,random,0.7240735851264705,2.9842558539692846e-05,0.13225075977696676,0.14364581253802305,0.001,0.9309418755838613,0.00033138048617057725,0.031730805781626,0.036995938148341755,1.2909994239325875e-17,0.5609481203221466,P_success,3.3306690738754696e-16,0.00033138048617057725,
4Q,5,random_boundary_17,random,0.7240735851264705,2.9842558539692846e-05,0.13225075977696676,0.14364581253802305,0.005,0.9258364181345535,0.0016686941807014296,0.03426184559120919,0.038233042093535785,2.325449933387527e-17,0.5551679700750206,P_success,0.0,0.0016686941807014296,
4Q,5,random_boundary_17,random,0.7240735851264705,2.9842558539692846e-05,0.13225075977696676,0.14364581253802305,0.01,0.9194000423576477,0.0033667974211279515,0.03743325593200434,0.03979990428921976,2.965787876537234e-17,0.5480656327040895,P_success,2.220446049250313e-16,0.0033667974211279515,
4Q,5,random_boundary_17,random,0.7240735851264705,2.9842558539692846e-05,0.13225075977696676,0.14364581253802305,0.02,0.9063499999291919,0.006850578781296736,0.043798213157156915,0.04300120813235419,2.1877425291419657e-17,0.5342629778474992,P_success,3.3306690738754696e-16,0.006850578781296736,
4Q,5,random_boundary_17,random,0.7240735851264705,2.9842558539692846e-05,0.13225075977696676,0.14364581253802305,0.05,0.8658796391846234,0.01798612834434403,0.0630052621167814,0.05312897035425098,2.5853833642504257e-17,0.4959328252491954,P_success,2.220446049250313e-16,0.01798612834434403,
4Q,5,random_boundary_17,random,0.7240735851264705,2.9842558539692846e-05,0.13225075977696676,0.14364581253802305,0.1,0.7948322018980841,0.03865624021733469,0.09491709636348337,0.0715944615210977,8.13041327582703e-17,0.441429471475842,P_success,1.1102230246251565e-16,0.03865624021733469,
4Q,5,random_boundary_17,random,0.7240735851264705,2.9842558539692846e-05,0.13225075977696676,0.14364581253802305,0.15,0.7211063694096881,0.06149505171037449,0.12577381264991222,0.09162476623002513,2.4408958380200476e-17,0.3971754957191749,P_success,0.0,0.06149505171037449,
4Q,5,random_boundary_17,random,0.7240735851264705,2.9842558539692846e-05,0.13225075977696676,0.14364581253802305,0.2,0.6472144625880115,0.08573803416053666,0.15447890404778955,0.11256859920366227,1.443505554981455e-17,0.3616264891297359,P_success,1.1102230246251565e-16,0.08573803416053666,
4Q,5,random_boundary_17,random,0.7240735851264705,2.9842558539692846e-05,0.13225075977696676,0.14364581253802305,0.3,0.5096073434184019,0.13459776980230617,0.20174866313796005,0.15404622364133175,1.3920516882267886e-17,0.3112916295264046,P_success,2.220446049250313e-16,0.13459776980230617,
4Q,5,random_boundary_18,random,0.023370678547344207,0.9747703469811628,1.2231420436184966e-07,0.0018588521572884364,0.0,0.0005744958211467382,0.9994218697687458,1.5736132807373025e-14,3.634410091574522e-06,6.316215608880666e-17,0.9507268733008968,P_success,1.1102230246251565e-16,1.5736132807373025e-14,
4Q,5,random_boundary_18,random,0.023370678547344207,0.9747703469811628,1.2231420436184966e-07,0.0018588521572884364,0.0001,0.0006018217793635073,0.9993157958902594,2.68169960351424e-05,5.556533434163014e-05,2.1976351082719573e-17,0.9504261914583093,P_success,3.3306690738754696e-16,2.68169960351424e-05,
4Q,5,random_boundary_18,random,0.023370678547344207,0.9747703469811628,1.2231420436184966e-07,0.0018588521572884364,0.001,0.0008481422870193161,0.9983600365287882,0.00026856218479303934,0.0005232589993991071,2.298567337257763e-17,0.9477247933826795,P_success,3.3306690738754696e-16,0.00026856218479303934,
4Q,5,random_boundary_18,random,0.023370678547344207,0.9747703469811628,1.2231420436184966e-07,0.0018588521572884364,0.005,0.001951341367927814,0.9940883846462673,0.001351544098057498,0.0026087298877473367,9.792404269583145e-17,0.935821307382471,P_success,1.1102230246251565e-16,0.001351544098057498,
4Q,5,random_boundary_18,random,0.023370678547344207,0.9747703469811628,1.2231420436184966e-07,0.0018588521572884364,0.01,0.0033497897966562207,0.9886941234341803,0.002724996827619298,0.005231089941544101,2.298751882929828e-17,0.9211756936139845,P_success,1.1102230246251565e-16,0.002724996827619298,
4Q,5,random_boundary_18,random,0.023370678547344207,0.9747703469811628,1.2231420436184966e-07,0.0018588521572884364,0.02,0.006211924612258404,0.9777235545505917,0.00553809682557682,0.01052642401157269,2.2194496172445135e-17,0.8926502370393542,P_success,4.440892098500626e-16,0.00553809682557682,
4Q,5,random_boundary_18,random,0.023370678547344207,0.9747703469811628,1.2231420436184966e-07,0.0018588521572884364,0.05,0.015326066607774249,0.9433676802023528,0.014513505432547674,0.026792747757324945,2.3233654592659745e-17,0.8129525022342536,P_success,2.220446049250313e-16,0.014513505432547674,
4Q,5,random_boundary_18,random,0.023370678547344207,0.9747703469811628,1.2231420436184966e-07,0.0018588521572884364,0.1,0.03228564960574942,0.8814780008383915,0.03127460349617027,0.054961746059688635,9.213000960058496e-18,0.6981427035223309,P_success,2.220446049250313e-16,0.03127460349617027,
4Q,5,random_boundary_18,random,0.023370678547344207,0.9747703469811628,1.2231420436184966e-07,0.0018588521572884364,0.15,0.051380951811826704,0.8144498981947492,0.05022076419016105,0.0839483858032627,2.328773158202709e-17,0.6032049412556045,P_success,3.3306690738754696e-16,0.05022076419016105,
4Q,5,random_boundary_18,random,0.023370678547344207,0.9747703469811628,1.2231420436184966e-07,0.0018588521572884364,0.2,0.07235254656346173,0.7435648428092939,0.07110080704183835,0.11298180358540584,1.0075203727138968e-17,0.5253521726391436,P_success,1.1102230246251565e-16,0.07110080704183835,
4Q,5,random_boundary_18,random,0.023370678547344207,0.9747703469811628,1.2231420436184966e-07,0.0018588521572884364,0.3,0.11779850461249816,0.5983215047997934,0.11655174076357831,0.16732824982413005,9.446995734138928e-18,0.41117907971204315,P_success,0.0,0.11655174076357831,
4Q,5,random_boundary_19,random,0.44885933893756963,0.005588487083371854,0.5451960127232626,0.0003561612557960057,0.0,0.403963557579253,6.261958140968708e-05,0.5959735684991392,2.5434019794280904e-07,2.6336658654982725e-17,0.4987447564795367,P_success,2.220446049250313e-16,2.5434019794280904e-07,
4Q,5,random_boundary_19,random,0.44885933893756963,0.005588487083371854,0.5451960127232626,0.0003561612557960057,0.0001,0.4039595687526935,8.846027323680901e-05,0.5959261224938444,2.58484802251893e-05,2.724517149114024e-17,0.49862082382816475,P_success,1.1102230246251565e-16,2.58484802251893e-05,
4Q,5,random_boundary_19,random,0.44885933893756963,0.005588487083371854,0.5451960127232626,0.0003561612557960057,0.001,0.4039231395682245,0.00032169136139234463,0.5954983048183992,0.000256864251983862,2.6223305090949087e-17,0.49750765315326884,P_success,1.1102230246251565e-16,0.000256864251983862,
4Q,5,random_boundary_19,random,0.44885933893756963,0.005588487083371854,0.5451960127232626,0.0003561612557960057,0.005,0.4037496638743681,0.0013727488502826024,0.5935794312307108,0.0012981560446383407,9.570759104221862e-18,0.49260840281061546,P_success,2.220446049250313e-16,0.0012981560446383407,
4Q,5,random_boundary_19,random,0.44885933893756963,0.005588487083371854,0.5451960127232626,0.0003561612557960057,0.01,0.40350612208611353,0.0027197751509541288,0.5911409404882625,0.0026331622746695984,1.7896760284262055e-17,0.4865938544589969,P_success,2.220446049250313e-16,0.0026331622746695984,
4Q,5,random_boundary_19,random,0.44885933893756963,0.005588487083371854,0.5451960127232626,0.0003561612557960057,0.02,0.402929244647748,0.005524209340239154,0.5861323471835125,0.0054141988285000804,4.594568492481155e-17,0.47492289624410117,P_success,3.3306690738754696e-16,0.0054141988285000804,
4Q,5,random_boundary_19,random,0.44885933893756963,0.005588487083371854,0.5451960127232626,0.0003561612557960057,0.05,0.4004688682878442,0.014809250556211224,0.5700873519867377,0.01463452916920676,4.213733695522145e-17,0.4426474085929618,P_success,2.220446049250313e-16,0.01463452916920676,
4Q,5,random_boundary_19,random,0.44885933893756963,0.005588487083371854,0.5451960127232626,0.0003561612557960057,0.1,0.39391514898861624,0.033038248266427546,0.5402706863905754,0.03277591635438066,1.8825827562428765e-17,0.3971686995803664,P_success,1.1102230246251565e-16,0.03277591635438066,
4Q,5,random_boundary_19,random,0.44885933893756963,0.005588487083371854,0.5451960127232626,0.0003561612557960057,0.15,0.38442111307736776,0.05422907235269961,0.50744294281696,0.05390687175297259,1.5273961115611482e-17,0.36072299085250126,P_success,0.0,0.05390687175297259,
4Q,5,random_boundary_19,random,0.44885933893756963,0.005588487083371854,0.5451960127232626,0.0003561612557960057,0.2,0.3723827038645947,0.07754731360541796,0.4728762496198005,0.07719373291018665,9.692548724534116e-18,0.3318911459053681,P_success,2.220446049250313e-16,0.07719373291018665,
4Q,5,random_boundary_19,random,0.44885933893756963,0.005588487083371854,0.5451960127232626,0.0003561612557960057,0.3,0.3434044874732871,0.1262528752589134,0.40443014253970455,0.12591249472809474,7.8839712726137e-18,0.292169511068465,P_success,2.220446049250313e-16,0.12591249472809474,
