round,F_raw,F_calibrated,abs_diff_F,C_Bell_raw,C_Bell_calibrated
0,0.8874999999999996,0.8874999999999996,0.0,3.9559711549254795e-34,3.9559711549254795e-34
1,0.9702463652514057,0.9702463652842644,3.2858715748318446e-11,1.6349539559053443e-06,1.6349539100291344e-06
2,0.9749440675913954,0.9749440676268433,3.544786686404677e-11,1.5110128006170104e-06,1.51101243124949e-06
3,0.9750254522096012,0.9750254522452457,3.564448736170789e-11,1.4881293386198448e-06,1.4881283631507412e-06
4,0.9750267060059495,0.9750267060419264,3.597688813528066e-11,1.4879569898298976e-06,1.4879551269377013e-06
5,0.9750267248801451,0.975026724916605,3.6459946173295066e-11,1.4888867599601447e-06,1.4888837254682216e-06
6,0.9750267247421047,0.975026724779196,3.709133000739939e-11,1.4901008745784711e-06,1.4900963844766948e-06
7,0.9750267241820978,0.9750267242199663,3.7868486124637e-11,1.491577251857853e-06,1.4915710225540942e-06
8,0.9750267234827638,0.9750267235215567,3.879296883724237e-11,1.4933170584317e-06,1.493308806783684e-06
9,0.975026722647521,0.9750267226873853,3.9864334056005646e-11,1.4953221569727528e-06,1.4953116003141267e-06
10,0.9750267216754753,0.9750267217165566,4.108124951329728e-11,1.4975945142245057e-06,1.497581370391852e-06
11,0.9750267205656195,0.9750267206080646,4.2445158499049285e-11,1.5001361898178964e-06,1.5001201771819442e-06
12,0.9750267193168997,0.9750267193608539,4.395428465642226e-11,1.5029493399219293e-06,1.5029301774169585e-06
13,0.9750267179282092,0.9750267179738183,4.560918309692852e-11,1.5060362214223637e-06,1.5060136285800498e-06
14,0.9750267163983921,0.9750267164458015,4.740940973135821e-11,1.5093991962958495e-06,1.5093728932798636e-06
15,0.9750267147262377,0.9750267147755916,4.935385433668671e-11,1.5130407361659352e-06,1.5130104438086772e-06
16,0.9750267129104779,0.9750267129619209,5.1442961002123866e-11,1.516963427056811e-06,1.5169288668981115e-06
17,0.9750267109497867,0.9750267110034627,5.3676063593854906e-11,1.5211699743518025e-06,1.5211308686799147e-06
18,0.9750267088427759,0.9750267088988288,5.6052940067274903e-11,1.5256632079618674e-06,1.525619279857815e-06
19,0.975026706587993,0.9750267066465668,5.857381246698878e-11,1.5304460877168565e-06,1.530397061100249e-06
20,0.9750267041839202,0.975026704245157,6.123679341385468e-11,1.5355217089922512e-06,1.5354673086680667e-06
21,0.9750267016289677,0.975026701693011,6.404332619780462e-11,1.5408933085682107e-06,1.5408332602798833e-06
22,0.9750266989214742,0.9750266989884652,6.699096832818441e-11,1.5465642707514785e-06,1.5464983012342326e-06
23,0.9750266960597016,0.9750266961297821,7.00804969611113e-11,1.5525381337516432e-06,1.5524659707903846e-06
24,0.9750266930418333,0.9750266931151437,7.33103577843508e-11,1.558818596336826e-06,1.558739968825789e-06
25,0.9750266898659687,0.9750266899426505,7.668177204323001e-11,1.5654095247721886e-06,1.5653241627780638e-06
26,0.9750266865301229,0.9750266866103148,8.019185315788491e-11,1.5723149600602696e-06,1.5722225948905043e-06
27,0.9750266830322184,0.9750266831160601,8.384171135134011e-11,1.5795391254897795e-06,1.5794394897626944e-06
28,0.9750266793700859,0.9750266794577158,8.76299033336636e-11,1.5870864345119666e-06,1.5869792622335454e-06
29,0.9750266755414567,0.975026675633013,9.155631808255293e-11,1.5949614989573804e-06,1.594846525597071e-06
30,0.9750266715439603,0.9750266716395793,9.561906821886623e-11,1.603169137601678e-06,1.6030461001779058e-06
31,0.9750266673751201,0.9750266674749375,9.981737658648626e-11,1.6117143851088642e-06,1.6115830222755648e-06
32,0.9750266630323465,0.975026663136499,1.0415246443074011e-10,1.6206025013522254e-06,1.6204625534931637e-06
33,0.9750266585129357,0.9750266586215572,1.0862155619406622e-10,1.629838981144031e-06,1.6296901904688222e-06
34,0.9750266538140617,0.975026653927286,1.1322431880955719e-10,1.6394295643840212e-06,1.6392716750314842e-06
35,0.9750266489327722,0.9750266490507321,1.1795986409879333e-10,1.6493802466425481e-06,1.6492130047899293e-06
36,0.9750266438659834,0.9750266439888102,1.228268597941451e-10,1.6596972902085604e-06,1.65952044418587e-06
37,0.9750266386104742,0.9750266387382983,1.2782408465028539e-10,1.670387235609937e-06,1.6702005360191209e-06
38,0.9750266331628789,0.9750266332958293,1.3295042844418958e-10,1.681456913634867e-06,1.6812601134780429e-06
39,0.9750266275196833,0.9750266276578881,1.3820478095283306e-10,1.692913457872158e-06,1.692706312685149e-06
40,0.9750266216772157,0.975026621820802,1.4358636502009858e-10,1.7047643177986075e-06,1.7045465857930012e-06
41,0.9750266156316433,0.9750266157807361,1.4909284917763443e-10,1.7170172724310799e-06,1.7167887146399287e-06
42,0.9750266093789615,0.9750266095336849,1.5472345626932338e-10,1.729680444570637e-06,1.7294408250077144e-06
43,0.9750266029149899,0.9750266030754664,1.6047652096062848e-10,1.742762315665364e-06,1.7425114014890285e-06
44,0.9750265962353621,0.9750265964017129,1.6635071098392018e-10,1.7562717413207683e-06,1.7560093030064624e-06
45,0.9750265893355192,0.9750265895078624,1.7234313975933446e-10,1.7702179674819267e-06,1.7699437790063094e-06
46,0.9750265822107005,0.9750265823891542,1.7845369626456886e-10,1.7846106473192192e-06,1.784324486350391e-06
47,0.9750265748559354,0.9750265750406146,1.8467927187515443e-10,1.7994598588491308e-06,1.799161506951832e-06
48,0.9750265672660343,0.9750265674570533,1.9101897841267146e-10,1.814776123323633e-06,1.8144653661694363e-06
49,0.9750265594355796,0.9750265596330485,1.9746893009653377e-10,1.8305704244169464e-06,1.8302470520104256e-06
50,0.9750265513589138,0.9750265515629423,2.0402846079292658e-10,1.8468542282515078e-06,1.8465180351656313e-06
51,0.9750265430301314,0.9750265432408262,2.1069479494428833e-10,1.8636395042962277e-06,1.8632902899204405e-06
52,0.9750265344430665,0.9750265346605318,2.1746526801535992e-10,1.8809387471739443e-06,1.8805763159757112e-06
53,0.9750265255912836,0.9750265258156212,2.243376595600921e-10,1.8987649994250694e-06,1.898389161223625e-06
54,0.9750265164680627,0.9750265166993715,2.3130874993171346e-10,1.917131875262231e-06,1.916742445519018e-06
55,0.9750265070663906,0.9750265073047666,2.3837598561726736e-10,1.936053585362371e-06,1.935650385485979e-06
56,0.9750264973789455,0.9750264976244815,2.4553592492537746e-10,1.955544962745779e-06,1.955127820409261e-06
57,0.9750264873980842,0.97502648765087,2.527857922984822e-10,1.9756214897851315e-06,1.9751902392650023e-06
58,0.9750264771158289,0.9750264773759515,2.601225901344151e-10,1.9962993263958957e-06,1.9958538089237627e-06
59,0.9750264665238522,0.975026466791394,2.675418775410776e-10,2.0175953394635533e-06,2.017135403599985e-06
60,0.9750264556134627,0.9750264558885023,2.7503965771558114e-10,2.039527133558081e-06,2.039052635583062e-06
61,0.9750264443755863,0.9750264446581995,2.8261326612266657e-10,2.0621130829970483e-06,2.0616238873206806e-06
62,0.9750264328007537,0.9750264330910113,2.9025759573642063e-10,2.0853723653134378e-06,2.0848683449096724e-06
63,0.9750264208790804,0.9750264211770486,2.979682056647448e-10,2.1093249961925703e-06,2.1088060330531583e-06
64,0.9750264086002489,0.9750264089059902,3.0574132114935537e-10,2.1339918659450802e-06,2.1334578515573863e-06
65,0.9750263959534917,0.9750263962670627,3.1357094698591936e-10,2.159394777580355e-06,2.158845613428899e-06
66,0.9750263829275692,0.9750263832490217,3.214525312600358e-10,2.1855564865552417e-06,2.1849920846506457e-06
67,0.9750263695107507,0.9750263698401317,3.2938096694579144e-10,2.2125007422710107e-06,2.2119210257047143e-06
68,0.9750263556907931,0.9750263560281427,3.373495927050385e-10,2.2402523313946982e-06,2.2396572349219996e-06
69,0.9750263414549165,0.97502634180027,3.4535352355646864e-10,2.268837123092338e-06,2.268226593743833e-06
70,0.975026326789784,0.9750263271431703,3.5338632020653904e-10,2.2982821162515273e-06,2.297656113978373e-06
71,0.9750263116814754,0.9750263120429159,3.614405441609847e-10,2.3286154887881433e-06,2.3279739871372576e-06
72,0.9750262961154619,0.9750262964849714,3.695095340816579e-10,2.3598666491261402e-06,2.3592096359506413e-06
73,0.9750262800765793,0.9750262804541664,3.7758707271962066e-10,2.3920662899509384e-06,2.391393768156881e-06
74,0.9750262635490015,0.9750262639346654,3.856639452237687e-10,2.425246444335645e-06,2.4245584326669504e-06
75,0.9750262465162097,0.9750262469099417,3.937319359437197e-10,2.4594405443477018e-06,2.4587370782090192e-06
76,0.975026228960964,0.9750262293627477,4.017837174075112e-10,2.4946834822453757e-06,2.4939646145676814e-06
77,0.9750262108652711,0.9750262112750812,4.0981007476403875e-10,2.531011674384747e-06,2.530277476531826e-06
78,0.97502619221035,0.97502619262815,4.178000168053586e-10,2.5684631279461365e-06,2.5677136906719554e-06
79,0.9750261729766003,0.9750261734023459,4.2574554992569347e-10,2.607077510626336e-06,2.606312945074528e-06
80,0.9750261531435638,0.9750261535771987,4.336349057609823e-10,2.6468962234089915e-06,2.6461166621682356e-06
81,0.9750261326898875,0.9750261331313459,4.4145842537091085e-10,2.687962476567647e-06,2.687168074774644e-06
82,0.9750261115932851,0.9750261120424878,4.4920267505688116e-10,2.730321369035325e-06,2.7295123055339297e-06
83,0.9750260898304963,0.9750260902873533,4.5685699667785684e-10,2.774019971295255e-06,2.7731964498580542e-06
84,0.9750260673772428,0.9750260678416507,4.6440784551293746e-10,2.81910741195738e-06,2.8182696625618565e-06
85,0.9750260442081838,0.9750260446800255,4.718416768412226e-10,2.86563496817246e-06,2.8647832483458295e-06
86,0.9750260202968705,0.9750260207760157,4.791452790087192e-10,2.9136561600727787e-06,2.912790756301256e-06
87,0.975025995615696,0.9750259961019987,4.863026648038726e-10,2.9632268494056434e-06,2.962348078614352e-06
88,0.9750259701358449,0.9750259706291434,4.932985131489431e-10,3.0144053425590773e-06,3.013513553666096e-06
89,0.9750259438272414,0.9750259443273579,5.001165037654687e-10,3.067252498173449e-06,3.0663480737192614e-06
90,0.9750259166584913,0.9750259171652308,5.0673953921887e-10,3.121831839542582e-06,3.120915197403659e-06
91,0.9750258885968255,0.9750258891099751,5.131496338961483e-10,3.178209672026623e-06,3.177281267208829e-06
92,0.97502585960804,0.9750258601273671,5.193271368497676e-10,3.2364552056972706e-06,3.2355155322250852e-06
93,0.9750258296564308,0.9750258301816833,5.252525081544945e-10,3.296640683453635e-06,3.2956902763472402e-06
94,0.9750257987047305,0.9750257992356338,5.309033213052317e-10,3.358841514859032e-06,3.3578809522098943e-06
95,0.9750257667140347,0.9750257672502942,5.362594812652333e-10,3.4231364159467566e-06,3.422166321098838e-06
96,0.9750257336437353,0.975025734185032,5.412966741502601e-10,3.489607555276857e-06,3.4886285991132204e-06
97,0.9750256994514421,0.9750256999974324,5.459902530091654e-10,3.558340706519535e-06,3.557353609860674e-06
98,0.9750256640929033,0.9750256646432189,5.50315681913105e-10,3.6294254078577927e-06,3.6284309439790676e-06
99,0.9750256275219253,0.97502562807617,5.542446501749509e-10,3.702955128526335e-06,3.7019541258027143e-06
100,0.9750255896902866,0.9750255902480361,5.577495132413901e-10,3.7790274428015176e-06,3.7780207874773355e-06
101,0.9750255505476457,0.9750255511084467,5.608009612245723e-10,3.8577442117825025e-06,3.856732850880419e-06
102,0.9750255100414508,0.9750255106048171,5.633663535675737e-10,3.939211773319056e-06,3.938196717690023e-06
103,0.9750254681168385,0.9750254686822521,5.654136048249825e-10,4.023541140449731e-06,4.022523467976888e-06
104,0.9750254247165332,0.9750254252834426,5.6690940830606e-10,4.110848208741829e-06,4.109829067695182e-06
105,0.9750253797807414,0.9750253803485576,5.678161274502713e-10,4.201253972930192e-06,4.200234585491002e-06
106,0.9750253332470353,0.9750253338151319,5.680965697862916e-10,4.294884753283379e-06,4.293866419239036e-06
107,0.975025285050242,0.9750252856179523,5.677103231960245e-10,4.391872432135691e-06,4.3908565327555196e-06
108,0.975025235122317,0.9750252356889317,5.666147551153244e-10,4.492354701043241e-06,4.491342703145789e-06
109,0.9750251833922182,0.9750251839569855,5.647672329800457e-10,4.5964753190523745e-06,4.595468779267077e-06
110,0.9750251297857727,0.9750251303478946,5.621219045792714e-10,4.7043843825809245e-06,4.7033849518239935e-06
111,0.9750250742255382,0.9750250747841677,5.58629476010708e-10,4.816238607441013e-06,4.815248035605469e-06
112,0.9750250166306562,0.9750250171848943,5.542380998591057e-10,4.93220162355763e-06,4.931221764433624e-06
113,0.9750249569167004,0.9750249574655963,5.488958176869119e-10,5.052444282957694e-06,5.051477099394252e-06
114,0.9750248949955186,0.9750248955380646,5.425460081198707e-10,5.177144981632552e-06,5.176192550948714e-06
115,0.9750248307750652,0.9750248313101963,5.351311616053067e-10,5.306489995909515e-06,5.305554515570255e-06
116,0.975024764159229,0.9750247646858163,5.265873292970014e-10,5.440673833988476e-06,5.4397576275553865e-06
117,0.9750246950476519,0.9750246955645026,5.168506733710387e-10,5.579899603337634e-06,5.579005126711334e-06
118,0.9750246233355377,0.97502462384139,5.058522489775896e-10,5.724379394664161e-06,5.7235092426309995e-06
119,0.9750245489134552,0.975024549406978,4.935227781999174e-10,5.874334683231177e-06,5.8734915963234135e-06
120,0.9750244716671324,0.9750244721469176,4.797852115601131e-10,6.029996748287465e-06,6.029183619982365e-06
121,0.9750243914772371,0.9750243919417992,4.6456216651336035e-10,6.191607111459582e-06,6.1908269957256225e-06
122,0.9750243082191541,0.9750243086669244,4.477702653105098e-10,6.3594179949577735e-06,6.358674114165212e-06
123,0.9750242217627458,0.9750242221920689,4.293230215779431e-10,6.533692800504193e-06,6.532988553722724e-06
124,0.9750241319721069,0.9750241323812378,4.091308403175731e-10,6.714706609926826e-06,6.71404558162301e-06
125,0.9750240387053069,0.9750240390924041,3.8709724314855976e-10,6.902746708410064e-06,6.902132677568377e-06
126,0.9750239418141186,0.97502394217724,3.631214218202672e-10,7.0981131314439056e-06,7.097550081126114e-06
127,0.9750238411437349,0.9750238414808344,3.370995704798929e-10,7.301119236536605e-06,7.300611363908685e-06
128,0.9750237365324779,0.9750237368413998,3.089218880703015e-10,7.512092300843557e-06,7.5116440276821545e-06
129,0.9750236278114864,0.9750236280899586,2.7847213424081474e-10,7.731374145884953e-06,7.730990129599362e-06
130,0.9750235148043982,0.9750235150500264,2.456281844587238e-10,7.959321790590007e-06,7.95900693577007e-06
131,0.9750233973270066,0.9750233975372711,2.1026447249994362e-10,8.196308133976665e-06,8.196067604499783e-06
132,0.9750232751869143,0.9750232753591622,1.7224788262382162e-10,8.442722668802622e-06,8.442561900530338e-06
133,0.9750231481831642,0.9750231483146017,1.3143752752853288e-10,8.698972227627573e-06,8.698896941708884e-06
134,0.9750230161058523,0.9750230161935387,8.768641368561703e-11,8.965481762753342e-06,8.965497979574861e-06
135,0.9750228787357272,0.9750228787765683,4.084110827307086e-11,9.24269516160446e-06,9.24280921541225e-06
136,0.9750227358437686,0.9750227358345096,9.25903798076888e-12,9.53107609916782e-06,9.53129465339016e-06
137,0.9750225871907485,0.9750225871279639,6.278466635478708e-11,9.831108929188004e-06,9.831438992505995e-06
138,0.975022432526771,0.975022432406858,1.199129684437139e-10,1.01432996159044e-05,1.0143748559084512e-05
139,0.9750222715907929,0.9750222714099624,1.808304617156864e-10,1.0468176708177908e-05,1.0468752281728714e-05
140,0.9750221041101186,0.975022103864387,2.457315462223164e-10,1.0806292357959249e-05,1.0807002710624995e-05
141,0.975021929799878,0.9750219294850558,3.148221683346719e-10,1.115822338512839e-05,1.1159077083281336e-05
142,0.975021748362475,0.9750217479741587,3.883162680295982e-10,1.152457239083494e-05,1.1525578438800802e-05
143,0.9750215594870146,0.9750215590205742,4.664404418264212e-10,1.19059689215695e-05,1.190713678292475e-05
144,0.9750213628487014,0.9750213622992725,5.494289467833369e-10,1.2303070686289852e-05,1.2304410306185532e-05
145,0.9750211581082141,0.9750211574706825,6.375315830808859e-10,1.2716564829038868e-05,1.2718086657600367e-05
146,0.9750209449110467,0.97502094418004,7.310066996168985e-10,1.3147169259607877e-05,1.3148884276454739e-05
147,0.9750207228868226,0.9750207220566953,8.3012730023313e-10,1.359563404491166e-05,1.3597553784854544e-05
148,0.9750204916485783,0.9750204907133992,9.351790453138165e-10,1.406274286385526e-05,1.4064879443831086e-05
149,0.9750202507920135,0.9750202497455515,1.046462028142514e-09,1.4549314528634484e-05,1.4551680675927249e-05
150,0.9750199998947036,0.9750199987304149,1.1642886654783524e-09,1.5056204575487104e-05,1.505881365731183e-05
151,0.9750197385152829,0.975019737226293,1.2889899148049722e-09,1.5584306928136927e-05,1.5587172982633604e-05
152,0.9750194661925845,0.9750194647716742,1.4209102783269145e-09,1.6134555637231783e-05,1.6137693405951074e-05
153,0.9750191824447431,0.9750191808843323,1.5604108005717876e-09,1.670792669929635e-05,1.6711351661235498e-05
154,0.9750188867682598,0.9750188850603871,1.7078726211039452e-09,1.7305439958847797e-05,1.7309168366130716e-05
155,0.9750185786370176,0.9750185767733254,1.863692200565481e-09,1.7928161097511557e-05,1.7932210012763944e-05
156,0.9750182575012577,0.9750182554729705,2.028287204858259e-09,1.8577203714135738e-05,1.8581591049654597e-05
157,0.9750179227865066,0.9750179205844116,2.202094950831679e-09,1.9253731500091864e-05,1.9258476058893018e-05
158,0.9750175738924545,0.975017571506881,2.3855735165057013e-09,1.9958960514151774e-05,1.996408203297807e-05
159,0.9750172101917802,0.9750172076125775,2.579202740271569e-09,2.069416156153196e-05,2.069968075592356e-05
160,0.975016831028928,0.9750168282454408,2.783487218493974e-09,2.1460662681884933e-05,2.1466601293401515e-05
161,0.9750164357188217,0.9750164327198675,2.998954196087311e-09,2.22598517512841e-05,2.2266232596984113e-05
162,0.9750160235455244,0.9750160203193657,3.2261586735415904e-09,2.3093179203434122e-05,2.3100026227723405e-05
163,0.9750155937608339,0.975015590295155,3.4656788550080364e-09,2.39621608756152e-05,2.3969499204570416e-05
164,0.9750151455828164,0.9750151418646925,3.718123919860261e-09,2.4868380985103782e-05,2.4876236983391878e-05
165,0.9750146781942718,0.9750146742101414,3.984130358958282e-09,2.5813495242090587e-05,2.5821896572611504e-05
166,0.9750141907411269,0.9750141864767599,4.264367081674436e-09,2.679923410539269e-05,2.6808209791757966e-05
167,0.9750136823307586,0.9750136777712245,4.559534083625749e-09,2.7827406187532295e-05,2.783698667954278e-05
168,0.9750131520302372,0.9750131471598722,4.870365000186894e-09,2.8899901816095774e-05,2.8910119058330214e-05
169,0.9750125988644891,0.9750125936668599,5.197629215913935e-09,3.0018696758553864e-05,3.002958426223737e-05
170,0.9750120218143781,0.9750120162722447,5.542133418856565e-09,3.1185856118107484e-05,3.119744903640633e-05
171,0.975011419814695,0.9750114139099724,5.904722599758827e-09,3.240353840844102e-05,3.2415873615344285e-05
172,0.9750107917520562,0.9750107854657745,6.286281717393649e-09,3.367399981563955e-05,3.368711598861231e-05
173,0.9750101364627076,0.9750101297749683,6.687739362298828e-09,3.499959865590353e-05,3.5013536362472616e-05
174,0.9750094527302242,0.9750094456201559,7.11006831188854e-09,3.6382800038122466e-05,3.6397601826577686e-05
175,0.9750087392831082,0.9750087317288211,7.554287084765576e-09,3.7826180740715593e-05,3.784189123515674e-05
176,0.9750079947922726,0.9750079867708062,8.021466380014886e-09,3.9332434312681856e-05,3.934910031256808e-05
177,0.9750072178684097,0.975007209355687,8.512722748932333e-09,4.0904376409182666e-05,4.092204699364069e-05
178,0.9750064070592437,0.9750063980300121,9.02923158463409e-09,4.254495037248309e-05,4.256367700956335e-05
179,0.9750055608466478,0.9750055512744265,9.572221348896903e-09,4.425723306959886e-05,4.4277069730747e-05
180,0.9750046776436401,0.9750046675006583,1.014298178780848e-08,4.6044440998472354e-05,4.606544427843756e-05
181,0.9750037557912283,0.9750037450483663,1.0742862044388346e-08,4.790993667510851e-05,4.793216591756289e-05
182,0.9750027935551215,0.9750027821818449,1.1373276653792175e-08,4.9857235314621386e-05,4.988075274374371e-05
183,0.9750017891222831,0.9750017770865737,1.2035709429092378e-08,5.189001181977313e-05,5.191488267809792e-05
184,0.9750007405973257,0.9750007278656133,1.273171235105508e-08,5.401210809118713e-05,5.4038400783995625e-05
185,0.9749996459987443,0.9749996325358291,1.346291522708043e-08,5.622754067411254e-05,5.62553269207011e-05
186,0.9749985032549718,0.9749984890239487,1.4231023137689647e-08,5.854050875726401e-05,5.856986374938087e-05
187,0.9749973102002525,0.9749972951624295,1.5037822986840865e-08,6.095540253998423e-05,6.0986405107803716e-05
188,0.9749960645703311,0.9749960486851424,1.5885188608955048e-08,6.347681198475572e-05,6.350954477072467e-05
189,0.9749947639979358,0.9749947472228544,1.67750814350498e-08,6.610953597282472e-05,6.614408561377072e-05
190,0.9749934060080584,0.9749933882985011,1.7709557265099818e-08,6.885859188157676e-05,6.889504919944668e-05
191,0.9749919880130163,0.9749919693222437,1.8690772596308136e-08,7.172922560309003e-05,7.17676858047485e-05
192,0.9749905073072836,0.9749904875863021,1.972098151448165e-08,7.472692202426186e-05,7.476748491076399e-05
193,0.9749889610620879,0.9749889402595358,2.0802552125331886e-08,7.785741598979615e-05,7.790018617558308e-05
194,0.9749873463197565,0.9749873243817959,2.1937960559270664e-08,8.112670377032925e-05,8.117179091280972e-05
195,0.9749856599878021,0.9749856368579984,2.3129803627952583e-08,8.454105505899788e-05,8.458857409900886e-05
196,0.9749838988327348,0.9749838744519346,2.438080026756495e-08,8.81070255208052e-05,8.815709693448486e-05
197,0.9749820594735912,0.9749820337797896,2.5693801530835003e-08,9.18314699203296e-05,9.188421998288921e-05
198,0.9749801383751626,0.9749801113033706,2.707179203031984e-08,9.57215558543857e-05,9.577711691640054e-05
199,0.974978131840913,0.9749781033230134,2.851789959734674e-08,9.97847781175494e-05,9.984328889429922e-05
200,0.9749760360055691,0.9749760059701676,3.003540149926209e-08,0.00010402897372971371,0.00010409057960424616
201,0.9749738468273693,0.974973815199639,3.1627730323613434e-08,0.00010846233765616706,0.00010852719099667235
202,0.9749715600799558,0.9749715267814727,3.329848308197825e-08,0.0001130934392521062,0.00011316169974431173
203,0.9749691713438915,0.9749691362924647,3.5051426761079085e-08,0.00011793123946493342,0.0001180030744602012
204,0.9749666759977862,0.9749666391072779,3.689050831479079e-08,0.00012298510882920088,0.00012306069370909514
205,0.9749640692090152,0.9749640303891519,3.88198633238801e-08,0.00012826484629071793,0.00012834436484877426
206,0.9749613459240066,0.9749613050801843,4.084382232427686e-08,0.00013378069889792384,0.00013386434373946525
207,0.974958500858084,0.9749584578911614,4.2966922575438105e-08,0.00013954338240041434,0.00013963135536122794
208,0.974955528484839,0.9749554832909214,4.5193917608266077e-08,0.0001455641027963227,0.00014565661538109588
209,0.9749524230250148,0.9749523754952277,4.7529787106093124e-08,0.00015185457887212215,0.00015195185271355834
210,0.9749491784348757,0.9749491284551297,4.997974600851052e-08,0.00015842706578044548,0.00015852933312004278
211,0.9749457883940413,0.974945735844784,5.254925738995553e-08,0.00016529437970352445,0.0001654018838950008
212,0.9749422462927613,0.974942191048717,5.5244044228075495e-08,0.00017246992365209027,0.0001725829196885179
213,0.9749385452186007,0.9749384871484995,5.807010117209188e-08,0.00017996771445170643,0.00018008646951748263
214,0.974934677942516,0.974934616908809,6.103370697729815e-08,0.0001878024109710339,0.00018792720501982678
215,0.9749306369042833,0.9749305727628447,6.414143860489219e-08,0.0001959893436487614,0.0001961204700086696
216,0.9749264141972609,0.9749263467970766,6.740018432260797e-08,0.00020454454537875962,0.00020468231138587772
217,0.9749220015524473,0.9749219307352881,7.081715924783794e-08,0.00021348478381538508,0.0002136295114771914
218,0.9749173903218061,0.9749173159218836,7.439992255608985e-08,0.00022282759516393472,0.00022297962185382968
219,0.9749125714608204,0.974912493304434,7.81563864737933e-08,0.00023259131952397416,0.0002327509987084256
220,0.9749075355102489,0.9749074534154053,8.209484358978614e-08,0.0002427951378563572,0.00024296283985614627
221,0.9749022725770382,0.9749021863530615,8.622397673629933e-08,0.0002534591106478877,0.00025363522343509805
222,0.9748967723143567,0.9748966817614787,9.055287797377076e-08,0.00026460421835095417,0.00026478914838326496
223,0.9748910239007148,0.9748909288096413,9.509107345984091e-08,0.0002762524036787366,0.000276446576772827
224,0.9748850160181195,0.9748849161695833,9.98485362169177e-08,0.00028842661584034616,0.0002886304780861733
225,0.9748787368292285,0.9748786319935151,1.0483571344366283e-07,0.0003011508568038641,0.0003013648755216886
226,0.974872173953452,0.9748720638899083,1.1006354372344873e-07,0.00031445022967911717,0.0003146748944212934
227,0.9748653144419586,0.9748651988984729,1.1554348566811257e-07,0.00032835098931621525,0.00032858681291572466
228,0.9748581447515337,0.9748580234639976,1.2128753601459152e-07,0.0003428805952198142,0.00034312811488778933
229,0.9748506507172353,0.9748505234089773,1.2730825804663226e-07,0.0003580677668837668,0.00035832754535817157
230,0.9748428175238018,0.974842683904991,1.3361881079365645e-07,0.0003739425416551112,0.00037421516840290475
231,0.9748346296757397,0.9748344894427684,1.4023297134624357e-07,0.00039053633524114835,0.0003908224277164845
232,0.9748260709660503,0.9748259238008844,1.471651659423756e-07,0.00040788200497841236,0.00040818220993932573
233,0.9748171244435172,0.9748169700130156,1.5443050160879324e-07,0.0004260139159872544,0.0004263289108735108
234,0.9748077723785002,0.9748076103337019,1.6204479835746355e-07,0.0004449680103411711,0.0004452985047161066
235,0.9747979962271649,0.9747978262025466,1.700246182734233e-07,0.0004647818793855317,0.000465128616444738
236,0.9747877765940725,0.9747875982067681,1.7838730437258477e-07,0.0004854948393460318,0.0004858585974959238
237,0.9747770931930693,0.9747769060420537,1.8715101557376101e-07,0.0005071480103731535,0.0005075296048825815
238,0.974765924806383,0.9747657284716207,1.96334762336825e-07,0.000529784399175074,0.0005301846839032805
239,0.9747542492418604,0.9747540432834096,2.0595845073856367e-07,0.0005534489853978573,0.000553868854602178
240,0.9747420432882514,0.9747418272453319,2.160429195541269e-07,0.000578188811918276,0.0005786292021451638
241,0.9747292826684635,0.9747290560584768,2.2660998666435006e-07,0.00060405307922163,0.000604514971284727
242,0.9747159419906838,0.9747157043081928,2.376824910221842e-07,0.0006310932440437185,0.0006315776650928891
243,0.9747019946972868,0.9747017454129424,2.492843443890891e-07,0.0006593631224637536,0.0006598711481490628
244,0.9746874130114207,0.9746871515708436,2.614405770762218e-07,0.0006889189976422972,0.0006894517543771865
245,0.9746721678811716,0.9746718937037805,2.7417739112411965e-07,0.0007198197324062348,0.0007203783997342236
246,0.9746562289212034,0.9746559413989916,2.875222118170484e-07,0.0007521268868907806,0.0007527126999603051
247,0.9746395643517569,0.9746392628480073,3.0150374963344717e-07,0.0007859048414567929,0.0007865190936088414
248,0.9746221409348931,0.9746218247828411,3.161520519823213e-07,0.000821220925110224,0.0008218649705837845
249,0.9746039239078665,0.9746035924092957,3.314985708158247e-07,0.0008581455496593,0.000858820806419669
250,0.974584876913492,0.9745845293372697,3.475762223592582e-07,0.0008967523498540204,0.0008974603025492756
251,0.9745649619273891,0.9745645975079328,3.6441945627796457e-07,0.0009371183297616739,0.0009378605328129208
252,0.9745441391819555,0.9745437571176297,3.820643257324008e-07,0.000979324015641859,0.0009801020964728955
253,0.9745223670869374,0.9745219665383797,4.005485576552559e-07,0.0010234536155938176,0.0010242692780061894
254,0.9744996021464477,0.974499182234814,4.1991163368670925e-07,0.0010695951862589807,0.0010704502139585951
255,0.9744757988722809,0.9744753586774162,4.401948646703957e-07,0.0011178408068717046,0.0011187370671534023
256,0.9744509096933678,0.9744504482518909,4.614414769177344e-07,0.0011682867609613165,0.0011692262085580022
257,0.9744248848612049,0.9744244011645083,4.836966965848788e-07,0.0012210337260192584,0.0012220184071223882
258,0.9743976723510931,0.9743971653432524,5.070078407110046e-07,0.0012761869714553369,0.0012772190279140188
259,0.9743692177590033,0.9743686863345933,5.314244100329546e-07,0.0013338565651781758,0.0013349382388839494
260,0.974339464193899,0.9743389071957093,5.569981897934895e-07,0.0013941575891453888,0.0013952912266104757
261,0.9743083521653125,0.9743077683819649,5.837833476629584e-07,0.0014572103642400012,0.001458398421376779
262,0.9742758194659943,0.9742752076294506,6.118365436513784e-07,0.0015231406848405333,0.0015243857319501492
263,0.9742418010494228,0.9742411598323875,6.412170353575775e-07,0.0015920800634627828,0.0015933847904414013
264,0.9742062289019792,0.9742055569151765,6.719868026472398e-07,0.0016641659858622321,0.0016655332076332989
265,0.9741690319095561,0.9741683276989002,7.042106558996508e-07,0.0017395421769966688,0.0017409748391780946
266,0.974130135718397,0.9741293977620268,7.379563702336611e-07,0.0018183588782587127,0.001819860063073864
267,0.9740894625899242,0.9740886892951146,7.732948096306203e-07,0.0019007731363984675,0.0019023460688403799
268,0.9740469312493236,0.9740461209492601,8.103000634918089e-07,0.0019869491045662138,0.0019885971588242566
269,0.9740024567276538,0.9740016076780669,8.490495869706294e-07,0.0020770583559140215,0.002078785062072983
270,0.9739559501972169,0.9739550605728687,8.896243481881783e-07,0.0021712802102047306,0.00217308926122605
271,0.973907318799942,0.9739063866909657,9.32108976225976e-07,0.002269802073884343,0.0022716973328795295
272,0.9738564654685264,0.973855488876607,9.7659191944377e-07,0.002372819794081519,0.0023748053018882156
273,0.973803288740056,0.9738022655744473,1.0231656086823193e-06,0.002480538027004563,0.002482618010075473
274,0.9737476825618382,0.9737466106352108,1.071926627349562e-06,0.0025931706212113928,0.0025953494998267965
275,0.9736895360891641,0.9736884131132808,1.1229758832831394e-06,0.002710941016232794,0.002713223413047159
276,0.9736287334747198,0.9736275570559263,1.1764187934915071e-06,0.0028340826570317323,0.0028364734059653047
277,0.9735651536493538,0.9735639212838832,1.2323654705603815e-06,0.002962839424783036,0.00296534358026921
278,0.9734986700939022,0.9734973791629875,1.2909309147213222e-06,0.003097466084457265,0.0031000889310563487
279,0.9734291506017891,0.9734277983665702,1.3522352189099252e-06,0.0032382287496899747,0.003240975812080426
280,0.9733564570320832,0.9733550406283095,1.416403773712993e-06,0.0033854053654129223,0.0033882824187704843
281,0.973280445052719,0.973278961485237,1.4835674820856681e-06,0.0035392862087161503,0.0035422992894915115
282,0.9732009638735786,0.9731994100105991,1.5538629795086578e-06,0.0037001744083996996,0.0037033298255051378
283,0.9731178559691208,0.9731162285362569,1.6274328639154234e-06,0.003868386483660102,0.0038716908300750674
284,0.9730309567902684,0.9730292523643399,1.7044259285059482e-06,0.004044252902339677,0.004047713067145184
285,0.9729400944652364,0.9729383094678329,1.7849974035533123e-06,0.0042281186591456715,0.004231741839996512
286,0.9728450894890179,0.9728432201798138,1.8693092040944492e-06,0.00442034387421999,0.004424137590263885
287,0.9727457544012308,0.9727437968710448,1.9575301859475758e-06,0.0046213044124107025,0.004625276517662296
288,0.9726418934520363,0.9726398436156316,2.0498364047272233e-06,0.004831392523559806,0.004835551220736913
289,0.9725333022558674,0.9725311558444844,2.14641138307492e-06,0.005051017504080082,0.005055371358908797
290,0.9724197674326897,0.9724175199863028,2.247446386882679e-06,0.005280606380045356,0.005285164336039248
291,0.9723010662365607,0.9722987130958608,2.353140699851153e-06,0.005520604611962902,0.0055253760056808345
292,0.9721769661712502,0.972174502469339,2.4637019111484193e-06,0.005771476821332781,0.005776471398118108
293,0.9720472245927124,0.9720446452465114,2.579346201070365e-06,0.006033707539027204,0.006038935469229774
294,0.9719115882982265,0.9719088879995896,2.7002986369151216e-06,0.006307801975440943,0.006313273871121555
295,0.9717697931020501,0.9717669663085824,2.8267934677472795e-06,0.006594286812272491,0.006600013744387389
296,0.9716215633974591,0.9716186043230306,2.9590744284879733e-06,0.00689371101569234,0.0068997045317532694
297,0.9714666117050833,0.9714635143100456,3.097395037676698e-06,0.007206646670539836,0.00721291881274264
298,0.9713046382074991,0.9713013961885956,3.2420189035597957e-06,0.007533689835062727,0.007540253158874635
299,0.9711353302700751,0.9711319370500457,3.393220029401789e-06,0.007875461415570377,0.007882329008763114
300,0.9709583619481312,0.9709548106650174,3.5512831138007073e-06,0.008232608060215455,0.008239793562327919
301,0.9707733934805179,0.9707696769766635,3.716503854445108e-06,0.008605803070944698,0.0086133206931552
302,0.9705800707698127,0.9705761815805689,3.8891892437664666e-06,0.008995747332468764,0.009003611877852619
303,0.9703780248493745,0.9703739551915097,4.069657864813614e-06,0.009403170256890987,0.00941139714103478
304,0.9701668713376087,0.9701626130974358,4.258240172916317e-06,0.009828830742406019,0.009837436014344605
305,0.9699462098798662,0.9699417546010906,4.455278775683524e-06,0.010273518144226798,0.01028251850766434
306,0.969715623578514,0.9697109624498161,4.6611286979025834e-06,0.010738053255626495,0.010747466090395669
307,0.9694746784118149,0.9694698022541821,4.876157632782707e-06,0.011223289296682502,0.01123313268039083
308,0.9692229226423894,0.9692178218962109,5.100746178543503e-06,0.011730112907988316,0.01174040563779267
309,0.968959886216153,0.9689545509280976,5.335288055463572e-06,0.012259445146248448,0.012270206760691375
310,0.9686850801527729,0.9686794999624713,5.580190301612831e-06,0.012812242478294131,0.012823493279127452
311,0.9683979959288496,0.968392160055408,5.8358734416064095e-06,0.01338949776965152,0.013401258843563704
312,0.9680981048551949,0.9680920020835713,6.1027716236061735e-06,0.013992241263356402,0.014004534503510826
313,0.9677848574497719,0.9677784761170408,6.381332731120182e-06,0.014621541544241461,0.014634389671521825
314,0.9674576828080531,0.9674510107896039,6.672018449171979e-06,0.015278506483421446,0.015291933067270433
315,0.9671159879727796,0.9671090126684949,6.9753042847287006e-06,0.015964284157167195,0.015978313635892506
316,0.9667591573053359,0.966751865625781,7.291679554932706e-06,0.016680063733793802,0.016694721434202482
317,0.9663865518611978,0.966378930213893,7.621647304834056e-06,0.017427076321585206,0.01744238847779537
318,0.9659975087721872,0.9659895430480103,7.965724176828282e-06,0.01820659577014429,0.01822258954140821
319,0.9655913406385476,0.9655830161983404,8.324440207152506e-06,0.019019939416888718,0.019036642904247298
320,0.9651673349341625,0.9651586365955993,8.698338563206676e-06,0.01986846876971267,0.019885911031285224
321,0.9647247534285478,0.9647156654533643,9.087975183508235e-06,0.020753590116102574,0.02077180118080072
322,0.9642628316296062,0.9642533377112565,9.493918349701147e-06,0.02167675504823539,0.02169576592767229
323,0.963780778251472,0.9637708615033195,9.916748152538624e-06,0.022639460892800202,0.022659303591149326
324,0.9632777747121586,0.9632674176563005,1.0357055858056796e-05,0.023643251033475345,0.023663958555015335
325,0.9627529746661122,0.9627421592229454,1.0815443166833916e-05,0.024689715113163826,0.024711321467227626
326,0.9622055035771713,0.9621942110558226,1.1292521348682527e-05,0.025780489102249258,0.025803029305276788
327,0.9616344583378656,0.9616226694276149,1.1788910250776219e-05,0.026917255218285016,0.026940765292660884
328,0.9610389069414091,0.9610266017042428,1.2305237166332361e-05,0.02810174168168192,0.028126258651020013
329,0.9604178882131896,0.9604050460776351,1.2842135554524958e-05,0.029335722291121004,0.029361284171639895
330,0.9597704116090113,0.9597570113654048,1.340024360652059e-05,0.030621015801597616,0.0306476615892127
331,0.9590954570877837,0.9590814768851487,1.3980202634988892e-05,0.03195948508721648,0.031987254739957054
332,0.9583919750668297,0.9583773924115342,1.458265529552527e-05,0.03335303607011268,0.033381970485455756
333,0.9576588864684078,0.957643678224796,1.5208243611786187e-05,0.03480361639618908,0.0348337573828874
334,0.9568950828665017,0.9568792252596927,1.5857606808999947e-05,0.036313213837753266,0.03634460408172105
335,0.9560994267433499,0.9560828953644118,1.6531378938089425e-05,0.037883854402623665,0.03791653742643186
336,0.9552707518655791,0.9552535216792944,1.7230186284633575e-05,0.039517600128875105,0.0395516202444002
337,0.9544078637901906,0.9543899091456374,1.7954644553230814e-05,0.04121654654413326,0.04125194879789802
338,0.9535095405109736,0.9534908351551497,1.8705355823933623e-05,0.0429828197682291,0.04301964987896984
339,0.9525745332562064,0.9525550503509388,1.9482905267653727e-05,0.044818573238109276,0.04485687752610866
340,0.9516015674487277,0.9515812795911058,2.028785762187013e-05,0.04672598403420165,0.046765809341930725
341,0.9505893438396311,0.950568223086209,2.112075342208808e-05,0.04870724878797918,0.04874864239160599
342,0.9495365398269012,0.9495145577219177,2.198210498349784e-05,0.05076457915128478,0.050807588662623936
343,0.9484418109702969,0.9484189385781614,2.2872392135497854e-05,0.05290019680909861,0.05294487006760238
344,0.9473037927136657,0.9472800006559504,2.3792057715299464e-05,0.05511632801888833,0.05516271297331083
345,0.9461211023256385,0.9460963608228147,2.4741502823832917e-05,0.05741519766150416,0.0574633422409099
346,0.9448923410692537,0.9448666199874072,2.572108184650812e-05,0.059799022790795395,0.05984897476463614
347,0.9436160966105567,0.9435893655132985,2.673109725814804e-05,0.0622700056717713,0.06232181249880945
348,0.9422909456755252,0.9422631738812935,2.7771794231634672e-05,0.06483032630021891,0.06488403496614481
349,0.9409154569637809,0.9408866136087313,2.884335504960145e-05,0.06748213440025336,0.06753779124392562
350,0.9394881943265296,0.9394582484331627,2.994589336691167e-05,0.0702275409003402,0.07028519142866349
351,0.9380077202148616,0.9379766407665251,3.1079448336468474e-05,0.07306860889288327,0.07312829758444077
352,0.9364725994031039,0.93644035542447,3.224397863388351e-05,0.07600734408755139,0.076069114185221
353,0.9348814029901883,0.934847963633765,3.3439356423303757e-05,0.07904568477409811,0.079109578067003
354,0.9332327126800704,0.9331980473187693,3.4665361301033926e-05,0.08218549131651093,0.08225154791178975
355,0.9315251253400605,0.9314892036657937,3.592167426680337e-05,0.08542853520688644,0.08549679329191265
356,0.9297572578335157,0.929720049961739,3.720787177674545e-05,0.08877648771443485,0.0888469833102659
357,0.9279277521206942,0.9278892287007561,3.852341993815234e-05,0.09223090817241532,0.09230367487941796
358,0.926035280618698,0.9259954129497978,3.986766890018423e-05,0.09579323195354901,0.09586830069031366
359,0.9240785518083342,0.9240373119608148,4.123984751935872e-05,0.09946475819245502,0.09954215692928692
360,0.9220563160724377,0.9220136770140753,4.2639058362325954e-05,0.10324663732183001,0.10332639081028497
361,0.9199673717467318,0.9199233074735989,4.406427313297101e-05,0.1071398584973321,0.10722198799743914
362,0.9178105713606757,0.9177650570320944,4.551432858124205e-05,0.11114523699430336,0.11122976000130096
363,0.9155848280420467,0.9155378401190405,4.698792300616983e-05,0.11526340166745429,0.11535033164003201
364,0.9132891220551899,0.913240638441787,4.8483613402816594e-05,0.11949478257226406,0.11958412866446959
365,0.9109225074390702,0.9108725076257119,4.99998133582924e-05,0.12383959885396759,0.12393136565309266
366,0.9084841187074849,0.9084325839157184,5.153479176656095e-05,0.12829784701643876,0.12839203428933163
367,0.9059731775701171,0.905920090897671,5.3086672446078786e-05,0.13286928968882955,0.13296589213920137
368,0.9033889996296058,0.9033343461948709,5.465343473498585e-05,0.1375534450123334,0.13765245205171753
369,0.9007310010065276,0.9006747680913957,5.623291513190409e-05,0.14234957677269391,0.142450972307786
370,0.8979987048412266,0.8979408820311837,5.782281004285128e-05,0.14725668540591416,0.1473604476450528
371,0.8951917476188581,0.895132326939161,5.9420679697108625e-05,0.15227350000485534,0.15237960128640501
372,0.8923098852618884,0.8922488613086248,6.102395326357257e-05,0.15739847145290004,0.15750687809825664
373,0.8893529989327399,0.88929036899753,6.262993520989024e-05,0.1626297668074525,0.1627404390013126
374,0.8863211004882924,0.886256864675373,6.423581291936653e-05,0.1679652650506565,0.1680781567510684
375,0.8832143375276871,0.8831484988621211,6.583866556597595e-05,0.17340255431725493,0.17351761319780049
376,0.8800329979753222,0.8799655625010898,6.743547423238017e-05,0.17893893069996,0.17905609812620393
377,0.8767775141421835,0.8767084910089251,6.90231332584057e-05,0.18457139872106051,0.18469060976313992
378,0.8734484662107056,0.8733778677479552,7.059846275037085e-05,0.1902966735453075,0.1904178570282415
379,0.8700465850912746,0.8699744268690793,7.215822219530654e-05,0.19611118499352045,0.19623426358646662
380,0.8665727546022486,0.8664990554771488,7.369912509980203e-05,0.20201108339896678,0.20213597374427927
381,0.8630280129299756,0.8629527950754295,7.521785454600582e-05,0.2079922473296338,0.20811886021215845
382,0.8594135533307043,0.8593368422511573,7.671107954709822e-05,0.21405029317925256,0.2141785337358563
383,0.8557307240424762,0.8556525485704151,7.817547206112607e-05,0.22018058660867718,0.22031035457755288
384,0.8519810273819822,0.851901419657453,7.960772452919596e-05,0.22637825579731666,0.22650944580612137
385,0.8481661180088566,0.8480851134411072,8.100456774939868e-05,0.23263820644209454,0.2327707083335161
386,0.8442878003479348,0.8442054375589935,8.236278894135918e-05,0.2389551384193499,0.23908883761220884
387,0.8403480251683964,0.840264345918604,8.367924979235664e-05,0.2453235640035218,0.24545834188707066
388,0.8363488853274337,0.8362639344231122,8.495090432147911e-05,0.2517378275158899,0.2518735618745186
389,0.8322926106948997,0.8322064358785439,8.617481635575519e-05,0.2581921262574007,0.2583286917225681
390,0.8281815622841966,0.8280942141077549,8.73481764417372e-05,0.2646805325621814,0.26481780108801123
391,0.8240182256233112,0.8239297573053115,8.846831799969035e-05,0.271197016793015,0.2713348581516859
392,0.8198052034082149,0.819715670675662,8.953273255296601e-05,0.2777354710872061,0.2778737533799942
393,0.8155452074886952,0.815454668404833,9.053908386214005e-05,0.2842897336511453,0.28442832383077415
394,0.811241050243932,0.8111495650231202,9.148522081181554e-05,0.2908536133947272,0.29099237779453935
395,0.8068956354116337,0.8068032662227158,9.236918891786239e-05,0.2974209146927036,0.2975597195580885
396,0.8025119484402019,0.8024187591998675,9.318924033441256e-05,0.3039854620591737,0.3041241740766891
397,0.7980930464381133,0.7979991025958438,9.394384226946162e-05,0.310541124523729,0.3106796113433976
398,0.7936420477983841,0.7935474161146586,9.463168372547681e-05,0.31708183950316854,0.317219970249579
399,0.7891621215786147,0.7890668698980907,9.52516805239334e-05,0.3236016359711355,0.32373928173914945
400,0.7846564767186063,0.784560673740025,9.580297858124975e-05,0.3300946567391867,0.3302316910703089
401,0.7801283511779544,0.7800320662225235,9.62849554309031e-05,0.33655517967652543,0.33669147901229535
402,0.7755810010753224,0.7754843038553105,9.669722001182102e-05,0.34297763771153794,0.34311308182064204
403,0.7710176899093358,0.7709206502985724,9.703961076346079e-05,0.3493566374760328,0.3494911098522292
404,0.7664416779383084,0.7663443657462137,9.731219209474506e-05,0.35568697647234393,0.35582036470068884
405,0.7618562117923017,0.7617586965430013,9.75152493003506e-05,0.36196365866374425,0.36209585475306627
406,0.7572645143865476,0.7571668651045215,9.764928202615764e-05,0.3681819084096225,0.3683128090896184
407,0.7526697752000188,0.7525720602036187,9.771499640010006e-05,0.37433718268810745,0.37446668966989427
408,0.7480751409771005,0.7479774276811489,9.771329595154032e-05,0.38042518156993665,0.3805532017693394
409,0.7434837069039942,0.7433860616325446,9.76452714496201e-05,0.3864418569279967,0.38656830265128644
410,0.7388985083048084,0.7388009961149936,9.751218981479681e-05,0.3923834193867549,0.39250820847896883
411,0.7343225128953638,0.7342251974131249,9.731548223890218e-05,0.39824634353447647,0.39836939949084144
412,0.7297586136257102,0.7296615568940416,9.705673166859885e-05,0.40402737143841355,0.4041486234797602
413,0.7252096221353271,0.7251128844755269,9.673765980022786e-05,0.40972351451888395,0.4098428976322619
414,0.7206782628380478,0.7205819027243172,9.636011373059805e-05,0.41533205385210603,0.4154495087981048
415,0.7161671676470451,0.7160712415946404,9.592605240471563e-05,0.42085053898380453,0.42096601227233366
416,0.7116788713437913,0.7115834338107969,9.543753299434687e-05,0.42627678534578023,0.4263902291822727
417,0.7072158075888728,0.707120910891536,9.48966973368659e-05,0.4316088703759265,0.4317202425801022
418,0.7027803055669156,0.7026859998083684,9.430575854718626e-05,0.4368451284485092,0.4369543923479572
419,0.6983745872527576,0.6982809202648482,9.366698790935768e-05,0.4419841447260146,0.4420912690269557
420,0.6940007652813962,0.6939077825792481,9.298270214808113e-05,0.4470247480466027,0.4471297066842336
421,0.6896608414001677,0.6895685861490088,9.225525115885702e-05,0.45196600296223155,0.45206877493308495
422,0.6853567054781062,0.6852652184718333,9.148700627292783e-05,0.4568072010420704,0.4569077702207951
423,0.6810901350444776,0.6809994546953633,9.068034911430267e-05,0.4615478515539627,0.4616462064969077
424,0.6768627953260672,0.6767729576649645,8.983766110270963e-05,0.4661876716336386,0.46628380537153724
425,0.6726762397509297,0.6725872784372949,8.896131363478332e-05,0.470726576047264,0.47082048586924935
426,0.6685319108849325,0.6684438572259553,8.805365897712747e-05,0.47516466664792545,0.47525635387897947
427,0.6644311417665301,0.6643440247446462,8.711702188390902e-05,0.479502221620929,0.47959169139476265
428,0.66037515760475,0.6602890039127969,8.615369195308364e-05,0.4837396846065198,0.48382694563574424
429,0.6563650778053177,0.6562799118886029,8.516591671481333e-05,0.48787765378194425,0.4879627181272549
430,0.6524019182901617,0.6523177623947104,8.415589545129887e-05,0.49191687097782766,0.4919997538177731
431,0.6484865940761709,0.6484034683024402,8.312577373070784e-05,0.49585821089674653,0.4959389302995081
432,0.644619922079982,0.6445378444413467,8.207763863532502e-05,0.49970267049473127,0.49978124719319783
433,0.6408026241167353,0.6407216106020708,8.101351466449636e-05,0.5034513585794222,0.5035278157506773
434,0.6370353300620742,0.6369553947018006,7.99353602736197e-05,0.5071054856716732,0.5071798487218949
435,0.6333185811481794,0.6332397360831457,7.884506503375022e-05,0.510666354170765,0.5107386505263737
436,0.6296528333662513,0.629575088918896,7.774444735531016e-05,0.514135348857016,0.5142056077628014
437,0.6260384609495986,0.6259618256968319,7.663525276668803e-05,0.5175139277595735,0.517582180084369
438,0.6224757599132438,0.6224002407605611,7.551915268266818e-05,0.5208036134115009,0.5208698914618974
439,0.6189649516278027,0.6188905538841547,7.439774364803586e-05,0.5240059845090549,0.5240703218515075
440,0.6155061864072051,0.6154329138602003,7.327254700484342e-05,0.5271226679872245,0.5271850992788112
441,0.6120995470916377,0.6120274020826896,7.214500894814346e-05,0.5301553315191939,0.530215892347206
442,0.6087450526088807,0.6086740361079431,7.101650093754852e-05,0.5331056764434451,0.5331644031738926
443,0.6054426614989337,0.6053727731785107,6.988832042298387e-05,0.5359754311186455,0.536032360753686
444,0.6021922753885085,0.6021235136966562,6.876169185232595e-05,0.5387663447033336,0.5388215147475827
445,0.59899374240357,0.5989261046356426,6.763776792739762e-05,0.5414801813546805,0.5415336296902887
446,0.5958468605096318,0.595780342878553,6.65176310787885e-05,0.5441187148382112,0.5441704796085438
447,0.5927513807709532,0.59268597847583,6.540229512319584e-05,0.5466837235383573,0.5467338430400825
448,0.5897070105211409,0.5896427178140586,6.429270708230295e-05,0.5491769858580244,0.5492254984413688
449,0.5867134164389183,0.5866502266897843,6.318974913399611e-05,0.5516002759939677,0.5516472199708691
450,0.583770227523991,0.5837081332833223,6.209424066871971e-05,0.5539553600736477,0.5540007736335184
451,0.5808770379690231,0.5808160310285895,6.100694043364996e-05,0.5562439926384096,0.5562879137712001
452,0.5780334099247162,0.5779734813759733,5.992854874292686e-05,0.5584679134571862,0.5585103798834192
453,0.5752388761558822,0.5751800164461514,5.885970973085186e-05,0.5606288446545078,0.5606698937619634
454,0.5724929425872168,0.5724351415735804,5.780101363639378e-05,0.5627284881363785,0.5627681569230819
455,0.5697950907382049,0.5697383377391028,5.675299910212761e-05,0.564768523297499,0.5648068483206724
456,0.5671447800472392,0.567089063891766,5.571615547317332e-05,0.5667506049933737,0.5667876223240174
457,0.5645414500856117,0.5644867591605265,5.469092508525453e-05,0.5686763617610342,0.5687121069437934
458,0.5619845226625414,0.5619308449570133,5.367770552811013e-05,0.570547394272401,0.5705819022904005
459,0.5594734038228422,0.5594207269709598,5.26768518823717e-05,0.5723652740046765,0.5723985792489825
460,0.5570074857392157,0.5569557970603045,5.1688678911143704e-05,0.5741315421126072,0.5741636783560169
461,0.554586148501472,0.5545354350382599,5.071346321217085e-05,0.575847708487955,0.5758787088627977
462,0.552208761805261,0.5521590103599496,4.9751445311385645e-05,0.5775152509920729,0.5775451479717391
463,0.5498746865431112,0.5498258837114053,4.88028317059408e-05,0.5791356148480555,0.5791644402319607
464,0.5475832763007599,0.5475354085039202,4.786779683962905e-05,0.580710212179538,0.5807379970812656
465,0.5453338787619031,0.5452869322768792,4.6946485023902085e-05,0.5822404216838513,0.5822671965222002
466,0.5431258370245876,0.5430797980123045,4.6039012283061176e-05,0.5837275884278565,0.5837533829205628
467,0.5409584908325604,0.5409133453644199,4.5145468140495026e-05,0.5851730237554285,0.5851978669153226
468,0.5388311777249211,0.5387869118075899,4.426591733119878e-05,0.5865780052961659,0.5866019254295464
469,0.5367432341074566,0.5366998337060132,4.34004014434608e-05,0.5879437770655569,0.5879668017725825
470,0.5346939962490361,0.5346514473085364,4.2548940499709254e-05,0.5892715496474024,0.5892937058242912
471,0.5326828012064172,0.5326410896719596,4.171153445764464e-05,0.5905625004499148,0.5905838142927888
472,0.5307089876807918,0.5306680995161417,4.0888164650088044e-05,0.5918177740274725,0.5918382710376668
473,0.5287718968093428,0.5287318180141887,4.007879515410817e-05,0.5930384824605774,0.5930581874512542
474,0.5268708728950223,0.5268315895209265,3.9283374095866463e-05,0.5942257057870728,0.5942446428910001
475,0.525005264077696,0.5249667622428069,3.8501834889070885e-05,0.5953804924782198,0.5953986851565708
476,0.5231744229497086,0.5231366888522987,3.773409740992495e-05,0.5965038599536816,0.59652133100573
477,0.521377707118851,0.52134072704974,3.698006911101448e-05,0.5975967951299581,0.5976135667035601
478,0.5196144797216109,0.5195782400755343,3.6239646076574594e-05,0.5986602549972393,0.5986763485999755
479,0.517884109889488,0.5178485971754716,3.551271401636136e-05,0.5996951672200448,0.5997106037309445
480,0.5161859731710736,0.5161511740218645,3.479914920911931e-05,0.6007024307574479,0.6007172304391857
481,0.5145194519124688,0.5144853530930831,3.409881938576387e-05,0.6016829164989974,0.6016970990104933
482,0.5128839355985367,0.5128505240139709,3.341158456582338e-05,0.6026374679128437,0.6026510523221797
483,0.5112788211573678,0.5112460838595245,3.2737297843254964e-05,0.6035669017028655,0.6035799065004509
484,0.5097035132302388,0.5096714374241164,3.207580612241134e-05,0.6044720084719102,0.6044844515838388
485,0.5081574244092452,0.5081259974584359,3.142695080926572e-05,0.6053535533885341,0.6053654521900691
486,0.5066399754446901,0.5066091848762277,3.079056846233552e-05,0.6062122768548999,0.6062236481840355
487,0.5051505954242077,0.5051204289328103,3.016649139742089e-05,0.6070488951737186,0.6070597553447726
488,0.5036887219255073,0.5036591673772511,2.9554548256149893e-05,0.6078641012123559,0.607874466029551
489,0.5022538011445314,0.5022248465799967,2.8954564534777738e-05,0.6086585650624279,0.6086684498334269
490,0.5008452880007295,0.5008169216376501,2.8366363079346257e-05,0.6094329346934103,0.6094423542427644
491,0.49946264622105374,0.4994348564565081,2.7789764545649298e-05,0.6101878365989368,0.6101968052814266
492,0.4981053484042105,0.49807812381638394,2.7224587826557567e-05,0.610923876434667,0.6109324081485008
493,0.496772876066608,0.49674620541615827,2.6670650449756028e-05,0.6116416396467111,0.6116497478465641
494,0.4954647196713655,0.49543859190241674,2.612776894878044e-05,0.6123416920897611,0.6123493897996293
495,0.4941803786416687,0.49415478288246784,2.5595759200858215e-05,0.6130245806341855,0.6130318804600472
496,0.4929193613596938,0.49289428692294696,2.5074436746819195e-05,0.6136908337614881,0.6136977479037429
497,0.49168118515223647,0.491656621535156,2.4563617080475275e-05,0.6143409621475902,0.6143475024132758
498,0.49046537626412656,0.49044131314820855,2.406311591801602e-05,0.6149754592335274,0.6149816370482981
499,0.48927146982044345,0.4892478970709975,2.357274944597698e-05,0.6155948017832298,0.6156006282030848
500,0.4880990097784798,0.48807591744393153,2.3092334548280302e-05,0.6161994504281101,0.6162049361508741
501,0.4869475488703501,0.48692492718133645,2.262168901362438e-05,0.6167898501982816,0.6167950055748224
502,0.48581664853708273,0.48579448790535484,2.2160631727885516e-05,0.617366431040282,0.6173712660854611
503,0.4847058788549777,0.4846841698721316,2.1708982846091462e-05,0.6179296083212166,0.6179341327245782
504,0.4836148184549693,0.4835935518910194,2.126656394990656e-05,0.6184797833193183,0.6184840064555095
505,0.4825430544356801,0.48252222123748734,2.083319819273788e-05,0.6190173437009318,0.6190212746398526
506,0.4814901822708088,0.4814697735603807,2.0408710428132526e-05,0.6195426639840065,0.6195463115006843
507,0.48045580571145446,0.4804358127841288,1.9992927325684917e-05,0.62005610598817,0.6200594785723785
508,0.4794395366839357,0.4794199510064595,1.95856774761749e-05,0.6205580192715385,0.6205611251371409
509,0.47844099518363,0.47842180839214415,1.9186791485825694e-05,0.6210487415544083,0.6210515886484349
510,0.47745980916531633,0.4774410130632596,1.879610205673954e-05,0.6215285991300049,0.6215311951414748
511,0.4764956144304771,0.476477200986415,1.8413444062115314e-05,0.6219979072625028,0.622000259630982
512,0.4755480545119789,0.47553001585737015,1.803865460875409e-05,0.6224569705725247,0.6224590864964321
513,0.4746167805565238,0.4745991089834308,1.767157309301437e-05,0.6229060834103588,0.62290796985502
514,0.47370145120523327,0.4736841391639851,1.73120412481631e-05,0.6233455302171349,0.6233471939225923
515,0.4728017324727005,0.47278477256951573,1.6959903184787795e-05,0.6237755858742204,0.6237770333627968
516,0.4719172976248242,0.4719006826194007,1.661500542349259e-05,0.6241965160410973,0.6241977536247254
517,0.47104782705570997,0.4710315498587868,1.6277196923153436e-05,0.6246085774819883,0.6246096112693096
518,0.4701930081639031,0.47017706183480235,1.5946329100735568e-05,0.62501201838151,0.625012854284742
519,0.4693525352282031,0.469336912972355,1.5622255848057875e-05,0.6254070786496345,0.6254077223912209
520,0.46852610928328026,0.46851080444973653,1.5304833543727803e-05,0.6257939902162315,0.6257944473352746
521,0.4677134379953024,0.4676984440742456,1.4993921056805082e-05,0.6261729773154805,0.6261732531739621
522,0.4669142355377659,0.46689954615801427,1.4689379751631204e-05,0.6265442567604322,0.62654435654923
523,0.46612822246769886,0.46611383139421436,1.4391073484498751e-05,0.6269080382079963,0.6269079669526991
524,0.46535512560240383,0.46534102673380545,1.4098868598377834e-05,0.627264524414639,0.6272642869811704
525,0.46459467789687686,0.46458086526296166,1.3812633915200045e-05,0.6276139114830631,0.6276135125831122
526,0.46384661832204316,0.46383308608131957,1.3532240723590494e-05,0.6279563891001502,0.6279558332964217
527,0.4631106917439235,0.4630974341811594,1.3257562764101838e-05,0.6282921407664221,0.6282914324777045
528,0.4623866488038447,0.46237366032763116,1.298847621356014e-05,0.6286213440173014,0.6286204875233672
529,0.4616742457997892,0.46166152094012414,1.2724859665080857e-05,0.6289441706364205,0.628943170082756
530,0.46097324456897437,0.4609607779748668,1.2466594107585216e-05,0.6292607868612452,0.6292596462636151
531,0.46028341237173953,0.46027119880883666,1.221356290287412e-05,0.6295713535812568,0.6295700768301127
532,0.4596045217768115,0.4595925561250513,1.1965651760204032e-05,0.6298760265289396,0.6298746173936806
533,0.45893635054801113,0.4589246277993003,1.1722748710807362e-05,0.6301749564638188,0.6301734185968964
534,0.4582786815324578,0.45826719678837696,1.1484744080858533e-05,0.6304682893497771,0.6304666262906617
535,0.45763130255031664,0.4576200510198542,1.125153046244165e-05,0.630756166525887,0.6307543817048971
536,0.4569940062861342,0.45698298328344983,1.1023002684351635e-05,0.6310387248709743,0.6310368216129643
537,0.4563665901817951,0.45635579112401453,1.0799057780563892e-05,0.6313160969621314,0.6313140784900602
538,0.4557488563311352,0.4557382767361752,1.0579594960036243e-05,0.631588411227398,0.6315862806657653
539,0.45514061137622996,0.4551302468606555,1.0364515574456945e-05,0.6318557920928086,0.6318535524709734
540,0.4545416664053841,0.45453151268229797,1.015372308615925e-05,0.6321183601240051,0.6321160143793841
541,0.45395183685283724,0.4539418897298041,9.947123033149374e-06,0.6323762321626166,0.6323737831437749
542,0.45337094240019793,0.45336119777719874,9.744622999185992e-06,0.6326295214575874,0.6326269719272151
543,0.45279880687961344,0.4527892607470365,9.54613257692083e-06,0.6328783377916347,0.6328756904294197
544,0.45223525817868265,0.4522259066153475,9.351563335147084e-06,0.6331227876030137,0.6331200450084151
545,0.4516801281471148,0.45167096731832995,9.160828784826602e-06,0.6333629741027712,0.6333601387976944
546,0.451133252505129,0.4511242786607836,8.97384434539461e-06,0.6335989973876333,0.633596071819008
547,0.4505944707535966,0.45058568022628703,8.790527309565643e-06,0.6338309545487075,0.6338279410909722
548,0.4500636260859172,0.4500550152891076,8.610796809638277e-06,0.6340589397761344,0.6340558407336427
549,0.4495405653016213,0.4495321307278381,8.434573783189236e-06,0.6342830444598603,0.634279862069193
550,0.4490251387216908,0.44901687694075065,8.261780940155283e-06,0.6345033572866579,0.6345000937188549
551,0.4485172001055817,0.4485091077628553,8.0923427264179e-06,0.6347199643335381,0.6347166216962539
552,0.4480166065699428,0.4480086803846492,7.926185293605226e-06,0.6349329491576987,0.6349295294972817
553,0.44752321850900617,0.4475154552725434,7.76323646278776e-06,0.6351423928831226,0.6351388981866173
554,0.4470368995166424,0.4470292960909492,7.603425693170074e-06,0.6353483742839674,0.6353448064810514
555,0.4465575163100541,0.44655006962600624,7.446684047840435e-06,0.6355509698648576,0.6355473308297029
556,0.4460849386550986,0.44607764571093667,7.2929441619074e-06,0.6357502539381965,0.6357465454912754
557,0.4456190392932115,0.44561189715300087,7.142140210636416e-06,0.6359462986986171,0.635942522608435
558,0.4451596938699176,0.44515269966204035,6.9942078772533556e-06,0.6361391742946769,0.6361353322794483
559,0.44470678086490184,0.4446999317805808,6.8490843210256e-06,0.636328948897894,0.6363250426271605
560,0.4442601815236253,0.4442534748154783,6.706708147008467e-06,0.636515688769241,0.6365117198654293
561,0.44381977979045667,0.44381321277108243,6.567019374237315e-06,0.6366994583231738,0.6366954283631059
562,0.4433854622433039,0.44337903228389686,6.429959407028285e-06,0.6368803201893127,0.6368762307056528
563,0.4429571180297146,0.44295082255871043,6.295471004169606e-06,0.6370583352718406,0.6370541877545011
564,0.4425346388044293,0.4425284753061808,6.163498248501487e-06,0.6372335628067243,0.6372293587042195
565,0.4421179186683579,0.4421118846818378,6.033986520104229e-06,0.6374060604168337,0.6374018011375827
566,0.4417068541089598,0.44170094722649256,5.906882467265895e-06,0.637575884165038,0.6375715710786296
567,0.4413013439419972,0.4412955618080205,5.782133976728332e-06,0.637743088605361,0.6377387230437686
568,0.4409012892546462,0.4408956295644976,5.65969014859613e-06,0.6379077268322713,0.6379033100910259
569,0.44050659334993175,0.4405010538486649,5.539501266860203e-06,0.6380698505281621,0.6380653838674937
570,0.44011716169246856,0.4401117401736935,5.4215187750839e-06,0.6382295100091178,0.6382249946550445
571,0.43973290185548136,0.4397275961602332,5.305695248147835e-06,0.6383867542690115,0.638382191414401
572,0.43935372346907936,0.4393485314847103,5.191984369046221e-06,0.6385416310220003,0.6385370218275872
573,0.43897953816976154,0.43897445782886113,5.080340900409652e-06,0.6386941867434877,0.6386895323388653
574,0.43861025955112787,0.43860528883046584,4.970720662023087e-06,0.6388444667096052,0.6388397681941769
575,0.4382458031157749,0.4382409400352678,4.863080507067075e-06,0.6389925150352737,0.6389877734791697
576,0.4378860862283456,0.43788132885005043,4.757378295139336e-06,0.6391383747108909,0.6391335911558649
577,0.4375310280697196,0.4375263744968458,4.6535728738250626e-06,0.6392820876377128,0.639277263097993
578,0.4371805495923088,0.43717599796825846,4.551624050330716e-06,0.6394236946619587,0.6394188301250855
579,0.4368345734764461,0.436830121983872,4.4514925741090394e-06,0.6395632356077097,0.6395583320353313
580,0.4364930240878346,0.436488670947724,4.353140110602283e-06,0.6397007493086273,0.6396958076372787
581,0.4361558274360425,0.43615157090682,4.256529222479433e-06,0.63983627363855,0.639831294780403
582,0.4358229111340157,0.43581874951066757,4.161623348153398e-06,0.6399698455410094,0.6399648303845946
583,0.43549420435858915,0.4354901359718089,4.068386780242683e-06,0.6401015010577004,0.6400964504686065
584,0.4351696378119715,0.43516566102732607,3.976784645420839e-06,0.6402312753559458,0.6402261901775008
585,0.4348491436841876,0.43484525690130116,3.886782886430851e-06,0.6403592027552079,0.6403540838091253
586,0.43453265561644916,0.4345288572682099,3.798348239270055e-06,0.6404853167526545,0.6404801648396783
587,0.43422010866544203,0.43421639721722355,3.711448218479685e-06,0.6406096500478557,0.6406044659483605
588,0.43391143926849907,0.43390781321740446,3.626051094607341e-06,0.6407322345665956,0.6407270190411857
589,0.4336065852096499,0.43360304308377023,3.5421258796630717e-06,0.6408531014838806,0.6408478552739594
590,0.4333054855865158,0.4333020259442092,3.4596423066357573e-06,0.640972281246136,0.6409670050744604
591,0.4330080807780397,0.4330047022072265,3.378570813228343e-06,0.641089803592644,0.6410844981638621
592,0.4327143124130263,0.43271101353050073,3.298882525593072e-06,0.6412056975762503,0.6412003635774155
593,0.4324241233394754,0.43242090279023543,3.2205492399572933e-06,0.6413199915833465,0.6413146296844261
594,0.4321374575946902,0.43213431405128117,3.1435434090232306e-06,0.641432713353189,0.6414273242075417
595,0.43185426037614055,0.43185119253801696,3.0678381235937913e-06,0.641543889996546,0.6415384742413974
596,0.43157447801306476,0.431571484605966,2.993407098750289e-06,0.6416535480137188,0.6416481062706143
597,0.4312980579387921,0.43129513771413436,2.9202246577542113e-06,0.6417617133119542,0.6417562461872008
598,0.4310249486637689,0.4310221003980501,2.848265718780052e-06,0.6418684112222712,0.6418629193073624
599,0.4307550997492696,0.4307523222434916,2.7775057780399237e-06,0.6419736665157199,0.6419681503877491
600,0.4304884617817788,0.4304857538608804,2.7079208984037706e-06,0.6420775034191003,0.6420719636411616
601,0.43022498634802714,0.4302223468603332,2.6394876939117573e-06,0.6421799456301596,0.6421743827517326
602,0.42996462601066293,0.42996205382734615,2.5721833167846597e-06,0.6422810163322774,0.6422754308896056
603,0.4297073342845472,0.4297048282991033,2.505985443934655e-06,0.6423807382086756,0.6423751307251286
604,0.42945306561365615,0.42945062474139056,2.4408722655855364e-06,0.642479133456155,0.642473504442579
605,0.4292017753485741,0.42919939852610234,2.376822471783502e-06,0.6425762237983829,0.6425705737534446
606,0.42895341972456247,0.42895110590932345,2.313815239018968e-06,0.6426720304987439,0.6426663599092601
607,0.4287079558401956,0.42870570400997493,2.2518302206786522e-06,0.6427665743727804,0.6427608837140367
608,0.42846534163654165,0.42846315078900765,2.1908475340004507e-06,0.6428598758002196,0.6428541655362838
609,0.42822553587688,0.4282234050291315,2.1308477485271204e-06,0.6429519547366205,0.642946225320645
610,0.42798849812694134,0.4279864263150656,2.071811875725693e-06,0.6430428307246476,0.6430370825991547
611,0.4277541887356546,0.42775217501429613,2.013721358440357e-06,0.6431325229049724,0.6431267565021452
612,0.4275225688163919,0.42752061225833277,1.9565580591240916e-06,0.643221050026842,0.6432152657687951
613,0.4272936002286955,0.4272916999244447,1.9003042507903523e-06,0.6433084304583061,0.6433026287573509
614,0.4270672455604758,0.42706540061786963,1.8449426061883933e-06,0.6433946821961154,0.6433888634550218
615,0.4268434681106702,0.4268416776544811,1.7904561890880188e-06,0.6434798228753187,0.643473987487563
616,0.42662223187234743,0.42662049504390465,1.7368284427887737e-06,0.6435638697785546,0.643558018128564
617,0.42640350151624967,0.4264018174730669,1.6840431827924718e-06,0.643646839845051,0.643640972308438
618,0.426187242374759,0.4261856102901725,1.632084586533633e-06,0.6437287496793496,0.6437228666231433
619,0.42597342042627806,0.425971839489093,1.5809371850528109e-06,0.6438096155597592,0.6438037173426256
620,0.42576200228001443,0.42576047169416065,1.5305858537817407e-06,0.6438894534465485,0.6438835404190066
621,0.4255529551611586,0.4255514741453534,1.4810158052158684e-06,0.6439682789898893,0.6439623514945203
622,0.4253462468964438,0.4253448146838644,1.432212579366432e-06,0.6440461075375543,0.6440401659092063
623,0.42514184590008075,0.425140461738044,1.3841620367660568e-06,0.6441229541423865,0.6441169987083688
624,0.4249397211600542,0.42493838430970426,1.336850349920038e-06,0.6441988335695374,0.6441928646498146
625,0.4247398422247748,0.42473855196077875,1.2902639960343798e-06,0.6442737603034927,0.6442677782108713
626,0.42454217919007614,0.4245409348003265,1.2443897496328127e-06,0.6443477485548842,0.6443417535951904
627,0.4243467026865466,0.4243455034718719,1.1992146747297205e-06,0.6444208122670991,0.6444148047393592
628,0.4241533838671903,0.4241522291410707,1.1547261196120928e-06,0.6444929651226977,0.6444869453193023
629,0.42396219439540445,0.42396108348369765,1.110911706792006e-06,0.6445642205496354,0.6445581887565117
630,0.4237731064332694,0.42377203867394014,1.0677593292318655e-06,0.6446345917273054,0.6446285482240728
631,0.4235860926301398,0.4235850673729978,1.0252571420177325e-06,0.6447040915924063,0.6446980366525372
632,0.4234011261115312,0.4234001427179737,9.833935574743435e-07,0.6447727328446373,0.6447666667356049
633,0.42321818046829124,0.423217238311055,9.421572362278141e-07,0.6448405279522256,0.6448344509356574
634,0.423037229746054,0.42303632820896964,9.015370843745707e-07,0.6449074891573039,0.644901401489121
635,0.42285824843496145,0.4228573869127149,8.615222465424566e-07,0.6449736284811219,0.6449675304116785
636,0.42268121145965365,0.4226803893575554,8.22102098230193e-07,0.6450389577291186,0.645032849503341
637,0.4225060941695142,0.4225053109032719,7.832662422546655e-07,0.6451034884958455,0.6450973703533637
638,0.4223328723291686,0.4223321273246656,7.450045030332753e-07,0.6451672321697564,0.6451611043450289
639,0.42216152210922575,0.42216081480230466,7.073069210883354e-07,0.6452301999378554,0.6452240626602979
640,0.4219920200772559,0.42199134991351006,6.701637458306209e-07,0.6452924027902169,0.6452862562843237
641,0.42182434318900575,0.42182370962357135,6.335654343936348e-07,0.6453538515243888,0.6453476960098492
642,0.4216584687798318,0.42165787127718857,5.975026432514241e-07,0.6454145567496605,0.6454083924414762
643,0.42149437455635935,0.4214938125901341,5.61966225276489e-07,0.6454745288912234,0.6454683559998173
644,0.4213320385883511,0.42133151164112725,5.269472238556006e-07,0.6455337781942116,0.6455275969255403
645,0.42117143930078627,0.42117094686391665,4.924368696146431e-07,0.6455923147276361,0.6455861252832933
646,0.4210125554661415,0.42101209703956693,4.5842657458994296e-07,0.645650148388212,0.6456439509655324
647,0.420855366196869,0.4208549412889404,4.2490792856453297e-07,0.6457072889040802,0.6457010836962422
648,0.4206998509380659,0.4206994590653705,3.9187269540441605e-07,0.6457637458384318,0.6457575330345505
649,0.4205459894603319,0.42054563014752455,3.5931280734091686e-07,0.6458195285930336,0.6458133083782613
650,0.42039376185280763,0.42039343463244505,3.2722036258370224e-07,0.6458746464116625,0.6458684189672779
651,0.42024314851639066,0.42024285292877056,2.95587620102733e-07,0.645929108383448,0.6459228738869477
652,0.42009413015712316,0.4200938657501268,2.6440699635310594e-07,0.645982923446125,0.6459766820713119
653,0.4199466877797486,0.4199464541086859,2.3367106266602988e-07,0.6460361003892057,0.6460298523062711
654,0.4198008026814299,0.4198005993088913,2.0337253858748738e-07,0.6460886478570647,0.6460823932326782
655,0.4196564564456282,0.41965628294133583,1.7350429237783516e-07,0.6461405743519475,0.6461343133493317
656,0.4195136309361344,0.4195134868768014,1.440593330181983e-07,0.6461918882368987,0.6461856210159138
657,0.4193723082912537,0.4193721932604424,1.1503081132069326e-07,0.6462425977386181,0.6462363244558356
658,0.4192324709181344,0.41923238450612116,8.64120132670898e-08,0.6462927109502441,0.6462864317590225
659,0.41909410148724063,0.41909404329088173,5.8196358898587874e-08,0.6463422358340627,0.64633595088462
660,0.41895718292696293,0.41895715254956517,3.0377397763903247e-08,0.6463911802241511,0.6463848896636385
661,0.41882169841836436,0.4188216954695582,2.948806143709959e-09,0.6464395518289549,0.6464332558015251
662,0.4186876313900595,0.41868765548567405,2.4095614559183076e-08,0.6464873582338035,0.6464810568806779
663,0.41855496551321814,0.41855501627516006,5.076194192765726e-08,0.6465346069033555,0.6465283003628906
664,0.4184236846966966,0.4184237617528321,7.705613547237533e-08,0.6465813051839918,0.6465749935917439
665,0.4182937730822879,0.4182938760663276,1.0298403974040582e-07,0.6466274603061442,0.6466211437949325
666,0.4181652150400924,0.41816534359147733,1.2855138492584572e-07,0.6466730793865725,0.6466667580865391
667,0.4180379951640003,0.41803814892779173,1.537637914217349e-07,0.6467181694305806,0.64671184346925
668,0.41791209826728876,0.417912276894061,1.7862677226254675e-07,0.6467627373341814,0.6467564068365226
669,0.41778750937832504,0.41778771252405983,2.031457347895227e-07,0.6468067898862115,0.6468004549746904
670,0.41766421373637813,0.4176644410623612,2.2732598309316288e-07,0.6468503337703929,0.6468439945650281
671,0.41754219678753046,0.41754244796025164,2.511727211773618e-07,0.6468933755673443,0.6468870321857643
672,0.4174214441806931,0.4174217188717476,2.7469105451372045e-07,0.646935921756549,0.6469295743140413
673,0.4173019417637149,0.4173022396497074,2.978859925395483e-07,0.6469779787182722,0.6469716273278361
674,0.41718367557958996,0.4171839963420412,3.2076245121137603e-07,0.6470195527354363,0.6470131975078341
675,0.41706663186275533,0.4170669751880096,3.4332525428171223e-07,0.6470606499954488,0.6470542910392518
676,0.4169507970354792,0.4169511626146154,3.655791361856231e-07,0.6471012765919913,0.6470949140136327
677,0.416836157704337,0.41683654523308017,3.8752874315095553e-07,0.6471414385267681,0.6471350724305833
678,0.4167227006567717,0.4167231098354083,4.0917863658451736e-07,0.6471811417112079,0.647174772199484
679,0.41661041285773837,0.41661084339103244,4.3053329407127805e-07,0.6472203919681324,0.6472140191411534
680,0.41649928144642845,0.4164997330435388,4.515971103735694e-07,0.6472591950333884,0.6472528189894744
681,0.4163892937330724,0.4163897661074736,4.7237440120584395e-07,0.6472975565574345,0.6472911773929875
682,0.4162804371958195,0.4162809300652234,4.928694039008086e-07,0.6473354821069008,0.6473290999164449
683,0.41617269947769187,0.4161732125639704,5.130862785196477e-07,0.6473729771661112,0.6473665920423317
684,0.41606606838361027,0.41606660141272167,5.33029111404737e-07,0.6474100471385662,0.6474036591723511
685,0.415960531877491,0.4159610845794056,5.527019146245316e-07,0.6474466973484003,0.6474403066288774
686,0.4158560780794109,0.4158566501880405,5.721086296373024e-07,0.6474829330418044,0.6474765396563793
687,0.41575269526283964,0.4157532865159669,5.912531272356247e-07,0.6475187593884127,0.6475123634228048
688,0.41565037185193676,0.41565098199114725,6.101392104884695e-07,0.6475541814826682,0.6475477830209467
689,0.4155490964189115,0.415549725189526,6.287706144636473e-07,0.6475892043451471,0.6475828034697662
690,0.41544885768144524,0.4154495048324545,6.471510092809218e-07,0.6476238329238653,0.6476174297156985
691,0.41534964450017264,0.41535030978417375,6.652840011112104e-07,0.6476580720955498,0.6476516666339213
692,0.41525144587622154,0.4152521290493549,6.831731333423186e-07,0.647691926666883,0.647685519029605
693,0.41515425094881075,0.4151549517706982,7.008218874671179e-07,0.6477254013757267,0.6477189916391246
694,0.41505804899290116,0.4150587672265866,7.182336854150151e-07,0.6477585008923081,0.647752089131258
695,0.41496282941690177,0.41496356482879243,7.354118906621743e-07,0.6477912298203965,0.6477848161083504
696,0.41486858176042796,0.4148693341202367,7.523598087311179e-07,0.6478235926984379,0.6478171771074568
697,0.414775295692112,0.41477606477280016,7.690806881344159e-07,0.6478555940006825,0.6478491766014618
698,0.4146829610074593,0.4146837465851837,7.85577724371489e-07,0.6478872381382714,0.6478808190001746
699,0.41459156762675886,0.4145923694808152,8.018540563203835e-07,0.6479185294603199,0.6479121086514006
700,0.4145011055930344,0.41450192350580706,8.179127726770652e-07,0.6479494722549574,0.6479430498419909
701,0.41441156507004734,0.41441239882695535,8.337569080141272e-07,0.6479800707503657,0.6479736467988715
702,0.41432293634033907,0.4143237857297873,8.49389448220883e-07,0.6480103291157808,0.6480039036900502
703,0.41423520980332046,0.4142360746166489,8.648133284494541e-07,0.6480402514624817,0.648033824625605
704,0.414148375973402,0.4141492560048379,8.800314358903272e-07,0.6480698418447581,0.6480634136586461
705,0.41406242547816535,0.4140633205247753,8.950466099388876e-07,0.6480991042608584,0.6480926747862681
706,0.4139773490565746,0.4139782589182181,9.098616435276874e-07,0.6481280426539138,0.6481216119504716
707,0.4138931375572275,0.41389406203651147,9.24479283959112e-07,0.6481566609128531,0.6481502290390779
708,0.4138097819366444,0.41381072083887865,9.389022342376485e-07,0.6481849628732914,0.6481785298866181
709,0.4137272732575932,0.41372822639074563,9.531331524592623e-07,0.648212952318404,0.6482065182752015
710,0.4136456026874515,0.41364656986210685,9.671746553641114e-07,0.6482406329797803,0.6482341979353793
711,0.41356476149660437,0.4135657425259206,9.810293162271222e-07,0.6482680085382668,0.6482615725469759
712,0.4134847410568737,0.4134857357565423,9.94699668577237e-07,0.6482950826247872,0.6482886457399165
713,0.41340553283998493,0.4134065410281889,1.0081882039769674e-06,0.64832185882115,0.6483154210950284
714,0.41332712841606173,0.41332814991343786,1.0214973761302204e-06,0.6483483406608362,0.6483419021448347
715,0.41324951945215616,0.41325055408175515,1.0346295989949184e-06,0.6483745316297806,0.6483680923743286
716,0.41317269771080717,0.4131737452980556,1.047587248448334e-06,0.6484004351671255,0.6483939952217308
717,0.41309665504863036,0.4130977154212941,1.06037266373038e-06,0.6484260546659709,0.6484196140792371
718,0.4130213834149359,0.41302245640308266,1.072988146777476e-06,0.648451393474102,0.6484449522937474
719,0.4129468748503761,0.412947960286341,1.0854359648870826e-06,0.6484764548947088,0.6484700131675865
720,0.4128731214856201,0.4128742192039693,1.0977183491633902e-06,0.6485012421870908,0.6484947999591993
721,0.41280011554005536,0.41280122537755193,1.109837496571231e-06,0.6485257585673421,0.6485193158838486
722,0.4127278493205158,0.41272897111608664,1.1217955708242577e-06,0.6485500072090333,0.6485435641142883
723,0.4126563152200358,0.4126574488147378,1.1335947019963655e-06,0.6485739912438735,0.6485675477814258
724,0.4125855057166288,0.41258665095361724,1.1452369884645819e-06,0.6485977137623611,0.6485912699749761
725,0.41251541337209097,0.4125165700965858,1.1567244948551547e-06,0.6486211778144273,0.6486147337440975
726,0.4124460308308269,0.41244719889008363,1.1680592567064885e-06,0.648644386410058,0.6486379420980235
727,0.41237735081870097,0.41237853006197916,1.1792432781931872e-06,0.6486673425199133,0.6486608980066739
728,0.41230936614190916,0.4123105564204419,1.1902785327366772e-06,0.6486900490759322,0.6486836044012616
729,0.4122420696858745,0.41224327085283957,1.2011669650591195e-06,0.6487125089719239,0.6487060641748864
730,0.4121754544141618,0.41217666632465255,1.2119104907393208e-06,0.6487347250641502,0.648728280183113
731,0.4121095133674163,0.41211073587841257,1.2225109962682446e-06,0.6487567001719017,0.6487502552445468
732,0.41204423966231946,0.41204547263266045,1.2329703409919013e-06,0.6487784370780518,0.6487719921413908
733,0.411979626490567,0.4119808697809241,1.2432903570558373e-06,0.6487999385296117,0.6487934936200005
734,0.4119156671178658,0.4119169205907148,1.2534728489610458e-06,0.6488212072382749,0.648814762391424
735,0.41185235488294886,0.41185361840254414,1.2635195952848122e-06,0.6488422458809402,0.6488358011319276
736,0.4117896831966097,0.4117909566289581,1.2734323484031584e-06,0.6488630571002412,0.6488566124835257
737,0.41172764554075364,0.4117289287535892,1.2832128355455552e-06,0.6488836435050547,0.6488771990544855
738,0.41166623546746783,0.4116675283302266,1.2928627587394104e-06,0.6489040076710039,0.6488975634198358
739,0.4116054465981077,0.41160674898190336,1.3023837956427364e-06,0.6489241521409537,0.6489177081218565
740,0.4115452726223999,0.4115465843999995,1.3117775995996617e-06,0.6489440794254967,0.6489376356705652
741,0.41148570729756295,0.4114870283433632,1.3210458002510528e-06,0.6489637920034299,0.648957348544197
742,0.41142674444744065,0.41142807463744524,1.3301900045892268e-06,0.6489832923222199,0.6489768491896671
743,0.41136837796165454,0.41136971717345017,1.3392117956256833e-06,0.6490025827984676,0.6489961400230337
744,0.4113106017947697,0.41131194990750464,1.3481127349446176e-06,0.6490216658183581,0.6490152234299514
745,0.41125340996547516,0.4112547668598372,1.3568943620367868e-06,0.6490405437381057,0.6490341017661153
746,0.4111967965557794,0.41119816211397314,1.3655581937443984e-06,0.6490592188843898,0.6490527773576896
747,0.41114075571021913,0.4111421298159456,1.374105726481556e-06,0.649077693554784,0.64907125250175
748,0.4110852816350828,0.4110866641735184,1.382538435623637e-06,0.6490959700181776,0.6490895294666931
749,0.4110303685976465,0.4110317594554223,1.3908577757848484e-06,0.6491140505151908,0.6491076104926544
750,0.4109760109254239,0.4109774099906058,1.3990651818729383e-06,0.64913193725858,0.6491254977919201
751,0.4109222030054282,0.410923610167496,1.4071620678124397e-06,0.649149632433641,0.649143193549318
752,0.41086893928344664,0.4108703544332754,1.4151498287651165e-06,0.6491671381985988,0.6491606999226189
753,0.41081621426332765,0.4108176372931683,1.4230298406303632e-06,0.6491844566849969,0.6491780190429182
754,0.4107640225062789,0.41076545330973957,1.4308034606558273e-06,0.649201589998075,0.6491951530150171
755,0.4107123586301791,0.4107137971022059,1.438472026826787e-06,0.6492185402171466,0.6492121039177968
756,0.4106612173088983,0.41066266334575807,1.44603685975353e-06,0.6492353093959624,0.6492288738045862
757,0.41061059327163196,0.41061204677089264,1.4534992606729524e-06,0.6492518995630734,0.6492454647035215
758,0.41056048130224315,0.4105619421627576,1.4608605144461606e-06,0.6492683127221859,0.6492618786179006
759,0.41051087623861765,0.41051234436050626,1.4681218886147818e-06,0.64928455085251,0.6492781175265356
760,0.41046177297202924,0.41046324825666153,1.475284632290741e-06,0.6493006159091045,0.649294183384092
761,0.41041316644651266,0.4104146487964919,1.4823499792648853e-06,0.6493165098232144,0.6493100781214287
762,0.41036505165824955,0.41036654097739556,1.489319146008583e-06,0.6493322345026002,0.64932580364593
763,0.41031742365496254,0.4103189198482951,1.4961933325619015e-06,0.6493477918318693,0.6493413618418304
764,0.4102702775353185,0.41027178050904156,1.5029737230887186e-06,0.6493631836727931,0.6493567545705381
765,0.4102236084483413,0.4102251181098281,1.5096614867649016e-06,0.6493784118646261,0.6493719836709502
766,0.4101774115928349,0.4101789278506106,1.5162577757243945e-06,0.6493934782244141,0.6493870509597613
767,0.41013168221681284,0.41013320498054084,1.5227637280013084e-06,0.6494083845473024,0.6494019582317714
768,0.41008641561693865,0.41008794479740535,1.5291804666972553e-06,0.649423132606836,0.6494167072601882
769,0.4100416071379729,0.410043142647072,1.5355090990931686e-06,0.6494377241552535,0.6494312997969176
770,0.40999725217223004,0.4099987939229491,1.5417507190362834e-06,0.6494521609237804,0.6494457375728602
771,0.40995334615904294,0.4099548940654476,1.5479064046641788e-06,0.649466444622918,0.6494600222981937
772,0.40990988458423366,0.40991143856145545,1.5539772217909587e-06,0.6494805769427177,0.6494741556626593
773,0.40986686297959507,0.4098684229438155,1.5599642204100483e-06,0.6494945595530675,0.6494881393358325
774,0.4098242769223773,0.4098258427908156,1.5658684383024202e-06,0.6495083941039573,0.649501974967404
775,0.4097821220347827,0.409783693725682,1.5716908993157475e-06,0.649522082225753,0.6495156641874391
776,0.40974039398346895,0.40974197141608254,1.5774326135864492e-06,0.6495356255294584,0.6495292086066496
777,0.4096990884790571,0.40970067157363627,1.5830945791495132e-06,0.6495490256069747,0.6495426098166517
778,0.40965820127564917,0.40965978995342894,1.5886777797735618e-06,0.6495622840313577,0.6495558693902177
779,0.4096177281703505,0.40961932235353776,1.5941831872368084e-06,0.6495754023570719,0.6495689888815341
780,0.4095776650027997,0.4095792646145611,1.59961176143808e-06,0.6495883821202333,0.6495819698264476
781,0.4095380076547047,0.409539612619154,1.6049644492865944e-06,0.6496012248388584,0.649594813742706
782,0.40949875204938624,0.40950036229157216,1.6102421859232052e-06,0.6496139320131025,0.6496075221302022
783,0.40945989415132683,0.40946150959722,1.6154458931660898e-06,0.6496265051254968,0.6496200964712104
784,0.409421429965725,0.40942305054220857,1.6205764835630632e-06,0.6496389456411806,0.6496325382306176
785,0.4093833555380582,0.4093849811729141,1.625634855895175e-06,0.6496512550081334,0.6496448488561537
786,0.40934566695364866,0.4093472975755469,1.6306218982298226e-06,0.6496634346573968,0.6496570297786155
787,0.409308360337237,0.4093099958757247,1.6355384876987067e-06,0.6496754860032996,0.6496690824120932
788,0.40927143185256076,0.40927307223805065,1.6403854898872083e-06,0.6496874104436756,0.649681008154185
789,0.40923487770193845,0.4092365228656983,1.64516375983359e-06,0.6496992093600804,0.6496928083862135
790,0.40919869412586024,0.40920034400000177,1.649874141529395e-06,0.6497108841180023,0.6497044844734414
791,0.409162877402582,0.4091645319200499,1.6545174679194474e-06,0.6497224360670717,0.6497160377652749
792,0.409127423847726,0.4091290829422887,1.6590945627337206e-06,0.649733866541268,0.6497274695954744
793,0.4090923298138871,0.40909399342012476,1.6636062376562677e-06,0.649745176859122,0.6497387812823534
794,0.4090575916902423,0.40905925974353774,1.6680532954338467e-06,0.6497563683239136,0.649749974128982
795,0.4090232059021673,0.40902487833869594,1.672436528654675e-06,0.6497674422238724,0.6497610494233802
796,0.4089891689108568,0.4089908456675762,1.676756719415362e-06,0.649778399832369,0.6497720084387151
797,0.40895547721294906,0.40895715822758943,1.681014640375622e-06,0.6497892424081049,0.6497828524334857
798,0.4089221273401567,0.4089238125512117,1.6852110549803179e-06,0.6497999711953026,0.6497935826517186
799,0.40888911585890153,0.4088908052056175,1.68934671596066e-06,0.6498105874238911,0.6498042003231472
800,0.40885643936995225,0.4088581327923207,1.6934223684428318e-06,0.6498210923096853,0.6498147066633968
801,0.4088240945080704,0.40882579194681695,1.697438746561808e-06,0.6498314870545712,0.6498251028741651
802,0.4087920779416557,0.40879377933823235,1.7013965766810024e-06,0.6498417728466747,0.6498353901433958
803,0.40876038637240053,0.40876209166897565,1.7052965751163107e-06,0.649851950860546,0.6498455696454554
804,0.4087290165349456,0.40873072567439583,1.7091394502455337e-06,0.6498620222573247,0.6498556425413068
805,0.40869796519653995,0.4086996781224413,1.7129259013426434e-06,0.6498719881849104,0.6498656099786745
806,0.40866722915670706,0.4086689458133257,1.7166566186332943e-06,0.6498818497781312,0.649875473092214
807,0.4086368052469129,0.40863852557919744,1.7203322845160685e-06,0.6498916081589086,0.6498852330036786
808,0.40860669033023833,0.4086084142838109,1.7239535725632749e-06,0.6499012644364156,0.6498948908220763
809,0.40857688130105596,0.40857860882220454,1.7275211485756614e-06,0.6499108197072407,0.6499044476438305
810,0.40854737508471156,0.4085491061203808,1.7310356692501472e-06,0.649920275055546,0.649913904552943
811,0.40851816863720664,0.4085199031349905,1.734497783845157e-06,0.6499296315532173,0.6499232626211429
812,0.4084892589448868,0.40849099685302087,1.737908134069599e-06,0.6499388902600225,0.649932522908043
813,0.40846064302413393,0.4084623842914869,1.741267352972642e-06,0.6499480522237571,0.6499416864612854
814,0.40843231792106016,0.40843406249712666,1.744576066498027e-06,0.6499571184803994,0.6499507543166989
815,0.40840428071120743,0.4084060285460997,1.7478348922628228e-06,0.6499660900542494,0.6499597274984361
816,0.40837652849924877,0.40837827954368994,1.7510444411672488e-06,0.6499749679580809,0.6499686070191268
817,0.40834905841869396,0.40835081262400974,1.7542053157848514e-06,0.649983753193277,0.64997739388001
818,0.4083218676315984,0.40832362494971036,1.757318111972328e-06,0.6499924467499736,0.6499860890710836
819,0.40829495332827515,0.40829671371169324,1.7603834180923705e-06,0.6500010496072002,0.6499946935712368
820,0.4082683127270093,0.4082700761288253,1.7634018160128662e-06,0.6500095627330094,0.6500032083483902
821,0.40824194307377837,0.40824370944765775,1.7663738793860517e-06,0.650017987084619,0.6500116343596266
822,0.4082158416419723,0.40821761094214737,1.7693001750918036e-06,0.6500263236085408,0.6500199725513254
823,0.40819000573211844,0.40819177791338285,1.7721812644033719e-06,0.6500345732407093,0.6500282238592952
824,0.40816443267161,0.40816620768931033,1.7750177003228451e-06,0.6500427369066151,0.6500363892088974
825,0.40813911981443635,0.40814089762446626,1.7778100299126187e-06,0.6500508155214295,0.6500444695151815
826,0.4081140645409166,0.4081158450997098,1.7805587931851719e-06,0.650058809990129,0.6500524656829993
827,0.40808926425743647,0.4080910475219606,1.7832645241577794e-06,0.6500667212076208,0.6500603786071396
828,0.4080647163961879,0.4080665023239378,1.7859277499088222e-06,0.650074550058864,0.6500682091724418
829,0.4080404184149116,0.40804220696390286,1.7885489912439212e-06,0.6500822974189908,0.6500759582539215
830,0.4080163677966416,0.4080181589254042,1.791128762640426e-06,0.6500899641534206,0.6500836267168859
831,0.4079925620494534,0.40799435571702614,1.7936675727470153e-06,0.6500975511179847,0.6500912154170504
832,0.40796899870621467,0.40797079487213844,1.7961659237730743e-06,0.6501050591590334,0.650098725200656
833,0.40794567532433895,0.4079474739486507,1.7986243117662504e-06,0.6501124891135561,0.6501061569045832
834,0.4079225894855404,0.4079243905287678,1.8010432273896093e-06,0.650119841809289,0.6501135113564619
835,0.4078997387955936,0.40790154221874814,1.8034231545338564e-06,0.6501271180648286,0.6501207893747819
836,0.40787712088409417,0.40787892664866604,1.8057645718716486e-06,0.6501343186897409,0.6501279917690059
837,0.4078547334042218,0.40785654147217365,1.8080679518583942e-06,0.6501414444846658,0.6501351193396716
838,0.4078325740325075,0.4078343843662693,1.8103337617869641e-06,0.6501484962414283,0.6501421728785035
839,0.4078106404686011,0.407812453031064,1.812562462899514e-06,0.6501554747431375,0.6501491531685124
840,0.40778893043504244,0.4077907451895537,1.8147545112756625e-06,0.6501623807642959,0.6501560609841045
841,0.4077674416770358,0.40776925858739305,1.8169103572218681e-06,0.6501692150708968,0.6501628970911766
842,0.4077461719622244,0.40774799099267023,1.8190304458265416e-06,0.6501759784205279,0.6501696622472234
843,0.4077251190804689,0.40772694019568523,1.8211152163494226e-06,0.6501826715624692,0.6501763572014305
844,0.40770428084362786,0.4077061040087317,1.8231651038314034e-06,0.6501892952377899,0.650182982694778
845,0.4076836550853406,0.40768548026587753,1.8251805369295937e-06,0.6501958501794488,0.6501895394601334
846,0.4076632396608121,0.4076650668227519,1.8271619398047e-06,0.650202337112384,0.6501960282223492
847,0.40764303244659944,0.40764486155633073,1.8291097312883586e-06,0.6502087567536136,0.650202449698354
848,0.4076230313404018,0.4076248623647274,1.8310243256047798e-06,0.6502151098123219,0.6502088045972497
849,0.40760323426085193,0.40760506716698325,1.8329061313160366e-06,0.6502213969899574,0.650215093620399
850,0.4075836391473093,0.40758547390286226,1.8347555529873993e-06,0.6502276189803186,0.6502213174615188
851,0.4075642439596564,0.4075660805326457,1.836572989299956e-06,0.6502337764696448,0.6502274768067665
852,0.4075450466780957,0.40754688503693065,1.838358834937992e-06,0.650239870136704,0.650233572334831
853,0.4075260453029505,0.40752788541643004,1.8401134795342777e-06,0.6502459006528817,0.6502396047170185
854,0.407507237854466,0.4075090796917744,1.8418373083917139e-06,0.6502518686822634,0.6502455746173377
855,0.407488622372614,0.40749046590331556,1.8435307015396418e-06,0.6502577748817221,0.6502514826925843
856,0.40747019691689745,0.4074720421109324,1.8451940349550888e-06,0.6502636199009996,0.6502573295924255
857,0.4074519595661597,0.40745380639384005,1.8468276803407235e-06,0.650269404382791,0.6502631159594852
858,0.4074339084183931,0.40743575685039735,1.8484320042366775e-06,0.6502751289628261,0.6502688424294172
859,0.40741604159055167,0.407417891597921,1.850007369352813e-06,0.6502807942699476,0.6502745096309939
860,0.4073983572183638,0.4074002087724977,1.8515541339025887e-06,0.6502864009261919,0.6502801181861824
861,0.40738085345614794,0.4073827065287998,1.8530726518806162e-06,0.6502919495468688,0.6502856687102222
862,0.40736352847663054,0.4073653830399034,1.8545632728406147e-06,0.6502974407406363,0.6502911618117033
863,0.4073463804707636,0.4073482364971058,1.8560263421729672e-06,0.650302875109579,0.650296598092643
864,0.40732940764754716,0.40733126510974893,1.8574622017708542e-06,0.6503082532492812,0.6503019781485605
865,0.40731260823385107,0.40731446710503905,1.8588711879763409e-06,0.6503135757489038,0.6503073025685513
866,0.4072959804742391,0.40729784072787445,1.8602536353551358e-06,0.6503188431912565,0.6503125719353622
867,0.40727952263079653,0.40728138424066873,1.8616098722001873e-06,0.6503240561528711,0.6503177868254603
868,0.4072632329829566,0.4072650959231807,1.8629402241399085e-06,0.6503292152040703,0.6503229478091079
869,0.40724710982733076,0.407248974072343,1.864245012250798e-06,0.6503343209090434,0.6503280554504323
870,0.4072311514775396,0.40723301700209413,1.8655245545562416e-06,0.6503393738259126,0.6503331103074956
871,0.40721535626404637,0.407217223043211,1.8667791646387322e-06,0.6503443745068019,0.6503381129323627
872,0.4071997225339904,0.4072015905431433,1.8680091529166276e-06,0.650349323497905,0.650343063871171
873,0.40718424865102526,0.4071861178658505,1.8692148252563712e-06,0.6503542213395564,0.6503479636641963
874,0.4071689329951545,0.4071708033916388,1.8703964843047594e-06,0.6503590685662938,0.6503528128459186
875,0.40715377396257235,0.40715564551700206,1.8715544297109865e-06,0.6503638657069225,0.6503576119450909
876,0.40713876996550447,0.40714064265446076,1.8726889562947768e-06,0.6503686132845861,0.6503623614847992
877,0.40712391943205,0.40712579323240605,1.8738003560447858e-06,0.650373311816824,0.6503670619825314
878,0.40710922080602624,0.40711109569494375,1.8748889175079775e-06,0.6503779618156385,0.6503717139502351
879,0.4070946725468141,0.4070965485017396,1.8759549255120689e-06,0.6503825637875553,0.6503763178943851
880,0.40708027312920486,0.40708215012786697,1.8769986621092194e-06,0.6503871182336863,0.6503808743160413
881,0.4070660210432497,0.4070678990636547,1.8780204050217186e-06,0.650391625649789,0.6503853837109121
882,0.4070519147941084,0.40705379381453743,1.8790204290297652e-06,0.6503960865263294,0.6503898465694105
883,0.40703795290190264,0.4070398329009086,1.8799990059714666e-06,0.6504005013485376,0.6503942633767211
884,0.4070241339015672,0.4070260148579713,1.8809564040767057e-06,0.6504048705964683,0.6503986346128479
885,0.4070104563427055,0.4070123382355938,1.8818928883002073e-06,0.6504091947450581,0.650402960752682
886,0.4069969187894455,0.40699880159816604,1.8828087205435828e-06,0.6504134742641856,0.6504072422660538
887,0.4069835198202962,0.4069854035244559,1.8837041597108417e-06,0.6504177096187234,0.6504114796177916
888,0.40697025802800707,0.4069721426074681,1.8845794610422573e-06,0.6504219012685953,0.6504156732677717
889,0.4069571320194273,0.40695901745430535,1.8854348780572572e-06,0.6504260496688345,0.6504198236709844
890,0.4069441404153683,0.40694602668602736,1.886270659057221e-06,0.6504301552696345,0.6504239312775774
891,0.4069312818504649,0.4069331689375165,1.887087051621883e-06,0.6504342185164039,0.6504279965329173
892,0.4069185549730405,0.40692044285733986,1.887884299334175e-06,0.6504382398498187,0.6504320198776374
893,0.4069059584449725,0.40690784710761513,1.8886626426128927e-06,0.6504422197058775,0.6504360017476956
894,0.4068934909415584,0.4068953803638771,1.8894223187126968e-06,0.6504461585159513,0.6504399425744185
895,0.40688115115138357,0.4068830413149468,1.890163563222913e-06,0.6504500567068343,0.650443842784562
896,0.4068689377761909,0.406870828662799,1.8908866081246423e-06,0.6504539147007959,0.6504477028003548
897,0.406856849530752,0.4068587411224345,1.8915916824568946e-06,0.6504577329156304,0.6504515230395512
898,0.4068448851427373,0.4068467774217507,1.8922790133713008e-06,0.6504615117647048,0.6504553039154809
899,0.40683304335259096,0.4068349363014148,1.8929488238561554e-06,0.6504652516570114,0.6504590458370958
900,0.40682132291340306,0.40682321651473896,1.8936013359005521e-06,0.6504689529972114,0.6504627492090208
901,0.4068097225907869,0.4068116168275541,1.8942367672192262e-06,0.650472616185686,0.6504664144315994
902,0.4067982411627546,0.4068001360180888,1.894855334194645e-06,0.6504762416185823,0.6504700419009433
903,0.40678687741959474,0.40678877287684495,1.895457250211674e-06,0.6504798296878591,0.6504736320089739
904,0.4067756301637525,0.40677752620647784,1.8960427253245093e-06,0.6504833807813345,0.6504771851434734
905,0.4067644982097086,0.40676639482167654,1.8966119679220128e-06,0.6504868952827307,0.6504807016881312
906,0.4067534803838613,0.40675537754904517,1.8971651838950443e-06,0.6504903735717179,0.6504841820225813
907,0.4067425755244091,0.4067444732269848,1.8977025756927723e-06,0.6504938160239608,0.6504876265224541
908,0.4067317824812333,0.4067336807055781,1.8982243447651648e-06,0.6504972230111581,0.6504910355594179
909,0.40672110011578433,0.406722998846473,1.8987306886764088e-06,0.650500594901094,0.6504944095012195
910,0.40671052730096563,0.40671242652276995,1.8992218043245579e-06,0.6505039320576707,0.6504977487117343
911,0.406700062921023,0.4067019626189069,1.8996978838892176e-06,0.6505072348409611,0.650501053550997
912,0.40668970587143033,0.4066916060305496,1.9001591192724376e-06,0.6505105036072398,0.6505043243752558
913,0.4066794550587798,0.4066813556644796,1.900605699822755e-06,0.6505137387090355,0.6505075615370068
914,0.40666930940067264,0.40667121043848387,1.9010378112249704e-06,0.650516940495165,0.6505107653850346
915,0.4066592678256092,0.40666116928124746,1.9014556382757064e-06,0.6505201093107715,0.6505139362644569
916,0.40664932927288194,0.4066512311322448,1.9018593628294944e-06,0.6505232454973737,0.6505170745167581
917,0.40663949269246885,0.4066413949416337,1.9022491648534867e-06,0.6505263493928963,0.650520180479836
918,0.4066297570449273,0.4066316596701493,1.9026252219833673e-06,0.6505294213317144,0.6505232544880366
919,0.40662012130128944,0.40662202428899946,1.902987710022952e-06,0.6505324616446873,0.650526296872191
920,0.40661058444295967,0.4066124877797618,1.9033368021115216e-06,0.6505354706592015,0.6505293079596579
921,0.4066011454616107,0.4066030491342802,1.9036726695009776e-06,0.6505384486992069,0.6505322880743598
922,0.4065918033590829,0.40659370735456407,1.9039954811672644e-06,0.6505413960852517,0.6505352375368165
923,0.4065825571472825,0.40658446145268756,1.9043054050871255e-06,0.6505443131345205,0.6505381566641895
924,0.4065734058480832,0.40657531045068906,1.9046026058511245e-06,0.6505472001608728,0.6505410457703079
925,0.4065643484932272,0.406566253380474,1.9048872467730682e-06,0.6505500574748758,0.650543905165717
926,0.40655538412422676,0.40655728928371543,1.9051594886687617e-06,0.6505528853838421,0.6505467351577001
927,0.4065465117922677,0.40654841721175883,1.9054194911327649e-06,0.6505556841918623,0.6505495360503257
928,0.4065377305581139,0.40653963622552564,1.905667411761236e-06,0.6505584541998437,0.6505523081444762
929,0.4065290394920124,0.40653094539541745,1.905903405041709e-06,0.6505611957055424,0.6505550517378818
930,0.40652043767359874,0.4065223438012236,1.906127624851095e-06,0.6505639090035953,0.6505577671251563
931,0.4065119241918041,0.40651383053202694,1.9063402228458592e-06,0.6505665943855563,0.6505604545978303
932,0.4065034981447635,0.4065054046861123,1.9065413487950877e-06,0.6505692521399298,0.6505631144443843
933,0.40649515863972413,0.4064970653708744,1.9067311502474205e-06,0.6505718825522018,0.6505657469502821
934,0.40648690479295446,0.4064888117027281,1.9069097736412743e-06,0.6505744859048718,0.6505683523979999
935,0.40647873572965576,0.4064806428070187,1.9070773629170645e-06,0.6505770624774883,0.6505709310670632
936,0.4064706505838723,0.4064725578179334,1.9072340611270278e-06,0.6505796125466757,0.6505734832340774
937,0.406462648498404,0.40646455587841307,1.9073800090474435e-06,0.6505821363861702,0.6505760091727553
938,0.40645472862471965,0.4064566361400652,1.9075153455672123e-06,0.650584634266848,0.6505785091539515
939,0.40644689012287055,0.40644879776307846,1.9076402079098997e-06,0.6505871064567561,0.6505809834456922
940,0.40643913216140476,0.4064410399161369,1.9077547321333377e-06,0.650589553221143,0.6505834323132071
941,0.40643145391728347,0.40643336177633527,1.907859051797356e-06,0.6505919748224909,0.6505858560189541
942,0.4064238545757961,0.4064257625290961,1.907953300017695e-06,0.65059437152054,0.6505882548226581
943,0.4064163333304793,0.4064182413680864,1.9080376071345384e-06,0.6505967435723237,0.6505906289813298
944,0.4064088893830326,0.40641079749513476,1.908112102155801e-06,0.6505990912321926,0.6505929787493006
945,0.40640152194323903,0.40640343012015206,1.908176913034687e-06,0.6506014147518462,0.6505953043782525
946,0.4063942302288837,0.40639613846104944,1.908232165725998e-06,0.6506037143803609,0.6505976061172414
947,0.4063870134656744,0.4063889217436588,1.90827798440818e-06,0.6506059903642164,0.6505998842127286
948,0.40637987088716254,0.40638177920165497,1.90831449242701e-06,0.6506082429473248,0.6506021389086083
949,0.40637280173466467,0.40637471007647574,1.9083418110743544e-06,0.6506104723710566,0.6506043704462336
950,0.40636580525718585,0.4063677136172463,1.908360060420833e-06,0.6506126788742698,0.6506065790644433
951,0.4063588807113428,0.4063607890807017,1.908369358927242e-06,0.6506148626933346,0.6506087649995925
952,0.40635202736128756,0.4063539357311104,1.908369822833933e-06,0.6506170240621629,0.6506109284855713
953,0.40634524447863196,0.4063471528402008,1.9083615688253452e-06,0.6506191632122271,0.6506130697538406
954,0.40633853134237446,0.4063404396870849,1.9083447104217832e-06,0.6506212803725973,0.6506151890334497
955,0.4063318872388255,0.4063337955581861,1.9083193605884397e-06,0.6506233757699553,0.6506172865510668
956,0.406325311461535,0.4063272197471655,1.9082856305141505e-06,0.6506254496286297,0.6506193625310022
957,0.40631880331121945,0.4063207115548496,1.9082436301665062e-06,0.6506275021706149,0.6506214171952346
958,0.40631236209569077,0.40631427028915895,1.90819346818083e-06,0.6506295336155966,0.6506234507634345
959,0.4063059871297854,0.40630789526503724,1.908135251860177e-06,0.6506315441809768,0.6506254634529893
960,0.4062996777352938,0.40630158580438097,1.9080690871753347e-06,0.6506335340819003,0.6506274554790263
961,0.40629343324089184,0.4062953412359706,1.9079950787648237e-06,0.6506355035312759,0.6506294270544399
962,0.40628725298207047,0.4062891608954006,1.9079133301569406e-06,0.6506374527397993,0.6506313783899137
963,0.40628113630106877,0.4062830441250118,1.9078239430481148e-06,0.6506393819159801,0.6506333096939385
964,0.40627508254680594,0.4062769902738243,1.907727018357619e-06,0.650641291266161,0.650635221172845
965,0.40626909107481474,0.40627099869747035,1.9076226556169473e-06,0.6506431809945442,0.6506371130308208
966,0.4062631612471754,0.40626506875812807,1.9075109526922596e-06,0.6506450513032125,0.6506389854699328
967,0.4062572924324486,0.4062591998244561,1.9073920074497153e-06,0.650646902392148,0.6506408386901529
968,0.4062514840056131,0.40625339127152854,1.9072659154240057e-06,0.6506487344592622,0.6506426728893762
969,0.40624573534799946,0.40624764248077105,1.9071327715947106e-06,0.6506505477004112,0.6506444882634475
970,0.40624004584722734,0.4062419528398964,1.9069926690540306e-06,0.6506523423094209,0.6506462850061777
971,0.40623441489714207,0.4062363217428424,1.9068457003390549e-06,0.6506541184781063,0.6506480633093694
972,0.40622884189775216,0.40623074858970837,1.9066919562105156e-06,0.6506558763962924,0.6506498233628344
973,0.40622332625516816,0.4062252327866957,1.9065315275401673e-06,0.6506576162518385,0.6506515653544214
974,0.406217867381541,0.40621977374604334,1.906364502368696e-06,0.6506593382306567,0.650653289470027
975,0.4062124646950009,0.40621437088597023,1.90619096934741e-06,0.6506610425167305,0.650654995893625
976,0.4062071176195985,0.4062090236306131,1.906011014629616e-06,0.650662729292139,0.650656684807281
977,0.4062018255852445,0.4062037314099687,1.9058247242020876e-06,0.6506643987370739,0.6506583563911755
978,0.40619658802765146,0.40619849365983374,1.9056321822752409e-06,0.6506660510298601,0.6506600108236222
979,0.40619140438827495,0.40619330982174784,1.905433472892959e-06,0.6506676863469777,0.6506616482810879
980,0.40618627411425634,0.40618817934293455,1.9052286782117456e-06,0.6506693048630758,0.6506632689382126
981,0.4061811966583659,0.40618310167624516,1.9050178792778816e-06,0.6506709067509996,0.6506648729678274
982,0.4061761714789451,0.4061780762801021,1.9048011570266254e-06,0.6506724921818022,0.6506664605409774
983,0.40617119803985186,0.40617310261844286,1.904578591005457e-06,0.6506740613247664,0.6506680318269327
984,0.406166275810405,0.4061681801606644,1.904350259429588e-06,0.6506756143474233,0.6506695869932154
985,0.406161404265328,0.40616330838156767,1.9041162396815636e-06,0.6506771514155723,0.6506711262056114
986,0.4061565828846966,0.4061584867613048,1.903876608200239e-06,0.6506786726932949,0.6506726496281949
987,0.4061518111538833,0.4061537147853241,1.9036314407583355e-06,0.6506801783429771,0.6506741574233408
988,0.4061470885635052,0.4061489919443165,1.9033808112967066e-06,0.6506816685253243,0.650675649751743
989,0.4061424146093704,0.4061443177341645,1.9031247940892726e-06,0.6506831433993809,0.6506771267724376
990,0.406137788792426,0.4061396916558877,1.9028634616891082e-06,0.6506846031225455,0.650678588642813
991,0.40613321061870716,0.4061351132155924,1.9025968852615094e-06,0.6506860478505915,0.6506800355186317
992,0.4061286795992843,0.4061305819244206,1.9023251363048388e-06,0.6506874777376797,0.6506814675540467
993,0.4061241952502134,0.40612609729849836,1.9020482849296805e-06,0.6506888929363781,0.650682884901617
994,0.4061197570924863,0.4061216588588859,1.901766399581284e-06,0.6506902935976793,0.6506842877123242
995,0.4061153646519795,0.4061172661315284,1.901479548871432e-06,0.6506916798710153,0.6506856761355919
996,0.4061110174594058,0.40611291864720606,1.9011878002461735e-06,0.6506930519042722,0.6506870503192983
997,0.406106715050266,0.40610861594148556,1.9008912195417338e-06,0.6506944098438104,0.6506884104097928
998,0.4061024569647992,0.4061043575546726,1.9005898734270055e-06,0.6506957538344782,0.6506897565519176
999,0.40609824274793627,0.4061001430317624,1.9002838261283905e-06,0.6506970840196269,0.6506910888890137
1000,0.4060940719492524,0.40609597192239405,1.8999731416502463e-06,0.6506984005411292,0.6506924075629453
1001,0.4060899441229192,0.4060918437808028,1.8996578836083522e-06,0.6506997035393893,0.6506937127141099
1002,0.4060858588276599,0.40608775816577375,1.8993381138421306e-06,0.6507009931533668,0.6506950044814579
1003,0.40608181562670176,0.4060837146405962,1.8990138944685597e-06,0.6507022695205833,0.6506962830025027
1004,0.4060778140877321,0.40607971277301785,1.8986852857727499e-06,0.650703532777141,0.650697548413339
1005,0.4060738537828519,0.4060757521352004,1.8983523485394116e-06,0.650704783057739,0.6506988008486572
1006,0.4060699342885323,0.4060718323036737,1.8980151414438318e-06,0.6507060204956849,0.6507000404417587
1007,0.4060660551855698,0.4060679528592931,1.8976737232723195e-06,0.6507072452229112,0.6507012673245678
1008,0.4060622160590432,0.4060641133871946,1.8973281514234053e-06,0.6507084573699896,0.6507024816276475
1009,0.4060584164982691,0.40606031347675253,1.8969784834066417e-06,0.6507096570661441,0.6507036834802149
1010,0.40605465609676034,0.40605655272153623,1.896624775898914e-06,0.6507108444392653,0.6507048730101566
1011,0.40605093445218315,0.4060528307192667,1.8962670835231954e-06,0.6507120196159257,0.6507060503440338
1012,0.40604725116631507,0.40604914707177664,1.8959054615685922e-06,0.650713182721393,0.6507072156071083
1013,0.4060436058450031,0.4060455013849676,1.8955399644915438e-06,0.6507143338796404,0.6507083689233475
1014,0.4060399980981229,0.4060418932687683,1.8951706453607109e-06,0.650715473213365,0.6507095104154406
1015,0.40603642753953795,0.4060383223370954,1.8947975574667986e-06,0.650716600843998,0.6507106402048135
1016,0.4060328937870592,0.4060347882078119,1.8944207527127332e-06,0.650717716891719,0.6507117584116375
1017,0.40602939646240493,0.4060312905026878,1.894040282890419e-06,0.6507188214754689,0.6507128651548479
1018,0.4060259351911618,0.40602782884735994,1.8936561981264255e-06,0.6507199147129623,0.650713960552152
1019,0.40602250960274466,0.40602440287129365,1.8932685489914114e-06,0.6507209967206997,0.6507150447200463
1020,0.40601911933035867,0.4060210122077435,1.8928773848347902e-06,0.6507220676139833,0.6507161177738234
1021,0.4060157640109604,0.4060176564937153,1.892482754894953e-06,0.650723127506925,0.6507171798275919
1022,0.40601244328521996,0.4060143353699271,1.8920847071335345e-06,0.6507241765124617,0.6507182309942813
1023,0.40600915679748356,0.4060110484807728,1.8916832892346136e-06,0.6507252147423666,0.6507192713856582
1024,0.40600590419573596,0.40600779547428445,1.8912785484936911e-06,0.6507262423072612,0.6507203011123399
1025,0.4060026851315636,0.40600457600209466,1.8908705310405338e-06,0.6507272593166269,0.650721320283802
1026,0.4059994992601187,0.4060013897194015,1.8904592827828637e-06,0.6507282658788198,0.6507223290083948
1027,0.4059963462400824,0.40599823628493115,1.8900448487402244e-06,0.6507292621010783,0.6507233273933486
1028,0.4059932257336286,0.40599511536090244,1.8896272738211373e-06,0.650730248089535,0.6507243155447937
1029,0.40599013740638973,0.40599202661299166,1.889206601934923e-06,0.6507312239492323,0.6507252935677661
1030,0.4059870809274206,0.4059889697102971,1.8887828764913017e-06,0.650732189784128,0.6507262615662177
1031,0.40598405596916465,0.40598594432530527,1.888356140622438e-06,0.650733145697113,0.6507272196430347
1032,0.4059810622074183,0.40598295013385527,1.8879264369608961e-06,0.6507340917900166,0.650728167900041
1033,0.405978099321298,0.40597998681510505,1.887493807029017e-06,0.6507350281636193,0.6507291064380121
1034,0.40597516699320635,0.40597705405149825,1.8870582919050527e-06,0.6507359549176659,0.650730035356688
1035,0.40597226490879806,0.4059741515287306,1.8866199325562327e-06,0.6507368721508735,0.6507309547547806
1036,0.40596939275694766,0.4059712789357167,1.8861787690616083e-06,0.6507377799609442,0.6507318647299862
1037,0.4059665502297164,0.405968435964558,1.885734841611253e-06,0.650738678444573,0.6507327653789968
1038,0.4059637370223201,0.40596562231050876,1.8852881886743944e-06,0.6507395676974599,0.6507336567975067
1039,0.40596095283309686,0.40596283767194596,1.8848388491088386e-06,0.6507404478143219,0.6507345390802279
1040,0.40595819736347527,0.40596008175033693,1.884386861661369e-06,0.6507413188888995,0.6507354123208986
1041,0.4059554703179438,0.405957354250207,1.8839322631913902e-06,0.6507421810139704,0.6507362766122881
1042,0.4059527714040183,0.4059546548791098,1.883475091501996e-06,0.6507430342813563,0.6507371320462167
1043,0.40595010033221257,0.4059519833475956,1.8830153830085017e-06,0.6507438787819353,0.6507379787135565
1044,0.4059474568160069,0.4059493393691811,1.8825531741817336e-06,0.6507447146056492,0.6507388167042469
1045,0.4059448405718187,0.40594672266031906,1.8820885003822951e-06,0.6507455418415165,0.6507396461073007
1046,0.40594225131897166,0.4059441329403691,1.8816213974148788e-06,0.6507463605776386,0.6507404670108154
1047,0.40593968877966763,0.40594156993156694,1.8811518993078202e-06,0.6507471709012124,0.6507412795019837
1048,0.4059371526789555,0.4059390333589968,1.8806800412551894e-06,0.6507479728985364,0.6507420836671012
1049,0.4059346427447036,0.40593652295056026,1.8802058566746993e-06,0.6507487666550218,0.6507428795915736
1050,0.4059321587075707,0.4059340384369501,1.879729379372641e-06,0.6507495522552034,0.650743667359933
1051,0.4059297003009773,0.405931579551619,1.8792506417120158e-06,0.6507503297827444,0.6507444470558365
1052,0.40592726726107775,0.40592914603075464,1.878769676888492e-06,0.6507510993204493,0.6507452187620872
1053,0.4059248593267322,0.40592673761324916,1.878286516932004e-06,0.65075186095027,0.6507459825606329
1054,0.40592247623947947,0.4059243540406732,1.8778011937059524e-06,0.6507526147533165,0.6507467385325802
1055,0.4059201177435095,0.40592199505724774,1.877313738241071e-06,0.650753360809867,0.6507474867582015
1056,0.405917783585636,0.40591966040981753,1.876824181512582e-06,0.6507540991993703,0.6507482273169443
1057,0.4059154735152705,0.40591734984782457,1.8763325540516185e-06,0.6507548300004621,0.6507489602874399
1058,0.4059131872843953,0.4059150631232814,1.875838886111758e-06,0.6507555532909683,0.650749685747511
1059,0.40591092464753714,0.4059127999907443,1.875343207169422e-06,0.6507562691479143,0.6507504037741799
1060,0.40590868536174185,0.4059105602072885,1.8748455466455205e-06,0.6507569776475359,0.650751114443679
1061,0.40590646918654816,0.40590834353248184,1.8743459336834078e-06,0.6507576788652834,0.650751817831455
1062,0.40590427588396294,0.40590614972835953,1.8738443965937712e-06,0.6507583728758337,0.6507525140121814
1063,0.40590210521843517,0.4059039785593983,1.8733409631321862e-06,0.650759059753095,0.6507532030597627
1064,0.4058999569568313,0.4059018297924931,1.8728356618313846e-06,0.6507597395702155,0.6507538850473455
1065,0.40589783086841125,0.4058997031969311,1.8723285198363193e-06,0.6507604123995928,0.650754560047324
1066,0.4058957267248032,0.4058975985443674,1.8718195642364321e-06,0.6507610783128814,0.6507552281313496
1067,0.4058936442999798,0.4058955156088011,1.8713088212884976e-06,0.6507617373809984,0.6507558893703342
1068,0.4058915833702342,0.405893454166552,1.8707963178044018e-06,0.6507623896741321,0.6507565438344667
1069,0.40588954371415636,0.4058914139962359,1.8702820795413189e-06,0.6507630352617514,0.6507571915932098
1070,0.40588752511260956,0.4058893948787418,1.869766132256423e-06,0.6507636742126095,0.650757832715317
1071,0.4058855273487069,0.4058873965972085,1.869248501595866e-06,0.6507643065947553,0.6507584672688325
1072,0.40588355020778955,0.4058854189370014,1.8687292118735321e-06,0.6507649324755369,0.6507590953211019
1073,0.40588159347740227,0.40588346168569056,1.8682082882914841e-06,0.6507655519216125,0.6507597169387807
1074,0.40587965694727224,0.405881524633027,1.867685754775028e-06,0.6507661649989541,0.6507603321878387
1075,0.4058777404092861,0.40587960757092145,1.8671616353604925e-06,0.6507667717728571,0.6507609411335683
1076,0.4058758436574685,0.40587771029342196,1.8666359534735832e-06,0.6507673723079466,0.6507615438405924
1077,0.40587396648795904,0.4058758325966923,1.866108733261651e-06,0.6507679666681827,0.6507621403728676
1078,0.4058721086989925,0.4058739742789896,1.8655799970956899e-06,0.65076855491687,0.650762730793698
1079,0.40587027009087573,0.40587213514064324,1.8650497675132272e-06,0.6507691371166624,0.6507633151657319
1080,0.4058684504659674,0.40587031498403475,1.864518067329346e-06,0.6507697133295705,0.6507638935509803
1081,0.405866649628657,0.4058685136135755,1.8639849185264623e-06,0.6507702836169688,0.6507644660108145
1082,0.4058648673853435,0.4058667308356864,1.8634503429204585e-06,0.6507708480396004,0.6507650326059757
1083,0.40586310354441596,0.40586496645877795,1.8629143619941502e-06,0.6507714066575861,0.6507655933965805
1084,0.4058613579162314,0.4058632202932285,1.8623769971193305e-06,0.6507719595304292,0.6507661484421322
1085,0.4058596303130964,0.40586149215136563,1.8618382692237034e-06,0.6507725067170207,0.6507666978015187
1086,0.4058579205492467,0.40585978184744564,1.8612981989574173e-06,0.65077304827565,0.6507672415330272
1087,0.4058562284408266,0.4058580891976329,1.8607568063044866e-06,0.6507735842640041,0.6507677796943416
1088,0.40585455380587077,0.40585641401998274,1.8602141119705706e-06,0.650774114739181,0.6507683123425602
1089,0.40585289646428374,0.4058547561344194,1.8596701356621281e-06,0.6507746397576925,0.6507688395341898
1090,0.4058512562378221,0.40585311536271845,1.8591248963639728e-06,0.6507751593754687,0.6507693613251613
1091,0.40584963295007365,0.4058514915284876,1.8585784139490968e-06,0.6507756736478649,0.6507698777708266
1092,0.4058480264264407,0.40584988445714787,1.8580307071802693e-06,0.6507761826296733,0.6507703889259746
1093,0.40584643649412,0.4058482939759152,1.8574817952088374e-06,0.6507766863751174,0.6507708948448289
1094,0.4058448629820852,0.40584671991378185,1.8569316966310367e-06,0.6507771849378674,0.6507713955810577
1095,0.40584330572106886,0.4058451621014977,1.8563804288218577e-06,0.6507776783710431,0.6507718911877777
1096,0.40584176454354337,0.4058436203715537,1.8558280103220248e-06,0.6507781667272177,0.6507723817175612
1097,0.4058402392837039,0.4058420945581632,1.8552744593391957e-06,0.6507786500584256,0.650772867222441
1098,0.4058387297774513,0.4058405844972439,1.854719792637738e-06,0.6507791284161686,0.650773347753915
1099,0.405837235862373,0.40583909002640095,1.8541640279257088e-06,0.6507796018514167,0.6507738233629545
1100,0.40583575737772765,0.40583761098490995,1.8536071823005429e-06,0.6507800704146197,0.650774294100006
1101,0.4058342941644267,0.40583614721369904,1.8530492723600744e-06,0.6507805341557089,0.6507747600149989
1102,0.4058328460650177,0.4058346985553328,1.8524903150907157e-06,0.6507809931241038,0.6507752211573514
1103,0.40583141292366803,0.4058332648539948,1.851930326757234e-06,0.6507814473687149,0.6507756775759732
1104,0.4058299945861482,0.4058318459554714,1.8513693231803074e-06,0.6507818969379531,0.650776129319272
1105,0.40582859089981493,0.4058304417071354,1.8508073204581699e-06,0.6507823418797319,0.6507765764351607
1106,0.4058272017135954,0.4058290519579294,1.8502443340229213e-06,0.6507827822414733,0.6507770189710587
1107,0.4058258268779706,0.4058276765583502,1.8496803796397288e-06,0.6507832180701119,0.6507774569739004
1108,0.4058244662449601,0.40582631536043307,1.8491154729627368e-06,0.6507836494121018,0.6507778904901389
1109,0.4058231196681063,0.40582496821773456,1.8485496282583114e-06,0.650784076313421,0.6507783195657494
1110,0.40582178700245775,0.40582363498531854,1.847982860792019e-06,0.6507844988195741,0.6507787442462347
1111,0.40582046810455535,0.4058223155197404,1.8474151850522702e-06,0.6507849169756004,0.6507791645766337
1112,0.4058191628324154,0.40582100967903106,1.8468466156384977e-06,0.6507853308260768,0.6507795806015217
1113,0.4058178710455157,0.40581971732268257,1.8462771668725786e-06,0.6507857404151233,0.6507799923650168
1114,0.40581659260478015,0.4058184383116328,1.8457068526323006e-06,0.6507861457864063,0.6507803999107858
1115,0.4058153273725636,0.40581717250825033,1.8451356867399404e-06,0.6507865469831449,0.6507808032820441
1116,0.4058140752126378,0.4058159197763208,1.8445636830177747e-06,0.6507869440481162,0.6507812025215685
1117,0.4058128359901764,0.40581467998103116,1.8439908547329686e-06,0.650787337023656,0.6507815976716933
1118,0.40581160957174095,0.4058134529889562,1.8434172152637096e-06,0.6507877259516677,0.6507819887743216
1119,0.40581039582526607,0.40581223866804406,1.842842777988185e-06,0.6507881108736238,0.650782375870925
1120,0.40580919462004633,0.40581103688760123,1.8422675548968037e-06,0.6507884918305736,0.6507827590025488
1121,0.4058080058267209,0.40580984751828075,1.8416915598673533e-06,0.6507888688631427,0.6507831382098204
1122,0.4058068293172616,0.4058086704320663,1.8411148047237091e-06,0.6507892420115424,0.6507835135329486
1123,0.4058056649649574,0.40580750550225947,1.8405373020669025e-06,0.65078961131557,0.6507838850117291
1124,0.40580451264440237,0.40580635260346654,1.8399590641648977e-06,0.6507899768146146,0.6507842526855514
1125,0.40580337223148105,0.4058052116115837,1.8393801026750367e-06,0.650790338547663,0.6507846165933999
1126,0.40580224360335615,0.40580408240378624,1.8388004300873284e-06,0.6507906965533004,0.6507849767738592
1127,0.4058011266384554,0.4058029648585131,1.8382200576705365e-06,0.6507910508697186,0.6507853332651197
1128,0.4058000212164574,0.4058018588554545,1.8376389970820028e-06,0.650791401534714,0.6507856861049786
1129,0.4057989272182808,0.40580076427554024,1.8370572594239576e-06,0.6507917485857004,0.6507860353308448
1130,0.4057978445260696,0.40579968100092567,1.8364748560761868e-06,0.6507920920597036,0.6507863809797463
1131,0.4057967730231816,0.40579860891498015,1.8358917985294987e-06,0.6507924319933722,0.6507867230883311
1132,0.40579571259417585,0.4057975479022732,1.835308097331012e-06,0.6507927684229782,0.6507870616928676
1133,0.4057946631248006,0.40579649784856336,1.83472376275029e-06,0.6507931013844227,0.6507873968292571
1134,0.40579362450197975,0.4057954586407861,1.8341388063336517e-06,0.650793430913236,0.6507877285330301
1135,0.4057925966138028,0.40579443016704037,1.8335532375735042e-06,0.6507937570445883,0.6507880568393544
1136,0.405791579349511,0.40579341231657834,1.8329670673500331e-06,0.6507940798132845,0.6507883817830349
1137,0.4057905725994873,0.40579240497979246,1.8323803051556453e-06,0.6507943992537779,0.6507887033985226
1138,0.4057895762552424,0.40579140804820435,1.8317929619260376e-06,0.6507947154001628,0.6507890217199137
1139,0.4057885902094058,0.4057904214144526,1.8312050468205499e-06,0.6507950282861887,0.6507893367809545
1140,0.4057876143557117,0.4057894449722818,1.8306165701087451e-06,0.6507953379452569,0.6507896486150462
1141,0.4057866485889903,0.4057884786165309,1.8300275406168964e-06,0.6507956444104271,0.6507899572552476
1142,0.40578569280515403,0.40578752224312226,1.8294379682259887e-06,0.6507959477144186,0.6507902627342784
1143,0.40578474690118826,0.4057865757490506,1.8288478623174065e-06,0.6507962478896184,0.6507905650845229
1144,0.40578381077513925,0.405785639032371,1.828257231772934e-06,0.6507965449680779,0.6507908643380321
1145,0.40578288432610365,0.40578471199218963,1.8276660859739557e-06,0.6507968389815226,0.6507911605265312
1146,0.4057819674542177,0.4057837945286513,1.8270744336357225e-06,0.6507971299613503,0.6507914536814188
1147,0.4057810600606467,0.4057828865429304,1.8264822836955297e-06,0.6507974179386395,0.6507917438337698
1148,0.4057801620475739,0.4057819879372185,1.8258896445910722e-06,0.6507977029441492,0.650792031014344
1149,0.40577927331819064,0.4057810986147157,1.8252965250376008e-06,0.6507979850083224,0.6507923152535835
1150,0.40577839377668584,0.4057802184796189,1.8247029330842324e-06,0.6507982641612903,0.6507925965816188
1151,0.40577752332823547,0.40577934743711314,1.8241088776682624e-06,0.650798540432877,0.6507928750282743
1152,0.4057766618789923,0.40577848539335876,1.8235143664502296e-06,0.6507988138525974,0.6507931506230629
1153,0.40577580933607704,0.40577763225548447,1.8229194074237398e-06,0.650799084449668,0.6507934233952006
1154,0.4057749656075666,0.4057767879315752,1.8223240085823988e-06,0.650799352253002,0.6507936933736009
1155,0.40577413060248574,0.40577595233066366,1.8217281779198125e-06,0.65079961729122,0.6507939605868824
1156,0.4057733042307964,0.40577512536271954,1.8211319231520307e-06,0.6507998795926461,0.6507942250633694
1157,0.4057724864033884,0.4057743069386403,1.8205352518840812e-06,0.6508001391853147,0.6507944868310964
1158,0.40577167703207034,0.40577349697024184,1.819938171498947e-06,0.6508003960969739,0.650794745917811
1159,0.40577087602955975,0.4057726953702489,1.819340689157567e-06,0.6508006503550885,0.650795002350975
1160,0.40577008330947306,0.40577190205228547,1.8187428124094573e-06,0.6508009019868383,0.6507952561577706
1161,0.4057692987863181,0.40577111693086626,1.818144548138001e-06,0.6508011510191278,0.6507955073651004
1162,0.40576852237548267,0.40577033992138617,1.8175459035041364e-06,0.6508013974785841,0.6507957559995907
1163,0.4057677539932278,0.40576957094011323,1.8169468854467574e-06,0.6508016413915627,0.6507960020875971
1164,0.40576699355667684,0.40576880990417774,1.816347500904758e-06,0.6508018827841469,0.6507962456552021
1165,0.40576624098380815,0.4057680567315643,1.8157477561508983e-06,0.6508021216821549,0.650796486728223
1166,0.4057654961934447,0.40576731134110333,1.8151476586236726e-06,0.6508023581111391,0.6507967253322122
1167,0.40576475910524706,0.40576657365246166,1.8145472145958408e-06,0.6508025920963896,0.65079696149246
1168,0.4057640296397037,0.4057658435861339,1.8139464301736297e-06,0.6508028236629391,0.6507971952339977
1169,0.40576330771812297,0.40576512106343493,1.8133453119628662e-06,0.6508030528355624,0.6507974265816014
1170,0.40576259326262404,0.4057644060064901,1.812743866069777e-06,0.6508032796387812,0.6507976555597892
1171,0.40576188619612935,0.4057636983382282,1.8121420988226333e-06,0.6508035040968654,0.6507978821928317
1172,0.4057611864423556,0.40576299798237203,1.8115400164386841e-06,0.6508037262338349,0.6507981065047507
1173,0.4057604939258065,0.405762304863431,1.8109376245245556e-06,0.6508039460734665,0.6507983285193195
1174,0.4057598085717638,0.40576161890669316,1.810334929353008e-06,0.650804163639291,0.6507985482600707
1175,0.40575913030627986,0.40576094003821617,1.8097319363086228e-06,0.6508043789545994,0.6507987657502936
1176,0.40575845905616914,0.40576026818482064,1.8091286514976268e-06,0.6508045920424423,0.6507989810130395
1177,0.4057577947490011,0.4057596032740812,1.8085250801380681e-06,0.6508048029256368,0.650799194071123
1178,0.4057571373130915,0.40575894523431993,1.8079212284471957e-06,0.6508050116267625,0.6507994049471264
1179,0.4057564866774961,0.40575829399459706,1.807317100976924e-06,0.650805218168172,0.6507996136634002
1180,0.4057558427720014,0.40575764948470516,1.8067127037779684e-06,0.6508054225719855,0.6507998202420647
1181,0.4057552055271186,0.40575701163516004,1.8061080414577546e-06,0.6508056248600982,0.650800024705013
1182,0.4057545748740747,0.40575638037719475,1.805503120066998e-06,0.6508058250541797,0.6508002270739173
1183,0.4057539507448065,0.40575575564275074,1.804897944213124e-06,0.6508060231756788,0.6508004273702249
1184,0.40575333307195255,0.4057551373644718,1.8042925192252035e-06,0.6508062192458246,0.6508006256151639
1185,0.40575272178884614,0.4057545254756961,1.8036868499882175e-06,0.6508064132856275,0.6508008218297442
1186,0.405752116829508,0.4057539199104495,1.8030809414981697e-06,0.6508066053158829,0.6508010160347637
1187,0.40575151812863947,0.4057533206034378,1.8024747983069744e-06,0.6508067953571747,0.6508012082508019
1188,0.405750925621615,0.40575272749004043,1.8018684254106354e-06,0.6508069834298743,0.6508013984982317
1189,0.40575033924447573,0.4057521405063032,1.8012618274720893e-06,0.6508071695541446,0.6508015867972161
1190,0.4057497589339227,0.40575155958893194,1.800655009265295e-06,0.6508073537499419,0.6508017731677124
1191,0.40574918462730947,0.40575098467528453,1.8000479750646114e-06,0.6508075360370187,0.6508019576294697
1192,0.40574861626263603,0.40575041570336556,1.799440729532975e-06,0.6508077164349246,0.6508021402020399
1193,0.4057480537785417,0.40574985261181845,1.7988332767782111e-06,0.650807894963009,0.6508023209047714
1194,0.4057474971142987,0.40574929533992016,1.7982256214632564e-06,0.650808071640423,0.6508024997568157
1195,0.40574694620980595,0.4057487438275734,1.7976177674738913e-06,0.650808246486122,0.6508026767771258
1196,0.40574640100558174,0.405748198015301,1.7970097192510082e-06,0.6508084195188666,0.6508028519844635
1197,0.4057458614427585,0.4057476578442395,1.7964014810134543e-06,0.650808590757225,0.6508030253973976
1198,0.40574532746307546,0.4057471232561323,1.795793056869055e-06,0.6508087602195761,0.6508031970343061
1199,0.4057447990088732,0.4057465941933236,1.7951844503705239e-06,0.6508089279241093,0.6508033669133781
1200,0.40574427602308694,0.405746070598753,1.7945756660697754e-06,0.6508090938888293,0.6508035350526178
1201,0.4057437584492403,0.40574555241594795,1.7939667076305454e-06,0.6508092581315545,0.6508037014698438
1202,0.4057432462314405,0.40574503958901914,1.793357578661059e-06,0.6508094206699229,0.6508038661826928
1203,0.40574273931437,0.4057445320626532,1.7927482832136299e-06,0.6508095815213888,0.650804029208621
1204,0.405742237643283,0.405744029782108,1.7921388250075054e-06,0.65080974070323,0.6508041905649052
1205,0.4057417411639982,0.40574353269320546,1.7915292072623323e-06,0.650809898232548,0.650804350268645
1206,0.4057412498228929,0.405743040742327,1.7909194340859358e-06,0.6508100541262662,0.650804508336766
1207,0.40574076356689825,0.40574255387640723,1.7903095089755183e-06,0.6508102084011371,0.6508046647860207
1208,0.4057402823434927,0.40574207204292756,1.789699434873171e-06,0.650810361073741,0.6508048196329866
1209,0.4057398061006964,0.4057415951899121,1.7890892157201854e-06,0.6508105121604876,0.6508049728940759
1210,0.4057393347870659,0.40574112326592066,1.7884788547362085e-06,0.650810661677619,0.65080512458553
1211,0.4057388683516887,0.4057406562200437,1.7878683549743535e-06,0.6508108096412115,0.6508052747234229
1212,0.4057384067441775,0.4057401940018977,1.7872577202093787e-06,0.6508109560671758,0.6508054233236682
1213,0.40573794991466483,0.4057397365616181,1.7866469532723528e-06,0.6508111009712599,0.650805570402012
1214,0.4057374978137979,0.4057392838498553,1.7860360573829226e-06,0.6508112443690506,0.6508057159740419
1215,0.4057370503927331,0.4057388358177689,1.7854250357607349e-06,0.6508113862759757,0.6508058600551843
1216,0.40573660760313107,0.40573839241702225,1.7848138911813471e-06,0.6508115267073031,0.6508060026607079
1217,0.4057361693971509,0.40573795359977777,1.7842026268644062e-06,0.6508116656781462,0.6508061438057265
1218,0.40573573572744565,0.4057375193186911,1.7835912454744474e-06,0.6508118032034631,0.6508062835051969
1219,0.4057353065471564,0.405737089526907,1.7829797506196954e-06,0.6508119392980573,0.6508064217739234
1220,0.4057348818099084,0.40573666417805293,1.7823681445205963e-06,0.650812073976583,0.6508065586265588
1221,0.40573446146980546,0.40573624322623547,1.781756430008219e-06,0.6508122072535422,0.6508066940776069
1222,0.40573404548142455,0.4057358266260349,1.781144610357721e-06,0.6508123391432897,0.6508068281414213
1223,0.40573363379981203,0.4057354143324998,1.7805326877895489e-06,0.6508124696600328,0.6508069608322098
1224,0.4057332263804777,0.4057350063011429,1.7799206651902821e-06,0.6508125988178339,0.6508070921640335
1225,0.40573282317939025,0.40573460248793597,1.7793085457240565e-06,0.6508127266306087,0.6508072221508104
1226,0.40573242415297384,0.40573420284930456,1.7786963307231396e-06,0.6508128531121349,0.6508073508063147
1227,0.4057320292581012,0.4057338073421251,1.7780840239067786e-06,0.6508129782760446,0.6508074781441814
1228,0.405731638452091,0.40573341592371814,1.7774716271623525e-06,0.6508131021358333,0.650807604177905
1229,0.405731251692702,0.40573302855184507,1.7768591430433744e-06,0.6508132247048568,0.6508077289208409
1230,0.40573086893812915,0.40573264518470314,1.776246573992335e-06,0.6508133459963352,0.6508078523862089
1231,0.4057304901469985,0.4057322657809208,1.7756339222851913e-06,0.6508134660233513,0.6508079745870923
1232,0.40573011527836345,0.40573189029955425,1.7750211908085234e-06,0.650813584798856,0.6508080955364418
1233,0.40572974429170017,0.4057315187000811,1.7744083809501099e-06,0.6508137023356666,0.6508082152470749
1234,0.40572937714690255,0.4057311509423983,1.7737954957630642e-06,0.6508138186464695,0.6508083337316766
1235,0.4057290138042789,0.4057307869868163,1.7731825374123211e-06,0.650813933743819,0.6508084510028045
1236,0.4057286542245473,0.40573042679405497,1.7725695076742376e-06,0.6508140476401444,0.6508085670728847
1237,0.40572829836883095,0.40573007032524006,1.7719564091023265e-06,0.6508141603477458,0.6508086819542174
1238,0.40572794619865454,0.4057297175418979,1.7713432433619225e-06,0.6508142718787961,0.6508087956589774
1239,0.4057275976759398,0.4057293684059527,1.7707300128955161e-06,0.6508143822453468,0.6508089081992146
1240,0.40572725276300187,0.4057290228797214,1.7701167195349754e-06,0.6508144914593221,0.6508090195868534
1241,0.4057269114225444,0.4057286809259098,1.769503365389724e-06,0.6508145995325273,0.6508091298336998
1242,0.4057265736176564,0.40572834250760875,1.7688899523471413e-06,0.6508147064766454,0.6508092389514358
1243,0.40572623931180746,0.40572800758829025,1.7682764827942066e-06,0.6508148123032386,0.6508093469516252
1244,0.40572590846884526,0.405727676131803,1.7676629577301206e-06,0.6508149170237538,0.6508094538457124
1245,0.4057255810529894,0.4057273481023692,1.7670493798194187e-06,0.6508150206495178,0.6508095596450263
1246,0.40572525702882956,0.40572702346458034,1.7664357507829465e-06,0.6508151231917414,0.6508096643607774
1247,0.4057249363613212,0.4057267021833931,1.7658220718974604e-06,0.6508152246615228,0.6508097680040624
1248,0.40572461901578094,0.40572638422412677,1.7652083458274959e-06,0.650815325069845,0.6508098705858664
1249,0.4057243049578838,0.4057260695524574,1.7645945735722535e-06,0.6508154244275782,0.6508099721170577
1250,0.4057239941536593,0.40572575813441636,1.7639807570746235e-06,0.6508155227454825,0.6508100726083976
1251,0.4057236865694873,0.40572544993638543,1.763366898110963e-06,0.6508156200342068,0.6508101720705354
1252,0.4057233821720953,0.4057251449250932,1.762752997902517e-06,0.6508157163042918,0.6508102705140097
1253,0.40572308092855375,0.4057248430676126,1.762139058836265e-06,0.6508158115661686,0.6508103679492538
1254,0.40572278280627316,0.40572454433135546,1.7615250822999862e-06,0.650815905830163,0.6508104643865942
1255,0.4057224877730012,0.4057242486840703,1.7609110691263474e-06,0.6508159991064959,0.650810559836247
1256,0.40572219579681734,0.40572395609383927,1.760297021924373e-06,0.6508160914052801,0.6508106543083315
1257,0.40572190684613196,0.40572366652907305,1.759682941082641e-06,0.6508161827365284,0.6508107478128553
1258,0.40572162088968017,0.40572337995850943,1.7590688292656864e-06,0.6508162731101488,0.6508108403597294
1259,0.4057213378965211,0.4057230963512079,1.7584546868065765e-06,0.6508163625359493,0.6508109319587606
1260,0.40572105783603307,0.40572281567654905,1.7578405159812682e-06,0.6508164510236374,0.6508110226196573
1261,0.4057207806779101,0.4057225379042274,1.757226317289362e-06,0.6508165385828191,0.6508111123520228
1262,0.40572050639215934,0.4057222630042525,1.7566120931733487e-06,0.6508166252230038,0.6508112011653708
1263,0.40572023494909765,0.4057219909469424,1.755997844743451e-06,0.6508167109536038,0.6508112890691112
1264,0.4057199663193487,0.4057217217029215,1.7553835727768252e-06,0.6508167957839334,0.6508113760725585
1265,0.4057197004738394,0.40572145524311815,1.7547692787722724e-06,0.6508168797232141,0.6508114621849342
1266,0.4057194373837962,0.40572119153876046,1.7541549642841048e-06,0.65081696278057,0.6508115474153626
1267,0.40571917702074345,0.40572093056137376,1.753540630311523e-06,0.6508170449650345,0.6508116317728763
1268,0.4057189193564991,0.4057206722827774,1.7529262782978172e-06,0.6508171262855446,0.6508117152664148
1269,0.4057186643631726,0.4057204166750818,1.7523119091866768e-06,0.6508172067509509,0.6508117979048262
1270,0.4057184120131608,0.40572016371068526,1.7516975244769029e-06,0.6508172863700092,0.650811879696868
1271,0.40571816227914603,0.4057199133622709,1.7510831248901404e-06,0.6508173651513878,0.6508119606512072
1272,0.4057179151340925,0.4057196656028045,1.7504687119807016e-06,0.6508174431036655,0.6508120407764235
1273,0.4057176705512438,0.40571942040553044,1.749854286636765e-06,0.6508175202353335,0.6508121200810073
1274,0.40571742850411935,0.40571917774396976,1.7492398504126427e-06,0.6508175965547955,0.6508121985733633
1275,0.4057171889665127,0.4057189375919165,1.7486254038079352e-06,0.6508176720703693,0.6508122762618089
1276,0.4057169519124876,0.40571869992343573,1.74801094815491e-06,0.6508177467902876,0.6508123531545773
1277,0.40571671731637576,0.40571846471286016,1.7473964843972567e-06,0.6508178207227003,0.650812429259818
1278,0.4057164851527741,0.40571823193478757,1.746782013478665e-06,0.650817893875671,0.6508125045855948
1279,0.40571625539654177,0.4057180015640781,1.7461675363428242e-06,0.6508179662571832,0.6508125791398902
1280,0.4057160280227973,0.40571777357585154,1.7455530542109798e-06,0.6508180378751361,0.6508126529306056
1281,0.40571580300691673,0.4057175479454848,1.7449385680823326e-06,0.6508181087373509,0.6508127259655607
1282,0.4057155803245299,0.4057173246486083,1.7443240784009717e-06,0.650818178851567,0.6508127982524947
1283,0.4057153599515187,0.4057171036611055,1.7437095868322317e-06,0.6508182482254445,0.65081286979907
1284,0.4057151418640138,0.40571688495910735,1.743095093542646e-06,0.6508183168665655,0.650812940612866
1285,0.4057149260383926,0.4057166685189926,1.7424805999755044e-06,0.6508183847824349,0.6508130107013885
1286,0.4057147124512766,0.40571645431738323,1.7418661066304075e-06,0.6508184519804789,0.6508130800720652
1287,0.4057145010795285,0.4057162423311429,1.7412516143955337e-06,0.65081851846805,0.6508131487322467
1288,0.4057142919002501,0.40571603253737454,1.740637124436617e-06,0.6508185842524241,0.6508132166892104
1289,0.4057140848907796,0.4057158249134167,1.7400226370867244e-06,0.650818649340803,0.6508132839501567
1290,0.40571388002868913,0.4057156194368427,1.7394081535671013e-06,0.6508187137403134,0.6508133505222149
1291,0.4057136772917831,0.40571541608545736,1.7387936742663257e-06,0.6508187774580124,0.650813416412439
1292,0.40571347665809426,0.40571521483729467,1.7381792004056429e-06,0.6508188405008806,0.6508134816278117
1293,0.40571327810588315,0.40571501567061546,1.7375647323181198e-06,0.65081890287583,0.6508135461752443
1294,0.4057130816136343,0.4057148185639049,1.7369502706143791e-06,0.6508189645897005,0.650813610061578
1295,0.4057128871600546,0.40571462349587095,1.7363358163491327e-06,0.6508190256492632,0.650813673293582
1296,0.40571269472407084,0.40571443044544103,1.7357213701885144e-06,0.6508190860612182,0.6508137358779574
1297,0.4057125042848276,0.4057142393917604,1.735106932798658e-06,0.6508191458321981,0.6508137978213382
1298,0.40571231582168477,0.4057140503141894,1.7344925046236526e-06,0.6508192049687676,0.6508138591302868
1299,0.40571212931421563,0.40571386319230207,1.7338780864406544e-06,0.6508192634774235,0.6508139198113013
1300,0.4057119447422042,0.40571367800588315,1.7332636789713085e-06,0.6508193213645969,0.6508139798708129
1301,0.40571176208564314,0.40571349473492613,1.7326492829927709e-06,0.6508193786366517,0.6508140393151856
1302,0.40571158132473245,0.40571331335963134,1.7320348988936196e-06,0.6508194352998884,0.6508140981507196
1303,0.4057114024398761,0.4057131338604037,1.7314205276175443e-06,0.650819491360542,0.6508141563836501
1304,0.4057112254116808,0.4057129562178501,1.7308061692755672e-06,0.6508195468247836,0.6508142140201479
1305,0.40571105022095344,0.40571278041277775,1.7301918243117775e-06,0.6508196016987204,0.6508142710663214
1306,0.4057108768486993,0.4057126064261933,1.7295774940029318e-06,0.6508196559883991,0.6508143275282179
1307,0.4057107052761197,0.40571243423929776,1.7289631780714743e-06,0.6508197096998031,0.6508143834118173
1308,0.40571053548461017,0.4057122638334875,1.7283488773500721e-06,0.650819762838854,0.6508144387230448
1309,0.4057103674557583,0.40571209519035123,1.7277345929489485e-06,0.6508198154114138,0.6508144934677622
1310,0.4057102011713426,0.405711928291667,1.727120324424014e-06,0.650819867423285,0.6508145476517694
1311,0.40571003661332894,0.4057117631194018,1.726506072885492e-06,0.6508199188802091,0.6508146012808103
1312,0.40570987376386997,0.4057115996557087,1.7258918387219602e-06,0.6508199697878689,0.6508146543605682
1313,0.40570971260530264,0.4057114378829248,1.7252776221554633e-06,0.6508200201518902,0.6508147068966678
1314,0.4057095531201462,0.40571127778357025,1.7246634240186687e-06,0.6508200699778408,0.6508147588946762
1315,0.405709395291101,0.4057111193403453,1.7240492443115762e-06,0.6508201192712313,0.6508148103601061
1316,0.4057092391010452,0.40571096253612926,1.7234350840333867e-06,0.6508201680375151,0.6508148612984099
1317,0.4057090845330346,0.405710807353978,1.7228209434061448e-06,0.6508202162820907,0.6508149117149871
1318,0.4057089315703002,0.4057106537771225,1.722206822318828e-06,0.6508202640103022,0.6508149616151795
1319,0.40570878019624546,0.40571050178896734,1.7215927218816596e-06,0.6508203112274361,0.6508150110042766
1320,0.40570863039444605,0.4057103513730879,1.7209786418725947e-06,0.6508203579387293,0.6508150598875121
1321,0.40570848214864663,0.4057102025132301,1.7203645834573678e-06,0.650820404149359,0.6508151082700668
1322,0.40570833544276064,0.405710055193307,1.7197505463584228e-06,0.650820449864455,0.6508151561570692
1323,0.4057081902608669,0.4057099093973981,1.7191365311863827e-06,0.6508204950890906,0.650815203553592
1324,0.40570804658720955,0.4057097651097478,1.7185225382743141e-06,0.6508205398282907,0.6508152504646612
1325,0.40570790440619464,0.4057096223147624,1.7179085677332395e-06,0.6508205840870265,0.6508152968952461
1326,0.40570776370238976,0.4057094809970101,1.717294620340315e-06,0.6508206278702172,0.6508153428502692
1327,0.4057076244605223,0.40570934114121837,1.7166806960955405e-06,0.650820671182734,0.6508153883345991
1328,0.4057074866654768,0.40570920273227207,1.7160667952764719e-06,0.6508207140293977,0.6508154333530571
1329,0.4057073503022943,0.4057090657552128,1.7154529184937317e-06,0.6508207564149785,0.6508154779104149
1330,0.4057072153561706,0.40570893019523624,1.7148390656362977e-06,0.6508207983441991,0.650815522011394
1331,0.40570708181245413,0.4057087960376915,1.7142252373703037e-06,0.6508208398217333,0.6508155656606689
1332,0.4057069496566444,0.4057086632680787,1.7136114343063724e-06,0.6508208808522065,0.6508156088628654
1333,0.40570681887439164,0.4057085318720478,1.712997656166948e-06,0.6508209214401982,0.6508156516225614
1334,0.40570668945149396,0.40570840183539675,1.712383902785497e-06,0.6508209615902393,0.6508156939442895
1335,0.40570656137389566,0.40570827314407115,1.7117701754942871e-06,0.6508210013068155,0.6508157358325353
1336,0.4057064346276871,0.4057081457841607,1.7111564736271845e-06,0.6508210405943657,0.650815777291737
1337,0.40570630919910206,0.40570801974189985,1.7105427977948118e-06,0.6508210794572846,0.6508158183262902
1338,0.405706185074516,0.40570789500366433,1.709929148330236e-06,0.6508211178999198,0.6508158589405422
1339,0.4057060622404462,0.40570777155597165,1.7093155254555015e-06,0.6508211559265771,0.6508158991387993
1340,0.40570594068354876,0.4057076493854776,1.7087019288375416e-06,0.6508211935415165,0.6508159389253202
1341,0.4057058203906172,0.4057075284789766,1.7080883594200458e-06,0.6508212307489532,0.6508159783043218
1342,0.40570570134858214,0.40570740882339945,1.7074748173140364e-06,0.6508212675530626,0.6508160172799796
1343,0.4057055835445091,0.40570729040581155,1.7068613024640023e-06,0.650821303957974,0.6508160558564218
1344,0.4057054669655972,0.4057071732134123,1.7062478151474991e-06,0.650821339967776,0.650816094037738
1345,0.4057053515991779,0.40570705723353334,1.7056343554200382e-06,0.6508213755865164,0.6508161318279757
1346,0.4057052374327134,0.40570694245363703,1.7050209236146863e-06,0.6508214108181989,0.6508161692311384
1347,0.40570512445379564,0.40570682886131576,1.7044075201200215e-06,0.6508214456667889,0.6508162062511924
1348,0.4057050126501446,0.4057067164442893,1.7037941447139993e-06,0.650821480136208,0.6508162428920592
1349,0.4057049020096075,0.40570660519040513,1.7031807976186641e-06,0.6508215142303413,0.650816279157623
1350,0.40570479252015706,0.40570649508763623,1.702567479167083e-06,0.6508215479530324,0.6508163150517283
1351,0.40570468416988975,0.4057063861240789,1.7019541891372114e-06,0.6508215813080838,0.6508163505781774
1352,0.4057045769470258,0.4057062782879538,1.7013409280286496e-06,0.6508216142992621,0.6508163857407381
1353,0.40570447083990646,0.4057061715676026,1.7007276961189532e-06,0.6508216469302937,0.6508164205431359
1354,0.4057043658369944,0.40570606595148717,1.7001144927974998e-06,0.6508216792048672,0.6508164549890593
1355,0.4057042619268705,0.4057059614281895,1.6995013190079789e-06,0.6508217111266332,0.6508164890821589
1356,0.4057041590982342,0.4057058579864085,1.6988881743063011e-06,0.6508217426992047,0.6508165228260481
1357,0.4057040573399022,0.40570575561496103,1.698275058803489e-06,0.6508217739261595,0.6508165562243046
1358,0.4057039566408052,0.40570565430277866,1.6976619734432319e-06,0.6508218048110357,0.6508165892804676
1359,0.4057038569899899,0.40570555403890746,1.6970489175593961e-06,0.6508218353573374,0.6508166219980396
1360,0.40570375837661565,0.40570545481250697,1.6964358913185151e-06,0.6508218655685316,0.6508166543804902
1361,0.4057036607899536,0.4057053566128482,1.6958228945540554e-06,0.6508218954480521,0.6508166864312491
1362,0.40570356421938586,0.4057052594293144,1.6952099285427735e-06,0.6508219249992933,0.6508167181537158
1363,0.4057034686544048,0.40570516325139666,1.6945969918413795e-06,0.6508219542256204,0.6508167495512515
1364,0.40570337408461077,0.40570506806869605,1.6939840852825405e-06,0.6508219831303579,0.6508167806271834
1365,0.4057032804997118,0.4057049738709209,1.6933712090883013e-06,0.6508220117168028,0.6508168113848067
1366,0.4057031878895222,0.4057048806478853,1.6927583630921283e-06,0.6508220399882121,0.6508168418273798
1367,0.4057030962439619,0.4057047883895091,1.6921455471829994e-06,0.6508220679478137,0.6508168719581308
1368,0.4057030055530546,0.4057046970858161,1.6915327614719367e-06,0.6508220955988013,0.6508169017802521
1369,0.40570291580692736,0.40570460672693365,1.6909200062920071e-06,0.6508221229443348,0.6508169312969059
1370,0.4057028269958091,0.4057045173030906,1.6903072814766773e-06,0.6508221499875437,0.6508169605112188
1371,0.4057027391100297,0.4057044288046171,1.6896945874145253e-06,0.6508221767315232,0.6508169894262894
1372,0.4057026521400194,0.4057043412219431,1.689081923716973e-06,0.6508222031793396,0.6508170180451811
1373,0.4057025660763069,0.4057042545455973,1.6884692903840204e-06,0.6508222293340244,0.6508170463709273
1374,0.4057024809095191,0.40570416876620674,1.6878566876377121e-06,0.6508222551985812,0.6508170744065305
1375,0.4057023966303793,0.40570408387449497,1.6872441156445817e-06,0.6508222807759803,0.6508171021549622
1376,0.40570231322970746,0.40570399986128164,1.6866315741825844e-06,0.6508223060691642,0.6508171296191644
1377,0.4057022306984176,0.405703916717481,1.6860190634182537e-06,0.6508223310810425,0.6508171568020469
1378,0.40570214902751833,0.40570383443410163,1.6854065832960785e-06,0.6508223558144967,0.6508171837064918
1379,0.40570206820811067,0.40570375300224426,1.6847941335940142e-06,0.6508223802723785,0.6508172103353502
1380,0.4057019882313881,0.40570367241310296,1.6841817148671723e-06,0.6508224044575115,0.6508172366914453
1381,0.4057019090886346,0.4057035926579613,1.6835693266714635e-06,0.650822428372687,0.6508172627775695
1382,0.4057018307712246,0.40570351372819385,1.6829569692289326e-06,0.6508224520206718,0.6508172885964891
1383,0.40570175327062163,0.4057034356152643,1.6823446426506017e-06,0.6508224754042011,0.6508173141509399
1384,0.4057016765783774,0.40570335831072407,1.6817323466589151e-06,0.6508224985259833,0.6508173394436308
1385,0.40570160068613137,0.40570328180621273,1.6811200813648952e-06,0.6508225213887021,0.6508173644772438
1386,0.40570152558560846,0.4057032060934553,1.680507846824053e-06,0.6508225439950074,0.6508173892544309
1387,0.40570145126861995,0.4057031311642629,1.6798956429253664e-06,0.6508225663475271,0.6508174137778183
1388,0.4057013777270615,0.4057030570105312,1.6792834697243464e-06,0.6508225884488599,0.6508174380500065
1389,0.4057013049529125,0.40570298362423945,1.6786713269434372e-06,0.6508226103015786,0.6508174620735669
1390,0.4057012329382358,0.4057029109974502,1.6780592144161055e-06,0.6508226319082314,0.6508174858510468
1391,0.405701161675175,0.4057028391223081,1.6774471330860408e-06,0.6508226532713346,0.6508175093849671
1392,0.40570109115595643,0.4057027679910384,1.6768350819540423e-06,0.6508226743933871,0.6508175326778212
1393,0.40570102137288555,0.4057026975959472,1.6762230616307328e-06,0.6508226952768548,0.6508175557320788
1394,0.4057009523183482,0.40570262792941975,1.6756110715610006e-06,0.6508227159241818,0.650817578550183
1395,0.4057008839848083,0.4057025589839207,1.6749991124109798e-06,0.6508227363377871,0.6508176011345541
1396,0.4057008163648083,0.4057024907519918,1.6743871834590252e-06,0.6508227565200652,0.6508176234875834
1397,0.4057007494509671,0.4057024232262522,1.6737752850937149e-06,0.6508227764733845,0.6508176456116426
1398,0.4057006832359806,0.40570235639939745,1.6731634168709597e-06,0.65082279620009,0.6508176675090753
1399,0.4057006177126196,0.40570229026419863,1.6725515790128043e-06,0.6508228157025034,0.6508176891822037
1400,0.4057005528737299,0.40570222481350143,1.6719397715192486e-06,0.6508228349829216,0.6508177106333247
1401,0.40570048871223136,0.40570216004022525,1.6713279938906922e-06,0.6508228540436185,0.6508177318647121
1402,0.40570042522111655,0.4057020959373632,1.6707162466822467e-06,0.6508228728868443,0.6508177528786165
1403,0.4057003623934513,0.4057020324979806,1.6701045292832895e-06,0.650822891514827,0.6508177736772649
1404,0.4057003002223722,0.40570196971521444,1.669492842248932e-06,0.6508229099297695,0.650817794262862
1405,0.4057002387010875,0.40570190758227265,1.6688811851350849e-06,0.6508229281338562,0.6508178146375916
1406,0.4057001778228753,0.4057018460924333,1.6682695579972595e-06,0.6508229461292452,0.6508178348036117
1407,0.40570011758108354,0.4057017852390442,1.6676579606689224e-06,0.6508229639180748,0.6508178547630604
1408,0.40570005796912856,0.4057017250155215,1.6670463929280288e-06,0.6508229815024604,0.6508178745180533
1409,0.40569999898049464,0.4057016654153498,1.666434855163157e-06,0.6508229988844956,0.6508178940706842
1410,0.40569994060873393,0.4057016064320811,1.665823347152262e-06,0.650823016066254,0.6508179134230274
1411,0.4056998828474651,0.40570154805933367,1.6652118685622774e-06,0.6508230330497863,0.650817932577132
1412,0.40569982569037244,0.4057014902907922,1.664600419781781e-06,0.6508230498371219,0.6508179515350296
1413,0.40569976913120603,0.40570143312020623,1.66398900020015e-06,0.6508230664302719,0.6508179702987303
1414,0.4056997131637801,0.40570137654139,1.6633776098728958e-06,0.6508230828312247,0.6508179888702215
1415,0.40569965778197303,0.40570132054822233,1.6627662492996187e-06,0.6508230990419486,0.6508180072514741
1416,0.40569960297972657,0.40570126513464433,1.6621549177586736e-06,0.6508231150643923,0.6508180254444347
1417,0.4056995487510451,0.4057012102946607,1.6615436156386387e-06,0.6508231309004842,0.6508180434510326
1418,0.40569949508999503,0.4057011560223373,1.6609323422733802e-06,0.650823146552133,0.6508180612731765
1419,0.4056994419907038,0.405701102311802,1.6603210982180094e-06,0.6508231620212279,0.6508180789127558
1420,0.4056993894473597,0.40570104915724264,1.659709882917415e-06,0.6508231773096386,0.6508180963716397
1421,0.40569933745421155,0.40570099655290803,1.6590986964826193e-06,0.6508231924192165,0.6508181136516804
1422,0.40569928600556715,0.4057009444931059,1.6584875387470888e-06,0.6508232073517924,0.6508181307547084
1423,0.40569923509579314,0.4057008929722028,1.6578764096553122e-06,0.6508232221091794,0.6508181476825363
1424,0.40569918471931443,0.40570084198462386,1.6572653094293344e-06,0.6508232366931721,0.6508181644369605
1425,0.405699134870614,0.40570079152485145,1.6566542374585325e-06,0.6508232511055465,0.6508181810197557
1426,0.40569908554423156,0.4057007415874254,1.6560431938539288e-06,0.6508232653480608,0.6508181974326805
1427,0.40569903673476315,0.4057006921669417,1.6554321785600123e-06,0.6508232794224542,0.6508182136774735
1428,0.4056989884368608,0.4057006432580526,1.6548211917988276e-06,0.6508232933304493,0.6508182297558593
1429,0.4056989406452319,0.40570059485546467,1.6542102327932184e-06,0.6508233070737497,0.650818245669539
1430,0.40569889335463855,0.4057005469539403,1.6535993017652295e-06,0.650823320654043,0.650818261420202
1431,0.40569884655989696,0.4057004995482957,1.6529883987148608e-06,0.6508233340729987,0.6508182770095177
1432,0.4056988002558767,0.4057004526334004,1.6523775236976235e-06,0.6508233473322692,0.6508182924391381
1433,0.405698754437501,0.4057004062041775,1.651766676546984e-06,0.6508233604334903,0.6508183077106993
1434,0.40569870909974504,0.40570036025560163,1.6511558565968087e-06,0.6508233733782804,0.6508183228258193
1435,0.4056986642376362,0.40570031478270085,1.6505450646797648e-06,0.6508233861682434,0.6508183377861019
1436,0.40569861984625316,0.4057002697805531,1.649934299963185e-06,0.650823398804963,0.6508183525931324
1437,0.4056985759207256,0.40570022524428817,1.6493235625580915e-06,0.6508234112900095,0.6508183672484802
1438,0.4056985324562337,0.405700181169086,1.648712852297951e-06,0.6508234236249378,0.6508183817536997
1439,0.4056984894480069,0.4057001375501762,1.6481021692937858e-06,0.6508234358112839,0.6508183961103275
1440,0.4056984468913245,0.4057000943828379,1.6474915133790624e-06,0.6508234478505701,0.6508184103198871
1441,0.40569840478151464,0.40570005166239886,1.6468808842207139e-06,0.6508234597443037,0.6508184243838839
1442,0.4056983631139534,0.40570000938423534,1.6462702819297625e-06,0.6508234714939743,0.6508184383038085
1443,0.40569832188406485,0.4056999675437714,1.6456597065617196e-06,0.6508234831010583,0.6508184520811372
1444,0.4056982810873204,0.40569992613647815,1.6450491577280069e-06,0.6508234945670158,0.6508184657173302
1445,0.40569824071923866,0.40569988515787403,1.6444386353731133e-06,0.6508235058932931,0.6508184792138338
1446,0.40569820077538377,0.40569984460352304,1.6438281392749943e-06,0.6508235170813206,0.6508184925720788
1447,0.4056981612513664,0.40569980446903603,1.6432176696556944e-06,0.6508235281325134,0.6508185057934806
1448,0.4056981221428421,0.4056997647500684,1.642607226293169e-06,0.6508235390482738,0.6508185188794413
1449,0.40569808344551234,0.405699725442321,1.6419968086878178e-06,0.6508235498299904,0.6508185318313475
1450,0.40569804515512176,0.4056996865415388,1.6413864170616854e-06,0.6508235604790342,0.6508185446505735
1451,0.4056980072674594,0.4056996480435112,1.6407760518033498e-06,0.6508235709967648,0.6508185573384779
1452,0.40569796977835865,0.40569960994407045,1.640165711802588e-06,0.650823581384528,0.6508185698964052
1453,0.4056979326836949,0.40569957223909253,1.6395553976145116e-06,0.6508235916436542,0.6508185823256875
1454,0.40569789597938677,0.4056995349244959,1.6389451091280982e-06,0.6508236017754616,0.6508185946276426
1455,0.40569785966139504,0.40569949799624083,1.6383348457882363e-06,0.6508236117812537,0.6508186068035737
1456,0.4056978237257223,0.40569946145033015,1.6377246078724816e-06,0.6508236216623222,0.6508186188547727
1457,0.40569778816841207,0.40569942528280717,1.6371143951032785e-06,0.6508236314199434,0.6508186307825166
1458,0.4056977529855494,0.4056993894897568,1.6365042074251157e-06,0.6508236410553833,0.6508186425880699
1459,0.4056977181732594,0.4056993540673041,1.635894044726971e-06,0.6508236505698923,0.6508186542726847
1460,0.40569768372770754,0.40569931901161443,1.635283906897822e-06,0.6508236599647101,0.6508186658376
1461,0.4056976496450984,0.40569928431889224,1.6346737938266465e-06,0.6508236692410618,0.6508186772840407
1462,0.4056976159216767,0.4056992499853819,1.6340637052358886e-06,0.6508236784001615,0.6508186886132219
1463,0.4056975825537253,0.4056992160073664,1.6334536411255485e-06,0.6508236874432102,0.6508186998263437
1464,0.40569754953756537,0.4056991823811669,1.6328436015511372e-06,0.6508236963713957,0.6508187109245946
1465,0.4056975168695568,0.4056991491031432,1.6322335864016324e-06,0.6508237051858958,0.650818721909152
1466,0.4056974845460968,0.40569911616969206,1.6316235952884561e-06,0.6508237138878747,0.6508187327811807
1467,0.4056974525636196,0.40569908357724777,1.6310136281560972e-06,0.6508237224784843,0.6508187435418319
1468,0.40569742091859656,0.4056990513222815,1.6304036849490444e-06,0.650823730958866,0.6508187541922479
1469,0.40569738960753565,0.4056990194013013,1.6297937656672978e-06,0.6508237393301493,0.6508187647335579
1470,0.40569735862698086,0.40569898781085073,1.6291838698667682e-06,0.6508237475934513,0.6508187751668779
1471,0.40569732797351166,0.4056989565475096,1.6285739979360336e-06,0.6508237557498783,0.6508187854933165
1472,0.40569729764374335,0.4056989256078926,1.6279641492644714e-06,0.6508237638005241,0.6508187957139664
1473,0.40569726763432556,0.40569889498864947,1.6273543239075927e-06,0.650823771746474,0.6508188058299117
1474,0.40569723794194334,0.4056988646864654,1.626744522031931e-06,0.650823779588799,0.6508188158422257
1475,0.405697208563316,0.40569883469805884,1.6261347428603301e-06,0.6508237873285616,0.6508188257519693
1476,0.40569717949519574,0.4056988050201829,1.6255249871699462e-06,0.6508237949668116,0.6508188355601934
1477,0.4056971507343695,0.40569877564962376,1.6249152542391343e-06,0.6508238025045888,0.6508188452679383
1478,0.4056971222776572,0.40569874658320093,1.6243055437348275e-06,0.6508238099429235,0.6508188548762314
1479,0.4056970941219112,0.40569871781776734,1.6236958561566261e-06,0.6508238172828327,0.6508188643860935
1480,0.4056970662640167,0.40569868935020803,1.6230861913379968e-06,0.6508238245253258,0.6508188737985325
1481,0.4056970387008914,0.4056986611774401,1.6224765486683168e-06,0.6508238316714003,0.6508188831145458
1482,0.4056970114294844,0.40569863329641265,1.6218669282586085e-06,0.6508238387220451,0.6508188923351208
1483,0.4056969844467764,0.40569860570410676,1.6212573303864275e-06,0.6508238456782349,0.6508189014612364
1484,0.40569695774977976,0.40569857839753415,1.6206477543856401e-06,0.6508238525409404,0.6508189104938584
1485,0.40569693133553736,0.4056985513737377,1.6200382003672686e-06,0.6508238593111173,0.6508189194339462
1486,0.4056969052011228,0.40569852462979106,1.619428668275802e-06,0.6508238659897141,0.6508189282824471
1487,0.40569687934364,0.40569849816279746,1.618819157445106e-06,0.6508238725776689,0.6508189370402988
1488,0.4056968537602227,0.40569847196989134,1.6182096686523373e-06,0.6508238790759099,0.6508189457084306
1489,0.4056968284480344,0.4056984460482356,1.6176002011758506e-06,0.6508238854853567,0.6508189542877614
1490,0.4056968034042677,0.40569842039502285,1.6169907551266682e-06,0.6508238918069186,0.6508189627792
1491,0.40569677862614456,0.40569839500747484,1.6163813302827457e-06,0.6508238980414955,0.6508189711836474
1492,0.4056967541109156,0.40569836988284214,1.6157719265330606e-06,0.6508239041899786,0.6508189795019952
1493,0.4056967298558597,0.4056983450184036,1.615162543933124e-06,0.6508239102532503,0.6508189877351246
1494,0.40569670585828416,0.40569832041146614,1.6145531819833359e-06,0.6508239162321827,0.6508189958839086
1495,0.4056966821155239,0.4056982960593651,1.6139438411832963e-06,0.6508239221276411,0.6508190039492123
1496,0.40569665862494136,0.4056982719594624,1.613334521033405e-06,0.6508239279404789,0.6508190119318891
1497,0.40569663538392664,0.40569824810914795,1.6127252213116172e-06,0.650823933671544,0.6508190198327861
1498,0.4056966123898964,0.4056982245058384,1.6121159420179332e-06,0.650823939321673,0.6508190276527415
1499,0.4056965896402944,0.4056982011469776,1.6115066831523528e-06,0.6508239448916956,0.6508190353925845
1500,0.4056965671325905,0.4056981780300351,1.6108974446038538e-06,0.650823950382432,0.6508190430531351
1501,0.4056965448642809,0.4056981551525069,1.610288225983858e-06,0.6508239557946944,0.6508190506352052
1502,0.40569652283288776,0.40569813251191533,1.6096790275699213e-06,0.6508239611292872,0.6508190581396003
1503,0.40569650103595883,0.4056981101058076,1.609069848751421e-06,0.6508239663870062,0.6508190655671144
1504,0.4056964794710671,0.4056980879317571,1.6084606900279574e-06,0.6508239715686377,0.6508190729185366
1505,0.4056964581358109,0.4056980659873616,1.6078515506778857e-06,0.6508239766749628,0.6508190801946449
1506,0.4056964370278129,0.4056980442702441,1.607242431200806e-06,0.6508239817067508,0.6508190873962119
1507,0.40569641614472135,0.40569802277805217,1.6066333308195624e-06,0.6508239866647676,0.6508190945240004
1508,0.40569639548420783,0.40569800150845775,1.6060242499227328e-06,0.6508239915497672,0.6508191015787668
1509,0.4056963750439683,0.4056979804591567,1.605415188399295e-06,0.6508239963624987,0.650819108561259
1510,0.4056963548217227,0.40569795962786864,1.6048061459161822e-06,0.6508240011037013,0.6508191154722174
1511,0.40569633481521494,0.405697939012337,1.6041971220848161e-06,0.6508240057741094,0.6508191223123742
1512,0.4056963150222113,0.4056979186103287,1.6035881174047972e-06,0.6508240103744468,0.6508191290824555
1513,0.4056962954405019,0.4056978984196335,1.6029791315985698e-06,0.6508240149054317,0.6508191357831787
1514,0.4056962760678994,0.4056978784380639,1.6023701644996002e-06,0.6508240193677741,0.650819142415255
1515,0.40569625690223954,0.4056978586634551,1.6017612155527772e-06,0.6508240237621787,0.650819148979386
1516,0.4056962379413796,0.4056978390936652,1.6011522855907678e-06,0.6508240280893396,0.6508191554762699
1517,0.40569621918320037,0.4056978197265735,1.6005433731147711e-06,0.6508240323499478,0.6508191619065936
1518,0.40569620062560274,0.4056978005600822,1.5999344794570547e-06,0.6508240365446819,0.6508191682710401
1519,0.4056961822665109,0.4056977815921147,1.5993256038404624e-06,0.6508240406742202,0.6508191745702837
1520,0.40569616410387005,0.40569776282061587,1.598716745820905e-06,0.6508240447392287,0.6508191808049929
1521,0.40569614613564614,0.4056977442435522,1.5981079060645165e-06,0.6508240487403694,0.6508191869758284
1522,0.40569612835982677,0.40569772585891084,1.5974990840716963e-06,0.6508240526782951,0.650819193083445
1523,0.4056961107744201,0.4056977076646997,1.5968902796203999e-06,0.6508240565536547,0.65081919912849
1524,0.40569609337745494,0.4056976896589478,1.5962814928771607e-06,0.6508240603670887,0.6508192051116036
1525,0.4056960761669806,0.40569767183970407,1.5956727234534007e-06,0.6508240641192322,0.6508192110334221
1526,0.4056960591410662,0.4056976542050377,1.5950639715156534e-06,0.6508240678107113,0.6508192168945712
1527,0.4056960422978016,0.40569763675303827,1.5944552366753406e-06,0.6508240714421497,0.6508192226956743
1528,0.40569602563529544,0.4056976194818145,1.5938465190434847e-06,0.6508240750141612,0.6508192284373457
1529,0.40569600915167664,0.4056976023894952,1.5932378185645746e-06,0.6508240785273544,0.6508192341201943
1530,0.40569599284509317,0.40569758547422824,1.5926291350720767e-06,0.6508240819823325,0.6508192397448229
1531,0.4056959767137122,0.4056975687341803,1.5920204680663907e-06,0.6508240853796917,0.6508192453118267
1532,0.4056959607557201,0.405697552167538,1.5914118178805836e-06,0.6508240887200227,0.6508192508217978
1533,0.40569594496932165,0.40569753577250617,1.5908031845146553e-06,0.6508240920039091,0.6508192562753201
1534,0.40569592935274057,0.40569751954730804,1.5901945674690054e-06,0.6508240952319294,0.6508192616729709
1535,0.40569591390421855,0.4056975034901857,1.5895859671322121e-06,0.6508240984046553,0.6508192670153241
1536,0.4056958986220158,0.40569748759939855,1.5889773827271192e-06,0.6508241015226547,0.6508192723029442
1537,0.40569588350441044,0.40569747187322514,1.5883688146978159e-06,0.6508241045864868,0.6508192775363937
1538,0.40569586854969825,0.40569745630996085,1.587760262600213e-06,0.6508241075967072,0.6508192827162265
1539,0.40569585375619266,0.4056974409079195,1.5871517268228885e-06,0.6508241105538648,0.6508192878429921
1540,0.40569583912222507,0.405697425665432,1.5865432069217533e-06,0.6508241134585044,0.6508192929172351
1541,0.40569582464614334,0.40569741058084585,1.5859347025082293e-06,0.6508241163111628,0.6508192979394917
1542,0.40569581032631286,0.4056973956525271,1.5853262142484503e-06,0.6508241191123725,0.6508193029102961
1543,0.4056957961611163,0.4056973808788575,1.5847177411987268e-06,0.6508241218626609,0.6508193078301749
1544,0.405695782148952,0.4056973662582359,1.584109283858659e-06,0.6508241245625501,0.6508193126996495
1545,0.4056957682882361,0.40569735178907795,1.583500841839669e-06,0.6508241272125557,0.6508193175192369
1546,0.4056957545774003,0.40569733746981534,1.5828924150307344e-06,0.6508241298131895,0.6508193222894469
1547,0.4056957410148929,0.40569732329889635,1.5822840034318553e-06,0.6508241323649571,0.6508193270107866
1548,0.4056957275991781,0.4056973092747851,1.5816756069875204e-06,0.6508241348683579,0.6508193316837565
1549,0.405695714328736,0.40569729539596155,1.5810672255311964e-06,0.6508241373238896,0.6508193363088527
1550,0.40569570120206255,0.4056972816609216,1.5804588590628832e-06,0.6508241397320417,0.6508193408865639
1551,0.40569568821766905,0.40569726806817646,1.5798505074160474e-06,0.6508241420932985,0.6508193454173767
1552,0.40569567537408263,0.4056972546162528,1.5792421701465997e-06,0.6508241444081411,0.6508193499017716
1553,0.405695662669845,0.4056972413036926,1.5786338475876072e-06,0.6508241466770462,0.6508193543402238
1554,0.40569565010351333,0.40569722812905323,1.5780255399056031e-06,0.6508241489004829,0.6508193587332041
1555,0.40569563767365996,0.4056972150909064,1.5774172464344538e-06,0.6508241510789176,0.6508193630811787
1556,0.4056956253788717,0.4056972021878389,1.5768089671741592e-06,0.6508241532128112,0.6508193673846081
1557,0.40569561321775,0.40569718941845206,1.5762007020692081e-06,0.6508241553026208,0.6508193716439481
1558,0.4056956011889109,0.4056971767813621,1.5755924511751118e-06,0.6508241573487972,0.6508193758596521
1559,0.4056955892909843,0.4056971642751988,1.5749842144918702e-06,0.650824159351787,0.6508193800321658
1560,0.4056955775226151,0.405697151898607,1.574375991908461e-06,0.6508241613120336,0.650819384161933
1561,0.4056955658824618,0.4056971396502446,1.5737677828142616e-06,0.650824163229975,0.6508193882493907
1562,0.4056955543691963,0.405697127528784,1.5731595877088722e-06,0.6508241651060438,0.650819392294971
1563,0.4056955429815053,0.40569711553291127,1.5725514059816703e-06,0.6508241669406698,0.6508193962991056
1564,0.4056955317180877,0.4056971036613261,1.571943238409812e-06,0.6508241687342763,0.6508194002622176
1565,0.40569552057765756,0.4056970919127415,1.5713350839385853e-06,0.6508241704872851,0.6508194041847281
1566,0.40569550955894107,0.40569708028588386,1.570726942790035e-06,0.650824172200112,0.6508194080670513
1567,0.4056954986606777,0.4056970687794926,1.5701188148531386e-06,0.6508241738731674,0.6508194119096007
1568,0.4056954878816201,0.4056970573923206,1.5695107005164743e-06,0.6508241755068608,0.6508194157127836
1569,0.4056954772205341,0.405697046123133,1.5689025988918637e-06,0.650824177101593,0.6508194194770025
1570,0.405695466676198,0.40569703497070847,1.568294510478907e-06,0.6508241786577644,0.6508194232026571
1571,0.4056954562474028,0.4056970239338379,1.5676864351110709e-06,0.6508241801757706,0.6508194268901422
1572,0.405695445932952,0.4056970130113246,1.5670783726218218e-06,0.6508241816560019,0.6508194305398498
1573,0.4056954357316615,0.4056970022019845,1.5664703230111598e-06,0.6508241830988453,0.6508194341521656
1574,0.40569542564235966,0.4056969915046456,1.565862285946018e-06,0.6508241845046843,0.6508194377274737
1575,0.40569541566388656,0.40569698091814804,1.5652542614819076e-06,0.6508241858738976,0.6508194412661521
1576,0.40569540579509467,0.40569697044134434,1.5646462496743396e-06,0.6508241872068605,0.6508194447685771
1577,0.40569539603484817,0.4056969600730981,1.5640382499126915e-06,0.6508241885039449,0.65081944823512
1578,0.4056953863820229,0.40569694981228566,1.5634302627520746e-06,0.650824189765518,0.6508194516661482
1579,0.4056953768355063,0.4056969396577942,1.5628222878594222e-06,0.6508241909919434,0.6508194550620255
1580,0.4056953673941977,0.40569692960852305,1.5622143253457565e-06,0.6508241921835817,0.6508194584231126
1581,0.40569535805700724,0.40569691966338234,1.5616063751000553e-06,0.6508241933407886,0.6508194617497651
1582,0.4056953488228569,0.4056969098212937,1.5609984367892515e-06,0.6508241944639179,0.6508194650423362
1583,0.4056953396906798,0.4056969000811902,1.5603905104133453e-06,0.650824195553318,0.6508194683011754
1584,0.40569533065941976,0.4056968904420153,1.5597825955282474e-06,0.6508241966093352,0.6508194715266274
1585,0.4056953217280315,0.40569688090272416,1.5591746926335581e-06,0.65082419763231,0.6508194747190357
1586,0.4056953128954808,0.4056968714622821,1.5585668013406995e-06,0.6508241986225819,0.6508194778787366
1587,0.40569530416074406,0.40569686211966577,1.5579589217051826e-06,0.6508241995804873,0.6508194810060672
1588,0.40569529552280814,0.4056968528738621,1.557351053949052e-06,0.650824200506355,0.6508194841013589
1589,0.4056952869806709,0.40569684372386805,1.5567431971286183e-06,0.6508242014005154,0.65081948716494
1590,0.4056952785333398,0.4056968346686919,1.5561353520765486e-06,0.6508242022632926,0.6508194901971343
1591,0.40569527017983326,0.40569682570735127,1.555527518015687e-06,0.6508242030950084,0.6508194931982637
1592,0.40569526191917943,0.40569681683887465,1.5549196952235889e-06,0.6508242038959813,0.6508194961686478
1593,0.4056952537504168,0.4056968080623004,1.5543118835892322e-06,0.650824204666526,0.6508194991086004
1594,0.40569524567259346,0.40569679937667635,1.5537040828905724e-06,0.6508242054069538,0.6508195020184331
1595,0.40569523768476745,0.40569679078106086,1.553096293405165e-06,0.6508242061175733,0.6508195048984544
1596,0.40569522978600714,0.40569678227452177,1.55248851463341e-06,0.65082420679869,0.6508195077489713
1597,0.4056952219753899,0.4056967738561366,1.5518807467418405e-06,0.6508242074506072,0.6508195105702848
1598,0.4056952142520026,0.40569676552499206,1.551272989452901e-06,0.6508242080736233,0.6508195133626943
1599,0.40569520661494207,0.40569675728018506,1.5506652429886358e-06,0.6508242086680347,0.650819516126496
1600,0.405695199063314,0.40569674912082115,1.5500575071270006e-06,0.6508242092341336,0.6508195188619827
1601,0.40569519159623346,0.4056967410460154,1.5494497819235065e-06,0.6508242097722108,0.6508195215694449
1602,0.40569518421282513,0.405696733054892,1.548842066878553e-06,0.6508242102825532,0.6508195242491703
1603,0.405695176912222,0.4056967251465842,1.5482343622141848e-06,0.6508242107654457,0.6508195269014412
1604,0.4056951696935667,0.4056967173202346,1.5476266678748907e-06,0.6508242112211684,0.6508195295265411
1605,0.40569516255601057,0.4056967095749942,1.5470189836386261e-06,0.6508242116500006,0.6508195321247472
1606,0.40569515549871316,0.405696701910023,1.546411309838458e-06,0.650824212052217,0.650819534696335
1607,0.4056951485208433,0.40569669432448935,1.545803646030297e-06,0.650824212428091,0.6508195372415775
1608,0.4056951416215784,0.4056966868175708,1.545195992436188e-06,0.6508242127778917,0.6508195397607452
1609,0.40569513480010455,0.40569667938845305,1.5445883485010192e-06,0.650824213101888,0.6508195422541049
1610,0.4056951280556155,0.40569667203632986,1.5439807143913242e-06,0.6508242134003416,0.6508195447219194
1611,0.4056951213873142,0.4056966647604044,1.5433730902181253e-06,0.6508242136735172,0.6508195471644529
1612,0.4056951147944113,0.40569665755988715,1.5427654758704001e-06,0.6508242139216717,0.6508195495819635
1613,0.40569510827612587,0.405696650433997,1.5421578711261041e-06,0.6508242141450613,0.6508195519747073
1614,0.4056951018316854,0.4056966433819609,1.541550275485637e-06,0.650824214343942,0.6508195543429376
1615,0.4056950954603244,0.4056966364030141,1.5409426897261547e-06,0.6508242145185626,0.6508195566869064
1616,0.40569508916128616,0.40569662949639945,1.5403351132925458e-06,0.6508242146691727,0.6508195590068628
1617,0.40569508293382145,0.40569662266136775,1.5397275462958326e-06,0.6508242147960182,0.6508195613030511
1618,0.40569507677718897,0.40569661589717776,1.5391199887915263e-06,0.6508242148993422,0.6508195635757164
1619,0.40569507069065486,0.4056966092030953,1.53851244044656e-06,0.6508242149793861,0.650819565825099
1620,0.40569506467349326,0.40569660257839435,1.5379049010944001e-06,0.6508242150363888,0.6508195680514377
1621,0.40569505872498546,0.40569659602235625,1.537297370790558e-06,0.6508242150705861,0.650819570254968
1622,0.4056950528444202,0.40569658953426996,1.536689849757078e-06,0.6508242150822112,0.6508195724359251
1623,0.40569504703109355,0.4056965831134312,1.5360823376608934e-06,0.6508242150714959,0.6508195745945385
1624,0.4056950412843095,0.40569657675914395,1.535474834446493e-06,0.6508242150386692,0.6508195767310387
1625,0.40569503560337816,0.4056965704707182,1.5348673400583657e-06,0.6508242149839569,0.650819578845651
1626,0.4056950299876178,0.4056965642474722,1.534259854385489e-06,0.6508242149075836,0.6508195809385997
1627,0.40569502443635314,0.4056965580887307,1.5336523775388855e-06,0.6508242148097725,0.6508195830101083
1628,0.4056950189489159,0.4056965519938253,1.5330449094075327e-06,0.6508242146907409,0.6508195850603951
1629,0.4056950135246453,0.4056965459620947,1.532437449380808e-06,0.6508242145507084,0.6508195870896776
1630,0.4056950081628866,0.40569653999288474,1.531829998124845e-06,0.6508242143898891,0.6508195890981713
1631,0.4056950028629925,0.40569653408554784,1.5312225553620884e-06,0.650824214208496,0.6508195910860893
1632,0.40569499762432176,0.4056965282394429,1.530615121148049e-06,0.6508242140067405,0.6508195930536426
1633,0.4056949924462405,0.4056965224539356,1.5300076950941488e-06,0.6508242137848304,0.6508195950010389
1634,0.405694987328121,0.4056965167283983,1.5294002773114102e-06,0.6508242135429732,0.6508195969284863
1635,0.40569498226934175,0.40569651106220983,1.5287928680773888e-06,0.650824213281372,0.6508195988361885
1636,0.4056949772692884,0.40569650545475505,1.5281854666704398e-06,0.6508242130002306,0.6508196007243469
1637,0.40569497232735235,0.4056964999054257,1.5275780733681188e-06,0.6508242126997482,0.6508196025931626
1638,0.4056949674429316,0.4056964944136198,1.526970688225937e-06,0.650824212380123,0.6508196044428343
1639,0.40569496261543037,0.4056964889787414,1.52636331102185e-06,0.6508242120415519,0.6508196062735574
1640,0.4056949578442588,0.40569648360020044,1.5257559416448352e-06,0.6508242116842282,0.6508196080855264
1641,0.40569495312883347,0.4056964782774137,1.525148580205915e-06,0.6508242113083449,0.6508196098789331
1642,0.4056949484685768,0.40569647300980316,1.5245412263720226e-06,0.6508242109140915,0.6508196116539675
1643,0.40569494386291705,0.40569646779679763,1.523933880587247e-06,0.6508242105016568,0.6508196134108188
1644,0.4056949393112888,0.40569646263783093,1.5233265421299436e-06,0.6508242100712258,0.6508196151496719
1645,0.40569493481313224,0.40569645753234373,1.5227192114997123e-06,0.6508242096229848,0.6508196168707129
1646,0.40569493036789334,0.4056964524797819,1.5221118885855311e-06,0.650824209157115,0.6508196185741234
1647,0.40569492597502393,0.405696447479597,1.521504573054333e-06,0.6508242086737971,0.6508196202600842
1648,0.4056949216339814,0.4056964425312463,1.520897264906118e-06,0.6508242081732103,0.6508196219287741
1649,0.4056949173442288,0.40569643763419305,1.5202899642519085e-06,0.650824207655532,0.6508196235803702
1650,0.40569491310523464,0.4056964327879057,1.5196826710361933e-06,0.650824207120936,0.6508196252150473
1651,0.4056949089164732,0.4056964279918582,1.5190753849814165e-06,0.6508242065695968,0.6508196268329786
1652,0.405694904777424,0.4056964232455302,1.5184681061986005e-06,0.6508242060016857,0.6508196284343363
1653,0.4056949006875718,0.40569641854840655,1.5178608347432565e-06,0.6508242054173721,0.6508196300192899
1654,0.4056948966464071,0.40569641389997735,1.5172535702268064e-06,0.6508242048168242,0.6508196315880077
1655,0.40569489265342534,0.405696409299738,1.5166463126492502e-06,0.6508242042002093,0.650819633140656
1656,0.4056948887081272,0.4056964047471896,1.516039062399166e-06,0.6508242035676906,0.6508196346773991
1657,0.40569488481001886,0.4056964002418378,1.5154318189214422e-06,0.6508242029194315,0.650819636198401
1658,0.40569488095861117,0.4056963957831936,1.5148245824381235e-06,0.650824202255594,0.6508196377038211
1659,0.4056948771534206,0.4056963913707733,1.514217352671654e-06,0.6508242015763374,0.6508196391938215
1660,0.4056948733939677,0.4056963870040976,1.5136101298995897e-06,0.6508242008818188,0.650819640668558
1661,0.4056948696797793,0.4056963826826929,1.51300291362233e-06,0.6508242001721969,0.650819642128188
1662,0.4056948660103855,0.40569637840609,1.5123957045060088e-06,0.6508241994476233,0.6508196435728671
1663,0.4056948623853231,0.40569637417382454,1.5117885014404031e-06,0.6508241987082539,0.6508196450027468
1664,0.40569485880413203,0.4056963699854373,1.5111813052581802e-06,0.6508241979542391,0.6508196464179793
1665,0.40569485526635796,0.40569636584047386,1.5105741159038288e-06,0.6508241971857287,0.650819647818716
1666,0.40569485177155123,0.40569636173848417,1.50996693293326e-06,0.6508241964028718,0.6508196492051046
1667,0.40569484831926644,0.4056963576790226,1.5093597561799399e-06,0.6508241956058158,0.6508196505772906
1668,0.405694844909063,0.405696353661649,1.5087525860324469e-06,0.6508241947947047,0.6508196519354217
1669,0.4056948415405047,0.40569634968592705,1.5081454223242474e-06,0.6508241939696839,0.6508196532796419
1670,0.4056948382131603,0.40569634575142516,1.5075382648332969e-06,0.6508241931308958,0.650819654610092
1671,0.4056948349266027,0.40569634185771597,1.5069311132820395e-06,0.6508241922784812,0.6508196559269134
1672,0.4056948316804091,0.4056963380043774,1.506323968281098e-06,0.65082419141258,0.6508196572302474
1673,0.40569482847416116,0.40569633419099055,1.5057168293863832e-06,0.6508241905333296,0.6508196585202313
1674,0.40569482530744533,0.40569633041714187,1.5051096965423838e-06,0.6508241896408681,0.6508196597970017
1675,0.4056948221798516,0.4056963266824214,1.504502569804611e-06,0.6508241887353299,0.650819661060694
1676,0.40569481909097477,0.4056963229864239,1.5038954491175538e-06,0.650824187816849,0.6508196623114428
1677,0.4056948160404136,0.40569631932874795,1.5032883343701897e-06,0.6508241868855581,0.6508196635493804
1678,0.40569481302777094,0.40569631570899634,1.5026812253959854e-06,0.6508241859415886,0.6508196647746369
1679,0.40569481005265423,0.40569631212677637,1.5020741221394296e-06,0.6508241849850718,0.650819665987344
1680,0.4056948071146742,0.40569630858169914,1.5014670249335893e-06,0.6508241840161342,0.6508196671876294
1681,0.40569480421344606,0.40569630507337984,1.5008599337784645e-06,0.6508241830349032,0.6508196683756207
1682,0.405694801348589,0.40569630160143727,1.5002528482854771e-06,0.6508241820415058,0.6508196695514442
1683,0.4056947985197261,0.40569629816549463,1.4996457685101383e-06,0.6508241810360667,0.6508196707152237
1684,0.4056947957264844,0.4056962947651787,1.4990386942859146e-06,0.6508241800187085,0.6508196718670831
1685,0.40569479296849487,0.4056962914001207,1.4984316258348507e-06,0.6508241789895541,0.650819673007145
1686,0.4056947902453921,0.40569628806995495,1.4978245628238795e-06,0.6508241779487245,0.6508196741355297
1687,0.4056947875568145,0.40569628477431996,1.4972175054750458e-06,0.6508241768963379,0.6508196752523567
1688,0.40569478490240407,0.40569628151285786,1.4966104537883496e-06,0.6508241758325135,0.6508196763577445
1689,0.40569478228180705,0.40569627828521426,1.4960034072086792e-06,0.6508241747573694,0.6508196774518114
1690,0.40569477969467316,0.4056962750910392,1.4953963660691016e-06,0.6508241736710213,0.650819678534672
1691,0.40569477714065516,0.4056962719299856,1.494789330425128e-06,0.650824172573583,0.650819679606442
1692,0.40569477461941006,0.40569626880170995,1.4941822998881804e-06,0.6508241714651688,0.6508196806672347
1693,0.40569477213059846,0.40569626570587297,1.4935752745137698e-06,0.6508241703458915,0.6508196817171625
1694,0.40569476967388385,0.4056962626421385,1.4929682546349632e-06,0.6508241692158622,0.6508196827563377
1695,0.4056947672489339,0.40569625961017364,1.4923612397521602e-06,0.6508241680751912,0.6508196837848688
1696,0.4056947648554189,0.4056962566096495,1.4917542305870057e-06,0.6508241669239865,0.650819684802866
1697,0.4056947624930136,0.40569625364023965,1.4911472260292769e-06,0.6508241657623571,0.6508196858104374
1698,0.4056947601613954,0.40569625070162196,1.4905402265785739e-06,0.6508241645904094,0.6508196868076883
1699,0.4056947578602452,0.40569624779347757,1.4899332323459191e-06,0.6508241634082508,0.6508196877947277
1700,0.4056947555892471,0.4056962449154902,1.489326243109268e-06,0.6508241622159825,0.6508196887716564
1701,0.4056947533480888,0.40569624206734767,1.4887192588686204e-06,0.6508241610137113,0.6508196897385808
1702,0.40569475113646114,0.40569623924874054,1.488112279401932e-06,0.6508241598015387,0.6508196906956017
1703,0.4056947489540578,0.40569623645936254,1.4875053047092024e-06,0.6508241585795655,0.6508196916428215
1704,0.405694746800576,0.4056962336989111,1.4868983351234988e-06,0.6508241573478932,0.6508196925803407
1705,0.4056947446757159,0.4056962309670862,1.486291370256243e-06,0.6508241561066199,0.6508196935082585
1706,0.40569474257918087,0.405696228263591,1.4856844101074351e-06,0.6508241548558448,0.6508196944266723
1707,0.4056947405106775,0.4056962255881322,1.485077454677075e-06,0.6508241535956657,0.6508196953356813
1708,0.40569473846991494,0.40569622294041924,1.4844705042982298e-06,0.6508241523261781,0.6508196962353816
1709,0.405694736456606,0.4056962203201642,1.4838635582492543e-06,0.6508241510474777,0.6508196971258671
1710,0.40569473447046606,0.40569621772708264,1.4832566165856598e-06,0.6508241497596595,0.6508196980072332
1711,0.4056947325112135,0.4056962151608932,1.4826496796960242e-06,0.6508241484628161,0.6508196988795742
1712,0.4056947305785695,0.4056962126213169,1.4820427474138143e-06,0.6508241471570402,0.6508196997429809
1713,0.4056947286722582,0.405696210108078,1.481435819794541e-06,0.6508241458424238,0.6508197005975456
1714,0.40569472679200685,0.40569620762090336,1.4808288965051375e-06,0.6508241445190568,0.6508197014433588
1715,0.4056947249375453,0.4056962051595229,1.480221977601115e-06,0.6508241431870292,0.6508197022805109
1716,0.4056947231086063,0.40569620272366935,1.4796150630269622e-06,0.6508241418464307,0.6508197031090898
1717,0.4056947213049253,0.4056962003130784,1.4790081531157462e-06,0.6508241404973474,0.6508197039291842
1718,0.4056947195262404,0.4056961979274877,1.4784012472568442e-06,0.6508241391398671,0.6508197047408801
1719,0.40569471777229243,0.4056961955666382,1.4777943457833231e-06,0.6508241377740764,0.6508197055442639
1720,0.40569471604282514,0.40569619323027367,1.4771874485286496e-06,0.6508241364000593,0.650819706339421
1721,0.4056947143375845,0.4056961909181403,1.4765805557703793e-06,0.650824135017901,0.6508197071264357
1722,0.40569471265632,0.4056961886299867,1.475973666675845e-06,0.6508241336276848,0.650819707905391
1723,0.4056947109987825,0.4056961863655646,1.4753667820777139e-06,0.6508241322294925,0.6508197086763705
1724,0.40569470936472624,0.40569618412462805,1.4747599018094526e-06,0.6508241308234073,0.650819709439455
1725,0.4056947077539078,0.40569618190693324,1.474153025426972e-06,0.6508241294095085,0.6508197101947255
1726,0.4056947061660863,0.40569617971223954,1.4735461532078276e-06,0.6508241279878777,0.6508197109422622
1727,0.4056947046010236,0.40569617754030857,1.472939284985486e-06,0.650824126558593,0.6508197116821448
1728,0.40569470305848343,0.4056961753909042,1.4723324207599475e-06,0.6508241251217333,0.650819712414451
1729,0.40569470153823245,0.40569617326379304,1.471725560586723e-06,0.6508241236773764,0.6508197131392589
1730,0.40569470004003955,0.405696171158744,1.4711187044658125e-06,0.6508241222255985,0.6508197138566458
1731,0.40569469856367624,0.40569616907552825,1.470511852008638e-06,0.6508241207664764,0.6508197145666865
1732,0.40569469710891604,0.4056961670139197,1.4699050036592887e-06,0.6508241193000851,0.6508197152694574
1733,0.40569469567553523,0.40569616497369415,1.4692981589181642e-06,0.6508241178264994,0.6508197159650324
1734,0.40569469426331184,0.4056961629546302,1.468691318340376e-06,0.6508241163457917,0.6508197166534856
1735,0.4056946928720269,0.4056961609565081,1.4680844812042793e-06,0.6508241148580367,0.6508197173348897
1736,0.405694691501463,0.40569615897911104,1.4674776480649854e-06,0.6508241133633054,0.6508197180093171
1737,0.40569469015140575,0.4056961570222243,1.4668708185339163e-06,0.6508241118616702,0.6508197186768399
1738,0.4056946888216421,0.4056961550856349,1.4662639927776056e-06,0.6508241103532013,0.6508197193375277
1739,0.40569468751196214,0.4056961531691327,1.4656571705740085e-06,0.6508241088379692,0.6508197199914508
1740,0.40569468622215726,0.40569615127250946,1.4650503522006808e-06,0.6508241073160428,0.6508197206386798
1741,0.40569468495202177,0.4056961493955589,1.4644435371580222e-06,0.6508241057874902,0.6508197212792813
1742,0.4056946837013511,0.4056961475380773,1.4638367262231888e-06,0.65082410425238,0.6508197219133249
1743,0.40569468246994445,0.40569614569986256,1.4632299181194242e-06,0.6508241027107803,0.6508197225408763
1744,0.40569468125760144,0.4056961438807154,1.4626231139569512e-06,0.6508241011627559,0.6508197231620038
1745,0.4056946800641246,0.4056961420804378,1.4620163131806585e-06,0.6508240996083733,0.6508197237767723
1746,0.4056946788893183,0.4056961402988343,1.4614095159570795e-06,0.6508240980476984,0.6508197243852472
1747,0.40569467773298906,0.40569613853571124,1.4608027221751918e-06,0.6508240964807944,0.6508197249874927
1748,0.40569467659494524,0.4056961367908769,1.460195931668462e-06,0.6508240949077262,0.6508197255835724
1749,0.40569467547499705,0.4056961350641418,1.4595891447699572e-06,0.6508240933285566,0.6508197261735493
1750,0.40569467437295736,0.4056961333553184,1.4589823610355879e-06,0.6508240917433479,0.6508197267574871
1751,0.40569467328864023,0.40569613166422086,1.4583755806318877e-06,0.6508240901521622,0.6508197273354475
1752,0.40569467222186173,0.4056961299906654,1.4577688036698788e-06,0.6508240885550598,0.6508197279074912
1753,0.40569467117244057,0.4056961283344703,1.4571620297054722e-06,0.6508240869521041,0.6508197284736791
1754,0.40569467014019617,0.40569612669545546,1.4565552592937792e-06,0.650824085343352,0.6508197290340707
1755,0.40569466912495067,0.4056961250734428,1.455948492157244e-06,0.6508240837288646,0.6508197295887261
1756,0.4056946681265281,0.4056961234682561,1.4553417280183112e-06,0.6508240821087006,0.6508197301377039
1757,0.4056946671447538,0.4056961218797206,1.4547349668214693e-06,0.6508240804829177,0.6508197306810615
1758,0.405694666179455,0.4056961203076642,1.4541282092328522e-06,0.6508240788515729,0.6508197312188577
1759,0.40569466523046116,0.40569611875191575,1.4535214545863262e-06,0.6508240772147245,0.6508197317511486
1760,0.40569466429760326,0.4056961172123062,1.4529147029374023e-06,0.6508240755724287,0.6508197322779918
1761,0.4056946633807136,0.4056961156886682,1.4523079546191475e-06,0.6508240739247408,0.6508197327994425
1762,0.40569466247962704,0.4056961141808361,1.4517012090764503e-06,0.6508240722717165,0.6508197333155552
1763,0.4056946615941794,0.40569611268864597,1.4510944665868664e-06,0.6508240706134102,0.6508197338263848
1764,0.4056946607242088,0.40569611121193594,1.4504877271503958e-06,0.6508240689498757,0.6508197343319869
1765,0.4056946598695544,0.40569610975054526,1.4498809908780608e-06,0.650824067281167,0.6508197348324133
1766,0.40569465903005775,0.4056961083043152,1.4492742574367945e-06,0.6508240656073374,0.6508197353277188
1767,0.40569465820556166,0.40569610687308855,1.448667526882108e-06,0.6508240639284394,0.6508197358179544
1768,0.4056946573959105,0.4056961054567097,1.4480607992140015e-06,0.6508240622445239,0.6508197363031726
1769,0.4056946566009502,0.4056961040550246,1.4474540743769637e-06,0.6508240605556431,0.6508197367834243
1770,0.4056946558205287,0.40569610266788114,1.4468473524265058e-06,0.6508240588618486,0.650819737258761
1771,0.4056946550544952,0.40569610129512834,1.446240633140583e-06,0.65082405716319,0.6508197377292335
1772,0.4056946543027003,0.40569609993661715,1.4456339168522625e-06,0.6508240554597168,0.6508197381948906
1773,0.40569465356499645,0.40569609859219996,1.445027203506033e-06,0.6508240537514789,0.650819738655783
1774,0.40569465284123757,0.40569609726173006,1.4444204924912718e-06,0.6508240520385249,0.6508197391119575
1775,0.40569465213127903,0.40569609594506373,1.4438137846961574e-06,0.6508240503209028,0.6508197395634647
1776,0.4056946514349777,0.40569609464205714,1.443207079454556e-06,0.6508240485986612,0.6508197400103513
1777,0.4056946507521921,0.40569609335256906,1.442600376988512e-06,0.6508240468718476,0.6508197404526643
1778,0.40569465008278177,0.4056960920764591,1.441993677353537e-06,0.6508240451405076,0.6508197408904518
1779,0.4056946494266084,0.4056960908135884,1.441386979994519e-06,0.6508240434046888,0.650819741323758
1780,0.4056946487835346,0.4056960895638198,1.440780285189014e-06,0.6508240416644361,0.6508197417526314
1781,0.4056946481534245,0.4056960883270177,1.4401735932145776e-06,0.6508240399197966,0.6508197421771157
1782,0.4056946475361435,0.4056960871030475,1.4395669040156989e-06,0.6508240381708128,0.6508197425972575
1783,0.40569464693155893,0.4056960858917759,1.438960216981755e-06,0.6508240364175321,0.6508197430130995
1784,0.40569464633953856,0.40569608469307156,1.4383535330009245e-06,0.6508240346599957,0.6508197434246865
1785,0.40569464575995273,0.4056960835068039,1.4377468511850289e-06,0.6508240328982491,0.6508197438320626
1786,0.4056946451926723,0.40569608233284415,1.437140171867135e-06,0.6508240311323356,0.6508197442352701
1787,0.4056946446375692,0.4056960811710646,1.43653349538031e-06,0.6508240293622967,0.6508197446343527
1788,0.4056946440945178,0.4056960800213387,1.4359268209473974e-06,0.6508240275881751,0.6508197450293514
1789,0.40569464356339274,0.40569607888354176,1.4353201490124867e-06,0.6508240258100129,0.6508197454203093
1790,0.4056946430440703,0.40569607775755007,1.4347134797421113e-06,0.6508240240278511,0.6508197458072673
1791,0.40569464253642834,0.4056960766432411,1.434106812747693e-06,0.6508240222417317,0.6508197461902666
1792,0.4056946420403456,0.40569607554049364,1.433500148029232e-06,0.6508240204516943,0.6508197465693466
1793,0.4056946415557022,0.4056960744491879,1.4328934857532616e-06,0.650824018657779,0.6508197469445491
1794,0.40569464108237946,0.4056960733692052,1.4322868257532484e-06,0.6508240168600261,0.6508197473159136
1795,0.40569464062025995,0.40569607230042815,1.4316801681957259e-06,0.6508240150584743,0.6508197476834787
1796,0.40569464016922757,0.40569607124274054,1.4310735129696717e-06,0.6508240132531632,0.6508197480472842
1797,0.4056946397291674,0.40569607019602727,1.4304668598530412e-06,0.6508240114441315,0.650819748407367
1798,0.40569463929996546,0.4056960691601745,1.429860209012368e-06,0.6508240096314164,0.650819748763767
1799,0.4056946388815093,0.40569606813506975,1.429253560447652e-06,0.6508240078150563,0.6508197491165215
1800,0.40569463847368736,0.4056960671206016,1.4286469142144043e-06,0.6508240059950885,0.6508197494656676
1801,0.4056946380763894,0.40569606611665965,1.4280402702571138e-06,0.6508240041715497,0.6508197498112424
1802,0.4056946376895061,0.40569606512313466,1.4274336285757805e-06,0.6508240023444765,0.6508197501532824
1803,0.4056946373129299,0.4056960641399187,1.4268269888373375e-06,0.6508240005139057,0.6508197504918243
1804,0.40569463694655344,0.4056960631669048,1.4262203513748517e-06,0.6508239986798726,0.6508197508269031
1805,0.4056946365902712,0.40569606220398724,1.4256137160217897e-06,0.6508239968424133,0.6508197511585552
1806,0.4056946362439784,0.40569606125106106,1.425007082667129e-06,0.6508239950015624,0.650819751486815
1807,0.4056946359075712,0.40569606030802285,1.4244004516439368e-06,0.6508239931573543,0.6508197518117179
1808,0.40569463558094765,0.4056960593747701,1.4237938224526125e-06,0.6508239913098246,0.6508197521332975
1809,0.40569463526400573,0.40569605845120127,1.4231871955372455e-06,0.6508239894590064,0.6508197524515884
1810,0.40569463495664515,0.40569605753721577,1.4225805706202799e-06,0.6508239876049333,0.6508197527666244
1811,0.40569463465876654,0.40569605663271446,1.4219739479237603e-06,0.650823985747639,0.650819753078439
1812,0.40569463437027126,0.40569605573759887,1.4213673276142202e-06,0.650823983887156,0.6508197533870645
1813,0.4056946340910628,0.4056960548517713,1.4207607084704144e-06,0.6508239820235191,0.6508197536925342
1814,0.4056946338210443,0.40569605397513614,1.4201540918246103e-06,0.6508239801567576,0.6508197539948806
1815,0.4056946335601204,0.4056960531075974,1.419547476955163e-06,0.6508239782869057,0.6508197542941347
1816,0.40569463330819694,0.40569605224906097,1.418940864028606e-06,0.6508239764139945,0.6508197545903293
1817,0.4056946330651806,0.40569605139943354,1.4183342529339171e-06,0.6508239745380551,0.6508197548834953
1818,0.4056946328309786,0.4056960505586227,1.4177276440596742e-06,0.650823972659118,0.6508197551736635
1819,0.4056946326055,0.4056960497265371,1.4171210371283216e-06,0.6508239707772145,0.6508197554608659
1820,0.40569463238865405,0.4056960489030861,1.416514432028837e-06,0.6508239688923757,0.6508197557451314
1821,0.4056946321803514,0.40569604808818,1.4159078285946869e-06,0.6508239670046311,0.6508197560264902
1822,0.40569463198050315,0.40569604728173025,1.415301227103427e-06,0.6508239651140102,0.6508197563049727
1823,0.4056946317890215,0.4056960464836493,1.4146946278326133e-06,0.6508239632205421,0.6508197565806086
1824,0.4056946316058202,0.4056960456938501,1.4140880298940672e-06,0.6508239613242579,0.6508197568534264
1825,0.40569463143081297,0.40569604491224687,1.4134814338984114e-06,0.6508239594251843,0.6508197571234553
1826,0.4056946312639149,0.40569604413875476,1.4128748398456459e-06,0.6508239575233512,0.6508197573907242
1827,0.4056946311050419,0.40569604337328946,1.4122682475692372e-06,0.6508239556187863,0.6508197576552606
1828,0.4056946309541106,0.40569604261576775,1.4116616571246965e-06,0.6508239537115177,0.6508197579170931
1829,0.4056946308110386,0.405696041866107,1.4110550684010015e-06,0.6508239518015735,0.6508197581762493
1830,0.4056946306757447,0.40569604112422614,1.4104484814536633e-06,0.6508239498889801,0.6508197584327569
1831,0.40569463054814797,0.405696040390044,1.4098418960051262e-06,0.6508239479737659,0.6508197586866424
1832,0.4056946304281686,0.40569603966348083,1.4092353122219237e-06,0.6508239460559575,0.6508197589379328
1833,0.4056946303157276,0.40569603894445794,1.4086287303261003e-06,0.6508239441355812,0.650819759186655
1834,0.4056946302107466,0.40569603823289674,1.4080221501511225e-06,0.6508239422126628,0.6508197594328353
1835,0.4056946301131484,0.40569603752872013,1.4074155717525016e-06,0.6508239402872295,0.6508197596765004
1836,0.4056946300228562,0.4056960368318512,1.4068089949637042e-06,0.650823938359306,0.650819759917675
1837,0.40569462993979444,0.40569603614221417,1.4062024197292189e-06,0.6508239364289184,0.6508197601563848
1838,0.40569462986388816,0.40569603545973415,1.4055958459935347e-06,0.6508239344960925,0.6508197603926558
1839,0.4056946297950628,0.4056960347843368,1.4049892739786962e-06,0.6508239325608525,0.6508197606265116
1840,0.4056946297332454,0.4056960341159489,1.40438270351817e-06,0.6508239306232229,0.6508197608579789
1841,0.4056946296783627,0.40569603345449745,1.4037761347784894e-06,0.6508239286832287,0.6508197610870812
1842,0.40569462963034303,0.4056960327999105,1.4031695674820988e-06,0.6508239267408944,0.6508197613138416
1843,0.4056946295891151,0.4056960321521171,1.402563001962065e-06,0.6508239247962434,0.6508197615382861
1844,0.4056946295546086,0.40569603151104644,1.40195643782981e-06,0.6508239228492997,0.650819761760437
1845,0.4056946295267538,0.40569603087662903,1.4013498752518672e-06,0.6508239209000865,0.6508197619803191
1846,0.4056946295054815,0.4056960302487957,1.4007433141727255e-06,0.6508239189486278,0.6508197621979546
1847,0.40569462949072366,0.4056960296274783,1.400136754647896e-06,0.6508239169949465,0.650819762413366
1848,0.4056946294824123,0.405696029012609,1.3995301966773788e-06,0.6508239150390641,0.6508197626265779
1849,0.4056946294804809,0.40569602840412106,1.3989236401501515e-06,0.6508239130810046,0.6508197628376113
1850,0.4056946294848633,0.40569602780194836,1.398317085066214e-06,0.6508239111207905,0.6508197630464898
1851,0.4056946294954935,0.40569602720602504,1.397710531536589e-06,0.6508239091584422,0.6508197632532344
1852,0.4056946295123074,0.4056960266162867,1.3971039792837203e-06,0.6508239071939834,0.6508197634578676
1853,0.40569462953524016,0.40569602603266885,1.3964974286961862e-06,0.6508239052274347,0.6508197636604104
1854,0.40569462956422875,0.40569602545510836,1.3958908796074532e-06,0.6508239032588177,0.6508197638608852
1855,0.4056946295992103,0.40569602488354184,1.3952843315179209e-06,0.6508239012881543,0.6508197640593121
1856,0.4056946296401224,0.40569602431790763,1.3946777852602565e-06,0.650823899315464,0.6508197642557139
1857,0.4056946296869034,0.40569602375814384,1.3940712404458822e-06,0.6508238973407683,0.6508197644501086
1858,0.40569462973949283,0.40569602320418946,1.3934646966307085e-06,0.6508238953640885,0.6508197646425183
1859,0.4056946297978302,0.4056960226559847,1.3928581544808694e-06,0.6508238933854436,0.6508197648329644
1860,0.40569462986185595,0.40569602211346956,1.3922516136077867e-06,0.6508238914048554,0.6508197650214653
1861,0.40569462993151123,0.40569602157658496,1.3916450737339048e-06,0.6508238894223435,0.6508197652080417
1862,0.40569463000673717,0.40569602104527286,1.3910385356918908e-06,0.650823887437926,0.6508197653927137
1863,0.4056946300874763,0.4056960205194749,1.3904319985935665e-06,0.6508238854516235,0.6508197655754995
1864,0.4056946301736713,0.4056960199991344,1.3898254631050655e-06,0.6508238834634559,0.6508197657564199
1865,0.4056946302652655,0.40569601948419437,1.389218928893321e-06,0.6508238814734404,0.6508197659354931
1866,0.4056946303622028,0.40569601897459895,1.3886123961248664e-06,0.6508238794815981,0.6508197661127384
1867,0.40569463046442816,0.4056960184702925,1.3880058643556126e-06,0.6508238774879471,0.6508197662881743
1868,0.4056946305718866,0.4056960179712207,1.3873993340851598e-06,0.6508238754925059,0.6508197664618204
1869,0.4056946306845235,0.4056960174773284,1.38679280492493e-06,0.6508238734952916,0.6508197666336931
1870,0.4056946308022852,0.40569601698856245,1.3861862772635014e-06,0.6508238714963244,0.6508197668038125
1871,0.40569463092511876,0.4056960165048693,1.3855797505457623e-06,0.650823869495621,0.6508197669721951
1872,0.40569463105297143,0.40569601602619665,1.384973225215802e-06,0.6508238674931995,0.6508197671388596
1873,0.4056946311857912,0.40569601555249213,1.3843667009405536e-06,0.650823865489078,0.6508197673038235
1874,0.40569463132352634,0.4056960150837043,1.3837601779420616e-06,0.650823863483273,0.650819767467104
1875,0.405694631466126,0.40569601461978205,1.3831536560537927e-06,0.6508238614758024,0.6508197676287184
1876,0.40569463161353964,0.4056960141606751,1.3825471354422803e-06,0.6508238594666834,0.6508197677886836
1877,0.4056946317657174,0.4056960137063334,1.381940615996502e-06,0.650823857455932,0.6508197679470176
1878,0.4056946319226096,0.40569601325670757,1.3813340979385025e-06,0.6508238554435659,0.6508197681037355
1879,0.40569463208416756,0.4056960128117485,1.3807275809352149e-06,0.6508238534296009,0.650819768258855
1880,0.4056946322503427,0.40569601237140773,1.3801210650421503e-06,0.6508238514140541,0.6508197684123921
1881,0.40569463242108716,0.40569601193563753,1.379514550370331e-06,0.650823849396941,0.6508197685643631
1882,0.40569463259635363,0.4056960115043904,1.3789080367532236e-06,0.6508238473782788,0.6508197687147834
1883,0.40569463277609513,0.40569601107761943,1.3783015243018504e-06,0.6508238453580827,0.6508197688636703
1884,0.40569463296026503,0.4056960106552779,1.3776950128496779e-06,0.6508238433363676,0.6508197690110382
1885,0.4056946331488177,0.40569601023732044,1.377088502729773e-06,0.6508238413131504,0.6508197691569039
1886,0.4056946333417076,0.4056960098237009,1.3764819933315131e-06,0.6508238392884458,0.650819769301281
1887,0.4056946335388893,0.40569600941437467,1.3758754853765431e-06,0.6508238372622691,0.6508197694441866
1888,0.4056946337403186,0.40569600900929703,1.3752689784207739e-06,0.6508238352346352,0.6508197695856345
1889,0.4056946339459516,0.4056960086084239,1.374662472297672e-06,0.65082383320556,0.6508197697256402
1890,0.40569463415574425,0.4056960082117119,1.374055967673371e-06,0.6508238311750572,0.6508197698642189
1891,0.4056946343696535,0.40569600781911735,1.3734494638817374e-06,0.6508238291431416,0.6508197700013845
1892,0.40569463458763705,0.4056960074305981,1.3728429610337933e-06,0.6508238271098286,0.6508197701371523
1893,0.40569463480965207,0.40569600704611136,1.3722364592960723e-06,0.6508238250751311,0.6508197702715359
1894,0.40569463503565695,0.40569600666561545,1.3716299585020408e-06,0.6508238230390648,0.6508197704045494
1895,0.40569463526561034,0.405696006289069,1.371023458651699e-06,0.650823821001642,0.6508197705362075
1896,0.4056946354994711,0.405696005916431,1.37041695991158e-06,0.6508238189628783,0.6508197706665235
1897,0.40569463573719866,0.40569600554766094,1.3698104622816842e-06,0.6508238169227862,0.6508197707955109
1898,0.4056946359787531,0.40569600518271876,1.3692039656509891e-06,0.6508238148813814,0.6508197709231847
1899,0.40569463622409463,0.4056960048215646,1.3685974699639836e-06,0.6508238128386745,0.6508197710495569
1900,0.40569463647318393,0.4056960044641593,1.367990975387201e-06,0.65082381079468,0.6508197711746426
1901,0.40569463672598216,0.4056960041104637,1.3673844815320635e-06,0.650823808749412,0.6508197712984529
1902,0.40569463698245056,0.4056960037604392,1.3667779886206155e-06,0.6508238067028821,0.6508197714210012
1903,0.4056946372425512,0.4056960034140481,1.3661714968749017e-06,0.6508238046551043,0.6508197715423019
1904,0.4056946375062465,0.4056960030712525,1.3655650059618551e-06,0.6508238026060909,0.6508197716623666
1905,0.405694637773499,0.4056960027320151,1.3649585161035205e-06,0.6508238005558551,0.6508197717812083
1906,0.40569463804427197,0.4056960023962988,1.3643520268558085e-06,0.6508237985044085,0.6508197718988398
1907,0.40569463831852853,0.40569600206406736,1.3637455388293418e-06,0.6508237964517645,0.6508197720152736
1908,0.4056946385962328,0.4056960017352844,1.3631390516355424e-06,0.6508237943979345,0.6508197721305213
1909,0.40569463887734886,0.405696001409914,1.362532565163388e-06,0.6508237923429316,0.6508197722445942
1910,0.40569463916184123,0.40569600108792125,1.3619260800235011e-06,0.6508237902867668,0.6508197723575077
1911,0.4056946394496752,0.4056960007692707,1.361319595494237e-06,0.6508237882294532,0.6508197724692701
1912,0.40569463974081565,0.4056960004539276,1.3607131119641735e-06,0.6508237861710016,0.6508197725798949
1913,0.4056946400352286,0.40569600014185797,1.3601066293777997e-06,0.6508237841114235,0.6508197726893934
1914,0.4056946403328798,0.40569599983302734,1.359500147568582e-06,0.6508237820507314,0.6508197727977776
1915,0.4056946406337359,0.4056959995274024,1.3588936664810092e-06,0.650823779988936,0.6508197729050585
1916,0.40569464093776353,0.40569599922494987,1.358287186337126e-06,0.6508237779260493,0.6508197730112473
1917,0.4056946412449299,0.4056959989256369,1.35768070702591e-06,0.6508237758620824,0.650819773116355
1918,0.4056946415552023,0.40569599862943073,1.357074228436339e-06,0.6508237737970455,0.6508197732203936
1919,0.4056946418685483,0.40569599833629905,1.3564677507349465e-06,0.65082377173095,0.6508197733233738
1920,0.4056946421849363,0.40569599804621037,1.3558612740882658e-06,0.6508237696638068,0.6508197734253055
1921,0.40569464250433457,0.40569599775913257,1.3552547979966967e-06,0.6508237675956277,0.6508197735262002
1922,0.405694642826712,0.40569599747503454,1.3546483225157502e-06,0.6508237655264211,0.6508197736260684
1923,0.4056946431520372,0.4056959971938856,1.3540418484225825e-06,0.6508237634561982,0.650819773724921
1924,0.4056946434802801,0.4056959969156548,1.3534353746624816e-06,0.6508237613849713,0.6508197738227678
1925,0.4056946438114102,0.4056959966403122,1.3528289020126039e-06,0.6508237593127492,0.6508197739196198
1926,0.40569464414539746,0.4056959963678276,1.3522224301398822e-06,0.650823757239542,0.6508197740154867
1927,0.4056946444822124,0.40569599609817125,1.3516159588777832e-06,0.6508237551653597,0.6508197741103781
1928,0.4056946448218258,0.405695995831314,1.3510094881707957e-06,0.650823753090214,0.650819774204305
1929,0.4056946451642082,0.40569599556722674,1.35040301851852e-06,0.6508237510141119,0.6508197742972764
1930,0.405694645509331,0.40569599530588074,1.3497965497544229e-06,0.6508237489370656,0.6508197743893032
1931,0.4056946458571659,0.40569599504724757,1.3491900816564595e-06,0.6508237468590837,0.650819774480395
1932,0.4056946462076847,0.40569599479129875,1.3485836140580965e-06,0.6508237447801761,0.6508197745705597
1933,0.40569464656085946,0.40569599453800687,1.347977147403423e-06,0.6508237427003524,0.6508197746598083
1934,0.40569464691666246,0.40569599428734404,1.3473706815814168e-06,0.6508237406196217,0.6508197747481503
1935,0.4056946472750666,0.40569599403928314,1.3467642165365667e-06,0.6508237385379928,0.6508197748355942
1936,0.40569464763604507,0.40569599379379684,1.3461577517692724e-06,0.6508237364554768,0.6508197749221496
1937,0.4056946479995706,0.40569599355085884,1.3455512882232235e-06,0.6508237343720802,0.6508197750078257
1938,0.40569464836561725,0.40569599331044254,1.3449448252877971e-06,0.6508237322878141,0.6508197750926313
1939,0.40569464873415867,0.4056959930725217,1.3443383630185046e-06,0.6508237302026871,0.6508197751765754
1940,0.40569464910516895,0.40569599283707036,1.343731901415346e-06,0.6508237281167069,0.6508197752596669
1941,0.4056946494786225,0.405695992604063,1.3431254405338322e-06,0.6508237260298828,0.6508197753419144
1942,0.4056946498544939,0.4056959923734742,1.3425189803184523e-06,0.6508237239422237,0.6508197754233265
1943,0.4056946502327582,0.4056959921452788,1.3419125206026727e-06,0.6508237218537387,0.6508197755039123
1944,0.4056946506133904,0.40569599191945205,1.3413060616640493e-06,0.6508237197644351,0.6508197755836795
1945,0.40569465099636587,0.40569599169596926,1.3406996033915597e-06,0.6508237176743216,0.6508197756626368
1946,0.40569465138166017,0.40569599147480634,1.340093146173782e-06,0.650823715583407,0.650819775740793
1947,0.4056946517692495,0.4056959912559388,1.3394866892890711e-06,0.6508237134916994,0.6508197758181556
1948,0.40569465215910994,0.4056959910393431,1.3388802331815164e-06,0.6508237113992068,0.6508197758947333
1949,0.40569465255121784,0.4056959908249955,1.3382737776845843e-06,0.6508237093059367,0.6508197759705334
1950,0.4056946529455501,0.405695990612873,1.337667322853786e-06,0.6508237072118982,0.6508197760455647
1951,0.40569465334208354,0.40569599040295207,1.3370608685225882e-06,0.6508237051170984,0.6508197761198353
1952,0.4056946537407949,0.40569599019520997,1.3364544150795687e-06,0.6508237030215447,0.6508197761933516
1953,0.4056946541416621,0.40569598998962436,1.335847962247172e-06,0.6508237009252459,0.6508197762661221
1954,0.4056946545446628,0.4056959897861722,1.3352415094147752e-06,0.6508236988282096,0.6508197763381542
1955,0.40569465494977436,0.40569598958483183,1.3346350574705568e-06,0.650823696730442,0.6508197764094569
1956,0.4056946553569751,0.40569598938558155,1.334028606470028e-06,0.6508236946319519,0.6508197764800362
1957,0.40569465576624314,0.40569598918839905,1.3334221559135884e-06,0.6508236925327463,0.6508197765498998
1958,0.40569465617755734,0.40569598899326326,1.3328157059122603e-06,0.6508236904328331,0.6508197766190547
1959,0.40569465659089615,0.40569598880015284,1.3322092566880883e-06,0.6508236883322183,0.6508197766875086
1960,0.4056946570062388,0.4056959886090469,1.331602808074539e-06,0.6508236862309101,0.6508197767552695
1961,0.40569465742356436,0.4056959884199243,1.33099635996059e-06,0.6508236841289148,0.6508197768223427
1962,0.40569465784285247,0.4056959882327646,1.3303899121241969e-06,0.6508236820262407,0.6508197768887367
1963,0.40569465826408246,0.4056959880475476,1.329783465120471e-06,0.6508236799228937,0.6508197769544581
1964,0.40569465868723414,0.4056959878642528,1.3291770186718566e-06,0.650823677818881,0.6508197770195131
1965,0.40569465911228764,0.4056959876828605,1.328570572889376e-06,0.650823675714209,0.6508197770839095
1966,0.40569465953922357,0.4056959875033509,1.32796412732894e-06,0.6508236736088862,0.6508197771476538
1967,0.4056946599680215,0.4056959873257043,1.3273576827677047e-06,0.6508236715029166,0.6508197772107525
1968,0.405694660398663,0.40569598714990157,1.3267512385950475e-06,0.6508236693963092,0.6508197772732123
1969,0.40569466083112843,0.4056959869759235,1.3261447950885241e-06,0.6508236672890688,0.6508197773350398
1970,0.40569466126539916,0.4056959868037511,1.3255383519150676e-06,0.650823665181203,0.6508197773962414
1971,0.4056946617014562,0.4056959866333655,1.3249319092967227e-06,0.6508236630727176,0.6508197774568237
1972,0.40569466213928107,0.4056959864647483,1.3243254672334892e-06,0.6508236609636195,0.6508197775167931
1973,0.4056946625788554,0.40569598629788123,1.3237190258363896e-06,0.6508236588539149,0.6508197775761552
1974,0.4056946630201609,0.4056959861327459,1.3231125849944014e-06,0.6508236567436092,0.6508197776349166
1975,0.40569466346317995,0.40569598596932444,1.3225061444854802e-06,0.6508236546327095,0.6508197776930839
1976,0.4056946639078946,0.4056959858075989,1.3218997043096259e-06,0.6508236525212219,0.6508197777506626
1977,0.4056946643542868,0.405695985647552,1.3212932651884834e-06,0.6508236504091514,0.6508197778076588
1978,0.40569466480233973,0.40569598548916597,1.3206868262338745e-06,0.6508236482965051,0.6508197778640791
1979,0.4056946652520361,0.4056959853324237,1.3200803875568212e-06,0.6508236461832884,0.6508197779199287
1980,0.40569466570335844,0.40569598517730826,1.3194739498234576e-06,0.6508236440695074,0.6508197779752138
1981,0.4056946661562901,0.4056959850238025,1.3188675124231608e-06,0.6508236419551673,0.6508197780299398
1982,0.4056946666108145,0.4056959848718898,1.3182610753004198e-06,0.6508236398402751,0.6508197780841132
1983,0.4056946670669148,0.40569598472155366,1.3176546388438126e-06,0.6508236377248348,0.650819778137739
1984,0.4056946675245748,0.4056959845727777,1.317048202942317e-06,0.650823635608853,0.6508197781908233
1985,0.40569466798377823,0.4056959844255457,1.3164417674849105e-06,0.6508236334923352,0.6508197782433709
1986,0.40569466844450913,0.4056959842798416,1.3158353324715932e-06,0.6508236313752866,0.6508197782953875
1987,0.4056946689067515,0.4056959841356496,1.3152288981244098e-06,0.6508236292577129,0.6508197783468797
1988,0.40569466937048976,0.405695983992954,1.3146224642213156e-06,0.650823627139619,0.6508197783978514
1989,0.4056946698357085,0.4056959838517392,1.3140160307067994e-06,0.6508236250210115,0.650819778448309
1990,0.4056946703023921,0.40569598371198984,1.3134095977473947e-06,0.6508236229018942,0.6508197784982571
1991,0.40569467077052557,0.40569598357369074,1.3128031651765681e-06,0.6508236207822733,0.6508197785477013
1992,0.4056946712400936,0.4056959834368265,1.3121967328832973e-06,0.6508236186621534,0.6508197785966456
1993,0.40569467171108153,0.40569598330138273,1.3115903012006491e-06,0.6508236165415398,0.6508197786450971
1994,0.4056946721834743,0.4056959831673445,1.3109838701841348e-06,0.6508236144204376,0.6508197786930598
1995,0.4056946726572578,0.4056959830346973,1.3103774395006873e-06,0.6508236122988518,0.6508197787405389
1996,0.40569467313241714,0.4056959829034263,1.3097710091503068e-06,0.6508236101767872,0.6508197787875387
1997,0.40569467360893824,0.4056959827735175,1.3091645792440154e-06,0.6508236080542493,0.6508197788340649
1998,0.40569467408680693,0.40569598264495643,1.3085581495042575e-06,0.6508236059312418,0.6508197788801218
1999,0.4056946745660091,0.40569598251772987,1.3079517207637004e-06,0.6508236038077706,0.6508197789257157
2000,0.4056946750465312,0.4056959823918233,1.3073452921341655e-06,0.6508236016838399,0.6508197789708494
2001,0.40569467552835925,0.4056959822672232,1.3067388639487199e-06,0.650823599559456,0.6508197790155283
2002,0.4056946760114796,0.40569598214391583,1.3061324362073634e-06,0.6508235974346204,0.6508197790597572
2003,0.40569467649587915,0.4056959820218881,1.3055260089656073e-06,0.6508235953093398,0.6508197791035412
2004,0.4056946769815445,0.4056959819011265,1.304919582001407e-06,0.6508235931836188,0.6508197791468837
2005,0.4056946774684624,0.4056959817816179,1.304313155536807e-06,0.6508235910574612,0.65081977918979
2006,0.40569467795661984,0.40569598166334914,1.3037067292942517e-06,0.6508235889308724,0.6508197792322642
2007,0.40569467844600393,0.4056959815463076,1.303100303662319e-06,0.6508235868038558,0.6508197792743112
2008,0.4056946789366022,0.40569598143048047,1.302493878252431e-06,0.6508235846764169,0.6508197793159359
2009,0.4056946794284016,0.4056959813158549,1.301887453286632e-06,0.6508235825485585,0.6508197793571413
2010,0.40569467992138986,0.4056959812024187,1.3012810288204335e-06,0.650823580420286,0.6508197793979317
2011,0.4056946804155545,0.4056959810901594,1.3006746049093465e-06,0.6508235782916036,0.6508197794383125
2012,0.40569468091088373,0.4056959809790649,1.300068181164793e-06,0.6508235761625157,0.6508197794782872
2013,0.405694681407365,0.40569598086912273,1.2994617577533063e-06,0.6508235740330253,0.6508197795178605
2014,0.4056946819049866,0.4056959807603215,1.2988553348969312e-06,0.6508235719031381,0.6508197795570361
2015,0.4056946824037366,0.4056959806526488,1.2982489122070895e-06,0.6508235697728567,0.6508197795958166
2016,0.4056946829036031,0.40569598054609324,1.2976424901278705e-06,0.6508235676421859,0.6508197796342092
2017,0.4056946834045747,0.4056959804406433,1.297036068603763e-06,0.6508235655111295,0.6508197796722158
2018,0.4056946839066402,0.4056959803362872,1.2964296469686332e-06,0.6508235633796924,0.650819779709841
2019,0.40569468440978773,0.4056959802330135,1.2958232257775926e-06,0.6508235612478774,0.650819779747088
2020,0.40569468491400607,0.4056959801308113,1.2952168052526858e-06,0.6508235591156881,0.6508197797839617
2021,0.4056946854192845,0.40569598002966933,1.2946103848388013e-06,0.6508235569831292,0.6508197798204651
2022,0.4056946859256117,0.4056959799295765,1.2940039648134949e-06,0.6508235548502042,0.6508197798566023
2023,0.40569468643297685,0.4056959798305221,1.2933975452322777e-06,0.6508235527169167,0.6508197798923772
2024,0.4056946869413691,0.40569597973249505,1.2927911259286162e-06,0.6508235505832711,0.6508197799277929
2025,0.40569468745077786,0.405695979635485,1.2921847071245551e-06,0.6508235484492698,0.6508197799628546
2026,0.4056946879611927,0.4056959795394812,1.2915782885425386e-06,0.6508235463149177,0.6508197799975641
2027,0.40569468847260287,0.40569597944447305,1.2909718701825668e-06,0.6508235441802177,0.6508197800319253
2028,0.40569468898499816,0.40569597935045065,1.2903654524887287e-06,0.6508235420451733,0.6508197800659437
2029,0.40569468949836845,0.4056959792574034,1.289759034961424e-06,0.650823539909789,0.6508197800996199
2030,0.4056946900127035,0.40569597916532124,1.2891526177671864e-06,0.6508235377740665,0.6508197801329599
2031,0.4056946905279931,0.40569597907419436,1.2885462012390825e-06,0.6508235356380111,0.6508197801659659
2032,0.40569469104422773,0.4056959789840123,1.2879397845444451e-06,0.6508235335016246,0.6508197801986415
2033,0.4056946915613975,0.4056959788947659,1.2873333684049193e-06,0.650823531364912,0.6508197802309904
2034,0.40569469207949244,0.4056959788064451,1.2867269526539715e-06,0.650823529227876,0.6508197802630153
2035,0.405694692598503,0.40569597871904,1.286120537014046e-06,0.65082352709052,0.65081978029472
2036,0.40569469311841977,0.4056959786325416,1.2855141218182098e-06,0.6508235249528462,0.6508197803261078
2037,0.40569469363923333,0.4056959785469404,1.2849077070664627e-06,0.6508235228148592,0.6508197803571818
2038,0.40569469416093434,0.4056959784622267,1.2843012923702268e-06,0.6508235206765618,0.6508197803879452
2039,0.40569469468351366,0.40569597837839183,1.2836948781735913e-06,0.6508235185379571,0.6508197804184013
2040,0.4056946952069618,0.4056959782954262,1.283088464421045e-06,0.6508235163990481,0.6508197804485537
2041,0.4056946957312701,0.40569597821332093,1.282482050835032e-06,0.6508235142598382,0.6508197804784044
2042,0.4056946962564296,0.4056959781320671,1.2818756374710638e-06,0.6508235121203307,0.6508197805079576
2043,0.40569469678243125,0.40569597805165597,1.2812692247177182e-06,0.6508235099805278,0.6508197805372158
2044,0.4056946973092665,0.40569597797207857,1.280662812075395e-06,0.6508235078404332,0.6508197805661814
2045,0.4056946978369268,0.4056959778933264,1.280056399599605e-06,0.6508235057000502,0.650819780594859
2046,0.4056946983654034,0.4056959778153908,1.279449987401371e-06,0.6508235035593818,0.6508197806232504
2047,0.4056946988946875,0.4056959777382632,1.2788435757027372e-06,0.6508235014184288,0.6508197806513587
2048,0.40569469942477115,0.4056959776619355,1.2782371643371704e-06,0.6508234992771971,0.6508197806791868
2049,0.40569469995564583,0.4056959775863992,1.2776307533601816e-06,0.6508234971356872,0.6508197807067381
2050,0.4056947004873036,0.4056959775116461,1.2770243424942151e-06,0.6508234949939038,0.6508197807340149
2051,0.40569470101973615,0.40569597743766783,1.2764179316837598e-06,0.6508234928518489,0.6508197807610192
2052,0.4056947015529352,0.40569597736445673,1.2758115215394383e-06,0.6508234907095249,0.6508197807877557
2053,0.40569470208689323,0.4056959772920046,1.2752051113396057e-06,0.6508234885669357,0.6508197808142262
2054,0.40569470262160195,0.40569597722030354,1.2745987015838622e-06,0.6508234864240823,0.6508197808404332
2055,0.4056947031570535,0.4056959771493458,1.273992292272208e-06,0.6508234842809679,0.6508197808663798
2056,0.40569470369324084,0.4056959770791237,1.2733858828495315e-06,0.650823482137597,0.6508197808920684
2057,0.40569470423015563,0.4056959770096295,1.2727794738709441e-06,0.6508234799939703,0.6508197809175011
2058,0.4056947047677905,0.40569597694085585,1.272173065336446e-06,0.650823477850091,0.6508197809426818
2059,0.4056947053061381,0.40569597687279507,1.2715666569684814e-06,0.6508234757059614,0.6508197809676124
2060,0.40569470584519085,0.4056959768054397,1.2709602488225613e-06,0.6508234735615848,0.650819780992295
2061,0.4056947063849417,0.40569597673878244,1.2703538407321524e-06,0.6508234714169636,0.6508197810167325
2062,0.405694706925383,0.4056959766728163,1.2697474333078773e-06,0.6508234692720989,0.6508197810409284
2063,0.40569470746650776,0.4056959766075338,1.2691410260501357e-06,0.6508234671269948,0.6508197810648836
2064,0.40569470800830904,0.40569597654292794,1.2685346189034163e-06,0.6508234649816539,0.6508197810886023
2065,0.40569470855077966,0.4056959764789916,1.2679282119232305e-06,0.6508234628360774,0.6508197811120848
2066,0.40569470909391264,0.405695976415718,1.2673218053316226e-06,0.6508234606902682,0.6508197811353347
2067,0.40569470963770105,0.40569597635310006,1.2667153990175706e-06,0.650823458544229,0.6508197811583547
2068,0.4056947101821382,0.40569597629113124,1.2661089930365854e-06,0.650823456397962,0.6508197811811474
2069,0.40569471072721736,0.4056959762298045,1.2655025871666226e-06,0.6508234542514695,0.6508197812037138
2070,0.40569471127293183,0.40569597616911324,1.264896181407682e-06,0.6508234521047532,0.6508197812260565
2071,0.4056947118192749,0.40569597610905084,1.2642897759262972e-06,0.6508234499578167,0.6508197812481791
2072,0.40569471236623983,0.405695976049611,1.2636833711665574e-06,0.6508234478106609,0.6508197812700824
2073,0.4056947129138206,0.4056959759907868,1.263076966184773e-06,0.6508234456632889,0.6508197812917698
2074,0.40569471346201086,0.4056959759325723,1.2624705614250331e-06,0.6508234435157033,0.6508197813132425
2075,0.4056947140108038,0.405695975874961,1.2618641571648936e-06,0.6508234413679049,0.6508197813345037
2076,0.40569471456019357,0.4056959758179466,1.2612577530157765e-06,0.650823439219897,0.6508197813555543
2077,0.4056947151101735,0.40569597576152294,1.2606513494217708e-06,0.650823437071681,0.6508197813763976
2078,0.40569471566073817,0.40569597570568383,1.2600449456612317e-06,0.6508234349232604,0.6508197813970349
2079,0.4056947162118809,0.4056959756504233,1.259438542400293e-06,0.6508234327746365,0.650819781417469
2080,0.4056947167635959,0.4056959755957351,1.2588321391948654e-06,0.6508234306258103,0.6508197814377016
2081,0.40569471731587736,0.40569597554161346,1.25822573610046e-06,0.6508234284767853,0.6508197814577352
2082,0.405694717868719,0.4056959754880526,1.2576193335611663e-06,0.6508234263275631,0.6508197814775715
2083,0.40569471842211524,0.4056959754350464,1.2570129311328948e-06,0.6508234241781452,0.650819781497212
2084,0.4056947189760605,0.4056959753825893,1.2564065287601345e-06,0.6508234220285345,0.65081978151666
2085,0.4056947195305487,0.4056959753306755,1.2558001267759522e-06,0.6508234198787326,0.650819781535916
2086,0.4056947200855745,0.4056959752792994,1.2551937249027922e-06,0.6508234177287415,0.6508197815549834
2087,0.4056947206411322,0.40569597522845535,1.2545873231406546e-06,0.6508234155785624,0.6508197815738623
2088,0.40569472119721617,0.405695975178138,1.2539809218226061e-06,0.6508234134281988,0.6508197815925569
2089,0.4056947217538212,0.4056959751283418,1.25337452061558e-06,0.6508234112776514,0.6508197816110673
2090,0.4056947223109414,0.40569597507906124,1.252768119852643e-06,0.6508234091269215,0.6508197816293966
2091,0.40569472286857194,0.40569597503029103,1.252161719089706e-06,0.6508234069760127,0.6508197816475454
2092,0.40569472342670726,0.4056959749820258,1.2515553185488137e-06,0.6508234048249262,0.6508197816655168
2093,0.4056947239853422,0.4056959749342604,1.250948918229966e-06,0.6508234026736637,0.6508197816833122
2094,0.4056947245444714,0.4056959748869895,1.2503425180776517e-06,0.6508234005222265,0.6508197817009329
2095,0.4056947251040897,0.40569597484020803,1.2497361183139155e-06,0.6508233983706163,0.650819781718381
2096,0.40569472566419235,0.4056959747939108,1.249129718439157e-06,0.6508233962188363,0.6508197817356584
2097,0.40569472622477415,0.40569597474809305,1.2485233188974654e-06,0.650823394066887,0.650819781752767
2098,0.40569472678582963,0.4056959747027495,1.2479169198553741e-06,0.6508233919147697,0.6508197817697077
2099,0.40569472734735473,0.40569597465787527,1.2473105205357271e-06,0.6508233897624881,0.6508197817864833
2100,0.40569472790934397,0.4056959746134657,1.2467041217156805e-06,0.6508233876100424,0.6508197818030956
2101,0.4056947284717927,0.40569597456951595,1.2460977232287007e-06,0.6508233854574341,0.6508197818195454
2102,0.4056947290346962,0.4056959745260209,1.2454913246862098e-06,0.6508233833046657,0.6508197818358339
2103,0.4056947295980497,0.4056959744829761,1.2448849264212747e-06,0.6508233811517383,0.6508197818519641
2104,0.4056947301618485,0.4056959744403768,1.244278528322873e-06,0.650823378998654,0.6508197818679371
2105,0.40569473072608825,0.4056959743982185,1.2436721302244713e-06,0.6508233768454137,0.6508197818837544
2106,0.40569473129076367,0.4056959743564962,1.2430657325146477e-06,0.6508233746920198,0.6508197818994175
2107,0.4056947318558707,0.4056959743152059,1.2424593351934021e-06,0.650823372538473,0.6508197819149287
2108,0.4056947324214051,0.40569597427434256,1.2418529374835785e-06,0.6508233703847753,0.6508197819302879
2109,0.405694732987362,0.4056959742339023,1.2412465403288664e-06,0.650823368230929,0.6508197819454979
2110,0.40569473355373725,0.40569597419388054,1.2406401432851766e-06,0.650823366076935,0.6508197819605614
2111,0.4056947341205262,0.4056959741542729,1.240033746685576e-06,0.6508233639227934,0.6508197819754775
2112,0.40569473468772493,0.4056959741150749,1.239427349974953e-06,0.650823361768508,0.6508197819902495
2113,0.405694735255329,0.40569597407628233,1.2388209533198413e-06,0.6508233596140798,0.6508197820048774
2114,0.4056947358233342,0.40569597403789126,1.2382145570533076e-06,0.6508233574595093,0.650819782019364
2115,0.4056947363917361,0.40569597399989726,1.237608161175352e-06,0.6508233553047978,0.6508197820337103
2116,0.405694736960531,0.4056959739622961,1.237001765130863e-06,0.6508233531499482,0.6508197820479172
2117,0.40569473752971436,0.40569597392508405,1.2363953696969965e-06,0.6508233509949604,0.6508197820619871
2118,0.4056947380992828,0.40569597388825673,1.2357889739300632e-06,0.6508233488398372,0.6508197820759204
2119,0.4056947386692319,0.40569597385181044,1.2351825785517079e-06,0.6508233466845792,0.6508197820897191
2120,0.4056947392395578,0.40569597381574096,1.2345761831733526e-06,0.6508233445291878,0.6508197821033846
2121,0.4056947398102563,0.4056959737800445,1.2339697882390865e-06,0.6508233423736642,0.6508197821169179
2122,0.40569474038132386,0.4056959737447171,1.2333633932493093e-06,0.6508233402180104,0.6508197821303205
2123,0.4056947409527564,0.4056959737097549,1.2327569984815767e-06,0.6508233380622275,0.6508197821435944
2124,0.40569474152455043,0.4056959736751544,1.2321506039913999e-06,0.6508233359063166,0.6508197821567403
2125,0.405694742096702,0.40569597364091137,1.2315442093902007e-06,0.6508233337502791,0.650819782169759
2126,0.4056947426692072,0.40569597360702264,1.2309378154551354e-06,0.6508233315941154,0.6508197821826527
2127,0.40569474324206284,0.4056959735734841,1.2303314212425143e-06,0.6508233294378287,0.6508197821954224
2128,0.405694743815265,0.40569597354029213,1.2297250271409155e-06,0.6508233272814192,0.6508197822080692
2129,0.4056947443888097,0.4056959735074432,1.2291186334834059e-06,0.6508233251248878,0.6508197822205943
2130,0.40569474496269387,0.4056959734749339,1.228512240047941e-06,0.6508233229682362,0.6508197822329991
2131,0.405694745536914,0.4056959734427605,1.2279058465014536e-06,0.6508233208114662,0.6508197822452855
2132,0.40569474611146633,0.4056959734109198,1.2272994534545667e-06,0.6508233186545778,0.6508197822574537
2133,0.40569474668634764,0.4056959733794077,1.2266930600746129e-06,0.6508233164975734,0.6508197822695044
2134,0.40569474726155424,0.40569597334822166,1.226086667416304e-06,0.6508233143404528,0.6508197822814414
2135,0.4056947478370831,0.40569597331735774,1.2254802746469728e-06,0.6508233121832185,0.6508197822932634
2136,0.4056947484129305,0.40569597328681256,1.2248738820441751e-06,0.6508233100258712,0.6508197823049721
2137,0.40569474898909347,0.40569597325658296,1.2242674894968886e-06,0.6508233078684117,0.650819782316569
2138,0.4056947495655684,0.40569597322666573,1.22366109733818e-06,0.6508233057108415,0.6508197823280557
2139,0.40569475014235246,0.4056959731970575,1.2230547050684493e-06,0.650823303553162,0.6508197823394324
2140,0.4056947507194419,0.40569597316775496,1.2224483130762742e-06,0.6508233013953743,0.6508197823507007
2141,0.40569475129683397,0.40569597313875505,1.2218419210840992e-06,0.650823299237479,0.6508197823618611
2142,0.40569475187452525,0.4056959731100547,1.221235529424991e-06,0.6508232970794778,0.6508197823729154
2143,0.40569475245251263,0.4056959730816506,1.2206291379879275e-06,0.6508232949213697,0.6508197823838651
2144,0.4056947530307934,0.40569597305354,1.2200227466063751e-06,0.6508232927631592,0.6508197823947103
2145,0.4056947536093642,0.40569597302571936,1.2194163551693116e-06,0.6508232906048461,0.6508197824054521
2146,0.4056947541882221,0.40569597299818616,1.218809964065315e-06,0.6508232884464302,0.650819782416092
2147,0.405694754767364,0.4056959729709372,1.218203573183363e-06,0.6508232862879133,0.6508197824266317
2148,0.40569475534678695,0.40569597294396953,1.2175971825789667e-06,0.6508232841292974,0.6508197824370711
2149,0.4056947559264882,0.40569597291728,1.216990791808037e-06,0.6508232819705814,0.6508197824474109
2150,0.4056947565064647,0.4056959728908662,1.2163844014811964e-06,0.6508232798117685,0.6508197824576542
2151,0.40569475708671393,0.40569597286472486,1.2157780109323113e-06,0.6508232776528587,0.6508197824677996
2152,0.40569475766723256,0.40569597283885317,1.2151716206054708e-06,0.6508232754938528,0.6508197824778501
2153,0.40569475824801815,0.40569597281324865,1.2145652305006749e-06,0.6508232733347521,0.650819782487805
2154,0.40569475882906764,0.40569597278790814,1.2139588405069013e-06,0.6508232711755569,0.650819782497666
2155,0.4056947594103786,0.40569597276282915,1.2133524505686388e-06,0.6508232690162701,0.6508197825074342
2156,0.405694759991948,0.40569597273800884,1.212746060852421e-06,0.6508232668568903,0.6508197825171105
2157,0.4056947605737733,0.4056959727134445,1.2121396711917143e-06,0.6508232646974197,0.6508197825266955
2158,0.4056947611558516,0.40569597268913354,1.2115332819195856e-06,0.6508232625378589,0.6508197825361905
2159,0.40569476173818064,0.40569597266507323,1.2109268925919459e-06,0.6508232603782096,0.6508197825455964
2160,0.40569476232075763,0.4056959726412613,1.2103205036528841e-06,0.6508232582184713,0.6508197825549138
2161,0.4056947629035801,0.4056959726176946,1.2097141144917778e-06,0.6508232560586463,0.6508197825641437
2162,0.40569476348664535,0.4056959725943709,1.209107725552716e-06,0.6508232538987342,0.6508197825732877
2163,0.4056947640699511,0.40569597257128776,1.2085013366691655e-06,0.6508232517387373,0.6508197825823463
2164,0.4056947646534945,0.4056959725484425,1.2078949479521484e-06,0.6508232495786548,0.6508197825913192
2165,0.40569476523727355,0.40569597252583295,1.2072885594016647e-06,0.6508232474184901,0.6508197826002095
2166,0.4056947658212851,0.4056959725034563,1.206682171184248e-06,0.6508232452582412,0.6508197826090163
2167,0.4056947664055271,0.4056959724813102,1.2060757830778535e-06,0.6508232430979104,0.6508197826177401
2168,0.4056947669899973,0.4056959724593924,1.2054693950824813e-06,0.6508232409374974,0.6508197826263835
2169,0.4056947675746934,0.40569597243770017,1.2048630067540422e-06,0.6508232387770059,0.6508197826349464
2170,0.4056947681596128,0.4056959724162318,1.2042566189807147e-06,0.6508232366164334,0.6508197826434294
2171,0.4056947687447532,0.4056959723949844,1.2036502312073871e-06,0.6508232344557825,0.6508197826518338
2172,0.4056947693301122,0.4056959723739559,1.2030438436561042e-06,0.6508232322950536,0.6508197826601605
2173,0.4056947699156879,0.405695972353144,1.20243745604931e-06,0.6508232301342478,0.6508197826684097
2174,0.4056947705014776,0.4056959723325464,1.2018310687755829e-06,0.650823227973365,0.6508197826765822
2175,0.4056947710874794,0.4056959723121608,1.2012246813908334e-06,0.6508232258124074,0.6508197826846791
2176,0.40569477167369095,0.40569597229198523,1.2006182942836396e-06,0.6508232236513747,0.6508197826927014
2177,0.40569477226011014,0.40569597227201737,1.200011907231957e-06,0.6508232214902681,0.6508197827006497
2178,0.40569477284673466,0.40569597225225495,1.1994055202912968e-06,0.650823219329088,0.6508197827085246
2179,0.40569477343356264,0.4056959722326961,1.1987991334616588e-06,0.6508232171678352,0.6508197827163272
2180,0.40569477402059145,0.40569597221333853,1.19819274707611e-06,0.6508232150065101,0.6508197827240578
2181,0.40569477460781966,0.4056959721941801,1.1975863604130055e-06,0.6508232128451151,0.650819782731717
2182,0.40569477519524483,0.4056959721752188,1.1969799739719456e-06,0.6508232106836491,0.6508197827393065
2183,0.4056947757828649,0.4056959721564524,1.1963735875308856e-06,0.6508232085221138,0.6508197827468252
2184,0.4056947763706779,0.4056959721378793,1.1957672013673815e-06,0.6508232063605086,0.6508197827542757
2185,0.40569477695868206,0.40569597211949715,1.195160815092855e-06,0.6508232041988368,0.6508197827616582
2186,0.40569477754687483,0.40569597210130415,1.1945544293179289e-06,0.6508232020370963,0.6508197827689735
2187,0.4056947781352548,0.4056959720832984,1.193948043598514e-06,0.6508231998752899,0.6508197827762219
2188,0.40569477872381965,0.4056959720654773,1.1933416576570544e-06,0.6508231977134167,0.6508197827834027
2189,0.40569477931256787,0.4056959720478395,1.1927352716600836e-06,0.6508231955514788,0.6508197827905192
2190,0.40569477990149694,0.40569597203038327,1.1921288863292467e-06,0.6508231933894756,0.650819782797571
2191,0.40569478049060537,0.4056959720131064,1.191522501053921e-06,0.6508231912274076,0.6508197828045585
2192,0.4056947810798917,0.405695971996007,1.1909161152789949e-06,0.6508231890652778,0.6508197828114823
2193,0.4056947816693532,0.40569597197908325,1.1903097300591803e-06,0.6508231869030843,0.6508197828183435
2194,0.4056947822589885,0.4056959719623335,1.1897033450058991e-06,0.6508231847408283,0.6508197828251424
2195,0.40569478284879595,0.4056959719457559,1.189096959952618e-06,0.6508231825785111,0.65081978283188
2196,0.40569478343877347,0.40569597192934875,1.188490575287915e-06,0.6508231804161331,0.6508197828385567
2197,0.4056947840289193,0.4056959719131099,1.1878841906232118e-06,0.6508231782536945,0.650819782845173
2198,0.4056947846192318,0.4056959718970376,1.1872778057919753e-06,0.6508231760911969,0.6508197828517299
2199,0.40569478520970925,0.40569597188113055,1.1866714212938057e-06,0.6508231739286403,0.6508197828582274
2200,0.4056947858003499,0.40569597186538675,1.1860650368511472e-06,0.6508231717660248,0.6508197828646665
2201,0.4056947863911521,0.4056959718498046,1.185458652519511e-06,0.6508231696033517,0.650819782871048
2202,0.40569478698211403,0.4056959718343821,1.1848522680768525e-06,0.6508231674406213,0.6508197828773719
2203,0.4056947875732343,0.40569597181911815,1.1842458838562386e-06,0.6508231652778345,0.6508197828836401
2204,0.4056947881645108,0.4056959718040109,1.183639500079714e-06,0.6508231631149912,0.6508197828898508
2205,0.40569478875594234,0.4056959717890585,1.1830331161366558e-06,0.6508231609520932,0.6508197828960072
2206,0.4056947893475271,0.4056959717742594,1.18242673230462e-06,0.65082315878914,0.6508197829021078
2207,0.40569478993926344,0.40569597175961203,1.1818203485836065e-06,0.6508231566261318,0.650819782908154
2208,0.4056947905311501,0.4056959717451151,1.1812139650291265e-06,0.65082315446307,0.6508197829141474
2209,0.4056947911231853,0.4056959717307668,1.1806075815301575e-06,0.6508231522999557,0.650819782920087
2210,0.40569479171536743,0.4056959717165656,1.180001198142211e-06,0.650823150136788,0.6508197829259741
2211,0.40569479230769495,0.4056959717025098,1.1793948148652866e-06,0.6508231479735684,0.6508197829318085
2212,0.4056947929001666,0.40569597168859806,1.17878843147734e-06,0.6508231458102974,0.6508197829375914
2213,0.40569479349278054,0.40569597167482896,1.1781820484224603e-06,0.6508231436469751,0.6508197829433234
2214,0.40569479408553555,0.40569597166120075,1.1775756652010472e-06,0.650823141483602,0.6508197829490046
2215,0.40569479467843006,0.4056959716477124,1.176969282312701e-06,0.6508231393201795,0.6508197829546355
2216,0.4056947952714626,0.4056959716343621,1.1763628994798658e-06,0.6508231371567073,0.6508197829602174
2217,0.4056947958646317,0.4056959716211485,1.1757565168135642e-06,0.6508231349931854,0.6508197829657505
2218,0.40569479645793594,0.4056959716080702,1.1751501342582849e-06,0.6508231328296155,0.6508197829712348
2219,0.4056947970513742,0.40569597159512566,1.174543751480961e-06,0.650823130665998,0.6508197829766706
2220,0.4056947976449447,0.4056959715823136,1.1739373688701704e-06,0.6508231285023325,0.6508197829820588
2221,0.4056947982386461,0.4056959715696327,1.1733309865924468e-06,0.6508231263386196,0.6508197829874002
2222,0.4056947988324773,0.4056959715570816,1.1727246043147233e-06,0.6508231241748603,0.6508197829926956
2223,0.40569479942643677,0.405695971544659,1.1721182222035331e-06,0.6508231220110554,0.650819782997945
2224,0.4056948000205231,0.40569597153236314,1.1715118400368318e-06,0.6508231198472042,0.6508197830031478
2225,0.4056948006147352,0.4056959715201931,1.1709054579256417e-06,0.6508231176833086,0.6508197830083053
2226,0.4056948012090716,0.4056959715081476,1.1702990760364962e-06,0.6508231155193681,0.6508197830134191
2227,0.405694801803531,0.40569597149622527,1.169692694258373e-06,0.6508231133553832,0.6508197830184881
2228,0.40569480239811206,0.4056959714844245,1.1690863124247386e-06,0.6508231111913546,0.6508197830235131
2229,0.40569480299281374,0.4056959714727445,1.1684799307576377e-06,0.6508231090272829,0.6508197830284951
2230,0.40569480358763443,0.4056959714611838,1.1678735493680925e-06,0.650823106863168,0.6508197830334346
2231,0.4056948041825733,0.40569597144974123,1.1672671679230362e-06,0.6508231046990113,0.6508197830383311
2232,0.4056948047776287,0.4056959714384155,1.1666607868110468e-06,0.6508231025348115,0.6508197830431859
2233,0.4056948053727999,0.4056959714272054,1.166054405532524e-06,0.6508231003705709,0.6508197830479991
2234,0.4056948059680854,0.4056959714161098,1.1654480244205345e-06,0.6508230982062891,0.6508197830527711
2235,0.40569480656348406,0.40569597140512736,1.1648416433085451e-06,0.6508230960419668,0.6508197830575019
2236,0.40569480715899464,0.40569597139425706,1.1642352624186003e-06,0.6508230938776035,0.6508197830621931
2237,0.40569480775461614,0.4056959713834976,1.1636288814731444e-06,0.6508230917132014,0.6508197830668445
2238,0.40569480835034716,0.4056959713728477,1.1630225005276884e-06,0.6508230895487587,0.6508197830714555
2239,0.4056948089461867,0.40569597136230656,1.1624161198597882e-06,0.6508230873842772,0.6508197830760281
2240,0.40569480954213366,0.40569597135187285,1.161809739191888e-06,0.6508230852197573,0.650819783080562
2241,0.4056948101381871,0.4056959713415455,1.1612033584129655e-06,0.6508230830551993,0.6508197830850571
2242,0.4056948107343453,0.40569597133132335,1.160596978022621e-06,0.650823080890603,0.6508197830895148
2243,0.4056948113306079,0.40569597132120555,1.1599905976322766e-06,0.6508230787259696,0.6508197830939353
2244,0.4056948119269735,0.4056959713111908,1.1593842172974433e-06,0.6508230765612995,0.6508197830983182
2245,0.40569481252344064,0.4056959713012779,1.1587778372401658e-06,0.6508230743965917,0.6508197831026643
2246,0.4056948131200091,0.40569597129146595,1.1581714568498214e-06,0.6508230722318483,0.6508197831069744
2247,0.40569481371667704,0.4056959712817537,1.1575650766815215e-06,0.6508230700670683,0.6508197831112477
2248,0.4056948143134438,0.40569597127214063,1.1569586968462886e-06,0.6508230679022529,0.6508197831154865
2249,0.4056948149103084,0.4056959712626252,1.156352316789011e-06,0.6508230657374026,0.6508197831196894
2250,0.4056948155072696,0.4056959712532067,1.1557459371203116e-06,0.6508230635725173,0.6508197831238571
2251,0.40569481610432645,0.40569597124388396,1.1551395575071233e-06,0.650823061407597,0.6508197831279909
2252,0.40569481670147817,0.40569597123465584,1.1545331776718903e-06,0.6508230592426427,0.6508197831320897
2253,0.4056948172987234,0.4056959712255216,1.1539267981697243e-06,0.6508230570776549,0.6508197831361558
2254,0.4056948178960618,0.4056959712164801,1.1533204182789802e-06,0.6508230549126341,0.6508197831401878
2255,0.4056948184934916,0.40569597120753065,1.15271403905437e-06,0.6508230527475795,0.6508197831441869
2256,0.40569481909101235,0.40569597119867196,1.1521076596077151e-06,0.6508230505824923,0.650819783148153
2257,0.405694819688623,0.40569597118990336,1.1515012803831048e-06,0.6508230484173728,0.6508197831520867
2258,0.40569482028632264,0.40569597118122375,1.1508949011029834e-06,0.6508230462522213,0.6508197831559883
2259,0.40569482088411013,0.4056959711726322,1.1502885220449066e-06,0.6508230440870373,0.6508197831598579
2260,0.4056948214819848,0.4056959711641279,1.149682143097852e-06,0.650823041921822,0.6508197831636963
2261,0.4056948220799456,0.4056959711557097,1.1490757640952864e-06,0.6508230397565761,0.6508197831675038
2262,0.40569482267799173,0.4056959711473771,1.1484693853702765e-06,0.6508230375912987,0.6508197831712799
2263,0.4056948232761223,0.40569597113912886,1.1478630065897555e-06,0.6508230354259912,0.650819783175026
2264,0.4056948238743364,0.4056959711309641,1.1472566276982121e-06,0.6508230332606539,0.650819783178741
2265,0.4056948244726331,0.40569597112288214,1.1466502490287134e-06,0.650823031095286,0.6508197831824265
2266,0.40569482507101173,0.40569597111488215,1.1460438704147258e-06,0.6508230289298891,0.6508197831860827
2267,0.4056948256694712,0.405695971106963,1.1454374918007382e-06,0.6508230267644628,0.6508197831897092
2268,0.4056948262680107,0.40569597109912425,1.1448311135753286e-06,0.6508230245990074,0.6508197831933078
2269,0.40569482686662955,0.4056959710913648,1.1442247352388968e-06,0.6508230224335232,0.6508197831968767
2270,0.4056948274653268,0.40569597108368377,1.143618356957976e-06,0.6508230202680108,0.6508197832004172
2271,0.40569482806410184,0.40569597107608046,1.1430119786215442e-06,0.6508230181024701,0.6508197832039295
2272,0.40569482866295353,0.4056959710685542,1.1424056006736905e-06,0.6508230159369017,0.6508197832074148
2273,0.40569482926188144,0.4056959710611039,1.141799222448281e-06,0.6508230137713062,0.6508197832108729
2274,0.40569482986088445,0.40569597105372857,1.141192844111849e-06,0.6508230116056835,0.6508197832143021
2275,0.4056948304599619,0.4056959710464282,1.1405864662750176e-06,0.6508230094400334,0.6508197832177054
2276,0.4056948310591128,0.4056959710392014,1.1399800886047196e-06,0.6508230072743562,0.6508197832210816
2277,0.40569483165833686,0.40569597103204763,1.139373710767888e-06,0.6508230051086533,0.650819783224432
2278,0.4056948322576332,0.405695971024966,1.1387673328200343e-06,0.6508230029429245,0.6508197832277556
2279,0.4056948328570006,0.405695971017956,1.138160955427292e-06,0.6508230007771689,0.6508197832310546
2280,0.4056948334564387,0.4056959710110165,1.1375545778125051e-06,0.6508229986113889,0.6508197832343265
2281,0.40569483405594675,0.40569597100414717,1.1369482004197629e-06,0.6508229964455827,0.6508197832375735
2282,0.405694834655524,0.40569597099734694,1.1363418229715094e-06,0.6508229942797521,0.650819783240795
2283,0.4056948352551697,0.4056959709906154,1.1357354456897895e-06,0.6508229921138957,0.6508197832439928
2284,0.40569483585488314,0.40569597098395144,1.1351290682970472e-06,0.6508229899480156,0.6508197832471649
2285,0.40569483645466375,0.40569597097735466,1.134522690904305e-06,0.6508229877821115,0.6508197832503133
2286,0.40569483705451054,0.4056959709708244,1.1339163138446295e-06,0.6508229856161823,0.6508197832534376
2287,0.4056948376544231,0.4056959709643597,1.1333099366184207e-06,0.6508229834502297,0.6508197832565377
2288,0.4056948382544005,0.4056959709579603,1.13270355978079e-06,0.6508229812842539,0.6508197832596154
2289,0.4056948388544423,0.4056959709516249,1.1320971826100923e-06,0.6508229791182543,0.6508197832626683
2290,0.4056948394545475,0.4056959709453535,1.1314908059945061e-06,0.6508229769522318,0.6508197832656986
2291,0.40569484005471573,0.40569597093914506,1.1308844293234088e-06,0.6508229747861864,0.6508197832687064
2292,0.40569484065494643,0.4056959709329988,1.1302780523747558e-06,0.6508229726201185,0.6508197832716909
2293,0.40569484125523875,0.4056959709269144,1.1296716756481473e-06,0.6508229704540283,0.6508197832746534
2294,0.405694841855592,0.4056959709208911,1.1290652990880723e-06,0.6508229682879159,0.6508197832775935
2295,0.4056948424560057,0.40569597091492826,1.1284589225835084e-06,0.6508229661217807,0.6508197832805118
2296,0.4056948430564789,0.40569597090902515,1.127852546245478e-06,0.6508229639556249,0.6508197832834088
2297,0.40569484365701136,0.4056959709031812,1.1272461698519365e-06,0.6508229617894478,0.6508197832862839
2298,0.4056948442576024,0.40569597089739584,1.126639793458395e-06,0.6508229596232487,0.6508197832891383
2299,0.4056948448582513,0.4056959708916686,1.126033417286898e-06,0.650822957457029,0.650819783291971
2300,0.40569484545895756,0.4056959708859987,1.125427041115401e-06,0.6508229552907879,0.6508197832947833
2301,0.40569484605972045,0.40569597088038545,1.1248206649994152e-06,0.6508229531245271,0.6508197832975744
2302,0.4056948466605397,0.40569597087482845,1.1242142887724071e-06,0.6508229509582453,0.650819783300345
2303,0.4056948472614142,0.4056959708693269,1.1236079127119325e-06,0.6508229487919441,0.650819783303096
2304,0.4056948478623436,0.4056959708638804,1.1230015367624802e-06,0.6508229466256219,0.6508197833058271
2305,0.4056948484633274,0.4056959708584883,1.1223951609240501e-06,0.6508229444592802,0.6508197833085381
2306,0.4056948490643649,0.4056959708531502,1.1217887852521535e-06,0.6508229422929187,0.65081978331123
2307,0.4056948496654559,0.40569597084786535,1.1211824094692346e-06,0.6508229401265386,0.6508197833139021
2308,0.40569485026659946,0.40569597084263315,1.1205760336863158e-06,0.6508229379601383,0.6508197833165541
2309,0.4056948508677951,0.40569597083745323,1.1199696581254415e-06,0.6508229357937202,0.650819783319189
2310,0.40569485146904233,0.40569597083232495,1.1193632826200783e-06,0.6508229336272824,0.6508197833218033
2311,0.40569485207034073,0.4056959708272478,1.118756907059204e-06,0.6508229314608267,0.6508197833244002
2312,0.40569485267168964,0.40569597082222114,1.1181505314983298e-06,0.6508229292943521,0.6508197833269781
2313,0.4056948532730883,0.4056959708172447,1.1175441563815447e-06,0.6508229271278592,0.6508197833295385
2314,0.40569485387453674,0.4056959708123177,1.1169377809316927e-06,0.6508229249613487,0.6508197833320803
2315,0.40569485447603415,0.4056959708074398,1.1163314056483742e-06,0.6508229227948206,0.6508197833346041
2316,0.4056948550775799,0.40569597080261044,1.1157250305315891e-06,0.6508229206282743,0.6508197833371105
2317,0.40569485567917396,0.4056959707978291,1.1151186551372483e-06,0.650822918461711,0.6508197833395992
2318,0.4056948562808149,0.40569597079309533,1.1145122804090413e-06,0.6508229162951298,0.650819783342071
2319,0.4056948568825032,0.4056959707884084,1.113905905236745e-06,0.650822914128532,0.6508197833445253
2320,0.40569485748423767,0.405695970783768,1.1132995303420046e-06,0.6508229119619168,0.650819783346963
2321,0.4056948580860182,0.40569597077917374,1.1126931555582864e-06,0.6508229097952849,0.6508197833493837
2322,0.40569485868784416,0.40569597077462494,1.1120867807745682e-06,0.6508229076286369,0.6508197833517877
2323,0.40569485928971516,0.4056959707701213,1.1114804061573835e-06,0.6508229054619719,0.6508197833541756
2324,0.40569485989163095,0.40569597076566205,1.1108740310961096e-06,0.6508229032952912,0.6508197833565463
2325,0.40569486049359055,0.40569597076124725,1.1102676567009695e-06,0.6508229011285941,0.6508197833589016
2326,0.4056948610955939,0.40569597075687613,1.1096612822503182e-06,0.6508228989618804,0.6508197833612412
2327,0.4056948616976405,0.40569597075254804,1.1090549075221112e-06,0.6508228967951517,0.6508197833635648
2328,0.4056948622997297,0.40569597074826286,1.1084485331824823e-06,0.6508228946284077,0.6508197833658729
2329,0.40569486290186124,0.40569597074402,1.107842158731831e-06,0.6508228924616486,0.6508197833681656
2330,0.40569486350403455,0.4056959707398189,1.107235784336691e-06,0.650822890294873,0.6508197833704427
2331,0.4056948641062495,0.4056959707356595,1.106629409997062e-06,0.6508228881280829,0.6508197833727051
2332,0.40569486470850513,0.4056959707315409,1.1060230357684553e-06,0.6508228859612778,0.6508197833749523
2333,0.40569486531080134,0.4056959707274631,1.1054166617618932e-06,0.6508228837944577,0.6508197833771843
2334,0.4056948659131376,0.40569597072342534,1.1048102877553312e-06,0.6508228816276235,0.6508197833794022
2335,0.4056948665155135,0.4056959707194274,1.1042039139153026e-06,0.6508228794607738,0.6508197833816055
2336,0.4056948671179288,0.40569597071546887,1.103597540075274e-06,0.6508228772939104,0.6508197833837941
2337,0.40569486772038305,0.4056959707115493,1.1029911662352454e-06,0.6508228751270332,0.6508197833859688
2338,0.4056948683228758,0.4056959707076682,1.1023847923952168e-06,0.6508228729601415,0.6508197833881291
2339,0.4056948689254067,0.4056959707038252,1.101778418499677e-06,0.6508228707932359,0.6508197833902755
2340,0.40569486952797507,0.4056959707000199,1.101172044826182e-06,0.6508228686263164,0.6508197833924082
2341,0.40569487013058086,0.4056959706962519,1.1005656710416645e-06,0.6508228664593833,0.6508197833945273
2342,0.4056948707332233,0.405695970692521,1.0999592977012362e-06,0.6508228642924363,0.6508197833966332
2343,0.40569487133590243,0.40569597068882657,1.0993529241387634e-06,0.6508228621254769,0.6508197833987255
2344,0.4056948719386178,0.4056959706851684,1.0987465505762906e-06,0.650822859958504,0.6508197834008046
2345,0.40569487254136855,0.4056959706815459,1.0981401773468846e-06,0.6508228577915173,0.6508197834028703
2346,0.405694873144155,0.4056959706779589,1.097533803895434e-06,0.6508228556245186,0.6508197834049231
2347,0.40569487374697616,0.40569597067440694,1.0969274307770505e-06,0.6508228534575062,0.6508197834069631
2348,0.40569487434983237,0.40569597067088986,1.0963210574921334e-06,0.6508228512904821,0.6508197834089905
2349,0.40569487495272266,0.40569597066740687,1.0957146842072163e-06,0.6508228491234446,0.6508197834110052
2350,0.40569487555564676,0.40569597066395796,1.095108311199855e-06,0.6508228469563953,0.6508197834130075
2351,0.4056948761586045,0.4056959706605428,1.094501938303516e-06,0.6508228447893332,0.6508197834149979
2352,0.4056948767615955,0.40569597065716073,1.0938955652406435e-06,0.650822842622259,0.6508197834169758
2353,0.40569487736461923,0.4056959706538117,1.0932891924553267e-06,0.6508228404551725,0.6508197834189413
2354,0.4056948779676757,0.40569597065049534,1.0926828196144989e-06,0.6508228382880746,0.6508197834208959
2355,0.40569487857076425,0.4056959706472111,1.0920764468291821e-06,0.6508228361209648,0.6508197834228375
2356,0.40569487917388464,0.4056959706439587,1.0914700740438654e-06,0.6508228339538431,0.6508197834247678
2357,0.4056948797770367,0.40569597064073804,1.0908637013140599e-06,0.6508228317867102,0.6508197834266873
2358,0.40569488038021984,0.4056959706375485,1.0902573286397654e-06,0.6508228296195655,0.6508197834285945
2359,0.4056948809834338,0.40569597063438995,1.0896509561320045e-06,0.6508228274524099,0.6508197834304905
2360,0.4056948815866785,0.405695970631262,1.0890445835132212e-06,0.6508228252852428,0.6508197834323757
2361,0.40569488218995325,0.4056959706281643,1.0884382110609714e-06,0.6508228231180644,0.6508197834342486
2362,0.40569488279325777,0.4056959706250967,1.0878318389417885e-06,0.650822820950875,0.650819783436112
2363,0.4056948833965923,0.4056959706220587,1.0872254663785164e-06,0.6508228187836751,0.6508197834379641
2364,0.40569488399995607,0.40569597061904983,1.086619093759733e-06,0.6508228166164649,0.6508197834398048
2365,0.40569488460334857,0.40569597061607016,1.086012721585039e-06,0.6508228144492432,0.6508197834416354
2366,0.40569488520676983,0.4056959706131192,1.0854063493548338e-06,0.6508228122820111,0.6508197834434553
2367,0.40569488581021945,0.40569597061019674,1.084799977291162e-06,0.6508228101147684,0.6508197834452649
2368,0.4056948864136973,0.40569597060730245,1.0841936051719792e-06,0.650822807947516,0.650819783447064
2369,0.40569488701720297,0.40569597060443574,1.0835872327752405e-06,0.6508228057802532,0.6508197834488523
2370,0.4056948876207359,0.40569597060159684,1.0829808609336133e-06,0.65082280361298,0.6508197834506312
2371,0.40569488822429617,0.4056959705987852,1.082374489036475e-06,0.6508228014456967,0.6508197834524004
2372,0.40569488882788324,0.40569597059600054,1.0817681173058702e-06,0.6508227992784044,0.6508197834541591
2373,0.405694889431497,0.40569597059324247,1.081161745464243e-06,0.6508227971111017,0.6508197834559079
2374,0.4056948900351372,0.405695970590511,1.0805553737891493e-06,0.6508227949437891,0.6508197834576476
2375,0.4056948906388035,0.40569597058780554,1.0799490020585445e-06,0.6508227927764674,0.6508197834593776
2376,0.40569489124249547,0.40569597058512596,1.079342630494473e-06,0.6508227906091356,0.6508197834610974
2377,0.4056948918462134,0.40569597058247203,1.078736258652846e-06,0.6508227884417956,0.6508197834628084
2378,0.40569489244995627,0.4056959705798434,1.0781298871442857e-06,0.6508227862744449,0.6508197834645101
2379,0.40569489305372425,0.4056959705772399,1.0775235156357255e-06,0.6508227841070855,0.6508197834662017
2380,0.4056948936575171,0.4056959705746611,1.076917144016143e-06,0.650822781939717,0.650819783467885
2381,0.40569489426133437,0.40569597057210693,1.0763107725630938e-06,0.6508227797723398,0.6508197834695595
2382,0.40569489486517585,0.4056959705695772,1.0757044013320893e-06,0.6508227776049528,0.6508197834712247
2383,0.4056948954690414,0.4056959705670714,1.0750980299900625e-06,0.6508227754375577,0.6508197834728804
2384,0.40569489607293086,0.4056959705645895,1.0744916586480358e-06,0.6508227732701537,0.6508197834745283
2385,0.40569489667684344,0.4056959705621312,1.0738852877500982e-06,0.6508227711027407,0.6508197834761671
2386,0.4056948972807796,0.4056959705596961,1.0732789164635825e-06,0.65082276893532,0.6508197834777972
2387,0.40569489788473856,0.4056959705572841,1.072672545565645e-06,0.6508227667678899,0.6508197834794189
2388,0.4056948984887204,0.40569597055489504,1.0720661746121962e-06,0.6508227646004517,0.650819783481033
2389,0.4056948990927247,0.4056959705525281,1.0714598033811917e-06,0.6508227624330052,0.6508197834826374
2390,0.40569489969675143,0.4056959705501839,1.0708534324832542e-06,0.6508227602655504,0.6508197834842344
2391,0.40569490030080013,0.4056959705478618,1.0702470616408277e-06,0.6508227580980877,0.6508197834858231
2392,0.4056949009048706,0.4056959705455615,1.0696406909094236e-06,0.6508227559306168,0.6508197834874043
2393,0.40569490150896265,0.4056959705432828,1.0690343201780195e-06,0.6508227537631377,0.6508197834889768
2394,0.4056949021130762,0.4056959705410256,1.0684279493911042e-06,0.6508227515956513,0.6508197834905418
2395,0.40569490271721087,0.4056959705387896,1.0678215787152112e-06,0.6508227494281569,0.6508197834920983
2396,0.40569490332136643,0.4056959705365744,1.067215207983807e-06,0.6508227472606543,0.6508197834936476
2397,0.4056949039255427,0.40569597053438045,1.0666088377520033e-06,0.6508227450931445,0.6508197834951898
2398,0.4056949045297394,0.4056959705322067,1.066002467298155e-06,0.6508227429256273,0.6508197834967233
2399,0.40569490513395656,0.4056959705300534,1.0653960968443066e-06,0.6508227407581022,0.6508197834982495
2400,0.4056949057381936,0.4056959705279202,1.0647897266125028e-06,0.6508227385905696,0.6508197834997684
2401,0.4056949063424506,0.40569597052580686,1.0641833562696768e-06,0.6508227364230299,0.6508197835012803
2402,0.4056949069467273,0.4056959705237134,1.0635769861488953e-06,0.6508227342554831,0.6508197835027854
2403,0.4056949075510235,0.4056959705216392,1.062970615695047e-06,0.6508227320879294,0.6508197835042822
2404,0.40569490815533893,0.4056959705195844,1.0623642454632432e-06,0.6508227299203675,0.6508197835057724
2405,0.40569490875967346,0.4056959705175486,1.061757875120417e-06,0.6508227277527987,0.650819783507255
2406,0.40569490936402675,0.4056959705155318,1.0611515050551468e-06,0.6508227255852237,0.6508197835087308
2407,0.4056949099683985,0.40569597051353384,1.0605451353229434e-06,0.6508227234176416,0.6508197835102003
2408,0.40569491057278906,0.40569597051155426,1.059938765202162e-06,0.6508227212500528,0.6508197835116631
2409,0.4056949111771976,0.40569597050959305,1.0593323954699585e-06,0.6508227190824565,0.6508197835131184
2410,0.4056949117816244,0.4056959705076499,1.0587260254601993e-06,0.6508227169148546,0.6508197835145677
2411,0.4056949123860691,0.4056959705057245,1.058119655394929e-06,0.6508227147472456,0.6508197835160094
2412,0.40569491299053134,0.40569597050381706,1.0575132857182368e-06,0.6508227125796298,0.6508197835174454
2413,0.40569491359501125,0.40569597050192696,1.0569069157084776e-06,0.650822710412008,0.6508197835188742
2414,0.4056949141995084,0.4056959705000544,1.0563005459762742e-06,0.6508227082443785,0.6508197835202971
2415,0.40569491480402275,0.4056959704981991,1.055694176355093e-06,0.6508227060767439,0.6508197835217135
2416,0.40569491540855407,0.40569597049636086,1.0550878067894232e-06,0.6508227039091028,0.650819783523124
2417,0.4056949160131022,0.40569597049453926,1.0544814370572198e-06,0.6508227017414558,0.650819783524528
2418,0.4056949166176668,0.4056959704927346,1.0538750677691056e-06,0.6508226995738019,0.6508197835259257
2419,0.40569491722224793,0.4056959704909462,1.0532686982589468e-06,0.6508226974061425,0.6508197835273171
2420,0.40569491782684547,0.40569597048917416,1.0526623286932768e-06,0.6508226952384769,0.650819783528702
2421,0.405694918431459,0.40569597048741846,1.0520559594606738e-06,0.6508226930708052,0.6508197835300822
2422,0.4056949190360884,0.4056959704856785,1.0514495901170484e-06,0.6508226909031276,0.6508197835314556
2423,0.4056949196407335,0.4056959704839545,1.0508432209954677e-06,0.6508226887354442,0.6508197835328235
2424,0.40569492024539433,0.4056959704822462,1.050236851873887e-06,0.6508226865677552,0.6508197835341855
2425,0.40569492085007053,0.4056959704805533,1.0496304827523062e-06,0.6508226844000605,0.6508197835355418
2426,0.405694921454762,0.4056959704788757,1.0490241136862366e-06,0.6508226822323595,0.6508197835368923
2427,0.4056949220594687,0.4056959704772133,1.0484177445646559e-06,0.6508226800646535,0.6508197835382372
2428,0.40569492266419016,0.405695970475566,1.0478113758316532e-06,0.6508226778969417,0.6508197835395767
2429,0.4056949232689266,0.40569597047393335,1.0472050067655836e-06,0.6508226757292246,0.6508197835409104
2430,0.4056949238736776,0.4056959704723154,1.0465986378105363e-06,0.6508226735615023,0.6508197835422387
2431,0.40569492447844313,0.4056959704707121,1.0459922689665113e-06,0.6508226713937743,0.6508197835435616
2432,0.40569492508322275,0.40569597046912326,1.0453859005110644e-06,0.6508226692260404,0.6508197835448796
2433,0.4056949256880169,0.40569597046754846,1.044779531556017e-06,0.6508226670583017,0.650819783546192
2434,0.405694926292825,0.405695970465988,1.0441731629895479e-06,0.6508226648905582,0.6508197835474996
2435,0.40569492689764686,0.40569597046444117,1.0435667943120563e-06,0.6508226627228088,0.6508197835488011
2436,0.4056949275024826,0.40569597046290823,1.0429604256345648e-06,0.6508226605550553,0.6508197835500985
2437,0.405694928107332,0.4056959704613891,1.0423540571236067e-06,0.6508226583872962,0.6508197835513904
2438,0.4056949287121947,0.40569597045988354,1.0417476888346933e-06,0.6508226562195316,0.650819783552677
2439,0.40569492931707113,0.40569597045839123,1.0411413201016906e-06,0.6508226540517628,0.6508197835539586
2440,0.40569492992196016,0.40569597045691225,1.0405349520903329e-06,0.6508226518839884,0.6508197835552363
2441,0.4056949305268625,0.4056959704554461,1.0399285835793748e-06,0.6508226497162095,0.6508197835565082
2442,0.40569493113177785,0.4056959704539931,1.0393222152349502e-06,0.6508226475484258,0.6508197835577751
2443,0.40569493173670595,0.4056959704525529,1.0387158469460367e-06,0.6508226453806376,0.6508197835590378
2444,0.40569493234164666,0.40569597045112543,1.0381094787681455e-06,0.6508226432128444,0.6508197835602957
2445,0.4056949329466,0.4056959704497105,1.0375031105347432e-06,0.6508226410450466,0.6508197835615488
2446,0.4056949335515655,0.40569597044830796,1.0368967424678743e-06,0.650822638877244,0.6508197835627971
2447,0.4056949341565432,0.40569597044691774,1.036290374567539e-06,0.6508226367094367,0.650819783564041
2448,0.4056949347615331,0.4056959704455397,1.0356840065561812e-06,0.6508226345416259,0.6508197835652805
2449,0.4056949353665352,0.40569597044417366,1.0350776384338012e-06,0.6508226323738099,0.6508197835665157
2450,0.40569493597154915,0.4056959704428195,1.0344712703669323e-06,0.6508226302059895,0.6508197835677458
2451,0.4056949365765747,0.4056959704414771,1.0338649024110858e-06,0.650822628038165,0.6508197835689722
2452,0.4056949371816118,0.40569597044014655,1.033258534732795e-06,0.6508226258703355,0.6508197835701938
2453,0.40569493778666044,0.4056959704388273,1.0326521668879707e-06,0.6508226237025021,0.6508197835714113
2454,0.40569493839172055,0.4056959704375197,1.0320457991541687e-06,0.6508226215346645,0.6508197835726246
2455,0.405694938996792,0.40569597043622346,1.031439431475878e-06,0.6508226193668227,0.6508197835738343
2456,0.4056949396018743,0.4056959704349384,1.0308330640751429e-06,0.6508226171989766,0.6508197835750391
2457,0.4056949402069678,0.4056959704336641,1.030226696341341e-06,0.650822615031126,0.6508197835762393
2458,0.4056949408120721,0.405695970432401,1.0296203289406058e-06,0.6508226128632721,0.6508197835774364
2459,0.4056949414171872,0.40569597043114874,1.0290139615398708e-06,0.6508226106954136,0.6508197835786288
2460,0.4056949420223133,0.40569597042990735,1.0284075940281134e-06,0.6508226085275522,0.6508197835798177
2461,0.40569494262744965,0.4056959704286764,1.0278012267384007e-06,0.650822606359686,0.6508197835810025
2462,0.4056949432325966,0.405695970427456,1.0271948593931768e-06,0.6508226041918157,0.6508197835821827
2463,0.40569494383775384,0.40569597042624583,1.0265884919924417e-06,0.6508226020239414,0.6508197835833596
2464,0.4056949444429214,0.40569597042504624,1.0259821248137513e-06,0.6508225998560636,0.6508197835845329
2465,0.40569494504809905,0.40569597042385663,1.0253757575795497e-06,0.6508225976881825,0.6508197835857017
2466,0.40569494565328673,0.4056959704226773,1.0247693905673927e-06,0.6508225955202973,0.6508197835868675
2467,0.4056949462584844,0.40569597042150785,1.0241630234442134e-06,0.6508225933524086,0.6508197835880294
2468,0.4056949468636919,0.405695970420348,1.0235566560989895e-06,0.650822591184516,0.6508197835891867
2469,0.4056949474689089,0.40569597041919825,1.0229502893643883e-06,0.650822589016619,0.6508197835903415
2470,0.4056949480741358,0.4056959704180581,1.0223439222967201e-06,0.6508225868487196,0.6508197835914926
2471,0.4056949486793721,0.40569597041692756,1.0217375554510966e-06,0.6508225846808164,0.6508197835926399
2472,0.40569494928461786,0.40569597041580635,1.0211311884944507e-06,0.6508225825129096,0.6508197835937838
2473,0.4056949498898728,0.40569597041469463,1.0205248218153606e-06,0.6508225803449987,0.6508197835949238
2474,0.4056949504951371,0.4056959704135919,1.0199184548032036e-06,0.6508225781770849,0.6508197835960604
2475,0.4056949511004103,0.4056959704124986,1.019312088290647e-06,0.6508225760091677,0.6508197835971941
2476,0.4056949517056929,0.40569597041141436,1.0187057214450235e-06,0.650822573841247,0.6508197835983236
2477,0.4056949523109843,0.405695970410339,1.0180993547104222e-06,0.650822571673323,0.6508197835994503
2478,0.4056949529162846,0.4056959704092726,1.017492987975821e-06,0.650822569505396,0.6508197836005736
2479,0.4056949535215934,0.4056959704082148,1.0168866214077532e-06,0.6508225673374651,0.6508197836016936
2480,0.40569495412691103,0.40569597040716576,1.0162802547286631e-06,0.6508225651695312,0.6508197836028098
2481,0.4056949547322373,0.40569597040612554,1.0156738882161065e-06,0.6508225630015942,0.650819783603924
2482,0.40569495533757177,0.40569597040509386,1.015067522092128e-06,0.6508225608336538,0.6508197836050342
2483,0.4056949559429147,0.40569597040407046,1.0144611557461047e-06,0.6508225586657103,0.6508197836061416
2484,0.4056949565482661,0.40569597040305544,1.0138547893445704e-06,0.6508225564977639,0.6508197836072452
2485,0.4056949571536257,0.4056959704020487,1.0132484229985472e-06,0.6508225543298145,0.6508197836083462
2486,0.4056949577589933,0.4056959704010501,1.0126420568190575e-06,0.6508225521618616,0.6508197836094443
2487,0.4056949583643689,0.40569597040005956,1.0120356906395678e-06,0.6508225499939064,0.6508197836105392
2488,0.4056949589697527,0.40569597039907696,1.0114293242380334e-06,0.6508225478259477,0.6508197836116307
2489,0.40569495957514395,0.40569597039810257,1.0108229586136552e-06,0.6508225456579858,0.6508197836127202
2490,0.4056949601805433,0.4056959703971356,1.0102165923231432e-06,0.6508225434900216,0.650819783613806
2491,0.40569496078595024,0.4056959703961766,1.009610226365698e-06,0.6508225413220543,0.6508197836148892
2492,0.40569496139136474,0.4056959703952251,1.0090038603527418e-06,0.6508225391540838,0.6508197836159688
2493,0.4056949619967868,0.4056959703942813,1.008397494506319e-06,0.6508225369861109,0.6508197836170466
2494,0.40569496260221644,0.40569597039334515,1.0077911287154073e-06,0.6508225348181353,0.6508197836181211
2495,0.40569496320765325,0.40569597039241634,1.0071847630910291e-06,0.6508225326501562,0.6508197836191928
2496,0.4056949638130975,0.40569597039149485,1.0065783973556286e-06,0.6508225304821746,0.6508197836202623
2497,0.4056949644185492,0.4056959703905807,1.0059720315092058e-06,0.6508225283141909,0.6508197836213285
2498,0.4056949650240079,0.4056959703896737,1.0053656657738053e-06,0.6508225261462036,0.6508197836223922
2499,0.40569496562947377,0.4056959703887739,1.004759300149427e-06,0.6508225239782145,0.6508197836234528
2500,0.4056949662349465,0.40569597038788124,1.0041529347470934e-06,0.6508225218102222,0.6508197836245113
2501,0.4056949668404263,0.40569597038699545,1.0035465691782264e-06,0.6508225196422273,0.6508197836255667
2502,0.4056949674459128,0.4056959703861164,1.0029402035538482e-06,0.65082251747423,0.6508197836266196
2503,0.40569496805140626,0.4056959703852442,1.00233383792947e-06,0.6508225153062304,0.65081978362767
2504,0.40569496865690635,0.4056959703843788,1.0017274724716252e-06,0.6508225131382277,0.6508197836287177
2505,0.4056949692624132,0.40569597038352034,1.0011211071248027e-06,0.6508225109702233,0.650819783629764
2506,0.4056949698679265,0.4056959703826682,1.000514741666958e-06,0.6508225088022159,0.650819783630807
2507,0.4056949704734463,0.40569597038182265,9.999083763201355e-07,0.6508225066342059,0.6508197836318472
2508,0.40569497107897273,0.40569597038098365,9.99302010917802e-07,0.6508225044661933,0.6508197836328848
2509,0.4056949716845052,0.40569597038015115,9.986956459595575e-07,0.6508225022981786,0.6508197836339207
2510,0.40569497229004425,0.40569597037932503,9.980892807792685e-07,0.650822500130162,0.6508197836349543
2511,0.4056949728955894,0.4056959703785049,9.974829154879572e-07,0.6508224979621426,0.6508197836359846
2512,0.40569497350114075,0.40569597037769145,9.968765506962463e-07,0.6508224957941211,0.650819783637014
2513,0.4056949741066982,0.40569597037688376,9.962701855714684e-07,0.6508224936260971,0.6508197836380394
2514,0.4056949747122617,0.40569597037608246,9.956638207797575e-07,0.6508224914580709,0.6508197836390637
2515,0.4056949753178312,0.4056959703752871,9.950574558770242e-07,0.6508224892900425,0.6508197836400855
2516,0.4056949759234067,0.40569597037449756,9.944510908632687e-07,0.6508224871220119,0.6508197836411052
2517,0.40569497652898784,0.40569597037371413,9.938447262936023e-07,0.6508224849539784,0.650819783642122
2518,0.4056949771345749,0.4056959703729366,9.932383616684248e-07,0.6508224827859429,0.6508197836431373
2519,0.4056949777401678,0.4056959703721644,9.926319966546693e-07,0.6508224806179059,0.6508197836441499
2520,0.4056949783457661,0.4056959703713982,9.92025632085003e-07,0.6508224784498662,0.6508197836451606
2521,0.40569497895137036,0.4056959703706377,9.914192673488031e-07,0.6508224762818247,0.6508197836461693
2522,0.40569497955698003,0.40569597036988275,9.908129027236257e-07,0.6508224741137812,0.6508197836471755
2523,0.4056949801625953,0.40569597036913335,9.90206538042937e-07,0.6508224719457358,0.6508197836481802
2524,0.40569498076821575,0.4056959703683895,9.896001737508264e-07,0.6508224697776874,0.6508197836491825
2525,0.4056949813738417,0.4056959703676509,9.889938092366712e-07,0.6508224676096375,0.6508197836501826
2526,0.40569498197947307,0.40569597036691774,9.88387444667005e-07,0.6508224654415856,0.6508197836511806
2527,0.4056949825851095,0.40569597036619004,9.877810805414278e-07,0.6508224632735313,0.6508197836521773
2528,0.40569498319075137,0.40569597036546734,9.871747159717614e-07,0.6508224611054764,0.6508197836531715
2529,0.4056949837963984,0.40569597036475,9.865683516241397e-07,0.6508224589374182,0.6508197836541638
2530,0.4056949844020503,0.4056959703640379,9.859619875540737e-07,0.6508224567693586,0.6508197836551546
2531,0.4056949850077076,0.40569597036333077,9.853556231509408e-07,0.6508224546012968,0.6508197836561425
2532,0.40569498561336964,0.40569597036262856,9.847492589143414e-07,0.6508224524332332,0.6508197836571283
2533,0.40569498621903666,0.4056959703619316,9.841428949552977e-07,0.6508224502651682,0.6508197836581135
2534,0.40569498682470856,0.40569597036123956,9.83536530996254e-07,0.6508224480971007,0.6508197836590963
2535,0.40569498743038546,0.40569597036055227,9.829301668151658e-07,0.6508224459290315,0.6508197836600778
2536,0.405694988036067,0.4056959703598698,9.82323802800611e-07,0.6508224437609602,0.6508197836610561
2537,0.40569498864175335,0.40569597035919214,9.817174387860561e-07,0.650822441592888,0.6508197836620337
2538,0.40569498924744424,0.4056959703585193,9.81111075049057e-07,0.6508224394248134,0.6508197836630091
2539,0.40569498985313984,0.40569597035785127,9.805047114230803e-07,0.6508224372567366,0.650819783663983
2540,0.4056949904588401,0.4056959703571877,9.798983475750589e-07,0.6508224350886591,0.6508197836649551
2541,0.405694991064545,0.40569597035652866,9.792919836715264e-07,0.6508224329205798,0.6508197836659251
2542,0.405694991670254,0.4056959703558743,9.786856202675942e-07,0.6508224307524985,0.6508197836668937
2543,0.40569499227596756,0.4056959703552243,9.780792567526397e-07,0.6508224285844144,0.6508197836678609
2544,0.4056949928816858,0.4056959703545789,9.774728930711518e-07,0.65082242641633,0.6508197836688259
2545,0.4056949934874082,0.40569597035393773,9.768665295561973e-07,0.6508224242482434,0.6508197836697898
2546,0.4056949940931351,0.40569597035330096,9.762601658747094e-07,0.650822422080156,0.650819783670751
2547,0.4056949946988661,0.40569597035266863,9.756538025262884e-07,0.650822419912066,0.6508197836717118
2548,0.40569499530460135,0.4056959703520405,9.750474391778674e-07,0.6508224177439748,0.6508197836726703
2549,0.40569499591034075,0.40569597035141663,9.744410758849575e-07,0.6508224155758815,0.6508197836736276
2550,0.40569499651608437,0.40569597035079685,9.738347124810254e-07,0.6508224134077876,0.650819783674583
2551,0.4056949971218319,0.40569597035018123,9.73228349354649e-07,0.6508224112396914,0.6508197836755363
2552,0.40569499772758366,0.40569597034956967,9.72621986006228e-07,0.6508224090715942,0.6508197836764888
2553,0.4056949983333394,0.40569597034896215,9.720156227688292e-07,0.6508224069034949,0.6508197836774394
2554,0.4056949989390992,0.40569597034835864,9.714092594204082e-07,0.6508224047353948,0.6508197836783889
2555,0.40569499954486266,0.40569597034775917,9.708028965160764e-07,0.6508224025672924,0.650819783679337
2556,0.40569500015063004,0.40569597034716354,9.701965335007223e-07,0.6508224003991883,0.6508197836802835
2557,0.40569500075640136,0.4056959703465717,9.695901703188348e-07,0.6508223982310837,0.6508197836812277
2558,0.40569500136217657,0.4056959703459837,9.689838071369472e-07,0.650822396062978,0.6508197836821712
2559,0.40569500196795555,0.40569597034539956,9.683774440105708e-07,0.6508223938948697,0.6508197836831129
2560,0.405695002573738,0.4056959703448194,9.67771081439306e-07,0.6508223917267599,0.6508197836840544
2561,0.4056950031795244,0.40569597034424276,9.671647183684406e-07,0.6508223895586498,0.6508197836849932
2562,0.40569500378531415,0.4056959703436697,9.665583555751311e-07,0.6508223873905374,0.6508197836859311
2563,0.4056950043911076,0.40569597034310045,9.659519928373328e-07,0.650822385222424,0.6508197836868672
2564,0.40569500499690475,0.4056959703425347,9.65345629933001e-07,0.6508223830543092,0.650819783687802
2565,0.40569500560270527,0.4056959703419727,9.647392674172472e-07,0.650822380886193,0.6508197836887359
2566,0.4056950062085093,0.40569597034141397,9.64132904679449e-07,0.650822378718076,0.6508197836896683
2567,0.4056950068143167,0.40569597034085875,9.635265420526729e-07,0.6508223765499571,0.6508197836905996
2568,0.40569500742012765,0.40569597034030686,9.629201792038522e-07,0.6508223743818373,0.6508197836915284
2569,0.4056950080259419,0.4056959703397585,9.623138166325873e-07,0.6508223722137159,0.650819783692457
2570,0.4056950086317594,0.4056959703392137,9.61707454283367e-07,0.6508223700455932,0.6508197836933841
2571,0.4056950092375803,0.4056959703386721,9.611010918231244e-07,0.6508223678774689,0.6508197836943098
2572,0.4056950098434046,0.4056959703381341,9.604947294739041e-07,0.6508223657093445,0.6508197836952345
2573,0.4056950104492319,0.40569597033759897,9.598883670691727e-07,0.650822363541218,0.6508197836961573
2574,0.40569501105506245,0.40569597033706734,9.592820048864859e-07,0.6508223613730901,0.6508197836970802
2575,0.4056950116608962,0.4056959703365389,9.58675642703799e-07,0.6508223592049609,0.6508197836980009
2576,0.40569501226673316,0.40569597033601357,9.580692804100899e-07,0.6508223570368311,0.6508197836989205
2577,0.4056950128725732,0.40569597033549154,9.574629183384253e-07,0.6508223548686997,0.650819783699839
2578,0.40569501347841647,0.40569597033497234,9.568565558781827e-07,0.6508223527005672,0.6508197837007561
2579,0.4056950140842627,0.4056959703344564,9.56250193751007e-07,0.6508223505324342,0.6508197837016721
2580,0.4056950146901118,0.4056959703339435,9.556438316793425e-07,0.6508223483642996,0.6508197837025873
2581,0.40569501529596397,0.4056959703334336,9.55037469607678e-07,0.6508223461961644,0.6508197837035008
2582,0.40569501590181895,0.40569597033292687,9.544311079245915e-07,0.6508223440280267,0.6508197837044141
2583,0.40569501650767703,0.4056959703324228,9.538247457419047e-07,0.6508223418598891,0.650819783705325
2584,0.4056950171135378,0.40569597033192184,9.532183840588182e-07,0.6508223396917493,0.6508197837062355
2585,0.40569501771940164,0.4056959703314236,9.526120219871537e-07,0.6508223375236091,0.6508197837071443
2586,0.4056950183252682,0.40569597033092847,9.52005660248556e-07,0.6508223353554676,0.6508197837080529
2587,0.40569501893113763,0.405695970330436,9.51399298343425e-07,0.6508223331873257,0.65081978370896
2588,0.4056950195370096,0.4056959703299464,9.507929368268719e-07,0.650822331019182,0.6508197837098664
2589,0.4056950201428845,0.40569597032945953,9.501865750327632e-07,0.650822328851038,0.6508197837107711
2590,0.4056950207487619,0.4056959703289755,9.495802135717213e-07,0.6508223266828923,0.6508197837116754
2591,0.40569502135464197,0.40569597032849397,9.489738519996571e-07,0.6508223245147452,0.6508197837125779
2592,0.4056950219605249,0.40569597032801535,9.483674904275929e-07,0.6508223223465983,0.6508197837134801
2593,0.4056950225664103,0.40569597032753935,9.477611290220622e-07,0.6508223201784489,0.6508197837143811
2594,0.40569502317229833,0.4056959703270657,9.471547673944869e-07,0.650822318010299,0.6508197837152803
2595,0.40569502377818906,0.40569597032659493,9.465484058779339e-07,0.6508223158421493,0.6508197837161798
2596,0.4056950243840821,0.4056959703261268,9.459420446944478e-07,0.6508223136739972,0.6508197837170778
2597,0.4056950249899778,0.40569597032566096,9.453356831778947e-07,0.6508223115058455,0.6508197837179744
2598,0.40569502559587595,0.40569597032519766,9.447293217168529e-07,0.6508223093376913,0.6508197837188705
2599,0.4056950262017765,0.405695970324737,9.441229604778556e-07,0.6508223071695369,0.6508197837197651
2600,0.4056950268076796,0.4056959703242788,9.435165991833472e-07,0.6508223050013822,0.6508197837206596
2601,0.4056950274135848,0.40569597032382304,9.429102382219057e-07,0.6508223028332256,0.6508197837215532
2602,0.4056950280194926,0.4056959703233696,9.423038770384196e-07,0.6508223006650684,0.6508197837224452
2603,0.4056950286254028,0.4056959703229186,9.416975157994223e-07,0.6508222984969108,0.6508197837233365
2604,0.405695029231315,0.4056959703224699,9.410911548934919e-07,0.6508222963287515,0.6508197837242269
2605,0.4056950298372298,0.40569597032202365,9.404847938210281e-07,0.6508222941605919,0.6508197837251163
2606,0.40569503044314675,0.4056959703215797,9.398784329706089e-07,0.6508222919924309,0.650819783726005
2607,0.4056950310490659,0.40569597032113797,9.392720720646786e-07,0.6508222898242694,0.6508197837268928
2608,0.4056950316549875,0.40569597032069854,9.386657110477259e-07,0.6508222876561073,0.6508197837277798
2609,0.4056950322609113,0.4056959703202614,9.380593500862844e-07,0.650822285487944,0.6508197837286658
2610,0.4056950328668372,0.4056959703198266,9.374529894023986e-07,0.6508222833197793,0.6508197837295511
2611,0.40569503347276525,0.40569597031939386,9.368466286074906e-07,0.6508222811516146,0.6508197837304353
2612,0.40569503407869534,0.40569597031896354,9.362402682011606e-07,0.6508222789834486,0.6508197837313189
2613,0.40569503468462753,0.405695970318535,9.356339074617637e-07,0.6508222768152818,0.6508197837322015
2614,0.40569503529056195,0.4056959703181087,9.350275467778779e-07,0.6508222746471146,0.6508197837330834
2615,0.4056950358964984,0.40569597031768456,9.344211861495033e-07,0.6508222724789468,0.6508197837339642
2616,0.4056950365024367,0.4056959703172625,9.338148257986845e-07,0.6508222703107776,0.6508197837348448
2617,0.40569503710837707,0.40569597031684246,9.332084653923545e-07,0.6508222681426076,0.6508197837357241
2618,0.4056950377143196,0.4056959703164245,9.326021049305133e-07,0.6508222659744376,0.650819783736603
2619,0.40569503832026393,0.40569597031600857,9.319957446352056e-07,0.6508222638062656,0.6508197837374803
2620,0.4056950389262104,0.4056959703155949,9.313893845064314e-07,0.6508222616380939,0.6508197837383582
2621,0.4056950395321587,0.40569597031518295,9.307830242666348e-07,0.6508222594699207,0.6508197837392347
2622,0.40569504013810914,0.40569597031477284,9.301766636937714e-07,0.6508222573017477,0.6508197837401097
2623,0.40569504074406115,0.40569597031436505,9.295703038980641e-07,0.6508222551335732,0.6508197837409854
2624,0.40569504135001516,0.4056959703139589,9.289639437137787e-07,0.6508222529653978,0.6508197837418588
2625,0.4056950419559712,0.40569597031355464,9.28357583418471e-07,0.6508222507972226,0.6508197837427327
2626,0.4056950425619288,0.4056959703131524,9.277512236227636e-07,0.6508222486290458,0.6508197837436053
2627,0.40569504316788835,0.40569597031275184,9.271448634939894e-07,0.6508222464608687,0.6508197837444774
2628,0.40569504377384974,0.40569597031235327,9.265385035317486e-07,0.6508222442926905,0.650819783745349
2629,0.4056950443798128,0.4056959703119565,9.259321436805301e-07,0.6508222421245125,0.6508197837462191
2630,0.4056950449857778,0.40569597031156146,9.253257836627782e-07,0.650822239956333,0.650819783747089
2631,0.40569504559174435,0.40569597031116833,9.247194239780931e-07,0.650822237788153,0.6508197837479586
2632,0.4056950461977127,0.40569597031077664,9.241130639603412e-07,0.6508222356199731,0.6508197837488265
2633,0.40569504680368274,0.40569597031038707,9.235067043311673e-07,0.6508222334517912,0.6508197837496952
2634,0.4056950474096544,0.405695970309999,9.229003445909711e-07,0.6508222312836088,0.6508197837505616
2635,0.40569504801562795,0.4056959703096127,9.222939847397527e-07,0.650822229115427,0.650819783751428
2636,0.405695048621603,0.40569597030922816,9.216876251660899e-07,0.650822226947244,0.650819783752294
2637,0.40569504922757976,0.4056959703088454,9.210812656479384e-07,0.65082222477906,0.6508197837531596
2638,0.4056950498335579,0.4056959703084641,9.204749061852979e-07,0.6508222226108751,0.6508197837540238
2639,0.40569505043953785,0.4056959703080846,9.198685467226575e-07,0.6508222204426906,0.6508197837548879
2640,0.40569505104551945,0.40569597030770665,9.192621872045059e-07,0.6508222182745048,0.6508197837557514
2641,0.40569505165150244,0.4056959703073302,9.186558277418655e-07,0.6508222161063183,0.6508197837566143
2642,0.4056950522574871,0.40569597030695553,9.180494684457585e-07,0.650822213938132,0.6508197837574765
2643,0.4056950528634733,0.4056959703065822,9.174431089276069e-07,0.650822211769944,0.6508197837583377
2644,0.40569505346946094,0.40569597030621046,9.168367495204777e-07,0.6508222096017564,0.6508197837591985
2645,0.4056950540754499,0.40569597030584026,9.16230390335393e-07,0.6508222074335674,0.6508197837600589
2646,0.40569505468144057,0.4056959703054716,9.15624031039286e-07,0.6508222052653785,0.6508197837609185
2647,0.4056950552874327,0.4056959703051047,9.150176719652237e-07,0.6508222030971891,0.6508197837617778
2648,0.40569505589342625,0.40569597030473903,9.14411312780139e-07,0.6508222009289985,0.6508197837626364
2649,0.40569505649942106,0.40569597030437493,9.138049538726101e-07,0.650822198760807,0.6508197837634946
2650,0.4056950571054174,0.40569597030401233,9.1319859490957e-07,0.6508221965926161,0.6508197837643521
2651,0.40569505771141506,0.40569597030365095,9.125922358910188e-07,0.6508221944244237,0.6508197837652089
2652,0.4056950583174143,0.40569597030329124,9.119858769279787e-07,0.6508221922562316,0.6508197837660651
2653,0.4056950589234148,0.4056959703029328,9.113795180204498e-07,0.6508221900880384,0.6508197837669212
2654,0.40569505952941665,0.4056959703025758,9.10773159168432e-07,0.6508221879198446,0.6508197837677763
2655,0.4056950601354199,0.4056959703022201,9.10166800205392e-07,0.650822185751651,0.6508197837686309
2656,0.40569506074142436,0.405695970301866,9.0956044163093e-07,0.6508221835834558,0.6508197837694853
2657,0.4056950613474303,0.4056959703015131,9.089540828344234e-07,0.6508221814152608,0.6508197837703387
2658,0.40569506195343735,0.4056959703011616,9.083477242599614e-07,0.6508221792470654,0.6508197837711923
2659,0.4056950625594458,0.4056959703008112,9.077413654079436e-07,0.6508221770788685,0.6508197837720447
2660,0.4056950631654555,0.40569597030046234,9.071350068334816e-07,0.6508221749106723,0.650819783772897
2661,0.40569506377146647,0.4056959703001149,9.06528648425553e-07,0.6508221727424752,0.650819783773749
2662,0.4056950643774787,0.4056959702997688,9.059222900731356e-07,0.6508221705742776,0.6508197837746001
2663,0.4056950649834924,0.4056959702994236,9.053159312211179e-07,0.6508221684060798,0.6508197837754501
2664,0.4056950655895072,0.40569597029908017,9.047095729797228e-07,0.650822166237881,0.6508197837763009
2665,0.405695066195523,0.4056959702987377,9.041032147383277e-07,0.6508221640696816,0.6508197837771508
2666,0.40569506680154016,0.40569597029839644,9.03496856274888e-07,0.6508221619014827,0.650819783778
2667,0.40569506740755856,0.4056959702980563,9.028904977559371e-07,0.6508221597332822,0.6508197837788487
2668,0.40569506801357774,0.40569597029771753,9.022841397920978e-07,0.6508221575650813,0.6508197837796972
2669,0.4056950686195984,0.40569597029737975,9.016777813286581e-07,0.6508221553968807,0.6508197837805446
2670,0.4056950692256203,0.40569597029704335,9.010714230317518e-07,0.6508221532286796,0.650819783781392
2671,0.4056950698316431,0.405695970296708,9.00465064901379e-07,0.6508221510604771,0.6508197837822391
2672,0.4056950704376672,0.405695970296374,8.998587067710062e-07,0.6508221488922754,0.6508197837830851
2673,0.40569507104369223,0.40569597029604115,8.992523489181892e-07,0.6508221467240721,0.6508197837839313
2674,0.40569507164971863,0.4056959702957092,8.986459905657718e-07,0.6508221445558693,0.650819783784777
2675,0.4056950722557458,0.40569597029537835,8.980396325464213e-07,0.6508221423876654,0.6508197837856222
2676,0.40569507286177414,0.40569597029504884,8.974332746936042e-07,0.6508221402194616,0.6508197837864664
2677,0.40569507346780326,0.4056959702947202,8.968269169518095e-07,0.650822138051257,0.6508197837873106
2678,0.40569507407383376,0.4056959702943928,8.962205590434813e-07,0.6508221358830522,0.6508197837881546
2679,0.40569507467986543,0.40569597029406623,8.956142008020862e-07,0.6508221337148472,0.6508197837889977
2680,0.40569507528589793,0.4056959702937411,8.950078431713138e-07,0.6508221315466415,0.6508197837898413
2681,0.4056950758919313,0.40569597029341686,8.944014855405413e-07,0.6508221293784353,0.650819783790684
2682,0.4056950764979658,0.40569597029309384,8.937951280207912e-07,0.6508221272102294,0.650819783791526
2683,0.40569507710400143,0.4056959702927716,8.931887701679742e-07,0.6508221250420225,0.6508197837923679
2684,0.4056950777100379,0.40569597029245047,8.925824125927129e-07,0.6508221228738154,0.6508197837932095
2685,0.4056950783160752,0.40569597029213017,8.919760549619404e-07,0.6508221207056073,0.6508197837940497
2686,0.40569507892211365,0.4056959702918113,8.913696976642349e-07,0.6508221185373995,0.6508197837948911
2687,0.40569507952815304,0.4056959702914931,8.907633400889736e-07,0.6508221163691916,0.6508197837957315
2688,0.40569508013419325,0.405695970291176,8.901569827357569e-07,0.6508221142009827,0.650819783796571
2689,0.4056950807402345,0.4056959702908599,8.895506253825403e-07,0.6508221120327737,0.650819783797411
2690,0.40569508134627663,0.4056959702905446,8.889442679738124e-07,0.6508221098645643,0.6508197837982498
2691,0.40569508195231974,0.40569597029023036,8.883379106205957e-07,0.6508221076963543,0.6508197837990887
2692,0.40569508255836373,0.405695970289917,8.877315532673791e-07,0.6508221055281441,0.6508197837999274
2693,0.4056950831644086,0.4056959702896044,8.871251958031401e-07,0.6508221033599342,0.6508197838007648
2694,0.4056950837704543,0.40569597028929294,8.865188386164569e-07,0.650822101191723,0.6508197838016028
2695,0.4056950843765008,0.40569597028898224,8.859124814297736e-07,0.6508220990235118,0.6508197838024397
2696,0.4056950849825482,0.40569597028867255,8.853061243541127e-07,0.6508220968553005,0.6508197838032771
2697,0.4056950855885964,0.40569597028836385,8.846997674449852e-07,0.6508220946870885,0.6508197838041138
2698,0.4056950861946456,0.4056959702880558,8.840934102027909e-07,0.6508220925188763,0.6508197838049502
2699,0.4056950868006956,0.40569597028774884,8.834870532381522e-07,0.6508220903506644,0.6508197838057865
2700,0.40569508740674626,0.40569597028744253,8.828806962735136e-07,0.6508220881824511,0.6508197838066218
2701,0.40569508801279797,0.40569597028713733,8.822743393643862e-07,0.6508220860142382,0.6508197838074572
2702,0.40569508861885034,0.40569597028683274,8.816679823997475e-07,0.6508220838460244,0.6508197838082916
2703,0.40569508922490344,0.4056959702865292,8.810616257681758e-07,0.650822081677811,0.6508197838091265
2704,0.4056950898309572,0.4056959702862263,8.80455269081093e-07,0.6508220795095964,0.6508197838099608
2705,0.40569509043701196,0.40569597028592447,8.798489125050324e-07,0.6508220773413823,0.6508197838107952
2706,0.4056950910430675,0.40569597028562326,8.792425557624384e-07,0.6508220751731673,0.6508197838116287
2707,0.4056950916491238,0.40569597028532284,8.786361990198444e-07,0.6508220730049525,0.6508197838124619
2708,0.40569509225518074,0.40569597028502336,8.780298426103172e-07,0.6508220708367369,0.6508197838132953
2709,0.4056950928612386,0.4056959702847246,8.774234859787455e-07,0.6508220686685214,0.6508197838141275
2710,0.4056950934672971,0.4056959702844266,8.768171295137073e-07,0.6508220665003054,0.6508197838149601
2711,0.40569509407335635,0.40569597028412946,8.762107731041802e-07,0.6508220643320897,0.6508197838157921
2712,0.4056950946794163,0.40569597028383314,8.756044168611865e-07,0.6508220621638732,0.6508197838166248
2713,0.40569509528547687,0.4056959702835374,8.749980605071705e-07,0.6508220599956558,0.6508197838174559
2714,0.40569509589153835,0.40569597028324234,8.743917039866211e-07,0.6508220578274387,0.650819783818287
2715,0.4056950964976003,0.40569597028294824,8.737853479101609e-07,0.6508220556592212,0.6508197838191182
2716,0.4056950971036631,0.40569597028265486,8.731789917781896e-07,0.6508220534910039,0.650819783819949
2717,0.40569509770972634,0.405695970282362,8.725726356462182e-07,0.6508220513227861,0.6508197838207785
2718,0.4056950983157904,0.40569597028207,8.71966279569758e-07,0.6508220491545679,0.6508197838216091
2719,0.4056950989218552,0.4056959702817787,8.713599234932978e-07,0.650822046986349,0.6508197838224393
2720,0.4056950995279208,0.4056959702814882,8.707535673613265e-07,0.650822044818131,0.650819783823269
2721,0.40569510013398696,0.4056959702811983,8.701472113403774e-07,0.6508220426499124,0.6508197838240981
2722,0.40569510074005344,0.405695970280909,8.69540855541473e-07,0.6508220404816927,0.6508197838249272
2723,0.4056951013461208,0.4056959702806201,8.689344992984793e-07,0.6508220383134731,0.6508197838257552
2724,0.4056951019521888,0.4056959702803321,8.683281433330414e-07,0.6508220361452537,0.6508197838265839
2725,0.40569510255825736,0.405695970280045,8.677217876451593e-07,0.6508220339770336,0.6508197838274126
2726,0.40569510316432644,0.4056959702797583,8.671154318462548e-07,0.650822031808813,0.6508197838282404
2727,0.40569510377039625,0.40569597027947235,8.665090761028615e-07,0.6508220296405927,0.6508197838290684
2728,0.4056951043764668,0.4056959702791869,8.659027201374236e-07,0.650822027472372,0.6508197838298957
2729,0.40569510498253775,0.40569597027890214,8.652963643940303e-07,0.650822025304151,0.650819783830723
2730,0.40569510558860916,0.4056959702786182,8.646900090392151e-07,0.6508220231359301,0.6508197838315501
2731,0.40569510619468147,0.4056959702783347,8.640836532403107e-07,0.6508220209677091,0.6508197838323766
2732,0.4056951068007543,0.40569597027805193,8.634772976079397e-07,0.6508220187994871,0.6508197838332036
2733,0.40569510740682746,0.4056959702777699,8.628709424196579e-07,0.6508220166312656,0.6508197838340297
2734,0.4056951080129013,0.40569597027748827,8.622645869538204e-07,0.6508220144630431,0.6508197838348556
2735,0.4056951086189758,0.40569597027720733,8.61658231543494e-07,0.6508220122948207,0.6508197838356813
2736,0.4056951092250508,0.40569597027692683,8.610518760221453e-07,0.6508220101265982,0.6508197838365071
2737,0.40569510983112644,0.40569597027664717,8.604455207228412e-07,0.6508220079583757,0.6508197838373326
2738,0.4056951104372024,0.40569597027636795,8.598391655345594e-07,0.650822005790152,0.6508197838381575
2739,0.4056951110432793,0.4056959702760893,8.592328099576996e-07,0.6508220036219297,0.6508197838389824
2740,0.40569511164935634,0.4056959702758112,8.586264548804401e-07,0.6508220014537063,0.6508197838398071
2741,0.40569511225543403,0.4056959702755338,8.580200997476695e-07,0.6508219992854822,0.6508197838406319
2742,0.4056951128615123,0.4056959702752568,8.574137445038765e-07,0.6508219971172589,0.6508197838414559
2743,0.40569511346759096,0.4056959702749804,8.56807389426617e-07,0.6508219949490348,0.65081978384228
2744,0.40569511407367015,0.40569597027470444,8.562010342938464e-07,0.6508219927808103,0.6508197838431033
2745,0.4056951146797499,0.4056959702744292,8.555946793276092e-07,0.6508219906125856,0.6508197838439278
2746,0.40569511528583024,0.40569597027415427,8.549883240283052e-07,0.6508219884443613,0.6508197838447507
2747,0.40569511589191093,0.40569597027387994,8.543819690065568e-07,0.6508219862761363,0.6508197838455739
2748,0.40569511649799206,0.40569597027360627,8.537756142068531e-07,0.6508219841079115,0.6508197838463967
2749,0.40569511710407363,0.4056959702733329,8.531692592406159e-07,0.6508219819396859,0.6508197838472196
2750,0.40569511771015576,0.4056959702730601,8.525629043298899e-07,0.6508219797714604,0.6508197838480421
2751,0.40569511831623833,0.4056959702727879,8.519565495856973e-07,0.6508219776032351,0.6508197838488646
2752,0.4056951189223212,0.4056959702725163,8.513501951190605e-07,0.6508219754350093,0.6508197838496875
2753,0.4056951195284047,0.4056959702722448,8.507438400973122e-07,0.6508219732667835,0.6508197838505082
2754,0.4056951201344886,0.40569597027197435,8.501374857416977e-07,0.6508219710985572,0.6508197838513311
2755,0.40569512074057307,0.40569597027170395,8.495311308864828e-07,0.650821968930331,0.6508197838521522
2756,0.4056951213466576,0.4056959702714343,8.489247766974017e-07,0.6508219667621038,0.6508197838529738
2757,0.4056951219527427,0.40569597027116483,8.483184221197426e-07,0.6508219645938771,0.6508197838537949
2758,0.40569512255882845,0.405695970270896,8.477120675420835e-07,0.6508219624256504,0.6508197838546164
2759,0.40569512316491463,0.4056959702706276,8.471057129644244e-07,0.6508219602574234,0.6508197838554368
2760,0.4056951237710012,0.4056959702703597,8.464993584977876e-07,0.6508219580891965,0.6508197838562577
2761,0.40569512437708793,0.40569597027009213,8.458930041976842e-07,0.6508219559209688,0.6508197838570777
2762,0.4056951249831752,0.4056959702698252,8.45286649953092e-07,0.6508219537527415,0.6508197838578984
2763,0.40569512558926285,0.40569597026955845,8.446802955974775e-07,0.6508219515845137,0.6508197838587184
2764,0.405695126195351,0.4056959702692923,8.440739413528853e-07,0.6508219494162855,0.6508197838595384
2765,0.4056951268014396,0.4056959702690268,8.434675872193154e-07,0.6508219472480576,0.6508197838603583
2766,0.4056951274075285,0.40569597026876153,8.428612330302343e-07,0.6508219450798298,0.6508197838611778
2767,0.40569512801361773,0.40569597026849663,8.422548788966644e-07,0.6508219429116011,0.6508197838619972
2768,0.40569512861970736,0.4056959702682322,8.416485248186056e-07,0.6508219407433726,0.6508197838628161
2769,0.4056951292257974,0.4056959702679682,8.41042170796058e-07,0.6508219385751435,0.6508197838636355
2770,0.40569512983188794,0.40569597026770476,8.404358168290216e-07,0.6508219364069155,0.6508197838644549
2771,0.4056951304379788,0.40569597026744164,8.398294628619851e-07,0.6508219342386862,0.6508197838652735
2772,0.40569513104407,0.40569597026717896,8.392231089504598e-07,0.6508219320704572,0.6508197838660925
2773,0.4056951316501614,0.40569597026691656,8.386167551499568e-07,0.6508219299022279,0.6508197838669103
2774,0.4056951322562533,0.4056959702666546,8.380104012939427e-07,0.6508219277339986,0.6508197838677288
2775,0.4056951328623454,0.4056959702663929,8.374040475489508e-07,0.6508219255657686,0.6508197838685469
2776,0.4056951334684379,0.40569597026613174,8.367976938594701e-07,0.6508219233975387,0.6508197838693651
2777,0.4056951340745308,0.4056959702658709,8.361913401144783e-07,0.6508219212293092,0.650819783870183
2778,0.4056951346806241,0.4056959702656106,8.355849864805087e-07,0.6508219190610791,0.650819783871001
2779,0.4056951352867175,0.4056959702653506,8.349786330685838e-07,0.6508219168928486,0.6508197838718188
2780,0.40569513589281153,0.40569597026509086,8.343722793235919e-07,0.6508219147246187,0.650819783872636
2781,0.4056951364989057,0.40569597026483156,8.337659258561558e-07,0.6508219125563881,0.6508197838734533
2782,0.4056951371050004,0.4056959702645725,8.33159572111164e-07,0.6508219103881577,0.6508197838742698
2783,0.40569513771109506,0.4056959702643139,8.325532188657725e-07,0.6508219082199266,0.6508197838750867
2784,0.4056951383171902,0.40569597026405585,8.319468656758922e-07,0.6508219060516958,0.6508197838759044
2785,0.4056951389232856,0.405695970263798,8.313405123749895e-07,0.6508219038834648,0.6508197838767212
2786,0.40569513952938135,0.4056959702635404,8.307341590185757e-07,0.6508219017152339,0.6508197838775373
2787,0.4056951401354775,0.40569597026328336,8.301278058286954e-07,0.6508218995470025,0.6508197838783538
2788,0.405695140741574,0.40569597026302656,8.295214525833039e-07,0.6508218973787714,0.6508197838791699
2789,0.40569514134767065,0.40569597026277004,8.289150993934236e-07,0.65082189521054,0.6508197838799861
2790,0.4056951419537676,0.40569597026251386,8.283087462590544e-07,0.6508218930423084,0.6508197838808023
2791,0.4056951425598646,0.40569597026225795,8.277023933467298e-07,0.6508218908740766,0.6508197838816181
2792,0.40569514316596217,0.40569597026200244,8.270960402678718e-07,0.6508218887058448,0.6508197838824339
2793,0.40569514377205995,0.40569597026174736,8.264896874110583e-07,0.6508218865376132,0.65081978388325
2794,0.4056951443781581,0.4056959702614924,8.258833342766891e-07,0.6508218843693809,0.6508197838840653
2795,0.4056951449842566,0.40569597026123794,8.252769813643646e-07,0.6508218822011493,0.6508197838848808
2796,0.40569514559035513,0.4056959702609836,8.2467062845204e-07,0.6508218800329166,0.650819783885696
2797,0.4056951461964541,0.40569597026072973,8.240642756507377e-07,0.6508218778646845,0.6508197838865115
2798,0.40569514680255314,0.40569597026047616,8.234579230159689e-07,0.6508218756964517,0.6508197838873265
2799,0.40569514740865253,0.40569597026022297,8.228515704367112e-07,0.6508218735282194,0.6508197838881417
2800,0.40569514801475237,0.4056959702599699,8.222452175243866e-07,0.6508218713599867,0.6508197838889562
2801,0.4056951486208523,0.40569597025971715,8.216388648341066e-07,0.650821869191754,0.6508197838897705
2802,0.4056951492269524,0.4056959702594647,8.210325123103601e-07,0.6508218670235203,0.6508197838905853
2803,0.4056951498330528,0.4056959702592126,8.204261597866136e-07,0.6508218648552877,0.6508197838913996
2804,0.40569515043915366,0.4056959702589607,8.198198070408225e-07,0.6508218626870546,0.6508197838922143
2805,0.40569515104525444,0.4056959702587091,8.192134546836094e-07,0.6508218605188211,0.6508197838930281
2806,0.40569515165135595,0.405695970258458,8.186071020488406e-07,0.6508218583505884,0.6508197838938425
2807,0.4056951522574572,0.40569597025820714,8.180007499136721e-07,0.6508218561823547,0.6508197838946566
2808,0.405695152863559,0.40569597025795634,8.173943973344144e-07,0.6508218540141213,0.6508197838954707
2809,0.4056951534696606,0.40569597025770576,8.167880451437348e-07,0.6508218518458867,0.6508197838962837
2810,0.40569515407576306,0.40569597025745574,8.161816926754994e-07,0.6508218496776537,0.6508197838970982
2811,0.4056951546818653,0.40569597025720583,8.15575340540331e-07,0.6508218475094194,0.6508197838979115
2812,0.40569515528796773,0.40569597025695625,8.149689885161848e-07,0.6508218453411858,0.6508197838987246
2813,0.40569515589407046,0.4056959702567068,8.143626363255052e-07,0.6508218431729516,0.6508197838995381
2814,0.40569515650017357,0.4056959702564578,8.137562842458479e-07,0.6508218410047174,0.6508197839003513
2815,0.4056951571062768,0.405695970256209,8.131499322217017e-07,0.650821838836483,0.6508197839011645
2816,0.4056951577123803,0.4056959702559603,8.125435800310221e-07,0.650821836668249,0.6508197839019776
2817,0.40569515831848374,0.40569597025571197,8.119372282289206e-07,0.6508218345000145,0.6508197839027906
2818,0.4056951589245877,0.4056959702554639,8.113308762047744e-07,0.6508218323317797,0.6508197839036036
2819,0.4056951595306917,0.405695970255216,8.107245242916505e-07,0.6508218301635451,0.6508197839044163
2820,0.4056951601367961,0.4056959702549684,8.101181723230155e-07,0.6508218279953109,0.6508197839052288
2821,0.40569516074290046,0.40569597025472104,8.095118205764251e-07,0.6508218258270758,0.6508197839060414
2822,0.4056951613490052,0.405695970254474,8.089054688298347e-07,0.650821823658841,0.6508197839068537
2823,0.4056951619551101,0.4056959702542271,8.082991170277332e-07,0.6508218214906063,0.6508197839076663
2824,0.4056951625612151,0.4056959702539804,8.076927653366539e-07,0.6508218193223709,0.6508197839084782
2825,0.40569516316732024,0.40569597025373394,8.070864137010858e-07,0.6508218171541356,0.6508197839092904
2826,0.4056951637734257,0.4056959702534878,8.064800621210289e-07,0.6508218149859005,0.6508197839101026
2827,0.4056951643795313,0.40569597025324183,8.058737105409719e-07,0.6508218128176653,0.6508197839109151
2828,0.4056951649856369,0.4056959702529961,8.052673591829596e-07,0.6508218106494298,0.6508197839117266
2829,0.4056951655917428,0.4056959702527505,8.046610077139249e-07,0.6508218084811943,0.6508197839125385
2830,0.4056951661978491,0.4056959702525053,8.040546561893791e-07,0.6508218063129592,0.6508197839133503
2831,0.40569516680395534,0.40569597025226023,8.034483048868779e-07,0.6508218041447237,0.6508197839141621
2832,0.4056951674100617,0.4056959702520153,8.028419536398879e-07,0.6508218019764878,0.6508197839149732
2833,0.40569516801616834,0.4056959702517708,8.02235602448409e-07,0.6508217998082519,0.650819783915785
2834,0.40569516862227517,0.40569597025152637,8.016292512014189e-07,0.6508217976400161,0.6508197839165961
2835,0.4056951692283821,0.4056959702512821,8.0102290000994e-07,0.65082179547178,0.6508197839174075
2836,0.4056951698344892,0.40569597025103815,8.004165489294834e-07,0.6508217933035438,0.6508197839182189
2837,0.4056951704405967,0.4056959702507942,7.998101974604488e-07,0.6508217911353089,0.6508197839190297
2838,0.4056951710467042,0.40569597025055054,7.99203846324481e-07,0.6508217889670723,0.6508197839198409
2839,0.405695171652812,0.4056959702503071,7.985974951330022e-07,0.6508217867988362,0.6508197839206523
2840,0.4056951722589197,0.4056959702500638,7.979911441080567e-07,0.6508217846305996,0.6508197839214629
2841,0.40569517286502765,0.40569597024982074,7.973847930831113e-07,0.6508217824623639,0.6508197839222737
2842,0.4056951734711359,0.40569597024957804,7.967784421691881e-07,0.650821780294127,0.6508197839230847
2843,0.40569517407724404,0.4056959702493354,7.961720913662873e-07,0.6508217781258907,0.6508197839238956
2844,0.40569517468335253,0.405695970249093,7.955657404523642e-07,0.6508217759576542,0.6508197839247055
2845,0.4056951752894613,0.40569597024885057,7.949593892608853e-07,0.650821773789418,0.6508197839255159
2846,0.40569517589557,0.4056959702486086,7.943530385690067e-07,0.650821771621181,0.6508197839263266
2847,0.40569517650167886,0.40569597024836684,7.937466879881505e-07,0.6508217694529441,0.6508197839271371
2848,0.40569517710778785,0.4056959702481251,7.931403372407608e-07,0.6508217672847073,0.6508197839279477
2849,0.40569517771389696,0.40569597024788356,7.925339866043934e-07,0.6508217651164707,0.6508197839287577
2850,0.4056951783200062,0.40569597024764215,7.919276359680261e-07,0.6508217629482341,0.6508197839295679
2851,0.40569517892611556,0.4056959702474009,7.913212853316587e-07,0.6508217607799964,0.650819783930378
2852,0.40569517953222506,0.40569597024716,7.907149349173359e-07,0.6508217586117597,0.6508197839311873
2853,0.40569518013833467,0.4056959702469191,7.90108584447502e-07,0.6508217564435226,0.6508197839319975
2854,0.4056951807444444,0.4056959702466785,7.895022340886904e-07,0.6508217542752852,0.6508197839328074
2855,0.40569518135055443,0.40569597024643805,7.888958836188564e-07,0.6508217521070487,0.6508197839336176
2856,0.4056951819566645,0.40569597024619763,7.882895331490225e-07,0.6508217499388114,0.6508197839344274
2857,0.4056951825627746,0.4056959702459574,7.876831827902109e-07,0.6508217477705738,0.6508197839352368
2858,0.405695183168885,0.4056959702457174,7.870768324313993e-07,0.6508217456023366,0.6508197839360463
2859,0.40569518377499536,0.4056959702454776,7.864704822391211e-07,0.650821743434099,0.6508197839368559
2860,0.4056951843811058,0.40569597024523785,7.858641320468429e-07,0.6508217412658609,0.6508197839376655
2861,0.40569518498721663,0.40569597024499854,7.852577819100759e-07,0.6508217390976241,0.6508197839384747
2862,0.4056951855933274,0.40569597024475906,7.846514316622866e-07,0.6508217369293863,0.6508197839392842
2863,0.40569518619943834,0.4056959702445199,7.840450815810307e-07,0.6508217347611487,0.6508197839400933
2864,0.40569518680554933,0.4056959702442809,7.83438731555286e-07,0.6508217325929109,0.6508197839409027
2865,0.40569518741166033,0.405695970244042,7.828323816960747e-07,0.6508217304246728,0.6508197839417127
2866,0.4056951880177715,0.4056959702438032,7.822260317258412e-07,0.6508217282564353,0.6508197839425214
2867,0.4056951886238829,0.4056959702435646,7.816196817000964e-07,0.6508217260881974,0.6508197839433298
2868,0.4056951892299943,0.4056959702433263,7.810133320074186e-07,0.6508217239199598,0.65081978394414
2869,0.40569518983610586,0.4056959702430879,7.804069820371851e-07,0.6508217217517216,0.6508197839449477
2870,0.4056951904422176,0.40569597024284976,7.798006321779738e-07,0.650821719583484,0.6508197839457569
2871,0.4056951910483292,0.40569597024261167,7.79194282485296e-07,0.650821717415246,0.6508197839465659
2872,0.40569519165444107,0.4056959702423738,7.78587932737107e-07,0.6508217152470075,0.6508197839473744
2873,0.40569519226055295,0.40569597024213605,7.779815830999404e-07,0.6508217130787692,0.6508197839481833
2874,0.40569519286666494,0.40569597024189846,7.773752335182849e-07,0.6508217109105312,0.6508197839489922
2875,0.4056951934727771,0.405695970241661,7.767688838811182e-07,0.6508217087422935,0.6508197839498007
2876,0.4056951940788893,0.4056959702414236,7.761625342994627e-07,0.6508217065740547,0.6508197839506095
2877,0.4056951946850016,0.4056959702411865,7.755561848843406e-07,0.650821704405816,0.650819783951418
2878,0.4056951952911141,0.4056959702409494,7.749498353026851e-07,0.6508217022375783,0.6508197839522264
2879,0.4056951958972264,0.40569597024071247,7.743434860540965e-07,0.6508217000693393,0.6508197839530343
2880,0.4056951965033391,0.4056959702404756,7.737371365279522e-07,0.6508216979011013,0.6508197839538425
2881,0.4056951971094518,0.405695970240239,7.731307872238524e-07,0.6508216957328632,0.6508197839546515
2882,0.4056951977155644,0.40569597024000253,7.725244381417973e-07,0.6508216935646235,0.6508197839554599
2883,0.40569519832167716,0.40569597023976617,7.71918089004231e-07,0.6508216913963853,0.6508197839562677
2884,0.40569519892779016,0.4056959702395299,7.713117397556424e-07,0.6508216892281474,0.650819783957076
2885,0.405695199533903,0.40569597023929366,7.707053906735872e-07,0.6508216870599085,0.6508197839578842
2886,0.40569520014001603,0.4056959702390576,7.700990415915321e-07,0.6508216848916698,0.6508197839586923
2887,0.40569520074612914,0.40569597023882176,7.694926926204992e-07,0.650821682723431,0.6508197839594998
2888,0.40569520135224224,0.4056959702385859,7.688863436494664e-07,0.6508216805551919,0.6508197839603078
2889,0.4056952019583557,0.40569597023835013,7.68279994456389e-07,0.6508216783869534,0.6508197839611151
2890,0.4056952025644693,0.4056959702381149,7.676736455963784e-07,0.6508216762187147,0.650819783961924
2891,0.40569520317058266,0.4056959702378793,7.670672966253456e-07,0.6508216740504761,0.6508197839627312
2892,0.40569520377669616,0.40569597023764403,7.664609478763573e-07,0.6508216718822372,0.6508197839635391
2893,0.40569520438280976,0.40569597023740883,7.658545990718579e-07,0.6508216697139979,0.6508197839643468
2894,0.4056952049889233,0.40569597023717374,7.65248250433892e-07,0.6508216675457585,0.6508197839651546
2895,0.40569520559503713,0.4056959702369387,7.646419015738815e-07,0.6508216653775194,0.6508197839659615
2896,0.4056952062011509,0.405695970236704,7.64035553102449e-07,0.6508216632092804,0.6508197839667695
2897,0.4056952068072649,0.40569597023646936,7.63429204464483e-07,0.6508216610410414,0.6508197839675774
2898,0.4056952074133788,0.40569597023623466,7.628228558820283e-07,0.650821658872802,0.6508197839683845
2899,0.4056952080194928,0.40569597023600007,7.622165072440623e-07,0.6508216567045636,0.6508197839691918
2900,0.40569520862560693,0.40569597023576565,7.616101587171187e-07,0.6508216545363241,0.6508197839699991
2901,0.40569520923172114,0.40569597023553144,7.610038103011973e-07,0.6508216523680844,0.6508197839708071
2902,0.4056952098378353,0.4056959702352971,7.603974617742537e-07,0.6508216501998457,0.6508197839716139
2903,0.4056952104439494,0.40569597023506293,7.597911135248658e-07,0.6508216480316065,0.650819783972421
2904,0.40569521105006373,0.40569597023482895,7.591847652199668e-07,0.650821645863367,0.6508197839732288
2905,0.4056952116561781,0.4056959702345949,7.585784168040455e-07,0.6508216436951275,0.6508197839740356
2906,0.40569521226229244,0.4056959702343611,7.579720686656799e-07,0.6508216415268877,0.6508197839748426
2907,0.4056952128684069,0.40569597023412735,7.573657204718032e-07,0.6508216393586488,0.6508197839756497
2908,0.4056952134745215,0.40569597023389364,7.567593721669041e-07,0.6508216371904088,0.6508197839764568
2909,0.4056952140806362,0.40569597023366016,7.561530239730274e-07,0.6508216350221703,0.6508197839772637
2910,0.40569521468675057,0.40569597023342674,7.555466761677287e-07,0.6508216328539298,0.6508197839780707
2911,0.40569521529286534,0.4056959702331933,7.54940327973852e-07,0.6508216306856909,0.6508197839788774
2912,0.4056952158989804,0.4056959702329602,7.543339798354864e-07,0.6508216285174516,0.6508197839796845
2913,0.40569521650509516,0.40569597023272697,7.537276318081432e-07,0.650821626349212,0.6508197839804916
2914,0.4056952171112099,0.405695970232494,7.531212840583557e-07,0.6508216241809719,0.6508197839812986
2915,0.40569521771732486,0.40569597023226084,7.525149359755012e-07,0.6508216220127322,0.650819783982105
2916,0.40569521832344,0.40569597023202814,7.519085881146914e-07,0.6508216198444929,0.6508197839829124
2917,0.4056952189295548,0.4056959702317951,7.513022403093927e-07,0.6508216176762532,0.6508197839837184
2918,0.40569521953566995,0.40569597023156234,7.506958923930718e-07,0.650821615508013,0.6508197839845256
2919,0.405695220141785,0.4056959702313298,7.500895448098177e-07,0.6508216133397735,0.6508197839853322
2920,0.4056952207479001,0.40569597023109727,7.494831971710525e-07,0.6508216111715336,0.6508197839861387
2921,0.4056952213540153,0.40569597023086473,7.48876849421265e-07,0.6508216090032939,0.6508197839869456
2922,0.4056952219601304,0.4056959702306321,7.482705016714775e-07,0.6508216068350536,0.6508197839877516
2923,0.40569522256624574,0.4056959702303999,7.476641541437345e-07,0.6508216046668145,0.6508197839885586
2924,0.40569522317236106,0.4056959702301677,7.470578066159916e-07,0.6508216024985746,0.6508197839893651
2925,0.4056952237784764,0.40569597022993553,7.464514591437599e-07,0.6508216003303343,0.6508197839901718
2926,0.4056952243845917,0.4056959702297034,7.458451116715281e-07,0.6508215981620942,0.650819783990978
2927,0.40569522499070715,0.40569597022947146,7.452387643103187e-07,0.6508215959938545,0.6508197839917842
2928,0.4056952255968226,0.4056959702292393,7.446324167270646e-07,0.6508215938256148,0.65081978399259
2929,0.405695226202938,0.4056959702290076,7.440260695878997e-07,0.6508215916573745,0.6508197839933969
2930,0.40569522680905357,0.4056959702287759,7.434197223377126e-07,0.6508215894891347,0.6508197839942029
2931,0.40569522741516906,0.40569597022854426,7.428133751985477e-07,0.6508215873208946,0.6508197839950094
2932,0.4056952280212846,0.40569597022831244,7.422070278373383e-07,0.6508215851526538,0.6508197839958152
2933,0.4056952286274002,0.405695970228081,7.416006808091957e-07,0.6508215829844141,0.6508197839966219
2934,0.40569522923351586,0.4056959702278495,7.409943336145197e-07,0.6508215808161737,0.6508197839974282
2935,0.40569522983963163,0.4056959702276181,7.403879864753549e-07,0.6508215786479339,0.650819783998234
2936,0.4056952304457473,0.4056959702273868,7.397816395027235e-07,0.6508215764796934,0.6508197839990404
2937,0.40569523105186317,0.4056959702271555,7.391752923080475e-07,0.6508215743114538,0.6508197839998462
2938,0.4056952316579788,0.4056959702269242,7.385689453909272e-07,0.6508215721432131,0.6508197840006523
2939,0.40569523226409465,0.40569597022669335,7.379625986958516e-07,0.6508215699749731,0.6508197840014587
2940,0.4056952328702105,0.4056959702264624,7.373562519452648e-07,0.650821567806733,0.6508197840022646
2941,0.40569523347632624,0.4056959702262315,7.367499052501891e-07,0.6508215656384928,0.6508197840030705
2942,0.4056952340824422,0.4056959702260005,7.361435583330689e-07,0.6508215634702528,0.6508197840038761
2943,0.40569523468855795,0.40569597022576986,7.35537211915549e-07,0.6508215613020121,0.6508197840046828
2944,0.40569523529467394,0.405695970225539,7.349308650539399e-07,0.6508215591337718,0.6508197840054885
2945,0.40569523590078976,0.4056959702253083,7.343245185253977e-07,0.6508215569655318,0.6508197840062941
2946,0.4056952365069058,0.40569597022507753,7.337181717192998e-07,0.6508215547972918,0.6508197840070994
2947,0.4056952371130218,0.405695970224847,7.331118251907576e-07,0.6508215526290517,0.6508197840079054
2948,0.4056952377191378,0.40569597022461656,7.325054787732377e-07,0.6508215504608106,0.6508197840087115
2949,0.40569523832525384,0.40569597022438597,7.318991321336732e-07,0.6508215482925702,0.6508197840095169
2950,0.4056952389313699,0.4056959702241556,7.312927857161533e-07,0.6508215461243303,0.6508197840103229
2951,0.4056952395374859,0.40569597022392534,7.306864394651669e-07,0.6508215439560895,0.6508197840111285
2952,0.4056952401436019,0.405695970223695,7.300800931031581e-07,0.6508215417878489,0.6508197840119342
2953,0.40569524074971813,0.4056959702234648,7.294737466856382e-07,0.6508215396196084,0.6508197840127399
2954,0.4056952413558344,0.4056959702232348,7.288674003791407e-07,0.6508215374513684,0.6508197840135457
2955,0.40569524196195045,0.4056959702230047,7.282610542391765e-07,0.6508215352831275,0.6508197840143516
2956,0.40569524256806677,0.40569597022277465,7.276547078771678e-07,0.6508215331148874,0.6508197840151569
2957,0.4056952431741829,0.4056959702225447,7.27048361848226e-07,0.6508215309466467,0.6508197840159626
2958,0.40569524378029903,0.40569597022231474,7.264420157082618e-07,0.6508215287784058,0.650819784016768
2959,0.4056952443864152,0.4056959702220848,7.258356696238089e-07,0.6508215266101656,0.6508197840175732
2960,0.40569524499253135,0.405695970221855,7.252293236503782e-07,0.650821524441925,0.6508197840183789
2961,0.4056952455986477,0.4056959702216252,7.246229774549029e-07,0.6508215222736848,0.6508197840191846
2962,0.4056952462047638,0.40569597022139564,7.240166318145391e-07,0.6508215201054441,0.6508197840199904
2963,0.40569524681088015,0.40569597022116577,7.234102856190638e-07,0.6508215179372037,0.6508197840207954
2964,0.4056952474169964,0.4056959702209363,7.228039398676778e-07,0.6508215157689626,0.6508197840216008
2965,0.4056952480231128,0.40569597022070675,7.221975939497582e-07,0.650821513600722,0.6508197840224061
2966,0.405695248629229,0.4056959702204772,7.215912481983722e-07,0.6508215114324813,0.6508197840232114
2967,0.4056952492353453,0.4056959702202477,7.209849024469861e-07,0.6508215092642406,0.6508197840240172
2968,0.40569524984146155,0.40569597022001835,7.203785568066223e-07,0.6508215070960002,0.6508197840248222
2969,0.40569525044757804,0.40569597021978904,7.197722109997251e-07,0.6508215049277595,0.6508197840256273
2970,0.40569525105369436,0.40569597021955955,7.191658651928279e-07,0.6508215027595189,0.6508197840264325
2971,0.40569525165981074,0.4056959702193304,7.185595196634864e-07,0.6508215005912783,0.6508197840272383
2972,0.405695252265927,0.40569597021910125,7.179531742451672e-07,0.6508214984230374,0.6508197840280433
2973,0.4056952528720435,0.40569597021887205,7.173468285492923e-07,0.6508214962547973,0.6508197840288482
2974,0.4056952534781599,0.40569597021864295,7.16740483075462e-07,0.6508214940865567,0.6508197840296535
2975,0.4056952540842762,0.4056959702184141,7.161341378791874e-07,0.6508214919183154,0.650819784030459
2976,0.4056952546903926,0.4056959702181851,7.155277925163794e-07,0.6508214897500741,0.650819784031264
2977,0.405695255296509,0.4056959702179562,7.149214472090826e-07,0.650821487581834,0.6508197840320693
2978,0.4056952559026253,0.40569597021772735,7.143151020683192e-07,0.650821485413593,0.6508197840328741
2979,0.4056952565087417,0.40569597021749854,7.137087568165335e-07,0.650821483245352,0.6508197840336792
2980,0.40569525711485815,0.4056959702172698,7.131024116202589e-07,0.6508214810771116,0.6508197840344848
2981,0.4056952577209747,0.4056959702170409,7.124960662019397e-07,0.6508214789088713,0.6508197840352895
2982,0.4056952583270911,0.40569597021681214,7.118897210611763e-07,0.65082147674063,0.6508197840360945
2983,0.40569525893320746,0.40569597021658355,7.112833760869464e-07,0.650821474572389,0.6508197840369002
2984,0.40569525953932395,0.40569597021635484,7.106770308906718e-07,0.6508214724041481,0.6508197840377045
2985,0.4056952601454403,0.4056959702161262,7.100706859164418e-07,0.6508214702359072,0.65081978403851
2986,0.40569526075155654,0.40569597021589765,7.094643411087453e-07,0.6508214680676667,0.6508197840393146
2987,0.40569526135767275,0.4056959702156693,7.088579965230934e-07,0.6508214658994251,0.6508197840401195
2988,0.40569526196378924,0.40569597021544085,7.082516516043746e-07,0.6508214637311852,0.6508197840409243
2989,0.4056952625699055,0.40569597021521253,7.076453070187227e-07,0.6508214615629442,0.6508197840417294
2990,0.4056952631760219,0.40569597021498416,7.070389622665374e-07,0.6508214593947033,0.6508197840425343
2991,0.4056952637821382,0.40569597021475584,7.064326176253743e-07,0.6508214572264623,0.6508197840433394
2992,0.4056952643882547,0.40569597021452763,7.058262729287001e-07,0.6508214550582214,0.6508197840441442
2993,0.4056952649943712,0.40569597021429926,7.052199280654925e-07,0.650821452889981,0.6508197840449488
2994,0.40569526560048746,0.40569597021407094,7.046135834798406e-07,0.6508214507217398,0.6508197840457537
2995,0.405695266206604,0.40569597021384274,7.040072387276552e-07,0.6508214485534991,0.6508197840465585
2996,0.40569526681272033,0.4056959702136146,7.034008942530257e-07,0.6508214463852579,0.6508197840473633
2997,0.4056952674188365,0.40569597021338655,7.027945500559518e-07,0.650821444217017,0.6508197840481682
2998,0.4056952680249528,0.40569597021315856,7.021882057478557e-07,0.6508214420487759,0.6508197840489724
2999,0.4056952686310693,0.40569597021293047,7.015818611622038e-07,0.6508214398805355,0.6508197840497778
3000,0.40569526923718563,0.4056959702127025,7.009755168541076e-07,0.6508214377122938,0.650819784050582
3001,0.40569526984330195,0.40569597021247455,7.003691726015226e-07,0.6508214355440536,0.6508197840513873
3002,0.4056952704494183,0.40569597021224674,6.9976282845996e-07,0.6508214333758122,0.6508197840521925
3003,0.40569527105553477,0.4056959702120188,6.991564840408415e-07,0.6508214312075713,0.6508197840529968
3004,0.405695271661651,0.4056959702117908,6.985501398437677e-07,0.6508214290393306,0.650819784053801
3005,0.40569527226776725,0.405695970211563,6.979437957577161e-07,0.65082142687109,0.6508197840546057
3006,0.4056952728738835,0.40569597021133547,6.973374519492204e-07,0.6508214247028483,0.6508197840554106
3007,0.4056952734799997,0.4056959702111078,6.967311081407246e-07,0.6508214225346074,0.6508197840562155
3008,0.405695274086116,0.40569597021088005,6.96124764054673e-07,0.6508214203663668,0.6508197840570198
3009,0.4056952746922323,0.4056959702106524,6.955184200796438e-07,0.6508214181981257,0.6508197840578246
3010,0.4056952752983486,0.4056959702104247,6.949120761046146e-07,0.6508214160298845,0.6508197840586292
3011,0.40569527590446486,0.4056959702101971,6.943057322406077e-07,0.6508214138616435,0.6508197840594339
3012,0.4056952765105811,0.4056959702099697,6.936993885986453e-07,0.6508214116934027,0.6508197840602388
3013,0.4056952771166973,0.40569597020974196,6.930930446791272e-07,0.6508214095251617,0.6508197840610428
3014,0.4056952777228136,0.4056959702095145,6.924867008706315e-07,0.6508214073569211,0.6508197840618477
3015,0.40569527832893004,0.4056959702092869,6.918803568400911e-07,0.6508214051886805,0.6508197840626521
3016,0.4056952789350461,0.4056959702090595,6.912740134201734e-07,0.6508214030204387,0.6508197840634563
3017,0.40569527954116213,0.40569597020883214,6.906676700002556e-07,0.6508214008521974,0.6508197840642611
3018,0.4056952801472784,0.40569597020860476,6.900613263582933e-07,0.6508213986839562,0.6508197840650656
3019,0.40569528075339467,0.40569597020837744,6.894549827718421e-07,0.6508213965157157,0.65081978406587
3020,0.4056952813595109,0.40569597020815,6.888486391298798e-07,0.6508213943474745,0.6508197840666738
3021,0.40569528196562715,0.4056959702079228,6.882422956544509e-07,0.6508213921792341,0.6508197840674786
3022,0.40569528257174325,0.40569597020769543,6.876359521790221e-07,0.6508213900109928,0.6508197840682833
3023,0.4056952831778594,0.40569597020746806,6.87029608648082e-07,0.6508213878427516,0.6508197840690874
3024,0.4056952837839755,0.40569597020724096,6.864232654502089e-07,0.6508213856745106,0.6508197840698917
3025,0.40569528439009156,0.40569597020701376,6.858169221968247e-07,0.6508213835062693,0.6508197840706962
3026,0.40569528499620766,0.4056959702067866,6.852105789434404e-07,0.6508213813380284,0.6508197840715009
3027,0.40569528560232376,0.40569597020655934,6.846042355790338e-07,0.6508213791697872,0.6508197840723056
3028,0.40569528620843986,0.4056959702063323,6.839978924366719e-07,0.6508213770015467,0.6508197840731098
3029,0.40569528681455586,0.40569597020610526,6.833915494053322e-07,0.650821374833305,0.650819784073914
3030,0.405695287420672,0.4056959702058781,6.827852060964368e-07,0.6508213726650645,0.6508197840747187
3031,0.40569528802678795,0.40569597020565107,6.821788631206083e-07,0.6508213704968231,0.650819784075523
3032,0.40569528863290405,0.40569597020542414,6.815725200892686e-07,0.6508213683285822,0.6508197840763275
3033,0.40569528923902,0.4056959702051972,6.809661772244624e-07,0.6508213661603413,0.6508197840771315
3034,0.4056952898451359,0.4056959702049703,6.803598343596562e-07,0.6508213639921004,0.6508197840779361
3035,0.4056952904512518,0.40569597020474324,6.797534914393388e-07,0.6508213618238591,0.65081978407874
3036,0.40569529105736774,0.4056959702045161,6.79147148352488e-07,0.6508213596556183,0.6508197840795442
3037,0.4056952916634836,0.4056959702042893,6.785408057097264e-07,0.6508213574873768,0.6508197840803487
3038,0.40569529226959955,0.4056959702040625,6.779344629559425e-07,0.6508213553191358,0.6508197840811534
3039,0.4056952928757154,0.4056959702038357,6.773281203131809e-07,0.6508213531508948,0.6508197840819572
3040,0.40569529348183125,0.405695970203609,6.767217777259305e-07,0.6508213509826537,0.6508197840827616
3041,0.40569529408794713,0.4056959702033821,6.761154349721465e-07,0.6508213488144124,0.6508197840835657
3042,0.4056952946940631,0.40569597020315545,6.755090923293849e-07,0.6508213466461721,0.6508197840843704
3043,0.40569529530017884,0.4056959702029285,6.749027496866233e-07,0.650821344477931,0.6508197840851739
3044,0.40569529590629466,0.4056959702027018,6.74296407154884e-07,0.65082134230969,0.6508197840859785
3045,0.40569529651241043,0.4056959702024752,6.736900647896782e-07,0.6508213401414487,0.6508197840867826
3046,0.4056952971185263,0.4056959702022484,6.730837220914054e-07,0.650821337973208,0.6508197840875867
3047,0.405695297724642,0.40569597020202186,6.724773798372219e-07,0.6508213358049664,0.6508197840883908
3048,0.4056952983307578,0.4056959702017953,6.718710375275272e-07,0.6508213336367257,0.6508197840891954
3049,0.40569529893687356,0.40569597020156867,6.712646951068102e-07,0.650821331468485,0.6508197840899994
3050,0.4056952995429891,0.4056959702013422,6.706583530746713e-07,0.6508213293002436,0.6508197840908041
3051,0.4056953001491046,0.40569597020111553,6.7005201093151e-07,0.6508213271320025,0.6508197840916075
3052,0.4056953007552203,0.40569597020088893,6.694456686218153e-07,0.6508213249637618,0.6508197840924119
3053,0.40569530136133586,0.40569597020066245,6.688393265896764e-07,0.6508213227955206,0.6508197840932158
3054,0.4056953019674515,0.40569597020043596,6.682329844465151e-07,0.6508213206272795,0.6508197840940201
3055,0.4056953025735671,0.4056959702002096,6.676266424698873e-07,0.6508213184590383,0.6508197840948243
3056,0.4056953031796828,0.4056959701999831,6.670203003267261e-07,0.6508213162907976,0.6508197840956285
3057,0.4056953037857984,0.40569597019975656,6.664139581835649e-07,0.6508213141225564,0.6508197840964327
3058,0.4056953043919137,0.4056959701995302,6.658076164844928e-07,0.6508213119543153,0.650819784097237
3059,0.4056953049980293,0.40569597019930376,6.652012744523539e-07,0.6508213097860744,0.6508197840980406
3060,0.4056953056041447,0.40569597019907727,6.645949325867484e-07,0.650821307617833,0.6508197840988448
3061,0.4056953062102602,0.40569597019885106,6.639885908876764e-07,0.6508213054495924,0.6508197840996484
3062,0.40569530681637583,0.40569597019862486,6.633822490220709e-07,0.650821303281351,0.650819784100453
3063,0.40569530742249116,0.4056959701983985,6.627759073229988e-07,0.6508213011131099,0.6508197841012571
3064,0.4056953080286065,0.4056959701981723,6.621695657904603e-07,0.650821298944869,0.6508197841020611
3065,0.405695308634722,0.4056959701979459,6.615632239248548e-07,0.6508212967766285,0.6508197841028651
3066,0.4056953092408373,0.4056959701977196,6.609568822812939e-07,0.6508212946083872,0.6508197841036688
3067,0.4056953098469524,0.40569597019749337,6.603505409707999e-07,0.6508212924401459,0.6508197841044734
3068,0.4056953104530678,0.405695970197267,6.597441992162167e-07,0.6508212902719048,0.650819784105277
3069,0.4056953110591831,0.4056959701970409,6.591378577947005e-07,0.6508212881036639,0.6508197841060812
3070,0.40569531166529826,0.4056959701968147,6.585315164286953e-07,0.6508212859354228,0.650819784106885
3071,0.4056953122714135,0.40569597019658865,6.579251751737125e-07,0.650821283767182,0.6508197841076886
3072,0.4056953128775287,0.40569597019636233,6.573188336411739e-07,0.6508212815989409,0.6508197841084927
3073,0.4056953134836439,0.4056959701961363,6.567124923861911e-07,0.6508212794306998,0.6508197841092971
3074,0.4056953140897592,0.4056959701959102,6.56106151020186e-07,0.6508212772624591,0.6508197841101012
3075,0.4056953146958743,0.40569597019568404,6.554998097652032e-07,0.6508212750942179,0.6508197841109049
3076,0.4056953153019893,0.4056959701954579,6.548934685657315e-07,0.6508212729259766,0.6508197841117089
3077,0.4056953159081043,0.40569597019523174,6.54287127421771e-07,0.6508212707577353,0.6508197841125127
3078,0.40569531651421925,0.4056959701950057,6.536807864443439e-07,0.6508212685894946,0.6508197841133163
3079,0.4056953171203343,0.4056959701947798,6.53074445522428e-07,0.6508212664212534,0.6508197841141207
3080,0.4056953177264493,0.4056959701945539,6.524681046005121e-07,0.6508212642530129,0.6508197841149244
3081,0.4056953183325643,0.40569597019432796,6.518617636785962e-07,0.6508212620847724,0.650819784115729
3082,0.4056953189386791,0.4056959701941019,6.512554228121914e-07,0.6508212599165307,0.650819784116532
3083,0.405695319544794,0.405695970193876,6.506490820012978e-07,0.6508212577482896,0.6508197841173358
3084,0.405695320150909,0.40569597019365017,6.500427411904042e-07,0.6508212555800487,0.6508197841181406
3085,0.4056953207570239,0.40569597019342424,6.494364003239994e-07,0.6508212534118079,0.6508197841189441
3086,0.4056953213631387,0.4056959701931983,6.488300596241281e-07,0.6508212512435672,0.6508197841197483
3087,0.40569532196925345,0.4056959701929724,6.482237189242568e-07,0.6508212490753256,0.6508197841205525
3088,0.4056953225753684,0.4056959701927462,6.476173778358074e-07,0.6508212469070849,0.6508197841213554
3089,0.405695323181483,0.4056959701925204,6.470110374134919e-07,0.6508212447388438,0.6508197841221597
3090,0.4056953237875977,0.40569597019229453,6.464046968246429e-07,0.6508212425706026,0.6508197841229634
3091,0.4056953243937125,0.40569597019206866,6.457983561802827e-07,0.6508212404023621,0.6508197841237671
3092,0.4056953249998272,0.4056959701918428,6.451920155914337e-07,0.6508212382341211,0.6508197841245713
3093,0.4056953256059416,0.405695970191617,6.445856753911627e-07,0.6508212360658798,0.6508197841253753
3094,0.40569532621205623,0.4056959701913911,6.439793348578249e-07,0.650821233897639,0.6508197841261791
3095,0.4056953268181709,0.4056959701911652,6.43372994324487e-07,0.6508212317293982,0.6508197841269825
3096,0.40569532742428543,0.40569597019093945,6.427666540131938e-07,0.6508212295611574,0.6508197841277863
3097,0.4056953280304,0.40569597019071363,6.421603136463894e-07,0.6508212273929165,0.6508197841285902
3098,0.40569532863651425,0.405695970190488,6.415539737236742e-07,0.6508212252246754,0.650819784129394
3099,0.40569532924262874,0.40569597019026227,6.409476335234032e-07,0.6508212230564345,0.650819784130198
3100,0.4056953298487431,0.40569597019003645,6.403412933231323e-07,0.6508212208881938,0.6508197841310017
3101,0.4056953304548576,0.4056959701898107,6.397349530673502e-07,0.6508212187199527,0.6508197841318053
3102,0.40569533106097194,0.4056959701895849,6.391286129781015e-07,0.6508212165517118,0.6508197841326091
3103,0.4056953316670862,0.4056959701893592,6.385222729998752e-07,0.6508212143834706,0.6508197841334129
3104,0.40569533227320054,0.40569597018913367,6.379159331326711e-07,0.65082121221523,0.6508197841342176
3105,0.4056953328793148,0.40569597018890796,6.373095931544448e-07,0.6508212100469888,0.6508197841350207
3106,0.4056953334854292,0.4056959701886822,6.36703253009685e-07,0.6508212078787483,0.6508197841358244
3107,0.40569533409154335,0.4056959701884566,6.360969132535033e-07,0.6508212057105072,0.6508197841366286
3108,0.40569533469765756,0.40569597018823095,6.354905733862992e-07,0.650821203542266,0.6508197841374326
3109,0.4056953353037718,0.40569597018800546,6.348842336856286e-07,0.6508212013740253,0.6508197841382362
3110,0.4056953359098857,0.40569597018777975,6.342778940404692e-07,0.6508211992057843,0.6508197841390397
3111,0.405695336516,0.4056959701875542,6.336715542287763e-07,0.6508211970375438,0.650819784139844
3112,0.4056953371221139,0.40569597018732856,6.33065214639128e-07,0.6508211948693026,0.6508197841406472
3113,0.40569533772822797,0.4056959701871029,6.324588749384574e-07,0.6508211927010612,0.6508197841414509
3114,0.40569533833434196,0.4056959701868775,6.318525355153426e-07,0.6508211905328205,0.6508197841422549
3115,0.405695338940456,0.405695970186652,6.312461959812055e-07,0.6508211883645801,0.6508197841430585
3116,0.40569533954656994,0.4056959701864262,6.306398562805349e-07,0.6508211861963391,0.6508197841438619
3117,0.40569534015268377,0.4056959701862008,6.300335170239535e-07,0.6508211840280982,0.6508197841446663
3118,0.40569534075879776,0.4056959701859752,6.294271774343052e-07,0.6508211818598578,0.6508197841454695
3119,0.4056953413649116,0.4056959701857497,6.288208381222127e-07,0.6508211796916163,0.6508197841462734
3120,0.4056953419710256,0.4056959701855243,6.282144986990978e-07,0.6508211775233761,0.6508197841470775
3121,0.40569534257713935,0.4056959701852986,6.27608159275983e-07,0.650821175355135,0.6508197841478807
3122,0.4056953431832532,0.4056959701850732,6.270018200194016e-07,0.6508211731868943,0.6508197841486842
3123,0.40569534378936706,0.40569597018484777,6.263954807073091e-07,0.6508211710186533,0.6508197841494883
3124,0.4056953443954808,0.40569597018462233,6.2578914156175e-07,0.6508211688504122,0.6508197841502925
3125,0.40569534500159443,0.4056959701843968,6.251828023606798e-07,0.6508211666821713,0.6508197841510959
3126,0.4056953456077081,0.40569597018417136,6.245764632706319e-07,0.6508211645139308,0.6508197841518998
3127,0.4056953462138218,0.4056959701839459,6.239701240695616e-07,0.6508211623456899,0.6508197841527028
3128,0.4056953468199354,0.4056959701837206,6.233637852015583e-07,0.6508211601774496,0.650819784153507
3129,0.405695347426049,0.4056959701834951,6.227574461115104e-07,0.650821158009208,0.6508197841543106
3130,0.4056953480321624,0.4056959701832695,6.221511071324848e-07,0.650821155840967,0.650819784155114
3131,0.4056953486382757,0.405695970183044,6.215447682644815e-07,0.6508211536727262,0.6508197841559175
3132,0.4056953492443893,0.4056959701828187,6.209384293964781e-07,0.6508211515044859,0.6508197841567216
3133,0.40569534985050276,0.4056959701825933,6.203320905284748e-07,0.6508211493362452,0.6508197841575254
3134,0.40569535045661603,0.4056959701823679,6.197257518825161e-07,0.6508211471680048,0.6508197841583293
3135,0.40569535106272925,0.40569597018214243,6.191194131810462e-07,0.650821144999764,0.650819784159132
3136,0.40569535166884263,0.4056959701819171,6.185130744795764e-07,0.6508211428315231,0.650819784159936
3137,0.4056953522749559,0.40569597018169173,6.179067358336177e-07,0.6508211406632821,0.6508197841607399
3138,0.4056953528810692,0.4056959701814664,6.173003971876589e-07,0.6508211384950413,0.6508197841615432
3139,0.40569535348718255,0.405695970181241,6.166940584306779e-07,0.6508211363268006,0.6508197841623469
3140,0.4056953540932956,0.4056959701810157,6.160877201177861e-07,0.6508211341585597,0.6508197841631508
3141,0.4056953546994088,0.40569597018079034,6.154813815273386e-07,0.650821131990319,0.6508197841639543
3142,0.4056953553055219,0.405695970180565,6.148750431034244e-07,0.6508211298220783,0.6508197841647578
3143,0.40569535591163486,0.4056959701803398,6.142687049570661e-07,0.6508211276538376,0.6508197841655612
3144,0.40569535651774785,0.40569597018011455,6.136623666996854e-07,0.6508211254855965,0.650819784166365
3145,0.405695357123861,0.40569597017988934,6.130560283312825e-07,0.6508211233173562,0.6508197841671688
3146,0.4056953577299741,0.4056959701796639,6.124496897963461e-07,0.6508211211491155,0.6508197841679725
3147,0.40569535833608705,0.40569597017943876,6.118433517054989e-07,0.6508211189808747,0.650819784168776
3148,0.40569535894220005,0.4056959701792135,6.112370134481182e-07,0.6508211168126345,0.6508197841695801
3149,0.40569535954831304,0.4056959701789881,6.106306750797152e-07,0.6508211146443935,0.6508197841703833
3150,0.4056953601544258,0.4056959701787629,6.100243370998903e-07,0.6508211124761525,0.6508197841711867
3151,0.40569536076053864,0.40569597017853765,6.094179990090431e-07,0.6508211103079119,0.6508197841719904
3152,0.4056953613666513,0.4056959701783124,6.088116610847294e-07,0.6508211081396711,0.650819784172794
3153,0.4056953619727641,0.4056959701780872,6.082053230493933e-07,0.650821105971431,0.6508197841735974
3154,0.4056953625788769,0.40569597017786196,6.075989850695684e-07,0.6508211038031901,0.650819784174401
3155,0.4056953631849896,0.4056959701776369,6.069926473117881e-07,0.6508211016349496,0.650819784175205
3156,0.40569536379110216,0.40569597017741166,6.063863094984967e-07,0.6508210994667083,0.6508197841760082
3157,0.4056953643972147,0.4056959701771866,6.057799719072499e-07,0.6508210972984676,0.6508197841768117
3158,0.4056953650033274,0.4056959701769614,6.051736339829361e-07,0.6508210951302276,0.6508197841776158
3159,0.40569536560943986,0.40569597017673614,6.04567296280667e-07,0.6508210929619873,0.6508197841784189
3160,0.4056953662155526,0.405695970176511,6.039609584118644e-07,0.6508210907937462,0.6508197841792228
3161,0.40569536682166496,0.40569597017628584,6.033546208761287e-07,0.6508210886255057,0.6508197841800262
3162,0.4056953674277774,0.4056959701760605,6.027482831183484e-07,0.6508210864572653,0.650819784180829
3163,0.40569536803388967,0.4056959701758354,6.021419457491461e-07,0.6508210842890241,0.6508197841816326
3164,0.4056953686400021,0.4056959701756103,6.015356082134105e-07,0.6508210821207837,0.6508197841824361
3165,0.4056953692461144,0.40569597017538533,6.009292709552305e-07,0.6508210799525432,0.6508197841832402
3166,0.4056953698522267,0.4056959701751603,6.003229335860283e-07,0.6508210777843029,0.6508197841840437
3167,0.4056953704583389,0.4056959701749349,5.997165959947814e-07,0.6508210756160623,0.6508197841848467
3168,0.4056953710644512,0.40569597017471,5.991102587921127e-07,0.6508210734478217,0.6508197841856513
3169,0.40569537167056335,0.4056959701744846,5.98503921256377e-07,0.650821071279581,0.650819784186454
3170,0.40569537227667546,0.40569597017425957,5.978975841092193e-07,0.6508210691113407,0.6508197841872582
3171,0.4056953728827875,0.4056959701740344,5.972912469065506e-07,0.6508210669430996,0.6508197841880614
3172,0.4056953734888998,0.4056959701738094,5.966849095928595e-07,0.6508210647748596,0.650819784188865
3173,0.4056953740950117,0.4056959701735842,5.96078572501213e-07,0.6508210626066186,0.6508197841896681
3174,0.40569537470112366,0.40569597017335923,5.954722355761e-07,0.650821060438378,0.6508197841904723
3175,0.4056953753072356,0.405695970173134,5.948658984289423e-07,0.650821058270138,0.6508197841912758
3176,0.40569537591334764,0.4056959701729087,5.942595610597401e-07,0.6508210561018974,0.6508197841920791
3177,0.4056953765194595,0.40569597017268366,5.936532241346271e-07,0.650821053933657,0.6508197841928829
3178,0.40569537712557147,0.4056959701724587,5.93046887209514e-07,0.6508210517654162,0.6508197841936865
3179,0.4056953777316832,0.40569597017223363,5.924405504509345e-07,0.6508210495971758,0.6508197841944899
3180,0.4056953783377948,0.4056959701720086,5.918342138033772e-07,0.6508210474289351,0.6508197841952936
3181,0.4056953789439067,0.4056959701717835,5.912278767672419e-07,0.6508210452606946,0.6508197841960971
3182,0.40569537955001855,0.40569597017155845,5.9062153989764e-07,0.6508210430924544,0.6508197841969001
3183,0.4056953801561303,0.40569597017133346,5.900152031390604e-07,0.6508210409242139,0.6508197841977039
3184,0.4056953807622419,0.4056959701711084,5.894088665470143e-07,0.6508210387559731,0.6508197841985073
3185,0.4056953813683535,0.4056959701708833,5.888025298439459e-07,0.6508210365877327,0.6508197841993106
3186,0.4056953819744649,0.4056959701706582,5.881961933074109e-07,0.6508210344194926,0.6508197842001142
3187,0.4056953825805765,0.4056959701704332,5.875898566598536e-07,0.6508210322512519,0.6508197842009178
3188,0.405695383186688,0.40569597017020825,5.86983520234341e-07,0.6508210300830118,0.6508197842017214
3189,0.40569538379279924,0.40569597016998327,5.863771840308729e-07,0.6508210279147707,0.650819784202525
3190,0.40569538439891095,0.4056959701697583,5.857708473278045e-07,0.6508210257465312,0.6508197842033284
3191,0.4056953850050221,0.40569597016953335,5.851645112353587e-07,0.6508210235782901,0.650819784204132
3192,0.40569538561113344,0.40569597016930836,5.845581749208684e-07,0.6508210214100498,0.6508197842049356
3193,0.40569538621724466,0.40569597016908343,5.839518387729115e-07,0.6508210192418091,0.6508197842057386
3194,0.40569538682335615,0.4056959701688584,5.833455022363765e-07,0.6508210170735693,0.6508197842065424
3195,0.40569538742946737,0.4056959701686333,5.827391659218861e-07,0.6508210149053286,0.6508197842073458
3196,0.4056953880355785,0.4056959701684085,5.82132830051485e-07,0.6508210127370881,0.6508197842081497
3197,0.4056953886416898,0.40569597016818343,5.815264936259723e-07,0.6508210105688482,0.6508197842089526
3198,0.40569538924780085,0.4056959701679584,5.809201575335265e-07,0.6508210084006081,0.6508197842097562
3199,0.4056953898539119,0.4056959701677335,5.803138216076142e-07,0.6508210062323674,0.6508197842105596
3200,0.40569539046002306,0.4056959701675085,5.797074854596573e-07,0.6508210040641271,0.6508197842113634
3201,0.40569539106613384,0.40569597016728365,5.791011498113008e-07,0.6508210018958867,0.6508197842121667
3202,0.4056953916722449,0.4056959701670588,5.784948138853885e-07,0.650820999727646,0.6508197842129702
3203,0.4056953922783558,0.4056959701668339,5.778884780704985e-07,0.6508209975594056,0.6508197842137737
3204,0.4056953928844667,0.40569597016660885,5.772821421445862e-07,0.6508209953911654,0.6508197842145771
3205,0.4056953934905777,0.40569597016638387,5.766758061631627e-07,0.6508209932229254,0.6508197842153808
3206,0.40569539409668853,0.40569597016615894,5.760694704037839e-07,0.6508209910546849,0.6508197842161842
3207,0.40569539470279936,0.4056959701659341,5.754631347554273e-07,0.6508209888864447,0.6508197842169869
3208,0.40569539530891,0.4056959701657093,5.748567992736042e-07,0.6508209867182042,0.6508197842177914
3209,0.40569539591502085,0.40569597016548414,5.742504632921808e-07,0.6508209845499643,0.6508197842185944
3210,0.4056953965211315,0.40569597016525927,5.736441277548465e-07,0.6508209823817239,0.6508197842193977
3211,0.40569539712724234,0.4056959701650344,5.730377920509788e-07,0.6508209802134838,0.6508197842202015
3212,0.40569539773335284,0.4056959701648095,5.72431456680178e-07,0.6508209780452434,0.6508197842210048
3213,0.40569539833946344,0.4056959701645846,5.718251211428438e-07,0.6508209758770033,0.6508197842218084
3214,0.40569539894557394,0.4056959701643596,5.712187856610207e-07,0.6508209737087631,0.6508197842226118
3215,0.40569539955168443,0.4056959701641348,5.70612450345731e-07,0.6508209715405227,0.6508197842234154
3216,0.4056954001577949,0.40569597016390974,5.700061148083968e-07,0.6508209693722823,0.6508197842242189
3217,0.40569540076390537,0.4056959701636849,5.693997795486183e-07,0.650820967204042,0.650819784225022
3218,0.4056954013700159,0.40569597016345993,5.687934440112841e-07,0.6508209650358016,0.6508197842258256
3219,0.40569540197612636,0.405695970163235,5.681871086404833e-07,0.6508209628675619,0.650819784226629
3220,0.4056954025822365,0.40569597016300996,5.675807734362159e-07,0.6508209606993212,0.6508197842274324
3221,0.40569540318834696,0.4056959701627852,5.669744382319486e-07,0.6508209585310814,0.6508197842282358
3222,0.40569540379445707,0.40569597016256026,5.663681031942147e-07,0.6508209563628415,0.6508197842290393
3223,0.4056954044005673,0.40569597016233544,5.657617681564808e-07,0.650820954194601,0.6508197842298423
3224,0.40569540500667733,0.4056959701621107,5.651554333407915e-07,0.6508209520263606,0.6508197842306465
3225,0.40569540561278755,0.4056959701618858,5.645490982475465e-07,0.6508209498581206,0.6508197842314498
3226,0.4056954062188977,0.4056959701616608,5.639427630987903e-07,0.6508209476898805,0.650819784232253
3227,0.40569540682500765,0.405695970161436,5.633364283386122e-07,0.6508209455216403,0.6508197842330564
3228,0.40569540743111776,0.4056959701612111,5.627300933563895e-07,0.6508209433534005,0.6508197842338597
3229,0.40569540803722764,0.40569597016098635,5.621237587072336e-07,0.6508209411851602,0.6508197842346635
3230,0.40569540864333753,0.40569597016076137,5.615174238360332e-07,0.6508209390169204,0.6508197842354668
3231,0.4056954092494474,0.4056959701605365,5.609110890758551e-07,0.65082093684868,0.6508197842362703
3232,0.40569540985555713,0.4056959701603118,5.603047546487439e-07,0.6508209346804398,0.6508197842370738
3233,0.40569541046166696,0.4056959701600868,5.596984198330546e-07,0.6508209325121996,0.6508197842378767
3234,0.40569541106777673,0.4056959701598619,5.590920851838987e-07,0.6508209303439592,0.6508197842386803
3235,0.4056954116738865,0.4056959701596371,5.584857505902541e-07,0.6508209281757198,0.6508197842394836
3236,0.40569541227999617,0.4056959701594121,5.578794159410982e-07,0.65082092600748,0.6508197842402873
3237,0.40569541288610583,0.40569597015918746,5.572730816250093e-07,0.6508209238392402,0.650819784241091
3238,0.4056954134922153,0.40569597015896264,5.566667473644316e-07,0.6508209216709995,0.6508197842418944
3239,0.4056954140983246,0.4056959701587377,5.560604131038538e-07,0.6508209195027592,0.6508197842426977
3240,0.4056954147044343,0.4056959701585129,5.554540785657203e-07,0.6508209173345201,0.6508197842435012
3241,0.4056954153105437,0.40569597015828823,5.548477445271871e-07,0.6508209151662796,0.650819784244305
3242,0.405695415916653,0.4056959701580634,5.542414104331428e-07,0.650820912998039,0.650819784245108
3243,0.4056954165227625,0.40569597015783865,5.53635076172565e-07,0.6508209108297991,0.6508197842459118
3244,0.40569541712887197,0.4056959701576139,5.530287419119873e-07,0.6508209086615596,0.650819784246715
3245,0.4056954177349811,0.4056959701573893,5.52422408206521e-07,0.6508209064933195,0.6508197842475186
3246,0.4056954183410903,0.40569597015716435,5.518160740569655e-07,0.6508209043250791,0.6508197842483217
3247,0.40569541894719957,0.4056959701569396,5.512097400184324e-07,0.6508209021568392,0.6508197842491257
3248,0.4056954195533088,0.40569597015671477,5.506034059798992e-07,0.6508208999885996,0.6508197842499289
3249,0.4056954201594179,0.40569597015649006,5.499970721634106e-07,0.6508208978203593,0.650819784250732
3250,0.4056954207655271,0.4056959701562653,5.493907381803886e-07,0.6508208956521194,0.6508197842515354
3251,0.4056954213716361,0.4056959701560406,5.487844044749224e-07,0.6508208934838791,0.6508197842523396
3252,0.4056954219777452,0.40569597015581577,5.481780705474115e-07,0.6508208913156395,0.6508197842531424
3253,0.4056954225838544,0.4056959701555911,5.47571736730923e-07,0.6508208891473998,0.6508197842539458
3254,0.40569542318996316,0.4056959701553663,5.46965403136479e-07,0.6508208869791597,0.650819784254749
3255,0.4056954237960721,0.4056959701551415,5.463590694310128e-07,0.6508208848109198,0.6508197842555524
3256,0.405695424402181,0.4056959701549169,5.4575273589208e-07,0.65082088264268,0.6508197842563559
3257,0.4056954250082899,0.4056959701546921,5.451464021866137e-07,0.65082088047444,0.6508197842571593
3258,0.4056954256143986,0.4056959701544673,5.44540068703192e-07,0.6508208783061997,0.6508197842579628
3259,0.4056954262205076,0.4056959701542424,5.439337348311923e-07,0.6508208761379602,0.6508197842587653
3260,0.40569542682661625,0.40569597015401776,5.433274015143041e-07,0.6508208739697201,0.6508197842595695
3261,0.4056954274327251,0.40569597015379294,5.42721067864349e-07,0.6508208718014805,0.6508197842603728
3262,0.4056954280388337,0.405695970153568,5.421147343254162e-07,0.6508208696332405,0.650819784261176
3263,0.4056954286449423,0.40569597015334347,5.415084011750615e-07,0.6508208674650007,0.6508197842619795
3264,0.40569542925105095,0.40569597015311853,5.409020675806175e-07,0.6508208652967613,0.6508197842627825
3265,0.40569542985715956,0.4056959701528939,5.402957343192405e-07,0.650820863128521,0.6508197842635859
3266,0.40569543046326806,0.40569597015266917,5.396894011133746e-07,0.650820860960281,0.6508197842643895
3267,0.4056954310693767,0.40569597015244446,5.390830677409753e-07,0.6508208587920415,0.650819784265193
3268,0.405695431675485,0.4056959701522198,5.384767348126651e-07,0.6508208566238014,0.6508197842659963
3269,0.40569543228159344,0.405695970151995,5.378704015512881e-07,0.6508208544555616,0.6508197842667995
3270,0.40569543288770177,0.4056959701517703,5.372640685119556e-07,0.650820852287322,0.6508197842676027
3271,0.4056954334938102,0.40569597015154546,5.366577352505786e-07,0.6508208501190826,0.6508197842684063
3272,0.40569543409991854,0.40569597015132075,5.360514022112461e-07,0.6508208479508428,0.6508197842692098
3273,0.4056954347060267,0.4056959701510959,5.354450691719137e-07,0.6508208457826029,0.6508197842700132
3274,0.4056954353121347,0.40569597015087105,5.348387363546259e-07,0.6508208436143627,0.6508197842708164
3275,0.40569543591824286,0.4056959701506464,5.34232403537338e-07,0.6508208414461236,0.65081978427162
3276,0.40569543652435097,0.4056959701504217,5.336260707200502e-07,0.6508208392778836,0.6508197842724242
3277,0.4056954371304591,0.4056959701501968,5.330197377362289e-07,0.6508208371096438,0.6508197842732267
3278,0.40569543773656697,0.4056959701499722,5.32413405252008e-07,0.6508208349414037,0.6508197842740302
3279,0.40569543834267496,0.4056959701497474,5.318070724347201e-07,0.6508208327731644,0.6508197842748333
3280,0.40569543894878285,0.4056959701495227,5.312007398394769e-07,0.6508208306049242,0.6508197842756371
3281,0.4056954395548909,0.40569597014929804,5.305944071332114e-07,0.6508208284366848,0.65081978427644
3282,0.40569544016099884,0.40569597014907327,5.299880744269458e-07,0.6508208262684458,0.6508197842772434
3283,0.40569544076710634,0.4056959701488486,5.293817422757918e-07,0.6508208241002054,0.6508197842780473
3284,0.4056954413732143,0.4056959701486239,5.287754096250374e-07,0.6508208219319657,0.6508197842788503
3285,0.40569544197932217,0.40569597014839925,5.281690770853054e-07,0.6508208197637264,0.6508197842796537
3286,0.4056954425854299,0.40569597014817466,5.275627447676179e-07,0.6508208175954868,0.6508197842804571
3287,0.4056954431915374,0.40569597014794995,5.269564125609527e-07,0.6508208154272465,0.6508197842812604
3288,0.4056954437976452,0.40569597014772535,5.263500801322429e-07,0.6508208132590076,0.6508197842820639
3289,0.4056954444037528,0.40569597014750053,5.257437477035332e-07,0.6508208110907678,0.6508197842828674
3290,0.4056954450098604,0.4056959701472759,5.25137415496868e-07,0.6508208089225279,0.6508197842836709
3291,0.40569544561596804,0.40569597014705105,5.245310830126471e-07,0.6508208067542885,0.650819784284474
3292,0.40569544622207543,0.40569597014682635,5.239247509170042e-07,0.6508208045860491,0.650819784285278
3293,0.40569544682818287,0.4056959701466016,5.23318418710339e-07,0.6508208024178094,0.6508197842860807
3294,0.40569544743429037,0.40569597014637687,5.227120865036738e-07,0.6508208002495699,0.6508197842868839
3295,0.40569544804039764,0.40569597014615216,5.221057545190533e-07,0.6508207980813299,0.6508197842876873
3296,0.4056954486465049,0.40569597014592745,5.214994225344327e-07,0.6508207959130904,0.6508197842884907
3297,0.40569544925261225,0.4056959701457028,5.208930905498121e-07,0.6508207937448511,0.6508197842892941
3298,0.40569544985871964,0.40569597014547815,5.202867585096804e-07,0.6508207915766114,0.6508197842900978
3299,0.40569545046482686,0.4056959701452535,5.196804266360822e-07,0.650820789408372,0.6508197842909014
3300,0.405695451070934,0.4056959701450288,5.190740947624839e-07,0.6508207872401321,0.6508197842917043
3301,0.40569545167704113,0.4056959701448042,5.184677630554191e-07,0.6508207850718927,0.6508197842925075
3302,0.40569545228314824,0.40569597014457953,5.178614312928431e-07,0.6508207829036535,0.6508197842933112
3303,0.40569545288925524,0.40569597014435493,5.172550996968006e-07,0.6508207807354132,0.6508197842941144
3304,0.4056954534953622,0.4056959701441303,5.166487681007581e-07,0.6508207785671745,0.6508197842949173
3305,0.4056954541014691,0.4056959701439056,5.160424365047156e-07,0.6508207763989352,0.6508197842957211
3306,0.405695454707576,0.4056959701436808,5.154361047976508e-07,0.6508207742306955,0.650819784296524
3307,0.4056954553136828,0.4056959701434563,5.148297735346752e-07,0.6508207720624557,0.6508197842973278
3308,0.40569545591978956,0.4056959701432316,5.14223442049655e-07,0.6508207698942163,0.650819784298131
3309,0.4056954565258961,0.40569597014300707,5.136171109532128e-07,0.650820767725977,0.6508197842989345
3310,0.405695457132003,0.40569597014278247,5.130107794681926e-07,0.6508207655577377,0.650819784299738
3311,0.4056954577381097,0.4056959701425577,5.124044479831724e-07,0.6508207633894981,0.6508197843005412
3312,0.4056954583442165,0.40569597014233305,5.117981165536634e-07,0.6508207612212593,0.6508197843013446
3313,0.40569545895032305,0.4056959701421084,5.111917853461989e-07,0.6508207590530191,0.6508197843021477
3314,0.4056954595564297,0.40569597014188385,5.105854541387345e-07,0.6508207568847798,0.6508197843029508
3315,0.4056954601625362,0.40569597014165937,5.099791231533146e-07,0.6508207547165403,0.6508197843037544
3316,0.40569546076864266,0.40569597014143466,5.093727920013613e-07,0.6508207525483007,0.650819784304558
3317,0.4056954613747494,0.4056959701412099,5.087664605163411e-07,0.6508207503800619,0.6508197843053611
3318,0.4056954619808556,0.40569597014098513,5.081601295309213e-07,0.6508207482118226,0.6508197843061645
3319,0.405695462586962,0.40569597014076053,5.075537985455014e-07,0.6508207460435829,0.6508197843069676
3320,0.4056954631930683,0.4056959701405359,5.069474675600816e-07,0.6508207438753439,0.6508197843077712
3321,0.4056954637991746,0.40569597014031117,5.063411365746617e-07,0.6508207417071039,0.6508197843085743
3322,0.405695464405281,0.4056959701400867,5.057348057002642e-07,0.6508207395388648,0.6508197843093779
3323,0.4056954650113871,0.4056959701398621,5.051284749924001e-07,0.6508207373706253,0.6508197843101815
3324,0.4056954656174933,0.4056959701396374,5.045221440624914e-07,0.650820735202386,0.6508197843109842
3325,0.4056954662235995,0.4056959701394129,5.039158134101385e-07,0.6508207330341467,0.6508197843117879
3326,0.4056954668297057,0.4056959701391881,5.033094824247186e-07,0.6508207308659079,0.6508197843125916
3327,0.4056954674358117,0.40569597013896347,5.027031517723657e-07,0.6508207286976679,0.6508197843133953
3328,0.4056954680419178,0.40569597013873876,5.020968209534793e-07,0.6508207265294292,0.6508197843141981
3329,0.4056954686480238,0.40569597013851416,5.014904903566375e-07,0.6508207243611897,0.6508197843150018
3330,0.40569546925412986,0.40569597013828934,5.0088415948224e-07,0.6508207221929508,0.6508197843158048
3331,0.40569546986023575,0.4056959701380648,5.002778290519316e-07,0.6508207200247109,0.6508197843166083
3332,0.4056954704663416,0.40569597013784003,4.996714984550898e-07,0.6508207178564716,0.6508197843174114
3333,0.4056954710724474,0.40569597013761555,4.990651681358038e-07,0.6508207156882331,0.6508197843182153
3334,0.4056954716785531,0.40569597013739084,4.984588377610066e-07,0.6508207135199935,0.6508197843190179
3335,0.4056954722846591,0.4056959701371663,4.97852507219676e-07,0.6508207113517545,0.6508197843198215
3336,0.4056954728907646,0.40569597013694153,4.972461769559011e-07,0.6508207091835145,0.6508197843206243
3337,0.4056954734968703,0.4056959701367169,4.966398465811039e-07,0.6508207070152755,0.6508197843214281
3338,0.40569547410297596,0.4056959701364922,4.960335162618179e-07,0.6508207048470371,0.650819784322231
3339,0.4056954747090814,0.4056959701362675,4.954271861090653e-07,0.6508207026787975,0.6508197843230347
3340,0.40569547531518696,0.4056959701360428,4.948208558452905e-07,0.6508207005105581,0.650819784323838
3341,0.4056954759212924,0.4056959701358182,4.942145258035602e-07,0.6508206983423188,0.6508197843246415
3342,0.4056954765273978,0.40569597013559366,4.936081958728522e-07,0.6508206961740796,0.6508197843254453
3343,0.40569547713350335,0.40569597013536884,4.93001865498055e-07,0.650820694005841,0.6508197843262479
3344,0.4056954777396085,0.4056959701351443,4.923955357893917e-07,0.6508206918376012,0.6508197843270513
3345,0.4056954783457138,0.4056959701349196,4.917892058031725e-07,0.650820689669362,0.6508197843278546
3346,0.40569547895181907,0.405695970134695,4.911828759279757e-07,0.6508206875011229,0.6508197843286582
3347,0.40569547955792434,0.4056959701344704,4.905765460527789e-07,0.6508206853328842,0.6508197843294612
3348,0.4056954801640295,0.4056959701342458,4.899702162886044e-07,0.6508206831646446,0.6508197843302647
3349,0.4056954807701347,0.40569597013402114,4.893638864689187e-07,0.6508206809964054,0.6508197843310681
3350,0.40569548137624006,0.4056959701337966,4.887575565382107e-07,0.6508206788281669,0.650819784331872
3351,0.40569548198234506,0.40569597013357184,4.881512267740362e-07,0.6508206766599276,0.6508197843326747
3352,0.4056954825884502,0.4056959701333473,4.87544897120884e-07,0.6508206744916888,0.6508197843334781
3353,0.40569548319455506,0.4056959701331227,4.869385676342652e-07,0.6508206723234491,0.6508197843342816
3354,0.40569548380065995,0.405695970132898,4.863322380366242e-07,0.6508206701552103,0.6508197843350845
3355,0.405695484406765,0.4056959701326733,4.857259082724497e-07,0.6508206679869711,0.6508197843358878
3356,0.4056954850128699,0.4056959701324487,4.851195787858309e-07,0.6508206658187322,0.6508197843366916
3357,0.40569548561897484,0.40569597013222414,4.845132492992121e-07,0.6508206636504935,0.6508197843374952
3358,0.4056954862250796,0.4056959701319993,4.839069197015711e-07,0.6508206614822543,0.6508197843382981
3359,0.4056954868311845,0.40569597013177466,4.833005901594412e-07,0.6508206593140156,0.6508197843391016
3360,0.40569548743728906,0.40569597013154995,4.82694260894867e-07,0.6508206571457762,0.6508197843399046
3361,0.40569548804339356,0.40569597013132547,4.820879319078486e-07,0.6508206549775373,0.6508197843407079
3362,0.4056954886494983,0.4056959701311008,4.814816025322521e-07,0.6508206528092984,0.6508197843415111
3363,0.4056954892556028,0.40569597013087627,4.808752734897226e-07,0.650820650641059,0.650819784342315
3364,0.40569548986170745,0.40569597013065184,4.802689443916819e-07,0.6508206484728205,0.6508197843431185
3365,0.405695490467812,0.4056959701304272,4.796626151826189e-07,0.6508206463045811,0.6508197843439215
3366,0.40569549107391656,0.4056959701302024,4.790562858625336e-07,0.6508206441363424,0.650819784344725
3367,0.405695491680021,0.4056959701299779,4.784499568755152e-07,0.6508206419681035,0.6508197843455286
3368,0.4056954922861255,0.40569597012975317,4.778436276664522e-07,0.6508206397998642,0.6508197843463315
3369,0.4056954928922298,0.4056959701295285,4.772372987349449e-07,0.6508206376316248,0.6508197843471349
3370,0.40569549349833417,0.40569597012930386,4.7663096969241536e-07,0.6508206354633865,0.6508197843479383
3371,0.40569549410443845,0.40569597012907926,4.7602464081641926e-07,0.6508206332951476,0.6508197843487413
3372,0.40569549471054267,0.4056959701288546,4.7541831194042317e-07,0.6508206311269087,0.6508197843495444
3373,0.40569549531664684,0.40569597012862996,4.748119831199382e-07,0.6508206289586698,0.6508197843503482
3374,0.405695495922751,0.40569597012840536,4.742056543549644e-07,0.6508206267904308,0.6508197843511518
3375,0.4056954965288551,0.4056959701281807,4.7359932558999063e-07,0.6508206246221924,0.6508197843519548
3376,0.40569549713495917,0.40569597012795616,4.729929969915503e-07,0.6508206224539533,0.6508197843527581
3377,0.405695497741063,0.40569597012773145,4.723866684486211e-07,0.6508206202857142,0.6508197843535615
3378,0.4056954983471673,0.40569597012750697,4.717803396836473e-07,0.6508206181174756,0.650819784354365
3379,0.4056954989532711,0.40569597012728226,4.711740111407181e-07,0.6508206159492362,0.6508197843551684
3380,0.40569549955937506,0.4056959701270576,4.7056768254227777e-07,0.6508206137809979,0.6508197843559709
3381,0.40569550016547895,0.40569597012683306,4.699613541103709e-07,0.6508206116127591,0.6508197843567743
3382,0.40569550077158273,0.4056959701266086,4.6935502584499744e-07,0.6508206094445197,0.6508197843575784
3383,0.4056955013776866,0.40569597012638386,4.687486972465571e-07,0.650820607276281,0.6508197843583815
3384,0.4056955019837904,0.40569597012615916,4.6814236875913906e-07,0.6508206051080426,0.6508197843591846
3385,0.40569550258989406,0.4056959701259347,4.675360406602991e-07,0.6508206029398034,0.6508197843599883
3386,0.40569550319599784,0.40569597012571007,4.669297122283922e-07,0.6508206007715647,0.6508197843607916
3387,0.40569550380210134,0.40569597012548536,4.663233840185299e-07,0.6508205986033255,0.6508197843615943
3388,0.4056955044082049,0.40569597012526076,4.657170558641788e-07,0.650820596435087,0.650819784362398
3389,0.4056955050143084,0.4056959701250363,4.651107278763611e-07,0.6508205942668482,0.6508197843632015
3390,0.40569550562041184,0.4056959701248118,4.6450439994405457e-07,0.6508205920986099,0.6508197843640047
3391,0.4056955062265151,0.40569597012458714,4.6389807201174804e-07,0.6508205899303708,0.6508197843648078
3392,0.4056955068326184,0.4056959701243624,4.6329174402393036e-07,0.6508205877621323,0.650819784365611
3393,0.40569550743872185,0.405695970124138,4.62685416147135e-07,0.6508205855938939,0.6508197843664147
3394,0.4056955080448251,0.4056959701239134,4.620790882703396e-07,0.6508205834256551,0.6508197843672179
3395,0.4056955086509283,0.4056959701236889,4.6147276061558884e-07,0.6508205812574159,0.6508197843680217
3396,0.4056955092570315,0.4056959701234643,4.608664327943046e-07,0.6508205790891775,0.6508197843688242
3397,0.40569550986313463,0.40569597012323977,4.6026010513955384e-07,0.6508205769209388,0.6508197843696277
3398,0.40569551046923785,0.4056959701230152,4.5965377737378077e-07,0.6508205747526999,0.6508197843704311
3399,0.4056955110753409,0.4056959701227907,4.5904744977454115e-07,0.6508205725844616,0.6508197843712342
3400,0.4056955116814441,0.4056959701225661,4.584411220087681e-07,0.6508205704162227,0.6508197843720374
3401,0.405695512287547,0.4056959701223416,4.578347945760619e-07,0.6508205682479843,0.650819784372841
3402,0.40569551289365,0.40569597012211694,4.5722846692131114e-07,0.6508205660797459,0.6508197843736441
3403,0.40569551349975297,0.4056959701218924,4.566221394330938e-07,0.650820563911507,0.6508197843744477
3404,0.40569551410585597,0.40569597012166786,4.5601581188936535e-07,0.6508205617432685,0.650819784375251
3405,0.405695514711959,0.40569597012144315,4.554094841235923e-07,0.6508205595750303,0.6508197843760536
3406,0.4056955153180618,0.4056959701212185,4.548031566908861e-07,0.6508205574067911,0.6508197843768577
3407,0.4056955159241645,0.4056959701209939,4.541968294247134e-07,0.6508205552385526,0.6508197843776611
3408,0.4056955165302673,0.40569597012076936,4.535905020475184e-07,0.6508205530703145,0.6508197843784644
3409,0.40569551713637003,0.4056959701205448,4.5298417478134567e-07,0.6508205509020755,0.6508197843792678
3410,0.40569551774247287,0.4056959701203203,4.523778474596618e-07,0.6508205487338371,0.6508197843800712
3411,0.4056955183485755,0.4056959701200956,4.5177152013797794e-07,0.6508205465655987,0.6508197843808743
3412,0.4056955189546779,0.405695970119871,4.5116519309384984e-07,0.6508205443973596,0.6508197843816778
3413,0.40569551956078065,0.40569597011964637,4.505588657166548e-07,0.6508205422291209,0.650819784382481
3414,0.40569552016688315,0.4056959701194218,4.499525386725267e-07,0.6508205400608825,0.6508197843832841
3415,0.4056955207729855,0.40569597011919734,4.493462118504432e-07,0.6508205378926442,0.6508197843840876
3416,0.40569552137908804,0.40569597011897274,4.487398846952928e-07,0.6508205357244058,0.6508197843848911
3417,0.40569552198519027,0.4056959701187482,4.4813355792872045e-07,0.6508205335561668,0.6508197843856942
3418,0.4056955225912927,0.4056959701185237,4.4752723099561464e-07,0.6508205313879283,0.6508197843864971
3419,0.4056955231973951,0.40569597011829917,4.4692090406250884e-07,0.6508205292196902,0.6508197843873006
3420,0.4056955238034973,0.40569597011807446,4.4631457712940303e-07,0.6508205270514513,0.6508197843881041
3421,0.40569552440959966,0.4056959701178499,4.457082502518084e-07,0.6508205248832131,0.6508197843889079
3422,0.40569552501570194,0.40569597011762526,4.451019233187026e-07,0.6508205227149748,0.6508197843897106
3423,0.4056955256218039,0.40569597011740066,4.4449559677417483e-07,0.6508205205467358,0.6508197843905139
3424,0.4056955262279061,0.40569597011717606,4.438892699520913e-07,0.6508205183784981,0.6508197843913172
3425,0.40569552683400817,0.40569597011695147,4.432829432965413e-07,0.6508205162102594,0.650819784392121
3426,0.4056955274401101,0.4056959701167268,4.426766166965024e-07,0.6508205140420209,0.6508197843929242
3427,0.40569552804621206,0.4056959701165021,4.4207029004095233e-07,0.6508205118737822,0.6508197843937273
3428,0.4056955286523139,0.4056959701162775,4.414639636074469e-07,0.6508205097055438,0.6508197843945306
3429,0.405695529258416,0.4056959701160528,4.408576367853634e-07,0.6508205075373059,0.650819784395334
3430,0.40569552986451796,0.40569597011582836,4.402513104073691e-07,0.6508205053690672,0.6508197843961374
3431,0.4056955304706196,0.40569597011560365,4.396449840293748e-07,0.650820503200829,0.6508197843969409
3432,0.40569553107672135,0.4056959701153792,4.390386578734251e-07,0.6508205010325907,0.6508197843977443
3433,0.40569553168282324,0.4056959701151547,4.3843233143991966e-07,0.6508204988643523,0.6508197843985476
3434,0.40569553228892485,0.40569597011493,4.378260051729477e-07,0.6508204966961141,0.6508197843993507
3435,0.4056955328950264,0.4056959701147056,4.3721967918353144e-07,0.6508204945278753,0.6508197844001543
3436,0.405695533501128,0.405695970114481,4.366133529720706e-07,0.650820492359637,0.6508197844009573
3437,0.40569553410722964,0.4056959701142564,4.3600702676060976e-07,0.6508204901913996,0.6508197844017607
3438,0.4056955347133311,0.4056959701140318,4.354007007156824e-07,0.6508204880231607,0.6508197844025634
3439,0.4056955353194326,0.40569597011380715,4.347943745597327e-07,0.6508204858549225,0.650819784403367
3440,0.40569553592553387,0.40569597011358255,4.3418804868133876e-07,0.6508204836866842,0.6508197844041699
3441,0.40569553653163537,0.40569597011335806,4.335817226919225e-07,0.6508204815184462,0.6508197844049736
3442,0.4056955371377366,0.4056959701131334,4.329753968135286e-07,0.6508204793502071,0.6508197844057769
3443,0.4056955377438382,0.405695970112909,4.323690707686012e-07,0.6508204771819694,0.6508197844065802
3444,0.40569553834993927,0.40569597011268427,4.317627450012296e-07,0.6508204750137307,0.6508197844073834
3445,0.4056955389560406,0.40569597011245967,4.311564190673245e-07,0.6508204728454932,0.6508197844081868
3446,0.40569553956214177,0.4056959701122352,4.3055009341097517e-07,0.6508204706772548,0.6508197844089896
3447,0.4056955401682427,0.4056959701120107,4.2994376797667044e-07,0.6508204685090162,0.6508197844097934
3448,0.40569554077434383,0.40569597011178604,4.293374422092988e-07,0.6508204663407778,0.650819784410597
3449,0.4056955413804449,0.40569597011156155,4.287311166639718e-07,0.6508204641725404,0.6508197844114003
3450,0.40569554198654584,0.4056959701113368,4.281247909521113e-07,0.6508204620043014,0.6508197844122037
3451,0.405695542592647,0.4056959701111123,4.27518465295762e-07,0.6508204598360636,0.6508197844130068
3452,0.4056955431987479,0.40569597011088776,4.2691213986145726e-07,0.6508204576678253,0.6508197844138102
3453,0.4056955438048487,0.4056959701106632,4.2630581453817484e-07,0.6508204554995869,0.6508197844146137
3454,0.4056955444109495,0.40569597011043856,4.2569948904835897e-07,0.6508204533313486,0.6508197844154167
3455,0.4056955450170503,0.40569597011021397,4.250931636695654e-07,0.6508204511631107,0.6508197844162203
3456,0.40569554562315097,0.4056959701099893,4.24486838346283e-07,0.650820448994872,0.6508197844170235
3457,0.4056955462292518,0.40569597010976466,4.238805128564671e-07,0.6508204468266343,0.6508197844178266
3458,0.40569554683535236,0.4056959701095401,4.232741877552293e-07,0.6508204446583961,0.65081978441863
3459,0.4056955474414531,0.4056959701093155,4.2266786243194687e-07,0.650820442490158,0.6508197844194336
3460,0.4056955480475537,0.4056959701090909,4.2206153721968676e-07,0.6508204403219204,0.6508197844202365
3461,0.4056955486536543,0.4056959701088663,4.2145521200742664e-07,0.6508204381536824,0.6508197844210397
3462,0.4056955492597549,0.40569597010864195,4.208488870727223e-07,0.6508204359854441,0.6508197844218431
3463,0.40569554986585515,0.4056959701084173,4.202425621380179e-07,0.6508204338172057,0.6508197844226464
3464,0.4056955504719557,0.4056959701081927,4.1963623698126895e-07,0.6508204316489681,0.6508197844234499
3465,0.40569555107805605,0.40569597010796815,4.1902991210207574e-07,0.6508204294807298,0.6508197844242531
3466,0.40569555168415644,0.4056959701077436,4.184235871673714e-07,0.650820427312492,0.6508197844250566
3467,0.40569555229025683,0.40569597010751907,4.17817262232667e-07,0.6508204251442539,0.65081978442586
3468,0.4056955528963571,0.4056959701072946,4.172109374644961e-07,0.6508204229760157,0.6508197844266631
3469,0.40569555350245734,0.4056959701070702,4.1660461286285866e-07,0.6508204208077778,0.6508197844274668
3470,0.40569555410855757,0.40569597010684544,4.1599828787264315e-07,0.6508204186395399,0.6508197844282696
3471,0.40569555471465757,0.4056959701066209,4.1539196332651684e-07,0.6508204164713014,0.650819784429073
3472,0.40569555532075774,0.4056959701063962,4.1478563844732363e-07,0.6508204143030634,0.6508197844298762
3473,0.405695555926858,0.40569597010617164,4.141793136236416e-07,0.6508204121348256,0.6508197844306798
3474,0.40569555653295797,0.40569597010594716,4.135729891885376e-07,0.650820409966588,0.6508197844314829
3475,0.405695557139058,0.40569597010572256,4.1296666453138897e-07,0.6508204077983497,0.6508197844322864
3476,0.405695557745158,0.40569597010549807,4.1236034009628497e-07,0.6508204056301119,0.6508197844330896
3477,0.405695558351258,0.4056959701052735,4.117540154946475e-07,0.6508204034618738,0.6508197844338929
3478,0.4056955589573576,0.40569597010504876,4.111476911705658e-07,0.6508204012936354,0.6508197844346961
3479,0.4056955595634575,0.40569597010482433,4.105413668464841e-07,0.6508203991253978,0.6508197844354996
3480,0.40569556016955727,0.4056959701045998,4.099350425224024e-07,0.6508203969571602,0.6508197844363028
3481,0.40569556077565694,0.4056959701043752,4.093287182538319e-07,0.650820394788922,0.6508197844371058
3482,0.4056955613817567,0.4056959701041507,4.0872239398526133e-07,0.650820392620684,0.6508197844379098
3483,0.4056955619878561,0.4056959701039261,4.0811606999424654e-07,0.6508203904524453,0.6508197844387132
3484,0.4056955625939559,0.4056959701037015,4.075097456146537e-07,0.6508203882842085,0.6508197844395159
3485,0.4056955632000553,0.4056959701034769,4.069034216236389e-07,0.6508203861159702,0.6508197844403191
3486,0.40569556380615474,0.40569597010325237,4.062970976326241e-07,0.6508203839477322,0.6508197844411225
3487,0.4056955644122543,0.4056959701030279,4.056907735860982e-07,0.6508203817794951,0.6508197844419261
3488,0.4056955650183538,0.40569597010280317,4.050844493730388e-07,0.6508203796112572,0.650819784442729
3489,0.4056955656244531,0.4056959701025788,4.044781257150909e-07,0.6508203774430189,0.6508197844435325
3490,0.40569556623055253,0.40569597010235436,4.038718018350984e-07,0.650820375274781,0.6508197844443361
3491,0.40569556683665187,0.40569597010212977,4.0326547789959477e-07,0.6508203731065432,0.6508197844451394
3492,0.40569556744275115,0.4056959701019051,4.0265915396409113e-07,0.650820370938306,0.650819784445942
3493,0.40569556804885043,0.4056959701016805,4.0205283008409864e-07,0.6508203687700677,0.6508197844467456
3494,0.40569556865494955,0.40569597010145597,4.0144650642615076e-07,0.65082036660183,0.650819784447549
3495,0.40569556926104866,0.40569597010123143,4.008401827682029e-07,0.6508203644335919,0.6508197844483521
3496,0.4056955698671477,0.40569597010100694,4.002338592212773e-07,0.6508203622653543,0.6508197844491559
3497,0.40569557047324695,0.40569597010078223,3.9962753528577366e-07,0.6508203600971167,0.6508197844499592
3498,0.40569557107934584,0.4056959701005576,3.990212117388481e-07,0.6508203579288788,0.6508197844507619
3499,0.40569557168544484,0.40569597010033304,3.984148881919225e-07,0.650820355760641,0.6508197844515655
3500,0.40569557229154374,0.40569597010010855,3.978085648115304e-07,0.6508203535924033,0.650819784452369
3501,0.4056955728976426,0.40569597009988406,3.972022414866494e-07,0.6508203514241654,0.6508197844531722
3502,0.4056955735037414,0.40569597009965935,3.965959179397238e-07,0.6508203492559279,0.6508197844539753
3503,0.4056955741098403,0.4056959700994349,3.9598959461484284e-07,0.6508203470876903,0.6508197844547791
3504,0.4056955747159392,0.4056959700992103,3.953832711234284e-07,0.650820344919453,0.6508197844555825
3505,0.4056955753220379,0.4056959700989858,3.947769478540586e-07,0.6508203427512147,0.6508197844563858
3506,0.4056955759281365,0.4056959700987612,3.9417062469571107e-07,0.6508203405829769,0.6508197844571891
3507,0.40569557653423527,0.4056959700985367,3.9356430142634125e-07,0.6508203384147393,0.6508197844579922
3508,0.40569557714033394,0.40569597009831215,3.9295797821248257e-07,0.6508203362465019,0.6508197844587951
3509,0.4056955777464325,0.40569597009808767,3.9235165516515735e-07,0.6508203340782639,0.6508197844595989
3510,0.405695578352531,0.40569597009786307,3.91745332062321e-07,0.6508203319100265,0.6508197844604018
3511,0.4056955789586296,0.4056959700976385,3.9113900890397346e-07,0.6508203297417887,0.6508197844612051
3512,0.4056955795647282,0.40569597009741404,3.9053268585664824e-07,0.650820327573551,0.6508197844620087
3513,0.4056955801708265,0.4056959700971895,3.899263629758565e-07,0.6508203254053135,0.6508197844628119
3514,0.405695580776925,0.405695970096965,3.893200399840424e-07,0.650820323237076,0.6508197844636154
3515,0.4056955813830232,0.4056959700967403,3.8871371710325064e-07,0.6508203210688385,0.6508197844644179
3516,0.4056955819891214,0.4056959700965158,3.8810739438899233e-07,0.6508203189006,0.6508197844652219
3517,0.40569558259521993,0.40569597009629127,3.875010713416671e-07,0.6508203167323633,0.6508197844660252
3518,0.40569558320131793,0.4056959700960666,3.8689474868291995e-07,0.6508203145641251,0.6508197844668284
3519,0.40569558380741616,0.4056959700958421,3.862884259131505e-07,0.6508203123958878,0.6508197844676319
3520,0.4056955844135143,0.4056959700956176,3.856821033099145e-07,0.6508203102276502,0.6508197844684349
3521,0.4056955850196124,0.405695970095393,3.8507578059565617e-07,0.6508203080594127,0.6508197844692388
3522,0.4056955856257104,0.40569597009516845,3.844694580479313e-07,0.6508203058911758,0.6508197844700416
3523,0.4056955862318084,0.4056959700949441,3.8386313572225106e-07,0.6508203037229379,0.6508197844708457
3524,0.4056955868379062,0.4056959700947194,3.8325681323003735e-07,0.6508203015547,0.6508197844716481
3525,0.4056955874440041,0.4056959700944949,3.826504907933348e-07,0.6508202993864629,0.6508197844724518
3526,0.4056955880501018,0.4056959700942703,3.8204416846765454e-07,0.6508202972182251,0.6508197844732546
3527,0.40569558865619965,0.4056959700940458,3.814378461419743e-07,0.6508202950499877,0.6508197844740582
3528,0.4056955892622974,0.40569597009382136,3.808315239828275e-07,0.6508202928817504,0.6508197844748618
3529,0.40569558986839505,0.40569597009359687,3.802252018236807e-07,0.6508202907135128,0.6508197844756647
3530,0.4056955904744927,0.4056959700933723,3.7961887960902274e-07,0.6508202885452752,0.6508197844764682
3531,0.4056955910805904,0.4056959700931479,3.790125575053871e-07,0.6508202863770376,0.6508197844772714
3532,0.4056955916866881,0.40569597009292324,3.784062351241957e-07,0.6508202842088004,0.6508197844780748
3533,0.4056955922927856,0.40569597009269853,3.7779991290953774e-07,0.6508202820405626,0.6508197844788777
3534,0.4056955928988833,0.40569597009247416,3.7719359086141324e-07,0.6508202798723258,0.650819784479681
3535,0.4056955935049807,0.40569597009224967,3.765872689798222e-07,0.6508202777040881,0.6508197844804848
3536,0.4056955941110783,0.4056959700920252,3.7598094687618655e-07,0.6508202755358508,0.6508197844812883
3537,0.40569559471717576,0.4056959700918004,3.753746246615286e-07,0.6508202733676137,0.6508197844820907
3538,0.40569559532327293,0.40569597009157593,3.7476830300198216e-07,0.6508202711993756,0.6508197844828942
3539,0.40569559592937027,0.40569597009135144,3.7416198117590227e-07,0.6508202690311383,0.6508197844836976
3540,0.4056955965354676,0.40569597009112696,3.735556593498224e-07,0.6508202668629015,0.6508197844845007
3541,0.4056955971415648,0.40569597009090225,3.7294933746823133e-07,0.6508202646946639,0.6508197844853039
3542,0.405695597747662,0.40569597009067776,3.7234301575317374e-07,0.6508202625264266,0.6508197844861074
3543,0.4056955983537591,0.4056959700904531,3.71736693982605e-07,0.650820260358189,0.6508197844869104
3544,0.40569559895985624,0.4056959700902287,3.7113037243408087e-07,0.650820258189952,0.6508197844877139
3545,0.4056955995659532,0.4056959700900042,3.7052405099657904e-07,0.6508202560217144,0.6508197844885173
3546,0.4056956001720502,0.40569597008977965,3.699177294480549e-07,0.6508202538534774,0.6508197844893208
3547,0.4056956007781472,0.40569597008955505,3.693114078440196e-07,0.6508202516852399,0.6508197844901239
3548,0.4056956013842441,0.40569597008933045,3.6870508635100663e-07,0.6508202495170027,0.650819784490927
3549,0.4056956019903409,0.40569597008910596,3.6809876508003825e-07,0.6508202473487653,0.6508197844917305
3550,0.4056956025964378,0.4056959700888815,3.6749244369804757e-07,0.6508202451805281,0.6508197844925336
3551,0.4056956032025345,0.405695970088657,3.6688612248259034e-07,0.6508202430122908,0.6508197844933372
3552,0.4056956038086312,0.4056959700884324,3.6627980121162196e-07,0.6508202408440532,0.6508197844941405
3553,0.40569560441472785,0.4056959700882078,3.656734799406536e-07,0.6508202386758156,0.6508197844949434
3554,0.4056956050208246,0.40569597008798325,3.650671586696852e-07,0.6508202365075788,0.6508197844957474
3555,0.4056956056269212,0.4056959700877588,3.644608376207614e-07,0.6508202343393412,0.6508197844965506
3556,0.4056956062330178,0.40569597008753416,3.6385451634979304e-07,0.6508202321711043,0.650819784497354
3557,0.4056956068391144,0.40569597008730973,3.632481953563804e-07,0.6508202300028667,0.6508197844981572
3558,0.40569560744521105,0.4056959700870852,3.626418741409232e-07,0.6508202278346298,0.6508197844989607
3559,0.4056956080513075,0.40569597008686054,3.6203555303648827e-07,0.6508202256663929,0.6508197844997632
3560,0.40569560865740395,0.405695970086636,3.6142923204307564e-07,0.6508202234981555,0.6508197845005667
3561,0.4056956092635004,0.4056959700864115,3.6082291110517417e-07,0.6508202213299186,0.6508197845013701
3562,0.4056956098695967,0.40569597008618696,3.60216590278295e-07,0.6508202191616812,0.6508197845021735
3563,0.40569561047569286,0.40569597008596237,3.59610269506927e-07,0.650820216993444,0.6508197845029768
3564,0.40569561108178925,0.40569597008573777,3.5900394851351436e-07,0.6508202148252068,0.6508197845037798
3565,0.4056956116878854,0.4056959700855131,3.583976276866352e-07,0.6508202126569695,0.6508197845045836
3566,0.4056956122939818,0.40569597008528857,3.577913067487337e-07,0.6508202104887326,0.6508197845053865
3567,0.40569561290007794,0.405695970085064,3.5718498603287685e-07,0.6508202083204954,0.6508197845061899
3568,0.4056956135061741,0.4056959700848394,3.5657866526150883e-07,0.6508202061522584,0.6508197845069932
3569,0.40569561411227023,0.40569597008461483,3.559723446011631e-07,0.6508202039840212,0.6508197845077967
3570,0.4056956147183663,0.4056959700843903,3.5536602399632855e-07,0.6508202018157843,0.6508197845085995
3571,0.40569561532446224,0.4056959700841658,3.5475970355802744e-07,0.6508201996475471,0.650819784509403
3572,0.40569561593055825,0.4056959700839413,3.541533830642152e-07,0.6508201974793102,0.6508197845102065
3573,0.40569561653665415,0.40569597008371666,3.5354706251489176e-07,0.6508201953110729,0.6508197845110093
3574,0.40569561714274976,0.40569597008349223,3.529407424651687e-07,0.6508201931428357,0.6508197845118128
3575,0.4056956177488457,0.40569597008326774,3.523344220268676e-07,0.6508201909745988,0.6508197845126162
3576,0.40569561835494145,0.40569597008304326,3.517281018106111e-07,0.6508201888063618,0.6508197845134197
3577,0.40569561896103723,0.4056959700828187,3.511217814833323e-07,0.6508201866381247,0.6508197845142233
3578,0.40569561956713285,0.4056959700825939,3.505154610450312e-07,0.6508201844698875,0.6508197845150259
3579,0.40569562017322863,0.4056959700823695,3.499091408842858e-07,0.6508201823016506,0.6508197845158293
3580,0.40569562077932425,0.405695970082145,3.4930282072354046e-07,0.6508201801334137,0.6508197845166328
3581,0.4056956213854198,0.40569597008192043,3.4869650061830626e-07,0.6508201779651767,0.6508197845174362
3582,0.4056956219915153,0.40569597008169583,3.4809018051307206e-07,0.6508201757969396,0.6508197845182399
3583,0.4056956225976106,0.4056959700814713,3.474838606853936e-07,0.6508201736287023,0.6508197845190423
3584,0.4056956232037061,0.40569597008124675,3.4687754063567056e-07,0.6508201714604656,0.6508197845198458
3585,0.40569562380980156,0.4056959700810223,3.4627122075248096e-07,0.650820169292229,0.6508197845206493
3586,0.40569562441589685,0.40569597008079766,3.456649008137802e-07,0.6508201671239924,0.6508197845214525
3587,0.4056956250219922,0.40569597008057323,3.450585810416129e-07,0.6508201649557551,0.6508197845222561
3588,0.4056956256280875,0.40569597008034874,3.444522612694456e-07,0.6508201627875179,0.6508197845230597
3589,0.4056956262341827,0.40569597008012404,3.4384594133074486e-07,0.6508201606192809,0.6508197845238626
3590,0.40569562684027793,0.40569597007989927,3.4323962133653296e-07,0.6508201584510438,0.6508197845246654
3591,0.40569562744637333,0.40569597007967484,3.426333015088545e-07,0.6508201562828075,0.6508197845254691
3592,0.4056956280524684,0.4056959700794503,3.4202698190322067e-07,0.6508201541145706,0.6508197845262722
3593,0.4056956286585633,0.4056959700792257,3.4142066240860913e-07,0.6508201519463332,0.6508197845270756
3594,0.40569562926465846,0.40569597007900116,3.40814342691953e-07,0.6508201497780965,0.6508197845278789
3595,0.40569562987075336,0.40569597007877667,3.4020802330836375e-07,0.6508201476098596,0.650819784528682
3596,0.4056956304768483,0.4056959700785521,3.396017038137522e-07,0.6508201454416229,0.6508197845294852
3597,0.4056956310829432,0.4056959700783277,3.389953844856741e-07,0.6508201432733861,0.6508197845302888
3598,0.4056956316890381,0.40569597007810315,3.3838906504657373e-07,0.6508201411051495,0.6508197845310922
3599,0.40569563229513284,0.4056959700778786,3.377827457740068e-07,0.6508201389369126,0.6508197845318953
3600,0.4056956329012275,0.4056959700776541,3.3717642661246217e-07,0.6508201367686755,0.6508197845326988
3601,0.4056956335073222,0.4056959700774296,3.365701073954064e-07,0.6508201346004389,0.650819784533502
3602,0.4056956341134169,0.405695970077205,3.359637880673283e-07,0.650820132432202,0.6508197845343053
3603,0.40569563471951153,0.4056959700769804,3.353574688502725e-07,0.6508201302639649,0.6508197845351085
3604,0.40569563532560615,0.40569597007675584,3.347511496887279e-07,0.6508201280957282,0.6508197845359118
3605,0.40569563593170077,0.40569597007653124,3.341448304716721e-07,0.6508201259274917,0.6508197845367147
3606,0.4056956365377953,0.4056959700763068,3.3353851153217207e-07,0.6508201237592549,0.6508197845375183
3607,0.4056956371438896,0.40569597007608243,3.3293219281471664e-07,0.6508201215910181,0.6508197845383222
3608,0.4056956377499842,0.4056959700758578,3.3232587359766086e-07,0.6508201194227818,0.6508197845391253
3609,0.4056956383560787,0.40569597007563324,3.3171955454713853e-07,0.6508201172545445,0.6508197845399286
3610,0.40569563896217303,0.4056959700754086,3.3111323555212735e-07,0.6508201150863075,0.6508197845407315
3611,0.40569563956826726,0.40569597007518393,3.3050691666813847e-07,0.6508201129180708,0.6508197845415338
3612,0.40569564017436166,0.40569597007495944,3.299005977841496e-07,0.6508201107498344,0.6508197845423382
3613,0.40569564078045595,0.40569597007473496,3.29294279011183e-07,0.6508201085815974,0.6508197845431416
3614,0.4056956413865503,0.40569597007451036,3.28687960071683e-07,0.650820106413361,0.6508197845439447
3615,0.4056956419926443,0.40569597007428587,3.280816415762722e-07,0.650820104245124,0.6508197845447479
3616,0.4056956425987385,0.40569597007406133,3.274753228033056e-07,0.6508201020768878,0.6508197845455514
3617,0.4056956432048325,0.4056959700738368,3.268690043078948e-07,0.6508200999086508,0.6508197845463547
3618,0.40569564381092654,0.4056959700736123,3.262626857569728e-07,0.6508200977404142,0.6508197845471577
3619,0.4056956444170206,0.4056959700733877,3.2565636709502854e-07,0.6508200955721781,0.6508197845479612
3620,0.40569564502311445,0.40569597007316305,3.250500485996177e-07,0.650820093403941,0.6508197845487643
3621,0.40569564562920846,0.40569597007293845,3.244437299931846e-07,0.6508200912357043,0.6508197845495671
3622,0.40569564623530224,0.4056959700727141,3.238374118308407e-07,0.6508200890674676,0.650819784550371
3623,0.40569564684139614,0.4056959700724894,3.232310932799187e-07,0.6508200868992313,0.6508197845511745
3624,0.40569564744748987,0.4056959700722649,3.226247750065525e-07,0.6508200847309948,0.6508197845519776
3625,0.4056956480535837,0.4056959700720404,3.2201845667767515e-07,0.650820082562758,0.6508197845527809
3626,0.40569564865967717,0.4056959700718159,3.2141213873737584e-07,0.6508200803945214,0.6508197845535844
3627,0.4056956492657709,0.4056959700715913,3.208058204084985e-07,0.650820078226285,0.6508197845543876
3628,0.40569564987186457,0.40569597007136676,3.201995021906434e-07,0.6508200760580481,0.6508197845551909
3629,0.4056956504779581,0.4056959700711422,3.195931841393218e-07,0.6508200738898116,0.6508197845559939
3630,0.40569565108405164,0.4056959700709178,3.1898686614351135e-07,0.6508200717215754,0.6508197845567976
3631,0.40569565169014515,0.40569597007069313,3.1838054798116744e-07,0.6508200695533386,0.6508197845576007
3632,0.4056956522962388,0.40569597007046854,3.177742297633124e-07,0.6508200673851028,0.6508197845584041
3633,0.4056956529023322,0.40569597007024394,3.1716791171199077e-07,0.6508200652168662,0.6508197845592072
3634,0.40569565350842557,0.40569597007001934,3.1656159377169146e-07,0.6508200630486292,0.6508197845600101
3635,0.40569565411451886,0.4056959700697948,3.1595527594241446e-07,0.6508200608803928,0.6508197845608139
3636,0.40569565472061214,0.40569597006957014,3.1534895800211515e-07,0.6508200587121564,0.6508197845616166
3637,0.4056956553267053,0.4056959700693457,3.1474264039488276e-07,0.65082005654392,0.6508197845624204
3638,0.4056956559327985,0.40569597006912117,3.1413632267662805e-07,0.6508200543756829,0.6508197845632238
3639,0.40569565653889167,0.4056959700688966,3.1353000495837335e-07,0.650820052207447,0.6508197845640271
3640,0.4056956571449847,0.40569597006867214,3.1292368746216326e-07,0.6508200500392106,0.6508197845648306
3641,0.40569565775107774,0.40569597006844754,3.123173697994197e-07,0.6508200478709741,0.6508197845656334
3642,0.40569565835717075,0.4056959700682231,3.1171105235872076e-07,0.6508200457027374,0.6508197845664371
3643,0.40569565896326376,0.40569597006799846,3.111047346959772e-07,0.6508200435345011,0.6508197845672401
3644,0.40569565956935666,0.40569597006777397,3.104984173107894e-07,0.650820041366265,0.6508197845680433
3645,0.40569566017544956,0.4056959700675494,3.098920998700905e-07,0.6508200391980286,0.6508197845688473
3646,0.40569566078154246,0.40569597006732494,3.092857824849027e-07,0.6508200370297921,0.6508197845696505
3647,0.40569566138763524,0.40569597006710045,3.086794652107372e-07,0.6508200348615556,0.6508197845704535
3648,0.405695661993728,0.40569597006687586,3.0807314788106055e-07,0.6508200326933193,0.6508197845712569
3649,0.40569566259982076,0.40569597006665126,3.0746683049587276e-07,0.6508200305250826,0.6508197845720605
3650,0.4056956632059134,0.40569597006642677,3.068605133882407e-07,0.6508200283568462,0.6508197845728638
3651,0.40569566381200617,0.4056959700662022,3.062541960585641e-07,0.6508200261886102,0.6508197845736667
3652,0.4056956644180987,0.40569597006597774,3.0564787906195434e-07,0.6508200240203742,0.6508197845744701
3653,0.40569566502419113,0.40569597006575303,3.0504156189881115e-07,0.6508200218521375,0.6508197845752733
3654,0.4056956656302836,0.4056959700655285,3.044352449022014e-07,0.6508200196839014,0.650819784576077
3655,0.40569566623637604,0.40569597006530395,3.038289279055917e-07,0.6508200175156647,0.6508197845768802
3656,0.4056956668424686,0.4056959700650795,3.0322261090898195e-07,0.6508200153474288,0.6508197845776833
3657,0.4056956674485609,0.4056959700648549,3.026162940233945e-07,0.6508200131791922,0.650819784578487
3658,0.4056956680546531,0.40569597006463026,3.020099771378071e-07,0.6508200110109558,0.6508197845792896
3659,0.40569566866074547,0.4056959700644059,3.014036604187531e-07,0.65082000884272,0.6508197845800934
3660,0.4056956692668377,0.40569597006418145,3.007973437552103e-07,0.6508200066744836,0.6508197845808967
3661,0.40569566987292993,0.4056959700639571,3.001910271471786e-07,0.6508200045062478,0.6508197845817005
3662,0.40569567047902205,0.4056959700637323,2.9958471026159117e-07,0.6508200023380113,0.6508197845825026
3663,0.40569567108511406,0.40569597006350777,2.9897839370907064e-07,0.6508200001697751,0.6508197845833059
3664,0.4056956716912062,0.4056959700632833,2.9837207710103897e-07,0.6508199980015386,0.6508197845841097
3665,0.40569567229729825,0.40569597006305874,2.977657604930073e-07,0.6508199958333025,0.6508197845849129
3666,0.40569567290339026,0.40569597006283425,2.971594439959979e-07,0.650819993665066,0.6508197845857162
3667,0.4056956735094823,0.4056959700626097,2.9655312738796624e-07,0.65081999149683,0.6508197845865193
3668,0.4056956741155744,0.40569597006238517,2.9594681077993457e-07,0.6508199893285939,0.6508197845873227
3669,0.40569567472166623,0.4056959700621607,2.9534049444945865e-07,0.6508199871603574,0.6508197845881261
3670,0.4056956753277581,0.4056959700619362,2.947341781189827e-07,0.6508199849921212,0.6508197845889296
3671,0.40569567593384986,0.4056959700617116,2.9412786173299565e-07,0.650819982823885,0.650819784589733
3672,0.40569567653994165,0.405695970061487,2.935215453470086e-07,0.6508199806556492,0.650819784590536
3673,0.40569567714603355,0.40569597006126246,2.9291522890551036e-07,0.6508199784874127,0.6508197845913396
3674,0.4056956777521252,0.4056959700610378,2.9230891257503444e-07,0.650819976319177,0.6508197845921426
3675,0.405695678358217,0.4056959700608132,2.9170259618904737e-07,0.6508199741509404,0.650819784592946
3676,0.4056956789643086,0.40569597006058866,2.9109628008061605e-07,0.6508199719827044,0.6508197845937495
3677,0.40569567957040015,0.4056959700603641,2.9048996397218474e-07,0.6508199698144681,0.6508197845945529
3678,0.40569568017649177,0.40569597006013963,2.898836478637534e-07,0.6508199676462323,0.6508197845953555
3679,0.40569568078258306,0.4056959700599151,2.8927733203287787e-07,0.650819965477996,0.6508197845961589
3680,0.4056956813886745,0.40569597005969055,2.8867101603546885e-07,0.6508199633097604,0.6508197845969624
3681,0.40569568199476597,0.40569597005946584,2.880646998715264e-07,0.6508199611415245,0.6508197845977657
3682,0.40569568260085714,0.4056959700592414,2.8745838426269543e-07,0.6508199589732879,0.6508197845985692
3683,0.4056956832069486,0.40569597005901675,2.868520681542641e-07,0.6508199568050519,0.6508197845993722
3684,0.4056956838130399,0.4056959700587923,2.8624575243441086e-07,0.650819954636816,0.650819784600176
3685,0.4056956844191311,0.40569597005856767,2.8563943654802415e-07,0.6508199524685803,0.6508197846009791
3686,0.40569568502522224,0.40569597005834324,2.8503312099470435e-07,0.650819950300344,0.6508197846017827
3687,0.4056956856313134,0.4056959700581186,2.844268051638288e-07,0.6508199481321076,0.6508197846025854
3688,0.4056956862374046,0.40569597005789393,2.8382048933295323e-07,0.6508199459638724,0.6508197846033887
3689,0.4056956868434958,0.40569597005766944,2.832141736686111e-07,0.6508199437956359,0.6508197846041921
3690,0.4056956874495869,0.40569597005744495,2.8260785805978017e-07,0.6508199416274001,0.6508197846049956
3691,0.4056956880556778,0.4056959700572204,2.8200154261748267e-07,0.650819939459164,0.6508197846057986
3692,0.4056956886617688,0.40569597005699576,2.8139522695314056e-07,0.650819937290928,0.6508197846066017
3693,0.40569568926785976,0.40569597005677116,2.8078891139982076e-07,0.650819935122692,0.6508197846074049
3694,0.4056956898739506,0.40569597005654684,2.80182596235079e-07,0.650819932954456,0.6508197846082087
3695,0.40569569048004167,0.4056959700563223,2.7957628062624806e-07,0.6508199307862206,0.6508197846090121
3696,0.40569569108613246,0.40569597005609775,2.7896996529497287e-07,0.6508199286179842,0.650819784609815
3697,0.4056956916922232,0.405695970055873,2.783636497971642e-07,0.6508199264497481,0.6508197846106183
3698,0.405695692298314,0.40569597005564856,2.777573345769113e-07,0.6508199242815123,0.6508197846114214
3699,0.4056956929044046,0.4056959700554239,2.7715101930114727e-07,0.6508199221132762,0.650819784612225
3700,0.4056956935104953,0.4056959700551995,2.765447041919167e-07,0.6508199199450404,0.6508197846130287
3701,0.4056956941165858,0.40569597005497476,2.759383889716638e-07,0.6508199177768046,0.6508197846138316
3702,0.4056956947226763,0.40569597005475005,2.753320737514109e-07,0.6508199156085686,0.6508197846146351
3703,0.4056956953287668,0.4056959700545256,2.7472575880871375e-07,0.6508199134403332,0.6508197846154383
3704,0.4056956959348572,0.40569597005430114,2.7411944392152776e-07,0.6508199112720966,0.6508197846162418
3705,0.40569569654094756,0.4056959700540764,2.735131288678083e-07,0.6508199091038609,0.6508197846170449
3706,0.405695697147038,0.40569597005385194,2.729068139251112e-07,0.6508199069356249,0.6508197846178484
3707,0.40569569775312836,0.4056959700536275,2.723004991489475e-07,0.6508199047673894,0.6508197846186516
3708,0.40569569835921876,0.40569597005340285,2.7169418409522805e-07,0.6508199025991535,0.6508197846194546
3709,0.40569569896530894,0.40569597005317837,2.7108786943008667e-07,0.6508199004309175,0.650819784620258
3710,0.40569569957139906,0.40569597005295377,2.7048155470943414e-07,0.6508198982626817,0.6508197846210616
3711,0.4056957001774891,0.4056959700527293,2.6987524015531505e-07,0.6508198960944459,0.6508197846218646
3712,0.4056957007835794,0.40569597005250474,2.692689253236402e-07,0.6508198939262109,0.650819784622668
3713,0.4056957013896694,0.4056959700522802,2.6866261076952114e-07,0.6508198917579746,0.6508197846234716
3714,0.40569570199575955,0.40569597005205565,2.6805629610437975e-07,0.6508198895897392,0.6508197846242747
3715,0.40569570260184945,0.40569597005183106,2.674499816057718e-07,0.650819887421503,0.650819784625078
3716,0.40569570320793935,0.40569597005160646,2.668436671071639e-07,0.6508198852532672,0.6508197846258807
3717,0.40569570381402925,0.4056959700513818,2.662373525530448e-07,0.6508198830850314,0.6508197846266844
3718,0.40569570442011904,0.40569597005115726,2.6563103822097034e-07,0.6508198809167962,0.650819784627487
3719,0.40569570502620894,0.4056959700509328,2.650247238333847e-07,0.6508198787485602,0.650819784628291
3720,0.4056957056322988,0.4056959700507081,2.644184093347768e-07,0.6508198765803245,0.6508197846290942
3721,0.4056957062383886,0.4056959700504836,2.638120950027023e-07,0.6508198744120891,0.6508197846298976
3722,0.40569570684447825,0.40569597005025887,2.632057806151167e-07,0.6508198722438534,0.6508197846307007
3723,0.4056957074505679,0.40569597005003444,2.6259946656059796e-07,0.6508198700756174,0.6508197846315043
3724,0.40569570805665756,0.40569597004980984,2.6199315228403464e-07,0.6508198679073818,0.6508197846323074
3725,0.4056957086627471,0.40569597004958535,2.613868382295159e-07,0.6508198657391462,0.650819784633111
3726,0.4056957092688367,0.40569597004936075,2.607805240639749e-07,0.6508198635709112,0.6508197846339137
3727,0.405695709874926,0.40569597004913627,2.6017421028701193e-07,0.650819861402675,0.6508197846347172
3728,0.4056957104810156,0.40569597004891167,2.5956789606595976e-07,0.6508198592344397,0.6508197846355208
3729,0.40569571108710484,0.4056959700486872,2.5896158234450795e-07,0.6508198570662032,0.6508197846363238
3730,0.4056957116931943,0.40569597004846264,2.583552683455004e-07,0.650819854897968,0.650819784637127
3731,0.4056957122992835,0.40569597004823804,2.577489545685374e-07,0.6508198527297322,0.6508197846379302
3732,0.4056957129053729,0.4056959700480136,2.571426407360633e-07,0.6508198505614967,0.6508197846387338
3733,0.4056957135114621,0.405695970047789,2.565363269035892e-07,0.6508198483932612,0.6508197846395368
3734,0.4056957141175513,0.4056959700475644,2.559300131266262e-07,0.6508198462250255,0.6508197846403401
3735,0.4056957147236404,0.4056959700473401,2.5532369968273017e-07,0.6508198440567902,0.6508197846411441
3736,0.40569571532972937,0.40569597004711555,2.5471738618332296e-07,0.6508198418885545,0.650819784641947
3737,0.40569571593581844,0.4056959700468911,2.5411107268391575e-07,0.650819839720319,0.65081978464275
3738,0.4056957165419076,0.4056959700466666,2.5350475896246394e-07,0.6508198375520835,0.6508197846435533
3739,0.4056957171479964,0.40569597004644203,2.528984456295902e-07,0.6508198353838476,0.6508197846443564
3740,0.40569571775408536,0.40569597004621744,2.5229213207467183e-07,0.6508198332156125,0.6508197846451599
3741,0.4056957183601743,0.40569597004599306,2.5168581874179807e-07,0.6508198310473774,0.6508197846459636
3742,0.4056957189662633,0.4056959700457685,2.5107950524239087e-07,0.6508198288791414,0.6508197846467667
3743,0.40569571957235206,0.405695970045544,2.504731919095171e-07,0.6508198267109059,0.6508197846475698
3744,0.4056957201784408,0.40569597004531943,2.498668786321545e-07,0.6508198245426706,0.6508197846483728
3745,0.4056957207845294,0.4056959700450948,2.492605653547919e-07,0.6508198223744346,0.6508197846491761
3746,0.40569572139061816,0.4056959700448704,2.4865425224396276e-07,0.6508198202061999,0.6508197846499799
3747,0.4056957219967068,0.40569597004464586,2.4804793907762246e-07,0.6508198180379644,0.650819784650783
3748,0.4056957226027952,0.40569597004442126,2.474416260778156e-07,0.6508198158697287,0.6508197846515869
3749,0.4056957232088838,0.4056959700441966,2.46835312800453e-07,0.6508198137014936,0.6508197846523895
3750,0.4056957238149724,0.405695970043972,2.462289996341127e-07,0.6508198115332577,0.6508197846531933
3751,0.4056957244210609,0.40569597004374736,2.456226864677724e-07,0.650819809365022,0.6508197846539963
3752,0.4056957250271494,0.40569597004352276,2.4501637335694326e-07,0.650819807196787,0.6508197846547996
3753,0.4056957256332377,0.4056959700432982,2.4441006052366987e-07,0.6508198050285514,0.6508197846556033
3754,0.40569572623932615,0.40569597004307373,2.438037475793742e-07,0.6508198028603165,0.6508197846564063
3755,0.4056957268454144,0.40569597004284924,2.431974348571231e-07,0.6508198006920809,0.6508197846572097
3756,0.4056957274515028,0.4056959700426246,2.425911218018051e-07,0.6508197985238463,0.6508197846580124
3757,0.4056957280575908,0.40569597004240016,2.4198480935710975e-07,0.6508197963556102,0.6508197846588163
3758,0.4056957286636789,0.4056959700421755,2.413784965793475e-07,0.6508197941873746,0.6508197846596189
3759,0.4056957292697671,0.40569597004195107,2.407721839681187e-07,0.6508197920191392,0.6508197846604229
3760,0.4056957298758554,0.4056959700417265,2.401658710793342e-07,0.650819789850904,0.650819784661226
3761,0.40569573048194335,0.40569597004150193,2.395595585791277e-07,0.6508197876826682,0.6508197846620293
3762,0.4056957310880315,0.4056959700412773,2.3895324580136545e-07,0.6508197855144335,0.6508197846628324
3763,0.4056957316941194,0.40569597004105284,2.3834693346769242e-07,0.6508197833461977,0.6508197846636358
3764,0.4056957323002074,0.40569597004082836,2.3774062096748594e-07,0.6508197811779628,0.6508197846644393
3765,0.40569573290629524,0.40569597004060376,2.371343085227906e-07,0.6508197790097274,0.6508197846652423
3766,0.40569573351238314,0.4056959700403794,2.3652799624462872e-07,0.6508197768414923,0.6508197846660462
3767,0.4056957341184709,0.40569597004015484,2.3592168396646684e-07,0.6508197746732571,0.6508197846668496
3768,0.4056957347245586,0.4056959700399302,2.3531537157728266e-07,0.650819772505022,0.6508197846676523
3769,0.40569573533064646,0.4056959700397057,2.3470905924360963e-07,0.6508197703367873,0.6508197846684552
3770,0.405695735936734,0.4056959700394814,2.341027473540258e-07,0.6508197681685512,0.650819784669259
3771,0.40569573654282154,0.4056959700392568,2.3349643524239738e-07,0.6508197660003161,0.6508197846700622
3772,0.405695737148909,0.4056959700390321,2.3289012313076896e-07,0.6508197638320805,0.6508197846708657
3773,0.4056957377549966,0.40569597003880764,2.3228381101914053e-07,0.6508197616638454,0.6508197846716688
3774,0.4056957383610843,0.4056959700385828,2.3167749851893404e-07,0.6508197594956107,0.6508197846724725
3775,0.40569573896717165,0.4056959700383584,2.3107118674037253e-07,0.6508197573273746,0.6508197846732762
3776,0.4056957395732592,0.40569597003813357,2.3046487435118834e-07,0.6508197551591398,0.6508197846740787
3777,0.4056957401793466,0.40569597003790914,2.2985856251711567e-07,0.650819752990905,0.6508197846748823
3778,0.405695740785434,0.4056959700376845,2.292522504609984e-07,0.6508197508226694,0.6508197846756852
3779,0.4056957413915213,0.40569597003746,2.2864593868243688e-07,0.6508197486544341,0.6508197846764887
3780,0.4056957419976087,0.4056959700372354,2.2803962668183075e-07,0.6508197464861991,0.6508197846772922
3781,0.4056957426036958,0.40569597003701086,2.274333150698027e-07,0.6508197443179637,0.6508197846780956
3782,0.4056957432097831,0.40569597003678615,2.2682700306919656e-07,0.6508197421497288,0.6508197846788983
3783,0.4056957438158703,0.4056959700365615,2.2622069117961274e-07,0.6508197399814937,0.6508197846797019
3784,0.4056957444219574,0.40569597003633706,2.2561437967860698e-07,0.6508197378132587,0.650819784680505
3785,0.40569574502804445,0.40569597003611246,2.2500806801106776e-07,0.6508197356450237,0.6508197846813089
3786,0.4056957456341316,0.40569597003588803,2.2440175645455085e-07,0.6508197334767889,0.6508197846821118
3787,0.4056957462402184,0.4056959700356633,2.2379544489803394e-07,0.6508197313085531,0.6508197846829151
3788,0.4056957468463053,0.40569597003543906,2.2318913373009508e-07,0.650819729140318,0.6508197846837189
3789,0.40569574745239223,0.40569597003521424,2.225828220070447e-07,0.6508197269720828,0.6508197846845214
3790,0.40569574805847913,0.4056959700349898,2.219765106725724e-07,0.6508197248038481,0.6508197846853252
3791,0.4056957486645659,0.4056959700347652,2.2137019928258894e-07,0.6508197226356127,0.6508197846861284
3792,0.4056957492706528,0.4056959700345407,2.2076388794811663e-07,0.6508197204673782,0.650819784686932
3793,0.4056957498767395,0.4056959700343162,2.2015757666915547e-07,0.6508197182991428,0.650819784687735
3794,0.40569575048282636,0.40569597003409164,2.1955126527917201e-07,0.6508197161309079,0.650819784688538
3795,0.405695751088913,0.40569597003386726,2.189449542777666e-07,0.6508197139626724,0.6508197846893417
3796,0.40569575169499955,0.4056959700336427,2.183386431653389e-07,0.6508197117944376,0.6508197846901451
3797,0.4056957523010861,0.405695970033418,2.1773233188637775e-07,0.6508197096262031,0.650819784690948
3798,0.40569575290717275,0.40569597003319346,2.171260207184389e-07,0.6508197074579682,0.6508197846917514
3799,0.40569575351325926,0.405695970032969,2.165197097170335e-07,0.6508197052897332,0.6508197846925549
3800,0.40569575411934566,0.4056959700327444,2.159133987156281e-07,0.650819703121498,0.6508197846933579
3801,0.40569575472543185,0.40569597003251984,2.1530708799177845e-07,0.6508197009532628,0.6508197846941614
3802,0.4056957553315183,0.40569597003229546,2.147007771569065e-07,0.650819698785028,0.6508197846949647
3803,0.40569575593760465,0.405695970032071,2.1409446632203455e-07,0.6508196966167936,0.6508197846957681
3804,0.40569575654369094,0.40569597003184615,2.1348815520960684e-07,0.650819694448558,0.6508197846965709
3805,0.40569575714977696,0.4056959700316217,2.1288184476331296e-07,0.6508196922803231,0.6508197846973747
3806,0.4056957577558634,0.40569597003139707,2.1227553365088525e-07,0.6508196901120886,0.6508197846981775
3807,0.40569575836194943,0.4056959700311727,2.116692232601025e-07,0.6508196879438533,0.650819784698981
3808,0.40569575896803556,0.4056959700309481,2.1106291253625287e-07,0.6508196857756186,0.6508197846997842
3809,0.40569575957412174,0.40569597003072366,2.1045660192342552e-07,0.6508196836073834,0.6508197847005877
3810,0.4056957601802078,0.4056959700304992,2.0985029136610933e-07,0.6508196814391486,0.6508197847013908
3811,0.4056957607862938,0.4056959700302747,2.092439808643043e-07,0.6508196792709133,0.6508197847021943
3812,0.40569576139237973,0.40569597003005003,2.086376703069881e-07,0.6508196771026787,0.6508197847029976
3813,0.40569576199846563,0.4056959700298255,2.080313598606942e-07,0.6508196749344443,0.6508197847038009
3814,0.4056957626045515,0.4056959700296009,2.0742504941440032e-07,0.6508196727662092,0.650819784704604
3815,0.4056957632106374,0.40569597002937624,2.0681873885708413e-07,0.6508196705979743,0.6508197847054071
3816,0.40569576381672307,0.4056959700291518,2.0621242874385715e-07,0.6508196684297395,0.6508197847062109
3817,0.4056957644228088,0.4056959700289271,2.0560611829756326e-07,0.650819666261505,0.6508197847070136
3818,0.4056957650288944,0.4056959700287026,2.0499980823984743e-07,0.6508196640932696,0.6508197847078171
3819,0.40569576563498005,0.40569597002847807,2.0439349801559814e-07,0.6508196619250349,0.6508197847086201
3820,0.4056957662410657,0.4056959700282535,2.0378718784686e-07,0.6508196597568008,0.6508197847094235
3821,0.40569576684715125,0.40569597002802904,2.0318087778914418e-07,0.650819657588565,0.6508197847102273
3822,0.40569576745323693,0.4056959700278045,2.025745675648949e-07,0.6508196554203312,0.6508197847110307
3823,0.4056957680593223,0.4056959700275799,2.0196825761820136e-07,0.6508196532520958,0.6508197847118337
3824,0.40569576866540785,0.40569597002735525,2.0136194739395208e-07,0.6508196510838613,0.6508197847126367
3825,0.4056957692714932,0.4056959700271307,2.007556375027697e-07,0.6508196489156262,0.6508197847134403
3826,0.4056957698775787,0.40569597002690627,2.0014932755607617e-07,0.6508196467473919,0.6508197847142436
3827,0.40569577048366384,0.4056959700266818,1.9954301794244955e-07,0.6508196445791566,0.6508197847150469
3828,0.4056957710897493,0.40569597002645713,1.9893670782922257e-07,0.6508196424109223,0.6508197847158501
3829,0.4056957716958345,0.40569597002623264,1.983303981600848e-07,0.6508196402426878,0.6508197847166535
3830,0.4056957723019197,0.4056959700260081,1.9772408837992472e-07,0.6508196380744528,0.6508197847174564
3831,0.4056957729080049,0.40569597002578367,1.971177787662981e-07,0.6508196359062182,0.6508197847182597
3832,0.40569577351409,0.40569597002555907,1.9651146909716033e-07,0.6508196337379835,0.6508197847190635
3833,0.4056957741201751,0.4056959700253345,1.959051593725114e-07,0.650819631569749,0.6508197847198667
3834,0.40569577472626034,0.40569597002510993,1.9529884959235133e-07,0.6508196294015142,0.65081978472067
3835,0.4056957753323452,0.4056959700248854,1.9469254020076932e-07,0.6508196272332794,0.6508197847214736
3836,0.40569577593843015,0.405695970024661,1.9408623086469845e-07,0.6508196250650449,0.6508197847222765
3837,0.40569577654451505,0.4056959700244364,1.9347992136209413e-07,0.65081962289681,0.6508197847230799
3838,0.4056957771505999,0.40569597002421176,1.928736118594898e-07,0.6508196207285754,0.6508197847238828
3839,0.4056957777566846,0.40569597002398744,1.9226730285648586e-07,0.650819618560341,0.6508197847246868
3840,0.40569577836276943,0.40569597002376284,1.916609934093927e-07,0.6508196163921067,0.6508197847254906
3841,0.40569577896885417,0.4056959700235381,1.9105468390678837e-07,0.6508196142238721,0.650819784726293
3842,0.4056957795749389,0.4056959700233136,1.904483746817398e-07,0.6508196120556371,0.6508197847270966
3843,0.4056957801810235,0.405695970023089,1.898420655122024e-07,0.6508196098874024,0.6508197847279001
3844,0.4056957807871083,0.4056959700228646,1.8923575634266498e-07,0.6508196077191686,0.6508197847287029
3845,0.40569578139319273,0.40569597002263996,1.8862944722863872e-07,0.6508196055509335,0.6508197847295063
3846,0.4056957819992773,0.4056959700224154,1.8802313811461246e-07,0.6508196033826992,0.6508197847303097
3847,0.40569578260536177,0.40569597002219066,1.874168288895639e-07,0.6508196012144644,0.6508197847311123
3848,0.4056957832114463,0.4056959700219662,1.868105199420711e-07,0.65081959904623,0.6508197847319162
3849,0.4056957838175307,0.4056959700217417,1.862042109945783e-07,0.6508195968779957,0.6508197847327193
3850,0.40569578442361504,0.4056959700215171,1.8559790204708548e-07,0.6508195947097607,0.6508197847335228
3851,0.4056957850296993,0.40569597002129254,1.8499159326612613e-07,0.6508195925415263,0.650819784734326
3852,0.4056957856357836,0.40569597002106794,1.8438528431863332e-07,0.6508195903732921,0.6508197847351289
3853,0.4056957862418678,0.4056959700208433,1.8377897548216282e-07,0.6508195882050576,0.6508197847359326
3854,0.405695786847952,0.40569597002061886,1.8317266686773692e-07,0.6508195860368227,0.6508197847367363
3855,0.40569578745403606,0.4056959700203942,1.8256635814228872e-07,0.6508195838685883,0.650819784737539
3856,0.4056957880601202,0.4056959700201697,1.8196004952786282e-07,0.6508195817003538,0.6508197847383426
3857,0.4056957886662042,0.40569597001994523,1.8135374102445923e-07,0.6508195795321198,0.6508197847391459
3858,0.4056957892722882,0.40569597001972074,1.8074743252105563e-07,0.6508195773638854,0.6508197847399493
3859,0.4056957898783722,0.40569597001949603,1.8014112385111858e-07,0.6508195751956508,0.6508197847407525
3860,0.4056957904844561,0.4056959700192716,1.7953481551424844e-07,0.6508195730274164,0.6508197847415561
3861,0.40569579109054,0.4056959700190471,1.7892850712186714e-07,0.6508195708591822,0.6508197847423592
3862,0.4056957916966238,0.40569597001882257,1.78322198784997e-07,0.6508195686909477,0.6508197847431627
3863,0.4056957923027076,0.4056959700185979,1.7771589033710455e-07,0.6508195665227134,0.6508197847439654
3864,0.4056957929087911,0.4056959700183735,1.7710958238881247e-07,0.650819564354479,0.6508197847447692
3865,0.40569579351487484,0.4056959700181489,1.7650327405194233e-07,0.6508195621862444,0.650819784745572
3866,0.4056957941209585,0.4056959700179243,1.7589696577058334e-07,0.6508195600180098,0.6508197847463755
3867,0.40569579472704215,0.4056959700176998,1.752906576557578e-07,0.6508195578497756,0.6508197847471788
3868,0.4056957953331257,0.40569597001747526,1.7468434954093226e-07,0.6508195556815413,0.650819784747982
3869,0.4056957959392093,0.40569597001725083,1.7407804153712902e-07,0.6508195535133068,0.6508197847487849
3870,0.4056957965452929,0.4056959700170264,1.7347173347781464e-07,0.650819551345073,0.6508197847495887
3871,0.40569579715137616,0.4056959700168019,1.7286542575156716e-07,0.6508195491768383,0.6508197847503917
3872,0.40569579775745973,0.4056959700165773,1.7225911758123047e-07,0.6508195470086042,0.6508197847511952
3873,0.4056957983635429,0.40569597001635277,1.71652809854983e-07,0.6508195448403693,0.6508197847519982
3874,0.4056957989696263,0.4056959700161282,1.710465019066909e-07,0.6508195426721353,0.6508197847528016
3875,0.4056957995757095,0.4056959700159037,1.7044019418044343e-07,0.6508195405039011,0.650819784753605
3876,0.40569580018179285,0.4056959700156792,1.6983388634317365e-07,0.6508195383356667,0.6508197847544083
3877,0.4056958007878761,0.40569597001545465,1.6922757856141502e-07,0.6508195361674325,0.6508197847552115
3878,0.4056958013939593,0.4056959700152302,1.6862127094618984e-07,0.6508195339991983,0.6508197847560152
3879,0.40569580200004257,0.40569597001500574,1.680149631644312e-07,0.6508195318309646,0.650819784756819
3880,0.4056958026061257,0.40569597001478114,1.6740865543818373e-07,0.6508195296627299,0.6508197847576216
3881,0.40569580321220866,0.4056959700145567,1.6680234804500316e-07,0.6508195274944958,0.6508197847584254
3882,0.4056958038182916,0.40569597001433205,1.6619604042977798e-07,0.6508195253262616,0.6508197847592287
3883,0.40569580442437453,0.4056959700141075,1.6558973298108626e-07,0.6508195231580274,0.6508197847600319
3884,0.4056958050304575,0.40569597001388286,1.6498342536586108e-07,0.6508195209897933,0.6508197847608348
3885,0.40569580563654034,0.40569597001365826,1.6437711791716936e-07,0.6508195188215589,0.6508197847616379
3886,0.4056958062426232,0.4056959700134339,1.6377081069052224e-07,0.6508195166533253,0.6508197847624416
3887,0.40569580684870604,0.4056959700132092,1.6316450313080821e-07,0.650819514485091,0.6508197847632446
3888,0.40569580745478867,0.4056959700129847,1.625581960151834e-07,0.6508195123168564,0.6508197847640482
3889,0.4056958080608713,0.4056959700127599,1.6195188862200283e-07,0.6508195101486225,0.6508197847648509
3890,0.4056958086669539,0.4056959700125354,1.6134558145086686e-07,0.6508195079803883,0.6508197847656547
3891,0.4056958092730365,0.4056959700123108,1.607392742797309e-07,0.6508195058121548,0.6508197847664581
3892,0.405695809879119,0.40569597001208624,1.6013296721961723e-07,0.6508195036439197,0.650819784767261
3893,0.4056958104852018,0.4056959700118616,1.595266597709255e-07,0.6508195014756866,0.6508197847680643
3894,0.40569581109128416,0.4056959700116369,1.5892035271081184e-07,0.6508194993074519,0.6508197847688675
3895,0.4056958116973667,0.40569597001141233,1.5831404565069818e-07,0.650819497139218,0.6508197847696713
3896,0.40569581230344914,0.4056959700111878,1.5770773864609566e-07,0.6508194949709838,0.6508197847704744
3897,0.40569581290953144,0.40569597001096314,1.571014316970043e-07,0.6508194928027498,0.6508197847712773
3898,0.4056958135156137,0.4056959700107386,1.564951249144464e-07,0.6508194906345156,0.6508197847720805
3899,0.4056958141216961,0.40569597001051405,1.5588881796535503e-07,0.6508194884662812,0.6508197847728843
3900,0.4056958147277784,0.4056959700102896,1.5528251123830827e-07,0.6508194862980479,0.6508197847736878
3901,0.40569581533386057,0.4056959700100651,1.5467620451126152e-07,0.6508194841298137,0.650819784774491
3902,0.4056958159399427,0.4056959700098407,1.5406989800625936e-07,0.6508194819615796,0.6508197847752946
3903,0.4056958165460249,0.405695970009616,1.5346359111267915e-07,0.650819479793346,0.650819784776097
3904,0.40569581715210684,0.40569597000939156,1.528572847186993e-07,0.6508194776251115,0.6508197847769008
3905,0.40569581775818897,0.4056959700091669,1.522509779361414e-07,0.6508194754568778,0.6508197847777039
3906,0.4056958183642708,0.4056959700089425,1.5164467165318385e-07,0.6508194732886432,0.6508197847785075
3907,0.405695818970353,0.40569597000871777,1.5103836475960364e-07,0.6508194711204099,0.6508197847793102
3908,0.405695819576435,0.4056959700084932,1.5043205819909033e-07,0.6508194689521756,0.6508197847801143
3909,0.4056958201825168,0.40569597000826857,1.4982575174959933e-07,0.6508194667839412,0.6508197847809172
3910,0.4056958207885987,0.405695970008044,1.4921944530010833e-07,0.6508194646157077,0.65081978478172
3911,0.40569582139468047,0.4056959700078197,1.486131392391954e-07,0.6508194624474732,0.6508197847825239
3912,0.40569582200076243,0.40569597000759516,1.4800683273419324e-07,0.6508194602792401,0.6508197847833271
3913,0.4056958226068441,0.40569597000737057,1.474005264512357e-07,0.650819458111006,0.6508197847841305
3914,0.40569582321292574,0.40569597000714613,1.4679422039032275e-07,0.6508194559427718,0.6508197847849336
3915,0.4056958238190076,0.40569597000692154,1.4618791394083175e-07,0.6508194537745381,0.6508197847857369
3916,0.4056958244250892,0.405695970006697,1.455816077688965e-07,0.6508194516063046,0.6508197847865402
3917,0.40569582503117063,0.4056959700064725,1.4497530187451702e-07,0.6508194494380704,0.6508197847873434
3918,0.40569582563725215,0.40569597000624796,1.4436899581360407e-07,0.6508194472698362,0.6508197847881468
3919,0.4056958262433337,0.4056959700060233,1.4376268958615768e-07,0.6508194451016027,0.6508197847889503
3920,0.40569582684941513,0.40569597000579893,1.431563838028005e-07,0.6508194429333687,0.6508197847897537
3921,0.4056958274554966,0.4056959700055744,1.425500777973987e-07,0.6508194407651349,0.6508197847905566
3922,0.4056958280615779,0.4056959700053499,1.4194377201404151e-07,0.6508194385969011,0.6508197847913596
3923,0.4056958286676592,0.4056959700051254,1.4133746623068433e-07,0.6508194364286667,0.650819784792163
3924,0.40569582927374054,0.40569597000490093,1.40731160391816e-07,0.6508194342604332,0.6508197847929663
3925,0.4056958298798219,0.4056959700046764,1.401248544974365e-07,0.6508194320922,0.6508197847937697
3926,0.4056958304859031,0.40569597000445196,1.3951854888061277e-07,0.6508194299239656,0.650819784794573
3927,0.40569583109198426,0.40569597000422736,1.3891224309725558e-07,0.6508194277557324,0.6508197847953765
3928,0.40569583169806556,0.4056959700040027,1.3830593714736494e-07,0.650819425587498,0.6508197847961797
3929,0.4056958323041466,0.4056959700037781,1.376996315305412e-07,0.6508194234192646,0.6508197847969832
3930,0.4056958329102277,0.4056959700035536,1.3709332591371748e-07,0.650819421251031,0.6508197847977863
3931,0.4056958335163085,0.40569597000332913,1.3648702062996065e-07,0.6508194190827966,0.6508197847985893
3932,0.4056958341223895,0.40569597000310464,1.3588071512415922e-07,0.6508194169145634,0.650819784799393
3933,0.4056958347284703,0.4056959700028802,1.3527440989591355e-07,0.6508194147463293,0.6508197848001959
3934,0.40569583533455117,0.4056959700026556,1.3466810444562327e-07,0.6508194125780957,0.6508197848009991
3935,0.405695835940632,0.4056959700024312,1.3406179916186645e-07,0.6508194104098624,0.6508197848018031
3936,0.40569583654671265,0.40569597000220664,1.3345549398913192e-07,0.6508194082416281,0.650819784802606
3937,0.4056958371527933,0.4056959700019822,1.328491889274197e-07,0.6508194060733941,0.65081978480341
3938,0.4056958377588741,0.4056959700017576,1.3224288353264058e-07,0.650819403905161,0.6508197848042127
3939,0.4056958383649547,0.4056959700015332,1.3163657847092836e-07,0.6508194017369272,0.6508197848050159
3940,0.4056958389710354,0.4056959700013086,1.3103027318717153e-07,0.6508193995686931,0.6508197848058195
3941,0.40569583957711614,0.40569597000108415,1.30423968014437e-07,0.6508193974004601,0.6508197848066226
3942,0.4056958401831966,0.40569597000085955,1.298176629527248e-07,0.6508193952322261,0.650819784807426
3943,0.4056958407892771,0.40569597000063495,1.2921135783550142e-07,0.6508193930639927,0.6508197848082288
3944,0.4056958413953575,0.40569597000041024,1.2860505271827805e-07,0.6508193908957587,0.6508197848090321
3945,0.40569584200143793,0.40569597000018565,1.2799874771207698e-07,0.6508193887275252,0.6508197848098354
3946,0.4056958426075182,0.405695969999961,1.273924428168982e-07,0.6508193865592917,0.6508197848106387
3947,0.4056958432135986,0.4056959699997365,1.2678613792171944e-07,0.6508193843910577,0.6508197848114419
3948,0.40569584381967894,0.4056959699995121,1.2617983313756298e-07,0.6508193822228244,0.6508197848122457
3949,0.4056958444257591,0.40569596999928753,1.2557352840891767e-07,0.6508193800545907,0.650819784813049
3950,0.4056958450318393,0.405695969999063,1.2496722368027235e-07,0.6508193778863566,0.6508197848138522
3951,0.40569584563791955,0.40569596999883845,1.243609188961159e-07,0.6508193757181235,0.6508197848146555
3952,0.4056958462439998,0.405695969998614,1.2375461422298173e-07,0.6508193735498898,0.6508197848154587
3953,0.4056958468500799,0.4056959699983893,1.2314830938331411e-07,0.650819371381657,0.6508197848162621
3954,0.40569584745615994,0.40569596999816465,1.2254200471017995e-07,0.6508193692134229,0.6508197848170654
3955,0.4056958480622399,0.4056959699979403,1.219357003701127e-07,0.6508193670451893,0.6508197848178687
3956,0.40569584866832004,0.4056959699977159,1.21329395863512e-07,0.6508193648769564,0.6508197848186722
3957,0.4056958492743998,0.40569596999749113,1.2072309135691128e-07,0.6508193627087221,0.6508197848194748
3958,0.4056958498804797,0.40569596999726665,1.2011678696133288e-07,0.6508193605404888,0.6508197848202786
3959,0.40569585048655954,0.405695969997042,1.1951048245473217e-07,0.6508193583722556,0.6508197848210813
3960,0.4056958510926392,0.40569596999681745,1.1890417822568722e-07,0.6508193562040218,0.6508197848218849
3961,0.405695851698719,0.405695969996593,1.1829787399664227e-07,0.6508193540357885,0.6508197848226889
3962,0.4056958523047988,0.40569596999636837,1.1769156954555271e-07,0.6508193518675549,0.650819784823492
3963,0.4056958529108783,0.40569596999614393,1.1708526564957467e-07,0.6508193496993212,0.6508197848242953
3964,0.405695853516958,0.4056959699959194,1.1647896136501856e-07,0.6508193475310884,0.6508197848250986
3965,0.40569585412303744,0.405695969995695,1.1587265758006282e-07,0.6508193453628547,0.6508197848259019
3966,0.40569585472911696,0.40569596999547025,1.1526635329550672e-07,0.6508193431946212,0.6508197848267048
3967,0.4056958553351963,0.40569596999524565,1.1466004934401752e-07,0.650819341026387,0.6508197848275081
3968,0.4056958559412759,0.4056959699950213,1.1405374539252833e-07,0.6508193388581546,0.6508197848283115
3969,0.4056958565473551,0.40569596999479673,1.1344744160757259e-07,0.650819336689921,0.650819784829115
3970,0.4056958571534346,0.40569596999457225,1.1284113765608339e-07,0.6508193345216879,0.6508197848299182
3971,0.4056958577595139,0.40569596999434765,1.1223483376010535e-07,0.6508193323534542,0.6508197848307213
3972,0.4056958583655932,0.40569596999412294,1.11628529753105e-07,0.650819330185221,0.6508197848315246
3973,0.4056958589716723,0.40569596999389834,1.1102222602366041e-07,0.6508193280169876,0.6508197848323278
3974,0.4056958595777514,0.40569596999367386,1.1041592246074927e-07,0.6508193258487539,0.6508197848331316
3975,0.4056958601838306,0.40569596999344926,1.0980961867579353e-07,0.6508193236805211,0.6508197848339345
3976,0.4056958607899097,0.4056959699932247,1.0920331500186009e-07,0.6508193215122873,0.6508197848347379
3977,0.4056958613959887,0.4056959699930003,1.0859701160548241e-07,0.6508193193440539,0.6508197848355415
3978,0.40569586200206775,0.4056959699927756,1.0799070782052667e-07,0.6508193171758206,0.6508197848363442
3979,0.4056958626081469,0.4056959699925512,1.0738440431312668e-07,0.6508193150075874,0.650819784837148
3980,0.4056958632142257,0.40569596999232665,1.0677810097226015e-07,0.6508193128393542,0.650819784837951
3981,0.40569586382030465,0.40569596999210217,1.0617179752037131e-07,0.6508193106711211,0.6508197848387547
3982,0.40569586442638345,0.40569596999187746,1.0556549401297133e-07,0.6508193085028875,0.6508197848395579
3983,0.4056958650324623,0.4056959699916528,1.0495919050557134e-07,0.6508193063346543,0.650819784840361
3984,0.40569586563854104,0.40569596999142826,1.0435288722021596e-07,0.6508193041664212,0.6508197848411637
3985,0.40569586624461984,0.4056959699912037,1.0374658387934943e-07,0.650819301998188,0.650819784841968
3986,0.40569586685069847,0.40569596999097907,1.0314028059399405e-07,0.6508192998299542,0.6508197848427708
3987,0.4056958674567772,0.40569596999075447,1.0253397725312752e-07,0.6508192976617211,0.6508197848435742
3988,0.4056958680628558,0.40569596999052987,1.0192767407879444e-07,0.6508192954934878,0.6508197848443775
3989,0.4056958686689344,0.4056959699903054,1.0132137095997251e-07,0.650819293325255,0.6508197848451807
3990,0.4056958692750129,0.40569596999008084,1.0071506795217289e-07,0.6508192911570212,0.6508197848459839
3991,0.4056958698810914,0.40569596998985635,1.0010876494437326e-07,0.6508192889887884,0.6508197848467874
3992,0.4056958704871701,0.40569596998963176,9.950246165901788e-08,0.6508192868205557,0.6508197848475906
3993,0.40569587109324834,0.40569596998940727,9.889615892877401e-08,0.6508192846523218,0.6508197848483939
3994,0.4056958716993267,0.40569596998918267,9.828985597648554e-08,0.6508192824840884,0.650819784849197
3995,0.40569587230540505,0.4056959699889581,9.768355307970822e-08,0.6508192803158559,0.6508197848500004
3996,0.40569587291148324,0.40569596998873364,9.70772504049755e-08,0.6508192781476221,0.6508197848508037
3997,0.4056958735175616,0.4056959699885091,9.647094750819818e-08,0.6508192759793894,0.6508197848516071
3998,0.4056958741236398,0.40569596998828455,9.586464477795431e-08,0.6508192738111565,0.6508197848524104
3999,0.4056958747297179,0.40569596998806,9.52583421032216e-08,0.6508192716429231,0.6508197848532139
4000,0.405695875335796,0.4056959699878356,9.465203959502233e-08,0.6508192694746904,0.6508197848540173
4001,0.40569587594187395,0.4056959699876109,9.404573697580076e-08,0.6508192673064568,0.6508197848548201
4002,0.405695876547952,0.40569596998738633,9.34394343565792e-08,0.6508192651382239,0.6508197848556234
4003,0.4056958771540299,0.4056959699871618,9.283313190389109e-08,0.6508192629699909,0.6508197848564266
4004,0.4056958777601078,0.40569596998693735,9.222682956222528e-08,0.6508192608017576,0.6508197848572299
4005,0.40569587836618587,0.40569596998671276,9.162052688749256e-08,0.6508192586335249,0.6508197848580332
4006,0.4056958789722637,0.40569596998648816,9.101422443480445e-08,0.6508192564652915,0.6508197848588365
4007,0.40569587957834147,0.4056959699862636,9.040792214864979e-08,0.6508192542970583,0.6508197848596396
4008,0.4056958801844194,0.40569596998603913,8.980161975147283e-08,0.6508192521288261,0.6508197848604431
4009,0.40569588079049707,0.4056959699858146,8.919531752082932e-08,0.6508192499605925,0.6508197848612465
4010,0.40569588139657464,0.40569596998559,8.858901534569696e-08,0.6508192477923591,0.6508197848620496
4011,0.4056958820026522,0.4056959699853656,8.798271339260921e-08,0.6508192456241263,0.6508197848628531
4012,0.4056958826087298,0.40569596998514107,8.737641127298801e-08,0.6508192434558939,0.6508197848636568
4013,0.40569588321480726,0.4056959699849167,8.677010943092256e-08,0.6508192412876608,0.6508197848644603
4014,0.4056958838208848,0.405695969984692,8.616380720027905e-08,0.6508192391194281,0.6508197848652626
4015,0.40569588442696225,0.40569596998446755,8.555750530270245e-08,0.6508192369511947,0.6508197848660662
4016,0.4056958850330396,0.40569596998424307,8.4951203460637e-08,0.6508192347829616,0.6508197848668695
4017,0.40569588563911707,0.40569596998401847,8.434490139652695e-08,0.6508192326147295,0.6508197848676731
4018,0.40569588624519426,0.405695969983794,8.373859972099496e-08,0.6508192304464959,0.6508197848684761
4019,0.4056958868512716,0.4056959699835694,8.31322977679072e-08,0.6508192282782628,0.6508197848692797
4020,0.4056958874573489,0.4056959699833448,8.25259958703306e-08,0.6508192261100298,0.6508197848700829
4021,0.4056958880634261,0.40569596998312024,8.191969413928746e-08,0.6508192239417973,0.6508197848708859
4022,0.4056958886695032,0.4056959699828958,8.131339263028892e-08,0.6508192217735641,0.650819784871689
4023,0.40569588927558026,0.40569596998267116,8.070709089924577e-08,0.650819219605331,0.650819784872492
4024,0.4056958898816573,0.4056959699824467,8.010078944575838e-08,0.6508192174370979,0.650819784873296
4025,0.4056958904877343,0.4056959699822222,7.949448788124869e-08,0.650819215268865,0.6508197848740995
4026,0.4056958910938115,0.40569596998199736,7.888818587264979e-08,0.6508192131006327,0.6508197848749022
4027,0.40569589169988846,0.4056959699817728,7.828188436365124e-08,0.6508192109323996,0.6508197848757058
4028,0.40569589230596537,0.40569596998154833,7.7675582965675e-08,0.6508192087641662,0.6508197848765089
4029,0.4056958929120425,0.4056959699813238,7.706928129014301e-08,0.6508192065959342,0.6508197848773124
4030,0.40569589351811913,0.4056959699810993,7.646298016972253e-08,0.650819204427701,0.6508197848781156
4031,0.40569589412419604,0.4056959699808748,7.585667877174629e-08,0.6508192022594685,0.6508197848789188
4032,0.40569589473027273,0.40569596998065016,7.52503774292812e-08,0.6508192000912354,0.6508197848797217
4033,0.4056958953363495,0.4056959699804257,7.464407619783842e-08,0.6508191979230025,0.6508197848805255
4034,0.4056958959424262,0.40569596998020113,7.403777491088448e-08,0.6508191957547698,0.6508197848813285
4035,0.4056958965485028,0.40569596997997665,7.343147384597515e-08,0.6508191935865371,0.650819784882132
4036,0.4056958971545792,0.4056959699797521,7.282517289208812e-08,0.6508191914183039,0.6508197848829351
4037,0.40569589776065584,0.40569596997952767,7.221887182717879e-08,0.6508191892500712,0.6508197848837385
4038,0.40569589836673237,0.4056959699793032,7.161257081778061e-08,0.6508191870818384,0.6508197848845416
4039,0.4056958989728087,0.40569596997907864,7.100626991940473e-08,0.6508191849136058,0.6508197848853453
4040,0.40569589957888536,0.4056959699788541,7.03999687434731e-08,0.6508191827453733,0.6508197848861474
4041,0.4056959001849616,0.4056959699786295,6.979366790060837e-08,0.6508191805771403,0.6508197848869511
4042,0.40569590079103796,0.4056959699784052,6.91873672242771e-08,0.6508191784089075,0.6508197848877548
4043,0.4056959013971142,0.4056959699781806,6.858106638141237e-08,0.6508191762406748,0.6508197848885582
4044,0.40569590200319045,0.4056959699779561,6.797476564956995e-08,0.650819174072442,0.6508197848893613
4045,0.4056959026092668,0.4056959699777316,6.736846480670522e-08,0.65081917190421,0.6508197848901649
4046,0.405695903215343,0.4056959699775071,6.676216413037395e-08,0.650819169735977,0.650819784890968
4047,0.40569590382141923,0.40569596997728247,6.615586323199807e-08,0.6508191675677446,0.6508197848917714
4048,0.4056959044274952,0.40569596997705804,6.554956283322255e-08,0.6508191653995115,0.6508197848925745
4049,0.4056959050335714,0.4056959699768335,6.494326210138013e-08,0.6508191632312789,0.6508197848933779
4050,0.40569590563964747,0.40569596997660895,6.433696148056e-08,0.6508191610630465,0.6508197848941815
4051,0.4056959062457233,0.4056959699763844,6.373066108178449e-08,0.6508191588948136,0.6508197848949843
4052,0.4056959068517993,0.40569596997615975,6.312436046096437e-08,0.6508191567265803,0.6508197848957877
4053,0.4056959074578753,0.40569596997593527,6.251805995116655e-08,0.6508191545583486,0.6508197848965909
4054,0.4056959080639511,0.4056959699757107,6.191175960790218e-08,0.6508191523901157,0.6508197848973942
4055,0.40569590867002686,0.4056959699754863,6.130545943117127e-08,0.6508191502218825,0.6508197848981978
4056,0.4056959092761027,0.40569596997526197,6.069915925444036e-08,0.6508191480536509,0.6508197848990008
4057,0.40569590988217846,0.4056959699750372,6.009285874464254e-08,0.6508191458854182,0.6508197848998041
4058,0.4056959104882541,0.4056959699748127,5.948655862342278e-08,0.6508191437171847,0.6508197849006075
4059,0.4056959110943298,0.40569596997458823,5.888025844669187e-08,0.6508191415489526,0.6508197849014108
4060,0.4056959117004054,0.40569596997436363,5.8273958214449806e-08,0.6508191393807203,0.6508197849022141
4061,0.40569591230648094,0.4056959699741392,5.76676582597635e-08,0.6508191372124874,0.6508197849030177
4062,0.4056959129125564,0.40569596997391455,5.706135813854374e-08,0.6508191350442547,0.6508197849038206
4063,0.405695913518632,0.4056959699736901,5.645505812834628e-08,0.6508191328760226,0.650819784904624
4064,0.4056959141247074,0.4056959699734656,5.5848758173659974e-08,0.6508191307077895,0.6508197849054271
4065,0.405695914730783,0.405695969973241,5.524245799692906e-08,0.6508191285395575,0.6508197849062305
4066,0.40569591533685856,0.4056959699730164,5.463615782019815e-08,0.6508191263713248,0.6508197849070335
4067,0.40569591594293364,0.4056959699727919,5.40298582540899e-08,0.6508191242030925,0.6508197849078365
4068,0.4056959165490091,0.40569596997256746,5.3423558354914746e-08,0.6508191220348603,0.6508197849086407
4069,0.40569591715508424,0.40569596997234286,5.2817258622273044e-08,0.6508191198666273,0.6508197849094438
4070,0.4056959177611595,0.40569596997211826,5.221095877860904e-08,0.6508191176983951,0.6508197849102466
4071,0.4056959183672347,0.4056959699718939,5.160465921250079e-08,0.6508191155301621,0.6508197849110504
4072,0.4056959189733099,0.40569596997166935,5.099835942434794e-08,0.6508191133619299,0.6508197849118535
4073,0.4056959195793848,0.40569596997144475,5.039205996926199e-08,0.6508191111936972,0.6508197849126568
4074,0.40569592018546,0.40569596997122026,4.978576023662029e-08,0.6508191090254655,0.6508197849134603
4075,0.40569592079153494,0.40569596997099555,4.917946061500089e-08,0.6508191068572327,0.6508197849142634
4076,0.40569592139760996,0.4056959699707709,4.857316093787034e-08,0.6508191046890006,0.6508197849150665
4077,0.40569592200368476,0.4056959699705464,4.796686164931785e-08,0.6508191025207677,0.6508197849158699
4078,0.4056959226097597,0.40569596997032187,4.73605621942319e-08,0.6508191003525355,0.6508197849166726
4079,0.4056959232158345,0.4056959699700974,4.675426290567941e-08,0.650819098184303,0.650819784917477
4080,0.4056959238219093,0.4056959699698727,4.6147963450593465e-08,0.6508190960160711,0.6508197849182799
4081,0.4056959244279839,0.40569596996964813,4.5541664217552125e-08,0.6508190938478382,0.650819784919083
4082,0.40569592503405866,0.4056959699694237,4.4935365040021935e-08,0.6508190916796059,0.6508197849198863
4083,0.4056959256401333,0.40569596996919904,4.432906575146944e-08,0.6508190895113735,0.6508197849206896
4084,0.40569592624620787,0.4056959699689745,4.3722766629450405e-08,0.650819087343141,0.650819784921493
4085,0.4056959268522824,0.4056959699687501,4.311646772947597e-08,0.6508190851749083,0.6508197849222968
4086,0.4056959274583569,0.4056959699685256,4.2510168662968084e-08,0.6508190830066767,0.6508197849230994
4087,0.4056959280644312,0.40569596996830104,4.19038698185048e-08,0.6508190808384438,0.6508197849239035
4088,0.40569592867050563,0.4056959699680765,4.129757086301922e-08,0.6508190786702114,0.6508197849247066
4089,0.40569592927658005,0.4056959699678519,4.069127185202248e-08,0.6508190765019797,0.6508197849255095
4090,0.40569592988265457,0.4056959699676274,4.0084972841025746e-08,0.6508190743337472,0.6508197849263131
4091,0.40569593048872893,0.4056959699674029,3.9478673996562463e-08,0.6508190721655152,0.6508197849271161
4092,0.4056959310948033,0.4056959699671785,3.887237520761033e-08,0.6508190699972829,0.6508197849279197
4093,0.4056959317008775,0.4056959699669538,3.82660763076359e-08,0.6508190678290509,0.6508197849287223
4094,0.40569593230695156,0.4056959699667293,3.765977774072837e-08,0.6508190656608184,0.6508197849295263
4095,0.40569593291302547,0.40569596996650475,3.705347928484315e-08,0.6508190634925859,0.6508197849303289
4096,0.40569593351909977,0.40569596996628027,3.644718049589102e-08,0.6508190613243542,0.6508197849311326
4097,0.4056959341251737,0.4056959699660558,3.5840882095516946e-08,0.6508190591561216,0.6508197849319364
4098,0.4056959347312478,0.40569596996583124,3.523458341758712e-08,0.6508190569878898,0.6508197849327394
4099,0.4056959353373216,0.40569596996560675,3.462828512823535e-08,0.6508190548196573,0.6508197849335425
4100,0.4056959359433955,0.40569596996538226,3.4021986783372427e-08,0.650819052651425,0.6508197849343457
4101,0.40569593654946945,0.40569596996515755,3.34156881054426e-08,0.6508190504831932,0.6508197849351489
4102,0.40569593715554314,0.405695969964933,3.280938987160198e-08,0.650819048314961,0.650819784935952
4103,0.40569593776161683,0.4056959699647085,3.220309169327251e-08,0.6508190461467287,0.6508197849367557
4104,0.40569593836769063,0.4056959699644839,3.159679329289844e-08,0.6508190439784964,0.6508197849375588
4105,0.40569593897376444,0.40569596996425944,3.099049500354667e-08,0.6508190418102651,0.6508197849383619
4106,0.40569593957983796,0.4056959699640347,3.03841967141949e-08,0.6508190396420328,0.6508197849391653
4107,0.40569594018591165,0.40569596996381013,2.977789848035428e-08,0.6508190374738003,0.6508197849399684
4108,0.40569594079198534,0.4056959699635855,2.917160013549136e-08,0.6508190353055686,0.650819784940772
4109,0.40569594139805876,0.40569596996336105,2.85653022902288e-08,0.650819033137336,0.6508197849415763
4110,0.40569594200413234,0.40569596996313634,2.795900400087703e-08,0.6508190309691042,0.6508197849423789
4111,0.40569594261020553,0.4056959699629118,2.7352706266636773e-08,0.6508190288008717,0.6508197849431823
4112,0.40569594321627916,0.4056959699626875,2.674640831035191e-08,0.6508190266326401,0.6508197849439856
4113,0.4056959438223525,0.405695969962463,2.614011046508935e-08,0.6508190244644078,0.6508197849447892
4114,0.4056959444284258,0.4056959699622384,2.553381256431564e-08,0.6508190222961756,0.6508197849455923
4115,0.40569594503449924,0.4056959699620138,2.4927514552519625e-08,0.6508190201279431,0.6508197849463955
4116,0.40569594564057254,0.40569596996178914,2.4321216596234763e-08,0.650819017959712,0.6508197849471984
4117,0.40569594624664573,0.4056959699615646,2.3714918861994505e-08,0.6508190157914797,0.6508197849480015
4118,0.40569594685271904,0.4056959699613401,2.3108621072243096e-08,0.650819013623248,0.6508197849488051
4119,0.40569594745879195,0.40569596996111557,2.2502323615558595e-08,0.6508190114550154,0.6508197849496085
4120,0.405695948064865,0.40569596996089086,2.1896025881318337e-08,0.6508190092867834,0.6508197849504119
4121,0.405695948670938,0.4056959699606664,2.1289728424633836e-08,0.650819007118552,0.650819784951215
4122,0.40569594927701114,0.4056959699604418,2.0683430690393578e-08,0.65081900495032,0.6508197849520182
4123,0.4056959498830841,0.40569596996021723,2.0077133122686774e-08,0.6508190027820876,0.6508197849528213
4124,0.405695950489157,0.4056959699599926,1.947083555497997e-08,0.6508190006138559,0.6508197849536248
4125,0.40569595109522977,0.40569596995976814,1.8864538375851225e-08,0.6508189984456234,0.6508197849544284
4126,0.4056959517013028,0.4056959699595435,1.825824069712212e-08,0.6508189962773921,0.6508197849552315
4127,0.40569595230737543,0.40569596995931895,1.7651943517993374e-08,0.6508189941091598,0.6508197849560348
4128,0.4056959529134483,0.4056959699590943,1.704564600579772e-08,0.650818991940928,0.6508197849568378
4129,0.405695953519521,0.40569596995886975,1.6439348771157825e-08,0.6508189897726959,0.6508197849576416
4130,0.4056959541255937,0.4056959699586453,1.583305159202908e-08,0.6508189876044643,0.6508197849584445
4131,0.4056959547316665,0.40569596995842083,1.5226754357389183e-08,0.6508189854362317,0.6508197849592476
4132,0.4056959553377389,0.4056959699581963,1.4620457400305042e-08,0.6508189832680003,0.6508197849600512
4133,0.40569595594381147,0.4056959699579717,1.4014160221176297e-08,0.6508189810997683,0.6508197849608544
4134,0.40569595654988394,0.4056959699577471,1.3407863153069854e-08,0.650818978931537,0.6508197849616582
4135,0.4056959571559563,0.4056959699575226,1.2801566307008017e-08,0.6508189767633045,0.6508197849624608
4136,0.4056959577620287,0.4056959699572981,1.2195269405435027e-08,0.6508189745950729,0.6508197849632642
4137,0.40569595836810113,0.4056959699570736,1.1588972448350887e-08,0.6508189724268408,0.6508197849640678
4138,0.40569595897417343,0.405695969956849,1.0982675546777898e-08,0.6508189702586091,0.6508197849648703
4139,0.40569595958024585,0.40569596995662466,1.0376378811738363e-08,0.650818968090377,0.650819784965674
4140,0.4056959601863181,0.4056959699564,9.770081910165374e-09,0.6508189659221447,0.6508197849664776
4141,0.4056959607923902,0.40569596995617546,9.16378528614814e-09,0.6508189637539132,0.6508197849672805
4142,0.40569596139846237,0.4056959699559509,8.557488551108605e-09,0.6508189615856816,0.6508197849680843
4143,0.4056959620045346,0.4056959699557264,7.951191760557919e-09,0.65081895941745,0.6508197849688868
4144,0.4056959626106066,0.40569596995550183,7.344895247562988e-09,0.6508189572492182,0.6508197849696908
4145,0.40569596321667867,0.40569596995527735,6.738598679056906e-09,0.6508189550809867,0.6508197849704942
4146,0.4056959638227506,0.4056959699550527,6.132302110550825e-09,0.6508189529127544,0.6508197849712974
4147,0.4056959644288226,0.40569596995482815,5.526005542044743e-09,0.6508189507445235,0.6508197849721009
4148,0.40569596503489463,0.4056959699546036,4.919708973538661e-09,0.6508189485762914,0.6508197849729043
4149,0.40569596564096644,0.4056959699543791,4.313412682588336e-09,0.6508189464080594,0.6508197849737066
4150,0.4056959662470383,0.40569596995415447,3.707116169593405e-09,0.6508189442398278,0.6508197849745105
4151,0.40569596685311005,0.40569596995393,3.100819934154231e-09,0.6508189420715962,0.6508197849753133
4152,0.40569596745918196,0.4056959699537052,2.4945232546258467e-09,0.6508189399033645,0.6508197849761166
4153,0.40569596806525376,0.40569596995348095,1.888227185720126e-09,0.650818937735133,0.6508197849769208
4154,0.4056959686713252,0.40569596995325635,1.2819311723255566e-09,0.6508189355669006,0.6508197849777237
4155,0.4056959692773969,0.40569596995303175,6.756348813752311e-10,0.6508189333986691,0.6508197849785271
4156,0.40569596988346857,0.4056959699528073,6.933875695835923e-11,0.6508189312304373,0.6508197849793298
4157,0.40569597048954004,0.4056959699525827,5.369573119473614e-10,0.6508189290622057,0.6508197849801332
4158,0.4056959710956114,0.4056959699523582,1.1432532143196283e-09,0.6508189268939739,0.6508197849809365
4159,0.405695971701683,0.40569596995213375,1.7495492277141977e-09,0.650818924725743,0.6508197849817403
4160,0.4056959723077545,0.40569596995190904,2.355845463153372e-09,0.650818922557511,0.6508197849825432
4161,0.4056959729138259,0.4056959699516846,2.9621413100144878e-09,0.6508189203892796,0.6508197849833465
4162,0.40569597351989745,0.4056959699514602,3.568437267897906e-09,0.6508189182210481,0.6508197849841499
4163,0.4056959741259686,0.4056959699512355,4.1747330592478704e-09,0.6508189160528157,0.6508197849849533
4164,0.4056959747320399,0.405695969951011,4.781028906108986e-09,0.6508189138845846,0.650819784985757
4165,0.40569597533811114,0.40569596995078644,5.387324697458951e-09,0.650818911716353,0.6508197849865598
4166,0.40569597594418233,0.405695969950562,5.993620322275461e-09,0.6508189095481216,0.6508197849873634
4167,0.4056959765502535,0.4056959699503373,6.599916224647728e-09,0.6508189073798897,0.650819784988166
4168,0.4056959771563245,0.40569596995011276,7.206211738441937e-09,0.650818905211658,0.6508197849889692
4169,0.40569597776239563,0.4056959699498884,7.812507252236145e-09,0.6508189030434269,0.650819784989773
4170,0.4056959783684666,0.4056959699496637,8.418802877052656e-09,0.6508189008751952,0.6508197849905761
4171,0.4056959789745376,0.40569596994943924,9.025098335335713e-09,0.6508188987069639,0.6508197849913797
4172,0.4056959795806084,0.4056959699492146,9.63139379361877e-09,0.6508188965387323,0.6508197849921824
4173,0.4056959801866793,0.4056959699489901,1.0237689196390676e-08,0.6508188943705007,0.650819784992986
4174,0.4056959807927501,0.40569596994876556,1.084398454365143e-08,0.6508188922022694,0.6508197849937895
4175,0.4056959813988209,0.40569596994854107,1.1450279835401034e-08,0.6508188900340371,0.6508197849945925
4176,0.4056959820048917,0.4056959699483165,1.2056575182661788e-08,0.6508188878658061,0.6508197849953958
4177,0.40569598261096246,0.405695969948092,1.2662870474411392e-08,0.6508188856975742,0.6508197849961992
4178,0.40569598321703304,0.4056959699478676,1.3269165433094088e-08,0.6508188835293431,0.6508197849970025
4179,0.40569598382310373,0.40569596994764306,1.387546066933254e-08,0.6508188813611113,0.6508197849978057
4180,0.40569598442917437,0.4056959699474186,1.448175579454869e-08,0.6508188791928801,0.6508197849986088
4181,0.4056959850352449,0.40569596994719404,1.5088050864253688e-08,0.6508188770246485,0.6508197849994123
4182,0.40569598564131537,0.40569596994696955,1.5694345822936384e-08,0.6508188748564173,0.6508197850002155
4183,0.40569598624738584,0.40569596994674495,1.6300640892641383e-08,0.6508188726881858,0.6508197850010189
4184,0.40569598685345637,0.4056959699465203,1.6906936073368684e-08,0.6508188705199541,0.6508197850018225
4185,0.4056959874595268,0.4056959699462958,1.7513230976540228e-08,0.650818868351723,0.6508197850026255
4186,0.4056959880655973,0.4056959699460713,1.8119525990734076e-08,0.6508188661834919,0.6508197850034292
4187,0.4056959886716676,0.4056959699458467,1.872582089390562e-08,0.6508188640152601,0.6508197850042323
4188,0.40569598927773765,0.4056959699456221,1.933211551952141e-08,0.6508188618470292,0.6508197850050355
4189,0.4056959898838078,0.4056959699453975,1.99384102561595e-08,0.6508188596787972,0.6508197850058384
4190,0.4056959904898779,0.4056959699451731,2.0544704826264137e-08,0.650818857510566,0.6508197850066422
4191,0.40569599109594806,0.4056959699449486,2.1150999451879926e-08,0.6508188553423349,0.6508197850074456
4192,0.40569599170201814,0.40569596994472396,2.1757294188518017e-08,0.6508188531741034,0.6508197850082484
4193,0.4056959923080883,0.4056959699444993,2.236358898066726e-08,0.6508188510058726,0.6508197850090516
4194,0.4056959929141582,0.40569596994427487,2.2969883328727292e-08,0.6508188488376405,0.6508197850098552
4195,0.4056959935202284,0.40569596994405016,2.3576178231898837e-08,0.6508188466694096,0.6508197850106585
4196,0.40569599412629814,0.4056959699438257,2.4182472468936567e-08,0.650818844501178,0.6508197850114615
4197,0.4056959947323681,0.405695969943601,2.4788767094552355e-08,0.650818842332947,0.650819785012265
4198,0.40569599533843786,0.4056959699433767,2.539506116505663e-08,0.6508188401647157,0.6508197850130688
4199,0.40569599594450767,0.4056959699431521,2.6001355568627815e-08,0.6508188379964842,0.6508197850138713
4200,0.4056959965505774,0.40569596994292734,2.66076500832213e-08,0.6508188358282531,0.6508197850146747
4201,0.4056959971566472,0.4056959699427029,2.721394432025903e-08,0.6508188336600216,0.6508197850154781
4202,0.40569599776271664,0.40569596994247836,2.7820238279741005e-08,0.6508188314917902,0.6508197850162813
4203,0.40569599836878645,0.4056959699422539,2.8426532572289887e-08,0.6508188293235593,0.6508197850170848
4204,0.40569599897485603,0.4056959699420293,2.9032826753816465e-08,0.6508188271553283,0.6508197850178877
4205,0.40569599958092556,0.4056959699418047,2.9639120879831893e-08,0.6508188249870972,0.6508197850186912
4206,0.40569600018699514,0.4056959699415801,3.024541506135847e-08,0.650818822818866,0.6508197850194943
4207,0.4056960007930646,0.4056959699413555,3.085170913186275e-08,0.6508188206506349,0.6508197850202975
4208,0.405696001399134,0.40569596994113105,3.145800292481127e-08,0.6508188184824034,0.650819785021101
4209,0.4056960020052033,0.40569596994090645,3.206429682878209e-08,0.6508188163141724,0.6508197850219043
4210,0.4056960026112728,0.40569596994068197,3.2670590843775216e-08,0.650818814145941,0.650819785022708
4211,0.40569600321734206,0.4056959699404574,3.3276884636723736e-08,0.6508188119777101,0.6508197850235113
4212,0.4056960038234113,0.405695969940233,3.3883178318649954e-08,0.6508188098094786,0.6508197850243146
4213,0.4056960044294806,0.4056959699400084,3.4489472222620776e-08,0.6508188076412473,0.6508197850251176
4214,0.4056960050355499,0.40569596993978385,3.509576607108045e-08,0.6508188054730166,0.6508197850259206
4215,0.40569600564161906,0.4056959699395594,3.570205964198436e-08,0.6508188033047851,0.6508197850267242
4216,0.40569600624768826,0.40569596993933477,3.6308353490444034e-08,0.6508188011365539,0.6508197850275272
4217,0.4056960068537574,0.4056959699391103,3.69146471168591e-08,0.6508187989683227,0.6508197850283306
4218,0.4056960074598264,0.40569596993888574,3.7520940687763016e-08,0.650818796800092,0.6508197850291337
4219,0.4056960080658953,0.40569596993866125,3.8127234036622326e-08,0.6508187946318608,0.650819785029937
4220,0.4056960086719642,0.4056959699384368,3.8733527385481636e-08,0.6508187924636297,0.6508197850307407
4221,0.4056960092780331,0.4056959699382121,3.93398210118967e-08,0.6508187902953987,0.6508197850315435
4222,0.40569600988410187,0.40569596993798773,3.994611413871141e-08,0.6508187881271672,0.6508197850323469
4223,0.40569601049017073,0.40569596993776325,4.055240748757072e-08,0.6508187859589369,0.6508197850331502
4224,0.40569601109623943,0.4056959699375386,4.115870083643003e-08,0.6508187837907052,0.6508197850339533
4225,0.40569601170230823,0.40569596993731405,4.176499418528934e-08,0.6508187816224753,0.6508197850347573
4226,0.40569601230837676,0.4056959699370895,4.237128725659289e-08,0.6508187794542438,0.6508197850355603
4227,0.40569601291444546,0.40569596993686496,4.29775804944299e-08,0.650818777286013,0.650819785036364
4228,0.40569601352051393,0.40569596993664025,4.358387367675576e-08,0.6508187751177816,0.6508197850371668
4229,0.4056960141265824,0.40569596993641566,4.419016674805931e-08,0.6508187729495507,0.6508197850379702
4230,0.4056960147326511,0.405695969936191,4.479646009691862e-08,0.6508187707813198,0.6508197850387738
4231,0.40569601533871946,0.40569596993596646,4.540275300168872e-08,0.6508187686130885,0.6508197850395772
4232,0.40569601594478794,0.4056959699357419,4.6009046017481126e-08,0.6508187664448576,0.6508197850403805
4233,0.40569601655085613,0.4056959699355173,4.6615338811228924e-08,0.6508187642766264,0.6508197850411837
4234,0.40569601715692466,0.4056959699352928,4.722163188253248e-08,0.6508187621083961,0.6508197850419868
4235,0.4056960177629929,0.4056959699350681,4.782792478730258e-08,0.6508187599401651,0.65081978504279
4236,0.4056960183690612,0.40569596993484364,4.8434217581050376e-08,0.6508187577719338,0.6508197850435933
4237,0.4056960189751294,0.405695969934619,4.9040510430309325e-08,0.6508187556037033,0.6508197850443966
4238,0.40569601958119755,0.4056959699343945,4.964680305752367e-08,0.6508187534354716,0.6508197850451996
4239,0.40569602018726575,0.40569596993417,5.0253095740249165e-08,0.650818751267241,0.6508197850460032
4240,0.40569602079333394,0.4056959699339454,5.085938853399696e-08,0.6508187490990104,0.6508197850468065
4241,0.405696021399402,0.405695969933721,5.1465680994677854e-08,0.6508187469307796,0.6508197850476098
4242,0.4056960220054698,0.4056959699334965,5.207197328882529e-08,0.6508187447625484,0.6508197850484133
4243,0.4056960226115378,0.40569596993327195,5.2678265860528484e-08,0.6508187425943175,0.6508197850492166
4244,0.40569602321760556,0.4056959699330473,5.328455826569822e-08,0.6508187404260868,0.6508197850500195
4245,0.40569602382367353,0.40569596993282275,5.3890850781890265e-08,0.6508187382578561,0.6508197850508225
4246,0.40569602442974134,0.4056959699325984,5.44971429650154e-08,0.6508187360896249,0.6508197850516265
4247,0.4056960250358091,0.4056959699323738,5.510343531467399e-08,0.650818733921394,0.6508197850524298
4248,0.40569602564187685,0.4056959699321493,5.570972755331027e-08,0.6508187317531635,0.6508197850532329
4249,0.4056960262479444,0.4056959699319247,5.6316019680924256e-08,0.6508187295849327,0.6508197850540363
4250,0.4056960268540121,0.4056959699317002,5.692231191956054e-08,0.6508187274167021,0.6508197850548398
4251,0.4056960274600798,0.40569596993147544,5.752860438024143e-08,0.6508187252484712,0.6508197850556423
4252,0.40569602806614735,0.40569596993125095,5.8134896396833113e-08,0.6508187230802402,0.6508197850564461
4253,0.405696028672215,0.40569596993102647,5.8741188524447097e-08,0.6508187209120093,0.6508197850572497
4254,0.40569602927828247,0.405695969930802,5.9347480485527626e-08,0.6508187187437788,0.6508197850580524
4255,0.4056960298843499,0.4056959699305776,5.99537722800747e-08,0.6508187165755477,0.6508197850588561
4256,0.4056960304904173,0.40569596993035295,6.056006435217753e-08,0.6508187144073171,0.6508197850596593
4257,0.40569603109648467,0.40569596993012846,6.116635620223576e-08,0.6508187122390863,0.6508197850604623
4258,0.4056960317025521,0.40569596992990387,6.177264821882744e-08,0.6508187100708558,0.6508197850612658
4259,0.40569603230861934,0.4056959699296794,6.237893995786337e-08,0.650818707902625,0.6508197850620692
4260,0.40569603291468653,0.4056959699294548,6.298523175241044e-08,0.6508187057343946,0.6508197850628723
4261,0.40569603352075384,0.40569596992923024,6.359152360246867e-08,0.6508187035661636,0.6508197850636754
4262,0.4056960341268209,0.40569596992900564,6.419781528599344e-08,0.650818701397933,0.6508197850644784
4263,0.4056960347328882,0.40569596992878104,6.480410713605167e-08,0.6508186992297021,0.6508197850652823
4264,0.4056960353389552,0.40569596992855655,6.541039865304299e-08,0.6508186970614717,0.6508197850660851
4265,0.4056960359450221,0.40569596992833196,6.601669017003431e-08,0.6508186948932406,0.6508197850668884
4266,0.40569603655108916,0.40569596992810764,6.662298152049217e-08,0.6508186927250104,0.6508197850676918
4267,0.40569603715715624,0.40569596992788287,6.72292733705504e-08,0.6508186905567799,0.6508197850684949
4268,0.4056960377632231,0.40569596992765855,6.783556455447481e-08,0.650818688388549,0.6508197850692983
4269,0.40569603836928986,0.40569596992743395,6.844185590493268e-08,0.6508186862203184,0.6508197850701019
4270,0.405696038975357,0.4056959699272093,6.904814769947976e-08,0.6508186840520883,0.6508197850709048
4271,0.40569603958142364,0.40569596992698487,6.965443877238187e-08,0.6508186818838573,0.6508197850717083
4272,0.40569604018749034,0.40569596992676027,7.026073006732858e-08,0.6508186797156268,0.650819785072512
4273,0.405696040793557,0.4056959699265356,7.08670213622753e-08,0.6508186775473962,0.6508197850733151
4274,0.4056960413996236,0.40569596992631113,7.147331249068856e-08,0.650818675379165,0.650819785074118
4275,0.40569604200569037,0.4056959699260867,7.207960367461297e-08,0.6508186732109351,0.6508197850749216
4276,0.40569604261175696,0.4056959699258622,7.268589474751508e-08,0.6508186710427044,0.6508197850757251
4277,0.4056960432178235,0.40569596992563756,7.329218593143949e-08,0.6508186688744734,0.650819785076528
4278,0.40569604382389024,0.405695969925413,7.38984772263862e-08,0.6508186667062433,0.6508197850773318
4279,0.4056960444299566,0.40569596992518836,7.450476824377716e-08,0.6508186645380128,0.6508197850781346
4280,0.40569604503602297,0.4056959699249639,7.511105909463467e-08,0.6508186623697818,0.6508197850789381
4281,0.40569604564208944,0.40569596992473933,7.571735011202563e-08,0.6508186602015514,0.6508197850797417
4282,0.405696046248156,0.40569596992451484,7.632364112941659e-08,0.6508186580333212,0.6508197850805453
4283,0.40569604685422217,0.40569596992429036,7.692993181374064e-08,0.6508186558650908,0.6508197850813489
4284,0.40569604746028837,0.4056959699240656,7.753622277562044e-08,0.6508186536968599,0.6508197850821513
4285,0.40569604806635473,0.40569596992384127,7.81425134599445e-08,0.6508186515286297,0.6508197850829551
4286,0.40569604867242093,0.4056959699236167,7.874880425529085e-08,0.6508186493603993,0.6508197850837579
4287,0.40569604927848707,0.4056959699233922,7.935509488410375e-08,0.6508186471921689,0.6508197850845616
4288,0.40569604988455304,0.40569596992316753,7.996138551291665e-08,0.6508186450239379,0.6508197850853645
4289,0.40569605049061913,0.4056959699229429,8.056767625275185e-08,0.6508186428557077,0.6508197850861674
4290,0.4056960510966852,0.40569596992271845,8.117396677054245e-08,0.6508186406874772,0.6508197850869715
4291,0.40569605170275114,0.4056959699224938,8.17802573438442e-08,0.6508186385192467,0.6508197850877742
4292,0.40569605230881717,0.40569596992226914,8.238654802816825e-08,0.6508186363510166,0.6508197850885775
4293,0.40569605291488303,0.40569596992204454,8.29928384904477e-08,0.6508186341827864,0.6508197850893811
4294,0.4056960535209489,0.40569596992182017,8.359912873068254e-08,0.6508186320145558,0.6508197850901845
4295,0.40569605412701476,0.4056959699215955,8.420541924847313e-08,0.6508186298463251,0.6508197850909874
4296,0.40569605473308057,0.40569596992137114,8.481170943319682e-08,0.6508186276780954,0.6508197850917911
4297,0.40569605533914627,0.4056959699211466,8.541799967343167e-08,0.650818625509865,0.6508197850925943
4298,0.4056960559452119,0.4056959699209221,8.60242898026442e-08,0.6508186233416342,0.6508197850933974
4299,0.40569605655127755,0.40569596992069756,8.66305799873679e-08,0.6508186211734037,0.6508197850942009
4300,0.40569605715734314,0.4056959699204731,8.723687006106928e-08,0.6508186190051737,0.6508197850950044
4301,0.4056960577634087,0.40569596992024853,8.784316019028182e-08,0.6508186168369434,0.6508197850958073
4302,0.4056960583694741,0.40569596992002405,8.84494500419386e-08,0.6508186146687127,0.6508197850966102
4303,0.4056960589755396,0.40569596991979956,8.905574006012884e-08,0.6508186125004829,0.6508197850974136
4304,0.405696059581605,0.405695969919575,8.966202996729677e-08,0.650818610332252,0.6508197850982167
4305,0.4056960601876704,0.4056959699193504,9.026831998548701e-08,0.6508186081640221,0.6508197850990206
4306,0.40569606079373577,0.4056959699191259,9.087460989265495e-08,0.6508186059957916,0.6508197850998239
4307,0.4056960613998011,0.4056959699189013,9.148089979982288e-08,0.6508186038275615,0.6508197851006273
4308,0.4056960620058664,0.4056959699186767,9.208718970699081e-08,0.6508186016593314,0.65081978510143
4309,0.4056960626119314,0.40569596991845225,9.269347917006954e-08,0.6508185994911011,0.6508197851022337
4310,0.4056960632179967,0.40569596991822765,9.329976907723747e-08,0.6508185973228713,0.6508197851030367
4311,0.40569606382406165,0.40569596991800316,9.390605848480504e-08,0.6508185951546404,0.6508197851038402
4312,0.40569606443012696,0.4056959699177786,9.451234833646183e-08,0.6508185929864106,0.6508197851046436
4313,0.4056960650361919,0.405695969917554,9.51186378550517e-08,0.6508185908181805,0.650819785105447
4314,0.40569606564225674,0.4056959699173295,9.572492726261927e-08,0.6508185886499498,0.65081978510625
4315,0.40569606624832166,0.405695969917105,9.633121667018685e-08,0.6508185864817192,0.6508197851070535
4316,0.4056960668543867,0.4056959699168804,9.693750629979903e-08,0.6508185843134894,0.6508197851078565
4317,0.4056960674604515,0.40569596991665585,9.754379565185545e-08,0.6508185821452593,0.6508197851086599
4318,0.40569606806651637,0.4056959699164313,9.815008505942302e-08,0.6508185799770287,0.6508197851094628
4319,0.4056960686725811,0.40569596991620654,9.87563745780129e-08,0.6508185778087983,0.6508197851102663
4320,0.4056960692786461,0.40569596991598206,9.936266404109162e-08,0.6508185756405689,0.65081978511107
4321,0.4056960698847108,0.40569596991575757,9.996895322661459e-08,0.6508185734723386,0.6508197851118731
4322,0.40569607049077544,0.40569596991553303,1.0057524241213756e-07,0.6508185713041084,0.6508197851126765
4323,0.4056960710968402,0.40569596991530854,1.0118153165317167e-07,0.6508185691358785,0.6508197851134796
4324,0.40569607170290484,0.40569596991508405,1.0178782078318349e-07,0.6508185669676484,0.6508197851142827
4325,0.4056960723089693,0.40569596991485957,1.0239410974666185e-07,0.6508185647994179,0.6508197851150858
4326,0.40569607291503385,0.405695969914635,1.0300039882116252e-07,0.650818562631188,0.6508197851158891
4327,0.40569607352109827,0.40569596991441054,1.0360668772912973e-07,0.6508185604629575,0.6508197851166928
4328,0.40569607412716263,0.40569596991418605,1.0421297658158579e-07,0.6508185582947271,0.6508197851174962
4329,0.40569607473322694,0.4056959699139614,1.0481926554506416e-07,0.6508185561264974,0.6508197851182991
4330,0.4056960753392912,0.4056959699137369,1.0542555428649791e-07,0.6508185539582674,0.6508197851191024
4331,0.40569607594535567,0.4056959699135124,1.0603184324997628e-07,0.650818551790038,0.6508197851199056
4332,0.4056960765514198,0.4056959699132877,1.0663813210243234e-07,0.6508185496218073,0.650819785120709
4333,0.40569607715748407,0.4056959699130632,1.072444208438661e-07,0.6508185474535775,0.6508197851215125
4334,0.4056960777635484,0.4056959699128386,1.0785070975183331e-07,0.6508185452853479,0.6508197851223152
4335,0.4056960783696126,0.4056959699126142,1.0845699838224476e-07,0.6508185431171178,0.6508197851231188
4336,0.4056960789756766,0.40569596991238976,1.0906328684612276e-07,0.6508185409488879,0.6508197851239221
4337,0.40569607958174053,0.4056959699121652,1.0966957531000077e-07,0.6508185387806578,0.6508197851247253
4338,0.4056960801878047,0.4056959699119408,1.1027586388490107e-07,0.6508185366124278,0.6508197851255286
4339,0.4056960807938686,0.4056959699117162,1.1088215240429022e-07,0.6508185344441977,0.650819785126332
4340,0.40569608139993263,0.4056959699114917,1.1148844092367938e-07,0.6508185322759676,0.6508197851271358
4341,0.4056960820059966,0.4056959699112671,1.1209472949857968e-07,0.6508185301077378,0.6508197851279385
4342,0.4056960826120604,0.40569596991104245,1.1270101796245768e-07,0.6508185279395078,0.6508197851287415
4343,0.4056960832181242,0.4056959699108179,1.1330730631531338e-07,0.6508185257712781,0.6508197851295453
4344,0.40569608382418815,0.4056959699105933,1.1391359483470254e-07,0.6508185236030481,0.6508197851303479
4345,0.4056960844302518,0.4056959699103688,1.1451988296551363e-07,0.6508185214348182,0.6508197851311519
4346,0.40569608503631555,0.40569596991014434,1.1512617120734703e-07,0.6508185192665887,0.650819785131955
4347,0.4056960856423792,0.4056959699099198,1.1573245939366927e-07,0.6508185170983588,0.6508197851327581
4348,0.4056960862484426,0.40569596990969525,1.1633874735794691e-07,0.6508185149301281,0.6508197851335615
4349,0.4056960868545062,0.40569596990947077,1.1694503543324686e-07,0.6508185127618986,0.6508197851343651
4350,0.4056960874605697,0.4056959699092463,1.175513233975245e-07,0.6508185105936686,0.6508197851351686
4351,0.4056960880666331,0.4056959699090216,1.1815761147282444e-07,0.6508185084254388,0.6508197851359716
4352,0.40569608867269646,0.40569596990879725,1.1876389921505748e-07,0.6508185062572092,0.650819785136775
4353,0.40569608927875994,0.40569596990857254,1.1937018740137972e-07,0.6508185040889791,0.6508197851375781
4354,0.40569608988482325,0.40569596990834805,1.199764751991239e-07,0.6508185019207491,0.6508197851383813
4355,0.40569609049088656,0.4056959699081236,1.2058276294135695e-07,0.6508184997525192,0.6508197851391844
4356,0.40569609109694976,0.4056959699078989,1.2118905085012344e-07,0.6508184975842893,0.6508197851399875
4357,0.40569609170301285,0.40569596990767437,1.2179533848133417e-07,0.6508184954160596,0.6508197851407913
4358,0.40569609230907616,0.4056959699074499,1.2240162627907836e-07,0.6508184932478307,0.6508197851415946
4359,0.40569609291513914,0.4056959699072253,1.2300791385477794e-07,0.6508184910796,0.6508197851423975
4360,0.4056960935212022,0.4056959699070008,1.2361420137496637e-07,0.6508184889113702,0.6508197851432007
4361,0.40569609412726515,0.4056959699067762,1.2422048895066595e-07,0.6508184867431406,0.6508197851440041
4362,0.4056960947333281,0.4056959699065517,1.2482677641534323e-07,0.6508184845749109,0.6508197851448079
4363,0.4056960953393911,0.40569596990632717,1.2543306393553166e-07,0.6508184824066812,0.6508197851456112
4364,0.4056960959454542,0.40569596990610257,1.2603935162225355e-07,0.6508184802384518,0.6508197851464144
4365,0.405696096551517,0.4056959699058781,1.2664563892039737e-07,0.650818478070222,0.6508197851472175
4366,0.4056960971575798,0.4056959699056536,1.272519262185412e-07,0.6508184759019922,0.6508197851480213
4367,0.40569609776364257,0.40569596990542894,1.2785821362770733e-07,0.6508184737337623,0.650819785148824
4368,0.4056960983697052,0.4056959699052044,1.2846450081482885e-07,0.6508184715655327,0.6508197851496271
4369,0.40569609897576786,0.4056959699049799,1.2907078794643922e-07,0.6508184693973025,0.6508197851504309
4370,0.40569609958183067,0.40569596990475526,1.296770754111165e-07,0.6508184672290733,0.6508197851512342
4371,0.4056961001878932,0.4056959699045307,1.3028336248721573e-07,0.6508184650608433,0.6508197851520371
4372,0.40569610079395596,0.40569596990430606,1.3088964989638185e-07,0.6508184628926139,0.6508197851528401
4373,0.40569610140001844,0.40569596990408147,1.3149593697248108e-07,0.6508184607243841,0.6508197851536439
4374,0.4056961020060809,0.40569596990385703,1.3210222388204684e-07,0.6508184585561548,0.6508197851544472
4375,0.40569610261214334,0.4056959699036326,1.3270851073610146e-07,0.6508184563879253,0.6508197851552507
4376,0.40569610321820565,0.40569596990340795,1.3331479770117838e-07,0.6508184542196954,0.6508197851560537
4377,0.405696103824268,0.40569596990318335,1.339210846662553e-07,0.6508184520514659,0.6508197851568569
4378,0.4056961044303305,0.40569596990295875,1.3452737174235452e-07,0.6508184498832363,0.6508197851576604
4379,0.4056961050363928,0.40569596990273415,1.3513365865192029e-07,0.6508184477150066,0.6508197851584633
4380,0.405696105642455,0.40569596990250967,1.3573994533944145e-07,0.6508184455467767,0.6508197851592672
4381,0.40569610624851743,0.4056959699022849,1.3634623252656297e-07,0.650818443378547,0.6508197851600699
4382,0.4056961068545797,0.4056959699020605,1.3695251915857298e-07,0.6508184412103175,0.6508197851608731
4383,0.40569610746064166,0.4056959699018361,1.375588055685384e-07,0.6508184390420877,0.6508197851616768
4384,0.4056961080667038,0.40569596990161155,1.3816509225605955e-07,0.6508184368738583,0.6508197851624802
4385,0.4056961086727658,0.4056959699013871,1.3877137866602496e-07,0.6508184347056292,0.6508197851632833
4386,0.40569610927882765,0.4056959699011624,1.3937766524252382e-07,0.6508184325373987,0.6508197851640863
4387,0.4056961098848897,0.4056959699009379,1.3998395176351153e-07,0.6508184303691693,0.6508197851648898
4388,0.4056961104909519,0.4056959699007133,1.40590238562055e-07,0.6508184282009408,0.6508197851656932
4389,0.40569611109701353,0.4056959699004888,1.411965247499758e-07,0.6508184260327106,0.6508197851664965
4390,0.40569611170307546,0.4056959699002641,1.418028113819858e-07,0.650818423864481,0.6508197851672992
4391,0.40569611230913727,0.4056959699000396,1.424090976809289e-07,0.6508184216962518,0.650819785168103
4392,0.40569611291519897,0.4056959698998151,1.430153838688497e-07,0.6508184195280222,0.6508197851689067
4393,0.40569611352126067,0.4056959698995905,1.4362167016779281e-07,0.6508184173597926,0.6508197851697097
4394,0.4056961141273224,0.405695969899366,1.4422795641122477e-07,0.6508184151915635,0.6508197851705133
4395,0.4056961147333839,0.40569596989914153,1.4483424237710096e-07,0.6508184130233341,0.6508197851713166
4396,0.4056961153394455,0.40569596989891693,1.4544052856502176e-07,0.6508184108551037,0.6508197851721197
4397,0.4056961159455071,0.40569596989869244,1.4604681464192026e-07,0.6508184086868746,0.6508197851729229
4398,0.40569611655156856,0.4056959698984679,1.466531006633076e-07,0.6508184065186458,0.6508197851737264
4399,0.4056961171576301,0.40569596989824336,1.472593867402061e-07,0.6508184043504162,0.6508197851745294
4400,0.4056961177636914,0.4056959698980188,1.4786567259506e-07,0.6508184021821863,0.6508197851753328
4401,0.4056961183697529,0.4056959698977943,1.4847195861644735e-07,0.6508184000139574,0.650819785176136
4402,0.4056961189758141,0.4056959698975697,1.490782444157901e-07,0.6508183978457275,0.6508197851769392
4403,0.4056961195818754,0.4056959698973452,1.4968453021513284e-07,0.6508183956774984,0.6508197851777423
4404,0.40569612018793666,0.40569596989712065,1.5029081601447558e-07,0.6508183935092693,0.6508197851785456
4405,0.405696120793998,0.40569596989689616,1.5089710186932948e-07,0.6508183913410397,0.6508197851793488
4406,0.4056961214000592,0.4056959698966717,1.515033874466276e-07,0.6508183891728101,0.6508197851801525
4407,0.40569612200612026,0.40569596989644713,1.5210967313494805e-07,0.6508183870045805,0.6508197851809558
4408,0.4056961226121815,0.40569596989622264,1.5271595887877965e-07,0.6508183848363518,0.6508197851817589
4409,0.4056961232182425,0.40569596989599804,1.5332224445607778e-07,0.6508183826681224,0.6508197851825623
4410,0.4056961238243036,0.4056959698957735,1.5392853008888707e-07,0.6508183804998927,0.6508197851833659
4411,0.4056961244303645,0.4056959698955489,1.5453481561067406e-07,0.6508183783316639,0.6508197851841688
4412,0.4056961250364254,0.40569596989532436,1.5514110102143874e-07,0.6508183761634341,0.6508197851849722
4413,0.4056961256424864,0.40569596989509976,1.5574738665424803e-07,0.6508183739952051,0.6508197851857759
4414,0.405696126248547,0.4056959698948752,1.5635367178745696e-07,0.6508183718269759,0.6508197851865786
4415,0.40569612685460776,0.4056959698946507,1.5695995708719934e-07,0.6508183696587466,0.650819785187382
4416,0.40569612746066863,0.4056959698944262,1.5756624244245288e-07,0.6508183674905172,0.6508197851881852
4417,0.40569612806672933,0.40569596989420176,1.581725275756618e-07,0.6508183653222879,0.6508197851889885
4418,0.4056961286727899,0.4056959698939772,1.5877881270887073e-07,0.6508183631540583,0.6508197851897914
4419,0.40569612927885057,0.40569596989375273,1.5938509784207966e-07,0.650818360985829,0.6508197851905949
4420,0.4056961298849113,0.4056959698935283,1.5999138303079974e-07,0.6508183588176004,0.6508197851913983
4421,0.4056961304909719,0.40569596989330364,1.6059766827503097e-07,0.6508183566493708,0.6508197851922013
4422,0.40569613109703223,0.40569596989307916,1.61203953075173e-07,0.6508183544811413,0.6508197851930049
4423,0.4056961317030928,0.40569596989285456,1.6181023826389307e-07,0.6508183523129127,0.6508197851938082
4424,0.4056961323091532,0.40569596989263007,1.6241652311954624e-07,0.650818350144683,0.6508197851946115
4425,0.40569613291521345,0.4056959698924055,1.630228079751994e-07,0.6508183479764538,0.6508197851954147
4426,0.4056961335212738,0.40569596989218093,1.6362909288636374e-07,0.6508183458082246,0.6508197851962179
4427,0.4056961341273341,0.4056959698919565,1.6423537757548345e-07,0.6508183436399957,0.6508197851970212
4428,0.4056961347333944,0.405695969891732,1.6484166237562548e-07,0.6508183414717666,0.6508197851978241
4429,0.4056961353394546,0.4056959698915076,1.6544794700923404e-07,0.6508183393035376,0.6508197851986279
4430,0.4056961359455147,0.4056959698912829,1.660542317538649e-07,0.6508183371353082,0.6508197851994306
4431,0.4056961365515749,0.40569596989105844,1.6666051644298463e-07,0.6508183349670794,0.6508197852002344
4432,0.4056961371576349,0.40569596989083406,1.672668008545486e-07,0.6508183327988502,0.6508197852010382
4433,0.405696137763695,0.40569596989060946,1.678730855436683e-07,0.6508183306306214,0.6508197852018412
4434,0.4056961383697548,0.4056959698903849,1.6847936989972112e-07,0.6508183284623918,0.6508197852026444
4435,0.40569613897581486,0.4056959698901603,1.690856545333297e-07,0.6508183262941631,0.6508197852034471
4436,0.4056961395818749,0.4056959698899357,1.6969193916693825e-07,0.650818324125934,0.650819785204251
4437,0.4056961401879347,0.40569596988971135,1.702982233564576e-07,0.6508183219577051,0.6508197852050543
4438,0.40569614079399474,0.4056959698894868,1.7090450793455503e-07,0.6508183197894759,0.6508197852058575
4439,0.40569614140005444,0.40569596988926226,1.7151079217958554e-07,0.6508183176212464,0.6508197852066608
4440,0.4056961420061143,0.40569596988903767,1.7211707664666065e-07,0.650818315453018,0.650819785207464
4441,0.40569614261217407,0.4056959698888131,1.727233609472023e-07,0.6508183132847883,0.6508197852082672
4442,0.4056961432182338,0.4056959698885887,1.7332964508121051e-07,0.6508183111165595,0.6508197852090709
4443,0.40569614382429325,0.4056959698883642,1.7393592904868527e-07,0.6508183089483304,0.650819785209874
4444,0.40569614443035285,0.40569596988813966,1.7454221318269347e-07,0.6508183067801017,0.6508197852106774
4445,0.40569614503641227,0.40569596988791506,1.7514849720567938e-07,0.6508183046118723,0.6508197852114808
4446,0.4056961456424718,0.4056959698876906,1.7575478122866528e-07,0.6508183024436431,0.6508197852122838
4447,0.4056961462485313,0.40569596988746603,1.7636106525165118e-07,0.6508183002754147,0.6508197852130868
4448,0.4056961468545907,0.4056959698872414,1.7696734933014824e-07,0.6508182981071859,0.65081978521389
4449,0.4056961474606501,0.4056959698870168,1.77573633297623e-07,0.6508182959389565,0.6508197852146935
4450,0.4056961480667094,0.4056959698867923,1.781799170985643e-07,0.6508182937707273,0.6508197852154969
4451,0.40569614867276865,0.4056959698865677,1.7878620095501674e-07,0.6508182916024987,0.6508197852163004
4452,0.40569614927882797,0.405695969886343,1.7939248497800264e-07,0.6508182894342698,0.6508197852171038
4453,0.4056961498848871,0.4056959698861184,1.799987687234328e-07,0.6508182872660404,0.6508197852179067
4454,0.4056961504909463,0.4056959698858941,1.8060505219130718e-07,0.6508182850978119,0.6508197852187105
4455,0.4056961510970053,0.4056959698856695,1.8121133577020387e-07,0.6508182829295824,0.6508197852195137
4456,0.4056961517030644,0.40569596988544504,1.8181761934910057e-07,0.6508182807613541,0.6508197852203175
4457,0.40569615230912337,0.4056959698852205,1.824239028724861e-07,0.650818278593125,0.6508197852211202
4458,0.40569615291518235,0.40569596988499596,1.8303018639587165e-07,0.6508182764248968,0.6508197852219235
4459,0.4056961535212413,0.4056959698847714,1.8363646986374604e-07,0.6508182742566672,0.6508197852227265
4460,0.4056961541273002,0.40569596988454704,1.8424275316508698e-07,0.6508182720884387,0.6508197852235303
4461,0.4056961547333593,0.4056959698843224,1.8484903691051713e-07,0.6508182699202102,0.6508197852243331
4462,0.4056961553394181,0.4056959698840979,1.8545532021185807e-07,0.650818267751981,0.6508197852251363
4463,0.4056961559454769,0.4056959698838734,1.86061603513199e-07,0.6508182655837519,0.6508197852259398
4464,0.4056961565515355,0.4056959698836488,1.8666788670351764e-07,0.6508182634155233,0.650819785226743
4465,0.4056961571575941,0.40569596988342427,1.8727416983832512e-07,0.6508182612472947,0.6508197852275464
4466,0.40569615776365286,0.40569596988319984,1.8788045302864376e-07,0.6508182590790657,0.6508197852283495
4467,0.4056961583697115,0.4056959698829754,1.884867361079401e-07,0.6508182569108373,0.6508197852291528
4468,0.4056961589757701,0.40569596988275086,1.8909301924274757e-07,0.6508182547426082,0.6508197852299558
4469,0.40569615958182886,0.4056959698825264,1.8969930248857736e-07,0.6508182525743798,0.6508197852307595
4470,0.4056961601878873,0.4056959698823018,1.9030558551236254e-07,0.6508182504061507,0.650819785231563
4471,0.4056961607939459,0.40569596988207723,1.9091186864717002e-07,0.6508182482379222,0.6508197852323663
4472,0.4056961614000042,0.4056959698818528,1.9151815139339945e-07,0.6508182460696927,0.6508197852331696
4473,0.4056961620060626,0.4056959698816282,1.9212443441718463e-07,0.650818243901464,0.6508197852339728
4474,0.4056961626121208,0.4056959698814036,1.927307172189252e-07,0.6508182417332353,0.6508197852347758
4475,0.4056961632181791,0.4056959698811792,1.9333699990964348e-07,0.6508182395650068,0.6508197852355795
4476,0.40569616382423734,0.40569596988095463,1.9394328271138406e-07,0.6508182373967784,0.6508197852363826
4477,0.40569616443029566,0.4056959698807301,1.9454956556863578e-07,0.6508182352285492,0.650819785237186
4478,0.4056961650363537,0.4056959698805056,1.951558480928206e-07,0.6508182330603205,0.6508197852379892
4479,0.40569616564241195,0.40569596988028095,1.9576213100558348e-07,0.6508182308920922,0.6508197852387921
4480,0.4056961662484699,0.4056959698800564,1.9636841347425715e-07,0.6508182287238627,0.6508197852395955
4481,0.40569616685452814,0.4056959698798318,1.9697469633150888e-07,0.650818226555635,0.6508197852403987
4482,0.4056961674605862,0.4056959698796074,1.9758097880018255e-07,0.6508182243874066,0.6508197852412022
4483,0.40569616806664405,0.4056959698793829,1.9818726115783392e-07,0.6508182222191775,0.6508197852420057
4484,0.405696168672702,0.4056959698791583,1.9879354368201874e-07,0.650818220050949,0.6508197852428086
4485,0.40569616927875984,0.40569596987893375,1.9939982609518125e-07,0.6508182178827203,0.6508197852436116
4486,0.4056961698848177,0.40569596987870926,2.0000610845283262e-07,0.6508182157144916,0.6508197852444153
4487,0.4056961704908754,0.4056959698784848,2.0061239064395053e-07,0.6508182135462627,0.6508197852452187
4488,0.4056961710969333,0.4056959698782602,2.012186731126242e-07,0.6508182113780347,0.6508197852460221
4489,0.405696171702991,0.4056959698780356,2.0182495541476442e-07,0.6508182092098063,0.6508197852468253
4490,0.4056961723090487,0.405695969877811,2.0243123771690463e-07,0.6508182070415773,0.6508197852476287
4491,0.4056961729151063,0.40569596987758644,2.030375198525114e-07,0.6508182048733487,0.6508197852484316
4492,0.4056961735211638,0.40569596987736206,2.0364380176607355e-07,0.6508182027051199,0.6508197852492354
4493,0.4056961741272215,0.4056959698771374,2.0425008406821377e-07,0.6508182005368914,0.6508197852500381
4494,0.405696174733279,0.405695969876913,2.0485636603728707e-07,0.650818198368663,0.6508197852508416
4495,0.4056961753393364,0.4056959698766884,2.0546264800636038e-07,0.6508181962004347,0.6508197852516451
4496,0.4056961759453938,0.40569596987646384,2.060689299754337e-07,0.6508181940322064,0.6508197852524482
4497,0.40569617655145107,0.40569596987623935,2.066752117224624e-07,0.650818191863977,0.6508197852532518
4498,0.40569617715750844,0.4056959698760148,2.0728149363602455e-07,0.6508181896957486,0.6508197852540545
4499,0.40569617776356576,0.4056959698757903,2.078877754385644e-07,0.6508181875275204,0.6508197852548583
4500,0.405696178369623,0.4056959698755657,2.084940572966154e-07,0.6508181853592923,0.6508197852556614
4501,0.4056961789756802,0.4056959698753411,2.0910033909915526e-07,0.6508181831910635,0.6508197852564641
4502,0.4056961795817374,0.4056959698751164,2.0970662101271742e-07,0.6508181810228353,0.6508197852572677
4503,0.40569618018779446,0.4056959698748917,2.1031290275974612e-07,0.6508181788546064,0.650819785258071
4504,0.40569618079385167,0.4056959698746673,2.1091918439575252e-07,0.6508181766863781,0.6508197852588747
4505,0.4056961813999088,0.4056959698744427,2.1152546614278123e-07,0.6508181745181498,0.6508197852596775
4506,0.4056961820059657,0.40569596987421813,2.1213174755674302e-07,0.6508181723499209,0.6508197852604813
4507,0.4056961826120227,0.40569596987399353,2.1273802919274942e-07,0.6508181701816932,0.6508197852612849
4508,0.4056961832180796,0.405695969873769,2.1334431060671122e-07,0.650818168013464,0.6508197852620878
4509,0.4056961838241365,0.40569596987354445,2.1395059207618417e-07,0.6508181658452357,0.650819785262891
4510,0.40569618443019334,0.40569596987332,2.145568733236125e-07,0.6508181636770078,0.6508197852636943
4511,0.4056961850362502,0.4056959698730954,2.1516315479308545e-07,0.6508181615087796,0.6508197852644979
4512,0.405696185642307,0.4056959698728707,2.157694362625584e-07,0.650818159340551,0.6508197852653005
4513,0.4056961862483636,0.4056959698726461,2.1637571750998674e-07,0.6508181571723226,0.6508197852661036
4514,0.4056961868544204,0.4056959698724216,2.1698199875741508e-07,0.6508181550040943,0.6508197852669073
4515,0.40569618746047686,0.405695969872197,2.1758827983830997e-07,0.6508181528358659,0.6508197852677104
4516,0.40569618806653346,0.4056959698719724,2.1819456108573831e-07,0.6508181506676373,0.6508197852685136
4517,0.40569618867258994,0.405695969871748,2.188008419445886e-07,0.6508181484994089,0.6508197852693176
4518,0.40569618927864654,0.40569596987152345,2.1940712308099464e-07,0.6508181463311807,0.6508197852701203
4519,0.40569618988470296,0.4056959698712989,2.2001340405086722e-07,0.6508181441629526,0.6508197852709241
4520,0.40569619049075933,0.4056959698710743,2.206196850207398e-07,0.6508181419947243,0.6508197852717269
4521,0.40569619109681565,0.4056959698708498,2.2122596582407894e-07,0.6508181398264958,0.6508197852725299
4522,0.40569619170287197,0.4056959698706253,2.2183224668292922e-07,0.6508181376582673,0.6508197852733335
4523,0.4056961923089282,0.4056959698704009,2.224385273197349e-07,0.6508181354900393,0.6508197852741371
4524,0.40569619291498454,0.40569596987017614,2.230448084006298e-07,0.650818133321811,0.6508197852749398
4525,0.4056961935210408,0.4056959698699519,2.2365108892641317e-07,0.6508181311535828,0.6508197852757436
4526,0.40569619412709707,0.4056959698697273,2.2425736978526345e-07,0.6508181289853543,0.6508197852765467
4527,0.4056961947331532,0.40569596986950274,2.2486365047758028e-07,0.6508181268171263,0.6508197852773501
4528,0.40569619533920936,0.4056959698692782,2.254699311698971e-07,0.650818124648898,0.6508197852781534
4529,0.40569619594526546,0.4056959698690537,2.2607621175119164e-07,0.65081812248067,0.6508197852789567
4530,0.4056961965513214,0.4056959698688291,2.26682492276975e-07,0.650818120312442,0.6508197852797597
4531,0.40569619715737726,0.4056959698686047,2.2728877258071378e-07,0.6508181181442136,0.6508197852805628
4532,0.40569619776343313,0.40569596986838,2.2789505310649716e-07,0.6508181159759852,0.6508197852813662
4533,0.405696198369489,0.4056959698681555,2.2850133352125823e-07,0.6508181138077573,0.6508197852821695
4534,0.40569619897554476,0.405695969867931,2.2910761376948585e-07,0.6508181116395291,0.650819785282973
4535,0.40569619958160064,0.40569596986770656,2.2971389407322462e-07,0.6508181094713006,0.6508197852837765
4536,0.40569620018765645,0.40569596986748196,2.303201744879857e-07,0.6508181073030724,0.6508197852845792
4537,0.405696200793712,0.40569596986725753,2.3092645445865756e-07,0.6508181051348443,0.6508197852853832
4538,0.4056962013997678,0.40569596986703294,2.3153273487341863e-07,0.6508181029666162,0.6508197852861862
4539,0.40569620200582346,0.4056959698668082,2.3213901523266856e-07,0.6508181007983884,0.6508197852869892
4540,0.40569620261187905,0.40569596986658374,2.3274529531436272e-07,0.65081809863016,0.6508197852877926
4541,0.4056962032179345,0.4056959698663593,2.3335157517401228e-07,0.6508180964619321,0.6508197852885962
4542,0.40569620382399,0.4056959698661348,2.339578552001953e-07,0.6508180942937039,0.6508197852893993
4543,0.40569620443004556,0.40569596986591033,2.345641352263783e-07,0.6508180921254756,0.6508197852902027
4544,0.405696205036101,0.40569596986568585,2.3517041514153902e-07,0.6508180899572475,0.6508197852910061
4545,0.40569620564215636,0.40569596986546125,2.357766951122109e-07,0.6508180877890197,0.6508197852918087
4546,0.40569620624821184,0.40569596986523676,2.3638297508288275e-07,0.6508180856207914,0.6508197852926122
4547,0.40569620685426727,0.40569596986501216,2.3698925510906577e-07,0.6508180834525634,0.6508197852934154
4548,0.4056962074603225,0.4056959698647876,2.3759553485769302e-07,0.6508180812843354,0.6508197852942188
4549,0.40569620806637763,0.40569596986456297,2.3820181466183143e-07,0.6508180791161072,0.6508197852950222
4550,0.4056962086724327,0.4056959698643385,2.3880809424392524e-07,0.6508180769478791,0.6508197852958251
4551,0.4056962092784879,0.4056959698641141,2.394143737705079e-07,0.6508180747796513,0.6508197852966291
4552,0.40569620988454286,0.4056959698638894,2.40020653463624e-07,0.6508180726114232,0.650819785297432
4553,0.40569621049059806,0.40569596986366485,2.4062693321225126e-07,0.6508180704431955,0.6508197852982354
4554,0.40569621109665294,0.4056959698634403,2.412332126278116e-07,0.6508180682749667,0.6508197852990384
4555,0.4056962117027079,0.40569596986321593,2.418394919878608e-07,0.6508180661067393,0.6508197852998419
4556,0.40569621230876296,0.40569596986299145,2.4244577151444346e-07,0.6508180639385112,0.6508197853006454
4557,0.4056962129148178,0.4056959698627668,2.4305205098551497e-07,0.6508180617702832,0.6508197853014479
4558,0.40569621352087265,0.40569596986254236,2.43658330290053e-07,0.6508180596020553,0.6508197853022522
4559,0.4056962141269274,0.40569596986231765,2.442646097611245e-07,0.6508180574338276,0.6508197853030546
4560,0.405696214732982,0.4056959698620931,2.448708888991291e-07,0.6508180552655995,0.650819785303858
4561,0.4056962153390367,0.40569596986186857,2.45477168148156e-07,0.6508180530973715,0.6508197853046613
4562,0.4056962159450915,0.40569596986164397,2.460834475082052e-07,0.6508180509291439,0.6508197853054651
4563,0.405696216551146,0.4056959698614195,2.466897265351875e-07,0.6508180487609156,0.6508197853062682
4564,0.4056962171572006,0.4056959698611949,2.4729600572870325e-07,0.650818046592688,0.6508197853070714
4565,0.40569621776325515,0.4056959698609701,2.479022850332413e-07,0.6508180444244602,0.6508197853078748
4566,0.4056962183693097,0.4056959698607457,2.4850856400471244e-07,0.6508180422562321,0.650819785308678
4567,0.4056962189753642,0.4056959698605211,2.491148430872059e-07,0.6508180400880046,0.6508197853094814
4568,0.4056962195814185,0.4056959698602966,2.4972112189214357e-07,0.650818037919776,0.6508197853102844
4569,0.4056962201874728,0.4056959698600721,2.5032740069708126e-07,0.6508180357515485,0.6508197853110875
4570,0.4056962207935273,0.4056959698598474,2.50933679890597e-07,0.6508180335833212,0.650819785311891
4571,0.4056962213995814,0.4056959698596228,2.515399585845124e-07,0.6508180314150929,0.650819785312694
4572,0.40569622200563565,0.4056959698593984,2.521462372784278e-07,0.6508180292468656,0.6508197853134983
4573,0.40569622261168975,0.40569596985917367,2.5275251608336546e-07,0.6508180270786368,0.6508197853143007
4574,0.4056962232177441,0.4056959698589492,2.533587949438143e-07,0.6508180249104099,0.6508197853151042
4575,0.40569622382379805,0.40569596985872464,2.539650734156851e-07,0.6508180227421814,0.6508197853159077
4576,0.40569622442985215,0.40569596985850004,2.5457135210960047e-07,0.6508180205739542,0.6508197853167104
4577,0.40569622503590597,0.4056959698582757,2.5517763024840434e-07,0.6508180184057258,0.6508197853175146
4578,0.40569622564195995,0.4056959698580512,2.5578390877578627e-07,0.6508180162374979,0.6508197853183177
4579,0.405696226248014,0.40569596985782663,2.5639018735867936e-07,0.6508180140692702,0.650819785319121
4580,0.40569622685406803,0.4056959698576022,2.5699646583055014e-07,0.6508180119010427,0.6508197853199241
4581,0.4056962274601219,0.4056959698573775,2.576027444134432e-07,0.650818009732815,0.6508197853207272
4582,0.40569622806617556,0.405695969857153,2.582090225522471e-07,0.650818007564587,0.6508197853215303
4583,0.40569622867222954,0.4056959698569285,2.5881530102411787e-07,0.6508180053963595,0.6508197853223343
4584,0.4056962292782832,0.4056959698567038,2.5942157938496635e-07,0.6508180032281317,0.6508197853231369
4585,0.4056962298843369,0.4056959698564795,2.600278574127479e-07,0.6508180010599041,0.6508197853239409
4586,0.40569623049039066,0.405695969856255,2.606341356625741e-07,0.6508179988916767,0.6508197853247439
4587,0.4056962310964442,0.40569596985603046,2.612404137458668e-07,0.6508179967234484,0.6508197853255477
4588,0.40569623170249786,0.40569596985580575,2.618466921067153e-07,0.6508179945552213,0.6508197853263504
4589,0.40569623230855123,0.4056959698555812,2.6245297002347456e-07,0.6508179923869932,0.6508197853271533
4590,0.40569623291460477,0.40569596985535666,2.630592481067673e-07,0.6508179902187655,0.6508197853279574
4591,0.40569623352065826,0.4056959698551321,2.6366552613454886e-07,0.6508179880505377,0.6508197853287605
4592,0.4056962341267117,0.4056959698549076,2.642718041068193e-07,0.65081798588231,0.6508197853295636
4593,0.40569623473276517,0.40569596985468315,2.6487808202357854e-07,0.6508179837140827,0.6508197853303669
4594,0.4056962353388185,0.40569596985445855,2.654843599403378e-07,0.6508179815458548,0.65081978533117
4595,0.4056962359448718,0.4056959698542341,2.660906376905636e-07,0.6508179793776279,0.6508197853319733
4596,0.4056962365509249,0.40569596985400963,2.66696915274256e-07,0.6508179772093999,0.6508197853327765
4597,0.4056962371569781,0.4056959698537851,2.673031930244818e-07,0.6508179750411727,0.65081978533358
4598,0.4056962377630314,0.40569596985356043,2.6790947094124107e-07,0.6508179728729447,0.6508197853343832
4599,0.4056962383690844,0.405695969853336,2.685157484139111e-07,0.6508179707047173,0.6508197853351861
4600,0.4056962389751375,0.40569596985311146,2.6912202605311464e-07,0.6508179685364899,0.6508197853359898
4601,0.40569623958119044,0.4056959698528868,2.69728303636807e-07,0.6508179663682621,0.650819785336793
4602,0.40569624018724365,0.40569596985266226,2.703345813870328e-07,0.6508179642000349,0.6508197853375963
4603,0.40569624079329647,0.4056959698524378,2.709408586931694e-07,0.6508179620318071,0.6508197853383998
4604,0.4056962413993493,0.4056959698522131,2.715471361658395e-07,0.6508179598635793,0.6508197853392028
4605,0.4056962420054022,0.40569596985198864,2.721534135829984e-07,0.6508179576953526,0.6508197853400064
4606,0.405696242611455,0.40569596985176404,2.7275969094464614e-07,0.6508179555271251,0.6508197853408095
4607,0.4056962432175078,0.40569596985153955,2.7336596825078274e-07,0.6508179533588974,0.6508197853416131
4608,0.40569624382356057,0.4056959698513151,2.7397224544589704e-07,0.6508179511906699,0.6508197853424162
4609,0.4056962444296133,0.40569596985109035,2.745785229185671e-07,0.6508179490224426,0.6508197853432192
4610,0.4056962450356661,0.4056959698508659,2.7518480016919256e-07,0.6508179468542151,0.6508197853440228
4611,0.4056962456417187,0.40569596985064144,2.7579107725328456e-07,0.6508179446859876,0.6508197853448259
4612,0.4056962462477712,0.4056959698504168,2.763973543928877e-07,0.6508179425177598,0.6508197853456289
4613,0.4056962468538237,0.40569596985019224,2.770036314769797e-07,0.6508179403495324,0.6508197853464324
4614,0.4056962474598762,0.40569596984996753,2.77609908672094e-07,0.6508179381813052,0.6508197853472357
4615,0.4056962480659286,0.4056959698497432,2.7821618536760795e-07,0.6508179360130775,0.6508197853480393
4616,0.4056962486719811,0.40569596984951856,2.7882246256272225e-07,0.6508179338448505,0.6508197853488424
4617,0.40569624927803355,0.40569596984929396,2.794287395913031e-07,0.6508179316766229,0.6508197853496458
4618,0.40569624988408604,0.4056959698490695,2.8003501650886164e-07,0.6508179295083956,0.650819785350449
4619,0.4056962504901381,0.4056959698488451,2.80641292982331e-07,0.6508179273401677,0.6508197853512528
4620,0.4056962510961904,0.40569596984862044,2.812475699554007e-07,0.6508179251719404,0.6508197853520554
4621,0.40569625170224277,0.405695969848396,2.818538467619369e-07,0.6508179230037137,0.6508197853528588
4622,0.40569625230829487,0.4056959698481714,2.8246012345745086e-07,0.6508179208354858,0.6508197853536619
4623,0.40569625291434697,0.40569596984794687,2.8306640009745365e-07,0.6508179186672585,0.6508197853544653
4624,0.40569625352039895,0.4056959698477225,2.836726764599007e-07,0.6508179164990309,0.650819785355269
4625,0.40569625412645105,0.4056959698474978,2.8427895326643693e-07,0.6508179143308043,0.6508197853560721
4626,0.40569625473250304,0.4056959698472733,2.8488522973990626e-07,0.6508179121625765,0.6508197853568755
4627,0.4056962553385549,0.4056959698470487,2.854915062133756e-07,0.6508179099943492,0.6508197853576787
4628,0.4056962559446069,0.40569596984682416,2.860977827423561e-07,0.6508179078261218,0.6508197853584825
4629,0.40569625655065883,0.4056959698465997,2.867040591048031e-07,0.650817905657895,0.6508197853592854
4630,0.40569625715671065,0.4056959698463752,2.8731033546725016e-07,0.6508179034896675,0.6508197853600887
4631,0.40569625776276236,0.4056959698461506,2.8791661177418604e-07,0.6508179013214402,0.650819785360892
4632,0.4056962583688144,0.4056959698459261,2.885228883031665e-07,0.6508178991532135,0.6508197853616952
4633,0.4056962589748659,0.4056959698457016,2.891291642770355e-07,0.6508178969849858,0.6508197853624982
4634,0.4056962595809176,0.4056959698454771,2.897354404729491e-07,0.6508178948167583,0.6508197853633015
4635,0.40569626018696925,0.40569596984525264,2.903417166133515e-07,0.650817892648531,0.6508197853641052
4636,0.40569626079302074,0.405695969845028,2.9094799275375394e-07,0.6508178904803039,0.6508197853649084
4637,0.40569626139907233,0.4056959698448035,2.915542688386452e-07,0.6508178883120768,0.6508197853657116
4638,0.40569626200512393,0.4056959698445789,2.921605450345588e-07,0.65081788614385,0.6508197853665149
4639,0.40569626261117536,0.40569596984435446,2.9276682089740547e-07,0.6508178839756225,0.6508197853673179
4640,0.4056962632172265,0.4056959698441299,2.933730965937187e-07,0.6508178818073949,0.6508197853681211
4641,0.4056962638232778,0.40569596984390527,2.939793725120765e-07,0.6508178796391675,0.6508197853689244
4642,0.4056962644293292,0.40569596984368095,2.945856482639009e-07,0.650817877470941,0.650819785369728
4643,0.4056962650353806,0.40569596984345646,2.9519192412674755e-07,0.6508178753027135,0.6508197853705314
4644,0.4056962656414318,0.4056959698432318,2.957981999895942e-07,0.6508178731344865,0.6508197853713344
4645,0.405696266247483,0.4056959698430073,2.9640447568590744e-07,0.6508178709662594,0.6508197853721378
4646,0.4056962668535342,0.4056959698427827,2.9701075149324296e-07,0.6508178687980324,0.6508197853729412
4647,0.40569626745958526,0.40569596984255824,2.9761702702302273e-07,0.6508178666298052,0.6508197853737443
4648,0.40569626806563625,0.4056959698423337,2.982233025528025e-07,0.6508178644615783,0.6508197853745479
4649,0.4056962686716873,0.4056959698421093,2.9882957797155996e-07,0.6508178622933509,0.650819785375351
4650,0.4056962692777383,0.4056959698418848,2.994358535013397e-07,0.6508178601251235,0.6508197853761541
4651,0.4056962698837892,0.40569596984166034,3.0004212886458603e-07,0.6508178579568966,0.6508197853769573
4652,0.4056962704898401,0.4056959698414357,3.006484043943658e-07,0.6508178557886688,0.6508197853777609
4653,0.4056962710958909,0.4056959698412112,3.0125467970210096e-07,0.6508178536204425,0.650819785378564
4654,0.4056962717019416,0.4056959698409866,3.018609550098361e-07,0.6508178514522153,0.6508197853793674
4655,0.40569627230799243,0.4056959698407621,3.024672303175713e-07,0.6508178492839887,0.6508197853801703
4656,0.405696272914043,0.40569596984053763,3.030735053477507e-07,0.6508178471157615,0.6508197853809737
4657,0.4056962735200937,0.40569596984031303,3.0367978065548584e-07,0.6508178449475339,0.6508197853817768
4658,0.4056962741261443,0.4056959698400886,3.0428605568566525e-07,0.6508178427793073,0.6508197853825799
4659,0.4056962747321949,0.4056959698398641,3.048923307713558e-07,0.6508178406110801,0.6508197853833838
4660,0.4056962753382456,0.4056959698396395,3.0549860607909096e-07,0.6508178384428533,0.650819785384187
4661,0.40569627594429614,0.40569596983941497,3.061048811647815e-07,0.6508178362746264,0.6508197853849906
4662,0.40569627655034685,0.4056959698391904,3.067111564725167e-07,0.6508178341063999,0.6508197853857938
4663,0.40569627715639733,0.4056959698389658,3.0731743155820723e-07,0.6508178319381723,0.6508197853865969
4664,0.4056962777624477,0.40569596983874107,3.079237066438978e-07,0.6508178297699452,0.6508197853874005
4665,0.40569627836849814,0.40569596983851647,3.085299816740772e-07,0.6508178276017189,0.6508197853882037
4666,0.4056962789745486,0.40569596983829187,3.091362567042566e-07,0.6508178254334911,0.6508197853890063
4667,0.40569627958059873,0.4056959698380674,3.0974253134585794e-07,0.6508178232652644,0.6508197853898101
4668,0.405696280186649,0.405695969837843,3.103488059874593e-07,0.6508178210970375,0.6508197853906138
4669,0.4056962807926992,0.40569596983761835,3.1095508085110524e-07,0.6508178189288105,0.6508197853914169
4670,0.4056962813987494,0.40569596983739387,3.1156135554821773e-07,0.6508178167605843,0.65081978539222
4671,0.4056962820047994,0.40569596983716916,3.1216763024533023e-07,0.6508178145923569,0.6508197853930231
4672,0.4056962826108495,0.40569596983694467,3.127739048314204e-07,0.65081781242413,0.6508197853938268
4673,0.4056962832168995,0.40569596983672,3.1338017947302177e-07,0.6508178102559032,0.65081978539463
4674,0.4056962838229495,0.4056959698364955,3.139864540036008e-07,0.6508178080876761,0.6508197853954336
4675,0.40569628442899924,0.40569596983627104,3.1459272820111295e-07,0.6508178059194492,0.650819785396237
4676,0.40569628503504923,0.4056959698360465,3.15199002731692e-07,0.6508178037512224,0.6508197853970398
4677,0.40569628564109916,0.40569596983582173,3.158052774288045e-07,0.6508178015829957,0.6508197853978428
4678,0.4056962862471491,0.40569596983559747,3.164115516263166e-07,0.650817799414769,0.6508197853986467
4679,0.4056962868531989,0.40569596983537276,3.1701782615689567e-07,0.650817797246543,0.650819785399449
4680,0.40569628745924846,0.40569596983514844,3.176241000213409e-07,0.6508177950783149,0.6508197854002535
4681,0.40569628806529834,0.4056959698349237,3.1823037466294224e-07,0.6508177929100885,0.6508197854010562
4682,0.40569628867134794,0.40569596983469924,3.188366486939209e-07,0.6508177907418616,0.6508197854018598
4683,0.40569628927739754,0.40569596983447476,3.1944292278041075e-07,0.6508177885736348,0.6508197854026632
4684,0.4056962898834472,0.4056959698342501,3.200491970889452e-07,0.650817786405408,0.6508197854034662
4685,0.4056962904894966,0.40569596983402567,3.206554709533904e-07,0.6508177842371812,0.650819785404269
4686,0.40569629109554617,0.40569596983380113,3.2126174503988025e-07,0.6508177820689545,0.6508197854050728
4687,0.4056962917015957,0.4056959698335767,3.218680190153478e-07,0.6508177799007275,0.6508197854058759
4688,0.4056962923076451,0.40569596983335215,3.2247429293530416e-07,0.6508177777325012,0.6508197854066793
4689,0.40569629291369447,0.40569596983312767,3.230805667997494e-07,0.650817775564274,0.6508197854074829
4690,0.4056962935197439,0.4056959698329031,3.236868407752169e-07,0.6508177733960476,0.650819785408286
4691,0.40569629412579317,0.4056959698326784,3.2429311475068445e-07,0.6508177712278206,0.6508197854090891
4692,0.40569629473184254,0.4056959698324539,3.2489938867064083e-07,0.6508177690595943,0.6508197854098925
4693,0.4056962953378918,0.4056959698322293,3.2550566253508606e-07,0.6508177668913675,0.650819785410696
4694,0.4056962959439409,0.4056959698320048,3.2611193612197553e-07,0.6508177647231403,0.6508197854114992
4695,0.4056962965499901,0.40569596983178025,3.2671820987539846e-07,0.6508177625549139,0.6508197854123026
4696,0.4056962971560391,0.4056959698315557,3.273244834067768e-07,0.6508177603866867,0.6508197854131056
4697,0.4056962977620882,0.40569596983133105,3.279307571601997e-07,0.6508177582184604,0.6508197854139087
4698,0.4056962983681372,0.4056959698311066,3.285370305805557e-07,0.6508177560502336,0.650819785414712
4699,0.40569629897418624,0.4056959698308821,3.291433041674452e-07,0.6508177538820072,0.6508197854155149
4700,0.40569629958023506,0.40569596983065764,3.2974957742126776e-07,0.6508177517137805,0.650819785416319
4701,0.40569630018628383,0.4056959698304331,3.303558507306015e-07,0.6508177495455538,0.6508197854171218
4702,0.40569630079233276,0.40569596983020845,3.3096212431749095e-07,0.6508177473773274,0.6508197854179252
4703,0.4056963013983816,0.40569596982998396,3.3156839762682466e-07,0.6508177452091013,0.6508197854187282
4704,0.40569630200443035,0.4056959698297596,3.321746707696249e-07,0.6508177430408746,0.6508197854195318
4705,0.40569630261047895,0.40569596982953493,3.327809440234475e-07,0.6508177408726477,0.6508197854203354
4706,0.4056963032165276,0.40569596982931055,3.3338721705522545e-07,0.6508177387044211,0.6508197854211384
4707,0.4056963038225762,0.405695969829086,3.339934901980257e-07,0.6508177365361942,0.6508197854219415
4708,0.40569630442862475,0.40569596982886147,3.345997632853148e-07,0.6508177343679682,0.6508197854227447
4709,0.4056963050346733,0.40569596982863704,3.3520603626158163e-07,0.6508177321997413,0.650819785423548
4710,0.40569630564072173,0.4056959698284125,3.3581230923784844e-07,0.6508177300315148,0.6508197854243518
4711,0.40569630624677017,0.40569596982818795,3.3641858221411525e-07,0.6508177278632883,0.6508197854251547
4712,0.4056963068528186,0.4056959698279635,3.3702485507935975e-07,0.6508177256950622,0.6508197854259581
4713,0.40569630745886687,0.4056959698277389,3.3763112794460426e-07,0.6508177235268355,0.650819785426761
4714,0.4056963080649153,0.4056959698275144,3.3823740092087107e-07,0.650817721358609,0.6508197854275645
4715,0.4056963086709635,0.4056959698272899,3.388436736195821e-07,0.6508177191903826,0.6508197854283682
4716,0.4056963092770118,0.4056959698270652,3.3944994659584893e-07,0.6508177170221556,0.6508197854291713
4717,0.4056963098830599,0.4056959698268406,3.4005621929456e-07,0.6508177148539293,0.6508197854299745
4718,0.405696310489108,0.40569596982661593,3.406624920487822e-07,0.6508177126857029,0.6508197854307778
4719,0.4056963110951561,0.4056959698263914,3.412687646919821e-07,0.6508177105174763,0.6508197854315811
4720,0.40569631170120435,0.4056959698261669,3.418750374462043e-07,0.65081770834925,0.6508197854323847
4721,0.4056963123072523,0.40569596982594236,3.4248130992287074e-07,0.6508177061810237,0.6508197854331881
4722,0.40569631291330027,0.4056959698257177,3.4308758256607064e-07,0.6508177040127975,0.650819785433991
4723,0.4056963135193483,0.4056959698254931,3.4369385520927054e-07,0.6508177018445706,0.6508197854347944
4724,0.4056963141253963,0.40569596982526857,3.4430012774144814e-07,0.6508176996763442,0.6508197854355974
4725,0.40569631473144413,0.40569596982504413,3.4490639999607e-07,0.6508176975081179,0.6508197854364015
4726,0.40569631533749184,0.4056959698248194,3.455126724172253e-07,0.6508176953398914,0.6508197854372041
4727,0.4056963159435396,0.405695969824595,3.4611894461633597e-07,0.6508176931716649,0.650819785438008
4728,0.40569631654958743,0.4056959698243704,3.4672521703749126e-07,0.6508176910034387,0.6508197854388111
4729,0.40569631715563526,0.40569596982414574,3.473314895141577e-07,0.6508176888352123,0.6508197854396138
4730,0.40569631776168286,0.4056959698239212,3.4793776165775725e-07,0.6508176866669861,0.6508197854404177
4731,0.4056963183677305,0.40569596982369666,3.4854403385686794e-07,0.65081768449876,0.650819785441221
4732,0.405696318973778,0.405695969823472,3.491503060004675e-07,0.6508176823305334,0.6508197854420239
4733,0.40569631957982555,0.4056959698232474,3.49756578144067e-07,0.6508176801623072,0.6508197854428273
4734,0.405696320185873,0.4056959698230229,3.5036285006562196e-07,0.650817677994081,0.6508197854436303
4735,0.40569632079192036,0.40569596982279865,3.5096912170962113e-07,0.6508176758258546,0.6508197854444344
4736,0.40569632139796785,0.40569596982257405,3.515753937977095e-07,0.6508176736576281,0.6508197854452376
4737,0.40569632200401523,0.40569596982234934,3.521816658857979e-07,0.6508176714894021,0.6508197854460409
4738,0.40569632261006255,0.40569596982212475,3.5278793780735285e-07,0.6508176693211751,0.6508197854468439
4739,0.40569632321610977,0.4056959698219002,3.5339420956237433e-07,0.6508176671529492,0.6508197854476475
4740,0.40569632382215715,0.40569596982167555,3.5400048159495157e-07,0.6508176649847232,0.6508197854484505
4741,0.40569632442820436,0.4056959698214509,3.5460675346099535e-07,0.6508176628164966,0.6508197854492537
4742,0.4056963250342517,0.4056959698212265,3.552130251605057e-07,0.6508176606482705,0.6508197854500573
4743,0.4056963256402986,0.4056959698210018,3.5581929680450486e-07,0.6508176584800438,0.6508197854508599
4744,0.4056963262463457,0.4056959698207774,3.5642556833748174e-07,0.6508176563118178,0.6508197854516635
4745,0.40569632685239276,0.4056959698205528,3.570318399814809e-07,0.6508176541435909,0.6508197854524668
4746,0.40569632745843975,0.40569596982032824,3.576381115144578e-07,0.6508176519753652,0.6508197854532698
4747,0.4056963280644868,0.40569596982010364,3.5824438315845697e-07,0.6508176498071394,0.6508197854540734
4748,0.40569632867053373,0.40569596981987904,3.5885065469143385e-07,0.6508176476389129,0.6508197854548767
4749,0.4056963292765805,0.4056959698196544,3.594569261133884e-07,0.6508176454706865,0.6508197854556796
4750,0.40569632988262727,0.40569596981942985,3.600631974243207e-07,0.6508176433024602,0.6508197854564831
4751,0.4056963304886742,0.4056959698192054,3.606694687907641e-07,0.6508176411342343,0.6508197854572869
4752,0.40569633109472086,0.4056959698189809,3.612757399906741e-07,0.6508176389660083,0.6508197854580902
4753,0.40569633170076763,0.40569596981875633,3.6188201130160635e-07,0.6508176367977825,0.6508197854588937
4754,0.4056963323068141,0.40569596981853173,3.62488282390494e-07,0.650817634629556,0.6508197854596962
4755,0.4056963329128608,0.40569596981830724,3.6309455353489284e-07,0.65081763246133,0.6508197854605
4756,0.4056963335189075,0.40569596981808265,3.637008248458251e-07,0.6508176302931041,0.6508197854613029
4757,0.40569633412495404,0.40569596981785816,3.643070958792016e-07,0.6508176281248773,0.6508197854621063
4758,0.4056963347310005,0.4056959698176337,3.6491336680155584e-07,0.6508176259566518,0.6508197854629095
4759,0.40569633533704696,0.40569596981740913,3.6551963783493235e-07,0.6508176237884253,0.650819785463713
4760,0.4056963359430934,0.40569596981718464,3.6612590875728657e-07,0.6508176216201995,0.6508197854645165
4761,0.4056963365491397,0.40569596981696016,3.667321795686185e-07,0.6508176194519735,0.6508197854653195
4762,0.4056963371551862,0.4056959698167356,3.67338450601995e-07,0.6508176172837479,0.6508197854661228
4763,0.4056963377612323,0.4056959698165112,3.6794472113577115e-07,0.6508176151155212,0.6508197854669262
4764,0.4056963383672784,0.4056959698162865,3.6855099194710306e-07,0.6508176129472953,0.6508197854677289
4765,0.4056963389733248,0.40569596981606204,3.6915726275843497e-07,0.6508176107790691,0.6508197854685331
4766,0.405696339579371,0.40569596981583744,3.697635335697669e-07,0.6508176086108428,0.6508197854693363
4767,0.4056963401854172,0.4056959698156128,3.7036980443660994e-07,0.650817606442617,0.6508197854701394
4768,0.4056963407914634,0.4056959698153882,3.709760751924307e-07,0.6508176042743913,0.6508197854709425
4769,0.4056963413975092,0.4056959698151637,3.7158234550416225e-07,0.6508176021061647,0.650819785471746
4770,0.4056963420035551,0.40569596981493905,3.721886160379384e-07,0.6508175999379386,0.6508197854725493
4771,0.4056963426096011,0.4056959698147145,3.7279488657171456e-07,0.6508175977697126,0.6508197854733528
4772,0.40569634321564696,0.40569596981448997,3.734011569944684e-07,0.6508175956014872,0.6508197854741559
4773,0.40569634382169284,0.40569596981426553,3.7400742730619996e-07,0.6508175934332608,0.6508197854749598
4774,0.4056963444277386,0.40569596981404094,3.7461369767344266e-07,0.6508175912650349,0.6508197854757627
4775,0.4056963450337844,0.4056959698138165,3.752199678741519e-07,0.6508175890968092,0.6508197854765656
4776,0.40569634563983015,0.405695969813592,3.758262381303723e-07,0.6508175869285832,0.6508197854773692
4777,0.4056963462458759,0.4056959698133675,3.7643250844210385e-07,0.6508175847603573,0.6508197854781728
4778,0.40569634685192163,0.40569596981314304,3.7703877858730195e-07,0.6508175825921314,0.6508197854789765
4779,0.4056963474579672,0.40569596981291844,3.7764504873250004e-07,0.6508175804239051,0.6508197854797785
4780,0.4056963480640127,0.40569596981269407,3.7825131865565353e-07,0.6508175782556794,0.6508197854805817
4781,0.4056963486700582,0.40569596981246964,3.78857588578807e-07,0.6508175760874537,0.6508197854813855
4782,0.4056963492761038,0.40569596981224515,3.7946385866849397e-07,0.6508175739192279,0.6508197854821891
4783,0.4056963498821492,0.4056959698120207,3.8007012848062516e-07,0.6508175717510019,0.6508197854829922
4784,0.40569635048819463,0.4056959698117961,3.8067639851480095e-07,0.6508175695827758,0.6508197854837952
4785,0.40569635109423996,0.4056959698115715,3.8128266843795444e-07,0.6508175674145499,0.6508197854845987
4786,0.40569635170028523,0.40569596981134687,3.8188893836110793e-07,0.6508175652463244,0.650819785485402
4787,0.40569635230633055,0.4056959698111223,3.8249520822875027e-07,0.6508175630780985,0.6508197854862052
4788,0.4056963529123756,0.4056959698108978,3.8310147781883686e-07,0.6508175609098729,0.6508197854870088
4789,0.405696353518421,0.40569596981067335,3.8370774763096804e-07,0.6508175587416469,0.6508197854878123
4790,0.405696354124466,0.40569596981044875,3.8431401722105463e-07,0.6508175565734207,0.6508197854886151
4791,0.4056963547305112,0.4056959698102242,3.8492028697767466e-07,0.6508175544051951,0.6508197854894185
4792,0.40569635533655624,0.40569596980999956,3.8552655667878355e-07,0.6508175522369692,0.6508197854902215
4793,0.40569635594260145,0.40569596980977507,3.8613282637989244e-07,0.6508175500687443,0.6508197854910251
4794,0.4056963565486464,0.40569596980955064,3.867390957479344e-07,0.6508175479005178,0.6508197854918286
4795,0.4056963571546914,0.4056959698093262,3.8734536517148754e-07,0.6508175457322922,0.650819785492632
4796,0.40569635776073615,0.40569596980910155,3.8795163459504067e-07,0.6508175435640664,0.6508197854934348
4797,0.4056963583667811,0.405695969808877,3.8855790407410495e-07,0.6508175413958409,0.6508197854942381
4798,0.40569635897282597,0.40569596980865247,3.891641734976581e-07,0.6508175392276152,0.6508197854950414
4799,0.4056963595788706,0.40569596980842787,3.8977044275467776e-07,0.6508175370593894,0.6508197854958446
4800,0.4056963601849154,0.40569596980820327,3.9037671212271974e-07,0.6508175348911637,0.650819785496648
4801,0.4056963607909601,0.40569596980797873,3.909829813797394e-07,0.6508175327229377,0.6508197854974516
4802,0.40569636139700477,0.4056959698077542,3.9158925058124794e-07,0.6508175305547125,0.650819785498255
4803,0.4056963620030493,0.40569596980752964,3.9219551967173416e-07,0.6508175283864861,0.6508197854990583
4804,0.4056963626090939,0.405695969807305,3.9280178892875384e-07,0.650817526218261,0.6508197854998614
4805,0.40569636321513836,0.4056959698070805,3.934080578527066e-07,0.6508175240500349,0.6508197855006647
4806,0.40569636382118274,0.4056959698068559,3.940143268321705e-07,0.6508175218818095,0.6508197855014677
4807,0.4056963644272273,0.40569596980663125,3.9462059603367905e-07,0.6508175197135841,0.6508197855022708
4808,0.4056963650332716,0.4056959698064067,3.9522686490212067e-07,0.6508175175453577,0.6508197855030746
4809,0.40569636563931605,0.4056959698061823,3.958331337705623e-07,0.6508175153771327,0.6508197855038779
4810,0.4056963662453603,0.40569596980595785,3.9643940247247045e-07,0.6508175132089069,0.6508197855046811
4811,0.4056963668514046,0.4056959698057333,3.970456712854009e-07,0.6508175110406813,0.6508197855054845
4812,0.40569636745744886,0.40569596980550876,3.976519400983314e-07,0.6508175088724557,0.6508197855062879
4813,0.40569636806349313,0.4056959698052843,3.982582088557507e-07,0.6508175067042306,0.6508197855070912
4814,0.40569636866953707,0.40569596980505973,3.9886447733561425e-07,0.6508175045360041,0.6508197855078934
4815,0.40569636927558134,0.4056959698048352,3.994707461485447e-07,0.6508175023677791,0.6508197855086973
4816,0.40569636988162544,0.4056959698046107,4.000770147394306e-07,0.650817500199554,0.6508197855095007
4817,0.4056963704876695,0.40569596980438605,4.0068328344133874e-07,0.6508174980313282,0.6508197855103038
4818,0.40569637109371354,0.4056959698041616,4.012895519212023e-07,0.6508174958631028,0.6508197855111073
4819,0.40569637169975736,0.4056959698039369,4.01895820456577e-07,0.6508174936948773,0.6508197855119104
4820,0.40569637230580124,0.4056959698037124,4.0250208882541827e-07,0.6508174915266512,0.6508197855127139
4821,0.4056963729118451,0.4056959698034878,4.0310835730528183e-07,0.6508174893584253,0.6508197855135174
4822,0.40569637351788906,0.4056959698032632,4.0371462584065654e-07,0.6508174871902,0.6508197855143206
4823,0.40569637412393295,0.4056959698030385,4.043208944315424e-07,0.650817485021975,0.6508197855151234
4824,0.40569637472997666,0.40569596980281414,4.049271625228279e-07,0.6508174828537494,0.6508197855159272
4825,0.4056963753360203,0.4056959698025895,4.05533430836158e-07,0.6508174806855241,0.6508197855167305
4826,0.40569637594206387,0.40569596980236483,4.061396990384658e-07,0.6508174785172983,0.6508197855175337
4827,0.4056963765481074,0.40569596980214034,4.0674596707424016e-07,0.6508174763490728,0.6508197855183371
4828,0.4056963771541509,0.4056959698019158,4.073522351100145e-07,0.6508174741808472,0.6508197855191408
4829,0.40569637776019457,0.40569596980169126,4.079585033123223e-07,0.6508174720126223,0.6508197855199435
4830,0.4056963783662381,0.4056959698014666,4.085647715146301e-07,0.6508174698443969,0.6508197855207463
4831,0.40569637897228145,0.4056959698012422,4.091710392728487e-07,0.6508174676761713,0.6508197855215502
4832,0.4056963795783249,0.4056959698010177,4.0977730719760075e-07,0.6508174655079457,0.6508197855223536
4833,0.4056963801843684,0.40569596980079314,4.103835752333751e-07,0.6508174633397209,0.6508197855231568
4834,0.4056963807904116,0.40569596980056866,4.1098984293608254e-07,0.6508174611714946,0.6508197855239601
4835,0.4056963813964549,0.405695969800344,4.1159611091634574e-07,0.6508174590032698,0.6508197855247635
4836,0.405696382002498,0.4056959698001195,4.122023785080309e-07,0.6508174568350438,0.6508197855255669
4837,0.4056963826085411,0.4056959697998951,4.128086459886937e-07,0.6508174546668186,0.6508197855263702
4838,0.4056963832145844,0.40569596979967043,4.134149139689569e-07,0.6508174524985937,0.6508197855271735
4839,0.4056963838206274,0.4056959697994458,4.140211816161532e-07,0.6508174503303679,0.6508197855279765
4840,0.4056963844266703,0.4056959697992214,4.1462744887477143e-07,0.6508174481621423,0.6508197855287801
4841,0.40569638503271366,0.4056959697989968,4.1523371685503463e-07,0.6508174459939176,0.6508197855295826
4842,0.4056963856387567,0.4056959697987723,4.158399843912086e-07,0.6508174438256926,0.6508197855303866
4843,0.4056963862447996,0.4056959697985476,4.1644625198289376e-07,0.6508174416574668,0.6508197855311892
4844,0.40569638685084247,0.4056959697983231,4.170525193525343e-07,0.6508174394892416,0.650819785531993
4845,0.40569638745688535,0.4056959697980986,4.17658786777686e-07,0.6508174373210163,0.6508197855327962
4846,0.405696388062928,0.40569596979787415,4.1826505386977075e-07,0.650817435152791,0.6508197855335998
4847,0.4056963886689707,0.4056959697976495,4.1887132118390014e-07,0.6508174329845657,0.6508197855344025
4848,0.40569638927501334,0.40569596979742506,4.194775882759849e-07,0.6508174308163406,0.6508197855352063
4849,0.40569638988105594,0.4056959697972004,4.2008385553460315e-07,0.6508174286481152,0.6508197855360096
4850,0.4056963904870986,0.40569596979697586,4.206901227377102e-07,0.6508174264798898,0.6508197855368123
4851,0.4056963910931413,0.4056959697967515,4.21296389829795e-07,0.650817424311665,0.650819785537616
4852,0.40569639169918387,0.4056959697965267,4.219026571439244e-07,0.6508174221434397,0.6508197855384192
4853,0.40569639230522636,0.4056959697963022,4.22508924180498e-07,0.6508174199752149,0.6508197855392219
4854,0.40569639291126885,0.40569596979607775,4.2311519110604934e-07,0.6508174178069897,0.6508197855400257
4855,0.40569639351731124,0.40569596979585326,4.237214579760895e-07,0.6508174156387642,0.6508197855408288
4856,0.4056963941233536,0.4056959697956288,4.243277248461297e-07,0.650817413470539,0.6508197855416322
4857,0.405696394729396,0.4056959697954043,4.2493399171616986e-07,0.6508174113023135,0.6508197855424356
4858,0.40569639533543833,0.4056959697951797,4.255402586417212e-07,0.650817409134089,0.6508197855432392
4859,0.4056963959414806,0.40569596979495515,4.261465254562502e-07,0.6508174069658637,0.6508197855440419
4860,0.40569639654752276,0.4056959697947306,4.267527921597569e-07,0.6508174047976382,0.6508197855448455
4861,0.40569639715356504,0.4056959697945061,4.273590589187748e-07,0.6508174026294132,0.6508197855456486
4862,0.4056963977596073,0.4056959697942815,4.2796532578881497e-07,0.6508174004611881,0.6508197855464518
4863,0.4056963983656494,0.405695969794057,4.2857159243681053e-07,0.6508173982929633,0.6508197855472553
4864,0.4056963989716914,0.40569596979383254,4.291778588627615e-07,0.6508173961247379,0.6508197855480584
4865,0.4056963995777335,0.40569596979360806,4.297841254552459e-07,0.6508173939565125,0.6508197855488618
4866,0.40569640018377556,0.4056959697933835,4.3039039204773033e-07,0.6508173917882876,0.6508197855496652
4867,0.4056964007898175,0.40569596979315886,4.3099665864021475e-07,0.6508173896200625,0.6508197855504683
4868,0.4056964013958595,0.4056959697929345,4.3160292501065456e-07,0.6508173874518373,0.6508197855512723
4869,0.40569640200190127,0.4056959697927098,4.3220919149211667e-07,0.6508173852836123,0.6508197855520753
4870,0.4056964026079431,0.4056959697924853,4.3281545780704533e-07,0.6508173831153872,0.6508197855528787
4871,0.4056964032139849,0.4056959697922607,4.334217242329963e-07,0.650817380947162,0.650819785553682
4872,0.40569640382002653,0.4056959697920361,4.3402799043690266e-07,0.6508173787789369,0.6508197855544855
4873,0.4056964044260682,0.4056959697918115,4.3463425669632016e-07,0.6508173766107117,0.650819785555288
4874,0.40569640503211,0.40569596979158706,4.352405229557377e-07,0.6508173744424873,0.6508197855560918
4875,0.4056964056381515,0.4056959697913625,4.358467889931106e-07,0.6508173722742618,0.6508197855568948
4876,0.40569640624419306,0.40569596979113803,4.364530550304835e-07,0.6508173701060365,0.6508197855576983
4877,0.4056964068502347,0.4056959697909134,4.3705932134541214e-07,0.650817367937812,0.6508197855585015
4878,0.40569640745627605,0.4056959697906889,4.3766558716074044e-07,0.6508173657695866,0.6508197855593049
4879,0.40569640806231744,0.40569596979046435,4.3827185308709105e-07,0.6508173636013617,0.6508197855601078
4880,0.40569640866835893,0.4056959697902398,4.3887811912446395e-07,0.6508173614331367,0.6508197855609112
4881,0.40569640927440026,0.40569596979001527,4.394843849953034e-07,0.6508173592649115,0.6508197855617145
4882,0.4056964098804416,0.40569596978979083,4.4009065075512055e-07,0.650817357096687,0.6508197855625182
4883,0.4056964104864828,0.4056959697895663,4.406969165149377e-07,0.6508173549284618,0.650819785563321
4884,0.405696411092524,0.4056959697893417,4.41303182330266e-07,0.6508173527602368,0.6508197855641242
4885,0.40569641169856524,0.40569596978911726,4.4190944797906084e-07,0.6508173505920116,0.6508197855649279
4886,0.4056964123046065,0.40569596978889283,4.4251571368336684e-07,0.6508173484237871,0.6508197855657312
4887,0.4056964129106476,0.4056959697886684,4.431219792211394e-07,0.6508173462555622,0.6508197855665341
4888,0.4056964135166888,0.4056959697884439,4.4372824486993423e-07,0.6508173440873375,0.6508197855673374
4889,0.4056964141227298,0.40569596978821937,4.4433451040770677e-07,0.6508173419191126,0.6508197855681406
4890,0.40569641472877077,0.4056959697879949,4.4494077588996817e-07,0.6508173397508874,0.6508197855689443
4891,0.40569641533481177,0.40569596978777034,4.455470414277407e-07,0.6508173375826628,0.6508197855697476
4892,0.40569641594085265,0.40569596978754574,4.461533069100021e-07,0.6508173354144376,0.6508197855705509
4893,0.4056964165468935,0.40569596978732114,4.4675957233675234e-07,0.6508173332462129,0.650819785571354
4894,0.40569641715293453,0.4056959697870966,4.4736583793003604e-07,0.6508173310779883,0.6508197855721574
4895,0.40569641775897536,0.40569596978687206,4.479721033012751e-07,0.6508173289097635,0.6508197855729605
4896,0.405696418365016,0.40569596978664746,4.485783685614919e-07,0.650817326741538,0.650819785573764
4897,0.40569641897105685,0.40569596978642286,4.4918463398824215e-07,0.6508173245733133,0.650819785574567
4898,0.4056964195770975,0.40569596978619826,4.4979089924845894e-07,0.6508173224050892,0.6508197855753708
4899,0.4056964201831381,0.4056959697859737,4.5039716439765343e-07,0.6508173202368642,0.6508197855761739
4900,0.4056964207891788,0.4056959697857491,4.510034296578702e-07,0.650817318068639,0.6508197855769766
4901,0.40569642139521933,0.4056959697855246,4.5160969475155355e-07,0.6508173159004145,0.6508197855777802
4902,0.4056964220012597,0.40569596978530004,4.5221595967870343e-07,0.6508173137321895,0.6508197855785833
4903,0.40569642260730027,0.4056959697850756,4.5282222466136446e-07,0.6508173115639655,0.6508197855793867
4904,0.4056964232133407,0.40569596978485095,4.534284897550478e-07,0.6508173093957406,0.65081978558019
4905,0.405696423819381,0.4056959697846265,4.5403475446015307e-07,0.6508173072275156,0.6508197855809934
4906,0.4056964244254213,0.405695969784402,4.546410193317918e-07,0.650817305059291,0.650819785581797
4907,0.4056964250314617,0.4056959697841772,4.552472844809863e-07,0.6508173028910659,0.6508197855826001
4908,0.40569642563750213,0.40569596978395284,4.5585354929711386e-07,0.6508173007228418,0.6508197855834033
4909,0.4056964262435423,0.40569596978372824,4.564598140577303e-07,0.6508172985546168,0.6508197855842067
4910,0.4056964268495824,0.4056959697835038,4.570660785963021e-07,0.6508172963863923,0.6508197855850099
4911,0.4056964274556226,0.4056959697832792,4.576723434124297e-07,0.6508172942181674,0.6508197855858131
4912,0.4056964280616626,0.4056959697830546,4.5827860800651266e-07,0.6508172920499427,0.6508197855866164
4913,0.4056964286677026,0.4056959697828301,4.588848724895733e-07,0.6508172898817179,0.6508197855874195
4914,0.4056964292737425,0.4056959697826056,4.5949113691712284e-07,0.650817287713493,0.6508197855882232
4915,0.4056964298797826,0.4056959697823811,4.600974015112058e-07,0.6508172855452686,0.6508197855890265
4916,0.4056964304858224,0.40569596978215644,4.6070366593875534e-07,0.6508172833770438,0.6508197855898299
4917,0.40569643109186215,0.4056959697819319,4.6130993025528255e-07,0.6508172812088197,0.650819785590633
4918,0.40569643169790204,0.40569596978170747,4.6191619457180977e-07,0.6508172790405946,0.6508197855914362
4919,0.40569643230394187,0.40569596978148287,4.625224589993593e-07,0.6508172768723697,0.6508197855922397
4920,0.4056964329099817,0.4056959697812583,4.6312872337139765e-07,0.6508172747041454,0.6508197855930431
4921,0.40569643351602136,0.4056959697810336,4.63734987743436e-07,0.6508172725359205,0.6508197855938461
4922,0.40569643412206124,0.40569596978080896,4.6434125228200784e-07,0.6508172703676967,0.6508197855946493
4923,0.4056964347281007,0.4056959697805844,4.6494751626546815e-07,0.6508172681994714,0.6508197855954526
4924,0.4056964353341404,0.40569596978036,4.655537804154619e-07,0.6508172660312471,0.6508197855962561
4925,0.40569643594018007,0.4056959697801354,4.66160044676478e-07,0.6508172638630227,0.6508197855970596
4926,0.40569643654621956,0.40569596977991085,4.6676630871544944e-07,0.6508172616947983,0.6508197855978627
4927,0.405696437152259,0.40569596977968636,4.673725726433986e-07,0.6508172595265733,0.6508197855986662
4928,0.4056964377582984,0.40569596977946176,4.679788366268589e-07,0.6508172573583488,0.6508197855994693
4929,0.4056964383643378,0.4056959697792371,4.6858510066583037e-07,0.6508172551901245,0.6508197856002724
4930,0.40569643897037705,0.4056959697790127,4.691913643717349e-07,0.6508172530218997,0.6508197856010758
4931,0.40569643957641643,0.4056959697787881,4.6979762835519523e-07,0.6508172508536756,0.6508197856018791
4932,0.4056964401824556,0.4056959697785635,4.7040389211661093e-07,0.650817248685451,0.650819785602682
4933,0.4056964407884947,0.405695969778339,4.710101557114932e-07,0.6508172465172262,0.6508197856034854
4934,0.4056964413945339,0.40569596977811456,4.716164193618866e-07,0.6508172443490017,0.6508197856042893
4935,0.405696442000573,0.4056959697778902,4.722226827902354e-07,0.6508172421807773,0.6508197856050928
4936,0.40569644260661225,0.4056959697776655,4.728289467736957e-07,0.6508172400125534,0.6508197856058953
4937,0.40569644321265114,0.405695969777441,4.7343521014653334e-07,0.6508172378443285,0.6508197856066991
4938,0.40569644381869024,0.40569596977721645,4.7404147379692674e-07,0.6508172356761043,0.6508197856075023
4939,0.40569644442472913,0.40569596977699185,4.746477372807867e-07,0.6508172335078797,0.6508197856083051
4940,0.405696445030768,0.40569596977676736,4.7525400065362433e-07,0.6508172313396556,0.6508197856091085
4941,0.40569644563680685,0.4056959697765429,4.758602639709508e-07,0.6508172291714313,0.6508197856099118
4942,0.4056964462428458,0.4056959697763181,4.764665276768554e-07,0.6508172270032067,0.6508197856107147
4943,0.4056964468488845,0.4056959697760937,4.770727908276484e-07,0.6508172248349826,0.6508197856115184
4944,0.40569644745492334,0.4056959697758692,4.776790541449749e-07,0.6508172226667577,0.6508197856123226
4945,0.40569644806096206,0.4056959697756445,4.782853175733237e-07,0.6508172204985339,0.6508197856131255
4946,0.4056964486670006,0.40569596977541994,4.788915806686056e-07,0.6508172183303095,0.650819785613928
4947,0.4056964492730391,0.40569596977519534,4.794978437638875e-07,0.6508172161620844,0.6508197856147316
4948,0.4056964498790778,0.40569596977497085,4.801041069701917e-07,0.6508172139938608,0.6508197856155351
4949,0.40569645048511616,0.4056959697747463,4.80710369843429e-07,0.6508172118256355,0.6508197856163386
4950,0.40569645109115493,0.40569596977452177,4.813166331607555e-07,0.6508172096574117,0.650819785617142
4951,0.40569645169719337,0.4056959697742972,4.81922896145015e-07,0.6508172074891876,0.6508197856179452
4952,0.4056964523032317,0.40569596977407263,4.825291590737635e-07,0.6508172053209633,0.6508197856187484
4953,0.4056964529092702,0.4056959697738482,4.831354220025119e-07,0.6508172031527388,0.6508197856195517
4954,0.4056964535153085,0.40569596977362365,4.83741684820238e-07,0.6508172009845143,0.6508197856203555
4955,0.40569645412134675,0.405695969773399,4.843479477489865e-07,0.6508171988162903,0.6508197856211579
4956,0.40569645472738514,0.40569596977317446,4.849542106777349e-07,0.6508171966480658,0.6508197856219614
4957,0.4056964553334233,0.4056959697729499,4.855604733844388e-07,0.6508171944798418,0.6508197856227643
4958,0.4056964559394614,0.4056959697727255,4.861667359246091e-07,0.6508171923116175,0.6508197856235682
4959,0.4056964565454995,0.405695969772501,4.867729985202907e-07,0.6508171901433936,0.6508197856243716
4960,0.4056964571515376,0.40569596977227645,4.873792611714833e-07,0.650817187975169,0.6508197856251747
4961,0.40569645775757557,0.40569596977205197,4.879855236006314e-07,0.6508171858069445,0.650819785625978
4962,0.4056964583636135,0.4056959697718273,4.885917861963129e-07,0.6508171836387199,0.6508197856267812
4963,0.40569645896965156,0.40569596977160294,4.89198048625461e-07,0.6508171814704964,0.6508197856275846
4964,0.40569645957568934,0.4056959697713784,4.898043109435868e-07,0.6508171793022721,0.6508197856283879
4965,0.4056964601817272,0.4056959697711538,4.90410573428246e-07,0.6508171771340483,0.6508197856291909
4966,0.40569646078776517,0.4056959697709293,4.910168358573941e-07,0.650817174965824,0.6508197856299943
4967,0.4056964613938029,0.4056959697707047,4.916230981755199e-07,0.6508171727975991,0.650819785630798
4968,0.40569646199984055,0.40569596977048,4.922293605491568e-07,0.6508171706293757,0.6508197856316008
4969,0.40569646260587827,0.40569596977025546,4.928356228117714e-07,0.650817168461151,0.6508197856324034
4970,0.4056964632119158,0.4056959697700309,4.934418849078526e-07,0.6508171662929269,0.6508197856332072
4971,0.4056964638179535,0.40569596976980643,4.940481470594449e-07,0.6508171641247033,0.6508197856340107
4972,0.4056964644239912,0.4056959697695819,4.946544093220595e-07,0.6508171619564791,0.6508197856348141
4973,0.4056964650300286,0.4056959697693574,4.952606711960961e-07,0.6508171597882546,0.6508197856356177
4974,0.4056964656360661,0.40569596976913275,4.958669333476884e-07,0.6508171576200306,0.6508197856364208
4975,0.4056964662421034,0.4056959697689081,4.964731953327473e-07,0.6508171554518064,0.6508197856372238
4976,0.405696466848141,0.40569596976868344,4.970794575398507e-07,0.6508171532835825,0.650819785638027
4977,0.4056964674541784,0.4056959697684589,4.976857195249096e-07,0.6508171511153584,0.6508197856388307
4978,0.40569646806021575,0.40569596976823424,4.982919815099685e-07,0.6508171489471346,0.6508197856396337
4979,0.40569646866625303,0.4056959697680098,4.988982432174716e-07,0.6508171467789103,0.6508197856404373
4980,0.4056964692722904,0.40569596976778516,4.995045052580416e-07,0.6508171446106867,0.6508197856412401
4981,0.4056964698783275,0.4056959697675606,5.001107669100335e-07,0.6508171424424617,0.6508197856420437
4982,0.40569647048436486,0.4056959697673361,5.007170287840701e-07,0.6508171402742385,0.650819785642847
4983,0.4056964710904018,0.4056959697671115,5.013232903250397e-07,0.6508171381060142,0.6508197856436506
4984,0.40569647169643874,0.4056959697668869,5.019295518660094e-07,0.6508171359377903,0.6508197856444533
4985,0.40569647230247574,0.4056959697666622,5.025358135180014e-07,0.650817133769566,0.6508197856452569
4986,0.4056964729085128,0.40569596976643774,5.03142075058971e-07,0.6508171316013424,0.6508197856460602
4987,0.40569647351454974,0.40569596976621325,5.037483364889184e-07,0.6508171294331182,0.6508197856468637
4988,0.4056964741205867,0.4056959697659886,5.043545980853992e-07,0.6508171272648939,0.6508197856476665
4989,0.4056964747266237,0.40569596976576405,5.049608596263688e-07,0.6508171250966703,0.6508197856484701
4990,0.4056964753326605,0.40569596976553945,5.055671210563162e-07,0.6508171229284463,0.6508197856492735
4991,0.4056964759386973,0.405695969765315,5.061733822642189e-07,0.6508171207602225,0.6508197856500768
4992,0.4056964765447342,0.40569596976509037,5.067796438051886e-07,0.6508171185919986,0.65081978565088
4993,0.40569647715077106,0.40569596976486577,5.073859052906471e-07,0.6508171164237748,0.6508197856516831
4994,0.40569647775680767,0.4056959697646413,5.079921663875275e-07,0.6508171142555508,0.6508197856524863
4995,0.40569647836284417,0.40569596976441674,5.085984274288968e-07,0.650817112087327,0.65081978565329
4996,0.4056964789688807,0.40569596976419225,5.092046884702661e-07,0.6508171099191028,0.6508197856540934
4997,0.4056964795749173,0.4056959697639676,5.098109496781689e-07,0.6508171077508791,0.6508197856548963
4998,0.4056964801809537,0.40569596976374306,5.10417210664027e-07,0.650817105582655,0.6508197856556998
4999,0.4056964807869903,0.4056959697635185,5.110234717609075e-07,0.6508171034144314,0.650819785656503
5000,0.40569648139302644,0.40569596976329403,5.116297324136987e-07,0.6508171012462072,0.6508197856573064
