round,p_phi_plus,p_phi_minus,p_psi_plus,p_psi_minus,fidelity,C_Bell
0,0.8874999999999996,0.03749999999999994,0.037499999999999985,0.037499999999999985,0.8874999999999996,3.9559711549254795e-34
1,0.9702463652514057,0.008377553182647714,0.01083487802555728,0.010541203540389094,0.9702463652514057,1.6349539559053443e-06
2,0.9749440675913954,0.00678539837380918,0.009401449142066294,0.008869084892728833,0.9749440675913954,1.5110128006170104e-06
3,0.9750254522096012,0.006764057480420382,0.009379674984355704,0.008830815325622583,0.9750254522096012,1.4881293386198448e-06
4,0.9750267060059495,0.006763858431703661,0.009379407837817563,0.00883002772452901,0.9750267060059495,1.4879569898298976e-06
5,0.9750267248801451,0.006763844075991559,0.009379399524790374,0.008830031519072865,0.9750267248801451,1.4888867599601447e-06
6,0.9750267247421047,0.006763829665496628,0.009379393515712403,0.008830052076685996,0.9750267247421047,1.4901008745784711e-06
7,0.9750267241820978,0.006763815370433887,0.009379387578567027,0.008830072868901223,0.9750267241820978,1.491577251857853e-06
8,0.9750267234827638,0.006763801263156589,0.009379381718712571,0.008830093535367116,0.9750267234827638,1.4933170584317e-06
9,0.975026722647521,0.006763787350214824,0.009379375936568346,0.008830114065695775,0.975026722647521,1.4953221569727528e-06
10,0.9750267216754753,0.0067637736358075184,0.009379370231564389,0.008830134457152711,0.9750267216754753,1.4975945142245057e-06
11,0.9750267205656195,0.006763760124157678,0.00937936460309225,0.008830154707130389,0.9750267205656195,1.5001361898178964e-06
12,0.9750267193168997,0.006763746819582201,0.009379359050539802,0.008830174812978353,0.9750267193168997,1.5029493399219293e-06
13,0.9750267179282092,0.006763733726495922,0.00937935357329447,0.008830194772000194,0.9750267179282092,1.5060362214223637e-06
14,0.9750267163983921,0.006763720849413235,0.00937934817074298,0.00883021458145163,0.9750267163983921,1.5093991962958495e-06
15,0.9750267147262377,0.00676370819295007,0.009379342842272166,0.008830234238540017,0.9750267147262377,1.5130407361659352e-06
16,0.9750267129104779,0.006763695761828097,0.009379337587270345,0.008830253740423464,0.9750267129104779,1.516963427056811e-06
17,0.9750267109497867,0.006763683560874968,0.009379332405128343,0.008830273084210019,0.9750267109497867,1.5211699743518025e-06
18,0.9750267088427759,0.006763671595027473,0.009379327295239517,0.008830292266957118,0.9750267088427759,1.5256632079618674e-06
19,0.975026706587993,0.006763659869334449,0.0093793222570019,0.008830311285670573,0.975026706587993,1.5304460877168565e-06
20,0.9750267041839202,0.006763648388958104,0.009379317289818364,0.008830330137303196,0.9750267041839202,1.5355217089922512e-06
21,0.9750267016289677,0.00676363715917868,0.009379312393098794,0.008830348818754712,0.9750267016289677,1.5408933085682107e-06
22,0.9750266989214742,0.006763626185394525,0.009379307566260346,0.008830367326870934,0.9750266989214742,1.5465642707514785e-06
23,0.9750266960597016,0.006763615473126347,0.009379302808729797,0.008830385658442089,0.9750266960597016,1.5525381337516432e-06
24,0.9750266930418333,0.006763605028019583,0.009379298119944339,0.00883040381020244,0.9750266930418333,1.558818596336826e-06
25,0.9750266898659687,0.006763594855847821,0.009379293499353078,0.008830421778830115,0.9750266898659687,1.5654095247721886e-06
26,0.9750266865301229,0.006763584962514023,0.009379288946418528,0.00883043956094437,0.9750266865301229,1.5723149600602696e-06
27,0.9750266830322184,0.006763575354055239,0.009379284460619178,0.008830457153106923,0.9750266830322184,1.5795391254897795e-06
28,0.9750266793700859,0.006763566036644518,0.00937928004145004,0.008830474551819387,0.9750266793700859,1.5870864345119666e-06
29,0.9750266755414567,0.006763557016594162,0.009379275688425826,0.008830491753523103,0.9750266755414567,1.5949614989573804e-06
30,0.9750266715439603,0.006763548300359949,0.009379271401081662,0.00883050875459801,0.9750266715439603,1.603169137601678e-06
31,0.9750266673751201,0.0067635398945416125,0.009379267178976245,0.008830525551361977,0.9750266673751201,1.6117143851088642e-06
32,0.9750266630323465,0.006763531805889889,0.0093792630216938,0.008830542140069599,0.9750266630323465,1.6206025013522254e-06
33,0.9750266585129357,0.006763524041306301,0.009379258928846158,0.008830558516911724,0.9750266585129357,1.629838981144031e-06
34,0.9750266538140617,0.0067635166078487486,0.009379254900075417,0.008830574678013993,0.9750266538140617,1.6394295643840212e-06
35,0.9750266489327722,0.006763509512734469,0.00937925093505697,0.008830590619436174,0.9750266489327722,1.6493802466425481e-06
36,0.9750266438659834,0.00676350276334306,0.009379247033501735,0.008830606337171615,0.9750266438659834,1.6596972902085604e-06
37,0.9750266386104742,0.006763496367221134,0.009379243195159119,0.008830621827145353,0.9750266386104742,1.670387235609937e-06
38,0.9750266331628789,0.0067634903320850925,0.009379239419820945,0.00883063708521481,0.9750266331628789,1.681456913634867e-06
39,0.9750266275196833,0.0067634846658256205,0.00937923570732383,0.008830652107167191,0.9750266275196833,1.692913457872158e-06
40,0.9750266216772157,0.006763479376511463,0.009379232057552835,0.00883066688872,0.9750266216772157,1.7047643177986075e-06
41,0.9750266156316433,0.006763474472392356,0.009379228470445127,0.008830681425518919,0.9750266156316433,1.7170172724310799e-06
42,0.9750266093789615,0.006763469961905987,0.009379224945994354,0.008830695713138076,0.9750266093789615,1.729680444570637e-06
43,0.9750266029149899,0.00676346585367764,0.009379221484253526,0.008830709747078594,0.9750266029149899,1.742762315665364e-06
44,0.9750265962353621,0.006763462156529423,0.009379218085340566,0.008830723522767685,0.9750265962353621,1.7562717413207683e-06
45,0.9750265893355192,0.006763458879480703,0.009379214749441336,0.008830737035558495,0.9750265893355192,1.7702179674819267e-06
46,0.9750265822107005,0.006763456031755332,0.00937921147681601,0.008830750280728128,0.9750265822107005,1.7846106473192192e-06
47,0.9750265748559354,0.006763453622783677,0.00937920826780261,0.008830763253478171,0.9750265748559354,1.7994598588491308e-06
48,0.9750265672660343,0.006763451662209789,0.009379205122822603,0.008830775948933077,0.9750265672660343,1.814776123323633e-06
49,0.9750265594355796,0.006763450159894309,0.009379202042386472,0.008830788362139531,0.9750265594355796,1.8305704244169464e-06
50,0.9750265513589138,0.006763449125920138,0.009379199027099371,0.008830800488066474,0.9750265513589138,1.8468542282515078e-06
51,0.9750265430301314,0.006763448570597621,0.009379196077667486,0.008830812321603378,0.9750265430301314,1.8636395042962277e-06
52,0.9750265344430665,0.006763448504469242,0.009379193194903782,0.008830823857560269,0.9750265344430665,1.8809387471739443e-06
53,0.9750265255912836,0.0067634489383148,0.00937919037973447,0.008830835090667016,0.9750265255912836,1.8987649994250694e-06
54,0.9750265164680627,0.006763449883157246,0.00937918763320707,0.008830846015572753,0.9750265164680627,1.917131875262231e-06
55,0.9750265070663906,0.006763451350267241,0.009379184956496651,0.008830856626845308,0.9750265070663906,1.936053585362371e-06
56,0.9750264973789455,0.006763453351169533,0.009379182350913838,0.008830866918970972,0.9750264973789455,1.955544962745779e-06
57,0.9750264873980842,0.006763455897648933,0.009379179817912999,0.00883087688635374,0.9750264873980842,1.9756214897851315e-06
58,0.9750264771158289,0.006763459001755088,0.009379177359100365,0.008830886523315354,0.9750264771158289,1.9962993263958957e-06
59,0.9750264665238522,0.00676346267580907,0.009379174976243593,0.00883089582409478,0.9750264665238522,2.0175953394635533e-06
60,0.9750264556134627,0.006763466932409228,0.009379172671279934,0.008830904782847997,0.9750264556134627,2.039527133558081e-06
61,0.9750264443755863,0.006763471784438056,0.009379170446327398,0.008830913393648221,0.9750264443755863,2.0621130829970483e-06
62,0.9750264328007537,0.0067634772450677364,0.009379168303693333,0.00883092165048506,0.9750264328007537,2.0853723653134378e-06
63,0.9750264208790804,0.006763483327767715,0.009379166245886153,0.008830929547265597,0.9750264208790804,2.1093249961925703e-06
64,0.9750264086002489,0.0067634900463097135,0.009379164275627487,0.008830937077813615,0.9750264086002489,2.1339918659450802e-06
65,0.9750263959534917,0.006763497414776244,0.009379162395861238,0.008830944235870528,0.9750263959534917,2.159394777580355e-06
66,0.9750263829275692,0.006763505447567078,0.009379160609768766,0.008830951015094787,0.9750263829275692,2.1855564865552417e-06
67,0.9750263695107507,0.006763514159405206,0.009379158920780034,0.008830957409063893,0.9750263695107507,2.2125007422710107e-06
68,0.9750263556907931,0.006763523565346513,0.009379157332587387,0.00883096341127278,0.9750263556907931,2.2402523313946982e-06
69,0.9750263414549165,0.006763533680785242,0.009379155849161122,0.008830969015136914,0.9750263414549165,2.268837123092338e-06
70,0.975026326789784,0.006763544521462516,0.009379154474762117,0.008830974213991344,0.975026326789784,2.2982821162515273e-06
71,0.9750263116814754,0.006763556103473091,0.009379153213959032,0.008830979001092204,0.9750263116814754,2.3286154887881433e-06
72,0.9750262961154619,0.006763568443275584,0.00937915207164425,0.00883098336961817,0.9750262961154619,2.3598666491261402e-06
73,0.9750262800765793,0.006763581557698409,0.009379151053050191,0.008830987312671906,0.9750262800765793,2.3920662899509384e-06
74,0.9750262635490015,0.0067635954639493285,0.009379150163768361,0.008830990823280736,0.9750262635490015,2.425246444335645e-06
75,0.9750262465162097,0.006763610179623714,0.009379149409767102,0.008830993894399319,0.9750262465162097,2.4594405443477018e-06
76,0.975026228960964,0.006763625722713013,0.009379148797411687,0.008830996518911045,0.975026228960964,2.4946834822453757e-06
77,0.9750262108652711,0.006763642111614394,0.00937914833348444,0.00883099868962994,0.9750262108652711,2.531011674384747e-06
78,0.97502619221035,0.0067636593651396034,0.009379148025206277,0.00883100039930386,0.97502619221035,2.5684631279461365e-06
79,0.9750261729766003,0.006763677502523819,0.009379147880259486,0.00883100164061623,0.9750261729766003,2.607077510626336e-06
80,0.9750261531435638,0.00676369654343591,0.00937914790681065,0.008831002406189541,0.9750261531435638,2.6468962234089915e-06
81,0.9750261326898875,0.006763716507988351,0.009379148113535544,0.008831002688588484,0.9750261326898875,2.687962476567647e-06
82,0.9750261115932851,0.0067637374167473134,0.009379148509644619,0.008831002480322809,0.9750261115932851,2.730321369035325e-06
83,0.9750260898304963,0.006763759290741471,0.009379149104910448,0.008831001773851625,0.9750260898304963,2.774019971295255e-06
84,0.9750260673772428,0.0067637821514743195,0.009379149909694748,0.008831000561587792,0.9750260673772428,2.81910741195738e-06
85,0.9750260442081838,0.0067638060209348535,0.00937915093497886,0.008830998835902238,0.9750260442081838,2.86563496817246e-06
86,0.9750260202968705,0.006763830921607562,0.00937915219239399,0.0088309965891278,0.9750260202968705,2.9136561600727787e-06
87,0.975025995615696,0.006763856876483821,0.009379153694253477,0.008830993813566522,0.975025995615696,2.9632268494056434e-06
88,0.9750259701358449,0.006763883909074768,0.009379155453586417,0.008830990501493753,0.9750259701358449,3.0144053425590773e-06
89,0.9750259438272414,0.006763912043421093,0.009379157484172696,0.008830986645164646,0.9750259438272414,3.067252498173449e-06
90,0.9750259166584913,0.006763941304107453,0.009379159800579845,0.008830982236821269,0.9750259166584913,3.121831839542582e-06
91,0.9750258885968255,0.006763971716272583,0.009379162418201845,0.008830977268699906,0.9750258885968255,3.178209672026623e-06
92,0.97502585960804,0.006764003305623637,0.009379165353298892,0.008830971733037143,0.97502585960804,3.2364552056972706e-06
93,0.9750258296564308,0.006764036098448609,0.009379168623039376,0.0088309656220811,0.9750258296564308,3.296640683453635e-06
94,0.9750257987047305,0.006764070121628471,0.009379172245543991,0.008830958928096998,0.9750257987047305,3.358841514859032e-06
95,0.9750257667140347,0.006764105402653763,0.009379176239931834,0.008830951643379542,0.9750257667140347,3.4231364159467566e-06
96,0.9750257336437353,0.0067641419696352675,0.009379180626368047,0.008830943760261376,0.9750257336437353,3.489607555276857e-06
97,0.9750256994514421,0.006764179851319433,0.009379185426113889,0.008830935271124359,0.9750256994514421,3.558340706519535e-06
98,0.9750256640929033,0.006764219077104359,0.009379190661579967,0.00883092616841231,0.9750256640929033,3.6294254078577927e-06
99,0.9750256275219253,0.006764259677052427,0.009379196356379925,0.008830916444642053,0.9750256275219253,3.702955128526335e-06
100,0.9750255896902866,0.006764301681907508,0.009379202535388324,0.008830906092417518,0.9750255896902866,3.7790274428015176e-06
101,0.9750255505476457,0.006764345123109513,0.009379209224800563,0.0088308951044441,0.9750255505476457,3.8577442117825025e-06
102,0.9750255100414508,0.006764390032810629,0.009379216452194744,0.00883088347354377,0.9750255100414508,3.939211773319056e-06
103,0.9750254681168385,0.006764436443892101,0.00937922424659774,0.008830871192671471,0.9750254681168385,4.023541140449731e-06
104,0.9750254247165332,0.006764484389981774,0.00937923263855311,0.008830858254931724,0.9750254247165332,4.110848208741829e-06
105,0.9750253797807414,0.00676453390546858,0.009379241660191792,0.008830844653597932,0.9750253797807414,4.201253972930192e-06
106,0.9750253332470353,0.00676458502552456,0.009379251345308402,0.008830830382131397,0.9750253332470353,4.294884753283379e-06
107,0.975025285050242,0.00676463778611845,0.009379261729436419,0.008830815434202737,0.975025285050242,4.391872432135691e-06
108,0.975025235122317,0.006764692224037428,0.009379272849931822,0.008830799803713535,0.975025235122317,4.492354701043241e-06
109,0.9750251833922182,0.006764748376905111,0.009379284746056404,0.008830783484820106,0.9750251833922182,4.5964753190523745e-06
110,0.9750251297857727,0.006764806283200778,0.009379297459067555,0.008830766471958736,0.9750251297857727,4.7043843825809245e-06
111,0.9750250742255382,0.006764865982279178,0.00937931103231026,0.008830748759872194,0.9750250742255382,4.816238607441013e-06
112,0.9750250166306562,0.006764927514391656,0.009379325511313923,0.008830730343638071,0.9750250166306562,4.93220162355763e-06
113,0.9750249569167004,0.006764990920707482,0.009379340943893708,0.008830711218698249,0.9750249569167004,5.052444282957694e-06
114,0.9750248949955186,0.006765056243333708,0.009379357380255438,0.008830691380892172,0.9750248949955186,5.177144981632552e-06
115,0.9750248307750652,0.006765123525338776,0.009379374873107207,0.008830670826488689,0.9750248307750652,5.306489995909515e-06
116,0.975024764159229,0.006765192810774003,0.009379393477773171,0.00883064955222355,0.975024764159229,5.440673833988476e-06
117,0.9750246950476519,0.0067652641446985275,0.009379413252313415,0.008830627555336016,0.9750246950476519,5.579899603337634e-06
118,0.9750246233355377,0.00676533757320038,0.009379434257651455,0.008830604833610384,0.9750246233355377,5.724379394664161e-06
119,0.9750245489134552,0.006765413143423162,0.009379456557703872,0.008830581385417594,0.9750245489134552,5.874334683231177e-06
120,0.9750244716671324,0.006765490903589808,0.009379480219516782,0.00883055720976069,0.9750244716671324,6.029996748287465e-06
121,0.9750243914772371,0.00676557090302884,0.009379505313410457,0.008830532306323354,0.9750243914772371,6.191607111459582e-06
122,0.9750243082191541,0.0067656531921999035,0.009379531913127034,0.008830506675518702,0.9750243082191541,6.3594179949577735e-06
123,0.9750242217627458,0.006765737822722047,0.00937956009598733,0.008830480318544585,0.9750242217627458,6.533692800504193e-06
124,0.9750241319721069,0.006765824847399965,0.009379589943053199,0.008830453237439887,0.9750241319721069,6.714706609926826e-06
125,0.9750240387053069,0.006765914320252115,0.009379621539297115,0.008830425435143669,0.9750240387053069,6.902746708410064e-06
126,0.9750239418141186,0.006766006296542027,0.00937965497378019,0.008830396915559131,0.9750239418141186,7.0981131314439056e-06
127,0.9750238411437349,0.006766100832806377,0.009379690339837175,0.008830367683621484,0.9750238411437349,7.301119236536605e-06
128,0.9750237365324779,0.006766197986885677,0.009379727735269771,0.008830337745366628,0.9750237365324779,7.512092300843557e-06
129,0.9750236278114864,0.006766297817956499,0.00937976726254824,0.008830307108008419,0.9750236278114864,7.731374145884953e-06
130,0.9750235148043982,0.006766400386563103,0.00937980902902232,0.00883027578001618,0.9750235148043982,7.959321790590007e-06
131,0.9750233973270066,0.006766505754651594,0.0093798531471419,0.008830243771199805,0.9750233973270066,8.196308133976665e-06
132,0.9750232751869143,0.006766613985602668,0.009379899734685981,0.008830211092796733,0.9750232751869143,8.442722668802622e-06
133,0.9750231481831642,0.006766725144267765,0.009379948915001917,0.008830177757565933,0.9750231481831642,8.698972227627573e-06
134,0.9750230161058523,0.006766839297003777,0.009380000817256753,0.008830143779886982,0.9750230161058523,8.965481762753342e-06
135,0.9750228787357272,0.00676695651171105,0.009380055576698567,0.008830109175863092,0.9750228787357272,9.24269516160446e-06
136,0.9750227358437686,0.006767076857871199,0.009380113334928056,0.008830073963431898,0.9750227358437686,9.53107609916782e-06
137,0.9750225871907485,0.00676720040658518,0.009380174240184495,0.008830038162481775,0.9750225871907485,9.831108929188004e-06
138,0.975022432526771,0.006767327230613827,0.009380238447642008,0.008830001794972914,0.975022432526771,1.01432996159044e-05
139,0.9750222715907929,0.006767457404419136,0.009380306119720227,0.008829964885067503,0.9750222715907929,1.0468176708177908e-05
140,0.9750221041101186,0.006767591004206157,0.00938037742640803,0.008829927459266886,0.9750221041101186,1.0806292357959249e-05
141,0.975021929799878,0.00676772810796675,0.009380452545601391,0.008829889546553636,0.975021929799878,1.115822338512839e-05
142,0.975021748362475,0.00676786879552363,0.009380531663456364,0.008829851178544868,0.975021748362475,1.152457239083494e-05
143,0.9750215594870146,0.006768013148577013,0.009380614974756648,0.008829812389651559,0.9750215594870146,1.19059689215695e-05
144,0.9750213628487014,0.0067681612507517,0.009380702683298906,0.00882977321724777,0.9750213628487014,1.2303070686289852e-05
145,0.9750211581082141,0.006768313187643784,0.009380795002292875,0.008829733701848991,0.9750211581082141,1.2716564829038868e-05
146,0.9750209449110467,0.0067684690468739735,0.009380892154780466,0.008829693887298653,0.9750209449110467,1.3147169259607877e-05
147,0.9750207228868226,0.006768628918136044,0.009380994374073174,0.008829653820968024,0.9750207228868226,1.359563404491166e-05
148,0.9750204916485783,0.006768792893251086,0.00938110190420702,0.00882961355396327,0.9750204916485783,1.406274286385526e-05
149,0.9750202507920135,0.006768961066220482,0.009381215000419683,0.008829573141346166,0.9750202507920135,1.4549314528634484e-05
150,0.9750199998947036,0.0067691335332838295,0.009381333929645868,0.008829532642366453,0.9750199998947036,1.5056204575487104e-05
151,0.9750197385152829,0.00676931039297486,0.009381458971037428,0.008829492120704828,0.9750197385152829,1.5584306928136927e-05
152,0.9750194661925845,0.006769491746180852,0.00938159041650297,0.008829451644731706,0.9750194661925845,1.6134555637231783e-05
153,0.9750191824447431,0.006769677696204768,0.009381728571273344,0.008829411287778503,0.9750191824447431,1.670792669929635e-05
154,0.9750188867682598,0.006769868348826551,0.009381873754490915,0.0088293711284227,0.9750188867682598,1.7305439958847797e-05
155,0.9750185786370176,0.006770063812368773,0.009382026299823645,0.008829331250789824,0.9750185786370176,1.7928161097511557e-05
156,0.9750182575012577,0.00677026419776287,0.009382186556108866,0.008829291744870385,0.9750182575012577,1.8577203714135738e-05
157,0.9750179227865066,0.0067704696186175395,0.00938235488802122,0.008829252706854458,0.9750179227865066,1.9253731500091864e-05
158,0.9750175738924545,0.006770680191290128,0.009382531676772296,0.008829214239482974,0.9750175738924545,1.9958960514151774e-05
159,0.9750172101917802,0.006770896034958957,0.009382717320841422,0.008829176452419207,0.9750172101917802,2.069416156153196e-05
160,0.975016831028928,0.0067711172716983055,0.009382912236734852,0.008829139462638592,0.975016831028928,2.1460662681884933e-05
161,0.9750164357188217,0.006771344026555794,0.009383116859782143,0.008829103394840228,0.9750164357188217,2.22598517512841e-05
162,0.9750160235455244,0.006771576427632062,0.009383331644963376,0.00882906838187981,0.9750160235455244,2.3093179203434122e-05
163,0.9750155937608339,0.006771814606164233,0.009383557067777005,0.00882903456522473,0.9750155937608339,2.39621608756152e-05
164,0.9750151455828164,0.006772058696608029,0.009383793625140533,0.008829002095434814,0.9750151455828164,2.4868380985103782e-05
165,0.9750146781942718,0.006772308836728385,0.009384041836333365,0.008828971132666338,0.9750146781942718,2.5813495242090587e-05
166,0.9750141907411269,0.006772565167686969,0.00938430224398086,0.008828941847205068,0.9750141907411269,2.679923410539269e-05
167,0.9750136823307586,0.0067728278341370836,0.009384575415079697,0.008828914420024266,0.9750136823307586,2.7827406187532295e-05
168,0.9750131520302372,0.00677309698431855,0.009384861942069176,0.008828889043374831,0.9750131520302372,2.8899901816095774e-05
169,0.9750125988644891,0.006773372770157718,0.00938516244394798,0.008828865921404958,0.9750125988644891,3.0018696758553864e-05
170,0.9750120218143781,0.006773655347368622,0.009385477567440636,0.008828845270812269,0.9750120218143781,3.1185856118107484e-05
171,0.975011419814695,0.006773944875559576,0.009385807988214624,0.0088288273215307,0.975011419814695,3.240353840844102e-05
172,0.9750107917520562,0.006774241518341643,0.00938615441214962,0.008828812317452304,0.9750107917520562,3.367399981563955e-05
173,0.9750101364627076,0.006774545443442184,0.009386517576662552,0.008828800517187558,0.9750101364627076,3.499959865590353e-05
174,0.9750094527302242,0.006774856822819403,0.009386898252090528,0.008828792194865591,0.9750094527302242,3.6382800038122466e-05
175,0.9750087392831082,0.00677517583278353,0.009387297243133388,0.008828787640974486,0.9750087392831082,3.7826180740715593e-05
176,0.9750079947922726,0.006775502654121136,0.009387715390359156,0.008828787163246971,0.9750079947922726,3.9332434312681856e-05
177,0.9750072178684097,0.006775837472222859,0.009388153571775755,0.008828791087591563,0.9750072178684097,4.0904376409182666e-05
178,0.9750064070592437,0.006776180477215274,0.009388612704469319,0.008828799759071556,0.9750064070592437,4.254495037248309e-05
179,0.9750055608466478,0.006776531864100461,0.009389093746315826,0.008828813542935616,0.9750055608466478,4.425723306959886e-05
180,0.9750046776436401,0.0067768918328933265,0.009389597697765432,0.008828832825701169,0.9750046776436401,4.6044440998472354e-05
181,0.9750037557912283,0.006777260588772386,0.009390125603705559,0.008828858016293666,0.9750037557912283,4.790993667510851e-05
182,0.9750027935551215,0.0067776383422280305,0.009390678555404139,0.00882888954724611,0.9750027935551215,4.9857235314621386e-05
183,0.9750017891222831,0.0067780253092205684,0.009391257692538178,0.00882892787595814,0.9750017891222831,5.189001181977313e-05
184,0.9750007405973257,0.006778421711341564,0.009391864205309781,0.008828973486022771,0.9750007405973257,5.401210809118713e-05
185,0.9749996459987443,0.006778827775981914,0.009392499336654059,0.00882902688861942,0.9749996459987443,5.622754067411254e-05
186,0.9749985032549718,0.0067792437365043964,0.009393164384543996,0.008829088623979678,0.9749985032549718,5.854050875726401e-05
187,0.9749973102002525,0.006779669832424745,0.00939386070439409,0.008829159262928578,0.9749973102002525,6.095540253998423e-05
188,0.9749960645703311,0.006780106309594651,0.009394589711569758,0.008829239408504398,0.9749960645703311,6.347681198475572e-05
189,0.9749947639979358,0.006780553420396427,0.009395352884004837,0.008829329697662806,0.9749947639979358,6.610953597282472e-05
190,0.9749934060080584,0.006781011423941262,0.00939615176493277,0.008829430803067197,0.9749934060080584,6.885859188157676e-05
191,0.9749919880130163,0.006781480586274442,0.009396987965737291,0.008829543434971703,0.9749919880130163,7.172922560309003e-05
192,0.9749905073072836,0.00678196118059019,0.009397863168925878,0.00882966834320015,0.9749905073072836,7.472692202426186e-05
193,0.9749889610620879,0.006782453487451413,0.009398779131233603,0.008829806319226858,0.9749889610620879,7.785741598979615e-05
194,0.9749873463197565,0.00678295779502002,0.009399737686859404,0.008829958198363897,0.9749873463197565,8.112670377032925e-05
195,0.9749856599878021,0.006783474399292271,0.009400740750846216,0.008830124862059212,0.9749856599878021,8.454105505899788e-05
196,0.9749838988327348,0.006784003604346886,0.009401790322604827,0.008830307240313168,0.9749838988327348,8.81070255208052e-05
197,0.9749820594735912,0.006784545722598425,0.00940288848959216,0.008830506314218127,0.9749820594735912,9.18314699203296e-05
198,0.9749801383751626,0.006785101075061096,0.009404037431149277,0.008830723118626845,0.9749801383751626,9.57215558543857e-05
199,0.974978131840913,0.006785669991623287,0.009405239422505334,0.008830958744958201,0.974978131840913,9.97847781175494e-05
200,0.9749760360055691,0.006786252811331436,0.009406496838954592,0.008831214344144663,0.9749760360055691,0.00010402897372971371
201,0.9749738468273693,0.00678684988268355,0.009407812160217506,0.008831491129729606,0.9749738468273693,0.00010846233765616706
202,0.9749715600799558,0.006787461563934392,0.00940918797498665,0.008831790381122985,0.9749715600799558,0.0001130934392521062
203,0.9749691713438915,0.006788088223412642,0.00941062698567376,0.00883211344702192,0.9749691713438915,0.00011793123946493342
204,0.9749666759977862,0.006788730239848705,0.009412132013360407,0.00883246174900458,0.9749666759977862,0.00012298510882920088
205,0.9749640692090152,0.006789388002714952,0.009413706002962612,0.008832836785307021,0.9749640692090152,0.00012826484629071793
206,0.9749613459240066,0.006790061912579259,0.009415352028622684,0.008833240134791347,0.9749613459240066,0.00013378069889792384
207,0.974958500858084,0.006790752381471781,0.009417073299330444,0.008833673461113568,0.974958500858084,0.00013954338240041434
208,0.974955528484839,0.006791459833264811,0.009418873164790932,0.008834138517105043,0.974955528484839,0.0001455641027963227
209,0.9749524230250148,0.006792184704067719,0.00942075512154459,0.008834637149372644,0.9749524230250148,0.00015185457887212215
210,0.9749491784348757,0.006792927442636901,0.009422722819353644,0.008835171303133629,0.9749491784348757,0.00015842706578044548
211,0.9749457883940413,0.006793688510800568,0.009424780067864498,0.00883574302729338,0.9749457883940413,0.00016529437970352445
212,0.9749422462927613,0.006794468383901448,0.0094269308435576,0.008836354479779608,0.9749422462927613,0.00017246992365209027
213,0.9749385452186007,0.006795267551253288,0.009429179296999065,0.008837007933146807,0.9749385452186007,0.00017996771445170643
214,0.974934677942516,0.006796086516617367,0.009431529760405663,0.008837705780460897,0.974934677942516,0.0001878024109710339
215,0.9749306369042833,0.006796925798698369,0.009433986755536432,0.008838450541481833,0.9749306369042833,0.0001959893436487614
216,0.9749264141972609,0.0067977859316552276,0.00943655500192619,0.008839244869157579,0.9749264141972609,0.00020454454537875962
217,0.9749220015524473,0.006798667465636099,0.009439239425472845,0.008840091556443518,0.9749220015524473,0.00021348478381538508
218,0.9749173903218061,0.006799570967329872,0.009442045167399203,0.00884099354346474,0.9749173903218061,0.00022282759516393472
219,0.9749125714608204,0.006800497020543477,0.009444977593597003,0.008841953925038887,0.9749125714608204,0.00023259131952397416
220,0.9749075355102489,0.006801446226797695,0.009448042304377798,0.008842975958575371,0.9749075355102489,0.0002427951378563572
221,0.9749022725770382,0.006802419205947818,0.00945124514464293,0.008844063072370956,0.9749022725770382,0.0002534591106478877
222,0.9748967723143567,0.006803416596829553,0.009454592214491872,0.008845218874321837,0.9748967723143567,0.00026460421835095417
223,0.9748910239007148,0.006804439057926624,0.009458089880287856,0.00884644716107057,0.9748910239007148,0.0002762524036787366
224,0.9748850160181195,0.006805487268069515,0.009461744786199858,0.008847751927610916,0.9748850160181195,0.00028842661584034616
225,0.9748787368292285,0.006806561927156064,0.009465563866241608,0.008849137377373594,0.9748787368292285,0.0003011508568038641
226,0.974872173953452,0.006807663756904818,0.009469554356828589,0.008850607932814294,0.974872173953452,0.00031445022967911717
227,0.9748653144419586,0.006808793501634664,0.009473723809873841,0.008852168246532597,0.9748653144419586,0.00032835098931621525
228,0.9748581447515337,0.006809951929077467,0.009478080106447328,0.008853823212941423,0.9748581447515337,0.0003428805952198142
229,0.9748506507172353,0.006811139831220512,0.009482631471021609,0.008855577980522283,0.9748506507172353,0.0003580677668837668
230,0.9748428175238018,0.006812358025183515,0.009487386486327623,0.00885743796468692,0.9748428175238018,0.0003739425416551112
231,0.9748346296757397,0.0068136073541293024,0.00949235410884851,0.008859408861282307,0.9748346296757397,0.00039053633524114835
232,0.9748260709660503,0.006814888688211163,0.0094975436849762,0.008861496660762252,0.9748260709660503,0.00040788200497841236
233,0.9748171244435172,0.0068162029255560575,0.0095029649678589,0.00886370766306776,0.9748171244435172,0.0004260139159872544
234,0.9748077723785002,0.006817550993288086,0.009508628134970007,0.008866048493241352,0.9748077723785002,0.0004449680103411711
235,0.9747979962271649,0.006818933848590844,0.00951454380642656,0.008868526117817539,0.9747979962271649,0.0004647818793855317
236,0.9747877765940725,0.006820352479812817,0.00952072306408946,0.008871147862025041,0.9747877765940725,0.0004854948393460318
237,0.9747770931930693,0.0068218079076155175,0.009527177471477681,0.008873921427837493,0.9747770931930693,0.0005071480103731535
238,0.974765924806383,0.006823301186166615,0.009533919094530158,0.008876854912919976,0.974765924806383,0.000529784399175074
239,0.9747542492418604,0.006824833404381266,0.00954096052325075,0.008879956830507397,0.9747542492418604,0.0005534489853978573
240,0.9747420432882514,0.0068264056872101506,0.00954831489427286,0.00888323613026526,0.9747420432882514,0.000578188811918276
241,0.9747292826684635,0.006828019196979785,0.009555995914379918,0.008886702220176587,0.9747292826684635,0.00060405307922163
242,0.9747159419906838,0.006829675134785364,0.009564017885022919,0.008890364989507791,0.9747159419906838,0.0006310932440437185
243,0.9747019946972868,0.006831374741936994,0.009572395727874345,0.008894234832901799,0.9747019946972868,0.0006593631224637536
244,0.9746874130114207,0.006833119301463096,0.009581145011462643,0.008898322675653346,0.9746874130114207,0.0006889189976422972
245,0.9746721678811716,0.006834910139674902,0.009590281978927584,0.008902640000225793,0.9746721678811716,0.0007198197324062348
246,0.9746562289212034,0.006836748627787069,0.009599823576944633,0.008907198874064699,0.9746562289212034,0.0007521268868907806
247,0.9746395643517569,0.006838636183606531,0.0096097874858647,0.008912011978771736,0.9746395643517569,0.0007859048414567929
248,0.9746221409348931,0.006840574273284197,0.00962019215111829,0.008917092640704036,0.9746221409348931,0.000821220925110224
249,0.9746039239078665,0.006842564413135374,0.009631056815932315,0.008922454863065601,0.9746039239078665,0.0008581455496593
250,0.974584876913492,0.006844608171531079,0.00964240155541513,0.008928113359561582,0.974584876913492,0.0008967523498540204
251,0.9745649619273891,0.0068467071708619605,0.009654247312060665,0.008934083589688049,0.9745649619273891,0.0009371183297616739
252,0.9745441391819555,0.006848863089578829,0.009666615932728549,0.008940381795736968,0.9745441391819555,0.000979324015641859
253,0.9745223670869374,0.006851077664309864,0.009679530207159717,0.008947025041592933,0.9745223670869374,0.0010234536155938176
254,0.9744996021464477,0.006853352692062027,0.009693013908082438,0.008954031253407688,0.9744996021464477,0.0010695951862589807
255,0.9744757988722809,0.006855690032503172,0.009707091832975755,0.008961419262239869,0.9744757988722809,0.0011178408068717046
256,0.9744509096933678,0.006858091610333804,0.00972178984754884,0.008969208848749497,0.9744509096933678,0.0011682867609613165
257,0.9744248848612049,0.006860559417746744,0.009737134931004204,0.00897742079004395,0.9744248848612049,0.0012210337260192584
258,0.9743976723510931,0.006863095516982029,0.00975315522315218,0.008986076908772723,0.9743976723510931,0.0012761869714553369
259,0.9743692177590033,0.006865702042975815,0.009769880073444122,0.00899520012457647,0.9743692177590033,0.0013338565651781758
260,0.974339464193899,0.00686838120611072,0.00978734009199682,0.009004814507993302,0.974339464193899,0.0013941575891453888
261,0.9743083521653125,0.006871135295065382,0.009805567202680172,0.009014945336941532,0.9743083521653125,0.0014572103642400012
262,0.9742758194659943,0.006873966679774788,0.009824594698345717,0.00902561915588501,0.9742758194659943,0.0015231406848405333
263,0.9742418010494228,0.00687687781449468,0.009844457298269505,0.009036863837812888,0.9742418010494228,0.0015920800634627828
264,0.9742062289019792,0.006879871240981268,0.00986519120788898,0.009048708649150378,0.9742062289019792,0.0016641659858622321
265,0.9741690319095561,0.006882949591787938,0.009886834180918803,0.009061184317736792,0.9741690319095561,0.0017395421769966688
266,0.974130135718397,0.006886115593678267,0.009909425583919778,0.009074323104004526,0.974130135718397,0.0018183588782587127
267,0.9740894625899242,0.006889372071164069,0.00993300646341278,0.009088158875498874,0.9740894625899242,0.0019007731363984675
268,0.9740469312493236,0.006892721950170083,0.009957619615619445,0.009102727184886682,0.9740469312493236,0.0019869491045662138
269,0.9740024567276538,0.00689616826182737,0.00998330965891682,0.009118065351601827,0.9740024567276538,0.0020770583559140215
270,0.9739559501972169,0.006899714146399747,0.010010123109093234,0.00913421254728985,0.9739559501972169,0.0021712802102047306
271,0.973907318799942,0.0069033628573514335,0.010038108457501175,0.009151209885205108,0.973907318799942,0.002269802073884343
272,0.9738564654685264,0.006907117765548815,0.01006731625218701,0.009169100513737755,0.9738564654685264,0.002372819794081519
273,0.973803288740056,0.006910982363611238,0.010097799182098388,0.009187929714234384,0.973803288740056,0.002480538027004563
274,0.9737476825618382,0.006914960270406151,0.010129612164456682,0.009207745003298786,0.9737476825618382,0.0025931706212113928
275,0.9736895360891641,0.006919055235697952,0.010162812435386314,0.009228596239751542,0.9736895360891641,0.002710941016232794
276,0.9736287334747198,0.0069232711449469225,0.010197459643893552,0.009250535736439318,0.9736287334747198,0.0028340826570317323
277,0.9735651536493538,0.006927612024268606,0.010233615949286286,0.009273618377091192,0.9735651536493538,0.002962839424783036
278,0.9734986700939022,0.006932082045552707,0.01027134612212621,0.009297901738418666,0.9734986700939022,0.003097466084457265
279,0.9734291506017891,0.006936685531742871,0.01031071764879962,0.00932344621766811,0.9734291506017891,0.0032382287496899747
280,0.9733564570320832,0.006941426962285742,0.010351800839798203,0.009350315165832698,0.9733564570320832,0.0033854053654129223
281,0.973280445052719,0.006946310978746075,0.010394668941791658,0.009378575026742893,0.973280445052719,0.0035392862087161503
282,0.9732009638735786,0.006951342390593233,0.010439398253576778,0.009408295482251116,0.9732009638735786,0.0037001744083996996
283,0.9731178559691208,0.0069565261811606605,0.010486068245980045,0.009439549603738138,0.9731178559691208,0.003868386483660102
284,0.9730309567902684,0.0069618675137791165,0.0105347616857877,0.009472414010164429,0.9730309567902684,0.004044252902339677
285,0.9729400944652364,0.00696737173808743,0.010585564763773524,0.009506969032902553,0.9729400944652364,0.0042281186591456715
286,0.9728450894890179,0.0069730443965193,0.010638567226885954,0.009543298887576806,0.9728450894890179,0.00442034387421999
287,0.9727457544012308,0.006978891230967292,0.010693862514649011,0.009581491853152841,0.9727457544012308,0.0046213044124107025
288,0.9726418934520363,0.006984918189627939,0.010751547899828375,0.00962164045850717,0.9726418934520363,0.004831392523559806
289,0.9725333022558674,0.00699113143402091,0.010811724633393176,0.0096638416767184,0.9725333022558674,0.005051017504080082
290,0.9724197674326897,0.006997537346188242,0.010874498093809519,0.009708197127312588,0.9724197674326897,0.005280606380045356
291,0.9723010662365607,0.00700414253606857,0.010939977940671707,0.009754813286698935,0.9723010662365607,0.005520604611962902
292,0.9721769661712502,0.007010953849044811,0.01100827827267758,0.009803801707027054,0.9721769661712502,0.005771476821332781
293,0.9720472245927124,0.0070179783736641875,0.011079517789931685,0.009855279243691607,0.9720472245927124,0.006033707539027204
294,0.9719115882982265,0.007025223449525918,0.011153819960541602,0.009909368291705892,0.9719115882982265,0.006307801975440943
295,0.9717697931020501,0.007032696675332145,0.011231313191461069,0.009966197031156445,0.9717697931020501,0.006594286812272491
296,0.9716215633974591,0.007040405917098021,0.011312131003499575,0.010025899681943158,0.9716215633974591,0.00689371101569234
297,0.9714666117050833,0.00704835931651441,0.011396412210408793,0.010088616767993346,0.9714666117050833,0.007206646670539836
298,0.9713046382074991,0.007056565299456923,0.011484301101915045,0.010154495391128667,0.9713046382074991,0.007533689835062727
299,0.9711353302700751,0.0070650325846316284,0.011575947630549597,0.010223689514743338,0.9711353302700751,0.007875461415570377
300,0.9709583619481312,0.0070737701923505175,0.011671507602087221,0.01029636025743102,0.9709583619481312,0.008232608060215455
301,0.9707733934805179,0.007082787453423916,0.01177114286937874,0.010372676196679318,0.9707733934805179,0.008605803070944698
302,0.9705800707698127,0.007092094018160603,0.011875021529308744,0.010452813682717771,0.9705800707698127,0.008995747332468764
303,0.9703780248493745,0.007101699865460162,0.011983318122586765,0.01053695716257848,0.9703780248493745,0.009403170256890987
304,0.9701668713376087,0.00711161531198601,0.012096213836014816,0.010625299514390394,0.9701668713376087,0.009828830742406019
305,0.9699462098798662,0.007121851021398841,0.012213896706841232,0.010718042391893497,0.9699462098798662,0.010273518144226798
306,0.969715623578514,0.00713241801363861,0.012336561828741828,0.010815396579105392,0.969715623578514,0.010738053255626495
307,0.9694746784118149,0.007143327674232956,0.01246441155892,0.010917582355032077,0.9694746784118149,0.011223289296682502
308,0.9692229226423894,0.007154591763608949,0.012597655725748865,0.011024829868252603,0.9692229226423894,0.011730112907988316
309,0.968959886216153,0.007166222426389912,0.012736511836312246,0.011137379521144625,0.968959886216153,0.012259445146248448
310,0.9686850801527729,0.007178232200652485,0.012881205283122863,0.011255482363451533,0.9686850801527729,0.012812242478294131
311,0.9683979959288496,0.007190634027115032,0.013031969549222974,0.011379400494812347,0.9683979959288496,0.01338949776965152
312,0.9680981048551949,0.007203441258233189,0.01318904641078053,0.011509407475791222,0.9680981048551949,0.013992241263356402
313,0.9677848574497719,0.007216667667169146,0.013352686136209218,0.011645788746849677,0.9677848574497719,0.014621541544241461
314,0.9674576828080531,0.007230327456607121,0.013523147680734945,0.011788842054604757,0.9674576828080531,0.015278506483421446
315,0.9671159879727796,0.007244435267379876,0.013700698875239614,0.011938877884600706,0.9671159879727796,0.015964284157167195
316,0.9667591573053359,0.007259006186869677,0.013885616608089329,0.01209621989970491,0.9667591573053359,0.016680063733793802
317,0.9663865518611978,0.007274055757150463,0.014078186998551376,0.012261205383100061,0.9663865518611978,0.017427076321585206
318,0.9659975087721872,0.00728959998283081,0.014278705560272654,0.012434185684709382,0.9659975087721872,0.01820659577014429
319,0.9655913406385476,0.0073056553385582,0.0144874773531658,0.012615526669728268,0.9655913406385476,0.019019939416888718
320,0.9651673349341625,0.007322238776143277,0.014704817121919015,0.012805609167775069,0.9651673349341625,0.01986846876971267
321,0.9647247534285478,0.007339367731262977,0.014931049419196202,0.013004829420992913,0.9647247534285478,0.020753590116102574
322,0.9642628316296062,0.007357060129698633,0.015166508711457125,0.013213599529237823,0.9642628316296062,0.02167675504823539
323,0.963780778251472,0.007375334393066176,0.01541153946516918,0.01343234789029258,0.963780778251472,0.022639460892800202
324,0.9632777747121586,0.007394209443991829,0.015666496211030022,0.013661519632819363,0.9632777747121586,0.023643251033475345
325,0.9627529746661122,0.007413704710692779,0.015931743583660264,0.013901577039534463,0.9627529746661122,0.024689715113163826
326,0.9622055035771713,0.00743384013091677,0.016207656334062057,0.014152999957849554,0.9622055035771713,0.025780489102249258
327,0.9616344583378656,0.0074546361551981345,0.016494619311976717,0.014416286194959334,0.9616344583378656,0.026917255218285016
328,0.9610389069414091,0.0074761137493889445,0.01679302741511077,0.014691951894091,0.9610389069414091,0.02810174168168192
329,0.9604178882131896,0.0074982943964277925,0.017103285502033216,0.014980531888348986,0.9604178882131896,0.029335722291121004
330,0.9597704116090113,0.007521200097304475,0.017425808265390162,0.0152825800282939,0.9597704116090113,0.030621015801597616
331,0.9590954570877837,0.007544853371192015,0.017761020061926442,0.015598669479097741,0.9590954570877837,0.03195948508721648
332,0.9583919750668297,0.007569277254712022,0.018109354695652616,0.015929392982805424,0.9583919750668297,0.03335303607011268
333,0.9576588864684078,0.007594495300313499,0.01847125515036059,0.016275363080917937,0.9576588864684078,0.03480361639618908
334,0.9568950828665017,0.007620531573739338,0.018847173267565465,0.016637212292193344,0.9568950828665017,0.036313213837753266
335,0.9560994267433499,0.00764741065057098,0.019237569365836104,0.017015593240242672,0.9560994267433499,0.037883854402623665
336,0.9552707518655791,0.007675157611846059,0.019642911797393976,0.017411178725180818,0.9552707518655791,0.039517600128875105
337,0.9544078637901906,0.007703798038750773,0.020063676437784592,0.017824661733273947,0.9544078637901906,0.04121654654413326
338,0.9535095405109736,0.0077333580063960435,0.020500346104394683,0.018256755378235293,0.9535095405109736,0.0429828197682291
339,0.9525745332562064,0.007763864076704116,0.020953409899571188,0.018708192767518145,0.9525745332562064,0.044818573238109276
340,0.9516015674487277,0.00779534329043367,0.021423362474137165,0.019179726786701386,0.9516015674487277,0.04672598403420165
341,0.9505893438396311,0.00782782315839174,0.02191070320716418,0.019672129794812886,0.9505893438396311,0.04870724878797918
342,0.9495365398269012,0.007861331651888044,0.022415935297981082,0.020186193223229298,0.9495365398269012,0.05076457915128478
343,0.9484418109702969,0.007895897192501923,0.02293956476657505,0.020722727070625956,0.9484418109702969,0.05290019680909861
344,0.9473037927136657,0.007931548641249524,0.02348209935876476,0.021282559286319832,0.9473037927136657,0.05511632801888833
345,0.9461211023256385,0.007968315287245991,0.024044047352824068,0.021866535034290906,0.9461211023256385,0.05741519766150416
346,0.9448923410692537,0.008006226835983664,0.02462591626459928,0.022475515830163148,0.9448923410692537,0.059799022790795395
347,0.9436160966105567,0.008045313397347164,0.025228211448602732,0.02311037854349321,0.9436160966105567,0.0622700056717713
348,0.9422909456755252,0.00808560547351436,0.025851434593081268,0.023772014257879136,0.9422909456755252,0.06483032630021891
349,0.9409154569637809,0.008127133946901502,0.026496082107676594,0.024461326981640902,0.9409154569637809,0.06748213440025336
350,0.9394881943265296,0.008169930068317274,0.027162643402972093,0.02517923220218072,0.9394881943265296,0.0702275409003402
351,0.9380077202148616,0.008214025445515862,0.02785159906202766,0.025926655277594746,0.9380077202148616,0.07306860889288327
352,0.9364725994031039,0.008259452032337865,0.02856341890487091,0.026704529659687348,0.9364725994031039,0.07600734408755139
353,0.9348814029901883,0.008306242118641186,0.02929855994790693,0.027513794943263423,0.9348814029901883,0.07904568477409811
354,0.9332327126800704,0.008354428321232456,0.030057464261272083,0.02835539473742483,0.9332327126800704,0.08218549131651093
355,0.9315251253400605,0.008404043576002634,0.030840556728336643,0.029230274355600033,0.9315251253400605,0.08542853520688644
356,0.9297572578335157,0.008455121131485218,0.03164824271281312,0.030139378322185648,0.9297572578335157,0.08877648771443485
357,0.9279277521206942,0.00850769454403155,0.03248090564027732,0.03108364769499673,0.9279277521206942,0.09223090817241532
358,0.926035280618698,0.008561797674805994,0.0333389045023223,0.032064017204173526,0.926035280618698,0.09579323195354901
359,0.9240785518083342,0.008617464688779043,0.034222571293055164,0.0330814122098313,0.9240785518083342,0.09946475819245502
360,0.9220563160724377,0.00867473005587811,0.035132208389181,0.0341367454825029,0.9220563160724377,0.10324663732183001
361,0.9199673717467318,0.008733628554432932,0.03606808588648565,0.035230913812349544,0.9199673717467318,0.1071398584973321
362,0.9178105713606757,0.008794195277019436,0.03703043890712694,0.03636479445517778,0.9178105713606757,0.11114523699430336
363,0.9155848280420467,0.00885646563876975,0.03801946489371182,0.037539241425471624,0.9155848280420467,0.11526340166745429
364,0.9132891220551899,0.008920475388166156,0.039035320907704195,0.03875508164893961,0.9132891220551899,0.11949478257226406
365,0.9109225074390702,0.008986260620296555,0.040078120951190996,0.040013110989441915,0.9109225074390702,0.12383959885396759
366,0.9084841187074849,0.009053857792485473,0.04114793333245067,0.041314090167578775,0.9084841187074849,0.12829784701643876
367,0.9059731775701171,0.009123303742156134,0.04224477809705475,0.04265874059067197,0.9059731775701171,0.13286928968882955
368,0.9033889996296058,0.009194635706711194,0.04336862454737738,0.044047740116305384,0.9033889996296058,0.1375534450123334
369,0.9007310010065276,0.009267891345155864,0.04451938887434027,0.04548171877397616,0.9007310010065276,0.14234957677269391
370,0.8979987048412266,0.009343108761104106,0.04569693192596542,0.04696125447170379,0.8979987048412266,0.14725668540591416
371,0.8951917476188581,0.009420326526746415,0.046901057137790636,0.04848686871660473,0.8951917476188581,0.15227350000485534
372,0.8923098852618884,0.009499583707272356,0.04813150865042032,0.050059022380418795,0.8923098852618884,0.15739847145290004
373,0.8893529989327399,0.009580919885175827,0.049387969639367015,0.05167811154271707,0.8893529989327399,0.1626297668074525
374,0.8863211004882924,0.009664375183797305,0.050670060881916945,0.05334446344599321,0.8863211004882924,0.1679652650506565
375,0.8832143375276871,0.009749990289395159,0.05197733958494037,0.055058332597977266,0.8832143375276871,0.17340255431725493
376,0.8800329979753222,0.009837806470982029,0.053309298496410466,0.05681989705728524,0.8800329979753222,0.17893893069996
377,0.8767775141421835,0.00992786559710614,0.05466536532183758,0.058629254938872624,0.8767775141421835,0.18457139872106051
378,0.8734484662107056,0.010020210148736726,0.056044902464888656,0.060486421175668846,0.8734484662107056,0.1902966735453075
379,0.8700465850912746,0.010114883227369979,0.05744720710915442,0.06239132457220086,0.8700465850912746,0.19611118499352045
380,0.8665727546022486,0.010211928557479023,0.058871511655339166,0.06434380518493295,0.8665727546022486,0.20201108339896678
381,0.8630280129299756,0.010311390482425435,0.06031698452513125,0.06634361206246762,0.8630280129299756,0.2079922473296338
382,0.8594135533307043,0.010413313952984988,0.061782731339682526,0.06839040137662813,0.8594135533307043,0.21405029317925256
383,0.8557307240424762,0.01051774450767467,0.06326779647701915,0.07048373497282966,0.8557307240424762,0.22018058660867718
384,0.8519810273819822,0.01062472824413347,0.06477116500888058,0.07262307936500371,0.8519810273819822,0.22637825579731666
385,0.8481661180088566,0.010734311780884548,0.06629176501350072,0.0748078051967579,0.8481661180088566,0.23263820644209454
386,0.8442878003479348,0.010846542208911642,0.06782847025673615,0.07703718718641715,0.8442878003479348,0.2389551384193499
387,0.8403480251683964,0.010961467032582939,0.06938010322982642,0.07931040456919408,0.8403480251683964,0.2453235640035218
388,0.8363488853274337,0.011079134099600143,0.07094543852795818,0.08162654204500766,0.8363488853274337,0.2517378275158899
389,0.8322926106948997,0.011199591519784011,0.07252320654981984,0.08398459123549623,0.8322926106948997,0.2581921262574007
390,0.8281815622841966,0.01132288757265791,0.07411209749451161,0.08638345264863358,0.8281815622841966,0.2646805325621814
391,0.8240182256233112,0.011449070603966105,0.07571076562860955,0.0888219381441129,0.8240182256233112,0.271197016793015
392,0.8198052034082149,0.011578188911411498,0.07731783379293258,0.09129877388744082,0.8198052034082149,0.2777354710872061
393,0.8155452074886952,0.011710290620080286,0.07893189811569093,0.09381260377553341,0.8155452074886952,0.2842897336511453
394,0.811241050243932,0.011845423548177728,0.08055153289625441,0.09636199331163564,0.811241050243932,0.2908536133947272
395,0.8068956354116337,0.01198363506385935,0.08217529562182231,0.09894543390268444,0.8068956354116337,0.2974209146927036
396,0.8025119484402019,0.012124971934099399,0.08380173207783118,0.10156134754786732,0.8025119484402019,0.3039854620591737
397,0.7980930464381133,0.01226948016666489,0.08542938151203551,0.10420809188318626,0.7980930464381133,0.310541124523729
398,0.7936420477983841,0.012417204846397323,0.08705678181184641,0.106883965543372,0.7936420477983841,0.31708183950316854
399,0.7891621215786147,0.01256818996710013,0.08868247465471785,0.10958721379956725,0.7891621215786147,0.3236016359711355
400,0.7846564767186063,0.012722478260417728,0.09030501059212322,0.11231603442885268,0.7846564767186063,0.3300946567391867
401,0.7801283511779544,0.012880111023155182,0.09192295402893674,0.11506858376995349,0.7801283511779544,0.33655517967652543
402,0.7755810010753224,0.01304112794452016,0.09353488806179924,0.11784298291835821,0.7755810010753224,0.34297763771153794
403,0.7710176899093358,0.013205566934791503,0.0951394191422673,0.1206373240136052,0.7710176899093358,0.3493566374760328
404,0.7664416779383084,0.013373463956902096,0.09673518153314994,0.1234496765716392,0.7664416779383084,0.35568697647234393
405,0.7618562117923017,0.013544852862397778,0.09832084152940719,0.12627809381589306,0.7618562117923017,0.36196365866374425
406,0.7572645143865476,0.013719765233177125,0.09989510141821037,0.12912061896206464,0.7572645143865476,0.3681819084096225
407,0.7526697752000188,0.013898230230340291,0.10145670315623197,0.13197529141340875,0.7526697752000188,0.37433718268810745
408,0.7480751409771005,0.014080274451384841,0.10300443174583591,0.13484015282567854,0.7480751409771005,0.38042518156993665
409,0.7434837069039942,0.014265921796878168,0.1045371182955293,0.13771325300359816,0.7434837069039942,0.3864418569279967
410,0.7388985083048084,0.014455193347608903,0.10605364275375367,0.1405926555938287,0.7388985083048084,0.3923834193867549
411,0.7343225128953638,0.014648107253088809,0.10755293630876533,0.14347644354278197,0.7343225128953638,0.39824634353447647
412,0.7297586136257102,0.014844678632139638,0.10903398345092827,0.14636272429122169,0.7297586136257102,0.40402737143841355
413,0.7252096221353271,0.015044919486143603,0.1104958236971783,0.1492496346813507,0.7252096221353271,0.40972351451888395
414,0.7206782628380478,0.015248838625398903,0.11193755298064112,0.1521353455559117,0.7206782628380478,0.41533205385210603
415,0.7161671676470451,0.015456441608865888,0.11335832471140657,0.1550180660326823,0.7161671676470451,0.42085053898380453
416,0.7116788713437913,0.015667730697451424,0.11475735051719392,0.1578960474415632,0.7116788713437913,0.42627678534578023
417,0.7072158075888728,0.01588270482083817,0.1161339006751099,0.1607675869151789,0.7072158075888728,0.4316088703759265
418,0.7027803055669156,0.016101359557730403,0.11748730424785965,0.16363103062749418,0.7027803055669156,0.4368451284485092
419,0.6983745872527576,0.01632368712927601,0.11881694893961785,0.16648477667834827,0.6983745872527576,0.4419841447260146
420,0.6940007652813962,0.016549676405300758,0.12012228068830882,0.169327277624994,0.6940007652813962,0.4470247480466027
421,0.6896608414001677,0.01677931292289994,0.12140280301226912,0.17215704266466303,0.6896608414001677,0.45196600296223155
422,0.6853567054781062,0.017012578916843216,0.1226580761301949,0.1749726394748554,0.6853567054781062,0.4568072010420704
423,0.6810901350444776,0.017249453361166907,0.12388771587391399,0.17777269572044124,0.6810901350444776,0.4615478515539627
424,0.6768627953260672,0.017489912021276054,0.1250913924138926,0.1805559002387639,0.6768627953260672,0.4661876716336386
425,0.6726762397509297,0.017733927515820255,0.12626882881750046,0.18332100391574963,0.6726762397509297,0.470726576047264
426,0.6685319108849325,0.017981469387576693,0.12741979945994494,0.18606682026754584,0.6685319108849325,0.47516466664792545
427,0.6644311417665301,0.018232504182539966,0.12854412830746917,0.18879222574346066,0.6644311417665301,0.479502221620929
428,0.66037515760475,0.01848699553641376,0.12964168709190188,0.1914961597669342,0.66037515760475,0.4837396846065198
429,0.6563650778053177,0.018744904267686303,0.13071239339499777,0.19417762453199816,0.6563650778053177,0.48787765378194425
430,0.6524019182901617,0.019006188476482277,0.13175620866021204,0.19683568457314374,0.6524019182901617,0.49191687097782766
431,0.6484865940761709,0.0192708036483944,0.13277313614865738,0.19946946612677716,0.6484865940761709,0.49585821089674653
432,0.644619922079982,0.01953870276251645,0.13376321885501524,0.20207815630248627,0.644619922079982,0.49970267049473127
433,0.6408026241167353,0.019809836402931952,0.134726537398118,0.20466100208221466,0.6408026241167353,0.5034513585794222
434,0.6370353300620742,0.020084152872939662,0.13566320789984035,0.20721730916514552,0.6370353300620742,0.5071054856716732
435,0.6333185811481794,0.02036159831133246,0.13657337986481852,0.2097464406756697,0.6333185811481794,0.510666354170765
436,0.6296528333662513,0.020642116810093206,0.1374572340723953,0.21224781575125995,0.6296528333662513,0.514135348857016
437,0.6260384609495986,0.02092565053290057,0.1383149804910729,0.21472090802642765,0.6260384609495986,0.5175139277595735
438,0.6224757599132438,0.021212139833894497,0.13914685622465556,0.21716524402820603,0.6224757599132438,0.5208036134115009
439,0.6189649516278027,0.02150152337618562,0.13995312349819616,0.21958040149781516,0.6189649516278027,0.5240059845090549
440,0.6155061864072051,0.021793738249641974,0.14073406769083358,0.2219660076523192,0.6155061864072051,0.5271226679872245
441,0.6120995470916377,0.022088720087532005,0.14148999542161006,0.2243217373992201,0.6120995470916377,0.5301553315191939
442,0.6087450526088807,0.02238640318163971,0.1422212326934405,0.22664731151603887,0.6087450526088807,0.5331056764434451
443,0.6054426614989337,0.022686720595519832,0.14292812309951164,0.22894249480603468,0.6054426614989337,0.5359754311186455
444,0.6021922753885085,0.02298960427559231,0.1436110260955759,0.23120709424032326,0.6021922753885085,0.5387663447033336
445,0.59899374240357,0.023294985159821122,0.14427031534084214,0.23344095709576676,0.59899374240357,0.5414801813546805
446,0.5958468605096318,0.023602793283755297,0.1449063771094643,0.2356439690971485,0.5958468605096318,0.5441187148382112
447,0.5927513807709532,0.02391295788374464,0.14551960877399245,0.23781605257130964,0.5927513807709532,0.5466837235383573
448,0.5897070105211409,0.02422540749718039,0.14611041736156619,0.23995716462011213,0.5897070105211409,0.5491769858580244
449,0.5867134164389183,0.02454007005963154,0.1466792181831163,0.2420672953183338,0.5867134164389183,0.5516002759939677
450,0.583770227523991,0.02485687299878315,0.14722643353536866,0.24414646594185704,0.583770227523991,0.5539553600736477
451,0.5808770379690231,0.025175743325106886,0.14775249147503752,0.2461947272308322,0.5808770379690231,0.5562439926384096
452,0.5780334099247162,0.02549660771921078,0.148257824664233,0.24821215769183988,0.5780334099247162,0.5584679134571862
453,0.5752388761558822,0.02581939261584475,0.1487428692857963,0.2501988619424767,0.5752388761558822,0.5606288446545078
454,0.5724929425872168,0.026144024284550895,0.14920806402701103,0.2521549691012211,0.5724929425872168,0.5627284881363785
455,0.5697950907382049,0.02647042890696433,0.1496538491299088,0.25408063122492175,0.5697950907382049,0.564768523297499
456,0.5671447800472392,0.02679853265078747,0.15008066550620447,0.25597602179576867,0.5671447800472392,0.5667506049933737
457,0.5645414500856117,0.027128261740471726,0.15048895391474534,0.257841334259171,0.5645414500856117,0.5686763617610342
458,0.5619845226625414,0.0274595425246506,0.15087915419923525,0.25967678061357263,0.5619845226625414,0.570547394272401
459,0.5594734038228422,0.02779230154037902,0.15125170458390721,0.26148259005287133,0.5594734038228422,0.5723652740046765
460,0.5570074857392157,0.028126465574239645,0.1516070410247549,0.2632590076617898,0.5570074857392157,0.5741315421126072
461,0.554586148501472,0.028461961720387546,0.1519455966138884,0.26500629316425184,0.554586148501472,0.575847708487955
462,0.552208761805261,0.0287987174356025,0.15226780103456497,0.26672471972457135,0.552208761805261,0.5775152509920729
463,0.5498746865431112,0.02913666059143219,0.15257408006443832,0.26841457280101816,0.5498746865431112,0.5791356148480555
464,0.5475832763007599,0.02947571952350327,0.15286485512458922,0.2700761490511474,0.5475832763007599,0.580710212179538
465,0.5453338787619031,0.029815823078085,0.15314054287192255,0.27170975528808916,0.5453338787619031,0.5822404216838513
466,0.5431258370245876,0.030156900655994585,0.15340155483256018,0.2733157074868574,0.5431258370245876,0.5837275884278565
467,0.5409584908325604,0.030498882253921077,0.15364829707390631,0.274894329839612,0.5409584908325604,0.5851730237554285
468,0.5388311777249211,0.03084169850326792,0.15388116991311898,0.2764459538586921,0.5388311777249211,0.5865780052961659
469,0.5367432341074566,0.031185280706586563,0.1541005676597889,0.2779709175261678,0.5367432341074566,0.5879437770655569
470,0.5346939962490361,0.03152956087169499,0.154306878390694,0.27946956448857463,0.5346939962490361,0.5892715496474024
471,0.5326828012064172,0.031874471743566425,0.1545004837545723,0.28094224329544387,0.5326828012064172,0.5905625004499148
472,0.5307089876807918,0.03221994683406627,0.15468175880493626,0.28238930668020545,0.5307089876807918,0.5918177740274725
473,0.5287718968093428,0.032565920449623,0.15485107185902994,0.28381111088200417,0.5287718968093428,0.5930384824605774
474,0.5268708728950223,0.03291232771691378,0.1550087843811069,0.28520801500695686,0.5268708728950223,0.5942257057870728
475,0.525005264077696,0.03325910460663898,0.15515525088829688,0.2865803804273679,0.525005264077696,0.5953804924782198
476,0.5231744229497086,0.033606187955466875,0.15529081887740487,0.2879285702174194,0.5231744229497086,0.5965038599536816
477,0.521377707118851,0.03395351548621828,0.15541582877106763,0.28925294862386286,0.521377707118851,0.5975967951299581
478,0.5196144797216109,0.03430102582636459,0.15553061388177566,0.2905538805702488,0.5196144797216109,0.5986602549972393
479,0.517884109889488,0.034648658524911016,0.1556355003923455,0.2918317311932553,0.517884109889488,0.5996951672200448
480,0.5161859731710736,0.03499635406772629,0.1557308073515044,0.2930868654096957,0.5161859731710736,0.6007024307574479
481,0.5145194519124688,0.03534405389139102,0.1558168466833239,0.2943196475128162,0.5145194519124688,0.6016829164989974
482,0.5128839355985367,0.03569170039562335,0.15589392320931258,0.2955304407965271,0.5128839355985367,0.6026374679128437
483,0.5112788211573678,0.0360392369543415,0.1559623346820494,0.296719607206241,0.5112788211573678,0.6035669017028655
484,0.5097035132302388,0.036386607925425404,0.1560223718293013,0.29788750701503414,0.5097035132302388,0.6044720084719102
485,0.5081574244092452,0.03673375865923153,0.15607431840764477,0.2990344985238784,0.5081574244092452,0.6053535533885341
486,0.5066399754446901,0.037080635505913694,0.15611845126466095,0.30016093778473507,0.5066399754446901,0.6062122768548999
487,0.5051505954242077,0.03742718582160531,0.15615504040884348,0.30126717834534333,0.5051505954242077,0.6070488951737186
488,0.5036887219255073,0.037773357973510474,0.15618434908641077,0.3023535710145714,0.5036887219255073,0.6078641012123559
489,0.5022538011445314,0.038119101343953465,0.15620663386426972,0.30342046364724506,0.5022538011445314,0.6086585650624279
490,0.5008452880007295,0.0384643663334341,0.15622214471842877,0.30446820094740745,0.5008452880007295,0.6094329346934103
491,0.49946264622105374,0.03880910436273141,0.15623112512721035,0.3054971242890044,0.49946264622105374,0.6101878365989368
492,0.4981053484042105,0.03915326787410125,0.1562338121686563,0.30650757155303193,0.4981053484042105,0.610923876434667
493,0.496772876066608,0.03949681033160782,0.15623043662156302,0.30749987698022097,0.496772876066608,0.6116416396467111
494,0.4954647196713655,0.03983968622062907,0.15622122306962946,0.30847437103837594,0.4954647196713655,0.6123416920897611
495,0.4941803786416687,0.04018185104657649,0.1562063900082357,0.3094313803035189,0.4941803786416687,0.6130245806341855
496,0.4929193613596938,0.040523261332863166,0.1561861499534079,0.3103712273540349,0.4929193613596938,0.6136908337614881
497,0.49168118515223647,0.040863874618158796,0.15616070955256176,0.3112942306770428,0.49168118515223647,0.6143409621475902
498,0.49046537626412656,0.04120364945296487,0.15613026969664884,0.31220070458625954,0.49046537626412656,0.6149754592335274
499,0.48927146982044345,0.04154254539554319,0.15609502563335734,0.31309095915065577,0.48927146982044345,0.6155948017832298
500,0.4880990097784798,0.04188052300723095,0.15605516708105407,0.3139653001332351,0.4880990097784798,0.6161994504281101
501,0.4869475488703501,0.04221754384716997,0.15601087834317467,0.314824028939305,0.4869475488703501,0.6167898501982816
502,0.48581664853708273,0.04255357046648583,0.15596233842279938,0.315667442573632,0.48581664853708273,0.617366431040282
503,0.4847058788549777,0.042888566401940255,0.15590972113716986,0.3164958336059121,0.4847058788549777,0.6179296083212166
504,0.4836148184549693,0.04322249616908702,0.15585319523193353,0.3173094901440099,0.4836148184549693,0.6184797833193183
505,0.4825430544356801,0.043555325254958095,0.15579292449490936,0.31810869581445217,0.4825430544356801,0.6190173437009318
506,0.4814901822708088,0.043887020110306284,0.15572906786919932,0.3188937297496854,0.4814901822708088,0.6195426639840065
507,0.48045580571145446,0.04421754814142893,0.1556617795654832,0.3196648665816332,0.48045580571145446,0.62005610598817
508,0.4794395366839357,0.044546877701596856,0.15559120917334957,0.32042237644111776,0.4794395366839357,0.6205580192715385
509,0.47844099518363,0.04487497808211201,0.1555175017715326,0.32116652496272524,0.47844099518363,0.6210487415544083
510,0.47745980916531633,0.04520181950301842,0.15544079803693872,0.32189757329472635,0.47745980916531633,0.6215285991300049
511,0.4764956144304771,0.04552737310348499,0.15536123435236038,0.3226157781136773,0.4764956144304771,0.6219979072625028
512,0.4755480545119789,0.04585161093188366,0.1552789429127836,0.3233213916433536,0.4755480545119789,0.6224569705725247
513,0.4746167805565238,0.046174505935583,0.1551940518302121,0.32401466167768084,0.4746167805565238,0.6229060834103588
514,0.47370145120523327,0.0464960319504778,0.15510668523693638,0.32469583160735244,0.47370145120523327,0.6233455302171349
515,0.4728017324727005,0.046816163690270717,0.15501696338718837,0.3253651404498403,0.4728017324727005,0.6237755858742204
516,0.4719172976248242,0.04713487673552946,0.15492500275713103,0.326022822882515,0.4719172976248242,0.6241965160410973
517,0.47104782705570997,0.04745214752253242,0.15483091614313763,0.3266691092786199,0.47104782705570997,0.6246085774819883
518,0.4701930081639031,0.04776795333192356,0.15473481275832848,0.32730422574584467,0.4701930081639031,0.62501201838151
519,0.4693525352282031,0.04808227227719193,0.1546367983273321,0.32792839416727265,0.4693525352282031,0.6254070786496345
520,0.46852610928328026,0.04839508329299082,0.15453697517925155,0.3285418322444774,0.46852610928328026,0.6257939902162315
521,0.4677134379953024,0.048706366123315095,0.1544354423388154,0.32914475354256684,0.4677134379953024,0.6261729773154805
522,0.4669142355377659,0.04901610130954881,0.15433229561570688,0.32973736753697824,0.4669142355377659,0.6265442567604322
523,0.46612822246769886,0.049324270178398355,0.15422762769205828,0.3303198796618444,0.46612822246769886,0.6269080382079963
524,0.46535512560240383,0.04963085482972694,0.1541215282081104,0.3308924913597586,0.46535512560240383,0.627264524414639
525,0.46459467789687686,0.049935838124300524,0.1540140838460415,0.3314554001327809,0.46459467789687686,0.6276139114830631
526,0.46384661832204316,0.05023920367146216,0.15390537841196308,0.33200879959453145,0.46384661832204316,0.6279563891001502
527,0.4631106917439235,0.050540935816742766,0.153795492916099,0.3325528795232346,0.4631106917439235,0.6282921407664221
528,0.4623866488038447,0.05084101962942523,0.1536845056511511,0.3330878259155789,0.4623866488038447,0.6286213440173014
529,0.4616742457997892,0.05113944089006885,0.1535724922688713,0.33361382104127046,0.4616742457997892,0.6289441706364205
530,0.46097324456897437,0.051436186078008886,0.15345952585485115,0.33413104349816536,0.46097324456897437,0.6292607868612452
531,0.46028341237173953,0.051731242358838074,0.15334567700154964,0.33463966826787256,0.46028341237173953,0.6295713535812568
532,0.4596045217768115,0.05202459757188541,0.15323101387957708,0.3351398667717259,0.4596045217768115,0.6298760265289396
533,0.45893635054801113,0.05231624021769683,0.15311560230725874,0.3356318069270331,0.45893635054801113,0.6301749564638188
534,0.4582786815324578,0.052606159445530924,0.1529995058184984,0.33611565320351267,0.4582786815324578,0.6304682893497771
535,0.45763130255031664,0.05289434504087565,0.15288278572896769,0.33659156667983986,0.45763130255031664,0.630756166525887
536,0.4569940062861342,0.05318078741299821,0.15276550120064578,0.3370597051002216,0.4569940062861342,0.6310387248709743
537,0.4563665901817951,0.053465477582533616,0.152647709304736,0.3375202229309351,0.4563665901817951,0.6313160969621314
538,0.4557488563311352,0.053748407169119224,0.15252946508298454,0.33797327141676087,0.4557488563311352,0.631588411227398
539,0.45514061137622996,0.054029568379086165,0.1524108216074312,0.33841899863725244,0.45514061137622996,0.6318557920928086
540,0.4545416664053841,0.05430895399321143,0.15229183003861924,0.33885754956278513,0.4545416664053841,0.6321183601240051
541,0.45395183685283724,0.05458655735453867,0.1521725396822914,0.3392890661103323,0.45395183685283724,0.6323762321626166
542,0.45337094240019793,0.054862372356274336,0.15205299804460343,0.3397136871989241,0.45337094240019793,0.6326295214575874
543,0.45279880687961344,0.05513639342976453,0.15193325088588278,0.3401315488047392,0.45279880687961344,0.6328783377916347
544,0.45223525817868265,0.05540861553255969,0.15181334227296187,0.34054278401579574,0.45223525817868265,0.6331227876030137
545,0.4516801281471148,0.055679034136571326,0.15169331463011487,0.3409475230861989,0.4516801281471148,0.6333629741027712
546,0.451133252505129,0.05594764521632543,0.15157320878862907,0.3413458934899163,0.451133252505129,0.6335989973876333
547,0.4505944707535966,0.05621444523731942,0.15145306403503786,0.3417380199740459,0.4505944707535966,0.6338309545487075
548,0.4500636260859172,0.05647943114448548,0.1513329181580462,0.34212402461155106,0.4500636260859172,0.6340589397761344
549,0.4495405653016213,0.056742600350765546,0.15121280749417718,0.34250402685343584,0.4495405653016213,0.6342830444598603
550,0.4490251387216908,0.0570039507258011,0.15109276697216767,0.34287814358034024,0.4490251387216908,0.6345033572866579
551,0.4485172001055817,0.05726348058474251,0.15097283015614485,0.3432464891535306,0.4485172001055817,0.6347199643335381
552,0.4480166065699428,0.05752118867717965,0.1508530292876065,0.3436091754652709,0.4480166065699428,0.6349329491576987
553,0.44752321850900617,0.05777707417620009,0.15073339532623883,0.34396631198855465,0.44752321850900617,0.6351423928831226
554,0.4470368995166424,0.05803113666757395,0.15061395798959645,0.3443180058261871,0.4470368995166424,0.6353483742839674
555,0.4465575163100541,0.05828337613907178,0.15049474579167293,0.3446643617592012,0.4465575163100541,0.6355509698648576
556,0.4460849386550986,0.05853379296991539,0.15037578608038757,0.3450054822945985,0.4460849386550986,0.6357502539381965
557,0.4456190392932115,0.05878238792036555,0.15025710507401782,0.3453414677124049,0.4456190392932115,0.6359462986986171
558,0.4451596938699176,0.05902916212144735,0.15013872789660077,0.34567241611203414,0.4451596938699176,0.6361391742946769
559,0.44470678086490184,0.059274117064816445,0.1500206786123311,0.34599842345795057,0.44470678086490184,0.636328948897894
560,0.4442601815236253,0.05951725459276672,0.14990298025898008,0.3463195836246277,0.4442601815236253,0.636515688769241
561,0.44381977979045667,0.05975857688838185,0.14978565488036247,0.3466359884407988,0.44381977979045667,0.6366994583231738
562,0.4433854622433039,0.059998086465831074,0.14966872355787136,0.3469477277329935,0.4433854622433039,0.6368803201893127
563,0.4429571180297146,0.0602357861608108,0.14955220644111114,0.3472548893683633,0.4429571180297146,0.6370583352718406
564,0.4425346388044293,0.06047167912113338,0.14943612277764684,0.34755755929679033,0.4425346388044293,0.6372335628067243
565,0.4421179186683579,0.06070576879746374,0.14932049094189545,0.3478558215922826,0.4421179186683579,0.6374060604168337
566,0.4417068541089598,0.06093805893420275,0.1492053284631819,0.3481497584936555,0.4417068541089598,0.637575884165038
567,0.4413013439419972,0.061168553560521255,0.1490906520529808,0.34843945044450053,0.4413013439419972,0.637743088605361
568,0.4409012892546462,0.061397256981541845,0.14897647763136668,0.34872497613244513,0.4409012892546462,0.6379077268322713
569,0.44050659334993175,0.06162417376967081,0.14886282035269285,0.3490064125277045,0.44050659334993175,0.6380698505281621
570,0.44011716169246856,0.061849308756078594,0.14874969463052087,0.3492838349209318,0.44011716169246856,0.6382295100091178
571,0.43973290185548136,0.06207266702232989,0.14863711416181985,0.34955731696036874,0.43973290185548136,0.6383867542690115
572,0.43935372346907936,0.06229425389216347,0.14852509195045557,0.3498269306883014,0.43935372346907936,0.6385416310220003
573,0.43897953816976154,0.06251407492341982,0.14841364032999,0.3500927465768284,0.43897953816976154,0.6386941867434877
574,0.43861025955112787,0.06273213590011804,0.14830277098580866,0.3503548335629452,0.43861025955112787,0.6388444667096052
575,0.4382458031157749,0.06294844282467982,0.14819249497659354,0.35061325908295166,0.4382458031157749,0.6389925150352737
576,0.4378860862283456,0.06316300191030261,0.14808282275516357,0.35086808910618794,0.4378860862283456,0.6391383747108909
577,0.4375310280697196,0.06337581957347665,0.1479737641886945,0.35111938816810906,0.4375310280697196,0.6392820876377128
578,0.4371805495923088,0.06358690242665059,0.14786532857834123,0.35136721940269905,0.4371805495923088,0.6394236946619587
579,0.4368345734764461,0.06379625727104027,0.14775752467827344,0.35161164457424005,0.4368345734764461,0.6395632356077097
580,0.4364930240878346,0.06400389108958258,0.14765036071414647,0.35185272410843615,0.4364930240878346,0.6397007493086273
581,0.4361558274360425,0.06420981104003191,0.14754384440101947,0.3520905171229059,0.4361558274360425,0.63983627363855
582,0.4358229111340157,0.06441402444819924,0.1474379829607373,0.35232508145704755,0.4358229111340157,0.6399698455410094
583,0.43549420435858915,0.06461653880133017,0.14733278313879214,0.3525564737012884,0.43549420435858915,0.6401015010577004
584,0.4351696378119715,0.06481736174162551,0.14722825122067948,0.3527847492257233,0.4351696378119715,0.6402312753559458
585,0.4348491436841876,0.06501650105989708,0.14712439304776023,0.35300996220815495,0.4348491436841876,0.6403592027552079
586,0.43453265561644916,0.06521396468936344,0.14702121403264792,0.35323216566153925,0.43453265561644916,0.6404853167526545
587,0.43422010866544203,0.06540976069957799,0.14691871917412822,0.35345141146085174,0.43422010866544203,0.6406096500478557
588,0.43391143926849907,0.06560389729049483,0.14681691307163064,0.3536677503693752,0.43391143926849907,0.6407322345665956
589,0.4336065852096499,0.06579638278666401,0.14671579993925996,0.35388123206442607,0.4336065852096499,0.6408531014838806
590,0.4333054855865158,0.06598722563155995,0.1466153836194032,0.35409190516252087,0.4333054855865158,0.640972281246136
591,0.4330080807780397,0.06617643438204023,0.14651566759592224,0.3542998172439978,0.4330080807780397,0.641089803592644
592,0.4327143124130263,0.06636401770292882,0.14641665500694553,0.3545050148770993,0.4327143124130263,0.6412056975762503
593,0.4324241233394754,0.06654998436173049,0.1463183486572701,0.3547075436415239,0.4324241233394754,0.6413199915833465
594,0.4321374575946902,0.06673434322346679,0.14622075103038348,0.3549074481514593,0.4321374575946902,0.641432713353189
595,0.43185426037614055,0.06691710324563593,0.14612386430012003,0.35510477207810326,0.43185426037614055,0.641543889996546
596,0.43157447801306476,0.06709827347329542,0.1460276903419578,0.3552995581716819,0.43157447801306476,0.6416535480137188
597,0.4312980579387921,0.06727786303426189,0.1459322307439705,0.35549184828297536,0.4312980579387921,0.6417617133119542
598,0.4310249486637689,0.0674558811344325,0.14583748681744052,0.35568168338435785,0.4310249486637689,0.6418684112222712
599,0.4307550997492696,0.06763233705321892,0.14574345960714818,0.3558691035903632,0.4307550997492696,0.6419736665157199
600,0.4304884617817788,0.06780724013909924,0.14565014990133962,0.3560541481777821,0.4304884617817788,0.6420775034191003
601,0.43022498634802714,0.06798059980527965,0.14555755824138994,0.3562368556053031,0.43022498634802714,0.6421799456301596
602,0.42996462601066293,0.06815242552547049,0.1454656849311649,0.35641726353270164,0.42996462601066293,0.6422810163322774
603,0.4297073342845472,0.0683227268297683,0.1453745300460933,0.35659540883959107,0.4297073342845472,0.6423807382086756
604,0.42945306561365615,0.06849151330064718,0.14528409344195653,0.3567713276437398,0.42945306561365615,0.642479133456155
605,0.4292017753485741,0.06865879456905653,0.14519437476340452,0.3569450553189648,0.4292017753485741,0.6425762237983829
606,0.42895341972456247,0.06882458031062064,0.14510537345220698,0.3571166265126096,0.42895341972456247,0.6426720304987439
607,0.4287079558401956,0.06898888024194229,0.14501708875524544,0.35728607516261646,0.4287079558401956,0.6427665743727804
608,0.42846534163654165,0.06915170411700593,0.14492951973225482,0.35745343451419753,0.42846534163654165,0.6428598758002196
609,0.42822553587688,0.06931306172367918,0.1448426652633237,0.357618737136117,0.42822553587688,0.6429519547366205
610,0.42798849812694134,0.06947296288031318,0.14475652405615602,0.35778201493658923,0.42798849812694134,0.6430428307246476
611,0.4277541887356546,0.06963141743243444,0.14467109465310782,0.35794329917880324,0.4277541887356546,0.6431325229049724
612,0.4275225688163919,0.06978843524953378,0.14458637543799593,0.3581026204960782,0.4275225688163919,0.643221050026842
613,0.4272936002286955,0.06994402622194427,0.14450236464269767,0.35826000890666243,0.4272936002286955,0.6433084304583061
614,0.4270672455604758,0.0700982002578106,0.14441906035353674,0.35841549382817667,0.4270672455604758,0.6433946821961154
615,0.4268434681106702,0.0702509672801458,0.14433646051746715,0.3585691040917165,0.4268434681106702,0.6434798228753187
616,0.42662223187234743,0.07040233722397465,0.14425456294806108,0.35872086795561653,0.42662223187234743,0.6435638697785546
617,0.42640350151624967,0.07055232003356166,0.14417336533130437,0.3588708131188842,0.42640350151624967,0.643646839845051
618,0.426187242374759,0.07070092565972211,0.14409286523120723,0.3590189667343115,0.426187242374759,0.6437287496793496
619,0.42597342042627806,0.07084816405721511,0.14401306009523443,0.35916535542127226,0.42597342042627806,0.6438096155597592
620,0.42576200228001443,0.0709940451822161,0.1439339472595606,0.3593100052782088,0.42576200228001443,0.6438894534465485
621,0.4255529551611586,0.07113857898986543,0.14385552395415707,0.35945294189481863,0.4255529551611586,0.6439682789898893
622,0.4253462468964438,0.07128177543189833,0.1437777873077129,0.35959419036394474,0.4253462468964438,0.6440461075375543
623,0.42514184590008075,0.07142364445434361,0.14370073435239714,0.35973377529317835,0.42514184590008075,0.6441229541423865
624,0.4249397211600542,0.07156419599530062,0.14362436202846648,0.3598717208161785,0.4249397211600542,0.6441988335695374
625,0.4247398422247748,0.07170343998278546,0.14354866718872142,0.3600080506037181,0.4247398422247748,0.6442737603034927
626,0.42454217919007614,0.07184138633264751,0.1434736466028185,0.3601427878744578,0.42454217919007614,0.6443477485548842
627,0.4243467026865466,0.0719780449465554,0.1433992969614398,0.36027595540545787,0.4243467026865466,0.6444208122670991
628,0.4241533838671903,0.07211342571004963,0.14332561488032583,0.3604075755424341,0.4241533838671903,0.6444929651226977
629,0.42396219439540445,0.0722475384906608,0.14325259690417494,0.36053767020975963,0.42396219439540445,0.6445642205496354
630,0.4237731064332694,0.0723803931360919,0.1431802395104151,0.36066626092022325,0.4237731064332694,0.6446345917273054
631,0.4235860926301398,0.07251199947246408,0.14310853911284838,0.3607933687845475,0.4235860926301398,0.6447040915924063
632,0.4234011261115312,0.07264236730262204,0.14303749206517513,0.3609190145206716,0.4234011261115312,0.6447727328446373
633,0.42321818046829124,0.07277150640450099,0.1429670946644014,0.36104321846280607,0.42321818046829124,0.6448405279522256
634,0.423037229746054,0.07289942652955163,0.14289734315412891,0.3611660005702652,0.423037229746054,0.6449074891573039
635,0.42285824843496145,0.07302613740122116,0.1428282337277387,0.3612873804360785,0.42285824843496145,0.6449736284811219
636,0.42268121145965365,0.07315164871349178,0.1427597625314629,0.3614073772953915,0.42268121145965365,0.6450389577291186
637,0.4225060941695142,0.07327597012947219,0.14269192566735564,0.3615260100336577,0.4225060941695142,0.6451034884958455
638,0.4223328723291686,0.07339911128004278,0.14262471919616074,0.3616432971946276,0.4223328723291686,0.6451672321697564
639,0.42216152210922575,0.07352108176255227,0.14255813914008228,0.36175925698813965,0.42216152210922575,0.6452301999378554
640,0.4219920200772559,0.07364189113956673,0.14249218148545997,0.36187390729771723,0.4219920200772559,0.6452924027902169
641,0.42182434318900575,0.07376154893766454,0.14242684218535234,0.36198726568797734,0.42182434318900575,0.6453538515243888
642,0.4216584687798318,0.07388006464628186,0.14236211716203043,0.36209934941185573,0.4216584687798318,0.6454145567496605
643,0.42149437455635935,0.07399744771660607,0.14229800230938414,0.36221017541765016,0.42149437455635935,0.6454745288912234
644,0.4213320385883511,0.07411370756051126,0.14223449349524642,0.36231976035589103,0.4213320385883511,0.6455337781942116
645,0.42117143930078627,0.07422885354954152,0.1421715865636337,0.36242812058603835,0.42117143930078627,0.6455923147276361
646,0.4210125554661415,0.07434289501393686,0.1421092773369083,0.36253527218301307,0.4210125554661415,0.645650148388212
647,0.420855366196869,0.07445584124169988,0.14204756161786486,0.36264123094356604,0.420855366196869,0.6457072889040802
648,0.4206998509380659,0.0745677014777064,0.14198643519174123,0.3627460123924863,0.4206998509380659,0.6457637458384318
649,0.4205459894603319,0.07467848492285378,0.1419258938281577,0.3628496317886563,0.4205459894603319,0.6458195285930336
650,0.42039376185280763,0.07478820073324995,0.1418659332829875,0.36295210413095486,0.42039376185280763,0.6458746464116625
651,0.42024314851639066,0.07489685801943917,0.14180654930015743,0.3630534441640126,0.42024314851639066,0.645929108383448
652,0.42009413015712316,0.07500446584566632,0.14174773761338547,0.36315366638382474,0.42009413015712316,0.645982923446125
653,0.4199466877797486,0.07511103322917562,0.14168949394785252,0.36325278504322295,0.4199466877797486,0.6460361003892057
654,0.4198008026814299,0.07521656913954652,0.1416318140218133,0.36335081415721004,0.4198008026814299,0.6460886478570647
655,0.4196564564456282,0.07532108249806138,0.14157469354814825,0.36344776750816216,0.4196564564456282,0.6461405743519475
656,0.4195136309361344,0.07542458217710726,0.14151812823585733,0.36354365865090094,0.4195136309361344,0.6461918882368987
657,0.4193723082912537,0.07552707699961143,0.14146211379149565,0.36363850091763905,0.4193723082912537,0.6462425977386181
658,0.4192324709181344,0.07562857573850619,0.14140664592055718,0.36373230742280194,0.4192324709181344,0.6462927109502441
659,0.41909410148724063,0.07572908711622471,0.14135172032880555,0.36382509106772887,0.41909410148724063,0.6463422358340627
660,0.41895718292696293,0.07582861980422749,0.14129733272355163,0.36391686454525773,0.41895718292696293,0.6463911802241511
661,0.41882169841836436,0.07592718242255653,0.14124347881488428,0.36400764034419464,0.41882169841836436,0.6464395518289549
662,0.4186876313900595,0.07602478353941759,0.14119015431685064,0.3640974307536722,0.4186876313900595,0.6464873582338035
663,0.41855496551321814,0.07612143167079045,0.1411373549485926,0.36418624786739856,0.41855496551321814,0.6465346069033555
664,0.4184236846966966,0.07621713528006488,0.14108507643543616,0.3642741035878021,0.4184236846966966,0.6465813051839918
665,0.4182937730822879,0.07631190277770222,0.14103331450993764,0.364361009630072,0.4182937730822879,0.6466274603061442
666,0.4181652150400924,0.07640574252092222,0.14098206491288803,0.3644469775260972,0.4181652150400924,0.6466730793865725
667,0.4180379951640003,0.0764986628134131,0.14093132339427705,0.3645320186283095,0.4180379951640003,0.6467181694305806
668,0.41791209826728876,0.0765906719050661,0.1408810857142154,0.36461614411342963,0.41791209826728876,0.6467627373341814
669,0.41778750937832504,0.07668177799173276,0.14083134764382135,0.3646993649861207,0.41778750937832504,0.6468067898862115
670,0.41766421373637813,0.0767719892150023,0.140782104966068,0.3647816920825514,0.41766421373637813,0.6468503337703929
671,0.41754219678753046,0.07686131366200345,0.14073335347659532,0.3648631360738705,0.41754219678753046,0.6468933755673443
672,0.4174214441806931,0.07694975936522394,0.1406850889844878,0.3649437074695951,0.4174214441806931,0.646935921756549
673,0.4173019417637149,0.07703733430235207,0.14063730731301788,0.3650234166209149,0.4173019417637149,0.6469779787182722
674,0.41718367557958996,0.07712404639613697,0.140590004300356,0.3651022737239169,0.41718367557958996,0.6470195527354363
675,0.41706663186275533,0.0772099035142673,0.14054317580025052,0.3651802888227267,0.41706663186275533,0.6470606499954488
676,0.4169507970354792,0.07729491346926863,0.14049681768267597,0.36525747181257595,0.4169507970354792,0.6471012765919913
677,0.416836157704337,0.07737908401841885,0.14045092583445146,0.3653338324427924,0.416836157704337,0.6471414385267681
678,0.4167227006567717,0.07746242286367953,0.14040549615983158,0.36540938031971704,0.4167227006567717,0.6471811417112079
679,0.41661041285773837,0.07754493765164455,0.14036052458106785,0.365484124909549,0.41661041285773837,0.6472203919681324
680,0.41649928144642845,0.07762663597350519,0.14031600703894462,0.3655580755411217,0.41649928144642845,0.6472591950333884
681,0.4163892937330724,0.07770752536502831,0.14027193949328892,0.3656312414086102,0.4163892937330724,0.6472975565574345
682,0.4162804371958195,0.07778761330655337,0.14022831792345444,0.36570363157417257,0.4162804371958195,0.6473354821069008
683,0.41617269947769187,0.07786690722299959,0.1401851383287808,0.36577525497052743,0.41617269947769187,0.6473729771661112
684,0.41606606838361027,0.0779454144838907,0.14014239672903148,0.3658461204034674,0.41606606838361027,0.6474100471385662
685,0.415960531877491,0.07802314240338992,0.14010008916480593,0.36591623655431305,0.415960531877491,0.6474466973484003
686,0.4158560780794109,0.07810009824035077,0.140058211697932,0.36598561198230606,0.4158560780794109,0.6474829330418044
687,0.41575269526283964,0.0781762891983793,0.1400167604118361,0.3660542551269448,0.41575269526283964,0.6475187593884127
688,0.41565037185193676,0.07825172242590614,0.13997573141189318,0.3661221743102639,0.41565037185193676,0.6475541814826682
689,0.4155490964189115,0.07832640501627568,0.13993512082575504,0.36618937773905746,0.4155490964189115,0.6475892043451471
690,0.41544885768144524,0.07840034400783985,0.1398949248036633,0.3662558735070513,0.41544885768144524,0.6476238329238653
691,0.41534964450017264,0.07847354638406759,0.13985513951873946,0.36632166959702,0.41534964450017264,0.6476580720955498
692,0.41525144587622154,0.07854601907366397,0.13981576116725916,0.36638677388285507,0.41525144587622154,0.647691926666883
693,0.41515425094881075,0.07861776895069617,0.13977678596890908,0.3664511941315839,0.41515425094881075,0.6477254013757267
694,0.41505804899290116,0.07868880283473378,0.13973821016702667,0.3665149380053383,0.41505804899290116,0.6477585008923081
695,0.41496282941690177,0.07875912749099492,0.13970003002882336,0.3665780130632799,0.41496282941690177,0.6477912298203965
696,0.41486858176042796,0.07882874963050286,0.13966224184559306,0.36664042676347586,0.41486858176042796,0.6478235926984379
697,0.414775295692112,0.07889767591025043,0.13962484193290386,0.36670218646473357,0.414775295692112,0.6478555940006825
698,0.4146829610074593,0.0789659129333738,0.1395878266307772,0.3667632994283895,0.4146829610074593,0.6478872381382714
699,0.41459156762675886,0.0790334672493329,0.1395511923038511,0.366823772820057,0.41459156762675886,0.6479185294603199
700,0.4145011055930344,0.07910034535410036,0.13951493534153117,0.3668836137113337,0.4145011055930344,0.6479494722549574
701,0.41441156507004734,0.07916655369035724,0.13947905215812745,0.3669428290814678,0.41441156507004734,0.6479800707503657
702,0.41432293634033907,0.07923209864769612,0.13944353919297875,0.3670014258189859,0.41432293634033907,0.6480103291157808
703,0.41423520980332046,0.07929698656283035,0.13940839291056567,0.3670594107232833,0.41423520980332046,0.6480402514624817
704,0.414148375973402,0.07936122371981061,0.1393736098006108,0.3671167905061763,0.414148375973402,0.6480698418447581
705,0.41406242547816535,0.07942481635024627,0.1393391863781675,0.36717357179342086,0.41406242547816535,0.6480991042608584
706,0.4139773490565746,0.07948777063353395,0.13930511918369834,0.36722976112619293,0.4139773490565746,0.6481280426539138
707,0.4138931375572275,0.07955009269709107,0.13927140478314284,0.3672853649625382,0.4138931375572275,0.6481566609128531
708,0.4138097819366444,0.0796117886165944,0.13923803976797466,0.3673403896787864,0.4138097819366444,0.6481849628732914
709,0.4137272732575932,0.07967286441622426,0.13920502075524865,0.36739484157093383,0.4137272732575932,0.648212952318404
710,0.4136456026874515,0.07973332606891334,0.13917234438764028,0.3674487268559947,0.4136456026874515,0.6482406329797803
711,0.41356476149660437,0.07979317949660046,0.1391400073334731,0.367502051673322,0.41356476149660437,0.6482680085382668
712,0.4134847410568737,0.07985243057048778,0.13910800628673978,0.3675548220858985,0.4134847410568737,0.6482950826247872
713,0.41340553283998493,0.07991108511130343,0.13907633796711338,0.3676070440815981,0.41340553283998493,0.64832185882115
714,0.41332712841606173,0.07996914888956728,0.1390449991199515,0.3676587235744193,0.41332712841606173,0.6483483406608362
715,0.41324951945215616,0.08002662762586044,0.13901398651629132,0.3677098664056921,0.41324951945215616,0.6483745316297806
716,0.41317269771080717,0.08008352699109836,0.13898329695283848,0.3677604783452558,0.41317269771080717,0.6484004351671255
717,0.41309665504863036,0.08013985260680796,0.13895292725194794,0.36781056509261356,0.41309665504863036,0.6484260546659709
718,0.4130213834149359,0.08019561004540769,0.13892287426159738,0.3678601322780588,0.4130213834149359,0.648451393474102
719,0.4129468748503761,0.08025080483048863,0.13889313485535554,0.3679091854637795,0.4129468748503761,0.6484764548947088
720,0.4128731214856201,0.08030544243710168,0.13886370593234257,0.3679577301449354,0.4128731214856201,0.6485012421870908
721,0.41280011554005536,0.0803595282920449,0.13883458441718516,0.3680057717507144,0.41280011554005536,0.6485257585673421
722,0.4127278493205158,0.08041306777415452,0.13880576725996469,0.3680533156453648,0.4127278493205158,0.6485500072090333
723,0.4126563152200358,0.08046606621459729,0.1387772514361613,0.3681003671292054,0.4126563152200358,0.6485739912438735
724,0.4125855057166288,0.08051852889716554,0.13874903394659113,0.3681469314396142,0.4125855057166288,0.6485977137623611
725,0.41251541337209097,0.08057046105857474,0.138721111817339,0.3681930137519952,0.41251541337209097,0.6486211778144273
726,0.4124460308308269,0.08062186788876131,0.1386934820996858,0.3682386191807257,0.4124460308308269,0.648644386410058
727,0.41237735081870097,0.08067275453118458,0.1386661418700314,0.36828375278008285,0.41237735081870097,0.6486673425199133
728,0.41230936614190916,0.080723126083127,0.13863908822981294,0.36832841954515066,0.41230936614190916,0.6486900490759322
729,0.4122420696858745,0.080772987595999,0.13861231830541781,0.3683726244127084,0.4122420696858745,0.6487125089719239
730,0.4121754544141618,0.0808223440756432,0.1385858292480948,0.36841637226209994,0.4121754544141618,0.6487347250641502
731,0.4121095133674163,0.08087120048264003,0.13855961823385748,0.368459667916086,0.4121095133674163,0.6487567001719017
732,0.41204423966231946,0.08091956173261546,0.13853368246338815,0.36850251614167695,0.41204423966231946,0.6487784370780518
733,0.411979626490567,0.08096743269654777,0.13850801916193448,0.3685449216509506,0.411979626490567,0.6487999385296117
734,0.4119156671178658,0.08101481820107714,0.13848262557920477,0.3685868891018521,0.4119156671178658,0.6488212072382749
735,0.41185235488294886,0.08106172302881437,0.1384574989892589,0.3686284230989777,0.41185235488294886,0.6488422458809402
736,0.4117896831966097,0.08110815191865058,0.13843263669039718,0.36866952819434246,0.4117896831966097,0.6488630571002412
737,0.41172764554075364,0.08115410956606857,0.13840803600504412,0.3687102088881335,0.41172764554075364,0.6488836435050547
738,0.41166623546746783,0.08119960062345308,0.13838369427963224,0.36875046962944663,0.41166623546746783,0.6489040076710039
739,0.4116054465981077,0.08124462970040147,0.13835960888448084,0.3687903148170098,0.4116054465981077,0.6489241521409537
740,0.4115452726223999,0.08128920136403547,0.13833577721367277,0.3688297487998916,0.4115452726223999,0.6489440794254967
741,0.41148570729756295,0.08133332013931202,0.1383121966849295,0.36886877587819544,0.41148570729756295,0.6489637920034299
742,0.41142674444744065,0.0813769905093355,0.13828886473948318,0.3689074003037405,0.41142674444744065,0.6489832923222199
743,0.41136837796165454,0.08142021691566863,0.1382657788419469,0.3689456262807298,0.41136837796165454,0.6490025827984676
744,0.4113106017947697,0.08146300375864318,0.13824293648018177,0.368983457966405,0.4113106017947697,0.6490216658183581
745,0.41125340996547516,0.08150535539767155,0.13822033516516438,0.36902089947168853,0.41125340996547516,0.6490405437381057
746,0.4111967965557794,0.08154727615155735,0.13819797243084994,0.36905795486181314,0.4111967965557794,0.6490592188843898
747,0.41114075571021913,0.08158877029880528,0.13817584583403517,0.36909462815694016,0.41114075571021913,0.649077693554784
748,0.4110852816350828,0.08162984207793156,0.13815395295421884,0.3691309233327667,0.4110852816350828,0.6490959700181776
749,0.4110303685976465,0.08167049568777253,0.13813229139346192,0.36916684432111896,0.4110303685976465,0.6491140505151908
750,0.4109760109254239,0.0817107352877943,0.13811085877624465,0.3692023950105369,0.4109760109254239,0.64913193725858
751,0.4109222030054282,0.08175056499840015,0.13808965274932386,0.36923757924684764,0.4109222030054282,0.649149632433641
752,0.41086893928344664,0.08178998890123831,0.13806867098158745,0.3692724008337272,0.41086893928344664,0.6491671381985988
753,0.41081621426332765,0.08182901103950911,0.1380479111639102,0.3693068635332529,0.41081621426332765,0.6491844566849969
754,0.4107640225062789,0.08186763541827007,0.13802737100900545,0.36934097106644537,0.4107640225062789,0.649201589998075
755,0.4107123586301791,0.08190586600474106,0.13800704825127819,0.3693747271138013,0.4107123586301791,0.6492185402171466
756,0.4106612173088983,0.08194370672860937,0.1379869406466764,0.3694081353158157,0.4106612173088983,0.6492353093959624
757,0.41061059327163196,0.08198116148233145,0.1379670459725411,0.3694411992734952,0.41061059327163196,0.6492518995630734
758,0.41056048130224315,0.08201823412143652,0.13794736202745705,0.3694739225488631,0.41056048130224315,0.6492683127221859
759,0.41051087623861765,0.08205492846482683,0.13792788663110156,0.36950630866545375,0.41051087623861765,0.64928455085251
760,0.41046177297202924,0.08209124829507809,0.13790861762409246,0.3695383611088,0.41046177297202924,0.6493006159091045
761,0.41041316644651266,0.0821271973587381,0.13788955286783725,0.36957008332691205,0.41041316644651266,0.6493165098232144
762,0.41036505165824955,0.08216277936662524,0.13787069024438,0.369601478730745,0.41036505165824955,0.6493322345026002
763,0.41031742365496254,0.08219799799412379,0.1378520276562491,0.3696325506946645,0.41031742365496254,0.6493477918318693
764,0.4102702775353185,0.08223285688148044,0.13783356302630348,0.36966330255689744,0.4102702775353185,0.6493631836727931
765,0.4102236084483413,0.08226735963409787,0.1378152942975802,0.3696937376199804,0.4102236084483413,0.6493784118646261
766,0.4101774115928349,0.0823015098228273,0.1377972194331398,0.36972385915119776,0.4101774115928349,0.6493934782244141
767,0.41013168221681284,0.08233531098425999,0.13777933641591347,0.3697536703830134,0.41013168221681284,0.6494083845473024
768,0.41008641561693865,0.08236876662101772,0.13776164324854873,0.36978317451349463,0.41008641561693865,0.649423132606836
769,0.4100416071379729,0.08240188020204063,0.1377441379532558,0.36981237470673056,0.4100416071379729,0.6494377241552535
770,0.40999725217223004,0.08243465516287561,0.13772681857165306,0.3698412740932411,0.40999725217223004,0.6494521609237804
771,0.40995334615904294,0.08246709490596037,0.13770968316461374,0.3698698757703828,0.40995334615904294,0.649466444622918
772,0.40990988458423366,0.0824992028009091,0.13769272981211264,0.3698981828027443,0.40990988458423366,0.6494805769427177
773,0.40986686297959507,0.08253098218479535,0.1376759566130707,0.36992619822253864,0.40986686297959507,0.6494945595530675
774,0.4098242769223773,0.08256243636243205,0.13765936168520349,0.36995392502998714,0.4098242769223773,0.6495083941039573
775,0.4097821220347827,0.08259356860665266,0.1376429431648664,0.369981366193698,0.4097821220347827,0.649522082225753
776,0.40974039398346895,0.08262438215858794,0.13762669920690268,0.3700085246510402,0.40974039398346895,0.6495356255294584
777,0.4096990884790571,0.08265488022794437,0.1376106279844897,0.37003540330850865,0.4096990884790571,0.6495490256069747
778,0.40965820127564917,0.0826850659932775,0.13759472768898698,0.37006200504208614,0.40965820127564917,0.6495622840313577
779,0.4096177281703505,0.08271494260226558,0.13757899652978425,0.3700883326975995,0.4096177281703505,0.6495754023570719
780,0.4095776650027997,0.08274451317198295,0.1375634327341489,0.3701143890910685,0.4095776650027997,0.6495883821202333
781,0.4095380076547047,0.08277378078916801,0.13754803454707568,0.37014017700905155,0.4095380076547047,0.6496012248388584
782,0.40949875204938624,0.08280274851049309,0.13753280023113515,0.3701656992089853,0.40949875204938624,0.6496139320131025
783,0.40945989415132683,0.08283141936283121,0.13751772806632356,0.3701909584195183,0.40945989415132683,0.6496265051254968
784,0.409421429965725,0.08285979634352071,0.1375028163499126,0.37021595734084156,0.409421429965725,0.6496389456411806
785,0.4093833555380582,0.08288788242062868,0.13748806339630004,0.37024069864501274,0.4093833555380582,0.6496512550081334
786,0.40934566695364866,0.0829156805332137,0.1374734675368614,0.37026518497627603,0.40934566695364866,0.6496634346573968
787,0.409308360337237,0.0829431935915848,0.13745902711980093,0.370289418951377,0.409308360337237,0.6496754860032996
788,0.40927143185256076,0.0829704244775606,0.1374447405100048,0.3703134031598738,0.40927143185256076,0.6496874104436756
789,0.40923487770193845,0.08299737604472536,0.13743060608889296,0.370337140164443,0.40923487770193845,0.6496992093600804
790,0.40919869412586024,0.0830240511186848,0.13741662225427345,0.37036063250118134,0.40919869412586024,0.6497108841180023
791,0.409162877402582,0.08305045249731817,0.13740278742019674,0.370383882679903,0.409162877402582,0.6497224360670717
792,0.409127423847726,0.0830765829510309,0.13738910001680993,0.3704068931844329,0.409127423847726,0.649733866541268
793,0.4090923298138871,0.08310244522300293,0.13737555849021307,0.3704296664728967,0.4090923298138871,0.649745176859122
794,0.4090575916902423,0.08312804202943867,0.13736216130231513,0.37045220497800374,0.4090575916902423,0.6497563683239136
795,0.4090232059021673,0.08315337605981073,0.13734890693069096,0.37047451110733076,0.4090232059021673,0.6497674422238724
796,0.4089891689108568,0.0831784499771067,0.13733579386843925,0.37049658724359724,0.4089891689108568,0.649778399832369
797,0.40895547721294906,0.08320326641807044,0.13732282062404097,0.3705184357449395,0.40895547721294906,0.6497892424081049
798,0.4089221273401567,0.08322782799344401,0.13730998572121886,0.37054005894518033,0.4089221273401567,0.6497999711953026
799,0.40888911585890153,0.08325213728820617,0.13729728769879695,0.3705614591540953,0.40888911585890153,0.6498105874238911
800,0.40885643936995225,0.08327619686180998,0.13728472511056283,0.3705826386576747,0.40885643936995225,0.6498210923096853
801,0.4088240945080704,0.083300009248419,0.13727229652512707,0.3706035997183835,0.4088240945080704,0.6498314870545712
802,0.4087920779416557,0.08332357695714063,0.13726000052578838,0.37062434457541527,0.4087920779416557,0.6498417728466747
803,0.40876038637240053,0.08334690247225854,0.13724783571039487,0.37064487544494573,0.40876038637240053,0.649851950860546
804,0.4087290165349456,0.08336998825346403,0.13723580069120916,0.3706651945203812,0.4087290165349456,0.6498620222573247
805,0.40869796519653995,0.08339283673608287,0.13722389409477315,0.3706853039726038,0.40869796519653995,0.6498719881849104
806,0.40866722915670706,0.08341545033130403,0.13721211456177448,0.3707052059502143,0.40866722915670706,0.6498818497781312
807,0.4086368052469129,0.08343783142640351,0.1372004607469125,0.3707249025797709,0.4086368052469129,0.6498916081589086
808,0.40860669033023833,0.08345998238496924,0.13718893131876622,0.3707443959660261,0.40860669033023833,0.6499012644364156
809,0.40857688130105596,0.08348190554712161,0.13717752495966307,0.3707636881921592,0.40857688130105596,0.6499108197072407
810,0.40854737508471156,0.08350360322973388,0.1371662403655474,0.3707827813200069,0.40854737508471156,0.649920275055546
811,0.40851816863720664,0.08352507772665045,0.1371550762458523,0.3708016773902904,0.40851816863720664,0.6499296315532173
812,0.4084892589448868,0.08354633130890368,0.13714403132336936,0.3708203784228401,0.4084892589448868,0.6499388902600225
813,0.40846064302413393,0.08356736622492827,0.13713310433412107,0.3708388864168167,0.40846064302413393,0.6499480522237571
814,0.40843231792106016,0.0835881847007744,0.13712229402723436,0.37085720335093086,0.40843231792106016,0.6499571184803994
815,0.40840428071120743,0.08360878894031963,0.1371115991648141,0.3708753311836586,0.40840428071120743,0.6499660900542494
816,0.40837652849924877,0.08362918112547771,0.13710101852181755,0.3708932718534557,0.40837652849924877,0.6499749679580809
817,0.40834905841869396,0.08364936341640757,0.1370905508859309,0.37091102727896746,0.40834905841869396,0.649983753193277
818,0.4083218676315984,0.08366933795171835,0.13708019505744515,0.37092859935923794,0.4083218676315984,0.6499924467499736
819,0.40829495332827515,0.08368910684867525,0.13706994984913368,0.3709459899739159,0.40829495332827515,0.6500010496072002
820,0.4082683127270093,0.08370867220340182,0.1370598140861316,0.37096320098345714,0.4082683127270093,0.6500095627330094
821,0.40824194307377837,0.08372803609108097,0.13704978660581393,0.3709802342293264,0.40824194307377837,0.650017987084619
822,0.4082158416419723,0.08374720056615521,0.1370398662576768,0.3709970915341955,0.4082158416419723,0.6500263236085408
823,0.40819000573211844,0.0837661676625238,0.13703005190321857,0.37101377470213903,0.40819000573211844,0.6500345732407093
824,0.40816443267161,0.08378493939373943,0.13702034241582126,0.37103028551882894,0.40816443267161,0.6500427369066151
825,0.40813911981443635,0.08380351775320284,0.13701073668063468,0.3710466257517258,0.40813911981443635,0.6500508155214295
826,0.4081140645409166,0.08382190471435574,0.1370012335944598,0.3710627971502676,0.4081140645409166,0.650058809990129
827,0.40808926425743647,0.08384010223087177,0.13699183206563398,0.37107880144605765,0.40808926425743647,0.6500667212076208
828,0.4080647163961879,0.08385811223684668,0.13698253101391644,0.37109464035304873,0.4080647163961879,0.650074550058864
829,0.4080404184149116,0.08387593664698635,0.13697332937037562,0.37111031556772617,0.4080404184149116,0.6500822974189908
830,0.4080163677966416,0.0838935773567926,0.13696422607727668,0.3711258287692889,0.4080163677966416,0.6500899641534206
831,0.4079925620494534,0.08391103624274895,0.13695522008797006,0.37114118161982745,0.4079925620494534,0.6500975511179847
832,0.40796899870621467,0.08392831516250393,0.1369463103667808,0.3711563757645005,0.40796899870621467,0.6501050591590334
833,0.40794567532433895,0.08394541595505153,0.13693749588889922,0.37117141283171,0.40794567532433895,0.6501124891135561
834,0.4079225894855404,0.08396234044091298,0.13692877564027325,0.3711862944332732,0.4079225894855404,0.650119841809289
835,0.4078997387955936,0.08397909042231434,0.1369201486174986,0.3712010221645931,0.4078997387955936,0.6501271180648286
836,0.40787712088409417,0.08399566768336322,0.13691161382771433,0.3712155976048282,0.40787712088409417,0.6501343186897409
837,0.4078547334042218,0.08401207399022509,0.13690317028849533,0.37123002231705743,0.4078547334042218,0.6501414444846658
838,0.4078325740325075,0.0840283110912971,0.13689481702774803,0.37124429784844726,0.4078325740325075,0.6501484962414283
839,0.4078106404686011,0.0840443807173793,0.13688655308360642,0.37125842573041296,0.4078106404686011,0.6501554747431375
840,0.40778893043504244,0.08406028458184765,0.13687837750432874,0.371272407478781,0.40778893043504244,0.6501623807642959
841,0.4077674416770358,0.08407602438082096,0.1368702893481949,0.3712862445939481,0.4077674416770358,0.6501692150708968
842,0.4077461719622244,0.08409160179333044,0.1368622876834058,0.37129993856103904,0.4077461719622244,0.6501759784205279
843,0.4077251190804689,0.08410701848148579,0.13685437158798247,0.3713134908500629,0.4077251190804689,0.6501826715624692
844,0.40770428084362786,0.08412227609063931,0.13684654014966605,0.37132690291606657,0.40770428084362786,0.6501892952377899
845,0.4076836550853406,0.08413737624955024,0.1368387924658202,0.3713401761992886,0.4076836550853406,0.6501958501794488
846,0.4076632396608121,0.08415232057054635,0.13683112764333216,0.3713533121253093,0.4076632396608121,0.650202337112384
847,0.40764303244659944,0.08416711064968393,0.1368235447985163,0.3713663121052002,0.40764303244659944,0.6502087567536136
848,0.4076230313404018,0.08418174806690805,0.1368160430570185,0.37137917753567157,0.4076230313404018,0.6502151098123219
849,0.40760323426085193,0.08419623438620884,0.13680862155371984,0.3713919097992193,0.40760323426085193,0.6502213969899574
850,0.4075836391473093,0.08421057115577851,0.13680127943264328,0.37140451026426885,0.4075836391473093,0.6502276189803186
851,0.4075642439596564,0.08422475990816627,0.13679401584685957,0.3714169802853178,0.4075642439596564,0.6502337764696448
852,0.4075450466780957,0.0842388021604311,0.13678682995839497,0.3714293212030781,0.4075450466780957,0.650239870136704
853,0.4075260453029505,0.08425269941429374,0.13677972093813934,0.3714415343446164,0.4075260453029505,0.6502459006528817
854,0.407507237854466,0.08426645315628799,0.1367726879657549,0.3714536210234909,0.407507237854466,0.6502518686822634
855,0.407488622372614,0.08428006485790922,0.13676573022958705,0.3714655825398895,0.407488622372614,0.6502577748817221
856,0.40747019691689745,0.0842935359757629,0.1367588469265739,0.3714774201807655,0.40747019691689745,0.6502636199009996
857,0.4074519595661597,0.08430686795171043,0.13675203726215845,0.3714891352199711,0.4074519595661597,0.650269404382791
858,0.4074339084183931,0.08432006221301452,0.13674530045020147,0.37150072891839053,0.4074339084183931,0.6502751289628261
859,0.40741604159055167,0.08433312017248344,0.13673863571289374,0.3715122025240709,0.40741604159055167,0.6502807942699476
860,0.4073983572183638,0.08434604322861289,0.13673204228067062,0.3715235572723525,0.4073983572183638,0.6502864009261919
861,0.40738085345614794,0.08435883276572752,0.13672551939212702,0.3715347943859972,0.40738085345614794,0.6502919495468688
862,0.40736352847663054,0.08437149015412071,0.13671906629393266,0.37154591507531587,0.40736352847663054,0.6502974407406363
863,0.4073463804707636,0.08438401675019369,0.1367126822407487,0.37155692053829376,0.4073463804707636,0.650302875109579
864,0.40732940764754716,0.08439641389659162,0.13670636649514517,0.37156781196071587,0.40732940764754716,0.6503082532492812
865,0.40731260823385107,0.0844086829223409,0.13670011832751836,0.3715785905162896,0.40731260823385107,0.6503135757489038
866,0.4072959804742391,0.08442082514298331,0.1366939370160107,0.3715892573667667,0.4072959804742391,0.6503188431912565
867,0.40727952263079653,0.0844328418607091,0.13668782184642936,0.37159981366206485,0.40727952263079653,0.6503240561528711
868,0.4072632329829566,0.08444473436449072,0.1366817721121665,0.37161026054038593,0.4072632329829566,0.6503292152040703
869,0.40724710982733076,0.08445650393021133,0.13667578711412223,0.37162059912833545,0.40724710982733076,0.6503343209090434
870,0.4072311514775396,0.08446815182079802,0.1366698661606238,0.37163083054103846,0.4072311514775396,0.6503393738259126
871,0.40721535626404637,0.08447967928634667,0.13666400856735006,0.37164095588225693,0.40721535626404637,0.6503443745068019
872,0.4071997225339904,0.08449108756425219,0.13665821365725475,0.37165097624450244,0.4071997225339904,0.650349323497905
873,0.40718424865102526,0.0845023778793332,0.13665248076049,0.3716608927091514,0.40718424865102526,0.6503542213395564
874,0.4071689329951545,0.08451355144395763,0.13664680921433095,0.3716707063465568,0.4071689329951545,0.6503590685662938
875,0.40715377396257235,0.08452460945816612,0.13664119836310307,0.3716804182161584,0.40715377396257235,0.6503638657069225
876,0.40713876996550447,0.0845355531097948,0.13663564755810648,0.3716900293665942,0.40713876996550447,0.6503686132845861
877,0.40712391943205,0.08454638357459718,0.13663015615754412,0.37169954083580875,0.40712391943205,0.650373311816824
878,0.40710922080602624,0.08455710201636338,0.13662472352644925,0.37170895365116097,0.40710922080602624,0.6503779618156385
879,0.4070946725468141,0.08456770958704085,0.13661934903661435,0.37171826882953074,0.4070946725468141,0.6503825637875553
880,0.40708027312920486,0.08457820742685086,0.13661403206651954,0.37172748737742456,0.40708027312920486,0.6503871182336863
881,0.4070660210432497,0.08458859666440662,0.13660877200126315,0.3717366102910803,0.4070660210432497,0.650391625649789
882,0.4070519147941084,0.08459887841682845,0.13660356823249234,0.37174563855657056,0.4070519147941084,0.6503960865263294
883,0.40703795290190264,0.08460905378985865,0.13659842015833332,0.37175457314990507,0.40703795290190264,0.6504005013485376
884,0.4070241339015672,0.08461912387797516,0.13659332718332512,0.3717634150371322,0.4070241339015672,0.6504048705964683
885,0.4070104563427055,0.0846290897645042,0.13658828871835063,0.3717721651744393,0.4070104563427055,0.6504091947450581
886,0.4069969187894455,0.08463895252173134,0.13658330418057096,0.3717808245082522,0.4069969187894455,0.6504134742641856
887,0.4069835198202962,0.08464871321101224,0.1365783729933585,0.37178939397533295,0.4069835198202962,0.6504177096187234
888,0.40697025802800707,0.08465837288288175,0.1365734945862326,0.37179787450287827,0.40697025802800707,0.6504219012685953
889,0.4069571320194273,0.0846679325771628,0.13656866839479453,0.37180626700861513,0.4069571320194273,0.6504260496688345
890,0.4069441404153683,0.08467739332307243,0.1365638938606627,0.37181457240089644,0.4069441404153683,0.6504301552696345
891,0.4069312818504649,0.08468675613932948,0.13655917043140994,0.37182279157879555,0.4069312818504649,0.6504342185164039
892,0.4069185549730405,0.08469602203425856,0.13655449756050098,0.37183092543219975,0.4069185549730405,0.6504382398498187
893,0.4069059584449725,0.08470519200589487,0.1365498747072301,0.3718389748419023,0.4069059584449725,0.6504422197058775
894,0.4068934909415584,0.08471426704208708,0.13654530133665882,0.3718469406796956,0.4068934909415584,0.6504461585159513
895,0.40688115115138357,0.0847232481205997,0.1365407769195565,0.37185482380846013,0.40688115115138357,0.6504500567068343
896,0.4068689377761909,0.08473213620921452,0.1365363009323389,0.3718626250822554,0.4068689377761909,0.6504539147007959
897,0.406856849530752,0.08474093226583033,0.13653187285700916,0.3718703453464085,0.406856849530752,0.6504577329156304
898,0.4068448851427373,0.08474963723856192,0.1365274921810984,0.37187798543760225,0.4068448851427373,0.6504615117647048
899,0.40683304335259096,0.08475825206583913,0.13652315839760748,0.37188554618396236,0.40683304335259096,0.6504652516570114
900,0.40682132291340306,0.0847667776765041,0.13651887100494917,0.3718930284051434,0.40682132291340306,0.6504689529972114
901,0.4068097225907869,0.08477521498990728,0.136514629506891,0.37190043291241465,0.4068097225907869,0.650472616185686
902,0.4067982411627546,0.08478356491600243,0.13651043341249808,0.3719077605087447,0.4067982411627546,0.6504762416185823
903,0.40678687741959474,0.08479182835544252,0.13650628223607766,0.3719150119888848,0.40678687741959474,0.6504798296878591
904,0.4067756301637525,0.08480000619967214,0.1365021754971233,0.3719221881394518,0.4067756301637525,0.6504833807813345
905,0.4067644982097086,0.08480809933102053,0.13649811272025983,0.37192928973901096,0.4067644982097086,0.6504868952827307
906,0.4067534803838613,0.08481610862279364,0.13649409343518915,0.3719363175581557,0.4067534803838613,0.6504903735717179
907,0.4067425755244091,0.0848240349393646,0.13649011717663653,0.3719432723595897,0.4067425755244091,0.6504938160239608
908,0.4067317824812333,0.08483187913626423,0.13648618348429728,0.37195015489820493,0.4067317824812333,0.6504972230111581
909,0.40672110011578433,0.08483964206026942,0.1364822919027836,0.37195696592116256,0.40672110011578433,0.650500594901094
910,0.40671052730096563,0.08484732454949243,0.13647844198157288,0.3719637061679688,0.40671052730096563,0.6505039320576707
911,0.406700062921023,0.08485492743346713,0.136474633274956,0.37197037637055375,0.406700062921023,0.6505072348409611
912,0.40668970587143033,0.08486245153323645,0.13647086534198608,0.371976977253347,0.40668970587143033,0.6505105036072398
913,0.4066794550587798,0.08486989766143802,0.13646713774642838,0.3719835095333537,0.4066794550587798,0.6505137387090355
914,0.40666930940067264,0.08487726662238794,0.13646345005670932,0.37198997392023014,0.40666930940067264,0.650516940495165
915,0.4066592678256092,0.08488455921216645,0.13645980184586773,0.3719963711163564,0.4066592678256092,0.6505201093107715
916,0.40664932927288194,0.08489177621869995,0.13645619269150575,0.37200270181691214,0.40664932927288194,0.6505232454973737
917,0.40663949269246885,0.08489891842184369,0.13645262217573997,0.3720089667099473,0.40663949269246885,0.6505263493928963
918,0.4066297570449273,0.08490598659346313,0.13644908988515378,0.37201516647645577,0.4066297570449273,0.6505294213317144
919,0.40662012130128944,0.0849129814975156,0.13644559541074963,0.37202130179044507,0.40662012130128944,0.6505324616446873
920,0.40661058444295967,0.08491990389012925,0.13644213834790225,0.37202737331900854,0.40661058444295967,0.6505354706592015
921,0.4066011454616107,0.0849267545196827,0.136438718296312,0.3720333817223943,0.4066011454616107,0.6505384486992069
922,0.4065918033590829,0.08493353412688322,0.1364353348599583,0.3720393276540753,0.4065918033590829,0.6505413960852517
923,0.4065825571472825,0.08494024344484478,0.13643198764705539,0.3720452117608171,0.4065825571472825,0.6505443131345205
924,0.4065734058480832,0.08494688319916464,0.1364286762700063,0.37205103468274575,0.4065734058480832,0.6505472001608728
925,0.4065643484932272,0.08495345410799902,0.1364254003453581,0.3720567970534156,0.4065643484932272,0.6505500574748758
926,0.40655538412422676,0.08495995688213956,0.13642215949375808,0.3720624994998755,0.40655538412422676,0.6505528853838421
927,0.4065465117922677,0.0849663922250874,0.13641895333991022,0.3720681426427345,0.4065465117922677,0.6505556841918623
928,0.4065377305581139,0.084972760833126,0.13641578151253217,0.3720737270962278,0.4065377305581139,0.6505584541998437
929,0.4065290394920124,0.08497906339539625,0.13641264364431124,0.37207925346827986,0.4065290394920124,0.6505611957055424
930,0.40652043767359874,0.08498530059396751,0.1364095393718638,0.3720847223605697,0.40652043767359874,0.6505639090035953
931,0.4065119241918041,0.0849914731039098,0.13640646833569225,0.3720901343685937,0.4065119241918041,0.6505665943855563
932,0.4065034981447635,0.08499758159336455,0.13640343018014353,0.3720954900817281,0.4065034981447635,0.6505692521399298
933,0.40649515863972413,0.08500362672361515,0.13640042455336904,0.3721007900832914,0.40649515863972413,0.6505718825522018
934,0.40648690479295446,0.08500960914915687,0.13639745110728346,0.37210603495060507,0.40648690479295446,0.6505744859048718
935,0.40647873572965576,0.08501552951776406,0.13639450949752427,0.37211122525505563,0.40647873572965576,0.6505770624774883
936,0.4064706505838723,0.08502138847056162,0.13639159938341272,0.3721163615621532,0.4064706505838723,0.6505796125466757
937,0.406462648498404,0.08502718664208887,0.1363887204279143,0.37212144443159273,0.406462648498404,0.6505821363861702
938,0.40645472862471965,0.08503292466036907,0.1363858722975993,0.3721264744173118,0.40645472862471965,0.650584634266848
939,0.40644689012287055,0.08503860314697435,0.13638305466260525,0.3721314520675497,0.40644689012287055,0.6505871064567561
940,0.40643913216140476,0.08504422271709183,0.13638026719659824,0.37213637792490506,0.40643913216140476,0.650589553221143
941,0.40643145391728347,0.08504978397958789,0.1363775095767354,0.3721412525263931,0.40643145391728347,0.6505919748224909
942,0.4064238545757961,0.0850552875370738,0.13637478148362747,0.3721460764035024,0.4064238545757961,0.65059437152054
943,0.4064163333304793,0.08506073398596715,0.13637208260130235,0.372150850082251,0.4064163333304793,0.6505967435723237
944,0.4064088893830326,0.08506612391655673,0.1363694126171684,0.3721555740832422,0.4064088893830326,0.6505990912321926
945,0.40640152194323903,0.08507145791306439,0.1363667712219777,0.3721602489217186,0.40640152194323903,0.6506014147518462
946,0.4063942302288837,0.08507673655370615,0.1363641581097916,0.37216487510761836,0.4063942302288837,0.6506037143803609
947,0.4063870134656744,0.08508196041075396,0.13636157297794393,0.37216945314562744,0.4063870134656744,0.6506059903642164
948,0.40637987088716254,0.08508713005059576,0.1363590155270077,0.37217398353523395,0.40637987088716254,0.6506082429473248
949,0.40637280173466467,0.08509224603379639,0.13635648546075824,0.37217846677078054,0.40637280173466467,0.6506104723710566
950,0.40636580525718585,0.08509730891515518,0.1363539824861417,0.372182903341517,0.40636580525718585,0.6506126788742698
951,0.4063588807113428,0.08510231924376593,0.1363515063132387,0.3721872937316522,0.4063588807113428,0.6506148626933346
952,0.40635202736128756,0.08510727756307493,0.13634905665523225,0.37219163842040515,0.40635202736128756,0.6506170240621629
953,0.40634524447863196,0.08511218441093815,0.13634663322837445,0.37219593788205546,0.40634524447863196,0.6506191632122271
954,0.40633853134237446,0.08511704031967826,0.13634423575195304,0.3722001925859941,0.40633853134237446,0.6506212803725973
955,0.4063318872388255,0.0851218458161415,0.13634186394825953,0.3722044029967734,0.4063318872388255,0.6506233757699553
956,0.406325311461535,0.08512660142175216,0.13633951754255674,0.3722085695741558,0.406325311461535,0.6506254496286297
957,0.40631880331121945,0.08513130765256977,0.13633719626304758,0.372212692773163,0.40631880331121945,0.6506275021706149
958,0.40631236209569077,0.08513596501934265,0.13633489984084277,0.37221677304412376,0.40631236209569077,0.6506295336155966
959,0.4063059871297854,0.08514057402756185,0.1363326280099304,0.3722208108327221,0.4063059871297854,0.6506315441809768
960,0.4062996777352938,0.08514513517751587,0.13633038050714497,0.37222480658004525,0.4062996777352938,0.6506335340819003
961,0.40629343324089184,0.08514964896434228,0.1363281570721369,0.372228760722629,0.40629343324089184,0.6506355035312759
962,0.40628725298207047,0.0851541158780821,0.1363259574473422,0.3722326736925052,0.40628725298207047,0.6506374527397993
963,0.40628113630106877,0.08515853640372967,0.13632378137795326,0.37223654591724814,0.40628113630106877,0.6506393819159801
964,0.40627508254680594,0.08516291102128658,0.13632162861188893,0.3722403778200184,0.40627508254680594,0.650641291266161
965,0.40626909107481474,0.08516724020581017,0.13631949889976505,0.3722441698196097,0.40626909107481474,0.6506431809945442
966,0.4062631612471754,0.08517152442746613,0.13631739199486625,0.37224792233049225,0.4062631612471754,0.6506450513032125
967,0.4062572924324486,0.08517576415157681,0.13631530765311747,0.3722516357628569,0.4062572924324486,0.650646902392148
968,0.4062514840056131,0.08517995983867228,0.1363132456330547,0.3722553105226597,0.4062514840056131,0.6506487344592622
969,0.40624573534799946,0.08518411194453768,0.13631120569579835,0.3722589470116644,0.40624573534799946,0.6506505477004112
970,0.40624004584722734,0.08518822092026282,0.1363091876050241,0.37226254562748545,0.40624004584722734,0.6506523423094209
971,0.40623441489714207,0.08519228721229019,0.136307191126937,0.3722661067636307,0.40623441489714207,0.6506541184781063
972,0.40622884189775216,0.08519631126246123,0.13630521603024393,0.37226963080954245,0.40622884189775216,0.6506558763962924
973,0.40622332625516816,0.08520029350806513,0.13630326208612625,0.37227311815064024,0.40622332625516816,0.6506576162518385
974,0.406217867381541,0.0852042343818837,0.13630132906821402,0.37227656916836116,0.406217867381541,0.6506593382306567
975,0.4062124646950009,0.08520813431223898,0.13629941675255933,0.37227998424020065,0.4062124646950009,0.6506610425167305
976,0.4062071176195985,0.08521199372303753,0.1362975249176109,0.37228336373975296,0.4062071176195985,0.650662729292139
977,0.4062018255852445,0.08521581303381638,0.13629565334418778,0.37228670803675123,0.4062018255852445,0.6506643987370739
978,0.40619658802765146,0.08521959265978747,0.13629380181545447,0.3722900174971064,0.40619658802765146,0.6506660510298601
979,0.40619140438827495,0.08522333301188224,0.1362919701168956,0.3722932924829469,0.40619140438827495,0.6506676863469777
980,0.40618627411425634,0.08522703449679495,0.13629015803629135,0.3722965333526571,0.40618627411425634,0.6506693048630758
981,0.4061811966583659,0.08523069751702618,0.136288365363692,0.3722997404609158,0.4061811966583659,0.6506709067509996
982,0.4061761714789451,0.08523432247092612,0.1362865918913953,0.3723029141587334,0.4061761714789451,0.6506724921818022
983,0.40617119803985186,0.08523790975273661,0.13628483741392042,0.37230605479349094,0.40617119803985186,0.6506740613247664
984,0.406166275810405,0.0852414597526329,0.13628310172798586,0.37230916270897607,0.406166275810405,0.6506756143474233
985,0.406161404265328,0.08524497285676681,0.13628138463248482,0.37231223824542004,0.406161404265328,0.6506771514155723
986,0.4061565828846966,0.0852484494473062,0.13627968592846254,0.37231528173953443,0.4061565828846966,0.6506786726932949
987,0.4061518111538833,0.08525188990247637,0.136278005419093,0.37231829352454715,0.4061518111538833,0.6506801783429771
988,0.4061470885635052,0.08525529459660099,0.13627634290965576,0.3723212739302379,0.4061470885635052,0.6506816685253243
989,0.4061424146093704,0.08525866390014118,0.13627469820751437,0.3723242232829738,0.4061424146093704,0.6506831433993809
990,0.406137788792426,0.08526199817973608,0.13627307112209308,0.37232714190574445,0.406137788792426,0.6506846031225455
991,0.40613321061870716,0.08526529779824109,0.13627146146485558,0.372330030118196,0.40613321061870716,0.6506860478505915
992,0.4061286795992843,0.0852685631147673,0.13626986904928218,0.372332888236666,0.4061286795992843,0.6506874777376797
993,0.4061241952502134,0.08527179448471933,0.13626829369084953,0.3723357165742174,0.4061241952502134,0.6506888929363781
994,0.4061197570924863,0.08527499225983412,0.13626673520700824,0.3723385154406712,0.4061197570924863,0.6506902935976793
995,0.4061153646519795,0.08527815678821739,0.13626519341716162,0.3723412851426413,0.4061153646519795,0.6506916798710153
996,0.4061110174594058,0.08528128841438233,0.13626366814264587,0.37234402598356586,0.4061110174594058,0.6506930519042722
997,0.406106715050266,0.08528438747928481,0.13626215920670814,0.3723467382637409,0.406106715050266,0.6506944098438104
998,0.4061024569647992,0.0852874543203614,0.13626066643448714,0.37234942228035217,0.4061024569647992,0.6506957538344782
999,0.40609824274793627,0.08529048927156456,0.13625918965299205,0.372352078327507,0.40609824274793627,0.6506970840196269
1000,0.4060940719492524,0.0852934926633983,0.1362577286910828,0.3723547066962664,0.4060940719492524,0.6506984005411292
1001,0.4060899441229192,0.08529646482295439,0.13625628337945064,0.37235730767467556,0.4060899441229192,0.6506997035393893
1002,0.4060858588276599,0.0852994060739465,0.13625485355059763,0.37235988154779565,0.4060858588276599,0.6507009931533668
1003,0.40608181562670176,0.08530231673674546,0.13625343903881848,0.3723624285977341,0.40608181562670176,0.6507022695205833
1004,0.4060778140877321,0.08530519712841307,0.13625203968018,0.3723649491036746,0.4060778140877321,0.650703532777141
1005,0.4060738537828519,0.08530804756273674,0.13625065531250338,0.3723674433419077,0.4060738537828519,0.650704783057739
1006,0.4060699342885323,0.08531086835026258,0.13624928577534423,0.37236991158586075,0.4060699342885323,0.6507060204956849
1007,0.4060660551855698,0.08531365979832846,0.1362479309099753,0.37237235410612624,0.4060660551855698,0.6507072452229112
1008,0.4060622160590432,0.08531642221109773,0.13624659055936666,0.3723747711704922,0.4060622160590432,0.6507084573699896
1009,0.4060584164982691,0.08531915588959132,0.13624526456816877,0.37237716304397056,0.4060584164982691,0.6507096570661441
1010,0.40605465609676034,0.08532186113172024,0.1362439527826941,0.3723795299888251,0.40605465609676034,0.6507108444392653
1011,0.40605093445218315,0.08532453823231687,0.1362426550508988,0.3723818722646009,0.40605093445218315,0.6507120196159257
1012,0.40604725116631507,0.08532718748316773,0.13624137122236563,0.3723841901281515,0.40604725116631507,0.650713182721393
1013,0.4060436058450031,0.0853298091730438,0.13624010114828666,0.3723864838336663,0.4060436058450031,0.6507143338796404
1014,0.4060399980981229,0.08533240358773202,0.13623884468144573,0.37238875363269924,0.4060399980981229,0.650715473213365
1015,0.40603642753953795,0.08533497101006574,0.13623760167620136,0.37239099977419476,0.40603642753953795,0.650716600843998
1016,0.4060328937870592,0.085337511719955,0.1362363719884704,0.37239322250451523,0.4060328937870592,0.650717716891719
1017,0.40602939646240493,0.08534002599441728,0.13623515547571044,0.3723954220674672,0.40602939646240493,0.6507188214754689
1018,0.4060259351911618,0.08534251410760565,0.1362339519969044,0.372397598704328,0.4060259351911618,0.6507199147129623
1019,0.40602250960274466,0.08534497633084025,0.1362327614125434,0.3723997526538714,0.40602250960274466,0.6507209967206997
1020,0.40601911933035867,0.08534741293263598,0.1362315835846109,0.37240188415239434,0.40601911933035867,0.6507220676139833
1021,0.4060157640109604,0.08534982417873152,0.1362304183765666,0.3724039934337412,0.4060157640109604,0.650723127506925
1022,0.40601244328521996,0.08535221033211869,0.13622926565333096,0.37240608072933024,0.40601244328521996,0.6507241765124617
1023,0.40600915679748356,0.08535457165307007,0.13622812528126912,0.37240814626817714,0.40600915679748356,0.6507252147423666
1024,0.40600590419573596,0.08535690839916625,0.13622699712817596,0.3724101902769218,0.40600590419573596,0.6507262423072612
1025,0.4060026851315636,0.08535922082532525,0.1362258810632602,0.37241221297985067,0.4060026851315636,0.6507272593166269
1026,0.4059994992601187,0.08536150918382862,0.13622477695712965,0.3724142145989229,0.4059994992601187,0.6507282658788198
1027,0.4059963462400824,0.08536377372434907,0.13622368468177581,0.37241619535379267,0.4059963462400824,0.6507292621010783
1028,0.4059932257336286,0.08536601469397671,0.13622260411056014,0.3724181554618345,0.4059932257336286,0.650730248089535
1029,0.40599013740638973,0.08536823233724684,0.13622153511819798,0.3724200951381655,0.40599013740638973,0.6507312239492323
1030,0.4059870809274206,0.08537042689616475,0.13622047758074535,0.3724220145956691,0.4059870809274206,0.650732189784128
1031,0.40598405596916465,0.08537259861023296,0.13621943137558326,0.3724239140450191,0.40598405596916465,0.650733145697113
1032,0.4059810622074183,0.08537474771647643,0.13621839638140484,0.37242579369470036,0.4059810622074183,0.6507340917900166
1033,0.405978099321298,0.08537687444946816,0.13621737247820023,0.3724276537510333,0.405978099321298,0.6507350281636193
1034,0.40597516699320635,0.08537897904135425,0.13621635954724362,0.37242949441819573,0.40597516699320635,0.6507359549176659
1035,0.40597226490879806,0.08538106172187922,0.13621535747107852,0.3724313158982441,0.40597226490879806,0.6507368721508735
1036,0.40596939275694766,0.08538312271841064,0.13621436613350538,0.3724331183911362,0.40596939275694766,0.6507377799609442
1037,0.4059665502297164,0.08538516225596336,0.13621338541956707,0.372434902094753,0.4059665502297164,0.650738678444573
1038,0.4059637370223201,0.08538718055722434,0.1362124152155358,0.37243666720491964,0.4059637370223201,0.6507395676974599
1039,0.40596095283309686,0.08538917784257584,0.13621145540890067,0.37243841391542665,0.40596095283309686,0.6507404478143219
1040,0.40595819736347527,0.08539115433011948,0.13621050588835348,0.37244014241805157,0.40595819736347527,0.6507413188888995
1041,0.4059554703179438,0.08539311023570009,0.13620956654377725,0.37244185290257864,0.4059554703179438,0.6507421810139704
1042,0.4059527714040183,0.08539504577292856,0.13620863726623209,0.37244354555682074,0.4059527714040183,0.6507430342813563
1043,0.40595010033221257,0.0853969611532049,0.13620771794794373,0.3724452205666386,0.40595010033221257,0.6507438787819353
1044,0.4059474568160069,0.08539885658574133,0.1362068084822903,0.3724468781159614,0.4059474568160069,0.6507447146056492
1045,0.4059448405718187,0.08540073227758407,0.13620590876379007,0.372448518386807,0.4059448405718187,0.6507455418415165
1046,0.40594225131897166,0.0854025884336366,0.13620501868808998,0.3724501415593015,0.40594225131897166,0.6507463605776386
1047,0.40593968877966763,0.08540442525668121,0.1362041381519523,0.37245174781169876,0.40593968877966763,0.6507471709012124
1048,0.4059371526789555,0.0854062429474009,0.13620326705324412,0.3724533373203993,0.4059371526789555,0.6507479728985364
1049,0.4059346427447036,0.08540804170440121,0.13620240529092456,0.3724549102599704,0.4059346427447036,0.6507487666550218
1050,0.4059321587075707,0.0854098217242311,0.1362015527650332,0.3724564668031647,0.4059321587075707,0.6507495522552034
1051,0.4059297003009773,0.08541158320140511,0.13620070937667897,0.3724580071209384,0.4059297003009773,0.6507503297827444
1052,0.40592726726107775,0.08541332632842374,0.1361998750280281,0.37245953138247034,0.40592726726107775,0.6507510993204493
1053,0.4059248593267322,0.0854150512957937,0.13619904962229332,0.3724610397551806,0.4059248593267322,0.65075186095027
1054,0.40592247623947947,0.08541675829204964,0.13619823306372245,0.3724625324047482,0.40592247623947947,0.6507526147533165
1055,0.4059201177435095,0.0854184475037736,0.13619742525758716,0.37246400949512964,0.4059201177435095,0.650753360809867
1056,0.405917783585636,0.08542011911561552,0.1361966261101725,0.37246547118857576,0.405917783585636,0.6507540991993703
1057,0.4059154735152705,0.08542177331031273,0.13619583552876563,0.3724669176456508,0.4059154735152705,0.6507548300004621
1058,0.4059131872843953,0.08542341026871078,0.13619505342164498,0.3724683490252487,0.4059131872843953,0.6507555532909683
1059,0.40591092464753714,0.08542503016978156,0.13619427969807027,0.3724697654846108,0.40591092464753714,0.6507562691479143
1060,0.40590868536174185,0.08542663319064335,0.13619351426827148,0.3724711671793431,0.40590868536174185,0.6507569776475359
1061,0.40590646918654816,0.08542821950658018,0.1361927570434387,0.37247255426343284,0.40590646918654816,0.6507576788652834
1062,0.40590427588396294,0.08542978929105996,0.1361920079357114,0.3724739268892654,0.40590427588396294,0.6507583728758337
1063,0.40590210521843517,0.08543134271575391,0.1361912668581695,0.37247528520764134,0.40590210521843517,0.650759059753095
1064,0.4058999569568313,0.08543287995055504,0.13619053372482165,0.3724766293677918,0.4058999569568313,0.6507597395702155
1065,0.40589783086841125,0.08543440116359638,0.13618980845059644,0.37247795951739576,0.40589783086841125,0.6507604123995928
1066,0.4058957267248032,0.0854359065212685,0.13618909095133236,0.37247927580259577,0.4058957267248032,0.6507610783128814
1067,0.4058936442999798,0.08543739618823896,0.13618838114376755,0.3724805783680135,0.4058936442999798,0.6507617373809984
1068,0.4058915833702342,0.08543887032746865,0.1361876789455311,0.3724818673567661,0.4058915833702342,0.6507623896741321
1069,0.40588954371415636,0.08544032910023026,0.1361869842751324,0.37248314291048085,0.40588954371415636,0.6507630352617514
1070,0.40588752511260956,0.08544177266612515,0.13618629705195287,0.3724844051693123,0.40588752511260956,0.6507636742126095
1071,0.4058855273487069,0.08544320118310138,0.13618561719623593,0.37248565427195557,0.4058855273487069,0.6507643065947553
1072,0.40588355020778955,0.08544461480746976,0.13618494462907788,0.3724868903556627,0.40588355020778955,0.6507649324755369
1073,0.40588159347740227,0.08544601369392153,0.13618427927241886,0.3724881135562571,0.40588159347740227,0.6507655519216125
1074,0.40587965694727224,0.08544739799554497,0.1361836210490336,0.37248932400814905,0.40587965694727224,0.6507661649989541
1075,0.4058777404092861,0.08544876786384162,0.13618296988252296,0.372490521844349,0.4058777404092861,0.6507667717728571
1076,0.4058758436574685,0.085450123448743,0.1361823256973047,0.3724917071964836,0.4058758436574685,0.6507673723079466
1077,0.40587396648795904,0.08545146489862669,0.13618168841860506,0.37249288019480903,0.40587396648795904,0.6507679666681827
1078,0.4058721086989925,0.08545279236033212,0.13618105797244967,0.3724940409682256,0.4058721086989925,0.65076855491687
1079,0.40587027009087573,0.08545410597917723,0.13618043428565532,0.37249518964429146,0.40587027009087573,0.6507691371166624
1080,0.4058684504659674,0.08545540589897309,0.13617981728582193,0.37249632634923746,0.4058684504659674,0.6507697133295705
1081,0.405866649628657,0.0854566922620407,0.13617920690132265,0.37249745120797956,0.405866649628657,0.6507702836169688
1082,0.4058648673853435,0.08545796520922506,0.13617860306129778,0.3724985643441333,0.4058648673853435,0.6507708480396004
1083,0.40586310354441596,0.08545922487991148,0.1361780056956446,0.3724996658800277,0.40586310354441596,0.6507714066575861
1084,0.4058613579162314,0.08546047141204045,0.13617741473501035,0.37250075593671744,0.4058613579162314,0.6507719595304292
1085,0.4058596303130964,0.08546170494212213,0.13617683011078424,0.37250183463399705,0.4058596303130964,0.6507725067170207
1086,0.4058579205492467,0.08546292560525116,0.1361762517550888,0.37250290209041326,0.4058579205492467,0.65077304827565
1087,0.4058562284408266,0.0854641335351221,0.13617567960077287,0.3725039584232784,0.4058562284408266,0.6507735842640041
1088,0.40585455380587077,0.08546532886404282,0.13617511358140272,0.3725050037486834,0.40585455380587077,0.650774114739181
1089,0.40585289646428374,0.08546651172294967,0.13617455363125625,0.37250603818151,0.40585289646428374,0.6507746397576925
1090,0.4058512562378221,0.08546768224142094,0.13617399968531319,0.3725070618354437,0.4058512562378221,0.6507751593754687
1091,0.40584963295007365,0.08546884054769187,0.13617345167924905,0.37250807482298526,0.40584963295007365,0.6507756736478649
1092,0.4058480264264407,0.08546998676866742,0.13617290954942723,0.37250907725546445,0.4058480264264407,0.6507761826296733
1093,0.40584643649412,0.08547112102993679,0.1361723732328919,0.3725100692430512,0.40584643649412,0.6507766863751174
1094,0.4058448629820852,0.0854722434557867,0.1361718426673603,0.3725110508947677,0.4058448629820852,0.6507771849378674
1095,0.40584330572106886,0.08547335416921469,0.1361713177912155,0.3725120223185007,0.40584330572106886,0.6507776783710431
1096,0.40584176454354337,0.08547445329194334,0.1361707985435001,0.37251298362101304,0.40584176454354337,0.6507781667272177
1097,0.4058402392837039,0.08547554094443183,0.13617028486390864,0.37251393490795537,0.4058402392837039,0.6507786500584256
1098,0.4058387297774513,0.08547661724589095,0.13616977669277977,0.3725148762838778,0.4058387297774513,0.6507791284161686
1099,0.405837235862373,0.08547768231429469,0.13616927397109124,0.37251580785224087,0.405837235862373,0.6507796018514167
1100,0.40583575737772765,0.08547873626639269,0.1361687766404517,0.3725167297154277,0.40583575737772765,0.6507800704146197
1101,0.4058342941644267,0.08547977921772466,0.13616828464309397,0.3725176419747545,0.4058342941644267,0.6507805341557089
1102,0.4058328460650177,0.08548081128263106,0.13616779792186914,0.37251854473048185,0.4058328460650177,0.6507809931241038
1103,0.40583141292366803,0.08548183257426682,0.13616731642023935,0.3725194380818255,0.40583141292366803,0.6507814473687149
1104,0.4058299945861482,0.08548284320461269,0.13616684008227137,0.3725203221269676,0.4058299945861482,0.6507818969379531
1105,0.40582859089981493,0.0854838432844874,0.13616636885263006,0.37252119696306724,0.40582859089981493,0.6507823418797319
1106,0.4058272017135954,0.0854848329235608,0.13616590267657241,0.3725220626862712,0.4058272017135954,0.6507827822414733
1107,0.4058258268779706,0.08548581223036433,0.13616544149994106,0.3725229193917239,0.4058258268779706,0.6507832180701119
1108,0.4058244662449601,0.08548678131230383,0.13616498526915738,0.3725237671735785,0.4058244662449601,0.6507836494121018
1109,0.4058231196681063,0.08548774027567026,0.1361645339312161,0.37252460612500726,0.4058231196681063,0.650784076313421
1110,0.40582178700245775,0.0854886892256526,0.1361640874336788,0.37252543633821067,0.40582178700245775,0.6507844988195741
1111,0.40582046810455535,0.08548962826634755,0.136163645724668,0.37252625790442895,0.40582046810455535,0.6507849169756004
1112,0.4058191628324154,0.08549055750077228,0.136163208752861,0.37252707091395115,0.4058191628324154,0.6507853308260768
1113,0.4058178710455157,0.0854914770308745,0.13616277646748431,0.37252787545612537,0.4058178710455157,0.6507857404151233
1114,0.40581659260478015,0.0854923869575445,0.13616234881830694,0.3725286716193681,0.40581659260478015,0.6507861457864063
1115,0.4058153273725636,0.08549328738062559,0.13616192575563596,0.3725294594911746,0.4058153273725636,0.6507865469831449
1116,0.4058140752126378,0.0854941783989244,0.13616150723030948,0.3725302391581282,0.4058140752126378,0.6507869440481162
1117,0.4058128359901764,0.085495060110223,0.13616109319369138,0.37253101070590894,0.4058128359901764,0.650787337023656
1118,0.40581160957174095,0.08549593261128813,0.1361606835976661,0.3725317742193047,0.40581160957174095,0.6507877259516677
1119,0.40581039582526607,0.08549679599788228,0.1361602783946327,0.3725325297822186,0.40581039582526607,0.6507881108736238
1120,0.40580919462004633,0.0854976503647747,0.13615987753749906,0.37253327747768,0.40580919462004633,0.6507884918305736
1121,0.4058080058267209,0.08549849580574997,0.13615948097967712,0.3725340173878518,0.4058080058267209,0.6507888688631427
1122,0.4058068293172616,0.08549933241362026,0.13615908867507723,0.37253474959404087,0.4058068293172616,0.6507892420115424
1123,0.4058056649649574,0.08550016028023387,0.13615870057810248,0.372535474176706,0.4058056649649574,0.65078961131557
1124,0.40580451264440237,0.0855009794964861,0.13615831664364386,0.3725361912154676,0.40580451264440237,0.6507899768146146
1125,0.40580337223148105,0.08550179015232852,0.13615793682707486,0.37253690078911544,0.40580337223148105,0.650790338547663
1126,0.40580224360335615,0.0855025923367788,0.13615756108424665,0.37253760297561817,0.40580224360335615,0.6507906965533004
1127,0.4058011266384554,0.08550338613793108,0.13615718937148222,0.3725382978521313,0.4058011266384554,0.6507910508697186
1128,0.4058000212164574,0.08550417164296485,0.13615682164557194,0.37253898549500564,0.4058000212164574,0.650791401534714
1129,0.4057989272182808,0.08550494893815401,0.1361564578637685,0.3725396659797965,0.4057989272182808,0.6507917485857004
1130,0.4057978445260696,0.08550571810887782,0.1361560979837821,0.3725403393812703,0.4057978445260696,0.6507920920597036
1131,0.4057967730231816,0.08550647923962837,0.13615574196377495,0.37254100577341487,0.4057967730231816,0.6507924319933722
1132,0.40579571259417585,0.08550723241402104,0.13615538976235692,0.37254166522944576,0.40579571259417585,0.6507927684229782
1133,0.4057946631248006,0.0855079777148027,0.13615504133858095,0.3725423178218155,0.4057946631248006,0.6507931013844227
1134,0.40579362450197975,0.08550871522386175,0.13615469665193797,0.3725429636222203,0.40579362450197975,0.650793430913236
1135,0.4057925966138028,0.08550944502223545,0.13615435566235196,0.3725436027016097,0.4057925966138028,0.6507937570445883
1136,0.405791579349511,0.08551016719012045,0.13615401833017607,0.37254423513019214,0.405791579349511,0.6507940798132845
1137,0.4057905725994873,0.08551088180688028,0.13615368461618735,0.3725448609774449,0.4057905725994873,0.6507943992537779
1138,0.4057895762552424,0.08551158895105501,0.13615335448158267,0.37254548031211976,0.4057895762552424,0.6507947154001628
1139,0.4057885902094058,0.08551228870036834,0.1361530278879739,0.372546093202252,0.4057885902094058,0.6507950282861887
1140,0.4057876143557117,0.08551298113173743,0.13615270479738362,0.37254669971516685,0.4057876143557117,0.6507953379452569
1141,0.4057866485889903,0.08551366632128059,0.13615238517224118,0.37254729991748775,0.4057866485889903,0.6507956444104271
1142,0.40578569280515403,0.08551434434432567,0.13615206897537735,0.3725478938751427,0.40578569280515403,0.6507959477144186
1143,0.40578474690118826,0.0855150152754183,0.1361517561700207,0.37254848165337257,0.40578474690118826,0.6507962478896184
1144,0.40578381077513925,0.08551567918832964,0.1361514467197934,0.3725490633167374,0.40578381077513925,0.6507965449680779
1145,0.40578288432610365,0.08551633615606558,0.136151140588707,0.3725496389291238,0.40578288432610365,0.6507968389815226
1146,0.4057819674542177,0.08551698625087291,0.13615083774115785,0.37255020855375126,0.4057819674542177,0.6507971299613503
1147,0.4057810600606467,0.08551762954424859,0.13615053814192335,0.37255077225318123,0.4057810600606467,0.6507974179386395
1148,0.4057801620475739,0.08551826610694681,0.13615024175615786,0.37255133008932134,0.4057801620475739,0.6507977029441492
1149,0.40577927331819064,0.085518896008987,0.1361499485493885,0.3725518821234337,0.40577927331819064,0.6507979850083224
1150,0.40577839377668584,0.08551951931966134,0.1361496584875113,0.3725524284161414,0.40577839377668584,0.6507982641612903
1151,0.40577752332823547,0.08552013610754208,0.13614937153678744,0.37255296902743495,0.40577752332823547,0.650798540432877
1152,0.4057766618789923,0.08552074644048968,0.13614908766383876,0.3725535040166791,0.4057766618789923,0.6507988138525974
1153,0.40577580933607704,0.08552135038565936,0.1361488068356446,0.37255403344261895,0.40577580933607704,0.650799084449668
1154,0.4057749656075666,0.08552194800950882,0.13614852901953747,0.37255455736338694,0.4057749656075666,0.650799352253002
1155,0.40577413060248574,0.08552253937780535,0.13614825418319979,0.372555075836509,0.40577413060248574,0.65079961729122
1156,0.4057733042307964,0.08552312455563339,0.13614798229465946,0.3725555889189107,0.4057733042307964,0.6507998795926461
1157,0.4057724864033884,0.08552370360740125,0.1361477133222865,0.37255609666692374,0.4057724864033884,0.6508001391853147
1158,0.40577167703207034,0.08552427659684785,0.13614744723479003,0.37255659913629163,0.40577167703207034,0.6508003960969739
1159,0.40577087602955975,0.08552484358704987,0.13614718400121345,0.3725570963821768,0.40577087602955975,0.6508006503550885
1160,0.40577008330947306,0.08552540464042921,0.1361469235909316,0.3725575884591659,0.40577008330947306,0.6508009019868383
1161,0.4057692987863181,0.0855259598187588,0.1361466659736472,0.3725580754212756,0.4057692987863181,0.6508011510191278
1162,0.40576852237548267,0.08552650918317031,0.13614641111938736,0.37255855732195936,0.40576852237548267,0.6508013974785841
1163,0.4057677539932278,0.08552705279415956,0.13614615899849958,0.3725590342141128,0.4057677539932278,0.6508016413915627
1164,0.40576699355667684,0.08552759071159456,0.1361459095816492,0.37255950615007905,0.40576699355667684,0.6508018827841469
1165,0.40576624098380815,0.085528122994721,0.13614566283981522,0.37255997318165557,0.40576624098380815,0.6508021216821549
1166,0.4057654961934447,0.08552864970216889,0.13614541874428754,0.37256043536009875,0.4057654961934447,0.6508023581111391
1167,0.40576475910524706,0.08552917089195927,0.13614517726666295,0.3725608927361306,0.40576475910524706,0.6508025920963896
1168,0.4057640296397037,0.08552968662151013,0.1361449383788429,0.37256134535994306,0.4057640296397037,0.6508028236629391
1169,0.40576330771812297,0.08553019694764288,0.13614470205302873,0.3725617932812052,0.40576330771812297,0.6508030528355624
1170,0.40576259326262404,0.08553070192658886,0.13614446826172022,0.37256223654906667,0.40576259326262404,0.6508032796387812
1171,0.40576188619612935,0.08553120161399455,0.13614423697771108,0.37256267521216485,0.40576188619612935,0.6508035040968654
1172,0.4057611864423556,0.08553169606492846,0.13614400817408637,0.37256310931862935,0.4057611864423556,0.6508037262338349
1173,0.4057604939258065,0.08553218533388682,0.13614378182421916,0.3725635389160872,0.4057604939258065,0.6508039460734665
1174,0.4057598085717638,0.08553266947479983,0.13614355790176777,0.3725639640516685,0.4057598085717638,0.650804163639291
1175,0.40575913030627986,0.08553314854103636,0.13614333638067233,0.37256438477201126,0.40575913030627986,0.6508043789545994
1176,0.40575845905616914,0.08553362258541189,0.1361431172351523,0.37256480112326656,0.40575845905616914,0.6508045920424423
1177,0.4057577947490011,0.08553409166019225,0.13614290043970223,0.37256521315110436,0.4057577947490011,0.6508048029256368
1178,0.4057571373130915,0.0855345558171003,0.13614268596909113,0.3725656209007169,0.4057571373130915,0.6508050116267625
1179,0.4057564866774961,0.08553501510732094,0.1361424737983568,0.37256602441682596,0.4057564866774961,0.650805218168172
1180,0.4057558427720014,0.08553546958150787,0.13614226390280523,0.37256642374368537,0.4057558427720014,0.6508054225719855
1181,0.4057552055271186,0.08553591928978752,0.1361420562580064,0.37256681892508753,0.4057552055271186,0.6508056248600982
1182,0.4057545748740747,0.08553636428176606,0.13614185083979186,0.3725672100043673,0.4057545748740747,0.6508058250541797
1183,0.4057539507448065,0.08553680460653369,0.13614164762425196,0.3725675970244076,0.4057539507448065,0.6508060231756788
1184,0.40575333307195255,0.08553724031267042,0.13614144658773322,0.37256798002764346,0.40575333307195255,0.6508062192458246
1185,0.40575272178884614,0.0855376714482515,0.13614124770683525,0.37256835905606694,0.40575272178884614,0.6508064132856275
1186,0.405752116829508,0.08553809806085191,0.13614105095840834,0.37256873415123154,0.405752116829508,0.6508066053158829
1187,0.40575151812863947,0.08553852019755287,0.13614085631955036,0.3725691053542572,0.40575151812863947,0.6508067953571747
1188,0.405750925621615,0.08553893790494564,0.13614066376760492,0.3725694727058342,0.405750925621615,0.6508069834298743
1189,0.40575033924447573,0.08553935122913742,0.13614047328015813,0.37256983624622864,0.40575033924447573,0.6508071695541446
1190,0.4057497589339227,0.08553976021575614,0.13614028483503582,0.37257019601528524,0.4057497589339227,0.6508073537499419
1191,0.40574918462730947,0.08554016490995542,0.1361400984103015,0.37257055205243345,0.40574918462730947,0.6508075360370187
1192,0.40574861626263603,0.08554056535641952,0.13613991398425346,0.37257090439669094,0.40574861626263603,0.6508077164349246
1193,0.4057480537785417,0.08554096159936755,0.13613973153542264,0.37257125308666783,0.4057480537785417,0.650807894963009
1194,0.4057474971142987,0.08554135368256008,0.13613955104256972,0.37257159816057117,0.4057474971142987,0.650808071640423
1195,0.40574694620980595,0.08554174164930188,0.13613937248468297,0.37257193965620894,0.40574694620980595,0.650808246486122
1196,0.40574640100558174,0.0855421255424476,0.13613919584097584,0.37257227761099465,0.40574640100558174,0.6508084195188666
1197,0.4057458614427585,0.08554250540440686,0.1361390210908839,0.37257261206195064,0.4057458614427585,0.650808590757225
1198,0.40574532746307546,0.0855428812771477,0.13613884821406338,0.3725729430457134,0.40574532746307546,0.6508087602195761
1199,0.4057447990088732,0.0855432532022024,0.1361386771903884,0.3725732705985358,0.4057447990088732,0.6508089279241093
1200,0.40574427602308694,0.08554362122067105,0.13613850799994848,0.3725735947562933,0.40574427602308694,0.6508090938888293
1201,0.4057437584492403,0.0855439853732267,0.13613834062304675,0.37257391555448605,0.4057437584492403,0.6508092581315545
1202,0.4057432462314405,0.08554434570011894,0.13613817504019676,0.3725742330282436,0.4057432462314405,0.6508094206699229
1203,0.40574273931437,0.08554470224117978,0.13613801123212158,0.37257454721232847,0.40574273931437,0.6508095815213888
1204,0.405742237643283,0.08554505503582646,0.1361378491797498,0.3725748581411405,0.405742237643283,0.65080974070323
1205,0.4057417411639982,0.08554540412306622,0.1361376888642152,0.3725751658487202,0.4057417411639982,0.650809898232548
1206,0.4057412498228929,0.08554574954150124,0.13613753026685335,0.37257547036875244,0.4057412498228929,0.6508100541262662
1207,0.40574076356689825,0.08554609132933184,0.13613737336919943,0.3725757717345703,0.40574076356689825,0.6508102084011371
1208,0.4057402823434927,0.0855464295243614,0.13613721815298688,0.372576069979159,0.4057402823434927,0.650810361073741
1209,0.4057398061006964,0.08554676416399991,0.13613706460014474,0.37257636513515885,0.4057398061006964,0.6508105121604876
1210,0.4057393347870659,0.0855470952852687,0.13613691269279576,0.3725766572348693,0.4057393347870659,0.650810661677619
1211,0.4057388683516887,0.08554742292480409,0.13613676241325381,0.37257694631025323,0.4057388683516887,0.6508108096412115
1212,0.4057384067441775,0.08554774711886082,0.13613661374402278,0.3725772323929387,0.4057384067441775,0.6508109560671758
1213,0.40573794991466483,0.08554806790331737,0.13613646666779364,0.37257751551422397,0.40573794991466483,0.6508111009712599
1214,0.4057374978137979,0.08554838531367868,0.13613632116744298,0.37257779570508004,0.4057374978137979,0.6508112443690506
1215,0.4057370503927331,0.08554869938508083,0.13613617722603102,0.37257807299615475,0.4057370503927331,0.6508113862759757
1216,0.40573660760313107,0.08554901015229376,0.13613603482679912,0.37257834741777585,0.40573660760313107,0.6508115267073031
1217,0.4057361693971509,0.0855493176497264,0.13613589395316836,0.37257861899995404,0.4057361693971509,0.6508116656781462
1218,0.40573573572744565,0.08554962191142972,0.136135754588738,0.3725788877723866,0.40573573572744565,0.6508118032034631
1219,0.4057353065471564,0.08554992297110046,0.1361356167172821,0.3725791537644608,0.4057353065471564,0.6508119392980573
1220,0.4057348818099084,0.08555022086208514,0.13613548032274933,0.37257941700525704,0.4057348818099084,0.650812073976583
1221,0.40573446146980546,0.08555051561738301,0.1361353453892603,0.3725796775235511,0.40573446146980546,0.6508122072535422
1222,0.40573404548142455,0.08555080726965042,0.1361352119011054,0.3725799353478194,0.40573404548142455,0.6508123391432897
1223,0.40573363379981203,0.08555109585120382,0.13613507984274392,0.3725801905062401,0.40573363379981203,0.6508124696600328
1224,0.4057332263804777,0.08555138139402385,0.13613494919880123,0.37258044302669713,0.4057332263804777,0.6508125988178339
1225,0.40573282317939025,0.08555166392975841,0.13613481995406776,0.37258069293678325,0.40573282317939025,0.6508127266306087
1226,0.40573242415297384,0.08555194348972596,0.13613469209349688,0.3725809402638032,0.40573242415297384,0.6508128531121349
1227,0.4057320292581012,0.0855522201049194,0.1361345656022033,0.3725811850347758,0.4057320292581012,0.6508129782760446
1228,0.405731638452091,0.08555249380600934,0.13613444046546125,0.37258142727643806,0.405731638452091,0.6508131021358333
1229,0.405731251692702,0.0855527646233473,0.13613431666870277,0.37258166701524786,0.405731251692702,0.6508132247048568
1230,0.40573086893812915,0.08555303258696847,0.13613419419751602,0.37258190427738624,0.40573086893812915,0.6508133459963352
1231,0.4057304901469985,0.08555329772659674,0.1361340730376438,0.37258213908876076,0.4057304901469985,0.6508134660233513
1232,0.40573011527836345,0.08555356007164583,0.1361339531749817,0.3725823714750088,0.40573011527836345,0.650813584798856
1233,0.40572974429170017,0.0855538196512241,0.1361338345955762,0.3725826014614994,0.40572974429170017,0.6508137023356666
1234,0.40572937714690255,0.08555407649413671,0.13613371728562407,0.3725828290733367,0.40572937714690255,0.6508138186464695
1235,0.4057290138042789,0.08555433062888926,0.1361336012314694,0.3725830543353622,0.4057290138042789,0.650813933743819
1236,0.4057286542245473,0.08555458208369081,0.13613348641960302,0.37258327727215873,0.4057286542245473,0.6508140476401444
1237,0.40572829836883095,0.08555483088645727,0.13613337283666024,0.3725834979080515,0.40572829836883095,0.6508141603477458
1238,0.40572794619865454,0.08555507706481341,0.13613326046942015,0.3725837162671118,0.40572794619865454,0.6508142718787961
1239,0.4057275976759398,0.08555532064609708,0.13613314930480358,0.37258393237315934,0.4057275976759398,0.6508143822453468
1240,0.40572725276300187,0.08555556165736168,0.13613303932987106,0.37258414624976516,0.40572725276300187,0.6508144914593221
1241,0.4057269114225444,0.08555580012537922,0.13613293053182224,0.37258435792025385,0.4057269114225444,0.6508145995325273
1242,0.4057265736176564,0.08555603607664292,0.13613282289799408,0.37258456740770635,0.4057265736176564,0.6508147064766454
1243,0.40572623931180746,0.08555626953737076,0.13613271641585928,0.3725847747349621,0.40572623931180746,0.6508148123032386
1244,0.40572590846884526,0.08555650053350716,0.1361326110730247,0.37258497992462264,0.40572590846884526,0.6508149170237538
1245,0.4057255810529894,0.08555672909072749,0.1361325068572305,0.3725851829990524,0.4057255810529894,0.6508150206495178
1246,0.40572525702882956,0.08555695523443964,0.1361324037563478,0.3725853839803827,0.40572525702882956,0.6508151231917414
1247,0.4057249363613212,0.08555717898978683,0.13613230175837818,0.37258558289051363,0.4057249363613212,0.6508152246615228
1248,0.40572461901578094,0.08555740038165086,0.13613220085145183,0.37258577975111634,0.40572461901578094,0.650815325069845
1249,0.4057243049578838,0.08555761943465505,0.13613210102382595,0.3725859745836349,0.4057243049578838,0.6508154244275782
1250,0.4057239941536593,0.0855578361731657,0.13613200226388433,0.37258616740929046,0.4057239941536593,0.6508155227454825
1251,0.4057236865694873,0.08555805062129625,0.13613190456013474,0.3725863582490815,0.4057236865694873,0.6508156200342068
1252,0.4057233821720953,0.08555826280290889,0.13613180790120818,0.3725865471237874,0.4057233821720953,0.6508157163042918
1253,0.40572308092855375,0.0855584727416176,0.1361317122758583,0.37258673405397014,0.40572308092855375,0.6508158115661686
1254,0.40572278280627316,0.08555868046079083,0.13613161767295875,0.37258691905997704,0.40572278280627316,0.650815905830163
1255,0.4057224877730012,0.08555888598355306,0.1361315240815026,0.37258710216194296,0.4057224877730012,0.6508159991064959
1256,0.40572219579681734,0.08555908933278926,0.1361314314906014,0.3725872833797918,0.40572219579681734,0.6508160914052801
1257,0.40572190684613196,0.0855592905311453,0.13613133988948295,0.3725874627332396,0.40572190684613196,0.6508161827365284
1258,0.40572162088968017,0.08555948960103198,0.13613124926749118,0.37258764024179636,0.40572162088968017,0.6508162731101488
1259,0.4057213378965211,0.08555968656462665,0.1361311596140839,0.3725878159247679,0.4057213378965211,0.6508163625359493
1260,0.40572105783603307,0.08555988144387575,0.13613107091883217,0.3725879898012588,0.40572105783603307,0.6508164510236374
1261,0.4057207806779101,0.08556007426049757,0.13613098317141897,0.3725881618901733,0.4057207806779101,0.6508165385828191
1262,0.40572050639215934,0.08556026503598421,0.13613089636163803,0.3725883322102185,0.40572050639215934,0.6508166252230038
1263,0.40572023494909765,0.08556045379160415,0.13613081047939252,0.3725885007799055,0.40572023494909765,0.6508167109536038
1264,0.4057199663193487,0.08556064054840425,0.13613072551469402,0.3725886676175527,0.4057199663193487,0.6508167957839334
1265,0.4057197004738394,0.08556082532721278,0.13613064145766104,0.3725888327412866,0.4057197004738394,0.6508168797232141
1266,0.4057194373837962,0.08556100814864125,0.13613055829851842,0.372588996169044,0.4057194373837962,0.65081696278057
1267,0.40571917702074345,0.0855611890330859,0.13613047602759587,0.37258915791857455,0.40571917702074345,0.6508170449650345
1268,0.4057189193564991,0.08556136800073182,0.1361303946353269,0.3725893180074421,0.4057189193564991,0.6508171262855446
1269,0.4057186643631726,0.08556154507155285,0.13613031411224694,0.3725894764530273,0.4057186643631726,0.6508172067509509
1270,0.4057184120131608,0.08556172026531576,0.13613023444899439,0.37258963327252886,0.4057184120131608,0.6508172863700092
1271,0.40571816227914603,0.08556189360158095,0.1361301556363071,0.37258978848296564,0.40571816227914603,0.6508173651513878
1272,0.4057179151340925,0.0855620650997061,0.13613007766502258,0.3725899421011788,0.4057179151340925,0.6508174431036655
1273,0.4057176705512438,0.08556223477884622,0.13613000052607657,0.3725900941438333,0.4057176705512438,0.6508175202353335
1274,0.40571742850411935,0.08556240265795785,0.13612992421050257,0.37259024462742,0.40571742850411935,0.6508175965547955
1275,0.4057171889665127,0.0855625687558002,0.13612984870942957,0.3725903935682573,0.4057171889665127,0.6508176720703693
1276,0.4057169519124876,0.08556273309093651,0.1361297740140828,0.37259054098249283,0.4057169519124876,0.6508177467902876
1277,0.40571671731637576,0.08556289568173735,0.13612970011578046,0.37259068688610614,0.40571671731637576,0.6508178207227003
1278,0.4057164851527741,0.08556305654638197,0.13612962700593492,0.3725908312949087,0.4057164851527741,0.650817893875671
1279,0.40571625539654177,0.08556321570286028,0.13612955467605026,0.37259097422454757,0.40571625539654177,0.6508179662571832
1280,0.4057160280227973,0.08556337316897501,0.13612948311772208,0.3725911156905054,0.4057160280227973,0.6508180378751361
1281,0.40571580300691673,0.08556352896234345,0.13612941232263595,0.3725912557081038,0.40571580300691673,0.6508181087373509
1282,0.4057155803245299,0.08556368310039952,0.13612934228256646,0.37259139429250376,0.4057155803245299,0.650818178851567
1283,0.4057153599515187,0.08556383560039588,0.1361292729893775,0.37259153145870777,0.4057153599515187,0.6508182482254445
1284,0.4057151418640138,0.08556398647940552,0.13612920443501914,0.3725916672215615,0.4057151418640138,0.6508183168665655
1285,0.4057149260383926,0.085564135754323,0.1361291366115286,0.3725918015957557,0.4057149260383926,0.6508183847824349
1286,0.4057147124512766,0.085564283441868,0.13612906951102816,0.37259193459582685,0.4057147124512766,0.6508184519804789
1287,0.4057145010795285,0.08556442955858559,0.13612900312572554,0.37259206623616026,0.4057145010795285,0.65081851846805
1288,0.4057142919002501,0.08556457412084872,0.13612893744791085,0.3725921965309903,0.4057142919002501,0.6508185842524241
1289,0.4057140848907796,0.08556471714485968,0.13612887246995806,0.3725923254944026,0.4057140848907796,0.650818649340803
1290,0.40571388002868913,0.08556485864665243,0.13612880818432258,0.37259245314033557,0.40571388002868913,0.6508187137403134
1291,0.4057136772917831,0.08556499864209371,0.13612874458354085,0.37259257948258206,0.4057136772917831,0.6508187774580124
1292,0.40571347665809426,0.08556513714688527,0.13612868166022976,0.37259270453479043,0.40571347665809426,0.6508188405008806
1293,0.40571327810588315,0.08556527417656509,0.13612861940708504,0.37259282831046653,0.40571327810588315,0.65081890287583
1294,0.4057130816136343,0.08556540974650945,0.13612855781688135,0.37259295082297456,0.4057130816136343,0.6508189645897005
1295,0.4057128871600546,0.0855655438719349,0.13612849688247058,0.3725930720855397,0.4057128871600546,0.6508190256492632
1296,0.40571269472407084,0.08556567656789918,0.13612843659678145,0.37259319211124825,0.40571269472407084,0.6508190860612182
1297,0.4057125042848276,0.08556580784930339,0.1361283769528189,0.37259331091305,0.4057125042848276,0.6508191458321981
1298,0.40571231582168477,0.08556593773089326,0.13612831794366262,0.37259342850375904,0.40571231582168477,0.6508192049687676
1299,0.40571212931421563,0.08556606622726129,0.13612825956246724,0.37259354489605573,0.40571212931421563,0.6508192634774235
1300,0.4057119447422042,0.08556619335284787,0.13612820180246002,0.37259366010248784,0.4057119447422042,0.6508193213645969
1301,0.40571176208564314,0.0855663191219431,0.1361281446569417,0.37259377413547173,0.40571176208564314,0.6508193786366517
1302,0.40571158132473245,0.08556644354868828,0.13612808811928512,0.3725938870072939,0.40571158132473245,0.6508194352998884
1303,0.4057114024398761,0.08556656664707721,0.13612803218293384,0.37259399873011256,0.4057114024398761,0.650819491360542
1304,0.4057112254116808,0.08556668843095824,0.13612797684140193,0.3725941093159588,0.4057112254116808,0.6508195468247836
1305,0.40571105022095344,0.08556680891403541,0.13612792208827335,0.3725942187767376,0.40571105022095344,0.6508196016987204
1306,0.4057108768486993,0.0855669281098701,0.13612786791720072,0.3725943271242297,0.4057108768486993,0.6508196559883991
1307,0.4057107052761197,0.08556704603188245,0.13612781432190527,0.3725944343700923,0.4057107052761197,0.6508197096998031
1308,0.40571053548461017,0.08556716269335285,0.13612776129617524,0.37259454052586155,0.40571053548461017,0.650819762838854
1309,0.4057103674557583,0.08556727810742353,0.13612770883386605,0.3725946456029518,0.4057103674557583,0.6508198154114138
1310,0.4057102011713426,0.08556739228709935,0.1361276569288989,0.37259474961265887,0.4057102011713426,0.650819867423285
1311,0.40571003661332894,0.0855675052452503,0.13612760557526038,0.3725948525661601,0.40571003661332894,0.6508199188802091
1312,0.40570987376386997,0.08556761699461238,0.1361275547670016,0.372594954474516,0.40570987376386997,0.6508199697878689
1313,0.40570971260530264,0.08556772754778821,0.13612750449823782,0.3725950553486711,0.40570971260530264,0.6508200201518902
1314,0.4057095531201462,0.08556783691725013,0.13612745476314753,0.372595155199456,0.4057095531201462,0.6508200699778408
1315,0.405709395291101,0.08556794511533952,0.1361274055559716,0.3725952540375878,0.405709395291101,0.6508201192712313
1316,0.4057092391010452,0.08556805215427045,0.13612735687101293,0.3725953518736713,0.4057092391010452,0.6508201680375151
1317,0.4057090845330346,0.08556815804612888,0.13612730870263562,0.3725954487182008,0.4057090845330346,0.6508202162820907
1318,0.4057089315703002,0.08556826280287509,0.13612726104526443,0.37259554458156013,0.4057089315703002,0.6508202640103022
1319,0.40570878019624546,0.08556836643634483,0.136127213893384,0.3725956394740255,0.40570878019624546,0.6508203112274361
1320,0.40570863039444605,0.0855684689582509,0.13612716724153806,0.37259573340576496,0.40570863039444605,0.6508203579387293
1321,0.40570848214864663,0.08556857038018338,0.13612712108432962,0.37259582638684,0.40570848214864663,0.650820404149359
1322,0.40570833544276064,0.08556867071361259,0.13612707541641894,0.37259591842720774,0.40570833544276064,0.650820449864455
1323,0.4057081902608669,0.08556876996988828,0.1361270302325243,0.3725960095367202,0.4057081902608669,0.6508204950890906
1324,0.40570804658720955,0.08556886816024298,0.1361269855274202,0.3725960997251271,0.40570804658720955,0.6508205398282907
1325,0.40570790440619464,0.0855689652957916,0.13612694129593797,0.37259618900207564,0.40570790440619464,0.6508205840870265
1326,0.40570776370238976,0.0855690613875338,0.13612689753296395,0.37259627737711243,0.40570776370238976,0.6508206278702172
1327,0.4057076244605223,0.0855691564463539,0.13612685423343973,0.37259636485968384,0.4057076244605223,0.650820671182734
1328,0.4057074866654768,0.08556925048302344,0.13612681139236152,0.3725964514591381,0.4057074866654768,0.6508207140293977
1329,0.4057073503022943,0.08556934350820188,0.1361267690047788,0.37259653718472485,0.4057073503022943,0.6508207564149785
1330,0.4057072153561706,0.08556943553243686,0.13612672706579476,0.3725966220455975,0.4057072153561706,0.6508207983441991
1331,0.40570708181245413,0.0855695265661672,0.13612668557056506,0.3725967060508135,0.40570708181245413,0.6508208398217333
1332,0.4057069496566444,0.08556961661972222,0.13612664451429743,0.3725967892093358,0.4057069496566444,0.6508208808522065
1333,0.40570681887439164,0.0855697057033236,0.13612660389225104,0.3725968715300334,0.40570681887439164,0.6508209214401982
1334,0.40570668945149396,0.08556979382708711,0.13612656369973652,0.3725969530216823,0.40570668945149396,0.6508209615902393
1335,0.40570656137389566,0.08556988100102275,0.13612652393211452,0.3725970336929668,0.40570656137389566,0.6508210013068155
1336,0.4057064346276871,0.08556996723503633,0.13612648458479565,0.3725971135524807,0.4057064346276871,0.6508210405943657
1337,0.40570630919910206,0.0855700525389304,0.13612644565323995,0.3725971926087275,0.40570630919910206,0.6508210794572846
1338,0.405706185074516,0.08557013692240555,0.1361264071329563,0.37259727087012173,0.405706185074516,0.6508211178999198
1339,0.4057060622404462,0.08557022039506121,0.13612636901950192,0.3725973483449904,0.4057060622404462,0.6508211559265771
1340,0.40570594068354876,0.08557030296639669,0.13612633130848162,0.37259742504157284,0.40570594068354876,0.6508211935415165
1341,0.4057058203906172,0.08557038464581262,0.13612629399554782,0.3725975009680223,0.4057058203906172,0.6508212307489532
1342,0.40570570134858214,0.08557046544261118,0.13612625707639975,0.3725975761324068,0.40570570134858214,0.6508212675530626
1343,0.4057055835445091,0.08557054536599852,0.13612622054678222,0.37259765054271,0.4057055835445091,0.650821303957974
1344,0.4057054669655972,0.08557062442508394,0.1361261844024869,0.37259772420683185,0.4057054669655972,0.650821339967776
1345,0.4057053515991779,0.08557070262888228,0.13612614863934977,0.37259779713258984,0.4057053515991779,0.6508213755865164
1346,0.4057052374327134,0.08557077998631452,0.13612611325325233,0.3725978693277195,0.4057052374327134,0.6508214108181989
1347,0.40570512445379564,0.0855708565062086,0.13612607824011985,0.37259794079987574,0.40570512445379564,0.6508214456667889
1348,0.4057050126501446,0.08557093219730039,0.13612604359592193,0.37259801155663286,0.4057050126501446,0.650821480136208
1349,0.4057049020096075,0.08557100706823476,0.13612600931667124,0.3725980816054862,0.4057049020096075,0.6508215142303413
1350,0.40570479252015706,0.08557108112756666,0.13612597539842322,0.3725981509538529,0.40570479252015706,0.6508215479530324
1351,0.40570468416988975,0.08557115438376192,0.13612594183727617,0.37259821960907197,0.40570468416988975,0.6508215813080838
1352,0.4057045769470258,0.08557122684519783,0.13612590862937032,0.37259828757840596,0.4057045769470258,0.6508216142992621
1353,0.40570447083990646,0.08557129852016472,0.13612587577088728,0.3725983548690413,0.40570447083990646,0.6508216469302937
1354,0.4057043658369944,0.08557136941686634,0.1361258432580496,0.3725984214880896,0.4057043658369944,0.6508216792048672
1355,0.4057042619268705,0.0855714395434212,0.13612581108712074,0.37259848744258744,0.4057042619268705,0.6508217111266332
1356,0.4057041590982342,0.08557150890786307,0.13612577925440447,0.3725985527394979,0.4057041590982342,0.6508217426992047
1357,0.4057040573399022,0.08557157751814178,0.13612574775624423,0.37259861738571176,0.4057040573399022,0.6508217739261595
1358,0.4057039566408052,0.0855716453821248,0.1361257165890228,0.372598681388047,0.4057039566408052,0.6508218048110357
1359,0.4057038569899899,0.08557171250759728,0.13612568574916198,0.37259874475325067,0.4057038569899899,0.6508218353573374
1360,0.40570375837661565,0.08557177890226336,0.1361256552331219,0.37259880748799906,0.40570375837661565,0.6508218655685316
1361,0.4057036607899536,0.08557184457374675,0.1361256250374009,0.37259886959889854,0.4057036607899536,0.6508218954480521
1362,0.40570356421938586,0.08557190952959215,0.13612559515853537,0.3725989310924865,0.40570356421938586,0.6508219249992933
1363,0.4057034686544048,0.08557197377726489,0.13612556559309832,0.3725989919752318,0.4057034686544048,0.6508219542256204
1364,0.40570337408461077,0.08557203732415324,0.13612553633770055,0.3725990522535354,0.40570337408461077,0.6508219831303579
1365,0.4057032804997118,0.08557210017756803,0.1361255073889883,0.37259911193373174,0.4057032804997118,0.6508220117168028
1366,0.4057031878895222,0.08557216234474423,0.13612547874364478,0.3725991710220887,0.4057031878895222,0.6508220399882121
1367,0.4057030962439619,0.08557222383284119,0.13612545039838841,0.37259922952480845,0.4057030962439619,0.6508220679478137
1368,0.4057030055530546,0.0855722846489434,0.1361254223499734,0.3725992874480284,0.4057030055530546,0.6508220955988013
1369,0.40570291580692736,0.08557234480006218,0.1361253945951886,0.37259934479782175,0.40570291580692736,0.6508221229443348
1370,0.4057028269958091,0.08557240429313522,0.13612536713085738,0.37259940158019816,0.4057028269958091,0.6508221499875437
1371,0.4057027391100297,0.08557246313502825,0.13612533995383774,0.37259945780110404,0.4057027391100297,0.6508221767315232
1372,0.4057026521400194,0.08557252133253504,0.1361253130610211,0.37259951346642434,0.4057026521400194,0.6508222031793396
1373,0.4057025660763069,0.08557257889237908,0.13612528644933256,0.37259956858198123,0.4057025660763069,0.6508222293340244
1374,0.4057024809095191,0.08557263582121347,0.13612526011573034,0.3725996231535371,0.4057024809095191,0.6508222551985812
1375,0.4057023966303793,0.08557269212562195,0.13612523405720517,0.3725996771867934,0.4057023966303793,0.6508222807759803
1376,0.40570231322970746,0.0855727478121196,0.13612520827078065,0.3725997306873922,0.40570231322970746,0.6508223060691642
1377,0.4057022306984176,0.08557280288715385,0.1361251827535123,0.3725997836609161,0.4057022306984176,0.6508223310810425
1378,0.40570214902751833,0.08557285735710478,0.13612515750248705,0.3725998361128896,0.40570214902751833,0.6508223558144967
1379,0.40570206820811067,0.0855729112282861,0.13612513251482372,0.37259988804877947,0.40570206820811067,0.6508223802723785
1380,0.4057019882313881,0.08557296450694528,0.13612510778767162,0.37259993947399506,0.4057019882313881,0.6508224044575115
1381,0.4057019090886346,0.08557301719926527,0.13612508331821133,0.3725999903938887,0.4057019090886346,0.650822428372687
1382,0.4057018307712246,0.08557306931136421,0.13612505910365336,0.3726000408137577,0.4057018307712246,0.6508224520206718
1383,0.40570175327062163,0.08557312084929662,0.13612503514123872,0.37260009073884276,0.40570175327062163,0.6508224754042011
1384,0.4057016765783774,0.08557317181905398,0.1361250114282377,0.3726001401743307,0.4057016765783774,0.6508224985259833
1385,0.40570160068613137,0.08557322222656445,0.1361249879619505,0.3726001891253536,0.40570160068613137,0.6508225213887021
1386,0.40570152558560846,0.08557327207769606,0.13612496473970565,0.3726002375969898,0.40570152558560846,0.6508225439950074
1387,0.40570145126861995,0.0855733213782542,0.13612494175886142,0.3726002855942643,0.40570145126861995,0.6508225663475271
1388,0.4057013777270615,0.08557337013398456,0.13612491901680396,0.37260033312214985,0.4057013777270615,0.6508225884488599
1389,0.4057013049529125,0.0855734183505725,0.13612489651094778,0.37260038018556707,0.4057013049529125,0.6508226103015786
1390,0.4057012329382358,0.0855734660336442,0.13612487423873498,0.3726004267893849,0.4057012329382358,0.6508226319082314
1391,0.405701161675175,0.08557351318876753,0.13612485219763584,0.37260047293842136,0.405701161675175,0.6508226532713346
1392,0.40570109115595643,0.0855735598214518,0.13612483038514708,0.3726005186374444,0.40570109115595643,0.6508226743933871
1393,0.40570102137288555,0.08557360593714942,0.1361248087987935,0.3726005638911714,0.40570102137288555,0.6508226952768548
1394,0.4057009523183482,0.08557365154125551,0.1361247874361253,0.37260060870427075,0.4057009523183482,0.6508227159241818
1395,0.4057008839848083,0.08557369663910915,0.13612476629472026,0.3726006530813621,0.4057008839848083,0.6508227363377871
1396,0.4057008163648083,0.08557374123599394,0.13612474537218144,0.3726006970270162,0.4057008163648083,0.6508227565200652
1397,0.4057007494509671,0.08557378533713779,0.13612472466613842,0.37260074054575637,0.4057007494509671,0.6508227764733845
1398,0.4057006832359806,0.08557382894771504,0.13612470417424563,0.3726007836420585,0.4057006832359806,0.65082279620009
1399,0.4057006177126196,0.08557387207284507,0.13612468389418328,0.3726008263203517,0.4057006177126196,0.6508228157025034
1400,0.4057005528737299,0.08557391471759478,0.1361246638236568,0.37260086858501834,0.4057005528737299,0.6508228349829216
1401,0.40570048871223136,0.08557395688697762,0.1361246439603954,0.3726009104403954,0.40570048871223136,0.6508228540436185
1402,0.40570042522111655,0.08557399858595532,0.13612462430215408,0.3726009518907738,0.40570042522111655,0.6508228728868443
1403,0.4057003623934513,0.08557403981943698,0.13612460484671088,0.37260099294040055,0.4057003623934513,0.650822891514827
1404,0.4057003002223722,0.08557408059228169,0.13612458559186888,0.3726010335934771,0.4057003002223722,0.6508229099297695
1405,0.4057002387010875,0.08557412090929696,0.13612456653545368,0.3726010738541616,0.4057002387010875,0.6508229281338562
1406,0.4057001778228753,0.08557416077524073,0.1361245476753155,0.37260111372656823,0.4057001778228753,0.6508229461292452
1407,0.40570011758108354,0.08557420019482077,0.13612452900932698,0.37260115321476844,0.40570011758108354,0.6508229639180748
1408,0.40570005796912856,0.08557423917269645,0.1361245105353839,0.37260119232279104,0.40570005796912856,0.6508229815024604
1409,0.40569999898049464,0.08557427771347807,0.136124492251405,0.3726012310546222,0.40569999898049464,0.6508229988844956
1410,0.40569994060873393,0.0855743158217282,0.13612447415533083,0.37260126941420674,0.40569994060873393,0.650823016066254
1411,0.4056998828474651,0.08557435350196144,0.13612445624512495,0.37260130740544833,0.4056998828474651,0.6508230330497863
1412,0.40569982569037244,0.08557439075864559,0.13612443851877243,0.37260134503220926,0.40569982569037244,0.6508230498371219
1413,0.40569976913120603,0.08557442759620189,0.13612442097428018,0.3726013822983117,0.40569976913120603,0.6508230664302719
1414,0.4056997131637801,0.0855744640190053,0.13612440360967673,0.37260141920753787,0.4056997131637801,0.6508230828312247
1415,0.40569965778197303,0.08557450003138536,0.13612438642301145,0.37260145576362996,0.40569965778197303,0.6508230990419486
1416,0.40569960297972657,0.08557453563762621,0.13612436941235545,0.37260149197029163,0.40569960297972657,0.6508231150643923
1417,0.4056995487510451,0.08557457084196751,0.1361243525758002,0.372601527831187,0.4056995487510451,0.6508231309004842
1418,0.40569949508999503,0.08557460564860475,0.13612433591145784,0.37260156334994227,0.40569949508999503,0.650823146552133
1419,0.4056994419907038,0.08557464006168959,0.1361243194174608,0.3726015985301457,0.4056994419907038,0.6508231620212279
1420,0.4056993894473597,0.08557467408533045,0.13612430309196186,0.37260163337534774,0.4056993894473597,0.6508231773096386
1421,0.40569933745421155,0.0855747077235926,0.1361242869331338,0.3726016678890619,0.40569933745421155,0.6508231924192165
1422,0.40569928600556715,0.0855747409804994,0.13612427093916857,0.37260170207476473,0.40569928600556715,0.6508232073517924
1423,0.40569923509579314,0.08557477386003198,0.13612425510827852,0.3726017359358963,0.40569923509579314,0.6508232221091794
1424,0.40569918471931443,0.08557480636613005,0.13612423943869445,0.37260176947586077,0.40569918471931443,0.6508232366931721
1425,0.405699134870614,0.0855748385026922,0.13612422392866683,0.3726018026980268,0.405699134870614,0.6508232511055465
1426,0.40569908554423156,0.08557487027357626,0.13612420857646473,0.3726018356057271,0.40569908554423156,0.6508232653480608
1427,0.40569903673476315,0.08557490168259996,0.13612419338037623,0.3726018682022605,0.40569903673476315,0.6508232794224542
1428,0.4056989884368608,0.08557493273354122,0.13612417833870735,0.3726019004908905,0.4056989884368608,0.6508232933304493
1429,0.4056989406452319,0.08557496343013866,0.13612416344978273,0.37260193247484646,0.4056989406452319,0.6508233070737497
1430,0.40569889335463855,0.08557499377609154,0.13612414871194545,0.37260196415732444,0.40569889335463855,0.650823320654043
1431,0.40569884655989696,0.08557502377506077,0.13612413412355567,0.3726019955414865,0.40569884655989696,0.6508233340729987
1432,0.4056988002558767,0.08557505343066932,0.13612411968299207,0.37260202663046177,0.4056988002558767,0.6508233473322692
1433,0.405698754437501,0.08557508274650183,0.13612410538865036,0.3726020574273466,0.405698754437501,0.6508233604334903
1434,0.40569870909974504,0.08557511172610621,0.13612409123894373,0.3726020879352049,0.40569870909974504,0.6508233733782804
1435,0.4056986642376362,0.08557514037299269,0.13612407723230224,0.37260211815706873,0.4056986642376362,0.6508233861682434
1436,0.40569861984625316,0.08557516869063561,0.13612406336717336,0.3726021480959377,0.40569861984625316,0.650823398804963
1437,0.4056985759207256,0.08557519668247233,0.13612404964202107,0.3726021777547807,0.4056985759207256,0.6508234112900095
1438,0.4056985324562337,0.0855752243519049,0.136124036055326,0.37260220713653525,0.4056985324562337,0.6508234236249378
1439,0.4056984894480069,0.0855752517022996,0.13612402260558515,0.37260223624410804,0.4056984894480069,0.6508234358112839
1440,0.4056984468913245,0.085575278736988,0.13612400929131183,0.3726022650803755,0.4056984468913245,0.6508234478505701
1441,0.40569840478151464,0.08557530545926606,0.13612399611103537,0.37260229364818387,0.40569840478151464,0.6508234597443037
1442,0.4056983631139534,0.08557533187239628,0.13612398306330084,0.37260232195034915,0.4056983631139534,0.6508234714939743
1443,0.40569832188406485,0.0855753579796069,0.1361239701466694,0.3726023499896586,0.40569832188406485,0.6508234831010583
1444,0.4056982810873204,0.08557538378409214,0.13612395735971747,0.3726023777688696,0.4056982810873204,0.6508234945670158
1445,0.40569824071923866,0.08557540928901335,0.13612394470103706,0.372602405290711,0.40569824071923866,0.6508235058932931
1446,0.40569820077538377,0.08557543449749834,0.13612393216923474,0.37260243255788306,0.40569820077538377,0.6508235170813206
1447,0.4056981612513664,0.08557545941264301,0.13612391976293317,0.37260245957305727,0.4056981612513664,0.6508235281325134
1448,0.4056981221428421,0.08557548403751045,0.13612390748076916,0.37260248633887794,0.4056981221428421,0.6508235390482738
1449,0.40569808344551234,0.08557550837513174,0.13612389532139454,0.3726025128579613,0.40569808344551234,0.6508235498299904
1450,0.40569804515512176,0.08557553242850685,0.13612388328347552,0.37260253913289587,0.40569804515512176,0.6508235604790342
1451,0.4056980072674594,0.08557555620060399,0.1361238713656931,0.3726025651662433,0.4056980072674594,0.6508235709967648
1452,0.40569796977835865,0.08557557969436047,0.1361238595667419,0.37260259096053866,0.40569796977835865,0.650823581384528
1453,0.4056979326836949,0.08557560291268355,0.13612384788533125,0.3726026165182902,0.4056979326836949,0.6508235916436542
1454,0.40569789597938677,0.08557562585844913,0.13612383632018435,0.3726026418419796,0.40569789597938677,0.6508236017754616
1455,0.40569785966139504,0.08557564853450374,0.13612382487003782,0.3726026669340632,0.40569785966139504,0.6508236117812537
1456,0.4056978237257223,0.08557567094366432,0.1361238135336424,0.3726026917969709,0.4056978237257223,0.6508236216623222
1457,0.40569778816841207,0.0855756930887182,0.1361238023097619,0.3726027164331076,0.40569778816841207,0.6508236314199434
1458,0.4056977529855494,0.08557571497242347,0.13612379119717405,0.37260274084485295,0.4056977529855494,0.6508236410553833
1459,0.4056977181732594,0.0855757365975099,0.13612378019466911,0.3726027650345614,0.4056977181732594,0.6508236505698923
1460,0.40569768372770754,0.08557575796667836,0.13612376930105088,0.37260278900456306,0.40569768372770754,0.6508236599647101
1461,0.4056976496450984,0.08557577908260183,0.13612375851513622,0.37260281275716334,0.4056976496450984,0.6508236692410618
1462,0.4056976159216767,0.0855757999479251,0.13612374783575412,0.3726028362946439,0.4056976159216767,0.6508236784001615
1463,0.4056975825537253,0.08557582056526555,0.13612373726174704,0.372602859619262,0.4056975825537253,0.6508236874432102
1464,0.40569754953756537,0.08557584093721363,0.13612372679196968,0.37260288273325126,0.40569754953756537,0.6508236963713957
1465,0.4056975168695568,0.08557586106633204,0.1361237164252886,0.3726029056388225,0.4056975168695568,0.6508237051858958
1466,0.4056974845460968,0.08557588095515689,0.1361237061605834,0.3726029283381628,0.4056974845460968,0.6508237138878747
1467,0.4056974525636196,0.08557590060619838,0.13612369599674545,0.3726029508334364,0.4056974525636196,0.6508237224784843
1468,0.40569742091859656,0.08557592002194027,0.1361236859326778,0.3726029731267851,0.40569742091859656,0.650823730958866
1469,0.40569738960753565,0.08557593920483995,0.13612367596729613,0.3726029952203279,0.40569738960753565,0.6508237393301493
1470,0.40569735862698086,0.08557595815732967,0.13612366609952714,0.3726030171161623,0.40569735862698086,0.6508237475934513
1471,0.40569732797351166,0.08557597688181617,0.13612365632830933,0.37260303881636264,0.40569732797351166,0.6508237557498783
1472,0.40569729764374335,0.0855759953806811,0.136123646652593,0.3726030603229824,0.40569729764374335,0.6508237638005241
1473,0.40569726763432556,0.0855760136562812,0.1361236370713394,0.37260308163805356,0.40569726763432556,0.650823771746474
1474,0.40569723794194334,0.08557603171094856,0.13612362758352128,0.37260310276358644,0.40569723794194334,0.650823779588799
1475,0.405697208563316,0.08557604954699116,0.13612361818812244,0.37260312370157045,0.405697208563316,0.6508237873285616
1476,0.40569717949519574,0.08557606716669265,0.13612360888413758,0.37260314445397386,0.40569717949519574,0.6508237949668116
1477,0.4056971507343695,0.08557608457231311,0.13612359967057222,0.37260316502274504,0.4056971507343695,0.6508238025045888
1478,0.4056971222776572,0.08557610176608862,0.13612359054644305,0.372603185409811,0.4056971222776572,0.6508238099429235
1479,0.4056970941219112,0.08557611875023244,0.13612358151077697,0.3726032056170793,0.4056970941219112,0.6508238172828327
1480,0.4056970662640167,0.08557613552693438,0.1361235725626116,0.37260322564643716,0.4056970662640167,0.6508238245253258
1481,0.4056970387008914,0.08557615209836172,0.1361235637009948,0.3726032454997519,0.4056970387008914,0.6508238316714003
1482,0.4056970114294844,0.08557616846665862,0.13612355492498499,0.3726032651788719,0.4056970114294844,0.6508238387220451
1483,0.4056969844467764,0.08557618463394742,0.13612354623365092,0.37260328468562504,0.4056969844467764,0.6508238456782349
1484,0.40569695774977976,0.0855762006023279,0.1361235376260708,0.3726033040218215,0.40569695774977976,0.6508238525409404
1485,0.40569693133553736,0.08557621637387802,0.13612352910133332,0.3726033231892511,0.40569693133553736,0.6508238593111173
1486,0.4056969052011228,0.08557623195065428,0.13612352065853706,0.3726033421896857,0.4056969052011228,0.6508238659897141
1487,0.40569687934364,0.0855762473346914,0.13612351229678998,0.37260336102487823,0.40569687934364,0.6508238725776689
1488,0.4056968537602227,0.08557626252800332,0.13612350401520995,0.3726033796965637,0.4056968537602227,0.6508238790759099
1489,0.4056968284480344,0.0855762775325821,0.13612349581292468,0.37260339820645866,0.4056968284480344,0.6508238854853567
1490,0.4056968034042677,0.08557629235040029,0.13612348768907062,0.3726034165562614,0.4056968034042677,0.6508238918069186
1491,0.40569677862614456,0.08557630698340862,0.13612347964279414,0.37260343474765245,0.40569677862614456,0.6508238980414955
1492,0.4056967541109156,0.08557632143353822,0.13612347167325073,0.37260345278229523,0.4056967541109156,0.6508239041899786
1493,0.4056967298558597,0.08557633570269976,0.13612346377960496,0.37260347066183536,0.4056967298558597,0.6508239102532503
1494,0.40569670585828416,0.08557634979278403,0.1361234559610303,0.3726034883879012,0.40569670585828416,0.6508239162321827
1495,0.4056966821155239,0.08557636370566213,0.13612344821670957,0.3726035059621042,0.4056966821155239,0.6508239221276411
1496,0.40569665862494136,0.08557637744318575,0.13612344054583406,0.3726035233860387,0.40569665862494136,0.6508239279404789
1497,0.40569663538392664,0.08557639100718668,0.1361234329476041,0.3726035406612825,0.40569663538392664,0.650823933671544
1498,0.4056966123898964,0.08557640439947833,0.13612342542122832,0.37260355778939663,0.4056966123898964,0.650823939321673
1499,0.4056965896402944,0.08557641762185497,0.1361234179659244,0.3726035747719261,0.4056965896402944,0.6508239448916956
1500,0.4056965671325905,0.08557643067609183,0.1361234105809181,0.37260359161039935,0.4056965671325905,0.650823950382432
1501,0.4056965448642809,0.0855764435639459,0.13612340326544392,0.372603608306329,0.4056965448642809,0.6508239557946944
1502,0.40569652283288776,0.08557645628715575,0.13612339601874426,0.3726036248612121,0.40569652283288776,0.6508239611292872
1503,0.40569650103595883,0.08557646884744166,0.13612338884006997,0.37260364127652934,0.40569650103595883,0.6508239663870062
1504,0.4056964794710671,0.08557648124650645,0.13612338172867977,0.3726036575537465,0.4056964794710671,0.6508239715686377
1505,0.4056964581358109,0.08557649348603438,0.13612337468384103,0.3726036736943136,0.4056964581358109,0.6508239766749628
1506,0.4056964370278129,0.0855765055676931,0.13612336770482855,0.37260368969966523,0.4056964370278129,0.6508239817067508
1507,0.40569641614472135,0.08557651749313197,0.13612336079092482,0.37260370557122174,0.40569641614472135,0.6508239866647676
1508,0.40569639548420783,0.08557652926398349,0.13612335394142053,0.37260372131038805,0.40569639548420783,0.6508239915497672
1509,0.4056963750439683,0.08557654088186313,0.13612334715561403,0.3726037369185543,0.4056963750439683,0.6508239963624987
1510,0.4056963548217227,0.08557655234836961,0.13612334043281082,0.3726037523970965,0.4056963548217227,0.6508240011037013
1511,0.40569633481521494,0.08557656366508476,0.13612333377232466,0.37260376774737564,0.40569633481521494,0.6508240057741094
1512,0.4056963150222113,0.08557657483357395,0.13612332717347608,0.3726037829707386,0.4056963150222113,0.6508240103744468
1513,0.4056962954405019,0.08557658585538622,0.13612332063559326,0.37260379806851845,0.4056962954405019,0.6508240149054317
1514,0.4056962760678994,0.08557659673205464,0.1361233141580117,0.372603813042034,0.4056962760678994,0.6508240193677741
1515,0.40569625690223954,0.08557660746509577,0.13612330774007406,0.3726038278925905,0.40569625690223954,0.6508240237621787
1516,0.4056962379413796,0.08557661805601098,0.13612330138113007,0.37260384262147905,0.4056962379413796,0.6508240280893396
1517,0.40569621918320037,0.08557662850628545,0.13612329508053636,0.37260385722997774,0.40569621918320037,0.6508240323499478
1518,0.40569620062560274,0.08557663881738915,0.13612328883765698,0.37260387171935083,0.40569620062560274,0.6508240365446819
1519,0.4056961822665109,0.08557664899077662,0.13612328265186258,0.37260388609084966,0.4056961822665109,0.6508240406742202
1520,0.40569616410387005,0.08557665902788697,0.13612327652253087,0.37260390034571206,0.40569616410387005,0.6508240447392287
1521,0.40569614613564614,0.08557666893014469,0.13612327044904562,0.37260391448516333,0.40569614613564614,0.6508240487403694
1522,0.40569612835982677,0.08557667869895942,0.13612326443079828,0.3726039285104154,0.40569612835982677,0.6508240526782951
1523,0.4056961107744201,0.08557668833572551,0.13612325846718637,0.3726039424226679,0.4056961107744201,0.6508240565536547
1524,0.40569609337745494,0.08557669784182353,0.1361232525576133,0.3726039562231079,0.40569609337745494,0.6508240603670887
1525,0.4056960761669806,0.08557670721861882,0.13612324670149067,0.37260396991290984,0.4056960761669806,0.6508240641192322
1526,0.4056960591410662,0.0855767164674633,0.1361232408982347,0.3726039834932355,0.4056960591410662,0.6508240678107113
1527,0.4056960422978016,0.085576725589694,0.13612323514726896,0.37260399696523533,0.4056960422978016,0.6508240714421497
1528,0.40569602563529544,0.08557673458663456,0.13612322944802302,0.37260401033004675,0.40569602563529544,0.6508240750141612
1529,0.40569600915167664,0.08557674345959472,0.13612322379993225,0.3726040235887963,0.40569600915167664,0.6508240785273544
1530,0.40569599284509317,0.08557675220987014,0.13612321820243886,0.3726040367425978,0.40569599284509317,0.6508240819823325
1531,0.4056959767137122,0.0855767608387435,0.13612321265499064,0.37260404979255357,0.4056959767137122,0.6508240853796917
1532,0.4056959607557201,0.08557676934748337,0.13612320715704143,0.3726040627397549,0.4056959607557201,0.6508240887200227
1533,0.40569594496932165,0.08557677773734605,0.13612320170805112,0.372604075585281,0.40569594496932165,0.6508240920039091
1534,0.40569592935274057,0.08557678600957387,0.13612319630748534,0.37260408833020014,0.40569592935274057,0.6508240952319294
1535,0.40569591390421855,0.08557679416539668,0.13612319095481554,0.372604100975569,0.40569591390421855,0.6508240984046553
1536,0.4056958986220158,0.08557680220603123,0.13612318564951892,0.3726041135224339,0.4056958986220158,0.6508241015226547
1537,0.40569588350441044,0.08557681013268165,0.13612318039107868,0.3726041259718292,0.40569588350441044,0.6508241045864868
1538,0.40569586854969825,0.08557681794653955,0.13612317517898284,0.3726041383247792,0.40569586854969825,0.6508241075967072
1539,0.40569585375619266,0.08557682564878408,0.13612317001272603,0.37260415058229707,0.40569585375619266,0.6508241105538648
1540,0.40569583912222507,0.0855768332405819,0.13612316489180726,0.37260416274538566,0.40569583912222507,0.6508241134585044
1541,0.40569582464614334,0.08557684072308773,0.13612315981573184,0.37260417481503705,0.40569582464614334,0.6508241163111628
1542,0.40569581032631286,0.08557684809744436,0.13612315478401002,0.3726041867922326,0.40569581032631286,0.6508241191123725
1543,0.4056957961611163,0.08557685536478224,0.13612314979615742,0.3726041986779441,0.4056957961611163,0.6508241218626609
1544,0.405695782148952,0.08557686252621999,0.13612314485169522,0.3726042104731326,0.405695782148952,0.6508241245625501
1545,0.4056957682882361,0.08557686958286519,0.13612313995014916,0.37260422217874933,0.4056957682882361,0.6508241272125557
1546,0.4056957545774003,0.08557687653581308,0.13612313509105084,0.37260423379573543,0.4056957545774003,0.6508241298131895
1547,0.4056957410148929,0.08557688338614802,0.1361231302739364,0.3726042453250224,0.4056957410148929,0.6508241323649571
1548,0.4056957275991781,0.08557689013494275,0.13612312549834762,0.37260425676753145,0.4056957275991781,0.6508241348683579
1549,0.405695714328736,0.08557689678325892,0.1361231207638305,0.3726042681241744,0.405695714328736,0.6508241373238896
1550,0.40569570120206255,0.08557690333214688,0.13612311606993638,0.37260427939585405,0.40569570120206255,0.6508241397320417
1551,0.40569568821766905,0.08557690978264648,0.1361231114162217,0.37260429058346245,0.40569568821766905,0.6508241420932985
1552,0.40569567537408263,0.08557691613578641,0.13612310680224732,0.37260430168788355,0.40569567537408263,0.6508241444081411
1553,0.405695662669845,0.08557692239258442,0.13612310222757903,0.37260431270999145,0.405695662669845,0.6508241466770462
1554,0.40569565010351333,0.0855769285540478,0.13612309769178743,0.3726043236506512,0.40569565010351333,0.6508241489004829
1555,0.40569563767365996,0.08557693462117365,0.1361230931944477,0.37260433451071856,0.40569563767365996,0.6508241510789176
1556,0.4056956253788717,0.08557694059494823,0.1361230887351393,0.37260434529104064,0.4056956253788717,0.6508241532128112
1557,0.40569561321775,0.08557694647634759,0.13612308431344686,0.3726043559924553,0.40569561321775,0.6508241553026208
1558,0.4056956011889109,0.08557695226633763,0.1361230799289591,0.3726043666157921,0.4056956011889109,0.6508241573487972
1559,0.4056955892909843,0.08557695796587447,0.13612307558126957,0.3726043771618714,0.4056955892909843,0.650824159351787
1560,0.4056955775226151,0.08557696357590379,0.13612307126997578,0.37260438763150516,0.4056955775226151,0.6508241613120336
1561,0.4056955658824618,0.08557696909736118,0.13612306699467994,0.37260439802549705,0.4056955658824618,0.650824163229975
1562,0.4056955543691963,0.08557697453117319,0.13612306275498856,0.37260440834464187,0.4056955543691963,0.6508241651060438
1563,0.4056955429815053,0.08557697987825641,0.1361230585505121,0.3726044185897261,0.4056955429815053,0.6508241669406698
1564,0.4056955317180877,0.08557698513951757,0.136123054380866,0.3726044287615285,0.4056955317180877,0.6508241687342763
1565,0.40569552057765756,0.08557699031585399,0.13612305024566887,0.3726044388608192,0.40569552057765756,0.6508241704872851
1566,0.40569550955894107,0.08557699540815403,0.13612304614454424,0.37260444888836036,0.40569550955894107,0.650824172200112
1567,0.4056954986606777,0.08557700041729654,0.13612304207711973,0.37260445884490595,0.4056954986606777,0.6508241738731674
1568,0.4056954878816201,0.08557700534415083,0.1361230380430265,0.37260446873120234,0.4056954878816201,0.6508241755068608
1569,0.4056954772205341,0.08557701018957779,0.13612303404189982,0.37260447854798795,0.4056954772205341,0.650824177101593
1570,0.405695466676198,0.0855770149544288,0.1361230300733796,0.3726044882959935,0.405695466676198,0.6508241786577644
1571,0.4056954562474028,0.08557701963954656,0.13612302613710855,0.372604497975942,0.4056954562474028,0.6508241801757706
1572,0.405695445932952,0.08557702424576484,0.13612302223273445,0.37260450758854846,0.405695445932952,0.6508241816560019
1573,0.4056954357316615,0.08557702877390917,0.13612301835990792,0.37260451713452125,0.4056954357316615,0.6508241830988453
1574,0.40569542564235966,0.08557703322479551,0.13612301451828404,0.3726045266145607,0.40569542564235966,0.6508241845046843
1575,0.40569541566388656,0.08557703759923214,0.1361230107075212,0.3726045360293598,0.40569541566388656,0.6508241858738976
1576,0.40569540579509467,0.08557704189801887,0.13612300692728183,0.37260454537960436,0.40569540579509467,0.6508241872068605
1577,0.40569539603484817,0.08557704612194666,0.1361230031772318,0.37260455466597314,0.40569539603484817,0.6508241885039449
1578,0.4056953863820229,0.08557705027179835,0.1361229994570408,0.3726045638891377,0.4056953863820229,0.650824189765518
1579,0.4056953768355063,0.085577054348349,0.1361229957663821,0.37260457304976247,0.4056953768355063,0.6508241909919434
1580,0.4056953673941977,0.08557705835236491,0.13612299210493242,0.37260458214850484,0.4056953673941977,0.6508241921835817
1581,0.40569535805700724,0.08557706228460511,0.13612298847237198,0.37260459118601547,0.40569535805700724,0.6508241933407886
1582,0.4056953488228569,0.08557706614582015,0.13612298486838442,0.3726046001629382,0.4056953488228569,0.6508241944639179
1583,0.4056953396906798,0.08557706993675278,0.13612298129265724,0.3726046090799099,0.4056953396906798,0.650824195553318
1584,0.40569533065941976,0.0855770736581385,0.13612297774488047,0.37260461793756106,0.40569533065941976,0.6508241966093352
1585,0.4056953217280315,0.08557707731070455,0.13612297422474878,0.372604626736515,0.4056953217280315,0.65082419763231
1586,0.4056953128954808,0.08557708089517085,0.13612297073195925,0.37260463547738915,0.4056953128954808,0.6508241986225819
1587,0.40569530416074406,0.08557708441224943,0.1361229672662122,0.37260464416079414,0.40569530416074406,0.6508241995804873
1588,0.40569529552280814,0.08557708786264553,0.13612296382721165,0.3726046527873343,0.40569529552280814,0.650824200506355
1589,0.4056952869806709,0.08557709124705669,0.13612296041466476,0.37260466135760745,0.4056952869806709,0.6508242014005154
1590,0.4056952785333398,0.08557709456617299,0.1361229570282817,0.37260466987220525,0.4056952785333398,0.6508242022632926
1591,0.40569527017983326,0.08557709782067756,0.1361229536677759,0.3726046783317131,0.40569527017983326,0.6508242030950084
1592,0.40569526191917943,0.08557710101124597,0.13612295033286403,0.3726046867367103,0.40569526191917943,0.6508242038959813
1593,0.4056952537504168,0.0855771041385475,0.13612294702326536,0.3726046950877701,0.4056952537504168,0.650824204666526
1594,0.40569524567259346,0.08557710720324381,0.13612294373870293,0.37260470338545965,0.40569524567259346,0.6508242054069538
1595,0.40569523768476745,0.08557711020598975,0.13612294047890236,0.37260471163034026,0.40569523768476745,0.6508242061175733
1596,0.40569522978600714,0.0855771131474335,0.13612293724359206,0.37260471982296695,0.40569522978600714,0.65082420679869
1597,0.4056952219753899,0.08557711602821627,0.13612293403250408,0.37260472796388955,0.4056952219753899,0.6508242074506072
1598,0.4056952142520026,0.08557711884897284,0.1361229308453727,0.3726047360536517,0.4056952142520026,0.6508242080736233
1599,0.40569520661494207,0.0855771216103308,0.13612292768193573,0.37260474409279126,0.40569520661494207,0.6508242086680347
1600,0.405695199063314,0.08557712431291203,0.13612292454193295,0.3726047520818409,0.405695199063314,0.6508242092341336
1601,0.40569519159623346,0.08557712695733147,0.1361229214251077,0.37260476002132725,0.40569519159623346,0.6508242097722108
1602,0.40569518421282513,0.08557712954419708,0.1361229183312061,0.37260476791177166,0.40569518421282513,0.6508242102825532
1603,0.405695176912222,0.08557713207411133,0.13612291525997672,0.3726047757536898,0.405695176912222,0.6508242107654457
1604,0.4056951696935667,0.08557713454767016,0.136122912211171,0.3726047835475919,0.4056951696935667,0.6508242112211684
1605,0.40569516255601057,0.08557713696546307,0.136122909184543,0.3726047912939832,0.40569516255601057,0.6508242116500006
1606,0.40569515549871316,0.08557713932807365,0.1361229061798499,0.37260479899336335,0.40569515549871316,0.650824212052217
1607,0.4056951485208433,0.08557714163607902,0.13612290319685086,0.37260480664622675,0.4056951485208433,0.650824212428091
1608,0.4056951416215784,0.08557714389005076,0.13612290023530796,0.37260481425306263,0.4056951416215784,0.6508242127778917
1609,0.40569513480010455,0.08557714609055392,0.13612289729498603,0.3726048218143554,0.40569513480010455,0.650824213101888
1610,0.4056951280556155,0.08557714823814835,0.13612289437565248,0.3726048293305836,0.4056951280556155,0.6508242134003416
1611,0.4056951213873142,0.0855771503333874,0.13612289147707668,0.3726048368022216,0.4056951213873142,0.6508242136735172
1612,0.4056951147944113,0.08557715237681891,0.1361228885990313,0.37260484422973855,0.4056951147944113,0.6508242139216717
1613,0.40569510827612587,0.08557715436898501,0.13612288574129097,0.3726048516135979,0.40569510827612587,0.6508242141450613
1614,0.4056951018316854,0.08557715631042175,0.13612288290363303,0.3726048589542598,0.4056951018316854,0.650824214343942
1615,0.4056950954603244,0.08557715820166067,0.1361228800858368,0.37260486625217787,0.4056950954603244,0.6508242145185626
1616,0.40569508916128616,0.08557716004322655,0.13612287728768496,0.37260487350780214,0.40569508916128616,0.6508242146691727
1617,0.40569508293382145,0.08557716183563947,0.13612287450896143,0.3726048807215774,0.40569508293382145,0.6508242147960182
1618,0.40569507677718897,0.08557716357941315,0.13612287174945348,0.37260488789394414,0.40569507677718897,0.6508242148993422
1619,0.40569507069065486,0.08557716527505745,0.13612286900894977,0.3726048950253376,0.40569507069065486,0.6508242149793861
1620,0.40569506467349326,0.08557716692307532,0.13612286628724207,0.3726049021161891,0.40569506467349326,0.6508242150363888
1621,0.40569505872498546,0.08557716852396548,0.13612286358412384,0.3726049091669251,0.40569505872498546,0.6508242150705861
1622,0.4056950528444202,0.085577170078221,0.13612286089939105,0.3726049161779676,0.4056950528444202,0.6508242150822112
1623,0.40569504703109355,0.08557717158633014,0.13612285823284206,0.3726049231497341,0.40569504703109355,0.6508242150714959
1624,0.4056950412843095,0.08557717304877538,0.13612285558427714,0.3726049300826379,0.4056950412843095,0.6508242150386692
1625,0.40569503560337816,0.08557717446603513,0.1361228529534988,0.37260493697708785,0.40569503560337816,0.6508242149839569
1626,0.4056950299876178,0.08557717583858188,0.13612285034031177,0.37260494383348847,0.4056950299876178,0.6508242149075836
1627,0.40569502443635314,0.08557717716688357,0.1361228477445228,0.3726049506522403,0.40569502443635314,0.6508242148097725
1628,0.4056950189489159,0.08557717845140365,0.13612284516594092,0.3726049574337394,0.4056950189489159,0.6508242146907409
1629,0.4056950135246453,0.08557717969259963,0.13612284260437726,0.37260496417837763,0.4056950135246453,0.6508242145507084
1630,0.4056950081628866,0.08557718089092572,0.13612284005964465,0.3726049708865428,0.4056950081628866,0.6508242143898891
1631,0.4056950028629925,0.08557718204683006,0.13612283753155865,0.37260497755861866,0.4056950028629925,0.650824214208496
1632,0.40569499762432176,0.0855771831607568,0.13612283501993594,0.3726049841949852,0.40569499762432176,0.6508242140067405
1633,0.4056949924462405,0.08557718423314545,0.136122832524596,0.3726049907960179,0.4056949924462405,0.6508242137848304
1634,0.405694987328121,0.08557718526443038,0.13612283004535966,0.3726049973620889,0.405694987328121,0.6508242135429732
1635,0.40569498226934175,0.08557718625504225,0.13612282758205024,0.37260500389356543,0.40569498226934175,0.650824213281372
1636,0.4056949772692884,0.0855771872054063,0.13612282513449264,0.37260501039081245,0.4056949772692884,0.6508242130002306
1637,0.40569497232735235,0.08557718811594422,0.13612282270251388,0.37260501685418945,0.40569497232735235,0.6508242126997482
1638,0.4056949674429316,0.08557718898707263,0.13612282028594255,0.372605023284053,0.4056949674429316,0.650824212380123
1639,0.40569496261543037,0.08557718981920408,0.13612281788460937,0.3726050296807559,0.40569496261543037,0.6508242120415519
1640,0.4056949578442588,0.08557719061274677,0.13612281549834712,0.3726050360446471,0.4056949578442588,0.6508242116842282
1641,0.40569495312883347,0.08557719136810472,0.13612281312698982,0.3726050423760719,0.40569495312883347,0.6508242113083449
1642,0.4056949484685768,0.08557719208567727,0.13612281077037378,0.37260504867537186,0.4056949484685768,0.6508242109140915
1643,0.40569494386291705,0.08557719276586045,0.1361228084283369,0.37260505494288537,0.40569494386291705,0.6508242105016568
1644,0.4056949393112888,0.0855771934090455,0.1361228061007189,0.37260506117894665,0.4056949393112888,0.6508242100712258
1645,0.40569493481313224,0.08557719401561928,0.1361228037873614,0.37260506738388693,0.40569493481313224,0.6508242096229848
1646,0.40569493036789334,0.08557719458596554,0.13612280148810732,0.37260507355803363,0.40569493036789334,0.650824209157115
1647,0.40569492597502393,0.08557719512046322,0.1361227992028018,0.37260507970171086,0.40569492597502393,0.6508242086737971
1648,0.4056949216339814,0.08557719561948801,0.13612279693129115,0.3726050858152392,0.4056949216339814,0.6508242081732103
1649,0.4056949173442288,0.08557719608341051,0.13612279467342409,0.3726050918989363,0.4056949173442288,0.650824207655532
1650,0.40569491310523464,0.0855771965125989,0.13612279242905043,0.3726050979531159,0.40569491310523464,0.650824207120936
1651,0.4056949089164732,0.08557719690741665,0.13612279019802132,0.37260510397808866,0.4056949089164732,0.6508242065695968
1652,0.405694904777424,0.08557719726822327,0.1361227879801905,0.37260510997416213,0.405694904777424,0.6508242060016857
1653,0.4056949006875718,0.08557719759537515,0.13612278577541254,0.3726051159416403,0.4056949006875718,0.6508242054173721
1654,0.4056948966464071,0.0855771978892245,0.13612278358354382,0.37260512188082445,0.4056948966464071,0.6508242048168242
1655,0.40569489265342534,0.08557719815011981,0.13612278140444234,0.3726051277920125,0.40569489265342534,0.6508242042002093
1656,0.4056948887081272,0.08557719837840648,0.13612277923796742,0.37260513367549863,0.4056948887081272,0.6508242035676906
1657,0.40569488481001886,0.08557719857442556,0.13612277708398057,0.3726051395315748,0.40569488481001886,0.6508242029194315
1658,0.40569488095861117,0.08557719873851491,0.13612277494234407,0.3726051453605296,0.40569488095861117,0.650824202255594
1659,0.4056948771534206,0.08557719887100888,0.13612277281292187,0.37260515116264853,0.4056948771534206,0.6508242015763374
1660,0.4056948733939677,0.08557719897223859,0.1361227706955796,0.3726051569382139,0.4056948733939677,0.6508242008818188
1661,0.4056948696797793,0.08557719904253082,0.13612276859018418,0.37260516268750554,0.4056948696797793,0.6508242001721969
1662,0.4056948660103855,0.08557719908220994,0.13612276649660449,0.3726051684107998,0.4056948660103855,0.6508241994476233
1663,0.4056948623853231,0.085577199091596,0.13612276441471016,0.3726051741083705,0.4056948623853231,0.6508241987082539
1664,0.40569485880413203,0.08557719907100673,0.13612276234437257,0.37260517978048857,0.40569485880413203,0.6508241979542391
1665,0.40569485526635796,0.08557719902075563,0.13612276028546447,0.3726051854274217,0.40569485526635796,0.6508241971857287
1666,0.40569485177155123,0.08557719894115354,0.13612275823785988,0.3726051910494352,0.40569485177155123,0.6508241964028718
1667,0.40569484831926644,0.08557719883250768,0.1361227562014344,0.37260519664679137,0.40569484831926644,0.6508241956058158
1668,0.405694844909063,0.08557719869512205,0.13612275417606512,0.37260520221974985,0.405694844909063,0.6508241947947047
1669,0.4056948415405047,0.08557719852929767,0.13612275216162995,0.3726052077685676,0.4056948415405047,0.6508241939696839
1670,0.4056948382131603,0.0855771983353323,0.13612275015800837,0.37260521329349877,0.4056948382131603,0.6508241931308958
1671,0.4056948349266027,0.08557719811352069,0.1361227481650817,0.3726052187947948,0.4056948349266027,0.6508241922784812
1672,0.4056948316804091,0.0855771978641545,0.13612274618273168,0.37260522427270465,0.4056948316804091,0.65082419141258
1673,0.40569482847416116,0.08557719758752198,0.1361227442108421,0.37260522972747434,0.40569482847416116,0.6508241905333296
1674,0.40569482530744533,0.08557719728390897,0.1361227422492975,0.37260523515934796,0.40569482530744533,0.6508241896408681
1675,0.4056948221798516,0.0855771969535979,0.1361227402979839,0.3726052405685664,0.4056948221798516,0.6508241887353299
1676,0.40569481909097477,0.08557719659686835,0.13612273835678856,0.37260524595536815,0.40569481909097477,0.650824187816849
1677,0.4056948160404136,0.08557719621399709,0.13612273642560008,0.37260525131998906,0.4056948160404136,0.6508241868855581
1678,0.40569481302777094,0.0855771958052578,0.13612273450430804,0.37260525666266303,0.40569481302777094,0.6508241859415886
1679,0.40569481005265423,0.08557719537092112,0.13612273259280316,0.37260526198362137,0.40569481005265423,0.6508241849850718
1680,0.4056948071146742,0.08557719491125562,0.1361227306909779,0.3726052672830922,0.4056948071146742,0.6508241840161342
1681,0.40569480421344606,0.08557719442652618,0.13612272879872542,0.37260527256130216,0.40569480421344606,0.6508241830349032
1682,0.405694801348589,0.08557719391699553,0.13612272691594002,0.37260527781847524,0.405694801348589,0.6508241820415058
1683,0.4056947985197261,0.08557719338292323,0.13612272504251768,0.37260528305483287,0.4056947985197261,0.6508241810360667
1684,0.4056947957264844,0.08557719282456645,0.13612272317835483,0.372605288270594,0.4056947957264844,0.6508241800187085
1685,0.40569479296849487,0.08557719224217941,0.13612272132334946,0.37260529346597615,0.40569479296849487,0.6508241789895541
1686,0.4056947902453921,0.08557719163601384,0.13612271947740048,0.3726052986411934,0.4056947902453921,0.6508241779487245
1687,0.4056947875568145,0.08557719100631891,0.1361227176404081,0.37260530379645845,0.4056947875568145,0.6508241768963379
1688,0.40569478490240407,0.08557719035334109,0.13612271581227345,0.37260530893198124,0.40569478490240407,0.6508241758325135
1689,0.40569478228180705,0.08557718967732388,0.13612271399289885,0.3726053140479699,0.40569478228180705,0.6508241747573694
1690,0.40569477969467316,0.08557718897850893,0.13612271218218774,0.37260531914463,0.40569477969467316,0.6508241736710213
1691,0.40569477714065516,0.08557718825713485,0.13612271038004434,0.3726053242221653,0.40569477714065516,0.650824172573583
1692,0.40569477461941006,0.0855771875134381,0.1361227085863744,0.3726053292807771,0.40569477461941006,0.6508241714651688
1693,0.40569477213059846,0.08557718674765245,0.13612270680108407,0.37260533432066484,0.40569477213059846,0.6508241703458915
1694,0.40569476967388385,0.08557718596000911,0.13612270502408114,0.3726053393420257,0.40569476967388385,0.6508241692158622
1695,0.4056947672489339,0.08557718515073717,0.13612270325527392,0.372605344345055,0.4056947672489339,0.6508241680751912
1696,0.4056947648554189,0.08557718432006342,0.13612270149457206,0.37260534932994543,0.4056947648554189,0.6508241669239865
1697,0.4056947624930136,0.08557718346821161,0.13612269974188626,0.3726053542968884,0.4056947624930136,0.6508241657623571
1698,0.4056947601613954,0.08557718259540384,0.13612269799712773,0.3726053592460728,0.4056947601613954,0.6508241645904094
1699,0.4056947578602452,0.08557718170185959,0.13612269626020904,0.3726053641776862,0.4056947578602452,0.6508241634082508
1700,0.4056947555892471,0.08557718078779615,0.13612269453104367,0.3726053690919127,0.4056947555892471,0.6508241622159825
1701,0.4056947533480888,0.08557717985342826,0.13612269280954603,0.3726053739889365,0.4056947533480888,0.6508241610137113
1702,0.40569475113646114,0.0855771788989689,0.13612269109563138,0.37260537886893846,0.40569475113646114,0.6508241598015387
1703,0.4056947489540578,0.08557717792462845,0.13612268938921596,0.3726053837320977,0.4056947489540578,0.6508241585795655
1704,0.405694746800576,0.08557717693061496,0.13612268769021713,0.37260538857859177,0.405694746800576,0.6508241573478932
1705,0.4056947446757159,0.08557717591713482,0.13612268599855246,0.37260539340859655,0.4056947446757159,0.6508241561066199
1706,0.40569474257918087,0.0855771748843919,0.1361226843141415,0.3726053982222854,0.40569474257918087,0.6508241548558448
1707,0.4056947405106775,0.085577173832588,0.13612268263690408,0.37260540301983036,0.4056947405106775,0.6508241535956657
1708,0.40569473846991494,0.08557717276192273,0.13612268096676058,0.37260540780140156,0.40569473846991494,0.6508241523261781
1709,0.405694736456606,0.08557717167259375,0.13612267930363275,0.3726054125671673,0.405694736456606,0.6508241510474777
1710,0.40569473447046606,0.08557717056479651,0.13612267764744312,0.372605417317294,0.40569473447046606,0.6508241497596595
1711,0.4056947325112135,0.08557716943872468,0.136122675998115,0.37260542205194663,0.4056947325112135,0.6508241484628161
1712,0.4056947305785695,0.08557716829456978,0.13612267435557254,0.37260542677128805,0.4056947305785695,0.6508241471570402
1713,0.4056947286722582,0.08557716713252096,0.13612267271974088,0.3726054314754797,0.4056947286722582,0.6508241458424238
1714,0.40569472679200685,0.08557716595276603,0.1361226710905456,0.37260543616468134,0.40569472679200685,0.6508241445190568
1715,0.4056947249375453,0.08557716475549026,0.1361226694679134,0.37260544083905073,0.4056947249375453,0.6508241431870292
1716,0.4056947231086063,0.08557716354087744,0.13612266785177177,0.37260544549874425,0.4056947231086063,0.6508241418464307
1717,0.4056947213049253,0.08557716230910915,0.13612266624204902,0.37260545014391644,0.4056947213049253,0.6508241404973474
1718,0.4056947195262404,0.08557716106036498,0.1361226646386741,0.3726054547747205,0.4056947195262404,0.6508241391398671
1719,0.40569471777229243,0.08557715979482294,0.13612266304157672,0.3726054593913077,0.40569471777229243,0.6508241377740764
1720,0.40569471604282514,0.08557715851265918,0.13612266145068747,0.37260546399382805,0.40569471604282514,0.6508241364000593
1721,0.4056947143375845,0.08557715721404763,0.13612265986593794,0.37260546858242977,0.4056947143375845,0.650824135017901
1722,0.40569471265632,0.08557715589916084,0.13612265828725978,0.37260547315725934,0.40569471265632,0.6508241336276848
1723,0.4056947109987825,0.08557715456816918,0.13612265671458618,0.37260547771846203,0.4056947109987825,0.6508241322294925
1724,0.40569470936472624,0.08557715322124164,0.13612265514785044,0.37260548226618156,0.40569470936472624,0.6508241308234073
1725,0.4056947077539078,0.08557715185854498,0.13612265358698705,0.37260548680055994,0.4056947077539078,0.6508241294095085
1726,0.4056947061660863,0.08557715048024435,0.1361226520319312,0.37260549132173787,0.4056947061660863,0.6508241279878777
1727,0.4056947046010236,0.08557714908650381,0.13612265048261832,0.37260549582985425,0.4056947046010236,0.650824126558593
1728,0.40569470305848343,0.08557714767748469,0.13612264893898482,0.37260550032504686,0.40569470305848343,0.6508241251217333
1729,0.40569470153823245,0.08557714625334724,0.13612264740096805,0.37260550480745214,0.40569470153823245,0.6508241236773764
1730,0.40569470004003955,0.08557714481424994,0.13612264586850578,0.3726055092772045,0.40569470004003955,0.6508241222255985
1731,0.40569469856367624,0.08557714336034931,0.1361226443415366,0.3726055137344377,0.40569469856367624,0.6508241207664764
1732,0.40569469710891604,0.08557714189180105,0.13612264281999942,0.3726055181792832,0.40569469710891604,0.6508241193000851
1733,0.40569469567553523,0.08557714040875815,0.13612264130383434,0.3726055226118722,0.40569469567553523,0.6508241178264994
1734,0.40569469426331184,0.08557713891137275,0.13612263979298178,0.37260552703233357,0.40569469426331184,0.6508241163457917
1735,0.4056946928720269,0.08557713739979488,0.13612263828738305,0.37260553144079495,0.4056946928720269,0.6508241148580367
1736,0.405694691501463,0.0855771358741737,0.13612263678697983,0.37260553583738315,0.405694691501463,0.6508241133633054
1737,0.40569469015140575,0.0855771343346562,0.1361226352917146,0.37260554022222325,0.40569469015140575,0.6508241118616702
1738,0.4056946888216421,0.08557713278138813,0.1361226338015304,0.3726055445954391,0.4056946888216421,0.6508241103532013
1739,0.40569468751196214,0.08557713121451341,0.136122632316371,0.3726055489571533,0.40569468751196214,0.6508241088379692
1740,0.40569468622215726,0.08557712963417473,0.13612263083618073,0.37260555330748707,0.40569468622215726,0.6508241073160428
1741,0.40569468495202177,0.08557712804051333,0.13612262936090438,0.3726055576465603,0.40569468495202177,0.6508241057874902
1742,0.4056946837013511,0.08557712643366895,0.13612262789048782,0.3726055619744918,0.4056946837013511,0.65082410425238
1743,0.40569468246994445,0.08557712481377931,0.13612262642487694,0.37260556629139907,0.40569468246994445,0.6508241027107803
1744,0.40569468125760144,0.08557712318098142,0.1361226249640187,0.3726055705973981,0.40569468125760144,0.6508241011627559
1745,0.4056946800641246,0.08557712153541089,0.13612262350786025,0.37260557489260415,0.4056946800641246,0.6508240996083733
1746,0.4056946788893183,0.08557711987720104,0.1361226220563494,0.3726055791771312,0.4056946788893183,0.6508240980476984
1747,0.40569467773298906,0.08557711820648455,0.13612262060943486,0.37260558345109135,0.40569467773298906,0.6508240964807944
1748,0.40569467659494524,0.08557711652339274,0.1361226191670654,0.3726055877145964,0.40569467659494524,0.6508240949077262
1749,0.40569467547499705,0.08557711482805531,0.13612261772919085,0.37260559196775656,0.40569467547499705,0.6508240933285566
1750,0.40569467437295736,0.08557711312060037,0.13612261629576144,0.3726055962106806,0.40569467437295736,0.6508240917433479
1751,0.40569467328864023,0.08557711140115515,0.13612261486672778,0.3726056004434767,0.40569467328864023,0.6508240901521622
1752,0.40569467222186173,0.08557710966984536,0.13612261344204107,0.3726056046662516,0.40569467222186173,0.6508240885550598
1753,0.40569467117244057,0.08557710792679528,0.136122612021653,0.3726056088791111,0.40569467117244057,0.6508240869521041
1754,0.40569467014019617,0.08557710617212805,0.1361226106055161,0.37260561308215934,0.40569467014019617,0.650824085343352
1755,0.40569466912495067,0.08557710440596532,0.13612260919358335,0.37260561727550046,0.40569466912495067,0.6508240837288646
1756,0.4056946681265281,0.08557710262842781,0.1361226077858075,0.37260562145923637,0.4056946681265281,0.6508240821087006
1757,0.4056946671447538,0.08557710083963466,0.136122606382143,0.3726056256334685,0.4056946671447538,0.6508240804829177
1758,0.405694666179455,0.08557709903970397,0.1361226049825441,0.37260562979829664,0.405694666179455,0.6508240788515729
1759,0.40569466523046116,0.08557709722875227,0.1361226035869656,0.3726056339538206,0.40569466523046116,0.6508240772147245
1760,0.40569466429760326,0.08557709540689536,0.13612260219536287,0.3726056381001386,0.40569466429760326,0.6508240755724287
1761,0.4056946633807136,0.0855770935742473,0.13612260080769176,0.37260564223734705,0.4056946633807136,0.6508240739247408
1762,0.40569466247962704,0.08557709173092164,0.1361225994239087,0.37260564636554244,0.40569466247962704,0.6508240722717165
1763,0.4056946615941794,0.08557708987702985,0.1361225980439706,0.37260565048482,0.4056946615941794,0.6508240706134102
1764,0.4056946607242088,0.08557708801268323,0.13612259666783458,0.37260565459527345,0.4056946607242088,0.6508240689498757
1765,0.4056946598695544,0.08557708613799091,0.13612259529545867,0.37260565869699575,0.4056946598695544,0.650824067281167
1766,0.40569465903005775,0.08557708425306167,0.13612259392680084,0.3726056627900794,0.40569465903005775,0.6508240656073374
1767,0.40569465820556166,0.0855770823580029,0.13612259256182005,0.37260566687461527,0.40569465820556166,0.6508240639284394
1768,0.4056946573959105,0.08557708045292058,0.1361225912004752,0.37260567095069363,0.4056946573959105,0.6508240622445239
1769,0.4056946566009502,0.08557707853791978,0.1361225898427262,0.3726056750184035,0.4056946566009502,0.6508240605556431
1770,0.4056946558205287,0.08557707661310476,0.13612258848853295,0.37260567907783343,0.4056946558205287,0.6508240588618486
1771,0.4056946550544952,0.08557707467857815,0.13612258713785597,0.3726056831290706,0.4056946550544952,0.65082405716319
1772,0.4056946543027003,0.08557707273444214,0.13612258579065584,0.37260568717220166,0.4056946543027003,0.6508240554597168
1773,0.40569465356499645,0.08557707078079721,0.13612258444689457,0.3726056912073117,0.40569465356499645,0.6508240537514789
1774,0.40569465284123757,0.08557706881774324,0.13612258310653347,0.3726056952344856,0.40569465284123757,0.6508240520385249
1775,0.40569465213127903,0.08557706684537861,0.13612258176953512,0.3726056992538072,0.40569465213127903,0.6508240503209028
1776,0.4056946514349777,0.08557706486380137,0.13612258043586187,0.37260570326535886,0.4056946514349777,0.6508240485986612
1777,0.4056946507521921,0.08557706287310798,0.13612257910547676,0.37260570726922315,0.4056946507521921,0.6508240468718476
1778,0.40569465008278177,0.08557706087339388,0.13612257777834336,0.37260571126548075,0.40569465008278177,0.6508240451405076
1779,0.4056946494266084,0.08557705886475367,0.13612257645442546,0.3726057152542122,0.4056946494266084,0.6508240434046888
1780,0.4056946487835346,0.08557705684728126,0.13612257513368725,0.3726057192354966,0.4056946487835346,0.6508240416644361
1781,0.4056946481534245,0.08557705482106902,0.1361225738160936,0.3726057232094129,0.4056946481534245,0.6508240399197966
1782,0.4056946475361435,0.08557705278620871,0.1361225725016092,0.37260572717603835,0.4056946475361435,0.6508240381708128
1783,0.40569464693155893,0.08557705074279072,0.13612257119019985,0.3726057311354503,0.40569464693155893,0.6508240364175321
1784,0.40569464633953856,0.08557704869090531,0.13612256988183105,0.37260573508772465,0.40569464633953856,0.6508240346599957
1785,0.40569464575995273,0.08557704663064121,0.13612256857646893,0.3726057390329368,0.40569464575995273,0.6508240328982491
1786,0.4056946451926723,0.08557704456208591,0.13612256727408029,0.3726057429711613,0.4056946451926723,0.6508240311323356
1787,0.4056946446375692,0.08557704248532663,0.136122565974632,0.3726057469024719,0.4056946446375692,0.6508240293622967
1788,0.4056946440945178,0.08557704040044943,0.13612256467809125,0.3726057508269414,0.4056946440945178,0.6508240275881751
1789,0.40569464356339274,0.08557703830753942,0.1361225633844256,0.37260575474464197,0.40569464356339274,0.6508240258100129
1790,0.4056946430440703,0.08557703620668083,0.1361225620936034,0.37260575865564527,0.4056946430440703,0.6508240240278511
1791,0.40569464253642834,0.08557703409795693,0.13612256080559262,0.3726057625600218,0.40569464253642834,0.6508240222417317
1792,0.4056946420403456,0.08557703198145047,0.13612255952036217,0.37260576645784155,0.4056946420403456,0.6508240204516943
1793,0.4056946415557022,0.08557702985724296,0.136122558237881,0.3726057703491737,0.4056946415557022,0.650824018657779
1794,0.40569464108237946,0.08557702772541508,0.1361225569581186,0.37260577423408664,0.40569464108237946,0.6508240168600261
1795,0.40569464062025995,0.08557702558604706,0.13612255568104456,0.3726057781126482,0.40569464062025995,0.6508240150584743
1796,0.40569464016922757,0.08557702343921768,0.1361225544066289,0.3726057819849255,0.40569464016922757,0.6508240132531632
1797,0.4056946397291674,0.08557702128500529,0.13612255313484242,0.3726057858509847,0.4056946397291674,0.6508240114441315
1798,0.40569463929996546,0.0855770191234874,0.13612255186565556,0.3726057897108915,0.40569463929996546,0.6508240096314164
1799,0.4056946388815093,0.08557701695474046,0.1361225505990392,0.37260579356471085,0.4056946388815093,0.6508240078150563
1800,0.40569463847368736,0.08557701477884055,0.13612254933496495,0.37260579741250693,0.40569463847368736,0.6508240059950885
1801,0.4056946380763894,0.08557701259586264,0.1361225480734043,0.37260580125434345,0.4056946380763894,0.6508240041715497
1802,0.4056946376895061,0.08557701040588095,0.13612254681432948,0.37260580509028324,0.4056946376895061,0.6508240023444765
1803,0.4056946373129299,0.08557700820896905,0.13612254555771253,0.3726058089203884,0.4056946373129299,0.6508240005139057
1804,0.40569463694655344,0.08557700600519948,0.1361225443035262,0.3726058127447207,0.40569463694655344,0.6508239986798726
1805,0.4056946365902712,0.0855770037946442,0.13612254305174337,0.3726058165633411,0.4056946365902712,0.6508239968424133
1806,0.4056946362439784,0.08557700157737459,0.13612254180233724,0.37260582037630974,0.4056946362439784,0.6508239950015624
1807,0.4056946359075712,0.08557699935346079,0.1361225405552815,0.3726058241836864,0.4056946359075712,0.6508239931573543
1808,0.40569463558094765,0.08557699712297268,0.1361225393105494,0.37260582798552994,0.40569463558094765,0.6508239913098246
1809,0.40569463526400573,0.08557699488597931,0.13612253806811578,0.372605831781899,0.40569463526400573,0.6508239894590064
1810,0.40569463495664515,0.08557699264254895,0.13612253682795458,0.3726058355728511,0.40569463495664515,0.6508239876049333
1811,0.40569463465876654,0.08557699039274899,0.13612253559004056,0.37260583935844377,0.40569463465876654,0.650823985747639
1812,0.40569463437027126,0.0855769881366465,0.13612253435434846,0.3726058431387334,0.40569463437027126,0.650823983887156
1813,0.4056946340910628,0.08557698587430702,0.13612253312085376,0.3726058469137762,0.4056946340910628,0.6508239820235191
1814,0.4056946338210443,0.08557698360579674,0.13612253188953166,0.372605850683627,0.4056946338210443,0.6508239801567576
1815,0.4056946335601204,0.08557698133117986,0.13612253066035837,0.3726058544483411,0.4056946335601204,0.6508239782869057
1816,0.40569463330819694,0.08557697905052085,0.13612252943330938,0.37260585820797265,0.40569463330819694,0.6508239764139945
1817,0.4056946330651806,0.08557697676388264,0.13612252820836135,0.37260586196257534,0.4056946330651806,0.6508239745380551
1818,0.4056946328309786,0.08557697447132852,0.13612252698549063,0.3726058657122021,0.4056946328309786,0.650823972659118
1819,0.4056946326055,0.08557697217292015,0.13612252576467435,0.3726058694569054,0.4056946326055,0.6508239707772145
1820,0.40569463238865405,0.08557696986871931,0.13612252454588913,0.3726058731967374,0.40569463238865405,0.6508239688923757
1821,0.4056946321803514,0.08557696755878624,0.13612252332911257,0.3726058769317498,0.4056946321803514,0.6508239670046311
1822,0.40569463198050315,0.08557696524318156,0.1361225221143223,0.37260588066199285,0.40569463198050315,0.6508239651140102
1823,0.4056946317890215,0.08557696292196498,0.13612252090149599,0.3726058843875173,0.4056946317890215,0.6508239632205421
1824,0.4056946316058202,0.08557696059519468,0.13612251969061182,0.37260588810837303,0.4056946316058202,0.6508239613242579
1825,0.40569463143081297,0.0855769582629296,0.1361225184816481,0.3726058918246091,0.40569463143081297,0.6508239594251843
1826,0.4056946312639149,0.08557695592522706,0.13612251727458322,0.37260589553627455,0.4056946312639149,0.6508239575233512
1827,0.4056946311050419,0.08557695358214405,0.1361225160693962,0.3726058992434176,0.4056946311050419,0.6508239556187863
1828,0.4056946309541106,0.0855769512337373,0.13612251486606594,0.3726059029460859,0.4056946309541106,0.6508239537115177
1829,0.4056946308110386,0.08557694888006277,0.1361225136645715,0.3726059066443268,0.4056946308110386,0.6508239518015735
1830,0.4056946306757447,0.0855769465211752,0.13612251246489276,0.37260591033818713,0.4056946306757447,0.6508239498889801
1831,0.40569463054814797,0.08557694415712992,0.136122511267009,0.37260591402771287,0.40569463054814797,0.6508239479737659
1832,0.4056946304281686,0.08557694178798064,0.13612251007090054,0.37260591771295004,0.4056946304281686,0.6508239460559575
1833,0.4056946303157276,0.08557693941378117,0.13612250887654714,0.3726059213939439,0.4056946303157276,0.6508239441355812
1834,0.4056946302107466,0.08557693703458438,0.13612250768392953,0.37260592507073925,0.4056946302107466,0.6508239422126628
1835,0.4056946301131484,0.08557693465044289,0.13612250649302823,0.37260592874338033,0.4056946301131484,0.6508239402872295
1836,0.4056946300228562,0.08557693226140828,0.13612250530382408,0.37260593241191126,0.4056946300228562,0.650823938359306
1837,0.40569462993979444,0.08557692986753225,0.1361225041162981,0.37260593607637504,0.40569462993979444,0.6508239364289184
1838,0.40569462986388816,0.08557692746886524,0.13612250293043146,0.372605939736815,0.40569462986388816,0.6508239344960925
1839,0.4056946297950628,0.08557692506545803,0.1361225017462054,0.3726059433932735,0.4056946297950628,0.6508239325608525
1840,0.4056946297332454,0.08557692265736007,0.1361225005636019,0.3726059470457926,0.4056946297332454,0.6508239306232229
1841,0.4056946296783627,0.08557692024462057,0.13612249938260274,0.3726059506944138,0.4056946296783627,0.6508239286832287
1842,0.40569462963034303,0.08557691782728821,0.13612249820318995,0.37260595433917865,0.40569462963034303,0.6508239267408944
1843,0.4056946295891151,0.08557691540541146,0.13612249702534565,0.3726059579801275,0.4056946295891151,0.6508239247962434
1844,0.4056946295546086,0.08557691297903804,0.1361224958490523,0.3726059616173009,0.4056946295546086,0.6508239228492997
1845,0.4056946295267538,0.08557691054821477,0.1361224946742928,0.37260596525073847,0.4056946295267538,0.6508239209000865
1846,0.4056946295054815,0.08557690811298858,0.13612249350104952,0.37260596888048014,0.4056946295054815,0.6508239189486278
1847,0.40569462949072366,0.08557690567340584,0.13612249232930593,0.3726059725065644,0.40569462949072366,0.6508239169949465
1848,0.4056946294824123,0.085576903229512,0.1361224911590452,0.37260597612903035,0.4056946294824123,0.6508239150390641
1849,0.4056946294804809,0.08557690078135255,0.1361224899902506,0.3726059797479158,0.4056946294804809,0.6508239130810046
1850,0.4056946294848633,0.08557689832897199,0.13612248882290565,0.37260598336325884,0.4056946294848633,0.6508239111207905
1851,0.4056946294954935,0.08557689587241502,0.1361224876569943,0.3726059869750969,0.4056946294954935,0.6508239091584422
1852,0.4056946295123074,0.08557689341172525,0.13612248649250014,0.3726059905834671,0.4056946295123074,0.6508239071939834
1853,0.40569462953524016,0.08557689094694614,0.1361224853294076,0.3726059941884058,0.40569462953524016,0.6508239052274347
1854,0.40569462956422875,0.08557688847812052,0.1361224841677011,0.3726059977899494,0.40569462956422875,0.6508239032588177
1855,0.4056946295992103,0.08557688600529106,0.13612248300736476,0.3726060013881339,0.4056946295992103,0.6508239012881543
1856,0.4056946296401224,0.08557688352849957,0.13612248184838352,0.3726060049829945,0.4056946296401224,0.650823899315464
1857,0.4056946296869034,0.08557688104778785,0.1361224806907419,0.37260600857456655,0.4056946296869034,0.6508238973407683
1858,0.40569462973949283,0.08557687856319693,0.13612247953442513,0.37260601216288486,0.40569462973949283,0.6508238953640885
1859,0.4056946297978302,0.08557687607476754,0.13612247837941846,0.37260601574798347,0.4056946297978302,0.6508238933854436
1860,0.40569462986185595,0.08557687358254007,0.1361224772257068,0.3726060193298969,0.40569462986185595,0.6508238914048554
1861,0.40569462993151123,0.08557687108655432,0.13612247607327582,0.37260602290865835,0.40569462993151123,0.6508238894223435
1862,0.40569463000673717,0.08557686858684987,0.13612247492211146,0.3726060264843014,0.40569463000673717,0.650823887437926
1863,0.4056946300874763,0.08557686608346553,0.1361224737721992,0.37260603005685894,0.4056946300874763,0.6508238854516235
1864,0.4056946301736713,0.08557686357644013,0.136122472623525,0.3726060336263634,0.4056946301736713,0.6508238834634559
1865,0.4056946302652655,0.0855768610658121,0.13612247147607504,0.37260603719284713,0.4056946302652655,0.6508238814734404
1866,0.4056946303622028,0.08557685855161887,0.13612247032983563,0.37260604075634235,0.4056946303622028,0.6508238794815981
1867,0.40569463046442816,0.08557685603389799,0.13612246918479318,0.3726060443168804,0.40569463046442816,0.6508238774879471
1868,0.4056946305718866,0.0855768535126866,0.136122468040934,0.37260604787449264,0.4056946305718866,0.6508238754925059
1869,0.4056946306845235,0.08557685098802134,0.13612246689824534,0.3726060514292097,0.4056946306845235,0.6508238734952916
1870,0.4056946308022852,0.08557684845993839,0.13612246575671363,0.3726060549810626,0.4056946308022852,0.6508238714963244
1871,0.40569463092511876,0.08557684592847375,0.13612246461632593,0.37260605853008133,0.40569463092511876,0.650823869495621
1872,0.40569463105297143,0.08557684339366285,0.13612246347706947,0.3726060620762959,0.40569463105297143,0.6508238674931995
1873,0.4056946311857912,0.08557684085554096,0.13612246233893163,0.3726060656197361,0.4056946311857912,0.650823865489078
1874,0.40569463132352634,0.08557683831414276,0.1361224612018997,0.37260606916043093,0.40569463132352634,0.650823863483273
1875,0.405694631466126,0.08557683576950256,0.1361224600659615,0.3726060726984096,0.405694631466126,0.6508238614758024
1876,0.40569463161353964,0.08557683322165452,0.13612245893110453,0.3726060762337011,0.40569463161353964,0.6508238594666834
1877,0.4056946317657174,0.0855768306706323,0.1361224577973168,0.37260607976633336,0.4056946317657174,0.650823857455932
1878,0.4056946319226096,0.08557682811646933,0.13612245666458606,0.3726060832963349,0.4056946319226096,0.6508238554435659
1879,0.40569463208416756,0.08557682555919846,0.1361224555329005,0.3726060868237332,0.40569463208416756,0.6508238534296009
1880,0.4056946322503427,0.08557682299885247,0.13612245440224868,0.372606090348556,0.4056946322503427,0.6508238514140541
1881,0.40569463242108716,0.0855768204354636,0.13612245327261877,0.3726060938708303,0.40569463242108716,0.650823849396941
1882,0.40569463259635363,0.08557681786906374,0.13612245214399912,0.3726060973905833,0.40569463259635363,0.6508238473782788
1883,0.40569463277609513,0.08557681529968471,0.13612245101637854,0.3726061009078416,0.40569463277609513,0.6508238453580827
1884,0.40569463296026503,0.0855768127273577,0.13612244988974592,0.3726061044226311,0.40569463296026503,0.6508238433363676
1885,0.4056946331488177,0.08557681015211338,0.13612244876409008,0.3726061079349786,0.4056946331488177,0.6508238413131504
1886,0.4056946333417076,0.0855768075739827,0.13612244763939976,0.3726061114449098,0.4056946333417076,0.6508238392884458
1887,0.4056946335388893,0.08557680499299594,0.13612244651566452,0.3726061149524499,0.4056946335388893,0.6508238372622691
1888,0.4056946337403186,0.0855768024091834,0.13612244539287346,0.3726061184576244,0.4056946337403186,0.6508238352346352
1889,0.4056946339459516,0.08557679982257395,0.13612244427101575,0.3726061219604584,0.4056946339459516,0.65082383320556
1890,0.40569463415574425,0.0855767972331978,0.13612244315008137,0.37260612546097643,0.40569463415574425,0.6508238311750572
1891,0.4056946343696535,0.08557679464108368,0.13612244203005935,0.37260612895920303,0.4056946343696535,0.6508238291431416
1892,0.40569463458763705,0.08557679204626041,0.13612244091093995,0.3726061324551626,0.40569463458763705,0.6508238271098286
1893,0.40569463480965207,0.08557678944875617,0.13612243979271269,0.37260613594887887,0.40569463480965207,0.6508238250751311
1894,0.40569463503565695,0.08557678684859958,0.13612243867536755,0.37260613944037574,0.40569463503565695,0.6508238230390648
1895,0.40569463526561034,0.08557678424581806,0.13612243755889475,0.3726061429296765,0.40569463526561034,0.650823821001642
1896,0.4056946354994711,0.0855767816404397,0.13612243644328445,0.3726061464168047,0.4056946354994711,0.6508238189628783
1897,0.40569463573719866,0.08557677903249145,0.13612243532852678,0.37260614990178287,0.40569463573719866,0.6508238169227862
1898,0.4056946359787531,0.08557677642200012,0.13612243421461218,0.3726061533846343,0.4056946359787531,0.6508238148813814
1899,0.40569463622409463,0.085576773808993,0.13612243310153124,0.37260615686538107,0.40569463622409463,0.6508238128386745
1900,0.40569463647318393,0.08557677119349591,0.13612243198927457,0.3726061603440453,0.40569463647318393,0.65082381079468
1901,0.40569463672598216,0.08557676857553526,0.13612243087783288,0.37260616382064954,0.40569463672598216,0.650823808749412
1902,0.40569463698245056,0.08557676595513716,0.13612242976719705,0.37260616729521506,0.40569463698245056,0.6508238067028821
1903,0.4056946372425512,0.08557676333232697,0.1361224286573578,0.3726061707677638,0.4056946372425512,0.6508238046551043
1904,0.4056946375062465,0.08557676070712991,0.13612242754830642,0.372606174238317,0.4056946375062465,0.6508238026060909
1905,0.405694637773499,0.08557675807957123,0.13612242644003386,0.3726061777068957,0.405694637773499,0.6508238005558551
1906,0.40569463804427197,0.08557675544967601,0.13612242533253127,0.37260618117352073,0.40569463804427197,0.6508237985044085
1907,0.40569463831852853,0.08557675281746838,0.13612242422579024,0.3726061846382128,0.40569463831852853,0.6508237964517645
1908,0.4056946385962328,0.08557675018297285,0.13612242311980188,0.3726061881009923,0.4056946385962328,0.6508237943979345
1909,0.40569463887734886,0.08557674754621321,0.136122422014558,0.3726061915618799,0.40569463887734886,0.6508237923429316
1910,0.40569463916184123,0.08557674490721379,0.13612242091004992,0.3726061950208949,0.40569463916184123,0.6508237902867668
1911,0.4056946394496752,0.08557674226599749,0.13612241980626946,0.3726061984780578,0.4056946394496752,0.6508237882294532
1912,0.40569463974081565,0.08557673962258812,0.13612241870320851,0.37260620193338767,0.40569463974081565,0.6508237861710016
1913,0.4056946400352286,0.08557673697700836,0.13612241760085886,0.37260620538690403,0.4056946400352286,0.6508237841114235
1914,0.4056946403328798,0.0855767343292812,0.1361224164992124,0.3726062088386263,0.4056946403328798,0.6508237820507314
1915,0.4056946406337359,0.08557673167942925,0.1361224153982614,0.3726062122885731,0.4056946406337359,0.650823779988936
1916,0.40569464093776353,0.08557672902747462,0.13612241429799796,0.37260621573676356,0.40569464093776353,0.6508237779260493
1917,0.4056946412449299,0.08557672637343962,0.13612241319841425,0.3726062191832162,0.4056946412449299,0.6508237758620824
1918,0.4056946415552023,0.08557672371734613,0.13612241209950252,0.3726062226279489,0.4056946415552023,0.6508237737970455
1919,0.4056946418685483,0.08557672105921564,0.13612241100125533,0.37260622607098054,0.4056946418685483,0.65082377173095
1920,0.4056946421849363,0.08557671839906943,0.13612240990366528,0.37260622951232897,0.4056946421849363,0.6508237696638068
1921,0.40569464250433457,0.08557671573692913,0.1361224088067245,0.3726062329520117,0.40569464250433457,0.6508237675956277
1922,0.405694642826712,0.08557671307281524,0.13612240771042616,0.37260623639004653,0.405694642826712,0.6508237655264211
1923,0.4056946431520372,0.08557671040674884,0.13612240661476294,0.3726062398264508,0.4056946431520372,0.6508237634561982
1924,0.4056946434802801,0.08557670773875035,0.13612240551972715,0.37260624326124214,0.4056946434802801,0.6508237613849713
1925,0.4056946438114102,0.08557670506883994,0.13612240442531234,0.3726062466944374,0.4056946438114102,0.6508237593127492
1926,0.40569464414539746,0.08557670239703777,0.1361224033315114,0.37260625012605325,0.40569464414539746,0.650823757239542
1927,0.4056946444822124,0.08557669972336378,0.13612240223831695,0.3726062535561065,0.4056946444822124,0.6508237551653597
1928,0.4056946448218258,0.08557669704783757,0.13612240114572255,0.3726062569846139,0.4056946448218258,0.650823753090214
1929,0.4056946451642082,0.08557669437047867,0.1361224000537212,0.3726062604115917,0.4056946451642082,0.6508237510141119
1930,0.405694645509331,0.08557669169130637,0.13612239896230643,0.37260626383705603,0.405694645509331,0.6508237489370656
1931,0.4056946458571659,0.08557668901033974,0.13612239787147126,0.3726062672610228,0.4056946458571659,0.6508237468590837
1932,0.4056946462076847,0.08557668632759768,0.13612239678120938,0.3726062706835081,0.4056946462076847,0.6508237447801761
1933,0.40569464656085946,0.08557668364309864,0.1361223956915143,0.37260627410452746,0.40569464656085946,0.6508237427003524
1934,0.40569464691666246,0.08557668095686126,0.1361223946023795,0.3726062775240966,0.40569464691666246,0.6508237406196217
1935,0.4056946472750666,0.08557667826890375,0.13612239351379882,0.37260628094223064,0.4056946472750666,0.6508237385379928
1936,0.40569464763604507,0.08557667557924425,0.13612239242576576,0.3726062843589449,0.40569464763604507,0.6508237364554768
1937,0.4056946479995706,0.08557667288790068,0.13612239133827445,0.37260628777425403,0.4056946479995706,0.6508237343720802
1938,0.40569464836561725,0.08557667019489071,0.13612239025131845,0.3726062911881734,0.40569464836561725,0.6508237322878141
1939,0.40569464873415867,0.0855766675002317,0.13612238916489183,0.3726062946007177,0.40569464873415867,0.6508237302026871
1940,0.40569464910516895,0.08557666480394119,0.13612238807898852,0.3726062980119011,0.40569464910516895,0.6508237281167069
1941,0.4056946494786225,0.08557666210603633,0.13612238699360285,0.37260630142173823,0.4056946494786225,0.6508237260298828
1942,0.4056946498544939,0.08557665940653393,0.13612238590872866,0.37260630483024326,0.4056946498544939,0.6508237239422237
1943,0.4056946502327582,0.08557665670545074,0.13612238482436032,0.3726063082374306,0.4056946502327582,0.6508237218537387
1944,0.4056946506133904,0.08557665400280372,0.13612238374049188,0.37260631164331387,0.4056946506133904,0.6508237197644351
1945,0.40569465099636587,0.08557665129860911,0.1361223826571181,0.3726063150479069,0.40569465099636587,0.6508237176743216
1946,0.40569465138166017,0.08557664859288305,0.1361223815742329,0.37260631845122355,0.40569465138166017,0.650823715583407
1947,0.4056946517692495,0.08557664588564194,0.13612238049183117,0.37260632185327736,0.4056946517692495,0.6508237134916994
1948,0.40569465215910994,0.08557664317690171,0.13612237940990693,0.37260632525408127,0.40569465215910994,0.6508237113992068
1949,0.40569465255121784,0.08557664046667797,0.13612237832845536,0.3726063286536488,0.40569465255121784,0.6508237093059367
1950,0.4056946529455501,0.08557663775498604,0.1361223772474706,0.37260633205199317,0.4056946529455501,0.6508237072118982
1951,0.40569465334208354,0.0855766350418417,0.1361223761669477,0.372606335449127,0.40569465334208354,0.6508237051170984
1952,0.4056946537407949,0.08557663232726026,0.13612237508688124,0.3726063388450633,0.4056946537407949,0.6508237030215447
1953,0.4056946541416621,0.08557662961125662,0.13612237400726623,0.3726063422398148,0.4056946541416621,0.6508237009252459
1954,0.4056946545446628,0.08557662689384576,0.13612237292809726,0.372606345633394,0.4056946545446628,0.6508236988282096
1955,0.40569465494977436,0.08557662417504262,0.1361223718493696,0.3726063490258133,0.40569465494977436,0.650823696730442
1956,0.4056946553569751,0.08557662145486178,0.13612237077107786,0.37260635241708506,0.4056946553569751,0.6508236946319519
1957,0.40569465576624314,0.08557661873331789,0.1361223696932175,0.3726063558072211,0.40569465576624314,0.6508236925327463
1958,0.40569465617755734,0.08557661601042506,0.1361223686157833,0.37260635919623425,0.40569465617755734,0.6508236904328331
1959,0.40569465659089615,0.08557661328619738,0.13612236753877063,0.37260636258413565,0.40569465659089615,0.6508236883322183
1960,0.4056946570062388,0.0855766105606492,0.13612236646217454,0.37260636597093727,0.4056946570062388,0.6508236862309101
1961,0.40569465742356436,0.08557660783379438,0.1361223653859904,0.37260636935665065,0.40569465742356436,0.6508236841289148
1962,0.40569465784285247,0.08557660510564619,0.13612236431021374,0.37260637274128744,0.40569465784285247,0.6508236820262407
1963,0.40569465826408246,0.0855766023762189,0.1361223632348396,0.37260637612485886,0.40569465826408246,0.6508236799228937
1964,0.40569465868723414,0.08557659964552546,0.13612236215986345,0.3726063795073767,0.40569465868723414,0.650823677818881
1965,0.40569465911228764,0.08557659691357945,0.13612236108528092,0.3726063828888517,0.40569465911228764,0.650823675714209
1966,0.40569465953922357,0.0855765941803939,0.1361223600110875,0.37260638626929504,0.40569465953922357,0.6508236736088862
1967,0.4056946599680215,0.08557659144598209,0.13612235893727878,0.3726063896487175,0.4056946599680215,0.6508236715029166
1968,0.405694660398663,0.08557658871035656,0.1361223578638503,0.3726063930271301,0.405694660398663,0.6508236693963092
1969,0.40569466083112843,0.08557658597353032,0.1361223567907976,0.37260639640454335,0.40569466083112843,0.6508236672890688
1970,0.40569466126539916,0.08557658323551594,0.13612235571811687,0.372606399780968,0.40569466126539916,0.650823665181203
1971,0.4056946617014562,0.08557658049632577,0.1361223546458035,0.37260640315641436,0.4056946617014562,0.6508236630727176
1972,0.40569466213928107,0.08557657775597252,0.13612235357385352,0.37260640653089266,0.40569466213928107,0.6508236609636195
1973,0.4056946625788554,0.0855765750144683,0.1361223525022625,0.37260640990441357,0.4056946625788554,0.6508236588539149
1974,0.4056946630201609,0.08557657227182501,0.13612235143102683,0.37260641327698707,0.4056946630201609,0.6508236567436092
1975,0.40569466346317995,0.0855765695280548,0.136122350360142,0.372606416648623,0.40569466346317995,0.6508236546327095
1976,0.4056946639078946,0.08557656678316938,0.1361223492896043,0.37260642001933153,0.4056946639078946,0.6508236525212219
1977,0.4056946643542868,0.08557656403718078,0.13612234821940972,0.3726064233891223,0.4056946643542868,0.6508236504091514
1978,0.40569466480233973,0.0855765612901005,0.13612234714955432,0.3726064267580052,0.40569466480233973,0.6508236482965051
1979,0.4056946652520361,0.08557655854193967,0.1361223460800342,0.37260643012598976,0.4056946652520361,0.6508236461832884
1980,0.40569466570335844,0.0855765557927101,0.13612234501084577,0.3726064334930856,0.40569466570335844,0.6508236440695074
1981,0.4056946661562901,0.0855765530424226,0.136122343941985,0.37260643685930206,0.4056946661562901,0.6508236419551673
1982,0.4056946666108145,0.08557655029108878,0.13612234287344804,0.37260644022464845,0.4056946666108145,0.6508236398402751
1983,0.4056946670669148,0.0855765475387195,0.13612234180523158,0.3726064435891339,0.4056946670669148,0.6508236377248348
1984,0.4056946675245748,0.08557654478532548,0.13612234073733187,0.3726064469527677,0.4056946675245748,0.650823635608853
1985,0.40569466798377823,0.08557654203091757,0.13612233966974518,0.37260645031555883,0.40569466798377823,0.6508236334923352
1986,0.40569466844450913,0.08557653927550661,0.13612233860246797,0.3726064536775161,0.40569466844450913,0.6508236313752866
1987,0.4056946689067515,0.08557653651910298,0.13612233753549674,0.3726064570386486,0.4056946689067515,0.6508236292577129
1988,0.40569466937048976,0.08557653376171728,0.13612233646882813,0.37260646039896467,0.40569466937048976,0.650823627139619
1989,0.4056946698357085,0.08557653100335949,0.13612233540245838,0.3726064637584734,0.4056946698357085,0.6508236250210115
1990,0.4056946703023921,0.08557652824404023,0.13612233433638435,0.37260646711718304,0.4056946703023921,0.6508236229018942
1991,0.40569467077052557,0.08557652548376948,0.1361223332706025,0.37260647047510226,0.40569467077052557,0.6508236207822733
1992,0.4056946712400936,0.08557652272255716,0.1361223322051098,0.3726064738322393,0.4056946712400936,0.6508236186621534
1993,0.40569467171108153,0.08557651996041335,0.13612233113990257,0.3726064771886024,0.40569467171108153,0.6508236165415398
1994,0.4056946721834743,0.08557651719734763,0.1361223300749778,0.37260648054420004,0.4056946721834743,0.6508236144204376
1995,0.4056946726572578,0.08557651443336982,0.13612232901033214,0.37260648389904005,0.4056946726572578,0.6508236122988518
1996,0.40569467313241714,0.08557651166848959,0.13612232794596255,0.37260648725313056,0.40569467313241714,0.6508236101767872
1997,0.40569467360893824,0.08557650890271642,0.13612232688186557,0.3726064906064796,0.40569467360893824,0.6508236080542493
1998,0.40569467408680693,0.08557650613605972,0.13612232581803832,0.3726064939590949,0.40569467408680693,0.6508236059312418
1999,0.4056946745660091,0.08557650336852861,0.13612232475447802,0.3726064973109841,0.4056946745660091,0.6508236038077706
2000,0.4056946750465312,0.08557650060013242,0.136122323691181,0.3726065006621552,0.4056946750465312,0.6508236016838399
2001,0.40569467552835925,0.08557649783088016,0.1361223226281447,0.3726065040126157,0.40569467552835925,0.650823599559456
2002,0.4056946760114796,0.08557649506078098,0.13612232156536605,0.3726065073623731,0.4056946760114796,0.6508235974346204
2003,0.40569467649587915,0.08557649228984382,0.13612232050284212,0.3726065107114347,0.40569467649587915,0.6508235953093398
2004,0.4056946769815445,0.08557648951807738,0.13612231944056974,0.37260651405980816,0.4056946769815445,0.6508235931836188
2005,0.4056946774684624,0.08557648674549047,0.13612231837854644,0.37260651740750056,0.4056946774684624,0.6508235910574612
2006,0.40569467795661984,0.08557648397209154,0.13612231731676905,0.37260652075451944,0.40569467795661984,0.6508235889308724
2007,0.40569467844600393,0.08557648119788946,0.13612231625523497,0.3726065241008715,0.40569467844600393,0.6508235868038558
2008,0.4056946789366022,0.08557647842289225,0.13612231519394138,0.37260652744656403,0.4056946789366022,0.6508235846764169
2009,0.4056946794284016,0.08557647564710874,0.13612231413288542,0.3726065307916042,0.4056946794284016,0.6508235825485585
2010,0.40569467992138986,0.08557647287054711,0.13612231307206438,0.37260653413599854,0.40569467992138986,0.650823580420286
2011,0.4056946804155545,0.08557647009321531,0.13612231201147565,0.37260653747975436,0.4056946804155545,0.6508235782916036
2012,0.40569468091088373,0.08557646731512139,0.13612231095111668,0.37260654082287803,0.40569468091088373,0.6508235761625157
2013,0.405694681407365,0.08557646453627399,0.13612230989098462,0.37260654416537614,0.405694681407365,0.6508235740330253
2014,0.4056946819049866,0.08557646175668017,0.13612230883107704,0.3726065475072561,0.4056946819049866,0.6508235719031381
2015,0.4056946824037366,0.08557645897634836,0.13612230777139128,0.3726065508485235,0.4056946824037366,0.6508235697728567
2016,0.4056946829036031,0.08557645619528638,0.1361223067119248,0.37260655418918537,0.4056946829036031,0.6508235676421859
2017,0.4056946834045747,0.08557645341350167,0.13612230565267516,0.3726065575292482,0.4056946834045747,0.6508235655111295
2018,0.4056946839066402,0.08557645063100176,0.13612230459363978,0.37260656086871813,0.4056946839066402,0.6508235633796924
2019,0.40569468440978773,0.08557644784779452,0.13612230353481622,0.37260656420760135,0.40569468440978773,0.6508235612478774
2020,0.40569468491400607,0.08557644506388697,0.1361223024762023,0.3726065675459046,0.40569468491400607,0.6508235591156881
2021,0.4056946854192845,0.08557644227928687,0.13612230141779522,0.37260657088363314,0.4056946854192845,0.6508235569831292
2022,0.4056946859256117,0.08557643949400134,0.136122300359593,0.3726065742207937,0.4056946859256117,0.6508235548502042
2023,0.40569468643297685,0.08557643670803756,0.1361222993015931,0.37260657755739235,0.40569468643297685,0.6508235527169167
2024,0.4056946869413691,0.08557643392140277,0.13612229824379302,0.372606580893435,0.4056946869413691,0.6508235505832711
2025,0.40569468745077786,0.08557643113410403,0.13612229718619062,0.37260658422892723,0.40569468745077786,0.6508235484492698
2026,0.4056946879611927,0.0855764283461481,0.13612229612878382,0.3726065875638753,0.4056946879611927,0.6508235463149177
2027,0.40569468847260287,0.08557642555754219,0.1361222950715702,0.37260659089828446,0.40569468847260287,0.6508235441802177
2028,0.40569468898499816,0.08557642276829333,0.13612229401454762,0.3726065942321609,0.40569468898499816,0.6508235420451733
2029,0.40569468949836845,0.08557641997840751,0.13612229295771366,0.37260659756551034,0.40569468949836845,0.650823539909789
2030,0.4056946900127035,0.08557641718789215,0.13612229190106664,0.3726066008983377,0.4056946900127035,0.6508235377740665
2031,0.4056946905279931,0.08557641439675351,0.13612229084460392,0.37260660423064923,0.4056946905279931,0.6508235356380111
2032,0.40569469104422773,0.08557641160499865,0.13612228978832358,0.3726066075624497,0.40569469104422773,0.6508235335016246
2033,0.4056946915613975,0.0855764088126335,0.13612228873222357,0.3726066108937453,0.4056946915613975,0.650823531364912
2034,0.40569469207949244,0.08557640601966447,0.13612228767630186,0.372606614224541,0.40569469207949244,0.650823529227876
2035,0.405694692598503,0.08557640322609866,0.13612228662055603,0.37260661755484215,0.405694692598503,0.65082352709052
2036,0.40569469311841977,0.08557640043194141,0.13612228556498465,0.372606620884654,0.40569469311841977,0.6508235249528462
2037,0.40569469363923333,0.0855763976371995,0.13612228450958516,0.3726066242139817,0.40569469363923333,0.6508235228148592
2038,0.40569469416093434,0.08557639484187901,0.136122283454356,0.37260662754283036,0.40569469416093434,0.6508235206765618
2039,0.40569469468351366,0.08557639204598591,0.13612228239929516,0.37260663087120516,0.40569469468351366,0.6508235185379571
2040,0.4056946952069618,0.08557638924952653,0.1361222813444005,0.3726066341991111,0.4056946952069618,0.6508235163990481
2041,0.4056946957312701,0.08557638645250647,0.1361222802896701,0.37260663752655315,0.4056946957312701,0.6508235142598382
2042,0.4056946962564296,0.08557638365493159,0.13612227923510245,0.3726066408535362,0.4056946962564296,0.6508235121203307
2043,0.40569469678243125,0.08557638085680808,0.13612227818069533,0.3726066441800651,0.40569469678243125,0.6508235099805278
2044,0.4056946973092665,0.08557637805814151,0.1361222771264469,0.3726066475061448,0.4056946973092665,0.6508235078404332
2045,0.4056946978369268,0.08557637525893766,0.13612227607235547,0.37260665083178,0.4056946978369268,0.6508235057000502
2046,0.4056946983654034,0.08557637245920224,0.1361222750184191,0.37260665415697536,0.4056946983654034,0.6508235035593818
2047,0.4056946988946875,0.08557636965894068,0.13612227396463622,0.3726066574817353,0.4056946988946875,0.6508235014184288
2048,0.40569469942477115,0.08557636685815884,0.1361222729110049,0.3726066608060651,0.40569469942477115,0.6508234992771971
2049,0.40569469995564583,0.08557636405686174,0.13612227185752332,0.3726066641299687,0.40569469995564583,0.6508234971356872
2050,0.4056947004873036,0.08557636125505531,0.13612227080418984,0.37260666745345106,0.4056947004873036,0.6508234949939038
2051,0.40569470101973615,0.08557635845274444,0.13612226975100283,0.37260667077651644,0.40569470101973615,0.6508234928518489
2052,0.4056947015529352,0.08557635564993467,0.13612226869796065,0.3726066740991692,0.4056947015529352,0.6508234907095249
2053,0.40569470208689323,0.08557635284663136,0.13612226764506155,0.37260667742141396,0.40569470208689323,0.6508234885669357
2054,0.40569470262160195,0.08557635004283955,0.13612226659230375,0.3726066807432547,0.40569470262160195,0.6508234864240823
2055,0.4056947031570535,0.08557634723856461,0.13612226553968593,0.3726066840646957,0.4056947031570535,0.6508234842809679
2056,0.40569470369324084,0.0855763444338112,0.13612226448720605,0.3726066873857417,0.40569470369324084,0.650823482137597
2057,0.40569470423015563,0.08557634162858471,0.13612226343486286,0.3726066907063965,0.40569470423015563,0.6508234799939703
2058,0.4056947047677905,0.08557633882289006,0.13612226238265482,0.37260669402666424,0.4056947047677905,0.650823477850091
2059,0.4056947053061381,0.08557633601673215,0.13612226133058006,0.37260669734654944,0.4056947053061381,0.6508234757059614
2060,0.40569470584519085,0.08557633321011592,0.13612226027863733,0.3726067006660556,0.40569470584519085,0.6508234735615848
2061,0.4056947063849417,0.085576330403046,0.13612225922682497,0.3726067039851872,0.4056947063849417,0.6508234714169636
2062,0.405694706925383,0.0855763275955275,0.1361222581751414,0.37260670730394774,0.405694706925383,0.6508234692720989
2063,0.40569470746650776,0.08557632478756491,0.13612225712358553,0.3726067106223417,0.40569470746650776,0.6508234671269948
2064,0.40569470800830904,0.08557632197916284,0.13612225607215528,0.37260671394037265,0.40569470800830904,0.6508234649816539
2065,0.40569470855077966,0.0855763191703261,0.13612225502084957,0.37260671725804456,0.40569470855077966,0.6508234628360774
2066,0.40569470909391264,0.08557631636105928,0.13612225396966696,0.37260672057536093,0.40569470909391264,0.6508234606902682
2067,0.40569470963770105,0.08557631355136677,0.136122252918606,0.372606723892326,0.40569470963770105,0.650823458544229
2068,0.4056947101821382,0.08557631074125314,0.13612225186766513,0.37260672720894333,0.4056947101821382,0.650823456397962
2069,0.40569471072721736,0.08557630793072285,0.1361222508168432,0.37260673052521637,0.40569471072721736,0.6508234542514695
2070,0.40569471127293183,0.08557630511978008,0.13612224976613876,0.3726067338411492,0.40569471127293183,0.6508234521047532
2071,0.4056947118192749,0.08557630230842962,0.13612224871555037,0.3726067371567451,0.4056947118192749,0.6508234499578167
2072,0.40569471236623983,0.08557629949667538,0.1361222476650768,0.3726067404720077,0.40569471236623983,0.6508234478106609
2073,0.4056947129138206,0.0855762966845218,0.1361222466147167,0.3726067437869406,0.4056947129138206,0.6508234456632889
2074,0.40569471346201086,0.08557629387197291,0.13612224556446875,0.37260674710154745,0.40569471346201086,0.6508234435157033
2075,0.4056947140108038,0.08557629105903312,0.13612224451433153,0.37260675041583136,0.4056947140108038,0.6508234413679049
2076,0.40569471456019357,0.08557628824570636,0.13612224346430393,0.372606753729796,0.40569471456019357,0.650823439219897
2077,0.4056947151101735,0.0855762854319968,0.1361222424143846,0.3726067570434447,0.4056947151101735,0.650823437071681
2078,0.40569471566073817,0.08557628261790824,0.13612224136457235,0.3726067603567809,0.40569471566073817,0.6508234349232604
2079,0.4056947162118809,0.08557627980344511,0.13612224031486583,0.37260676366980783,0.4056947162118809,0.6508234327746365
2080,0.4056947167635959,0.08557627698861112,0.13612223926526407,0.37260676698252876,0.4056947167635959,0.6508234306258103
2081,0.40569471731587736,0.08557627417341009,0.13612223821576544,0.37260677029494704,0.40569471731587736,0.6508234284767853
2082,0.405694717868719,0.08557627135784598,0.13612223716636898,0.3726067736070658,0.405694717868719,0.6508234263275631
2083,0.40569471842211524,0.08557626854192267,0.13612223611707366,0.3726067769188881,0.40569471842211524,0.6508234241781452
2084,0.4056947189760605,0.08557626572564396,0.13612223506787804,0.3726067802304173,0.4056947189760605,0.6508234220285345
2085,0.4056947195305487,0.08557626290901325,0.13612223401878124,0.3726067835416566,0.4056947195305487,0.6508234198787326
2086,0.4056947200855745,0.08557626009203487,0.1361222329697818,0.3726067868526086,0.4056947200855745,0.6508234177287415
2087,0.4056947206411322,0.08557625727471196,0.13612223192087874,0.3726067901632769,0.4056947206411322,0.6508234155785624
2088,0.40569472119721617,0.08557625445704845,0.13612223087207095,0.3726067934736644,0.40569472119721617,0.6508234134281988
2089,0.4056947217538212,0.08557625163904771,0.1361222298233573,0.37260679678377373,0.4056947217538212,0.6508234112776514
2090,0.4056947223109414,0.0855762488207134,0.13612222877473693,0.3726068000936079,0.4056947223109414,0.6508234091269215
2091,0.40569472286857194,0.08557624600204926,0.1361222277262083,0.3726068034031703,0.40569472286857194,0.6508234069760127
2092,0.40569472342670726,0.0855762431830583,0.13612222667777063,0.3726068067124635,0.40569472342670726,0.6508234048249262
2093,0.4056947239853422,0.08557624036374432,0.13612222562942283,0.37260681002149054,0.4056947239853422,0.6508234026736637
2094,0.4056947245444714,0.08557623754411052,0.1361222245811641,0.37260681333025397,0.4056947245444714,0.6508234005222265
2095,0.4056947251040897,0.08557623472416055,0.13612222353299294,0.37260681663875667,0.4056947251040897,0.6508233983706163
2096,0.40569472566419235,0.08557623190389729,0.13612222248490854,0.3726068199470016,0.40569472566419235,0.6508233962188363
2097,0.40569472622477415,0.0855762290833246,0.13612222143691,0.3726068232549913,0.40569472622477415,0.650823394066887
2098,0.40569472678582963,0.08557622626244546,0.13612222038899646,0.37260682656272825,0.40569472678582963,0.6508233919147697
2099,0.40569472734735473,0.08557622344126306,0.13612221934116653,0.37260682987021554,0.40569472734735473,0.6508233897624881
2100,0.40569472790934397,0.08557622061978047,0.13612221829341936,0.37260683317745585,0.40569472790934397,0.6508233876100424
2101,0.4056947284717927,0.08557621779800129,0.1361222172457542,0.37260683648445153,0.4056947284717927,0.6508233854574341
2102,0.4056947290346962,0.08557621497592803,0.13612221619816994,0.3726068397912055,0.4056947290346962,0.6508233833046657
2103,0.4056947295980497,0.0855762121535646,0.1361222151506654,0.37260684309772013,0.4056947295980497,0.6508233811517383
2104,0.4056947301618485,0.08557620933091337,0.13612221410324013,0.3726068464039978,0.4056947301618485,0.650823378998654
2105,0.40569473072608825,0.08557620650797745,0.1361222130558929,0.3726068497100414,0.40569473072608825,0.6508233768454137
2106,0.40569473129076367,0.08557620368476013,0.13612221200862287,0.3726068530158531,0.40569473129076367,0.6508233746920198
2107,0.4056947318558707,0.08557620086126451,0.13612221096142918,0.3726068563214356,0.4056947318558707,0.650823372538473
2108,0.4056947324214051,0.08557619803749288,0.13612220991431098,0.37260685962679096,0.4056947324214051,0.6508233703847753
2109,0.405694732987362,0.08557619521344875,0.1361222088672672,0.3726068629319221,0.405694732987362,0.650823368230929
2110,0.40569473355373725,0.08557619238913465,0.1361222078202971,0.37260686623683104,0.40569473355373725,0.650823366076935
2111,0.4056947341205262,0.08557618956455362,0.13612220677339987,0.37260686954152,0.4056947341205262,0.6508233639227934
2112,0.40569473468772493,0.08557618673970835,0.13612220572657466,0.3726068728459918,0.40569473468772493,0.650823361768508
2113,0.405694735255329,0.08557618391460176,0.1361222046798205,0.37260687615024857,0.405694735255329,0.6508233596140798
2114,0.4056947358233342,0.08557618108923651,0.1361222036331367,0.37260687945429255,0.4056947358233342,0.6508233574595093
2115,0.4056947363917361,0.08557617826361534,0.13612220258652247,0.37260688275812603,0.4056947363917361,0.6508233553047978
2116,0.405694736960531,0.08557617543774092,0.13612220153997676,0.37260688606175124,0.405694736960531,0.6508233531499482
2117,0.40569473752971436,0.08557617261161611,0.13612220049349893,0.3726068893651703,0.40569473752971436,0.6508233509949604
2118,0.4056947380992828,0.08557616978524332,0.13612219944708823,0.3726068926683854,0.4056947380992828,0.6508233488398372
2119,0.4056947386692319,0.08557616695862527,0.13612219840074388,0.37260689597139873,0.4056947386692319,0.6508233466845792
2120,0.4056947392395578,0.08557616413176448,0.13612219735446515,0.3726068992742126,0.4056947392395578,0.6508233445291878
2121,0.4056947398102563,0.08557616130466368,0.136122196308251,0.3726069025768289,0.4056947398102563,0.6508233423736642
2122,0.40569474038132386,0.08557615847732518,0.13612219526210098,0.37260690587924983,0.40569474038132386,0.6508233402180104
2123,0.4056947409527564,0.08557615564975146,0.13612219421601424,0.37260690918147765,0.4056947409527564,0.6508233380622275
2124,0.40569474152455043,0.08557615282194521,0.13612219316998997,0.3726069124835143,0.40569474152455043,0.6508233359063166
2125,0.405694742096702,0.08557614999390878,0.13612219212402743,0.37260691578536176,0.405694742096702,0.6508233337502791
2126,0.4056947426692072,0.08557614716564468,0.13612219107812604,0.37260691908702176,0.4056947426692072,0.6508233315941154
2127,0.40569474324206284,0.08557614433715519,0.13612219003228504,0.37260692238849674,0.40569474324206284,0.6508233294378287
2128,0.405694743815265,0.08557614150844298,0.13612218898650366,0.37260692568978837,0.405694743815265,0.6508233272814192
2129,0.4056947443888097,0.08557613867950994,0.13612218794078138,0.37260692899089876,0.4056947443888097,0.6508233251248878
2130,0.40569474496269387,0.08557613585035874,0.13612218689511726,0.37260693229182995,0.40569474496269387,0.6508233229682362
2131,0.405694745536914,0.08557613302099143,0.13612218584951066,0.37260693559258373,0.405694745536914,0.6508233208114662
2132,0.40569474611146633,0.0855761301914106,0.13612218480396104,0.3726069388931619,0.40569474611146633,0.6508233186545778
2133,0.40569474668634764,0.08557612736161828,0.13612218375846777,0.3726069421935662,0.40569474668634764,0.6508233164975734
2134,0.40569474726155424,0.08557612453161675,0.13612218271303014,0.37260694549379875,0.40569474726155424,0.6508233143404528
2135,0.4056947478370831,0.08557612170140823,0.13612218166764722,0.3726069487938613,0.4056947478370831,0.6508233121832185
2136,0.4056947484129305,0.08557611887099494,0.13612218062231868,0.3726069520937557,0.4056947484129305,0.6508233100258712
2137,0.40569474898909347,0.08557611604037886,0.13612217957704403,0.3726069553934836,0.40569474898909347,0.6508233078684117
2138,0.4056947495655684,0.08557611320956235,0.1361221785318222,0.3726069586930469,0.4056947495655684,0.6508233057108415
2139,0.40569475014235246,0.08557611037854727,0.13612217748665278,0.37260696199244736,0.40569475014235246,0.650823303553162
2140,0.4056947507194419,0.085576107547336,0.13612217644153515,0.37260696529168663,0.4056947507194419,0.6508233013953743
2141,0.40569475129683397,0.08557610471593066,0.13612217539646887,0.37260696859076653,0.40569475129683397,0.650823299237479
2142,0.40569475187452525,0.08557610188433296,0.13612217435145313,0.3726069718896886,0.40569475187452525,0.6508232970794778
2143,0.40569475245251263,0.08557609905254521,0.1361221733064874,0.3726069751884544,0.40569475245251263,0.6508232949213697
2144,0.4056947530307934,0.0855760962205692,0.13612217226157114,0.37260697848706614,0.4056947530307934,0.6508232927631592
2145,0.4056947536093642,0.08557609338840708,0.13612217121670372,0.37260698178552487,0.4056947536093642,0.6508232906048461
2146,0.4056947541882221,0.08557609055606079,0.13612217017188433,0.3726069850838327,0.4056947541882221,0.6508232884464302
2147,0.405694754767364,0.08557608772353222,0.13612216912711278,0.3726069883819909,0.405694754767364,0.6508232862879133
2148,0.40569475534678695,0.08557608489082344,0.13612216808238833,0.37260699168000105,0.40569475534678695,0.6508232841292974
2149,0.4056947559264882,0.08557608205793603,0.13612216703771057,0.372606994977865,0.4056947559264882,0.6508232819705814
2150,0.4056947565064647,0.08557607922487227,0.13612216599307894,0.37260699827558386,0.4056947565064647,0.6508232798117685
2151,0.40569475708671393,0.08557607639163363,0.1361221649484926,0.3726070015731597,0.40569475708671393,0.6508232776528587
2152,0.40569475766723256,0.08557607355822243,0.13612216390395127,0.37260700487059367,0.40569475766723256,0.6508232754938528
2153,0.40569475824801815,0.08557607072463998,0.13612216285945444,0.3726070081678873,0.40569475824801815,0.6508232733347521
2154,0.40569475882906764,0.08557606789088845,0.1361221618150016,0.37260701146504205,0.40569475882906764,0.6508232711755569
2155,0.4056947594103786,0.08557606505696938,0.13612216077059197,0.37260701476205993,0.4056947594103786,0.6508232690162701
2156,0.405694759991948,0.0855760622228846,0.13612215972622538,0.3726070180589419,0.405694759991948,0.6508232668568903
2157,0.4056947605737733,0.08557605938863615,0.13612215868190106,0.37260702135568935,0.4056947605737733,0.6508232646974197
2158,0.4056947611558516,0.08557605655422551,0.1361221576376187,0.37260702465230405,0.4056947611558516,0.6508232625378589
2159,0.40569476173818064,0.08557605371965438,0.13612215659337784,0.3726070279487869,0.40569476173818064,0.6508232603782096
2160,0.40569476232075763,0.08557605088492459,0.13612215554917764,0.37260703124513994,0.40569476232075763,0.6508232582184713
2161,0.4056947629035801,0.0855760480500374,0.1361221545050181,0.3726070345413642,0.4056947629035801,0.6508232560586463
2162,0.40569476348664535,0.08557604521499505,0.13612215346089834,0.3726070378374609,0.40569476348664535,0.6508232538987342
2163,0.4056947640699511,0.08557604237979888,0.13612215241681808,0.37260704113343185,0.4056947640699511,0.6508232517387373
2164,0.4056947646534945,0.08557603954445042,0.136122151372777,0.37260704442927794,0.4056947646534945,0.6508232495786548
2165,0.40569476523727355,0.0855760367089515,0.13612215032877428,0.37260704772500075,0.40569476523727355,0.6508232474184901
2166,0.4056947658212851,0.08557603387330356,0.13612214928480978,0.3726070510206014,0.4056947658212851,0.6508232452582412
2167,0.4056947664055271,0.08557603103750828,0.13612214824088303,0.37260705431608143,0.4056947664055271,0.6508232430979104
2168,0.4056947669899973,0.08557602820156718,0.1361221471969934,0.3726070576114418,0.4056947669899973,0.6508232409374974
2169,0.4056947675746934,0.08557602536548162,0.13612214615314047,0.3726070609066843,0.4056947675746934,0.6508232387770059
2170,0.4056947681596128,0.08557602252925346,0.1361221451093239,0.37260706420180967,0.4056947681596128,0.6508232366164334
2171,0.4056947687447532,0.0855760196928839,0.13612214406554307,0.37260706749681954,0.4056947687447532,0.6508232344557825
2172,0.4056947693301122,0.08557601685637461,0.136122143021798,0.3726070707917149,0.4056947693301122,0.6508232322950536
2173,0.4056947699156879,0.08557601401972693,0.13612214197808803,0.37260707408649707,0.4056947699156879,0.6508232301342478
2174,0.4056947705014776,0.08557601118294274,0.13612214093441258,0.37260707738116694,0.4056947705014776,0.650823227973365
2175,0.4056947710874794,0.08557600834602268,0.13612213989077143,0.37260708067572623,0.4056947710874794,0.6508232258124074
2176,0.40569477167369095,0.08557600550896895,0.13612213884716412,0.37260708397017583,0.40569477167369095,0.6508232236513747
2177,0.40569477226011014,0.08557600267178277,0.1361221378035902,0.37260708726451686,0.40569477226011014,0.6508232214902681
2178,0.40569477284673466,0.08557599983446512,0.1361221367600494,0.37260709055875063,0.40569477284673466,0.650823219329088
2179,0.40569477343356264,0.08557599699701786,0.13612213571654114,0.3726070938528782,0.40569477343356264,0.6508232171678352
2180,0.40569477402059145,0.08557599415944238,0.13612213467306541,0.3726070971469006,0.40569477402059145,0.6508232150065101
2181,0.40569477460781966,0.08557599132173971,0.13612213362962133,0.37260710044081913,0.40569477460781966,0.6508232128451151
2182,0.40569477519524483,0.08557598848391129,0.13612213258620892,0.37260710373463485,0.40569477519524483,0.6508232106836491
2183,0.4056947757828649,0.08557598564595849,0.1361221315428275,0.3726071070283488,0.4056947757828649,0.6508232085221138
2184,0.4056947763706779,0.08557598280788284,0.1361221304994769,0.37260711032196214,0.4056947763706779,0.6508232063605086
2185,0.40569477695868206,0.08557597996968518,0.13612212945615665,0.3726071136154758,0.40569477695868206,0.6508232041988368
2186,0.40569477754687483,0.08557597713136729,0.1361221284128667,0.37260711690889103,0.40569477754687483,0.6508232020370963
2187,0.4056947781352548,0.08557597429293021,0.13612212736960622,0.3726071202022087,0.4056947781352548,0.6508231998752899
2188,0.40569477872381965,0.085575971454375,0.13612212632637513,0.37260712349543,0.40569477872381965,0.6508231977134167
2189,0.40569477931256787,0.08557596861570312,0.13612212528317288,0.37260712678855595,0.40569477931256787,0.6508231955514788
2190,0.40569477990149694,0.08557596577691598,0.13612212423999945,0.3726071300815875,0.40569477990149694,0.6508231933894756
2191,0.40569478049060537,0.08557596293801457,0.13612212319685424,0.37260713337452556,0.40569478049060537,0.6508231912274076
2192,0.4056947810798917,0.08557596009899988,0.13612212215373704,0.3726071366673714,0.4056947810798917,0.6508231890652778
2193,0.4056947816693532,0.0855759572598736,0.13612212111064748,0.3726071399601256,0.4056947816693532,0.6508231869030843
2194,0.4056947822589885,0.08557595442063655,0.13612212006758528,0.3726071432527894,0.4056947822589885,0.6508231847408283
2195,0.40569478284879595,0.08557595158129014,0.13612211902455,0.3726071465453638,0.40569478284879595,0.6508231825785111
2196,0.40569478343877347,0.08557594874183548,0.13612211798154136,0.3726071498378496,0.40569478343877347,0.6508231804161331
2197,0.4056947840289193,0.08557594590227348,0.13612211693855916,0.37260715313024784,0.4056947840289193,0.6508231782536945
2198,0.4056947846192318,0.08557594306260544,0.136122115895603,0.3726071564225594,0.4056947846192318,0.6508231760911969
2199,0.40569478520970925,0.0855759402228324,0.13612211485267267,0.3726071597147854,0.40569478520970925,0.6508231739286403
2200,0.4056947858003499,0.08557593738295573,0.13612211380976763,0.3726071630069266,0.4056947858003499,0.6508231717660248
2201,0.4056947863911521,0.08557593454297624,0.13612211276688768,0.3726071662989839,0.4056947863911521,0.6508231696033517
2202,0.40569478698211403,0.08557593170289515,0.13612211172403263,0.37260716959095797,0.40569478698211403,0.6508231674406213
2203,0.4056947875732343,0.08557592886271342,0.136122110681202,0.3726071728828501,0.4056947875732343,0.6508231652778345
2204,0.4056947881645108,0.08557592602243234,0.1361221096383959,0.37260717617466094,0.4056947881645108,0.6508231631149912
2205,0.40569478875594234,0.08557592318205258,0.1361221085956135,0.3726071794663914,0.40569478875594234,0.6508231609520932
2206,0.4056947893475271,0.08557592034157557,0.13612210755285473,0.3726071827580424,0.4056947893475271,0.65082315878914
2207,0.40569478993926344,0.08557591750100199,0.13612210651011958,0.3726071860496147,0.40569478993926344,0.6508231566261318
2208,0.4056947905311501,0.0855759146603334,0.13612210546740738,0.37260718934110904,0.4056947905311501,0.65082315446307
2209,0.4056947911231853,0.08557591181957011,0.13612210442471795,0.37260719263252645,0.4056947911231853,0.6508231522999557
2210,0.40569479171536743,0.08557590897871367,0.1361221033820511,0.37260719592386754,0.40569479171536743,0.650823150136788
2211,0.40569479230769495,0.08557590613776483,0.13612210233940672,0.37260719921513324,0.40569479230769495,0.6508231479735684
2212,0.4056947929001666,0.08557590329672453,0.13612210129678423,0.37260720250632456,0.4056947929001666,0.6508231458102974
2213,0.40569479349278054,0.08557590045559377,0.1361221002541835,0.37260720579744194,0.40569479349278054,0.6508231436469751
2214,0.40569479408553555,0.08557589761437354,0.1361220992116043,0.3726072090884863,0.40569479408553555,0.650823141483602
2215,0.40569479467843006,0.08557589477306478,0.13612209816904638,0.37260721237945865,0.40569479467843006,0.6508231393201795
2216,0.4056947952714626,0.0855758919316685,0.13612209712650944,0.37260721567035937,0.4056947952714626,0.6508231371567073
2217,0.4056947958646317,0.08557588909018571,0.13612209608399317,0.37260721896118937,0.4056947958646317,0.6508231349931854
2218,0.40569479645793594,0.08557588624861709,0.13612209504149744,0.3726072222519495,0.40569479645793594,0.6508231328296155
2219,0.4056947970513742,0.08557588340696341,0.1361220939990219,0.37260722554264036,0.4056947970513742,0.650823130665998
2220,0.4056947976449447,0.08557588056522587,0.13612209295656644,0.3726072288332629,0.4056947976449447,0.6508231285023325
2221,0.4056947982386461,0.08557587772340544,0.1361220919141307,0.3726072321238176,0.4056947982386461,0.6508231263386196
2222,0.4056947988324773,0.08557587488150284,0.13612209087171448,0.3726072354143053,0.4056947988324773,0.6508231241748603
2223,0.40569479942643677,0.08557587203951873,0.13612208982931773,0.3726072387047266,0.40569479942643677,0.6508231220110554
2224,0.4056948000205231,0.0855758691974545,0.13612208878693988,0.37260724199508233,0.4056948000205231,0.6508231198472042
2225,0.4056948006147352,0.08557586635531038,0.13612208774458096,0.3726072452853735,0.4056948006147352,0.6508231176833086
2226,0.4056948012090716,0.08557586351308755,0.13612208670224055,0.3726072485756001,0.4056948012090716,0.6508231155193681
2227,0.405694801803531,0.08557586067078685,0.13612208565991865,0.3726072518657634,0.405694801803531,0.6508231133553832
2228,0.40569480239811206,0.08557585782840901,0.1361220846176149,0.37260725515586374,0.40569480239811206,0.6508231111913546
2229,0.40569480299281374,0.08557585498595499,0.13612208357532912,0.3726072584459019,0.40569480299281374,0.6508231090272829
2230,0.40569480358763443,0.08557585214342543,0.13612208253306116,0.3726072617358788,0.40569480358763443,0.650823106863168
2231,0.4056948041825733,0.08557584930082121,0.13612208149081056,0.37260726502579483,0.4056948041825733,0.6508231046990113
2232,0.4056948047776287,0.08557584645814327,0.1361220804485774,0.3726072683156504,0.4056948047776287,0.6508231025348115
2233,0.4056948053727999,0.0855758436153921,0.1361220794063613,0.3726072716054466,0.4056948053727999,0.6508231003705709
2234,0.4056948059680854,0.08557584077256858,0.13612207836416204,0.3726072748951839,0.4056948059680854,0.6508230982062891
2235,0.40569480656348406,0.08557583792967345,0.1361220773219796,0.37260727818486283,0.40569480656348406,0.6508230960419668
2236,0.40569480715899464,0.08557583508670734,0.1361220762798137,0.3726072814744842,0.40569480715899464,0.6508230938776035
2237,0.40569480775461614,0.0855758322436715,0.13612207523766384,0.3726072847640484,0.40569480775461614,0.6508230917132014
2238,0.40569480835034716,0.08557582940056616,0.13612207419553024,0.3726072880535562,0.40569480835034716,0.6508230895487587
2239,0.4056948089461867,0.08557582655739243,0.1361220731534125,0.37260729134300796,0.4056948089461867,0.6508230873842772
2240,0.40569480954213366,0.08557582371415082,0.13612207211131058,0.3726072946324048,0.40569480954213366,0.6508230852197573
2241,0.4056948101381871,0.08557582087084181,0.13612207106922414,0.3726072979217469,0.4056948101381871,0.6508230830551993
2242,0.4056948107343453,0.08557581802746664,0.13612207002715304,0.37260730121103486,0.4056948107343453,0.650823080890603
2243,0.4056948113306079,0.08557581518402549,0.13612206898509716,0.37260730450026935,0.4056948113306079,0.6508230787259696
2244,0.4056948119269735,0.08557581234051949,0.13612206794305615,0.37260730778945084,0.4056948119269735,0.6508230765612995
2245,0.40569481252344064,0.08557580949694914,0.1361220669010301,0.37260731107857986,0.40569481252344064,0.6508230743965917
2246,0.4056948131200091,0.08557580665331503,0.13612206585901854,0.3726073143676572,0.4056948131200091,0.6508230722318483
2247,0.40569481371667704,0.08557580380961795,0.1361220648170216,0.37260731765668337,0.40569481371667704,0.6508230700670683
2248,0.4056948143134438,0.08557580096585857,0.13612206377503872,0.3726073209456586,0.4056948143134438,0.6508230679022529
2249,0.4056948149103084,0.08557579812203751,0.13612206273307004,0.37260732423458387,0.4056948149103084,0.6508230657374026
2250,0.4056948155072696,0.08557579527815545,0.13612206169111532,0.37260732752345943,0.4056948155072696,0.6508230635725173
2251,0.40569481610432645,0.08557579243421326,0.1361220606491743,0.3726073308122858,0.40569481610432645,0.650823061407597
2252,0.40569481670147817,0.08557578959021109,0.13612205960724694,0.3726073341010637,0.40569481670147817,0.6508230592426427
2253,0.4056948172987234,0.08557578674614984,0.136122058565333,0.37260733738979357,0.4056948172987234,0.6508230570776549
2254,0.4056948178960618,0.08557578390203008,0.1361220575234323,0.3726073406784758,0.4056948178960618,0.6508230549126341
2255,0.4056948184934916,0.08557578105785259,0.13612205648154457,0.372607343967111,0.4056948184934916,0.6508230527475795
2256,0.40569481909101235,0.08557577821361789,0.13612205543967,0.37260734725569966,0.40569481909101235,0.6508230505824923
2257,0.405694819688623,0.08557577536932637,0.13612205439780817,0.3726073505442423,0.405694819688623,0.6508230484173728
2258,0.40569482028632264,0.08557577252497903,0.13612205335595903,0.3726073538327393,0.40569482028632264,0.6508230462522213
2259,0.40569482088411013,0.08557576968057588,0.13612205231412258,0.37260735712119125,0.40569482088411013,0.6508230440870373
2260,0.4056948214819848,0.08557576683611826,0.13612205127229804,0.37260736040959863,0.4056948214819848,0.650823041921822
2261,0.4056948220799456,0.08557576399160631,0.136122050230486,0.3726073636979619,0.4056948220799456,0.6508230397565761
2262,0.40569482267799173,0.08557576114704062,0.13612204918868595,0.3726073669862816,0.40569482267799173,0.6508230375912987
2263,0.4056948232761223,0.08557575830242177,0.13612204814689763,0.3726073702745581,0.4056948232761223,0.6508230354259912
2264,0.4056948238743364,0.08557575545775031,0.13612204710512132,0.3726073735627918,0.4056948238743364,0.6508230332606539
2265,0.4056948244726331,0.08557575261302697,0.13612204606335662,0.37260737685098316,0.4056948244726331,0.650823031095286
2266,0.40569482507101173,0.08557574976825208,0.1361220450216032,0.37260738013913275,0.40569482507101173,0.6508230289298891
2267,0.4056948256694712,0.08557574692342633,0.1361220439798614,0.3726073834272411,0.4056948256694712,0.6508230267644628
2268,0.4056948262680107,0.08557574407855016,0.13612204293813052,0.3726073867153084,0.4056948262680107,0.6508230245990074
2269,0.40569482686662955,0.08557574123362412,0.1361220418964106,0.3726073900033354,0.40569482686662955,0.6508230224335232
2270,0.4056948274653268,0.08557573838864885,0.1361220408547019,0.37260739329132225,0.4056948274653268,0.6508230202680108
2271,0.40569482806410184,0.08557573554362477,0.1361220398130038,0.3726073965792694,0.40569482806410184,0.6508230181024701
2272,0.40569482866295353,0.08557573269855247,0.13612203877131643,0.3726073998671774,0.40569482866295353,0.6508230159369017
2273,0.40569482926188144,0.08557572985343223,0.13612203772963966,0.3726074031550466,0.40569482926188144,0.6508230137713062
2274,0.40569482986088445,0.08557572700826488,0.136122036687973,0.37260740644287765,0.40569482986088445,0.6508230116056835
2275,0.4056948304599619,0.08557572416305081,0.1361220356463168,0.3726074097306704,0.4056948304599619,0.6508230094400334
2276,0.4056948310591128,0.08557572131779045,0.13612203460467073,0.37260741301842576,0.4056948310591128,0.6508230072743562
2277,0.40569483165833686,0.08557571847248414,0.1361220335630347,0.3726074163061439,0.40569483165833686,0.6508230051086533
2278,0.4056948322576332,0.08557571562713273,0.13612203252140861,0.37260741959382543,0.4056948322576332,0.6508230029429245
2279,0.4056948328570006,0.0855757127817365,0.13612203147979232,0.3726074228814704,0.4056948328570006,0.6508230007771689
2280,0.4056948334564387,0.08557570993629593,0.1361220304381858,0.37260742616907944,0.4056948334564387,0.6508229986113889
2281,0.40569483405594675,0.08557570709081147,0.13612202939658852,0.37260742945665304,0.40569483405594675,0.6508229964455827
2282,0.405694834655524,0.08557570424528373,0.1361220283550009,0.3726074327441913,0.405694834655524,0.6508229942797521
2283,0.4056948352551697,0.085575701399713,0.13612202731342254,0.3726074360316946,0.4056948352551697,0.6508229921138957
2284,0.40569483585488314,0.08557569855409959,0.13612202627185344,0.3726074393191634,0.40569483585488314,0.6508229899480156
2285,0.40569483645466375,0.0855756957084444,0.13612202523029351,0.37260744260659834,0.40569483645466375,0.6508229877821115
2286,0.40569483705451054,0.08557569286274741,0.13612202418874259,0.37260744589399936,0.40569483705451054,0.6508229856161823
2287,0.4056948376544231,0.08557569001700947,0.1361220231472004,0.37260744918136696,0.4056948376544231,0.6508229834502297
2288,0.4056948382544005,0.08557568717123071,0.1361220221056671,0.3726074524687017,0.4056948382544005,0.6508229812842539
2289,0.4056948388544423,0.08557568432541161,0.13612202106414228,0.37260745575600374,0.4056948388544423,0.6508229791182543
2290,0.4056948394545475,0.08557568147955279,0.1361220200226261,0.3726074590432734,0.4056948394545475,0.6508229769522318
2291,0.40569484005471573,0.08557567863365459,0.13612201898111842,0.372607462330511,0.40569484005471573,0.6508229747861864
2292,0.40569484065494643,0.08557567578771721,0.1361220179396191,0.372607465617717,0.40569484065494643,0.6508229726201185
2293,0.40569484125523875,0.08557567294174115,0.13612201689812792,0.372607468904892,0.40569484125523875,0.6508229704540283
2294,0.405694841855592,0.08557567009572715,0.136122015856645,0.3726074721920357,0.405694841855592,0.6508229682879159
2295,0.4056948424560057,0.08557566724967523,0.13612201481517,0.3726074754791489,0.4056948424560057,0.6508229661217807
2296,0.4056948430564789,0.08557566440358597,0.13612201377370314,0.3726074787662317,0.4056948430564789,0.6508229639556249
2297,0.40569484365701136,0.0855756615574597,0.13612201273224403,0.37260748205328476,0.40569484365701136,0.6508229617894478
2298,0.4056948442576024,0.08557565871129695,0.13612201169079272,0.3726074853403078,0.4056948442576024,0.6508229596232487
2299,0.4056948448582513,0.08557565586509787,0.13612201064934903,0.37260748862730164,0.4056948448582513,0.650822957457029
2300,0.40569484545895756,0.0855756530188629,0.13612200960791287,0.3726074919142664,0.40569484545895756,0.6508229552907879
2301,0.40569484605972045,0.08557565017259239,0.13612200856648432,0.37260749520120257,0.40569484605972045,0.6508229531245271
2302,0.4056948466605397,0.08557564732628697,0.13612200752506295,0.3726074984881102,0.4056948466605397,0.6508229509582453
2303,0.4056948472614142,0.08557564447994694,0.13612200648364906,0.3726075017749898,0.4056948472614142,0.6508229487919441
2304,0.4056948478623436,0.08557564163357242,0.13612200544224234,0.37260750506184154,0.4056948478623436,0.6508229466256219
2305,0.4056948484633274,0.08557563878716402,0.13612200440084252,0.37260750834866574,0.4056948484633274,0.6508229444592802
2306,0.4056948490643649,0.08557563594072214,0.13612200335944996,0.3726075116354628,0.4056948490643649,0.6508229422929187
2307,0.4056948496654559,0.08557563309424664,0.13612200231806418,0.37260751492223304,0.4056948496654559,0.6508229401265386
2308,0.40569485026659946,0.08557563024773865,0.13612200127668522,0.3726075182089764,0.40569485026659946,0.6508229379601383
2309,0.4056948508677951,0.08557562740119777,0.1361220002353133,0.37260752149569365,0.4056948508677951,0.6508229357937202
2310,0.40569485146904233,0.0855756245546251,0.13612199919394785,0.37260752478238446,0.40569485146904233,0.6508229336272824
2311,0.40569485207034073,0.08557562170802044,0.1361219981525889,0.37260752806904973,0.40569485207034073,0.6508229314608267
2312,0.40569485267168964,0.08557561886138407,0.13612199711123674,0.3726075313556894,0.40569485267168964,0.6508229292943521
2313,0.4056948532730883,0.08557561601471679,0.1361219960698908,0.37260753464230373,0.4056948532730883,0.6508229271278592
2314,0.40569485387453674,0.08557561316801829,0.13612199502855143,0.37260753792889334,0.40569485387453674,0.6508229249613487
2315,0.40569485447603415,0.08557561032128946,0.13612199398721817,0.37260754121545797,0.40569485447603415,0.6508229227948206
2316,0.4056948550775799,0.08557560747453051,0.13612199294589122,0.37260754450199807,0.4056948550775799,0.6508229206282743
2317,0.40569485567917396,0.0855756046277414,0.13612199190457028,0.3726075477885143,0.40569485567917396,0.650822918461711
2318,0.4056948562808149,0.08557560178092301,0.13612199086325538,0.3726075510750065,0.4056948562808149,0.6508229162951298
2319,0.4056948568825032,0.08557559893407533,0.1361219898219466,0.37260755436147486,0.4056948568825032,0.650822914128532
2320,0.40569485748423767,0.08557559608719865,0.1361219887806436,0.3726075576479199,0.40569485748423767,0.6508229119619168
2321,0.4056948580860182,0.08557559324029315,0.13612198773934672,0.3726075609343418,0.4056948580860182,0.6508229097952849
2322,0.40569485868784416,0.08557559039335948,0.1361219866980554,0.37260756422074087,0.40569485868784416,0.6508229076286369
2323,0.40569485928971516,0.08557558754639777,0.13612198565676978,0.37260756750711704,0.40569485928971516,0.6508229054619719
2324,0.40569485989163095,0.08557558469940832,0.13612198461548983,0.37260757079347084,0.40569485989163095,0.6508229032952912
2325,0.40569486049359055,0.08557558185239135,0.13612198357421554,0.3726075740798025,0.40569486049359055,0.6508229011285941
2326,0.4056948610955939,0.08557557900534733,0.13612198253294655,0.37260757736611194,0.4056948610955939,0.6508228989618804
2327,0.4056948616976405,0.08557557615827643,0.13612198149168292,0.3726075806523998,0.4056948616976405,0.6508228967951517
2328,0.4056948622997297,0.08557557331117902,0.13612198045042484,0.3726075839386664,0.4056948622997297,0.6508228946284077
2329,0.40569486290186124,0.08557557046405513,0.1361219794091718,0.3726075872249118,0.40569486290186124,0.6508228924616486
2330,0.40569486350403455,0.0855755676169054,0.13612197836792417,0.3726075905111356,0.40569486350403455,0.650822890294873
2331,0.4056948641062495,0.0855755647697299,0.1361219773266817,0.3726075937973389,0.4056948641062495,0.6508228881280829
2332,0.40569486470850513,0.08557556192252888,0.13612197628544434,0.3726075970835216,0.40569486470850513,0.6508228859612778
2333,0.40569486531080134,0.08557555907530263,0.136121975244212,0.3726076003696839,0.40569486531080134,0.6508228837944577
2334,0.4056948659131376,0.08557555622805153,0.13612197420298458,0.3726076036558261,0.4056948659131376,0.6508228816276235
2335,0.4056948665155135,0.08557555338077585,0.13612197316176206,0.3726076069419483,0.4056948665155135,0.6508228794607738
2336,0.4056948671179288,0.08557555053347579,0.13612197212054436,0.3726076102280509,0.4056948671179288,0.6508228772939104
2337,0.40569486772038305,0.08557554768615142,0.1361219710793315,0.3726076135141337,0.40569486772038305,0.6508228751270332
2338,0.4056948683228758,0.08557554483880316,0.13612197003812337,0.3726076168001975,0.4056948683228758,0.6508228729601415
2339,0.4056948689254067,0.08557554199143126,0.1361219689969199,0.372607620086242,0.4056948689254067,0.6508228707932359
2340,0.40569486952797507,0.08557553914403612,0.13612196795572096,0.37260762337226766,0.40569486952797507,0.6508228686263164
2341,0.40569487013058086,0.08557553629661767,0.13612196691452658,0.3726076266582746,0.40569487013058086,0.6508228664593833
2342,0.4056948707332233,0.08557553344917664,0.1361219658733368,0.37260762994426305,0.4056948707332233,0.6508228642924363
2343,0.40569487133590243,0.0855755306017126,0.13612196483215136,0.37260763323023327,0.40569487133590243,0.6508228621254769
2344,0.4056948719386178,0.08557552775422633,0.1361219637909703,0.37260763651618556,0.4056948719386178,0.650822859958504
2345,0.40569487254136855,0.08557552490671784,0.13612196274979366,0.37260763980211964,0.40569487254136855,0.6508228577915173
2346,0.405694873144155,0.08557552205918746,0.13612196170862123,0.3726076430880361,0.405694873144155,0.6508228556245186
2347,0.40569487374697616,0.08557551921163534,0.13612196066745316,0.3726076463739351,0.40569487374697616,0.6508228534575062
2348,0.40569487434983237,0.08557551636406173,0.13612195962628906,0.37260764965981674,0.40569487434983237,0.6508228512904821
2349,0.40569487495272266,0.0855755135164671,0.13612195858512902,0.3726076529456811,0.40569487495272266,0.6508228491234446
2350,0.40569487555564676,0.08557551066885118,0.13612195754397333,0.3726076562315285,0.40569487555564676,0.6508228469563953
2351,0.4056948761586045,0.08557550782121454,0.1361219565028217,0.37260765951735925,0.4056948761586045,0.6508228447893332
2352,0.4056948767615955,0.08557550497355743,0.13612195546167374,0.3726076628031733,0.4056948767615955,0.650822842622259
2353,0.40569487736461923,0.08557550212587994,0.1361219544205297,0.3726076660889708,0.40569487736461923,0.6508228404551725
2354,0.4056948779676757,0.08557549927818234,0.13612195337938973,0.37260766937475204,0.4056948779676757,0.6508228382880746
2355,0.40569487857076425,0.08557549643046482,0.1361219523382535,0.37260767266051736,0.40569487857076425,0.6508228361209648
2356,0.40569487917388464,0.08557549358272759,0.13612195129712093,0.3726076759462667,0.40569487917388464,0.6508228339538431
2357,0.4056948797770367,0.08557549073497078,0.13612195025599214,0.37260767923200017,0.4056948797770367,0.6508228317867102
2358,0.40569488038021984,0.08557548788719473,0.13612194921486717,0.3726076825177182,0.40569488038021984,0.6508228296195655
2359,0.4056948809834338,0.08557548503939949,0.13612194817374562,0.37260768580342063,0.4056948809834338,0.6508228274524099
2360,0.4056948815866785,0.0855754821915856,0.1361219471326278,0.372607689089108,0.4056948815866785,0.6508228252852428
2361,0.40569488218995325,0.08557547934375284,0.13612194609151343,0.3726076923747803,0.40569488218995325,0.6508228231180644
2362,0.40569488279325777,0.08557547649590164,0.1361219450504026,0.37260769566043767,0.40569488279325777,0.650822820950875
2363,0.4056948833965923,0.08557547364803217,0.13612194400929523,0.37260769894608015,0.4056948833965923,0.6508228187836751
2364,0.40569488399995607,0.08557547080014459,0.13612194296819105,0.3726077022317081,0.40569488399995607,0.6508228166164649
2365,0.40569488460334857,0.08557546795223904,0.13612194192709057,0.37260770551732153,0.40569488460334857,0.6508228144492432
2366,0.40569488520676983,0.08557546510431588,0.13612194088599347,0.37260770880292066,0.40569488520676983,0.6508228122820111
2367,0.40569488581021945,0.08557546225637526,0.1361219398448994,0.3726077120885056,0.40569488581021945,0.6508228101147684
2368,0.4056948864136973,0.08557545940841706,0.13612193880380868,0.3726077153740767,0.4056948864136973,0.650822807947516
2369,0.40569488701720297,0.08557545656044185,0.13612193776272113,0.37260771865963405,0.40569488701720297,0.6508228057802532
2370,0.4056948876207359,0.08557545371244976,0.1361219367216368,0.37260772194517744,0.4056948876207359,0.65082280361298
2371,0.40569488822429617,0.08557545086444072,0.1361219356805555,0.3726077252307075,0.40569488822429617,0.6508228014456967
2372,0.40569488882788324,0.08557544801641506,0.13612193463947736,0.37260772851622415,0.40569488882788324,0.6508227992784044
2373,0.405694889431497,0.08557544516837322,0.13612193359840224,0.3726077318017274,0.405694889431497,0.6508227971111017
2374,0.4056948900351372,0.08557544232031504,0.13612193255733007,0.37260773508721756,0.4056948900351372,0.6508227949437891
2375,0.4056948906388035,0.08557543947224064,0.13612193151626092,0.3726077383726948,0.4056948906388035,0.6508227927764674
2376,0.40569489124249547,0.08557543662415053,0.1361219304751947,0.372607741658159,0.40569489124249547,0.6508227906091356
2377,0.4056948918462134,0.08557543377604436,0.13612192943413148,0.37260774494361076,0.4056948918462134,0.6508227884417956
2378,0.40569489244995627,0.085575430927923,0.13612192839307094,0.3726077482290497,0.40569489244995627,0.6508227862744449
2379,0.40569489305372425,0.0855754280797859,0.1361219273520132,0.37260775151447645,0.40569489305372425,0.6508227841070855
2380,0.4056948936575171,0.08557542523163354,0.13612192631095846,0.3726077547998907,0.4056948936575171,0.650822781939717
2381,0.40569489426133437,0.08557542238346631,0.13612192526990624,0.37260775808529284,0.40569489426133437,0.6508227797723398
2382,0.40569489486517585,0.08557541953528418,0.13612192422885677,0.37260776137068297,0.40569489486517585,0.6508227776049528
2383,0.4056948954690414,0.08557541668708718,0.13612192318781008,0.3726077646560612,0.4056948954690414,0.6508227754375577
2384,0.40569489607293086,0.08557541383887551,0.13612192214676608,0.3726077679414275,0.40569489607293086,0.6508227732701537
2385,0.40569489667684344,0.08557541099064948,0.13612192110572455,0.37260777122678224,0.40569489667684344,0.6508227711027407
2386,0.4056948972807796,0.0855754081424091,0.1361219200646856,0.3726077745121257,0.4056948972807796,0.65082276893532
2387,0.40569489788473856,0.08557540529415447,0.1361219190236493,0.37260777779745746,0.40569489788473856,0.6508227667678899
2388,0.4056948984887204,0.08557540244588613,0.13612191798261536,0.3726077810827781,0.4056948984887204,0.6508227646004517
2389,0.4056948990927247,0.08557539959760375,0.136121916941584,0.3726077843680874,0.4056948990927247,0.6508227624330052
2390,0.40569489969675143,0.08557539674930771,0.13612191590055514,0.3726077876533857,0.40569489969675143,0.6508227602655504
2391,0.40569490030080013,0.08557539390099797,0.13612191485952876,0.37260779093867297,0.40569490030080013,0.6508227580980877
2392,0.4056949009048706,0.085575391052675,0.13612191381850464,0.3726077942239497,0.4056949009048706,0.6508227559306168
2393,0.40569490150896265,0.08557538820433884,0.13612191277748292,0.3726077975092154,0.40569490150896265,0.6508227537631377
2394,0.4056949021130762,0.08557538535598928,0.13612191173646354,0.3726078007944708,0.4056949021130762,0.6508227515956513
2395,0.40569490271721087,0.08557538250762703,0.1361219106954465,0.37260780407971567,0.40569490271721087,0.6508227494281569
2396,0.40569490332136643,0.08557537965925177,0.13612190965443155,0.3726078073649499,0.40569490332136643,0.6508227472606543
2397,0.4056949039255427,0.08557537681086366,0.13612190861341905,0.37260781065017434,0.4056949039255427,0.6508227450931445
2398,0.4056949045297394,0.08557537396246315,0.13612190757240863,0.37260781393538855,0.4056949045297394,0.6508227429256273
2399,0.40569490513395656,0.08557537111405022,0.1361219065314005,0.3726078172205926,0.40569490513395656,0.6508227407581022
2400,0.4056949057381936,0.08557536826562498,0.13612190549039452,0.3726078205057868,0.4056949057381936,0.6508227385905696
2401,0.4056949063424506,0.08557536541718755,0.13612190444939065,0.3726078237909711,0.4056949063424506,0.6508227364230299
2402,0.4056949069467273,0.08557536256873798,0.13612190340838884,0.37260782707614576,0.4056949069467273,0.6508227342554831
2403,0.4056949075510235,0.0855753597202766,0.1361219023673891,0.3726078303613107,0.4056949075510235,0.6508227320879294
2404,0.40569490815533893,0.08557535687180327,0.1361219013263915,0.3726078336464661,0.40569490815533893,0.6508227299203675
2405,0.40569490875967346,0.08557535402331831,0.1361219002853959,0.37260783693161215,0.40569490875967346,0.6508227277527987
2406,0.40569490936402675,0.08557535117482193,0.1361218992444023,0.37260784021674886,0.40569490936402675,0.6508227255852237
2407,0.4056949099683985,0.08557534832631396,0.13612189820341078,0.3726078435018766,0.4056949099683985,0.6508227234176416
2408,0.40569491057278906,0.08557534547779495,0.13612189716242085,0.372607846786995,0.40569491057278906,0.6508227212500528
2409,0.4056949111771976,0.08557534262926458,0.13612189612143327,0.3726078500721045,0.4056949111771976,0.6508227190824565
2410,0.4056949117816244,0.0855753397807232,0.13612189508044725,0.372607853357205,0.4056949117816244,0.6508227169148546
2411,0.4056949123860691,0.0855753369321709,0.13612189403946323,0.3726078566422967,0.4056949123860691,0.6508227147472456
2412,0.40569491299053134,0.0855753340836078,0.13612189299848124,0.37260785992737955,0.40569491299053134,0.6508227125796298
2413,0.40569491359501125,0.08557533123503382,0.13612189195750077,0.37260786321245404,0.40569491359501125,0.650822710412008
2414,0.4056949141995084,0.08557532838644953,0.1361218909165222,0.37260786649751965,0.4056949141995084,0.6508227082443785
2415,0.40569491480402275,0.0855753255378544,0.13612188987554544,0.3726078697825771,0.40569491480402275,0.6508227060767439
2416,0.40569491540855407,0.08557532268924933,0.1361218888345704,0.372607873067626,0.40569491540855407,0.6508227039091028
2417,0.4056949160131022,0.08557531984063373,0.13612188779359716,0.37260787635266684,0.4056949160131022,0.6508227017414558
2418,0.4056949166176668,0.08557531699200795,0.13612188675262568,0.3726078796376993,0.4056949166176668,0.6508226995738019
2419,0.40569491722224793,0.0855753141433723,0.13612188571165576,0.3726078829227238,0.40569491722224793,0.6508226974061425
2420,0.40569491782684547,0.08557531129472637,0.13612188467068756,0.3726078862077404,0.40569491782684547,0.6508226952384769
2421,0.405694918431459,0.085575308446071,0.13612188362972097,0.37260788949274887,0.405694918431459,0.6508226930708052
2422,0.4056949190360884,0.08557530559740595,0.13612188258875602,0.3726078927777495,0.4056949190360884,0.6508226909031276
2423,0.4056949196407335,0.08557530274873096,0.1361218815477927,0.3726078960627426,0.4056949196407335,0.6508226887354442
2424,0.40569492024539433,0.08557529990004664,0.13612188050683102,0.372607899347728,0.40569492024539433,0.6508226865677552
2425,0.40569492085007053,0.08557529705135276,0.13612187946587087,0.3726079026327056,0.40569492085007053,0.6508226844000605
2426,0.405694921454762,0.0855752942026498,0.13612187842491236,0.3726079059176757,0.405694921454762,0.6508226822323595
2427,0.4056949220594687,0.08557529135393763,0.13612187738395515,0.37260790920263837,0.4056949220594687,0.6508226800646535
2428,0.40569492266419016,0.08557528850521619,0.13612187634299971,0.3726079124875938,0.40569492266419016,0.6508226778969417
2429,0.4056949232689266,0.08557528565648558,0.13612187530204564,0.37260791577254193,0.4056949232689266,0.6508226757292246
2430,0.4056949238736776,0.08557528280774636,0.13612187426109296,0.37260791905748286,0.4056949238736776,0.6508226735615023
2431,0.40569492447844313,0.08557527995899829,0.13612187322014177,0.37260792234241663,0.40569492447844313,0.6508226713937743
2432,0.40569492508322275,0.08557527711024146,0.13612187217919214,0.3726079256273433,0.40569492508322275,0.6508226692260404
2433,0.4056949256880169,0.08557527426147593,0.13612187113824376,0.37260792891226335,0.4056949256880169,0.6508226670583017
2434,0.405694926292825,0.08557527141270191,0.1361218700972966,0.37260793219717625,0.405694926292825,0.6508226648905582
2435,0.40569492689764686,0.08557526856391942,0.1361218690563511,0.3726079354820824,0.40569492689764686,0.6508226627228088
2436,0.4056949275024826,0.08557526571512852,0.1361218680154069,0.3726079387669819,0.4056949275024826,0.6508226605550553
2437,0.405694928107332,0.08557526286632941,0.13612186697446382,0.37260794205187464,0.405694928107332,0.6508226583872962
2438,0.4056949287121947,0.0855752600175221,0.13612186593352227,0.3726079453367607,0.4056949287121947,0.6508226562195316
2439,0.40569492931707113,0.08557525716870654,0.136121864892582,0.3726079486216403,0.40569492931707113,0.6508226540517628
2440,0.40569492992196016,0.08557525431988307,0.1361218638516431,0.3726079519065134,0.40569492992196016,0.6508226518839884
2441,0.4056949305268625,0.08557525147105179,0.13612186281070532,0.37260795519137996,0.4056949305268625,0.6508226497162095
2442,0.40569493113177785,0.08557524862221248,0.13612186176976895,0.3726079584762405,0.40569493113177785,0.6508226475484258
2443,0.40569493173670595,0.08557524577336552,0.13612186072883364,0.37260796176109473,0.40569493173670595,0.6508226453806376
2444,0.40569493234164666,0.08557524292451091,0.13612185968789978,0.3726079650459426,0.40569493234164666,0.6508226432128444
2445,0.4056949329466,0.0855752400756486,0.1361218586469669,0.37260796833078447,0.4056949329466,0.6508226410450466
2446,0.4056949335515655,0.0855752372267789,0.1361218576060354,0.37260797161562015,0.4056949335515655,0.650822638877244
2447,0.4056949341565432,0.08557523437790175,0.13612185656510503,0.37260797490044983,0.4056949341565432,0.6508226367094367
2448,0.4056949347615331,0.08557523152901722,0.13612185552417566,0.37260797818527364,0.4056949347615331,0.6508226345416259
2449,0.4056949353665352,0.08557522868012538,0.13612185448324762,0.37260798147009166,0.4056949353665352,0.6508226323738099
2450,0.40569493597154915,0.08557522583122637,0.13612185344232058,0.37260798475490386,0.40569493597154915,0.6508226302059895
2451,0.4056949365765747,0.08557522298232023,0.13612185240139474,0.37260798803971024,0.4056949365765747,0.650822628038165
2452,0.4056949371816118,0.08557522013340699,0.13612185136046992,0.37260799132451106,0.4056949371816118,0.6508226258703355
2453,0.40569493778666044,0.08557521728448682,0.1361218503195463,0.37260799460930616,0.40569493778666044,0.6508226237025021
2454,0.40569493839172055,0.08557521443555972,0.1361218492786236,0.3726079978940959,0.40569493839172055,0.6508226215346645
2455,0.405694938996792,0.08557521158662587,0.13612184823770218,0.37260800117887993,0.405694938996792,0.6508226193668227
2456,0.4056949396018743,0.08557520873768533,0.13612184719678158,0.3726080044636586,0.4056949396018743,0.6508226171989766
2457,0.4056949402069678,0.08557520588873811,0.1361218461558622,0.3726080077484317,0.4056949402069678,0.650822615031126
2458,0.4056949408120721,0.08557520303978415,0.13612184511494385,0.3726080110331996,0.4056949408120721,0.6508226128632721
2459,0.4056949414171872,0.08557520019082386,0.1361218440740264,0.3726080143179622,0.4056949414171872,0.6508226106954136
2460,0.4056949420223133,0.08557519734185684,0.1361218430331098,0.37260801760271983,0.4056949420223133,0.6508226085275522
2461,0.40569494262744965,0.08557519449288362,0.13612184199219446,0.37260802088747225,0.40569494262744965,0.650822606359686
2462,0.4056949432325966,0.08557519164390408,0.13612184095127988,0.3726080241722192,0.4056949432325966,0.6508226041918157
2463,0.40569494383775384,0.08557518879491818,0.1361218399103664,0.3726080274569612,0.40569494383775384,0.6508226020239414
2464,0.4056949444429214,0.08557518594592622,0.1361218388694537,0.3726080307416984,0.4056949444429214,0.6508225998560636
2465,0.40569494504809905,0.085575183096928,0.13612183782854206,0.3726080340264306,0.40569494504809905,0.6508225976881825
2466,0.40569494565328673,0.08557518024792392,0.13612183678763118,0.37260803731115805,0.40569494565328673,0.6508225955202973
2467,0.4056949462584844,0.08557517739891363,0.13612183574672132,0.37260804059588043,0.4056949462584844,0.6508225933524086
2468,0.4056949468636919,0.08557517454989741,0.13612183470581246,0.3726080438805981,0.4056949468636919,0.650822591184516
2469,0.4056949474689089,0.08557517170087554,0.1361218336649043,0.3726080471653109,0.4056949474689089,0.650822589016619
2470,0.4056949480741358,0.08557516885184775,0.13612183262399716,0.3726080504500192,0.4056949480741358,0.6508225868487196
2471,0.4056949486793721,0.08557516600281422,0.13612183158309074,0.3726080537347228,0.4056949486793721,0.6508225846808164
2472,0.40569494928461786,0.08557516315377503,0.13612183054218524,0.3726080570194217,0.40569494928461786,0.6508225825129096
2473,0.4056949498898728,0.0855751603047302,0.13612182950128057,0.37260806030411625,0.4056949498898728,0.6508225803449987
2474,0.4056949504951371,0.08557515745567972,0.13612182846037682,0.37260806358880616,0.4056949504951371,0.6508225781770849
2475,0.4056949511004103,0.08557515460662377,0.13612182741947376,0.37260806687349174,0.4056949511004103,0.6508225760091677
2476,0.4056949517056929,0.08557515175756254,0.13612182637857162,0.3726080701581728,0.4056949517056929,0.650822573841247
2477,0.4056949523109843,0.08557514890849578,0.13612182533767017,0.3726080734428496,0.4056949523109843,0.650822571673323
2478,0.4056949529162846,0.08557514605942379,0.1361218242967696,0.3726080767275219,0.4056949529162846,0.650822569505396
2479,0.4056949535215934,0.08557514321034648,0.1361218232558698,0.3726080800121901,0.4056949535215934,0.6508225673374651
2480,0.40569495412691103,0.08557514036126389,0.13612182221497074,0.37260808329685413,0.40569495412691103,0.6508225651695312
2481,0.4056949547322373,0.08557513751217632,0.13612182117407215,0.37260808658151406,0.4056949547322373,0.6508225630015942
2482,0.40569495533757177,0.08557513466308364,0.13612182013317475,0.3726080898661698,0.40569495533757177,0.6508225608336538
2483,0.4056949559429147,0.08557513181398584,0.13612181909227788,0.37260809315082133,0.4056949559429147,0.6508225586657103
2484,0.4056949565482661,0.08557512896488302,0.13612181805138163,0.37260809643546905,0.4056949565482661,0.6508225564977639
2485,0.4056949571536257,0.08557512611577528,0.13612181701048628,0.3726080997201127,0.4056949571536257,0.6508225543298145
2486,0.4056949577589933,0.08557512326666272,0.13612181596959153,0.37260810300475233,0.4056949577589933,0.6508225521618616
2487,0.4056949583643689,0.08557512041754528,0.13612181492869746,0.3726081062893882,0.4056949583643689,0.6508225499939064
2488,0.4056949589697527,0.08557511756842297,0.13612181388780414,0.3726081095740202,0.4056949589697527,0.6508225478259477
2489,0.40569495957514395,0.08557511471929616,0.13612181284691138,0.37260811285864825,0.40569495957514395,0.6508225456579858
2490,0.4056949601805433,0.08557511187016466,0.13612181180601926,0.3726081161432726,0.4056949601805433,0.6508225434900216
2491,0.40569496078595024,0.08557510902102845,0.1361218107651279,0.3726081194278932,0.40569496078595024,0.6508225413220543
2492,0.40569496139136474,0.08557510617188782,0.13612180972423737,0.37260812271251015,0.40569496139136474,0.6508225391540838
2493,0.4056949619967868,0.08557510332274246,0.13612180868334714,0.3726081259971235,0.4056949619967868,0.6508225369861109
2494,0.40569496260221644,0.0855751004735926,0.13612180764245763,0.3726081292817332,0.40569496260221644,0.6508225348181353
2495,0.40569496320765325,0.08557509762443849,0.13612180660156897,0.3726081325663391,0.40569496320765325,0.6508225326501562
2496,0.4056949638130975,0.08557509477527978,0.13612180556068085,0.37260813585094155,0.4056949638130975,0.6508225304821746
2497,0.4056949644185492,0.0855750919261168,0.13612180451979325,0.37260813913554064,0.4056949644185492,0.6508225283141909
2498,0.4056949650240079,0.08557508907694955,0.1361218034789062,0.3726081424201362,0.4056949650240079,0.6508225261462036
2499,0.40569496562947377,0.08557508622777803,0.13612180243801983,0.3726081457047281,0.40569496562947377,0.6508225239782145
2500,0.4056949662349465,0.08557508337860252,0.13612180139713417,0.3726081489893167,0.4056949662349465,0.6508225218102222
2501,0.4056949668404263,0.08557508052942259,0.13612180035624896,0.37260815227390215,0.4056949668404263,0.6508225196422273
2502,0.4056949674459128,0.08557507768023867,0.13612179931536422,0.372608155558484,0.4056949674459128,0.65082251747423
2503,0.40569496805140626,0.08557507483105084,0.1361217982744801,0.37260815884306275,0.40569496805140626,0.6508225153062304
2504,0.40569496865690635,0.08557507198185886,0.13612179723359646,0.3726081621276381,0.40569496865690635,0.6508225131382277
2505,0.4056949692624132,0.08557506913266291,0.1361217961927134,0.3726081654122103,0.4056949692624132,0.6508225109702233
2506,0.4056949698679265,0.08557506628346308,0.13612179515183104,0.3726081686967793,0.4056949698679265,0.6508225088022159
2507,0.4056949704734463,0.08557506343425933,0.136121794110949,0.37260817198134516,0.4056949704734463,0.6508225066342059
2508,0.40569497107897273,0.08557506058505174,0.13612179307006753,0.37260817526590784,0.40569497107897273,0.6508225044661933
2509,0.4056949716845052,0.0855750577358404,0.13612179202918664,0.3726081785504674,0.4056949716845052,0.6508225022981786
2510,0.40569497229004425,0.08557505488662522,0.13612179098830635,0.372608181835024,0.40569497229004425,0.650822500130162
2511,0.4056949728955894,0.0855750520374063,0.13612178994742646,0.3726081851195776,0.4056949728955894,0.6508224979621426
2512,0.40569497350114075,0.0855750491881837,0.13612178890654722,0.3726081884041282,0.40569497350114075,0.6508224957941211
2513,0.4056949741066982,0.08557504633895746,0.1361217878656683,0.37260819168867576,0.4056949741066982,0.6508224936260971
2514,0.4056949747122617,0.08557504348972776,0.13612178682478995,0.3726081949732204,0.4056949747122617,0.6508224914580709
2515,0.4056949753178312,0.08557504064049432,0.13612178578391212,0.3726081982577621,0.4056949753178312,0.6508224892900425
2516,0.4056949759234067,0.08557503779125734,0.1361217847430346,0.37260820154230123,0.4056949759234067,0.6508224871220119
2517,0.40569497652898784,0.085575034942017,0.1361217837021578,0.37260820482683726,0.40569497652898784,0.6508224849539784
2518,0.4056949771345749,0.0855750320927733,0.13612178266128103,0.3726082081113706,0.4056949771345749,0.6508224827859429
2519,0.4056949777401678,0.08557502924352597,0.1361217816204051,0.37260821139590106,0.4056949777401678,0.6508224806179059
2520,0.4056949783457661,0.08557502639427532,0.1361217805795295,0.3726082146804287,0.4056949783457661,0.6508224784498662
2521,0.40569497895137036,0.08557502354502138,0.13612177953865442,0.3726082179649537,0.40569497895137036,0.6508224762818247
2522,0.40569497955698003,0.085575020695764,0.1361217784977796,0.37260822124947607,0.40569497955698003,0.6508224741137812
2523,0.4056949801625953,0.08557501784650348,0.13612177745690524,0.3726082245339959,0.4056949801625953,0.6508224719457358
2524,0.40569498076821575,0.08557501499723968,0.1361217764160315,0.3726082278185129,0.40569498076821575,0.6508224697776874
2525,0.4056949813738417,0.08557501214797288,0.13612177537515796,0.3726082311030274,0.4056949813738417,0.6508224676096375
2526,0.40569498197947307,0.08557500929870264,0.13612177433428477,0.3726082343875392,0.40569498197947307,0.6508224654415856
2527,0.4056949825851095,0.08557500644942949,0.1361217732934123,0.37260823767204854,0.4056949825851095,0.6508224632735313
2528,0.40569498319075137,0.08557500360015305,0.13612177225254,0.3726082409565554,0.40569498319075137,0.6508224611054764
2529,0.4056949837963984,0.08557500075087363,0.13612177121166819,0.3726082442410597,0.4056949837963984,0.6508224589374182
2530,0.4056949844020503,0.08557499790159125,0.13612177017079663,0.37260824752556176,0.4056949844020503,0.6508224567693586
2531,0.4056949850077076,0.08557499505230574,0.1361217691299255,0.3726082508100611,0.4056949850077076,0.6508224546012968
2532,0.40569498561336964,0.08557499220301727,0.1361217680890548,0.3726082540945581,0.40569498561336964,0.6508224524332332
2533,0.40569498621903666,0.08557498935372608,0.13612176704818446,0.3726082573790527,0.40569498621903666,0.6508224502651682
2534,0.40569498682470856,0.0855749865044318,0.13612176600731454,0.37260826066354497,0.40569498682470856,0.6508224480971007
2535,0.40569498743038546,0.08557498365513456,0.1361217649664448,0.37260826394803487,0.40569498743038546,0.6508224459290315
2536,0.405694988036067,0.08557498080583482,0.13612176392557565,0.37260826723252244,0.405694988036067,0.6508224437609602
2537,0.40569498864175335,0.08557497795653198,0.1361217628847068,0.37260827051700773,0.40569498864175335,0.650822441592888
2538,0.40569498924744424,0.08557497510722652,0.13612176184383823,0.3726082738014907,0.40569498924744424,0.6508224394248134
2539,0.40569498985313984,0.08557497225791834,0.13612176080297017,0.3726082770859715,0.40569498985313984,0.6508224372567366
2540,0.4056949904588401,0.0855749694086072,0.13612175976210233,0.3726082803704502,0.4056949904588401,0.6508224350886591
2541,0.405694991064545,0.08557496655929363,0.13612175872123472,0.37260828365492665,0.405694991064545,0.6508224329205798
2542,0.405694991670254,0.08557496370997729,0.13612175768036758,0.37260828693940085,0.405694991670254,0.6508224307524985
2543,0.40569499227596756,0.08557496086065851,0.1361217566395008,0.3726082902238729,0.40569499227596756,0.6508224285844144
2544,0.4056949928816858,0.08557495801133692,0.13612175559863426,0.37260829350834285,0.4056949928816858,0.65082242641633
2545,0.4056949934874082,0.08557495516201293,0.136121754557768,0.3726082967928106,0.4056949934874082,0.6508224242482434
2546,0.4056949940931351,0.0855749523126863,0.13612175351690214,0.37260830007727636,0.4056949940931351,0.650822422080156
2547,0.4056949946988661,0.08557494946335703,0.13612175247603664,0.37260830336174006,0.4056949946988661,0.650822419912066
2548,0.40569499530460135,0.08557494661402543,0.13612175143517138,0.3726083066462017,0.40569499530460135,0.6508224177439748
2549,0.40569499591034075,0.08557494376469132,0.13612175039430635,0.37260830993066124,0.40569499591034075,0.6508224155758815
2550,0.40569499651608437,0.08557494091535477,0.13612174935344187,0.3726083132151189,0.40569499651608437,0.6508224134077876
2551,0.4056949971218319,0.08557493806601578,0.13612174831257748,0.3726083164995745,0.4056949971218319,0.6508224112396914
2552,0.40569499772758366,0.08557493521667446,0.13612174727171356,0.3726083197840282,0.40569499772758366,0.6508224090715942
2553,0.4056949983333394,0.0855749323673308,0.13612174623084974,0.37260832306848,0.4056949983333394,0.6508224069034949
2554,0.4056949989390992,0.08557492951798462,0.13612174518998618,0.3726083263529299,0.4056949989390992,0.6508224047353948
2555,0.40569499954486266,0.08557492666863639,0.13612174414912304,0.3726083296373778,0.40569499954486266,0.6508224025672924
2556,0.40569500015063004,0.08557492381928579,0.13612174310826006,0.3726083329218238,0.40569500015063004,0.6508224003991883
2557,0.40569500075640136,0.08557492096993309,0.13612174206739747,0.37260833620626804,0.40569500075640136,0.6508223982310837
2558,0.40569500136217657,0.08557491812057796,0.13612174102653493,0.3726083394907103,0.40569500136217657,0.650822396062978
2559,0.40569500196795555,0.0855749152712207,0.13612173998567276,0.37260834277515087,0.40569500196795555,0.6508223938948697
2560,0.405695002573738,0.08557491242186127,0.1361217389448109,0.37260834605958953,0.405695002573738,0.6508223917267599
2561,0.4056950031795244,0.08557490957249941,0.13612173790394927,0.3726083493440266,0.4056950031795244,0.6508223895586498
2562,0.40569500378531415,0.08557490672313586,0.13612173686308804,0.3726083526284617,0.40569500378531415,0.6508223873905374
2563,0.4056950043911076,0.08557490387377001,0.13612173582222695,0.3726083559128952,0.4056950043911076,0.650822385222424
2564,0.40569500499690475,0.08557490102440192,0.1361217347813662,0.372608359197327,0.40569500499690475,0.6508223830543092
2565,0.40569500560270527,0.085574898175032,0.1361217337405055,0.372608362481757,0.40569500560270527,0.650822380886193
2566,0.4056950062085093,0.08557489532565989,0.1361217326996453,0.37260836576618545,0.4056950062085093,0.650822378718076
2567,0.4056950068143167,0.08557489247628584,0.136121731658785,0.37260836905061206,0.4056950068143167,0.6508223765499571
2568,0.40569500742012765,0.08557488962690978,0.13612173061792515,0.3726083723350372,0.40569500742012765,0.6508223743818373
2569,0.4056950080259419,0.08557488677753172,0.13612172957706548,0.37260837561946075,0.4056950080259419,0.6508223722137159
2570,0.4056950086317594,0.08557488392815181,0.13612172853620613,0.3726083789038825,0.4056950086317594,0.6508223700455932
2571,0.4056950092375803,0.08557488107876969,0.13612172749534698,0.37260838218830283,0.4056950092375803,0.6508223678774689
2572,0.4056950098434046,0.08557487822938585,0.13612172645448806,0.37260838547272146,0.4056950098434046,0.6508223657093445
2573,0.4056950104492319,0.08557487538000012,0.13612172541362935,0.37260838875713853,0.4056950104492319,0.650822363541218
2574,0.40569501105506245,0.08557487253061255,0.13612172437277073,0.3726083920415541,0.40569501105506245,0.6508223613730901
2575,0.4056950116608962,0.08557486968122302,0.13612172333191241,0.372608395325968,0.4056950116608962,0.6508223592049609
2576,0.40569501226673316,0.08557486683183166,0.13612172229105438,0.37260839861038053,0.40569501226673316,0.6508223570368311
2577,0.4056950128725732,0.08557486398243863,0.13612172125019653,0.37260840189479144,0.4056950128725732,0.6508223548686997
2578,0.40569501347841647,0.0855748611330437,0.13612172020933877,0.372608405179201,0.40569501347841647,0.6508223527005672
2579,0.4056950140842627,0.08557485828364692,0.13612171916848118,0.372608408463609,0.4056950140842627,0.6508223505324342
2580,0.4056950146901118,0.08557485543424867,0.1361217181276239,0.3726084117480154,0.4056950146901118,0.6508223483642996
2581,0.40569501529596397,0.08557485258484851,0.13612171708676685,0.37260841503242076,0.40569501529596397,0.6508223461961644
2582,0.40569501590181895,0.08557484973544667,0.13612171604591,0.3726084183168241,0.40569501590181895,0.6508223440280267
2583,0.40569501650767703,0.08557484688604311,0.1361217150050531,0.37260842160122654,0.40569501650767703,0.6508223418598891
2584,0.4056950171135378,0.08557484403663795,0.13612171396419667,0.3726084248856274,0.4056950171135378,0.6508223396917493
2585,0.40569501771940164,0.08557484118723108,0.13612171292334024,0.3726084281700269,0.40569501771940164,0.6508223375236091
2586,0.4056950183252682,0.08557483833782263,0.13612171188248404,0.37260843145442496,0.4056950183252682,0.6508223353554676
2587,0.40569501893113763,0.08557483548841228,0.13612171084162805,0.372608434738822,0.40569501893113763,0.6508223331873257
2588,0.4056950195370096,0.08557483263900072,0.1361217098007723,0.3726084380232173,0.4056950195370096,0.650822331019182
2589,0.4056950201428845,0.08557482978958729,0.13612170875991653,0.3726084413076116,0.4056950201428845,0.650822328851038
2590,0.4056950207487619,0.08557482694017242,0.1361217077190612,0.3726084445920043,0.4056950207487619,0.6508223266828923
2591,0.40569502135464197,0.0855748240907562,0.1361217066782059,0.37260844787639585,0.40569502135464197,0.6508223245147452
2592,0.4056950219605249,0.08557482124133804,0.13612170563735077,0.37260845116078617,0.4056950219605249,0.6508223223465983
2593,0.4056950225664103,0.08557481839191859,0.13612170459649592,0.3726084544451749,0.4056950225664103,0.6508223201784489
2594,0.40569502317229833,0.08557481554249778,0.1361217035556411,0.3726084577295625,0.40569502317229833,0.650822318010299
2595,0.40569502377818906,0.08557481269307521,0.13612170251478642,0.3726084610139492,0.40569502377818906,0.6508223158421493
2596,0.4056950243840821,0.08557480984365153,0.13612170147393196,0.3726084642983342,0.4056950243840821,0.6508223136739972
2597,0.4056950249899778,0.08557480699422608,0.13612170043307778,0.3726084675827183,0.4056950249899778,0.6508223115058455
2598,0.40569502559587595,0.08557480414479929,0.1361216993922236,0.3726084708671011,0.40569502559587595,0.6508223093376913
2599,0.4056950262017765,0.0855748012953711,0.1361216983513695,0.3726084741514826,0.4056950262017765,0.6508223071695369
2600,0.4056950268076796,0.08557479844594135,0.1361216973105158,0.3726084774358632,0.4056950268076796,0.6508223050013822
2601,0.4056950274135848,0.08557479559651048,0.13612169626966225,0.3726084807202424,0.4056950274135848,0.6508223028332256
2602,0.4056950280194926,0.08557479274707788,0.1361216952288088,0.37260848400462054,0.4056950280194926,0.6508223006650684
2603,0.4056950286254028,0.08557478989764424,0.13612169418795528,0.37260848728899754,0.4056950286254028,0.6508222984969108
2604,0.405695029231315,0.08557478704820921,0.13612169314710218,0.3726084905733734,0.405695029231315,0.6508222963287515
2605,0.4056950298372298,0.08557478419877279,0.13612169210624914,0.3726084938577482,0.4056950298372298,0.6508222941605919
2606,0.40569503044314675,0.08557478134933509,0.13612169106539618,0.3726084971421217,0.40569503044314675,0.6508222919924309
2607,0.4056950310490659,0.08557477849989596,0.13612169002454355,0.37260850042649424,0.4056950310490659,0.6508222898242694
2608,0.4056950316549875,0.08557477565045583,0.13612168898369076,0.37260850371086573,0.4056950316549875,0.6508222876561073
2609,0.4056950322609113,0.08557477280101418,0.1361216879428382,0.37260850699523607,0.4056950322609113,0.650822285487944
2610,0.4056950328668372,0.08557476995157134,0.13612168690198576,0.37260851027960545,0.4056950328668372,0.6508222833197793
2611,0.40569503347276525,0.08557476710212743,0.1361216858611334,0.3726085135639737,0.40569503347276525,0.6508222811516146
2612,0.40569503407869534,0.08557476425268207,0.13612168482028142,0.37260851684834106,0.40569503407869534,0.6508222789834486
2613,0.40569503468462753,0.08557476140323576,0.1361216837794295,0.3726085201327072,0.40569503468462753,0.6508222768152818
2614,0.40569503529056195,0.08557475855378796,0.13612168273857767,0.3726085234170723,0.40569503529056195,0.6508222746471146
2615,0.4056950358964984,0.08557475570433913,0.13612168169772598,0.3726085267014364,0.4056950358964984,0.6508222724789468
2616,0.4056950365024367,0.08557475285488904,0.13612168065687427,0.37260852998579963,0.4056950365024367,0.6508222703107776
2617,0.40569503710837707,0.08557475000543792,0.13612167961602295,0.37260853327016186,0.40569503710837707,0.6508222681426076
2618,0.4056950377143196,0.08557474715598551,0.13612167857517163,0.37260853655452314,0.4056950377143196,0.6508222659744376
2619,0.40569503832026393,0.08557474430653203,0.13612167753432042,0.3726085398388834,0.40569503832026393,0.6508222638062656
2620,0.4056950389262104,0.08557474145707743,0.13612167649346923,0.3726085431232428,0.4056950389262104,0.6508222616380939
2621,0.4056950395321587,0.08557473860762183,0.13612167545261822,0.37260854640760105,0.4056950395321587,0.6508222594699207
2622,0.40569504013810914,0.08557473575816503,0.13612167441176728,0.37260854969195856,0.40569504013810914,0.6508222573017477
2623,0.40569504074406115,0.08557473290870721,0.13612167337091655,0.37260855297631484,0.40569504074406115,0.6508222551335732
2624,0.40569504135001516,0.08557473005924823,0.13612167233006592,0.3726085562606705,0.40569504135001516,0.6508222529653978
2625,0.4056950419559712,0.08557472720978822,0.13612167128921535,0.3726085595450252,0.4056950419559712,0.6508222507972226
2626,0.4056950425619288,0.08557472436032729,0.13612167024836483,0.37260856282937893,0.4056950425619288,0.6508222486290458
2627,0.40569504316788835,0.0855747215108653,0.13612166920751453,0.3726085661137316,0.40569504316788835,0.6508222464608687
2628,0.40569504377384974,0.08557471866140207,0.1361216681666644,0.37260856939808357,0.40569504377384974,0.6508222442926905
2629,0.4056950443798128,0.08557471581193805,0.13612166712581422,0.3726085726824347,0.4056950443798128,0.6508222421245125
2630,0.4056950449857778,0.0855747129624729,0.13612166608496415,0.372608575966785,0.4056950449857778,0.650822239956333
2631,0.40569504559174435,0.08557471011300696,0.13612166504411427,0.3726085792511343,0.40569504559174435,0.650822237788153
2632,0.4056950461977127,0.08557470726353984,0.13612166400326445,0.37260858253548285,0.4056950461977127,0.6508222356199731
2633,0.40569504680368274,0.08557470441407183,0.13612166296241485,0.3726085858198305,0.40569504680368274,0.6508222334517912
2634,0.4056950474096544,0.08557470156460295,0.1361216619215652,0.37260858910417727,0.4056950474096544,0.6508222312836088
2635,0.40569504801562795,0.08557469871513294,0.1361216608807156,0.3726085923885233,0.40569504801562795,0.650822229115427
2636,0.405695048621603,0.08557469586566206,0.1361216598398662,0.3726085956728685,0.405695048621603,0.650822226947244
2637,0.40569504922757976,0.08557469301619021,0.13612165879901694,0.37260859895721293,0.40569504922757976,0.65082222477906
2638,0.4056950498335579,0.08557469016671752,0.1361216577581677,0.3726086022415565,0.4056950498335579,0.6508222226108751
2639,0.40569505043953785,0.08557468731724377,0.13612165671731866,0.3726086055258995,0.40569505043953785,0.6508222204426906
2640,0.40569505104551945,0.08557468446776925,0.13612165567646964,0.3726086088102415,0.40569505104551945,0.6508222182745048
2641,0.40569505165150244,0.08557468161829385,0.13612165463562076,0.3726086120945826,0.40569505165150244,0.6508222161063183
2642,0.4056950522574871,0.0855746787688178,0.1361216535947718,0.37260861537892326,0.4056950522574871,0.650822213938132
2643,0.4056950528634733,0.08557467591934047,0.13612165255392314,0.37260861866326295,0.4056950528634733,0.650822211769944
2644,0.40569505346946094,0.08557467306986247,0.1361216515130746,0.37260862194760186,0.40569505346946094,0.6508222096017564
2645,0.4056950540754499,0.08557467022038374,0.136121650472226,0.3726086252319402,0.4056950540754499,0.6508222074335674
2646,0.40569505468144057,0.08557466737090406,0.1361216494313775,0.3726086285162777,0.40569505468144057,0.6508222052653785
2647,0.4056950552874327,0.0855746645214235,0.13612164839052907,0.37260863180061465,0.4056950552874327,0.6508222030971891
2648,0.40569505589342625,0.08557466167194226,0.1361216473496806,0.3726086350849507,0.40569505589342625,0.6508222009289985
2649,0.40569505649942106,0.0855746588224602,0.13612164630883242,0.372608638369286,0.40569505649942106,0.650822198760807
2650,0.4056950571054174,0.08557465597297727,0.13612164526798437,0.3726086416536208,0.4056950571054174,0.6508221965926161
2651,0.40569505771141506,0.0855746531234937,0.13612164422713624,0.37260864493795476,0.40569505771141506,0.6508221944244237
2652,0.4056950583174143,0.08557465027400912,0.13612164318628825,0.3726086482222881,0.4056950583174143,0.6508221922562316
2653,0.4056950589234148,0.08557464742452381,0.13612164214544034,0.3726086515066208,0.4056950589234148,0.6508221900880384
2654,0.40569505952941665,0.08557464457503806,0.13612164110459246,0.3726086547909527,0.40569505952941665,0.6508221879198446
2655,0.4056950601354199,0.08557464172555118,0.1361216400637447,0.37260865807528404,0.4056950601354199,0.650822185751651
2656,0.40569506074142436,0.08557463887606362,0.13612163902289706,0.37260866135961473,0.40569506074142436,0.6508221835834558
2657,0.4056950613474303,0.08557463602657546,0.13612163798204938,0.37260866464394476,0.4056950613474303,0.6508221814152608
2658,0.40569506195343735,0.08557463317708647,0.13612163694120183,0.37260866792827413,0.40569506195343735,0.6508221792470654
2659,0.4056950625594458,0.08557463032759684,0.13612163590035434,0.37260867121260277,0.4056950625594458,0.6508221770788685
2660,0.4056950631654555,0.08557462747810649,0.1361216348595069,0.3726086744969307,0.4056950631654555,0.6508221749106723
2661,0.40569506377146647,0.08557462462861544,0.1361216338186596,0.3726086777812584,0.40569506377146647,0.6508221727424752
2662,0.4056950643774787,0.0855746217791236,0.13612163277781233,0.3726086810655852,0.4056950643774787,0.6508221705742776
2663,0.4056950649834924,0.0855746189296311,0.13612163173696512,0.37260868434991135,0.4056950649834924,0.6508221684060798
2664,0.4056950655895072,0.08557461608013793,0.13612163069611796,0.37260868763423677,0.4056950655895072,0.650822166237881
2665,0.405695066195523,0.08557461323064411,0.13612162965527091,0.37260869091856175,0.405695066195523,0.6508221640696816
2666,0.40569506680154016,0.0855746103811496,0.1361216286144241,0.37260869420288606,0.40569506680154016,0.6508221619014827
2667,0.40569506740755856,0.08557460753165451,0.13612162757357718,0.3726086974872098,0.40569506740755856,0.6508221597332822
2668,0.40569506801357774,0.0855746046821587,0.13612162653273033,0.37260870077153296,0.40569506801357774,0.6508221575650813
2669,0.4056950686195984,0.08557460183266212,0.13612162549188367,0.37260870405585567,0.4056950686195984,0.6508221553968807
2670,0.4056950692256203,0.08557459898316506,0.1361216244510368,0.37260870734017765,0.4056950692256203,0.6508221532286796
2671,0.4056950698316431,0.08557459613366751,0.13612162341019016,0.37260871062449913,0.4056950698316431,0.6508221510604771
2672,0.4056950704376672,0.08557459328416918,0.13612162236934358,0.37260871390882,0.4056950704376672,0.6508221488922754
2673,0.40569507104369223,0.08557459043467033,0.13612162132849712,0.3726087171931401,0.40569507104369223,0.6508221467240721
2674,0.40569507164971863,0.08557458758517075,0.13612162028765054,0.37260872047745996,0.40569507164971863,0.6508221445558693
2675,0.4056950722557458,0.0855745847356707,0.13612161924680422,0.3726087237617791,0.4056950722557458,0.6508221423876654
2676,0.40569507286177414,0.08557458188616995,0.1361216182059578,0.37260872704609793,0.40569507286177414,0.6508221402194616
2677,0.40569507346780326,0.08557457903666885,0.1361216171651115,0.3726087303304161,0.40569507346780326,0.650822138051257
2678,0.40569507407383376,0.08557457618716709,0.13612161612426532,0.37260873361473357,0.40569507407383376,0.6508221358830522
2679,0.40569507467986543,0.08557457333766451,0.13612161508341913,0.3726087368990507,0.40569507467986543,0.6508221337148472
2680,0.40569507528589793,0.0855745704881618,0.13612161404257295,0.37260874018336726,0.40569507528589793,0.6508221315466415
2681,0.4056950758919313,0.08557456763865827,0.13612161300172693,0.3726087434676833,0.4056950758919313,0.6508221293784353
2682,0.4056950764979658,0.08557456478915404,0.13612161196088093,0.3726087467519989,0.4056950764979658,0.6508221272102294
2683,0.40569507710400143,0.08557456193964942,0.136121610920035,0.37260875003631405,0.40569507710400143,0.6508221250420225
2684,0.4056950777100379,0.08557455909014439,0.1361216098791891,0.3726087533206284,0.4056950777100379,0.6508221228738154
2685,0.4056950783160752,0.08557455624063867,0.1361216088383433,0.37260875660494247,0.4056950783160752,0.6508221207056073
2686,0.40569507892211365,0.08557455339113254,0.1361216077974976,0.3726087598892562,0.40569507892211365,0.6508221185373995
2687,0.40569507952815304,0.08557455054162581,0.13612160675665183,0.3726087631735691,0.40569507952815304,0.6508221163691916
2688,0.40569508013419325,0.08557454769211854,0.1361216057158063,0.37260876645788166,0.40569508013419325,0.6508221142009827
2689,0.4056950807402345,0.08557454484261079,0.13612160467496062,0.37260876974219387,0.4056950807402345,0.6508221120327737
2690,0.40569508134627663,0.08557454199310263,0.136121603634115,0.3726087730265054,0.40569508134627663,0.6508221098645643
2691,0.40569508195231974,0.08557453914359392,0.13612160259326958,0.37260877631081657,0.40569508195231974,0.6508221076963543
2692,0.40569508255836373,0.08557453629408465,0.13612160155242403,0.37260877959512734,0.40569508255836373,0.6508221055281441
2693,0.4056950831644086,0.08557453344457495,0.13612160051157865,0.37260878287943766,0.4056950831644086,0.6508221033599342
2694,0.4056950837704543,0.08557453059506478,0.1361215994707333,0.37260878616374754,0.4056950837704543,0.650822101191723
2695,0.4056950843765008,0.08557452774555421,0.13612159842988794,0.37260878944805687,0.4056950843765008,0.6508220990235118
2696,0.4056950849825482,0.08557452489604317,0.13612159738904267,0.3726087927323658,0.4056950849825482,0.6508220968553005
2697,0.4056950855885964,0.0855745220465316,0.1361215963481975,0.37260879601667435,0.4056950855885964,0.6508220946870885
2698,0.4056950861946456,0.08557451919701961,0.13612159530735224,0.37260879930098245,0.4056950861946456,0.6508220925188763
2699,0.4056950868006956,0.08557451634750718,0.13612159426650716,0.37260880258529006,0.4056950868006956,0.6508220903506644
2700,0.40569508740674626,0.08557451349799418,0.13612159322566225,0.37260880586959705,0.40569508740674626,0.6508220881824511
2701,0.40569508801279797,0.08557451064848082,0.13612159218481729,0.3726088091539039,0.40569508801279797,0.6508220860142382
2702,0.40569508861885034,0.085574507798967,0.13612159114397226,0.3726088124382102,0.40569508861885034,0.6508220838460244
2703,0.40569508922490344,0.08557450494945283,0.1361215901031274,0.37260881572251625,0.40569508922490344,0.650822081677811
2704,0.4056950898309572,0.08557450209993829,0.13612158906228256,0.37260881900682163,0.4056950898309572,0.6508220795095964
2705,0.40569509043701196,0.08557449925042328,0.13612158802143765,0.37260882229112685,0.40569509043701196,0.6508220773413823
2706,0.4056950910430675,0.08557449640090786,0.13612158698059293,0.37260882557543146,0.4056950910430675,0.6508220751731673
2707,0.4056950916491238,0.08557449355139184,0.13612158593974835,0.3726088288597358,0.4056950916491238,0.6508220730049525
2708,0.40569509225518074,0.08557449070187557,0.1361215848989036,0.3726088321440398,0.40569509225518074,0.6508220708367369
2709,0.4056950928612386,0.0855744878523591,0.13612158385805886,0.3726088354283434,0.4056950928612386,0.6508220686685214
2710,0.4056950934672971,0.08557448500284198,0.1361215828172143,0.37260883871264644,0.4056950934672971,0.6508220665003054
2711,0.40569509407335635,0.08557448215332454,0.13612158177636965,0.3726088419969494,0.40569509407335635,0.6508220643320897
2712,0.4056950946794163,0.0855744793038068,0.1361215807355252,0.37260884528125154,0.4056950946794163,0.6508220621638732
2713,0.40569509528547687,0.08557447645428849,0.13612157969468086,0.3726088485655535,0.40569509528547687,0.6508220599956558
2714,0.40569509589153835,0.0855744736047701,0.13612157865383645,0.37260885184985504,0.40569509589153835,0.6508220578274387
2715,0.4056950964976003,0.08557447075525126,0.13612157761299218,0.3726088551341562,0.4056950964976003,0.6508220556592212
2716,0.4056950971036631,0.08557446790573182,0.13612157657214777,0.37260885841845715,0.4056950971036631,0.6508220534910039
2717,0.40569509770972634,0.08557446505621229,0.13612157553130355,0.37260886170275753,0.40569509770972634,0.6508220513227861
2718,0.4056950983157904,0.0855744622066922,0.13612157449045936,0.37260886498705786,0.4056950983157904,0.6508220491545679
2719,0.4056950989218552,0.08557445935717188,0.13612157344961515,0.37260886827135753,0.4056950989218552,0.650822046986349
2720,0.4056950995279208,0.0855744565076511,0.13612157240877096,0.3726088715556571,0.4056950995279208,0.650822044818131
2721,0.40569510013398696,0.08557445365813003,0.13612157136792677,0.37260887483995614,0.40569510013398696,0.6508220426499124
2722,0.40569510074005344,0.08557445080860882,0.1361215703270828,0.3726088781242548,0.40569510074005344,0.6508220404816927
2723,0.4056951013461208,0.08557444795908706,0.13612156928623875,0.37260888140855314,0.4056951013461208,0.6508220383134731
2724,0.4056951019521888,0.08557444510956509,0.13612156824539476,0.37260888469285125,0.4056951019521888,0.6508220361452537
2725,0.40569510255825736,0.08557444226004271,0.1361215672045508,0.372608887977149,0.40569510255825736,0.6508220339770336
2726,0.40569510316432644,0.0855744394105201,0.13612156616370688,0.3726088912614465,0.40569510316432644,0.650822031808813
2727,0.40569510377039625,0.08557443656099704,0.1361215651228629,0.37260889454574364,0.40569510377039625,0.6508220296405927
2728,0.4056951043764668,0.08557443371147362,0.136121564082019,0.3726088978300404,0.4056951043764668,0.650822027472372
2729,0.40569510498253775,0.08557443086195005,0.13612156304117537,0.3726089011143368,0.40569510498253775,0.650822025304151
2730,0.40569510558860916,0.08557442801242608,0.13612156200033157,0.3726089043986329,0.40569510558860916,0.6508220231359301
2731,0.40569510619468147,0.08557442516290187,0.13612156095948783,0.3726089076829288,0.40569510619468147,0.6508220209677091
2732,0.4056951068007543,0.08557442231337725,0.13612155991864405,0.3726089109672242,0.4056951068007543,0.6508220187994871
2733,0.40569510740682746,0.08557441946385246,0.13612155887780053,0.3726089142515194,0.40569510740682746,0.6508220166312656
2734,0.4056951080129013,0.0855744166143274,0.136121557836957,0.37260891753581427,0.4056951080129013,0.6508220144630431
2735,0.4056951086189758,0.08557441376480186,0.13612155679611332,0.3726089208201088,0.4056951086189758,0.6508220122948207
2736,0.4056951092250508,0.08557441091527627,0.1361215557552698,0.37260892410440294,0.4056951092250508,0.6508220101265982
2737,0.40569510983112644,0.08557440806575024,0.13612155471442622,0.3726089273886969,0.40569510983112644,0.6508220079583757
2738,0.4056951104372024,0.08557440521622404,0.13612155367358297,0.37260893067299033,0.4056951104372024,0.650822005790152
2739,0.4056951110432793,0.08557440236669728,0.13612155263273937,0.3726089339572839,0.4056951110432793,0.6508220036219297
2740,0.40569511164935634,0.08557439951717048,0.13612155159189593,0.372608937241577,0.40569511164935634,0.6508220014537063
2741,0.40569511225543403,0.08557439666764345,0.1361215505510526,0.3726089405258697,0.40569511225543403,0.6508219992854822
2742,0.4056951128615123,0.08557439381811614,0.13612154951020933,0.3726089438101622,0.4056951128615123,0.6508219971172589
2743,0.40569511346759096,0.08557439096858845,0.13612154846936597,0.37260894709445436,0.40569511346759096,0.6508219949490348
2744,0.40569511407367015,0.08557438811906075,0.13612154742852264,0.3726089503787463,0.40569511407367015,0.6508219927808103
2745,0.4056951146797499,0.0855743852695327,0.1361215463876794,0.37260895366303776,0.4056951146797499,0.6508219906125856
2746,0.40569511528583024,0.0855743824200042,0.13612154534683624,0.3726089569473292,0.40569511528583024,0.6508219884443613
2747,0.40569511589191093,0.0855743795704757,0.13612154430599294,0.37260896023162027,0.40569511589191093,0.6508219862761363
2748,0.40569511649799206,0.08557437672094688,0.13612154326514983,0.37260896351591116,0.40569511649799206,0.6508219841079115
2749,0.40569511710407363,0.0855743738714178,0.1361215422243068,0.37260896680020167,0.40569511710407363,0.6508219819396859
2750,0.40569511771015576,0.08557437102188849,0.1361215411834637,0.3726089700844918,0.40569511771015576,0.6508219797714604
2751,0.40569511831623833,0.08557436817235896,0.13612154014262073,0.37260897336878196,0.40569511831623833,0.6508219776032351
2752,0.4056951189223212,0.08557436532282921,0.13612153910177785,0.3726089766530717,0.4056951189223212,0.6508219754350093
2753,0.4056951195284047,0.08557436247329912,0.13612153806093488,0.3726089799373612,0.4056951195284047,0.6508219732667835
2754,0.4056951201344886,0.08557435962376894,0.13612153702009192,0.37260898322165037,0.4056951201344886,0.6508219710985572
2755,0.40569512074057307,0.0855743567742384,0.13612153597924917,0.37260898650593943,0.40569512074057307,0.650821968930331
2756,0.4056951213466576,0.08557435392470804,0.1361215349384062,0.372608989790228,0.4056951213466576,0.6508219667621038
2757,0.4056951219527427,0.08557435107517708,0.13612153389756335,0.3726089930745165,0.4056951219527427,0.6508219645938771
2758,0.40569512255882845,0.08557434822564601,0.1361215328567206,0.3726089963588048,0.40569512255882845,0.6508219624256504
2759,0.40569512316491463,0.08557434537611469,0.1361215318158778,0.3726089996430927,0.40569512316491463,0.6508219602574234
2760,0.4056951237710012,0.08557434252658311,0.13612153077503505,0.3726090029273806,0.4056951237710012,0.6508219580891965
2761,0.40569512437708793,0.08557433967705148,0.13612152973419253,0.3726090062116679,0.40569512437708793,0.6508219559209688
2762,0.4056951249831752,0.08557433682751944,0.13612152869334984,0.37260900949595527,0.4056951249831752,0.6508219537527415
2763,0.40569512558926285,0.08557433397798742,0.13612152765250732,0.3726090127802424,0.40569512558926285,0.6508219515845137
2764,0.405695126195351,0.08557433112845514,0.13612152661166463,0.37260901606452906,0.405695126195351,0.6508219494162855
2765,0.4056951268014396,0.08557432827892271,0.1361215255708222,0.37260901934881546,0.4056951268014396,0.6508219472480576
2766,0.4056951274075285,0.08557432542939007,0.13612152452997944,0.37260902263310186,0.4056951274075285,0.6508219450798298
2767,0.40569512801361773,0.08557432257985718,0.1361215234891371,0.3726090259173878,0.40569512801361773,0.6508219429116011
2768,0.40569512861970736,0.08557431973032407,0.13612152244829462,0.37260902920167366,0.40569512861970736,0.6508219407433726
2769,0.4056951292257974,0.08557431688079094,0.13612152140745223,0.3726090324859592,0.4056951292257974,0.6508219385751435
2770,0.40569512983188794,0.08557431403125752,0.13612152036660977,0.3726090357702447,0.40569512983188794,0.6508219364069155
2771,0.4056951304379788,0.08557431118172394,0.13612151932576735,0.3726090390545298,0.4056951304379788,0.6508219342386862
2772,0.40569513104407,0.08557430833219015,0.13612151828492502,0.3726090423388147,0.40569513104407,0.6508219320704572
2773,0.4056951316501614,0.08557430548265617,0.13612151724408264,0.37260904562309954,0.4056951316501614,0.6508219299022279
2774,0.4056951322562533,0.08557430263312207,0.13612151620324048,0.37260904890738417,0.4056951322562533,0.6508219277339986
2775,0.4056951328623454,0.08557429978358787,0.13612151516239812,0.37260905219166846,0.4056951328623454,0.6508219255657686
2776,0.4056951334684379,0.08557429693405348,0.13612151412155601,0.37260905547595263,0.4056951334684379,0.6508219233975387
2777,0.4056951340745308,0.08557429408451875,0.13612151308071377,0.3726090587602364,0.4056951340745308,0.6508219212293092
2778,0.4056951346806241,0.085574291234984,0.13612151203987147,0.37260906204452027,0.4056951346806241,0.6508219190610791
2779,0.4056951352867175,0.08557428838544923,0.13612151099902942,0.37260906532880367,0.4056951352867175,0.6508219168928486
2780,0.40569513589281153,0.08557428553591405,0.13612150995818723,0.37260906861308696,0.40569513589281153,0.6508219147246187
2781,0.4056951364989057,0.08557428268637891,0.13612150891734512,0.37260907189737014,0.4056951364989057,0.6508219125563881
2782,0.4056951371050004,0.0855742798368435,0.136121507876503,0.372609075181653,0.4056951371050004,0.6508219103881577
2783,0.40569513771109506,0.08557427698730809,0.13612150683566093,0.37260907846593566,0.40569513771109506,0.6508219082199266
2784,0.4056951383171902,0.08557427413777241,0.13612150579481896,0.37260908175021806,0.4056951383171902,0.6508219060516958
2785,0.4056951389232856,0.08557427128823673,0.13612150475397702,0.37260908503450046,0.4056951389232856,0.6508219038834648
2786,0.40569513952938135,0.08557426843870075,0.1361215037131351,0.37260908831878253,0.40569513952938135,0.6508219017152339
2787,0.4056951401354775,0.08557426558916463,0.13612150267229312,0.37260909160306444,0.4056951401354775,0.6508218995470025
2788,0.405695140741574,0.08557426273962836,0.13612150163145126,0.37260909488734617,0.405695140741574,0.6508218973787714
2789,0.40569514134767065,0.08557425989009218,0.1361215005906095,0.3726090981716277,0.40569514134767065,0.65082189521054
2790,0.4056951419537676,0.08557425704055564,0.13612149954976765,0.3726091014559091,0.4056951419537676,0.6508218930423084
2791,0.4056951425598646,0.08557425419101905,0.13612149850892596,0.37260910474019027,0.4056951425598646,0.6508218908740766
2792,0.40569514316596217,0.08557425134148237,0.13612149746808405,0.3726091080244712,0.40569514316596217,0.6508218887058448
2793,0.40569514377205995,0.08557424849194559,0.1361214964272423,0.37260911130875185,0.40569514377205995,0.6508218865376132
2794,0.4056951443781581,0.08557424564240852,0.1361214953864006,0.37260911459303253,0.4056951443781581,0.6508218843693809
2795,0.4056951449842566,0.08557424279287143,0.1361214943455588,0.372609117877313,0.4056951449842566,0.6508218822011493
2796,0.40569514559035513,0.08557423994333428,0.13612149330471737,0.37260912116159306,0.40569514559035513,0.6508218800329166
2797,0.4056951461964541,0.08557423709379695,0.13612149226387577,0.37260912444587313,0.4056951461964541,0.6508218778646845
2798,0.40569514680255314,0.08557423424425939,0.1361214912230343,0.37260912773015303,0.40569514680255314,0.6508218756964517
2799,0.40569514740865253,0.08557423139472184,0.1361214901821926,0.37260913101443277,0.40569514740865253,0.6508218735282194
2800,0.40569514801475237,0.08557422854518416,0.13612148914135105,0.37260913429871234,0.40569514801475237,0.6508218713599867
2801,0.4056951486208523,0.08557422569564617,0.1361214881005095,0.37260913758299175,0.4056951486208523,0.650821869191754
2802,0.4056951492269524,0.08557422284610855,0.13612148705966803,0.3726091408672708,0.4056951492269524,0.6508218670235203
2803,0.4056951498330528,0.08557421999657042,0.13612148601882668,0.37260914415154983,0.4056951498330528,0.6508218648552877
2804,0.40569515043915366,0.08557421714703223,0.13612148497798512,0.37260914743582885,0.40569515043915366,0.6508218626870546
2805,0.40569515104525444,0.08557421429749415,0.1361214839371438,0.3726091507201074,0.40569515104525444,0.6508218605188211
2806,0.40569515165135595,0.08557421144795554,0.13612148289630238,0.372609154004386,0.40569515165135595,0.6508218583505884
2807,0.4056951522574572,0.08557420859841709,0.136121481855461,0.37260915728866445,0.4056951522574572,0.6508218561823547
2808,0.405695152863559,0.08557420574887847,0.1361214808146198,0.37260916057294263,0.405695152863559,0.6508218540141213
2809,0.4056951534696606,0.0855742028993399,0.13612147977377853,0.3726091638572206,0.4056951534696606,0.6508218518458867
2810,0.40569515407576306,0.08557420004980106,0.1361214787329373,0.37260916714149855,0.40569515407576306,0.6508218496776537
2811,0.4056951546818653,0.08557419720026231,0.13612147769209604,0.3726091704257763,0.4056951546818653,0.6508218475094194
2812,0.40569515528796773,0.08557419435072328,0.13612147665125499,0.3726091737100539,0.40569515528796773,0.6508218453411858
2813,0.40569515589407046,0.08557419150118432,0.13612147561041374,0.37260917699433127,0.40569515589407046,0.6508218431729516
2814,0.40569515650017357,0.08557418865164505,0.13612147456957263,0.3726091802786085,0.40569515650017357,0.6508218410047174
2815,0.4056951571062768,0.08557418580210599,0.13612147352873166,0.3726091835628855,0.4056951571062768,0.650821838836483
2816,0.4056951577123803,0.0855741829525666,0.13612147248789058,0.3726091868471625,0.4056951577123803,0.650821836668249
2817,0.40569515831848374,0.08557418010302723,0.13612147144704956,0.3726091901314392,0.40569515831848374,0.6508218345000145
2818,0.4056951589245877,0.08557417725348773,0.13612147040620853,0.3726091934157158,0.4056951589245877,0.6508218323317797
2819,0.4056951595306917,0.08557417440394832,0.1361214693653674,0.37260919669999226,0.4056951595306917,0.6508218301635451
2820,0.4056951601367961,0.08557417155440863,0.13612146832452643,0.3726091999842687,0.4056951601367961,0.6508218279953109
2821,0.40569516074290046,0.08557416870486882,0.13612146728368543,0.37260920326854513,0.40569516074290046,0.6508218258270758
2822,0.4056951613490052,0.08557416585532891,0.13612146624284457,0.37260920655282115,0.4056951613490052,0.650821823658841
2823,0.4056951619551101,0.0855741630057889,0.1361214652020037,0.372609209837097,0.4056951619551101,0.6508218214906063
2824,0.4056951625612151,0.08557416015624904,0.1361214641611628,0.37260921312137296,0.4056951625612151,0.6508218193223709
2825,0.40569516316732024,0.085574157306709,0.13612146312032206,0.37260921640564854,0.40569516316732024,0.6508218171541356
2826,0.4056951637734257,0.08557415445716893,0.1361214620794812,0.3726092196899241,0.4056951637734257,0.6508218149859005
2827,0.4056951643795313,0.08557415160762874,0.13612146103864042,0.3726092229741994,0.4056951643795313,0.6508218128176653
2828,0.4056951649856369,0.08557414875808846,0.1361214599977997,0.37260922625847465,0.4056951649856369,0.6508218106494298
2829,0.4056951655917428,0.08557414590854827,0.136121458956959,0.3726092295427497,0.4056951655917428,0.6508218084811943
2830,0.4056951661978491,0.08557414305900767,0.13612145791611832,0.37260923282702474,0.4056951661978491,0.6508218063129592
2831,0.40569516680395534,0.08557414020946738,0.1361214568752777,0.37260923611129954,0.40569516680395534,0.6508218041447237
2832,0.4056951674100617,0.08557413735992696,0.13612145583443702,0.3726092393955741,0.4056951674100617,0.6508218019764878
2833,0.40569516801616834,0.08557413451038635,0.13612145479359633,0.37260924267984885,0.40569516801616834,0.6508217998082519
2834,0.40569516862227517,0.0855741316608457,0.13612145375275575,0.3726092459641231,0.40569516862227517,0.6508217976400161
2835,0.4056951692283821,0.08557412881130505,0.1361214527119152,0.3726092492483974,0.4056951692283821,0.65082179547178
2836,0.4056951698344892,0.08557412596176434,0.13612145167107467,0.37260925253267146,0.4056951698344892,0.6508217933035438
2837,0.4056951704405967,0.08557412311222344,0.13612145063023412,0.3726092558169455,0.4056951704405967,0.6508217911353089
2838,0.4056951710467042,0.08557412026268264,0.13612144958939373,0.37260925910121917,0.4056951710467042,0.6508217889670723
2839,0.405695171652812,0.08557411741314172,0.13612144854855324,0.37260926238549286,0.405695171652812,0.6508217867988362
2840,0.4056951722589197,0.08557411456360088,0.13612144750771293,0.37260926566976643,0.4056951722589197,0.6508217846305996
2841,0.40569517286502765,0.08557411171405979,0.1361214464668725,0.37260926895403995,0.40569517286502765,0.6508217824623639
2842,0.4056951734711359,0.0855741088645186,0.13612144542603213,0.37260927223831325,0.4056951734711359,0.650821780294127
2843,0.40569517407724404,0.08557410601497759,0.1361214443851918,0.37260927552258644,0.40569517407724404,0.6508217781258907
2844,0.40569517468335253,0.08557410316543633,0.13612144334435142,0.3726092788068594,0.40569517468335253,0.6508217759576542
2845,0.4056951752894613,0.08557410031589513,0.13612144230351106,0.3726092820911324,0.4056951752894613,0.650821773789418
2846,0.40569517589557,0.08557409746635379,0.13612144126267084,0.3726092853754052,0.40569517589557,0.650821771621181
2847,0.40569517650167886,0.08557409461681235,0.13612144022183065,0.3726092886596779,0.40569517650167886,0.6508217694529441
2848,0.40569517710778785,0.08557409176727095,0.13612143918099043,0.3726092919439506,0.40569517710778785,0.6508217672847073
2849,0.40569517771389696,0.08557408891772955,0.13612143814015032,0.372609295228223,0.40569517771389696,0.6508217651164707
2850,0.4056951783200062,0.08557408606818805,0.13612143709931024,0.37260929851249536,0.4056951783200062,0.6508217629482341
2851,0.40569517892611556,0.08557408321864643,0.13612143605847024,0.37260930179676754,0.40569517892611556,0.6508217607799964
2852,0.40569517953222506,0.08557408036910492,0.13612143501763013,0.37260930508103984,0.40569517953222506,0.6508217586117597
2853,0.40569518013833467,0.08557407751956331,0.1361214339767901,0.3726093083653117,0.40569518013833467,0.6508217564435226
2854,0.4056951807444444,0.08557407467002165,0.13612143293595005,0.37260931164958366,0.4056951807444444,0.6508217542752852
2855,0.40569518135055443,0.08557407182048006,0.13612143189510997,0.37260931493385546,0.40569518135055443,0.6508217521070487
2856,0.4056951819566645,0.08557406897093825,0.13612143085426998,0.3726093182181272,0.4056951819566645,0.6508217499388114
2857,0.4056951825627746,0.08557406612139662,0.13612142981342998,0.3726093215023987,0.4056951825627746,0.6508217477705738
2858,0.405695183168885,0.08557406327185471,0.13612142877259015,0.37260932478667014,0.405695183168885,0.6508217456023366
2859,0.40569518377499536,0.08557406042231296,0.13612142773175007,0.3726093280709415,0.40569518377499536,0.650821743434099
2860,0.4056951843811058,0.08557405757277103,0.13612142669091037,0.37260933135521257,0.4056951843811058,0.6508217412658609
2861,0.40569518498721663,0.08557405472322911,0.13612142565007038,0.37260933463948376,0.40569518498721663,0.6508217390976241
2862,0.4056951855933274,0.08557405187368734,0.13612142460923052,0.3726093379237546,0.4056951855933274,0.6508217369293863
2863,0.40569518619943834,0.08557404902414534,0.13612142356839071,0.3726093412080254,0.40569518619943834,0.6508217347611487
2864,0.40569518680554933,0.08557404617460335,0.136121422527551,0.3726093444922961,0.40569518680554933,0.6508217325929109
2865,0.40569518741166033,0.0855740433250614,0.13612142148671114,0.3726093477765668,0.40569518741166033,0.6508217304246728
2866,0.4056951880177715,0.08557404047551934,0.13612142044587155,0.37260935106083737,0.4056951880177715,0.6508217282564353
2867,0.4056951886238829,0.08557403762597736,0.1361214194050318,0.3726093543451078,0.4056951886238829,0.6508217260881974
2868,0.4056951892299943,0.08557403477643517,0.13612141836419225,0.37260935762937814,0.4056951892299943,0.6508217239199598
2869,0.40569518983610586,0.08557403192689308,0.13612141732335264,0.3726093609136481,0.40569518983610586,0.6508217217517216
2870,0.4056951904422176,0.08557402907735087,0.13612141628251298,0.3726093641979184,0.4056951904422176,0.650821719583484
2871,0.4056951910483292,0.08557402622780859,0.13612141524167345,0.3726093674821884,0.4056951910483292,0.650821717415246
2872,0.40569519165444107,0.08557402337826657,0.1361214142008339,0.37260937076645834,0.40569519165444107,0.6508217152470075
2873,0.40569519226055295,0.08557402052872438,0.13612141315999443,0.3726093740507282,0.40569519226055295,0.6508217130787692
2874,0.40569519286666494,0.0855740176791821,0.13612141211915502,0.37260937733499777,0.40569519286666494,0.6508217109105312
2875,0.4056951934727771,0.0855740148296399,0.13612141107831532,0.3726093806192675,0.4056951934727771,0.6508217087422935
2876,0.4056951940788893,0.08557401198009763,0.13612141003747602,0.3726093839035369,0.4056951940788893,0.6508217065740547
2877,0.4056951946850016,0.08557400913055523,0.13612140899663663,0.37260938718780623,0.4056951946850016,0.650821704405816
2878,0.4056951952911141,0.08557400628101298,0.13612140795579725,0.37260939047207564,0.4056951952911141,0.6508217022375783
2879,0.4056951958972264,0.08557400343147087,0.13612140691495783,0.37260939375634466,0.4056951958972264,0.6508217000693393
2880,0.4056951965033391,0.0855740005819284,0.13612140587411856,0.3726093970406138,0.4056951965033391,0.6508216979011013
2881,0.4056951971094518,0.08557399773238604,0.13612140483327922,0.3726094003248827,0.4056951971094518,0.6508216957328632
2882,0.4056951977155644,0.08557399488284387,0.13612140379244006,0.37260940360915146,0.4056951977155644,0.6508216935646235
2883,0.40569519832167716,0.08557399203330139,0.1361214027516008,0.3726094068934203,0.40569519832167716,0.6508216913963853
2884,0.40569519892779016,0.08557398918375894,0.13612140171076162,0.3726094101776892,0.40569519892779016,0.6508216892281474
2885,0.405695199533903,0.08557398633421652,0.13612140066992254,0.37260941346195786,0.405695199533903,0.6508216870599085
2886,0.40569520014001603,0.08557398348467415,0.13612139962908332,0.3726094167462263,0.40569520014001603,0.6508216848916698
2887,0.40569520074612914,0.08557398063513172,0.1361213985882441,0.3726094200304947,0.40569520074612914,0.650821682723431
2888,0.40569520135224224,0.08557397778558928,0.13612139754740507,0.372609423314763,0.40569520135224224,0.6508216805551919
2889,0.4056952019583557,0.08557397493604682,0.13612139650656593,0.3726094265990313,0.4056952019583557,0.6508216783869534
2890,0.4056952025644693,0.08557397208650447,0.13612139546572685,0.3726094298832993,0.4056952025644693,0.6508216762187147
2891,0.40569520317058266,0.08557396923696169,0.13612139442488794,0.3726094331675675,0.40569520317058266,0.6508216740504761
2892,0.40569520377669616,0.08557396638741939,0.136121393384049,0.3726094364518353,0.40569520377669616,0.6508216718822372
2893,0.40569520438280976,0.0855739635378769,0.13612139234321008,0.3726094397361031,0.40569520438280976,0.6508216697139979
2894,0.4056952049889233,0.0855739606883344,0.13612139130237116,0.3726094430203709,0.4056952049889233,0.6508216675457585
2895,0.40569520559503713,0.085573957838792,0.13612139026153217,0.3726094463046384,0.40569520559503713,0.6508216653775194
2896,0.4056952062011509,0.0855739549892495,0.13612138922069325,0.372609449588906,0.4056952062011509,0.6508216632092804
2897,0.4056952068072649,0.08557395213970705,0.13612138817985447,0.3726094528731735,0.4056952068072649,0.6508216610410414
2898,0.4056952074133788,0.08557394929016443,0.13612138713901567,0.37260945615744084,0.4056952074133788,0.650821658872802
2899,0.4056952080194928,0.08557394644062187,0.13612138609817692,0.3726094594417082,0.4056952080194928,0.6508216567045636
2900,0.40569520862560693,0.08557394359107937,0.1361213850573382,0.3726094627259755,0.40569520862560693,0.6508216545363241
2901,0.40569520923172114,0.0855739407415369,0.13612138401649926,0.37260946601024253,0.40569520923172114,0.6508216523680844
2902,0.4056952098378353,0.08557393789199427,0.13612138297566068,0.37260946929450967,0.4056952098378353,0.6508216501998457
2903,0.4056952104439494,0.0855739350424518,0.13612138193482198,0.3726094725787767,0.4056952104439494,0.6508216480316065
2904,0.40569521105006373,0.08557393219290942,0.13612138089398318,0.3726094758630435,0.40569521105006373,0.650821645863367
2905,0.4056952116561781,0.08557392934336694,0.1361213798531445,0.37260947914731024,0.4056952116561781,0.6508216436951275
2906,0.40569521226229244,0.08557392649382446,0.136121378812306,0.3726094824315769,0.40569521226229244,0.6508216415268877
2907,0.4056952128684069,0.08557392364428192,0.1361213777714675,0.3726094857158435,0.4056952128684069,0.6508216393586488
2908,0.4056952134745215,0.08557392079473931,0.13612137673062907,0.3726094890001101,0.4056952134745215,0.6508216371904088
2909,0.4056952140806362,0.08557391794519686,0.1361213756897903,0.37260949228437656,0.4056952140806362,0.6508216350221703
2910,0.40569521468675057,0.0855739150956544,0.13612137464895196,0.37260949556864276,0.40569521468675057,0.6508216328539298
2911,0.40569521529286534,0.08557391224611181,0.1361213736081135,0.372609498852909,0.40569521529286534,0.6508216306856909
2912,0.4056952158989804,0.08557390939656925,0.136121372567275,0.37260950213717536,0.4056952158989804,0.6508216285174516
2913,0.40569521650509516,0.08557390654702678,0.13612137152643655,0.37260950542144144,0.40569521650509516,0.650821626349212
2914,0.4056952171112099,0.08557390369748434,0.13612137048559814,0.3726095087057073,0.4056952171112099,0.6508216241809719
2915,0.40569521771732486,0.08557390084794185,0.1361213694447598,0.3726095119899733,0.40569521771732486,0.6508216220127322
2916,0.40569521832344,0.0855738979983992,0.13612136840392142,0.37260951527423913,0.40569521832344,0.6508216198444929
2917,0.4056952189295548,0.08557389514885684,0.13612136736308314,0.372609518558505,0.4056952189295548,0.6508216176762532
2918,0.40569521953566995,0.08557389229931445,0.13612136632224475,0.37260952184277063,0.40569521953566995,0.650821615508013
2919,0.405695220141785,0.08557388944977205,0.13612136528140656,0.3726095251270363,0.405695220141785,0.6508216133397735
2920,0.4056952207479001,0.08557388660022965,0.13612136424056825,0.37260952841130174,0.4056952207479001,0.6508216111715336
2921,0.4056952213540153,0.08557388375068722,0.13612136319973017,0.37260953169556726,0.4056952213540153,0.6508216090032939
2922,0.4056952219601304,0.08557388090114487,0.13612136215889203,0.3726095349798325,0.4056952219601304,0.6508216068350536
2923,0.40569522256624574,0.08557387805160235,0.13612136111805392,0.3726095382640979,0.40569522256624574,0.6508216046668145
2924,0.40569522317236106,0.08557387520205986,0.13612136007721579,0.372609541548363,0.40569522317236106,0.6508216024985746
2925,0.4056952237784764,0.0855738723525176,0.13612135903637776,0.3726095448326282,0.4056952237784764,0.6508216003303343
2926,0.4056952243845917,0.08557386950297512,0.13612135799553962,0.37260954811689323,0.4056952243845917,0.6508215981620942
2927,0.40569522499070715,0.08557386665343282,0.13612135695470143,0.3726095514011583,0.40569522499070715,0.6508215959938545
2928,0.4056952255968226,0.08557386380389047,0.1361213559138636,0.3726095546854233,0.4056952255968226,0.6508215938256148
2929,0.405695226202938,0.08557386095434813,0.1361213548730255,0.37260955796968814,0.405695226202938,0.6508215916573745
2930,0.40569522680905357,0.08557385810480565,0.13612135383218774,0.37260956125395284,0.40569522680905357,0.6508215894891347
2931,0.40569522741516906,0.08557385525526345,0.13612135279134985,0.37260956453821753,0.40569522741516906,0.6508215873208946
2932,0.4056952280212846,0.08557385240572116,0.13612135175051193,0.37260956782248217,0.4056952280212846,0.6508215851526538
2933,0.4056952286274002,0.08557384955617865,0.13612135070967424,0.37260957110674675,0.4056952286274002,0.6508215829844141
2934,0.40569522923351586,0.0855738467066364,0.13612134966883643,0.372609574391011,0.40569522923351586,0.6508215808161737
2935,0.40569522983963163,0.08557384385709406,0.13612134862799866,0.3726095776752755,0.40569522983963163,0.6508215786479339
2936,0.4056952304457473,0.0855738410075519,0.13612134758716077,0.37260958095953967,0.4056952304457473,0.6508215764796934
2937,0.40569523105186317,0.08557383815800974,0.13612134654632302,0.37260958424380386,0.40569523105186317,0.6508215743114538
2938,0.4056952316579788,0.08557383530846757,0.13612134550548524,0.372609587528068,0.4056952316579788,0.6508215721432131
2939,0.40569523226409465,0.08557383245892522,0.13612134446464771,0.3726095908123322,0.40569523226409465,0.6508215699749731
2940,0.4056952328702105,0.085573829609383,0.13612134342381016,0.3726095940965962,0.4056952328702105,0.650821567806733
2941,0.40569523347632624,0.08557382675984075,0.13612134238297258,0.37260959738086014,0.40569523347632624,0.6508215656384928
2942,0.4056952340824422,0.08557382391029873,0.13612134134213494,0.372609600665124,0.4056952340824422,0.6508215634702528
2943,0.40569523468855795,0.08557382106075653,0.1361213403012974,0.3726096039493877,0.40569523468855795,0.6508215613020121
2944,0.40569523529467394,0.08557381821121458,0.13612133926045974,0.3726096072336516,0.40569523529467394,0.6508215591337718
2945,0.40569523590078976,0.08557381536167243,0.13612133821962236,0.37260961051791525,0.40569523590078976,0.6508215569655318
2946,0.4056952365069058,0.08557381251213046,0.13612133717878472,0.3726096138021788,0.4056952365069058,0.6508215547972918
2947,0.4056952371130218,0.0855738096625884,0.13612133613794727,0.37260961708644236,0.4056952371130218,0.6508215526290517
2948,0.4056952377191378,0.08557380681304644,0.13612133509710994,0.37260962037070566,0.4056952377191378,0.6508215504608106
2949,0.40569523832525384,0.08557380396350432,0.13612133405627258,0.37260962365496886,0.40569523832525384,0.6508215482925702
2950,0.4056952389313699,0.08557380111396251,0.1361213330154352,0.3726096269392323,0.4056952389313699,0.6508215461243303
2951,0.4056952395374859,0.08557379826442056,0.13612133197459794,0.3726096302234954,0.4056952395374859,0.6508215439560895
2952,0.4056952401436019,0.08557379541487875,0.1361213309337605,0.3726096335077585,0.4056952401436019,0.6508215417878489
2953,0.40569524074971813,0.08557379256533662,0.13612132989292333,0.37260963679202164,0.40569524074971813,0.6508215396196084
2954,0.4056952413558344,0.08557378971579473,0.13612132885208597,0.37260964007628466,0.4056952413558344,0.6508215374513684
2955,0.40569524196195045,0.08557378686625301,0.1361213278112487,0.37260964336054747,0.40569524196195045,0.6508215352831275
2956,0.40569524256806677,0.08557378401671119,0.13612132677041147,0.3726096466448105,0.40569524256806677,0.6508215331148874
2957,0.4056952431741829,0.0855737811671694,0.13612132572957442,0.3726096499290731,0.4056952431741829,0.6508215309466467
2958,0.40569524378029903,0.08557377831762761,0.13612132468873722,0.3726096532133359,0.40569524378029903,0.6508215287784058
2959,0.4056952443864152,0.08557377546808587,0.13612132364790003,0.37260965649759864,0.4056952443864152,0.6508215266101656
2960,0.40569524499253135,0.08557377261854417,0.1361213226070631,0.37260965978186134,0.40569524499253135,0.650821524441925
2961,0.4056952455986477,0.08557376976900233,0.1361213215662259,0.3726096630661239,0.4056952455986477,0.6508215222736848
2962,0.4056952462047638,0.08557376691946067,0.13612132052538886,0.3726096663503864,0.4056952462047638,0.6508215201054441
2963,0.40569524681088015,0.08557376406991903,0.13612131948455197,0.37260966963464875,0.40569524681088015,0.6508215179372037
2964,0.4056952474169964,0.08557376122037733,0.13612131844371494,0.37260967291891106,0.4056952474169964,0.6508215157689626
2965,0.4056952480231128,0.08557375837083575,0.1361213174028779,0.37260967620317337,0.4056952480231128,0.650821513600722
2966,0.405695248629229,0.08557375552129413,0.13612131636204097,0.3726096794874356,0.405695248629229,0.6508215114324813
2967,0.4056952492353453,0.08557375267175257,0.13612131532120422,0.37260968277169776,0.4056952492353453,0.6508215092642406
2968,0.40569524984146155,0.08557374982221103,0.13612131428036728,0.3726096860559599,0.40569524984146155,0.6508215070960002
2969,0.40569525044757804,0.08557374697266952,0.1361213132395305,0.3726096893402219,0.40569525044757804,0.6508215049277595
2970,0.40569525105369436,0.08557374412312796,0.13612131219869372,0.3726096926244839,0.40569525105369436,0.6508215027595189
2971,0.40569525165981074,0.08557374127358658,0.13612131115785706,0.37260969590874554,0.40569525165981074,0.6508215005912783
2972,0.405695252265927,0.08557373842404518,0.13612131011702028,0.37260969919300746,0.405695252265927,0.6508214984230374
2973,0.4056952528720435,0.08557373557450383,0.13612130907618353,0.3726097024772691,0.4056952528720435,0.6508214962547973
2974,0.4056952534781599,0.08557373272496226,0.13612130803534692,0.37260970576153085,0.4056952534781599,0.6508214940865567
2975,0.4056952540842762,0.08557372987542082,0.13612130699451042,0.3726097090457923,0.4056952540842762,0.6508214919183154
2976,0.4056952546903926,0.08557372702587954,0.13612130595367375,0.37260971233005385,0.4056952546903926,0.6508214897500741
2977,0.405695255296509,0.08557372417633827,0.13612130491283705,0.3726097156143155,0.405695255296509,0.650821487581834
2978,0.4056952559026253,0.08557372132679703,0.13612130387200053,0.3726097188985769,0.4056952559026253,0.650821485413593
2979,0.4056952565087417,0.08557371847725578,0.13612130283116397,0.3726097221828382,0.4056952565087417,0.650821483245352
2980,0.40569525711485815,0.08557371562771456,0.1361213017903275,0.37260972546709953,0.40569525711485815,0.6508214810771116
2981,0.4056952577209747,0.0855737127781735,0.13612130074949094,0.3726097287513608,0.4056952577209747,0.6508214789088713
2982,0.4056952583270911,0.0855737099286323,0.13612129970865455,0.372609732035622,0.4056952583270911,0.65082147674063
2983,0.40569525893320746,0.08557370707909116,0.13612129866781822,0.37260973531988295,0.40569525893320746,0.650821474572389
2984,0.40569525953932395,0.08557370422955007,0.1361212976269818,0.37260973860414404,0.40569525953932395,0.6508214724041481
2985,0.4056952601454403,0.08557370138000903,0.1361212965861454,0.37260974188840507,0.4056952601454403,0.6508214702359072
2986,0.40569526075155654,0.08557369853046799,0.1361212955453092,0.3726097451726661,0.40569526075155654,0.6508214680676667
2987,0.40569526135767275,0.08557369568092703,0.13612129450447297,0.3726097484569269,0.40569526135767275,0.6508214658994251
2988,0.40569526196378924,0.08557369283138602,0.1361212934636367,0.37260975174118793,0.40569526196378924,0.6508214637311852
2989,0.4056952625699055,0.08557368998184517,0.1361212924228005,0.3726097550254486,0.4056952625699055,0.6508214615629442
2990,0.4056952631760219,0.08557368713230443,0.1361212913819643,0.37260975830970927,0.4056952631760219,0.6508214593947033
2991,0.4056952637821382,0.08557368428276343,0.1361212903411283,0.3726097615939699,0.4056952637821382,0.6508214572264623
2992,0.4056952643882547,0.08557368143322268,0.13612128930029205,0.3726097648782305,0.4056952643882547,0.6508214550582214
2993,0.4056952649943712,0.08557367858368187,0.13612128825945588,0.372609768162491,0.4056952649943712,0.650821452889981
2994,0.40569526560048746,0.08557367573414114,0.1361212872186197,0.3726097714467514,0.40569526560048746,0.6508214507217398
2995,0.405695266206604,0.08557367288460047,0.13612128617778377,0.37260977473101176,0.405695266206604,0.6508214485534991
2996,0.40569526681272033,0.08557367003505971,0.1361212851369477,0.37260977801527223,0.40569526681272033,0.6508214463852579
2997,0.4056952674188365,0.08557366718551908,0.13612128409611185,0.37260978129953237,0.4056952674188365,0.650821444217017
2998,0.4056952680249528,0.08557366433597845,0.1361212830552758,0.3726097845837926,0.4056952680249528,0.6508214420487759
2999,0.4056952686310693,0.08557366148643782,0.13612128201443996,0.3726097878680529,0.4056952686310693,0.6508214398805355
3000,0.40569526923718563,0.08557365863689734,0.13612128097360401,0.37260979115231285,0.40569526923718563,0.6508214377122938
3001,0.40569526984330195,0.08557365578735672,0.136121279932768,0.37260979443657305,0.40569526984330195,0.6508214355440536
3002,0.4056952704494183,0.08557365293781634,0.13612127889193223,0.37260979772083286,0.4056952704494183,0.6508214333758122
3003,0.40569527105553477,0.08557365008827597,0.1361212778510964,0.37260980100509283,0.40569527105553477,0.6508214312075713
3004,0.405695271661651,0.08557364723873549,0.1361212768102607,0.3726098042893526,0.405695271661651,0.6508214290393306
3005,0.40569527226776725,0.08557364438919521,0.13612127576942498,0.37260980757361256,0.40569527226776725,0.65082142687109
3006,0.4056952728738835,0.0855736415396549,0.13612127472858923,0.3726098108578722,0.4056952728738835,0.6508214247028483
3007,0.4056952734799997,0.08557363869011463,0.13612127368775365,0.372609814142132,0.4056952734799997,0.6508214225346074
3008,0.405695274086116,0.08557363584057437,0.13612127264691784,0.37260981742639165,0.405695274086116,0.6508214203663668
3009,0.4056952746922323,0.08557363299103428,0.136121271606082,0.37260982071065113,0.4056952746922323,0.6508214181981257
3010,0.4056952752983486,0.08557363014149419,0.1361212705652466,0.37260982399491044,0.4056952752983486,0.6508214160298845
3011,0.40569527590446486,0.08557362729195389,0.1361212695244111,0.3726098272791699,0.40569527590446486,0.6508214138616435
3012,0.4056952765105811,0.08557362444241391,0.1361212684835755,0.37260983056342933,0.4056952765105811,0.6508214116934027
3013,0.4056952771166973,0.08557362159287388,0.13612126744274006,0.37260983384768864,0.4056952771166973,0.6508214095251617
3014,0.4056952777228136,0.08557361874333386,0.1361212664019046,0.37260983713194784,0.4056952777228136,0.6508214073569211
3015,0.40569527832893004,0.08557361589379381,0.13612126536106903,0.372609840416207,0.40569527832893004,0.6508214051886805
3016,0.4056952789350461,0.0855736130442539,0.13612126432023378,0.372609843700466,0.4056952789350461,0.6508214030204387
3017,0.40569527954116213,0.08557361019471402,0.1361212632793985,0.37260984698472505,0.40569527954116213,0.6508214008521974
3018,0.4056952801472784,0.08557360734517416,0.1361212622385631,0.37260985026898413,0.4056952801472784,0.6508213986839562
3019,0.40569528075339467,0.08557360449563431,0.13612126119772766,0.37260985355324316,0.40569528075339467,0.6508213965157157
3020,0.4056952813595109,0.08557360164609436,0.1361212601568925,0.37260985683750203,0.4056952813595109,0.6508213943474745
3021,0.40569528196562715,0.08557359879655467,0.13612125911605713,0.37260986012176095,0.40569528196562715,0.6508213921792341
3022,0.40569528257174325,0.08557359594701482,0.1361212580752219,0.37260986340601976,0.40569528257174325,0.6508213900109928
3023,0.4056952831778594,0.08557359309747517,0.13612125703438666,0.37260986669027857,0.4056952831778594,0.6508213878427516
3024,0.4056952837839755,0.08557359024793561,0.13612125599355152,0.3726098699745371,0.4056952837839755,0.6508213856745106
3025,0.40569528439009156,0.08557358739839603,0.1361212549527164,0.37260987325879574,0.40569528439009156,0.6508213835062693
3026,0.40569528499620766,0.08557358454885651,0.13612125391188123,0.37260987654305444,0.40569528499620766,0.6508213813380284
3027,0.40569528560232376,0.08557358169931698,0.13612125287104618,0.3726098798273128,0.40569528560232376,0.6508213791697872
3028,0.40569528620843986,0.08557357884977757,0.13612125183021104,0.37260988311157134,0.40569528620843986,0.6508213770015467
3029,0.40569528681455586,0.08557357600023809,0.13612125078937595,0.3726098863958298,0.40569528681455586,0.650821374833305
3030,0.405695287420672,0.0855735731506987,0.1361212497485409,0.3726098896800882,0.405695287420672,0.6508213726650645
3031,0.40569528802678795,0.08557357030115949,0.13612124870770606,0.37260989296434627,0.40569528802678795,0.6508213704968231
3032,0.40569528863290405,0.08557356745162015,0.13612124766687106,0.3726098962486045,0.40569528863290405,0.6508213683285822
3033,0.40569528923902,0.08557356460208093,0.13612124662603625,0.3726098995328628,0.40569528923902,0.6508213661603413
3034,0.4056952898451359,0.08557356175254169,0.1361212455852014,0.3726099028171209,0.4056952898451359,0.6508213639921004
3035,0.4056952904512518,0.0855735589030024,0.1361212445443666,0.3726099061013789,0.4056952904512518,0.6508213618238591
3036,0.40569529105736774,0.0855735560534634,0.1361212435035318,0.372609909385637,0.40569529105736774,0.6508213596556183
3037,0.4056952916634836,0.08557355320392425,0.13612124246269705,0.37260991266989485,0.4056952916634836,0.6508213574873768
3038,0.40569529226959955,0.08557355035438526,0.1361212414218623,0.3726099159541526,0.40569529226959955,0.6508213553191358
3039,0.4056952928757154,0.08557354750484629,0.13612124038102763,0.3726099192384105,0.4056952928757154,0.6508213531508948
3040,0.40569529348183125,0.08557354465530731,0.13612123934019305,0.3726099225226683,0.40569529348183125,0.6508213509826537
3041,0.40569529408794713,0.08557354180576851,0.13612123829935827,0.37260992580692576,0.40569529408794713,0.6508213488144124
3042,0.4056952946940631,0.08557353895622953,0.13612123725852365,0.3726099290911835,0.4056952946940631,0.6508213466461721
3043,0.40569529530017884,0.08557353610669066,0.13612123621768923,0.3726099323754411,0.40569529530017884,0.650821344477931
3044,0.40569529590629466,0.08557353325715186,0.1361212351768546,0.3726099356596987,0.40569529590629466,0.65082134230969
3045,0.40569529651241043,0.08557353040761329,0.13612123413602004,0.37260993894395605,0.40569529651241043,0.6508213401414487
3046,0.4056952971185263,0.08557352755807461,0.1361212330951855,0.37260994222821353,0.4056952971185263,0.650821337973208
3047,0.405695297724642,0.08557352470853594,0.13612123205435112,0.37260994551247073,0.405695297724642,0.6508213358049664
3048,0.4056952983307578,0.08557352185899725,0.13612123101351667,0.3726099487967279,0.4056952983307578,0.6508213336367257
3049,0.40569529893687356,0.08557351900945873,0.13612122997268225,0.3726099520809853,0.40569529893687356,0.650821331468485
3050,0.4056952995429891,0.08557351615992023,0.13612122893184816,0.37260995536524244,0.4056952995429891,0.6508213293002436
3051,0.4056953001491046,0.08557351331038177,0.13612122789101389,0.37260995864949953,0.4056953001491046,0.6508213271320025
3052,0.4056953007552203,0.08557351046084322,0.13612122685017955,0.37260996193375673,0.4056953007552203,0.6508213249637618
3053,0.40569530136133586,0.08557350761130496,0.13612122580934527,0.37260996521801376,0.40569530136133586,0.6508213227955206
3054,0.4056953019674515,0.08557350476176652,0.13612122476851102,0.37260996850227074,0.4056953019674515,0.6508213206272795
3055,0.4056953025735671,0.08557350191222822,0.13612122372767688,0.3726099717865276,0.4056953025735671,0.6508213184590383
3056,0.4056953031796828,0.08557349906268996,0.13612122268684268,0.3726099750707846,0.4056953031796828,0.6508213162907976
3057,0.4056953037857984,0.08557349621315175,0.1361212216460084,0.3726099783550414,0.4056953037857984,0.6508213141225564
3058,0.4056953043919137,0.08557349336361358,0.1361212206051742,0.37260998163929815,0.4056953043919137,0.6508213119543153
3059,0.4056953049980293,0.08557349051407545,0.13612121956434015,0.372609984923555,0.4056953049980293,0.6508213097860744
3060,0.4056953056041447,0.08557348766453732,0.13612121852350614,0.37260998820781177,0.4056953056041447,0.650821307617833
3061,0.4056953062102602,0.08557348481499923,0.13612121748267209,0.37260999149206825,0.4056953062102602,0.6508213054495924
3062,0.40569530681637583,0.08557348196546126,0.13612121644183814,0.3726099947763248,0.40569530681637583,0.650821303281351
3063,0.40569530742249116,0.0855734791159232,0.13612121540100416,0.3726099980605812,0.40569530742249116,0.6508213011131099
3064,0.4056953080286065,0.08557347626638535,0.1361212143601703,0.3726100013448376,0.4056953080286065,0.650821298944869
3065,0.405695308634722,0.08557347341684746,0.13612121331933627,0.3726100046290941,0.405695308634722,0.6508212967766285
3066,0.4056953092408373,0.08557347056730968,0.13612121227850252,0.3726100079133504,0.4056953092408373,0.6508212946083872
3067,0.4056953098469524,0.08557346771777188,0.13612121123766874,0.37261001119760667,0.4056953098469524,0.6508212924401459
3068,0.4056953104530678,0.08557346486823422,0.13612121019683487,0.37261001448186293,0.4056953104530678,0.6508212902719048
3069,0.4056953110591831,0.08557346201869656,0.13612120915600118,0.37261001776611913,0.4056953110591831,0.6508212881036639
3070,0.40569531166529826,0.0855734591691589,0.13612120811516754,0.37261002105037516,0.40569531166529826,0.6508212859354228
3071,0.4056953122714135,0.08557345631962132,0.1361212070743337,0.37261002433463125,0.4056953122714135,0.650821283767182
3072,0.4056953128775287,0.08557345347008365,0.13612120603350022,0.3726100276188873,0.4056953128775287,0.6508212815989409
3073,0.4056953134836439,0.08557345062054629,0.1361212049926664,0.37261003090314326,0.4056953134836439,0.6508212794306998
3074,0.4056953140897592,0.08557344777100878,0.1361212039518328,0.37261003418739913,0.4056953140897592,0.6508212772624591
3075,0.4056953146958743,0.08557344492147148,0.13612120291099913,0.37261003747165505,0.4056953146958743,0.6508212750942179
3076,0.4056953153019893,0.08557344207193404,0.1361212018701657,0.37261004075591087,0.4056953153019893,0.6508212729259766
3077,0.4056953159081043,0.08557343922239682,0.13612120082933205,0.3726100440401665,0.4056953159081043,0.6508212707577353
3078,0.40569531651421925,0.0855734363728596,0.13612119978849863,0.37261004732442227,0.40569531651421925,0.6508212685894946
3079,0.4056953171203343,0.08557343352332239,0.13612119874766518,0.3726100506086779,0.4056953171203343,0.6508212664212534
3080,0.4056953177264493,0.08557343067378516,0.1361211977068318,0.37261005389293356,0.4056953177264493,0.6508212642530129
3081,0.4056953183325643,0.085573427824248,0.13612119666599823,0.3726100571771893,0.4056953183325643,0.6508212620847724
3082,0.4056953189386791,0.08557342497471103,0.136121195625165,0.37261006046144457,0.4056953189386791,0.6508212599165307
3083,0.405695319544794,0.08557342212517396,0.13612119458433145,0.3726100637457002,0.405695319544794,0.6508212577482896
3084,0.405695320150909,0.08557341927563687,0.13612119354349822,0.37261006702995564,0.405695320150909,0.6508212555800487
3085,0.4056953207570239,0.08557341642610007,0.13612119250266505,0.3726100703142109,0.4056953207570239,0.6508212534118079
3086,0.4056953213631387,0.08557341357656313,0.1361211914618317,0.3726100735984663,0.4056953213631387,0.6508212512435672
3087,0.40569532196925345,0.08557341072702626,0.1361211904209985,0.3726100768827215,0.40569532196925345,0.6508212490753256
3088,0.4056953225753684,0.08557340787748956,0.13612118938016526,0.3726100801669767,0.4056953225753684,0.6508212469070849
3089,0.405695323181483,0.08557340502795266,0.13612118833933226,0.3726100834512318,0.405695323181483,0.6508212447388438
3090,0.4056953237875977,0.08557340217841598,0.13612118729849915,0.3726100867354869,0.4056953237875977,0.6508212425706026
3091,0.4056953243937125,0.08557339932887927,0.13612118625766592,0.37261009001974205,0.4056953243937125,0.6508212404023621
3092,0.4056953249998272,0.0855733964793428,0.136121185216833,0.372610093303997,0.4056953249998272,0.6508212382341211
3093,0.4056953256059416,0.08557339362980622,0.13612118417599992,0.372610096588252,0.4056953256059416,0.6508212360658798
3094,0.40569532621205623,0.08557339078026971,0.1361211831351669,0.37261009987250693,0.40569532621205623,0.650821233897639
3095,0.4056953268181709,0.08557338793073332,0.13612118209433385,0.37261010315676185,0.4056953268181709,0.6508212317293982
3096,0.40569532742428543,0.08557338508119679,0.1361211810535011,0.37261010644101655,0.40569532742428543,0.6508212295611574
3097,0.4056953280304,0.08557338223166044,0.13612118001266815,0.3726101097252713,0.4056953280304,0.6508212273929165
3098,0.40569532863651425,0.0855733793821242,0.13612117897183532,0.37261011300952607,0.40569532863651425,0.6508212252246754
3099,0.40569532924262874,0.08557337653258786,0.13612117793100234,0.3726101162937807,0.40569532924262874,0.6508212230564345
3100,0.4056953298487431,0.08557337368305173,0.13612117689016978,0.3726101195780354,0.4056953298487431,0.6508212208881938
3101,0.4056953304548576,0.08557337083351554,0.13612117584933695,0.3726101228622898,0.4056953304548576,0.6508212187199527
3102,0.40569533106097194,0.0855733679839794,0.1361211748085042,0.3726101261465443,0.40569533106097194,0.6508212165517118
3103,0.4056953316670862,0.08557336513444337,0.13612117376767163,0.3726101294307987,0.4056953316670862,0.6508212143834706
3104,0.40569533227320054,0.08557336228490728,0.13612117272683882,0.3726101327150531,0.40569533227320054,0.65082121221523
3105,0.4056953328793148,0.0855733594353713,0.13612117168600615,0.37261013599930737,0.4056953328793148,0.6508212100469888
3106,0.4056953334854292,0.08557335658583526,0.13612117064517365,0.3726101392835618,0.4056953334854292,0.6508212078787483
3107,0.40569533409154335,0.08557335373629948,0.13612116960434117,0.37261014256781594,0.40569533409154335,0.6508212057105072
3108,0.40569533469765756,0.08557335088676361,0.1361211685635086,0.3726101458520701,0.40569533469765756,0.650821203542266
3109,0.4056953353037718,0.08557334803722787,0.13612116752267606,0.37261014913632423,0.4056953353037718,0.6508212013740253
3110,0.4056953359098857,0.08557334518769212,0.13612116648184353,0.3726101524205783,0.4056953359098857,0.6508211992057843
3111,0.405695336516,0.08557334233815642,0.1361211654410112,0.3726101557048323,0.405695336516,0.6508211970375438
3112,0.4056953371221139,0.08557333948862088,0.13612116440017868,0.3726101589890863,0.4056953371221139,0.6508211948693026
3113,0.40569533772822797,0.08557333663908526,0.13612116335934626,0.37261016227334026,0.40569533772822797,0.6508211927010612
3114,0.40569533833434196,0.08557333378954968,0.136121162318514,0.372610165557594,0.40569533833434196,0.6508211905328205
3115,0.405695338940456,0.08557333094001417,0.13612116127768162,0.37261016884184806,0.405695338940456,0.6508211883645801
3116,0.40569533954656994,0.08557332809047868,0.13612116023684934,0.37261017212610187,0.40569533954656994,0.6508211861963391
3117,0.40569534015268377,0.08557332524094324,0.1361211591960172,0.37261017541035557,0.40569534015268377,0.6508211840280982
3118,0.40569534075879776,0.08557332239140802,0.1361211581551848,0.3726101786946093,0.40569534075879776,0.6508211818598578
3119,0.4056953413649116,0.08557331954187274,0.1361211571143526,0.37261018197886286,0.4056953413649116,0.6508211796916163
3120,0.4056953419710256,0.08557331669233746,0.13612115607352032,0.3726101852631164,0.4056953419710256,0.6508211775233761
3121,0.40569534257713935,0.08557331384280221,0.13612115503268835,0.37261018854737,0.40569534257713935,0.650821175355135
3122,0.4056953431832532,0.08557331099326695,0.13612115399185615,0.37261019183162347,0.4056953431832532,0.6508211731868943
3123,0.40569534378936706,0.08557330814373197,0.13612115295102414,0.37261019511587684,0.40569534378936706,0.6508211710186533
3124,0.4056953443954808,0.08557330529419693,0.13612115191019208,0.3726101984001301,0.4056953443954808,0.6508211688504122
3125,0.40569534500159443,0.08557330244466202,0.1361211508693601,0.37261020168438336,0.40569534500159443,0.6508211666821713
3126,0.4056953456077081,0.08557329959512695,0.13612114982852802,0.37261020496863667,0.4056953456077081,0.6508211645139308
3127,0.4056953462138218,0.0855732967455921,0.13612114878769616,0.3726102082528899,0.4056953462138218,0.6508211623456899
3128,0.4056953468199354,0.0855732938960572,0.1361211477468643,0.372610211537143,0.4056953468199354,0.6508211601774496
3129,0.405695347426049,0.08557329104652242,0.13612114670603243,0.372610214821396,0.405695347426049,0.650821158009208
3130,0.4056953480321624,0.08557328819698765,0.1361211456652007,0.37261021810564915,0.4056953480321624,0.650821155840967
3131,0.4056953486382757,0.08557328534745305,0.13612114462436856,0.3726102213899023,0.4056953486382757,0.6508211536727262
3132,0.4056953492443893,0.08557328249791826,0.1361211435835368,0.37261022467415544,0.4056953492443893,0.6508211515044859
3133,0.40569534985050276,0.0855732796483837,0.13612114254270508,0.37261022795840837,0.40569534985050276,0.6508211493362452
3134,0.40569535045661603,0.08557327679884918,0.13612114150187335,0.3726102312426613,0.40569535045661603,0.6508211471680048
3135,0.40569535106272925,0.08557327394931472,0.13612114046104182,0.37261023452691416,0.40569535106272925,0.650821144999764
3136,0.40569535166884263,0.08557327109978025,0.13612113942021015,0.37261023781116687,0.40569535166884263,0.6508211428315231
3137,0.4056953522749559,0.08557326825024583,0.13612113837937867,0.37261024109541946,0.4056953522749559,0.6508211406632821
3138,0.4056953528810692,0.08557326540071149,0.13612113733854697,0.3726102443796721,0.4056953528810692,0.6508211384950413
3139,0.40569535348718255,0.08557326255117706,0.13612113629771533,0.3726102476639249,0.40569535348718255,0.6508211363268006
3140,0.4056953540932956,0.08557325970164294,0.13612113525688377,0.3726102509481775,0.4056953540932956,0.6508211341585597
3141,0.4056953546994088,0.08557325685210872,0.1361211342160523,0.37261025423243,0.4056953546994088,0.650821131990319
3142,0.4056953553055219,0.0855732540025746,0.13612113317522095,0.3726102575166825,0.4056953553055219,0.6508211298220783
3143,0.40569535591163486,0.08557325115304058,0.13612113213438953,0.3726102608009348,0.40569535591163486,0.6508211276538376
3144,0.40569535651774785,0.0855732483035065,0.13612113109355814,0.37261026408518716,0.40569535651774785,0.6508211254855965
3145,0.405695357123861,0.0855732454539725,0.1361211300527267,0.37261026736943953,0.405695357123861,0.6508211233173562
3146,0.4056953577299741,0.08557324260443853,0.1361211290118953,0.37261027065369184,0.4056953577299741,0.6508211211491155
3147,0.40569535833608705,0.08557323975490459,0.13612112797106402,0.37261027393794394,0.40569535833608705,0.6508211189808747
3148,0.40569535894220005,0.08557323690537072,0.1361211269302328,0.3726102772221963,0.40569535894220005,0.6508211168126345
3149,0.40569535954831304,0.08557323405583701,0.13612112588940142,0.3726102805064484,0.40569535954831304,0.6508211146443935
3150,0.4056953601544258,0.08557323120630328,0.13612112484857025,0.3726102837907004,0.4056953601544258,0.6508211124761525
3151,0.40569536076053864,0.08557322835676953,0.13612112380773914,0.3726102870749524,0.40569536076053864,0.6508211103079119
3152,0.4056953613666513,0.08557322550723602,0.1361211227669079,0.37261029035920457,0.4056953613666513,0.6508211081396711
3153,0.4056953619727641,0.0855732226577024,0.13612112172607677,0.3726102936434566,0.4056953619727641,0.650821105971431
3154,0.4056953625788769,0.08557321980816873,0.13612112068524582,0.3726102969277085,0.4056953625788769,0.6508211038031901
3155,0.4056953631849896,0.08557321695863532,0.13612111964441473,0.37261030021196023,0.4056953631849896,0.6508211016349496
3156,0.40569536379110216,0.08557321410910194,0.13612111860358372,0.3726103034962119,0.40569536379110216,0.6508210994667083
3157,0.4056953643972147,0.08557321125956853,0.13612111756275275,0.3726103067804637,0.4056953643972147,0.6508210972984676
3158,0.4056953650033274,0.08557320841003509,0.13612111652192194,0.37261031006471546,0.4056953650033274,0.6508210951302276
3159,0.40569536560943986,0.08557320556050177,0.136121115481091,0.3726103133489672,0.40569536560943986,0.6508210929619873
3160,0.4056953662155526,0.08557320271096844,0.13612111444026015,0.37261031663321875,0.4056953662155526,0.6508210907937462
3161,0.40569536682166496,0.08557319986143536,0.13612111339942926,0.3726103199174702,0.40569536682166496,0.6508210886255057
3162,0.4056953674277774,0.08557319701190227,0.1361211123585985,0.37261032320172177,0.4056953674277774,0.6508210864572653
3163,0.40569536803388967,0.08557319416236929,0.13612111131776763,0.3726103264859731,0.40569536803388967,0.6508210842890241
3164,0.4056953686400021,0.08557319131283617,0.136121110276937,0.37261032977022457,0.4056953686400021,0.6508210821207837
3165,0.4056953692461144,0.08557318846330328,0.1361211092361063,0.3726103330544759,0.4056953692461144,0.6508210799525432
3166,0.4056953698522267,0.08557318561377023,0.1361211081952757,0.37261033633872714,0.4056953698522267,0.6508210777843029
3167,0.4056953704583389,0.08557318276423746,0.1361211071544451,0.3726103396229784,0.4056953704583389,0.6508210756160623
3168,0.4056953710644512,0.08557317991470455,0.13612110611361453,0.37261034290722955,0.4056953710644512,0.6508210734478217
3169,0.40569537167056335,0.08557317706517181,0.13612110507278394,0.3726103461914808,0.40569537167056335,0.650821071279581
3170,0.40569537227667546,0.08557317421563905,0.13612110403195343,0.3726103494757319,0.40569537227667546,0.6508210691113407
3171,0.4056953728827875,0.08557317136610641,0.1361211029911229,0.3726103527599829,0.4056953728827875,0.6508210669430996
3172,0.4056953734888998,0.08557316851657369,0.13612110195029228,0.37261035604423404,0.4056953734888998,0.6508210647748596
3173,0.4056953740950117,0.085573165667041,0.13612110090946208,0.37261035932848496,0.4056953740950117,0.6508210626066186
3174,0.40569537470112366,0.08557316281750865,0.13612109986863158,0.3726103626127358,0.40569537470112366,0.650821060438378
3175,0.4056953753072356,0.08557315996797614,0.13612109882780132,0.3726103658969868,0.4056953753072356,0.650821058270138
3176,0.40569537591334764,0.0855731571184437,0.13612109778697096,0.37261036918123763,0.40569537591334764,0.6508210561018974
3177,0.4056953765194595,0.08557315426891142,0.1361210967461405,0.37261037246548845,0.4056953765194595,0.650821053933657
3178,0.40569537712557147,0.0855731514193791,0.13612109570531025,0.37261037574973915,0.40569537712557147,0.6508210517654162
3179,0.4056953777316832,0.08557314856984684,0.13612109466448002,0.3726103790339898,0.4056953777316832,0.6508210495971758
3180,0.4056953783377948,0.08557314572031466,0.13612109362364988,0.37261038231824034,0.4056953783377948,0.6508210474289351
3181,0.4056953789439067,0.0855731428707826,0.13612109258281965,0.3726103856024909,0.4056953789439067,0.6508210452606946
3182,0.40569537955001855,0.08557314002125041,0.13612109154198945,0.37261038888674153,0.40569537955001855,0.6508210430924544
3183,0.4056953801561303,0.08557313717171842,0.13612109050115923,0.372610392170992,0.4056953801561303,0.6508210409242139
3184,0.4056953807622419,0.08557313432218643,0.13612108946032914,0.3726103954552423,0.4056953807622419,0.6508210387559731
3185,0.4056953813683535,0.08557313147265458,0.13612108841949905,0.3726103987394927,0.4056953813683535,0.6508210365877327
3186,0.4056953819744649,0.08557312862312275,0.13612108737866904,0.3726104020237431,0.4056953819744649,0.6508210344194926
3187,0.4056953825805765,0.08557312577359087,0.1361210863378391,0.37261040530799333,0.4056953825805765,0.6508210322512519
3188,0.405695383186688,0.08557312292405898,0.13612108529700906,0.37261040859224387,0.405695383186688,0.6508210300830118
3189,0.40569538379279924,0.08557312007452735,0.13612108425617928,0.37261041187649385,0.40569538379279924,0.6508210279147707
3190,0.40569538439891095,0.08557311722499557,0.13612108321534935,0.3726104151607441,0.40569538439891095,0.6508210257465312
3191,0.4056953850050221,0.08557311437546417,0.13612108217451943,0.3726104184449941,0.4056953850050221,0.6508210235782901
3192,0.40569538561113344,0.08557311152593254,0.13612108113368973,0.372610421729244,0.40569538561113344,0.6508210214100498
3193,0.40569538621724466,0.08557310867640114,0.13612108009285998,0.3726104250134941,0.40569538621724466,0.6508210192418091
3194,0.40569538682335615,0.08557310582686964,0.13612107905203008,0.372610428297744,0.40569538682335615,0.6508210170735693
3195,0.40569538742946737,0.08557310297733815,0.13612107801120038,0.37261043158199386,0.40569538742946737,0.6508210149053286
3196,0.4056953880355785,0.08557310012780672,0.13612107697037065,0.37261043486624384,0.4056953880355785,0.6508210127370881
3197,0.4056953886416898,0.08557309727827549,0.13612107592954087,0.3726104381504938,0.4056953886416898,0.6508210105688482
3198,0.40569538924780085,0.08557309442874428,0.13612107488871122,0.37261044143474353,0.40569538924780085,0.6508210084006081
3199,0.4056953898539119,0.08557309157921307,0.1361210738478816,0.3726104447189933,0.4056953898539119,0.6508210062323674
3200,0.40569539046002306,0.08557308872968188,0.13612107280705202,0.37261044800324283,0.40569539046002306,0.6508210040641271
3201,0.40569539106613384,0.08557308588015075,0.1361210717662227,0.37261045128749243,0.40569539106613384,0.6508210018958867
3202,0.4056953916722449,0.08557308303061982,0.13612107072539303,0.372610454571742,0.4056953916722449,0.650820999727646
3203,0.4056953922783558,0.0855730801810888,0.13612106968456367,0.3726104578559915,0.4056953922783558,0.6508209975594056
3204,0.4056953928844667,0.08557307733155789,0.13612106864373413,0.37261046114024093,0.4056953928844667,0.6508209953911654
3205,0.4056953934905777,0.0855730744820269,0.13612106760290485,0.3726104644244904,0.4056953934905777,0.6508209932229254
3206,0.40569539409668853,0.08557307163249615,0.13612106656207534,0.37261046770873973,0.40569539409668853,0.6508209910546849
3207,0.40569539470279936,0.0855730687829654,0.13612106552124603,0.37261047099298905,0.40569539470279936,0.6508209888864447
3208,0.40569539530891,0.08557306593343465,0.13612106448041664,0.37261047427723837,0.40569539530891,0.6508209867182042
3209,0.40569539591502085,0.0855730630839041,0.1361210634395873,0.3726104775614877,0.40569539591502085,0.6508209845499643
3210,0.4056953965211315,0.0855730602343734,0.136121062398758,0.3726104808457369,0.4056953965211315,0.6508209823817239
3211,0.40569539712724234,0.0855730573848428,0.13612106135792887,0.37261048412998593,0.40569539712724234,0.6508209802134838
3212,0.40569539773335284,0.0855730545353123,0.13612106031709978,0.37261048741423497,0.40569539773335284,0.6508209780452434
3213,0.40569539833946344,0.08557305168578187,0.13612105927627052,0.37261049069848406,0.40569539833946344,0.6508209758770033
3214,0.40569539894557394,0.08557304883625143,0.13612105823544132,0.3726104939827331,0.40569539894557394,0.6508209737087631
3215,0.40569539955168443,0.08557304598672123,0.13612105719461223,0.3726104972669821,0.40569539955168443,0.6508209715405227
3216,0.4056954001577949,0.08557304313719082,0.13612105615378317,0.37261050055123096,0.4056954001577949,0.6508209693722823
3217,0.40569540076390537,0.08557304028766069,0.13612105511295405,0.37261050383547967,0.40569540076390537,0.650820967204042
3218,0.4056954013700159,0.08557303743813029,0.13612105407212513,0.3726105071197284,0.4056954013700159,0.6508209650358016
3219,0.40569540197612636,0.08557303458860019,0.1361210530312961,0.3726105104039772,0.40569540197612636,0.6508209628675619
3220,0.4056954025822365,0.08557303173907005,0.1361210519904673,0.3726105136882259,0.4056954025822365,0.6508209606993212
3221,0.40569540318834696,0.08557302888953992,0.13612105094963853,0.37261051697247455,0.40569540318834696,0.6508209585310814
3222,0.40569540379445707,0.08557302604000995,0.13612104990880955,0.3726105202567233,0.40569540379445707,0.6508209563628415
3223,0.4056954044005673,0.08557302319047992,0.13612104886798088,0.37261052354097174,0.4056954044005673,0.650820954194601
3224,0.40569540500667733,0.08557302034095016,0.1361210478271521,0.3726105268252202,0.40569540500667733,0.6508209520263606
3225,0.40569540561278755,0.08557301749142021,0.1361210467863232,0.3726105301094688,0.40569540561278755,0.6508209498581206
3226,0.4056954062188977,0.08557301464189052,0.1361210457454944,0.3726105333937173,0.4056954062188977,0.6508209476898805
3227,0.40569540682500765,0.08557301179236085,0.13612104470466568,0.3726105366779656,0.40569540682500765,0.6508209455216403
3228,0.40569540743111776,0.08557300894283108,0.13612104366383715,0.37261053996221405,0.40569540743111776,0.6508209433534005
3229,0.40569540803722764,0.08557300609330148,0.13612104262300845,0.3726105432464623,0.40569540803722764,0.6508209411851602
3230,0.40569540864333753,0.08557300324377178,0.13612104158217994,0.37261054653071063,0.40569540864333753,0.6508209390169204
3231,0.4056954092494474,0.08557300039424237,0.13612104054135143,0.3726105498149587,0.4056954092494474,0.65082093684868
3232,0.40569540985555713,0.08557299754471284,0.136121039500523,0.37261055309920693,0.40569540985555713,0.6508209346804398
3233,0.40569541046166696,0.0855729946951835,0.1361210384596944,0.372610556383455,0.40569541046166696,0.6508209325121996
3234,0.40569541106777673,0.08557299184565426,0.13612103741886591,0.37261055966770296,0.40569541106777673,0.6508209303439592
3235,0.4056954116738865,0.08557298899612496,0.13612103637803755,0.3726105629519509,0.4056954116738865,0.6508209281757198
3236,0.40569541227999617,0.0855729861465958,0.1361210353372091,0.3726105662361988,0.40569541227999617,0.65082092600748
3237,0.40569541288610583,0.08557298329706647,0.13612103429638064,0.37261056952044685,0.40569541288610583,0.6508209238392402
3238,0.4056954134922153,0.08557298044753747,0.1361210332555524,0.37261057280469473,0.4056954134922153,0.6508209216709995
3239,0.4056954140983246,0.08557297759800836,0.13612103221472427,0.37261057608894255,0.4056954140983246,0.6508209195027592
3240,0.4056954147044343,0.08557297474847926,0.13612103117389585,0.3726105793731906,0.4056954147044343,0.6508209173345201
3241,0.4056954153105437,0.08557297189895031,0.13612103013306753,0.3726105826574383,0.4056954153105437,0.6508209151662796
3242,0.405695415916653,0.0855729690494215,0.13612102909223936,0.37261058594168595,0.405695415916653,0.650820912998039
3243,0.4056954165227625,0.08557296619989263,0.13612102805141124,0.3726105892259336,0.4056954165227625,0.6508209108297991
3244,0.40569541712887197,0.08557296335036382,0.13612102701058304,0.37261059251018125,0.40569541712887197,0.6508209086615596
3245,0.4056954177349811,0.08557296050083504,0.1361210259697549,0.3726105957944289,0.4056954177349811,0.6508209064933195
3246,0.4056954183410903,0.08557295765130629,0.13612102492892691,0.37261059907867633,0.4056954183410903,0.6508209043250791
3247,0.40569541894719957,0.08557295480177764,0.1361210238880988,0.3726106023629238,0.40569541894719957,0.6508209021568392
3248,0.4056954195533088,0.08557295195224891,0.1361210228472707,0.3726106056471714,0.4056954195533088,0.6508208999885996
3249,0.4056954201594179,0.08557294910272034,0.13612102180644278,0.37261060893141856,0.4056954201594179,0.6508208978203593
3250,0.4056954207655271,0.08557294625319205,0.13612102076561472,0.372610612215666,0.4056954207655271,0.6508208956521194
3251,0.4056954213716361,0.08557294340366356,0.13612101972478682,0.3726106154999132,0.4056954213716361,0.6508208934838791
3252,0.4056954219777452,0.08557294055413524,0.13612101868395887,0.3726106187841605,0.4056954219777452,0.6508208913156395
3253,0.4056954225838544,0.08557293770460675,0.13612101764313106,0.3726106220684078,0.4056954225838544,0.6508208891473998
3254,0.40569542318996316,0.08557293485507841,0.13612101660230336,0.37261062535265493,0.40569542318996316,0.6508208869791597
3255,0.4056954237960721,0.08557293200555029,0.13612101556147563,0.3726106286369018,0.4056954237960721,0.6508208848109198
3256,0.405695424402181,0.08557292915602219,0.13612101452064784,0.3726106319211488,0.405695424402181,0.65082088264268
3257,0.4056954250082899,0.08557292630649407,0.13612101347982009,0.3726106352053958,0.4056954250082899,0.65082088047444
3258,0.4056954256143986,0.08557292345696596,0.13612101243899258,0.37261063848964265,0.4056954256143986,0.6508208783061997
3259,0.4056954262205076,0.08557292060743797,0.13612101139816485,0.37261064177388953,0.4056954262205076,0.6508208761379602
3260,0.40569542682661625,0.08557291775791005,0.13612101035733715,0.3726106450581361,0.40569542682661625,0.6508208739697201
3261,0.4056954274327251,0.08557291490838216,0.13612100931650964,0.37261064834238306,0.4056954274327251,0.6508208718014805
3262,0.4056954280388337,0.08557291205885424,0.13612100827568213,0.37261065162662965,0.4056954280388337,0.6508208696332405
3263,0.4056954286449423,0.08557290920932653,0.13612100723485457,0.3726106549108764,0.4056954286449423,0.6508208674650007
3264,0.40569542925105095,0.08557290635979875,0.13612100619402692,0.3726106581951233,0.40569542925105095,0.6508208652967613
3265,0.40569542985715956,0.08557290351027107,0.13612100515319955,0.3726106614793698,0.40569542985715956,0.650820863128521
3266,0.40569543046326806,0.08557290066074345,0.13612100411237205,0.3726106647636162,0.40569543046326806,0.650820860960281
3267,0.4056954310693767,0.08557289781121578,0.1361210030715447,0.3726106680478627,0.4056954310693767,0.6508208587920415
3268,0.405695431675485,0.08557289496168823,0.13612100203071728,0.3726106713321092,0.405695431675485,0.6508208566238014
3269,0.40569543228159344,0.08557289211216074,0.1361210009898901,0.3726106746163554,0.40569543228159344,0.6508208544555616
3270,0.40569543288770177,0.08557288926263346,0.13612099994906285,0.37261067790060176,0.40569543288770177,0.650820852287322
3271,0.4056954334938102,0.08557288641310591,0.13612099890823567,0.372610681184848,0.4056954334938102,0.6508208501190826
3272,0.40569543409991854,0.08557288356357871,0.1361209978674085,0.37261068446909423,0.40569543409991854,0.6508208479508428
3273,0.4056954347060267,0.08557288071405132,0.13612099682658124,0.3726106877533405,0.4056954347060267,0.6508208457826029
3274,0.4056954353121347,0.0855728778645243,0.13612099578575423,0.3726106910375865,0.4056954353121347,0.6508208436143627
3275,0.40569543591824286,0.08557287501499716,0.13612099474492706,0.37261069432183275,0.40569543591824286,0.6508208414461236
3276,0.40569543652435097,0.08557287216546994,0.1361209937041001,0.3726106976060787,0.40569543652435097,0.6508208392778836
3277,0.4056954371304591,0.08557286931594295,0.13612099266327307,0.37261070089032483,0.4056954371304591,0.6508208371096438
3278,0.40569543773656697,0.0855728664664159,0.13612099162244606,0.37261070417457076,0.40569543773656697,0.6508208349414037
3279,0.40569543834267496,0.08557286361688907,0.13612099058161906,0.37261070745881686,0.40569543834267496,0.6508208327731644
3280,0.40569543894878285,0.08557286076736219,0.1361209895407921,0.3726107107430626,0.40569543894878285,0.6508208306049242
3281,0.4056954395548909,0.08557285791783537,0.1361209884999652,0.37261071402730844,0.4056954395548909,0.6508208284366848
3282,0.40569544016099884,0.08557285506830863,0.13612098745913825,0.3726107173115543,0.40569544016099884,0.6508208262684458
3283,0.40569544076710634,0.08557285221878182,0.13612098641831152,0.3726107205958,0.40569544076710634,0.6508208241002054
3284,0.4056954413732143,0.08557284936925515,0.13612098537748477,0.37261072388004574,0.4056954413732143,0.6508208219319657
3285,0.40569544197932217,0.0855728465197284,0.13612098433665795,0.3726107271642914,0.40569544197932217,0.6508208197637264
3286,0.4056954425854299,0.08557284367020186,0.1361209832958311,0.37261073044853704,0.4056954425854299,0.6508208175954868
3287,0.4056954431915374,0.08557284082067526,0.13612098225500446,0.37261073373278253,0.4056954431915374,0.6508208154272465
3288,0.4056954437976452,0.08557283797114879,0.1361209812141778,0.37261073701702807,0.4056954437976452,0.6508208132590076
3289,0.4056954444037528,0.08557283512162255,0.13612098017335109,0.37261074030127345,0.4056954444037528,0.6508208110907678
3290,0.4056954450098604,0.08557283227209614,0.13612097913252444,0.37261074358551877,0.4056954450098604,0.6508208089225279
3291,0.40569544561596804,0.08557282942256984,0.13612097809169774,0.3726107468697642,0.40569544561596804,0.6508208067542885
3292,0.40569544622207543,0.08557282657304355,0.13612097705087142,0.37261075015400946,0.40569544622207543,0.6508208045860491
3293,0.40569544682818287,0.08557282372351739,0.13612097601004475,0.3726107534382547,0.40569544682818287,0.6508208024178094
3294,0.40569544743429037,0.08557282087399126,0.13612097496921824,0.3726107567225,0.40569544743429037,0.6508208002495699
3295,0.40569544804039764,0.0855728180244652,0.1361209739283918,0.37261076000674526,0.40569544804039764,0.6508207980813299
3296,0.4056954486465049,0.08557281517493928,0.1361209728875653,0.37261076329099035,0.4056954486465049,0.6508207959130904
3297,0.40569544925261225,0.08557281232541328,0.13612097184673894,0.37261076657523534,0.40569544925261225,0.6508207937448511
3298,0.40569544985871964,0.08557280947588729,0.13612097080591265,0.3726107698594804,0.40569544985871964,0.6508207915766114
3299,0.40569545046482686,0.08557280662636156,0.13612096976508617,0.3726107731437253,0.40569545046482686,0.650820789408372
3300,0.405695451070934,0.08557280377683567,0.13612096872426,0.37261077642797025,0.405695451070934,0.6508207872401321
3301,0.40569545167704113,0.08557280092730983,0.13612096768343376,0.3726107797122151,0.40569545167704113,0.6508207850718927
3302,0.40569545228314824,0.08557279807778422,0.13612096664260748,0.37261078299645994,0.40569545228314824,0.6508207829036535
3303,0.40569545288925524,0.08557279522825856,0.13612096560178125,0.37261078628070476,0.40569545288925524,0.6508207807354132
3304,0.4056954534953622,0.08557279237873301,0.13612096456095507,0.37261078956494953,0.4056954534953622,0.6508207785671745
3305,0.4056954541014691,0.08557278952920759,0.13612096352012895,0.37261079284919424,0.4056954541014691,0.6508207763989352
3306,0.405695454707576,0.08557278667968211,0.13612096247930297,0.3726107961334388,0.405695454707576,0.6508207742306955
3307,0.4056954553136828,0.08557278383015668,0.1361209614384769,0.3726107994176834,0.4056954553136828,0.6508207720624557
3308,0.40569545591978956,0.08557278098063131,0.13612096039765084,0.3726108027019281,0.40569545591978956,0.6508207698942163
3309,0.4056954565258961,0.08557277813110602,0.1361209593568249,0.37261080598617263,0.4056954565258961,0.650820767725977
3310,0.405695457132003,0.08557277528158076,0.1361209583159989,0.37261080927041706,0.405695457132003,0.6508207655577377
3311,0.4056954577381097,0.08557277243205554,0.13612095727517318,0.37261081255466133,0.4056954577381097,0.6508207633894981
3312,0.4056954583442165,0.08557276958253028,0.13612095623434736,0.37261081583890576,0.4056954583442165,0.6508207612212593
3313,0.40569545895032305,0.08557276673300535,0.1361209551935215,0.3726108191231499,0.40569545895032305,0.6508207590530191
3314,0.4056954595564297,0.08557276388348022,0.13612095415269557,0.3726108224073943,0.4056954595564297,0.6508207568847798
3315,0.4056954601625362,0.08557276103395517,0.13612095311186984,0.37261082569163856,0.4056954601625362,0.6508207547165403
3316,0.40569546076864266,0.08557275818443032,0.13612095207104405,0.3726108289758827,0.40569546076864266,0.6508207525483007
3317,0.4056954613747494,0.08557275533490537,0.13612095103021846,0.37261083226012687,0.4056954613747494,0.6508207503800619
3318,0.4056954619808556,0.08557275248538061,0.13612094998939267,0.3726108355443709,0.4056954619808556,0.6508207482118226
3319,0.405695462586962,0.08557274963585591,0.13612094894856694,0.37261083882861507,0.405695462586962,0.6508207460435829
3320,0.4056954631930683,0.08557274678633116,0.13612094790774137,0.37261084211285905,0.4056954631930683,0.6508207438753439
3321,0.4056954637991746,0.08557274393680649,0.13612094686691578,0.37261084539710293,0.4056954637991746,0.6508207417071039
3322,0.405695464405281,0.08557274108728195,0.13612094582609016,0.37261084868134686,0.405695464405281,0.6508207395388648
3323,0.4056954650113871,0.08557273823775732,0.13612094478526454,0.3726108519655907,0.4056954650113871,0.6508207373706253
3324,0.4056954656174933,0.08557273538823296,0.1361209437444391,0.37261085524983445,0.4056954656174933,0.650820735202386
3325,0.4056954662235995,0.08557273253870842,0.1361209427036135,0.37261085853407827,0.4056954662235995,0.6508207330341467
3326,0.4056954668297057,0.08557272968918396,0.13612094166278801,0.37261086181832215,0.4056954668297057,0.6508207308659079
3327,0.4056954674358117,0.08557272683965964,0.13612094062196278,0.37261086510256564,0.4056954674358117,0.6508207286976679
3328,0.4056954680419178,0.08557272399013538,0.13612093958113725,0.37261086838680946,0.4056954680419178,0.6508207265294292
3329,0.4056954686480238,0.08557272114061117,0.13612093854031196,0.37261087167105295,0.4056954686480238,0.6508207243611897
3330,0.40569546925412986,0.08557271829108698,0.1361209374994866,0.37261087495529643,0.40569546925412986,0.6508207221929508
3331,0.40569546986023575,0.08557271544156268,0.13612093645866152,0.37261087823953987,0.40569546986023575,0.6508207200247109
3332,0.4056954704663416,0.08557271259203873,0.13612093541783624,0.3726108815237833,0.4056954704663416,0.6508207178564716
3333,0.4056954710724474,0.08557270974251478,0.136120934377011,0.37261088480802673,0.4056954710724474,0.6508207156882331
3334,0.4056954716785531,0.08557270689299074,0.13612093333618577,0.37261088809227,0.4056954716785531,0.6508207135199935
3335,0.4056954722846591,0.08557270404346673,0.1361209322953608,0.37261089137651343,0.4056954722846591,0.6508207113517545
3336,0.4056954728907646,0.085572701193943,0.13612093125453553,0.37261089466075653,0.4056954728907646,0.6508207091835145
3337,0.4056954734968703,0.08557269834441915,0.13612093021371055,0.37261089794499985,0.4056954734968703,0.6508207070152755
3338,0.40569547410297596,0.08557269549489535,0.13612092917288549,0.3726109012292431,0.40569547410297596,0.6508207048470371
3339,0.4056954747090814,0.08557269264537166,0.13612092813206048,0.37261090451348633,0.4056954747090814,0.6508207026787975
3340,0.40569547531518696,0.08557268979584798,0.1361209270912356,0.37261090779772943,0.40569547531518696,0.6508207005105581
3341,0.4056954759212924,0.08557268694632453,0.1361209260504105,0.3726109110819723,0.4056954759212924,0.6508206983423188
3342,0.4056954765273978,0.08557268409680091,0.13612092500958575,0.37261091436621524,0.4056954765273978,0.6508206961740796
3343,0.40569547713350335,0.08557268124727736,0.1361209239687608,0.37261091765045834,0.40569547713350335,0.650820694005841
3344,0.4056954777396085,0.08557267839775404,0.13612092292793604,0.3726109209347013,0.4056954777396085,0.6508206918376012
3345,0.4056954783457138,0.08557267554823055,0.13612092188711128,0.37261092421894415,0.4056954783457138,0.650820689669362
3346,0.40569547895181907,0.08557267269870726,0.13612092084628657,0.37261092750318703,0.40569547895181907,0.6508206875011229
3347,0.40569547955792434,0.08557266984918392,0.1361209198054618,0.37261093078742974,0.40569547955792434,0.6508206853328842
3348,0.4056954801640295,0.08557266699966071,0.13612091876463708,0.37261093407167234,0.4056954801640295,0.6508206831646446
3349,0.4056954807701347,0.08557266415013752,0.13612091772381243,0.3726109373559151,0.4056954807701347,0.6508206809964054
3350,0.40569548137624006,0.08557266130061444,0.13612091668298779,0.37261094064015776,0.40569548137624006,0.6508206788281669
3351,0.40569548198234506,0.08557265845109144,0.13612091564216308,0.3726109439244003,0.40569548198234506,0.6508206766599276
3352,0.4056954825884502,0.08557265560156847,0.13612091460133863,0.3726109472086427,0.4056954825884502,0.6508206744916888
3353,0.40569548319455506,0.08557265275204567,0.13612091356051415,0.37261095049288506,0.40569548319455506,0.6508206723234491
3354,0.40569548380065995,0.08557264990252267,0.13612091251968964,0.3726109537771276,0.40569548380065995,0.6508206701552103
3355,0.405695484406765,0.08557264705299981,0.13612091147886507,0.37261095706137,0.405695484406765,0.6508206679869711
3356,0.4056954850128699,0.08557264420347713,0.13612091043804056,0.3726109603456122,0.4056954850128699,0.6508206658187322
3357,0.40569548561897484,0.08557264135395433,0.1361209093972161,0.3726109636298546,0.40569548561897484,0.6508206636504935
3358,0.4056954862250796,0.08557263850443168,0.13612090835639182,0.3726109669140967,0.4056954862250796,0.6508206614822543
3359,0.4056954868311845,0.08557263565490913,0.13612090731556736,0.37261097019833905,0.4056954868311845,0.6508206593140156
3360,0.40569548743728906,0.08557263280538668,0.1361209062747431,0.37261097348258104,0.40569548743728906,0.6508206571457762
3361,0.40569548804339356,0.08557262995586418,0.13612090523391895,0.3726109767668231,0.40569548804339356,0.6508206549775373
3362,0.4056954886494983,0.08557262710634171,0.13612090419309467,0.37261098005106524,0.4056954886494983,0.6508206528092984
3363,0.4056954892556028,0.0855726242568194,0.13612090315227046,0.3726109833353072,0.4056954892556028,0.650820650641059
3364,0.40569548986170745,0.08557262140729702,0.13612090211144626,0.37261098661954917,0.40569548986170745,0.6508206484728205
3365,0.405695490467812,0.08557261855777469,0.13612090107062222,0.372610989903791,0.405695490467812,0.6508206463045811
3366,0.40569549107391656,0.0855726157082526,0.13612090002979813,0.3726109931880327,0.40569549107391656,0.6508206441363424
3367,0.405695491680021,0.08557261285873051,0.13612089898897395,0.3726109964722744,0.405695491680021,0.6508206419681035
3368,0.4056954922861255,0.08557261000920825,0.1361208979481499,0.3726109997565161,0.4056954922861255,0.6508206397998642
3369,0.4056954928922298,0.08557260715968636,0.1361208969073259,0.3726110030407577,0.4056954928922298,0.6508206376316248
3370,0.40569549349833417,0.08557260431016417,0.13612089586650195,0.37261100632499955,0.40569549349833417,0.6508206354633865
3371,0.40569549410443845,0.08557260146064218,0.1361208948256779,0.3726110096092412,0.40569549410443845,0.6508206332951476
3372,0.40569549471054267,0.08557259861112038,0.136120893784854,0.3726110128934827,0.40569549471054267,0.6508206311269087
3373,0.40569549531664684,0.08557259576159852,0.13612089274403028,0.37261101617772424,0.40569549531664684,0.6508206289586698
3374,0.405695495922751,0.08557259291207674,0.1361208917032062,0.37261101946196584,0.405695495922751,0.6508206267904308
3375,0.4056954965288551,0.08557259006255498,0.13612089066238237,0.3726110227462072,0.4056954965288551,0.6508206246221924
3376,0.40569549713495917,0.08557258721303325,0.13612088962155877,0.3726110260304488,0.40569549713495917,0.6508206224539533
3377,0.405695497741063,0.08557258436351171,0.13612088858073493,0.3726110293146901,0.405695497741063,0.6508206202857142
3378,0.4056954983471673,0.08557258151399018,0.13612088753991106,0.3726110325989314,0.4056954983471673,0.6508206181174756
3379,0.4056954989532711,0.0855725786644685,0.13612088649908746,0.3726110358831726,0.4056954989532711,0.6508206159492362
3380,0.40569549955937506,0.08557257581494711,0.13612088545826392,0.3726110391674139,0.40569549955937506,0.6508206137809979
3381,0.40569550016547895,0.08557257296542556,0.13612088441744027,0.3726110424516552,0.40569550016547895,0.6508206116127591
3382,0.40569550077158273,0.08557257011590436,0.13612088337661654,0.37261104573589604,0.40569550077158273,0.6508206094445197
3383,0.4056955013776866,0.08557256726638296,0.13612088233579303,0.37261104902013725,0.4056955013776866,0.650820607276281
3384,0.4056955019837904,0.08557256441686162,0.13612088129496955,0.3726110523043783,0.4056955019837904,0.6508206051080426
3385,0.40569550258989406,0.08557256156734042,0.13612088025414606,0.3726110555886192,0.40569550258989406,0.6508206029398034
3386,0.40569550319599784,0.08557255871781912,0.1361208792133226,0.3726110588728602,0.40569550319599784,0.6508206007715647
3387,0.40569550380210134,0.08557255586829819,0.13612087817249913,0.3726110621571011,0.40569550380210134,0.6508205986033255
3388,0.4056955044082049,0.08557255301877721,0.13612087713167584,0.3726110654413419,0.4056955044082049,0.650820596435087
3389,0.4056955050143084,0.08557255016925631,0.13612087609085238,0.3726110687255828,0.4056955050143084,0.6508205942668482
3390,0.40569550562041184,0.08557254731973536,0.13612087505002907,0.37261107200982363,0.40569550562041184,0.6508205920986099
3391,0.4056955062265151,0.08557254447021444,0.1361208740092058,0.3726110752940644,0.4056955062265151,0.6508205899303708
3392,0.4056955068326184,0.08557254162069373,0.1361208729683825,0.3726110785783051,0.4056955068326184,0.6508205877621323
3393,0.40569550743872185,0.08557253877117307,0.13612087192755934,0.37261108186254577,0.40569550743872185,0.6508205855938939
3394,0.4056955080448251,0.08557253592165213,0.13612087088673622,0.3726110851467864,0.4056955080448251,0.6508205834256551
3395,0.4056955086509283,0.08557253307213153,0.13612086984591318,0.3726110884310268,0.4056955086509283,0.6508205812574159
3396,0.4056955092570315,0.08557253022261108,0.13612086880509006,0.3726110917152673,0.4056955092570315,0.6508205790891775
3397,0.40569550986313463,0.08557252737309066,0.13612086776426693,0.37261109499950756,0.40569550986313463,0.6508205769209388
3398,0.40569551046923785,0.08557252452357017,0.13612086672344395,0.3726110982837479,0.40569551046923785,0.6508205747526999
3399,0.4056955110753409,0.08557252167404965,0.13612086568262094,0.3726111015679882,0.4056955110753409,0.6508205725844616
3400,0.4056955116814441,0.0855725188245293,0.136120864641798,0.3726111048522285,0.4056955116814441,0.6508205704162227
3401,0.405695512287547,0.08557251597500888,0.13612086360097508,0.3726111081364688,0.405695512287547,0.6508205682479843
3402,0.40569551289365,0.08557251312548875,0.1361208625601522,0.37261111142070896,0.40569551289365,0.6508205660797459
3403,0.40569551349975297,0.08557251027596835,0.13612086151932945,0.3726111147049492,0.40569551349975297,0.650820563911507
3404,0.40569551410585597,0.08557250742644824,0.13612086047850652,0.3726111179891891,0.40569551410585597,0.6508205617432685
3405,0.405695514711959,0.08557250457692811,0.13612085943768362,0.37261112127342916,0.405695514711959,0.6508205595750303
3406,0.4056955153180618,0.08557250172740803,0.13612085839686086,0.3726111245576691,0.4056955153180618,0.6508205574067911
3407,0.4056955159241645,0.08557249887788804,0.13612085735603824,0.37261112784190903,0.4056955159241645,0.6508205552385526
3408,0.4056955165302673,0.08557249602836811,0.13612085631521545,0.37261113112614896,0.4056955165302673,0.6508205530703145
3409,0.40569551713637003,0.08557249317884828,0.13612085527439272,0.37261113441038873,0.40569551713637003,0.6508205509020755
3410,0.40569551774247287,0.08557249032932847,0.13612085423357004,0.3726111376946286,0.40569551774247287,0.6508205487338371
3411,0.4056955183485755,0.08557248747980858,0.1361208531927475,0.37261114097886827,0.4056955183485755,0.6508205465655987
3412,0.4056955189546779,0.085572484630289,0.13612085215192488,0.372611144263108,0.4056955189546779,0.6508205443973596
3413,0.40569551956078065,0.08557248178076922,0.13612085111110248,0.3726111475473476,0.40569551956078065,0.6508205422291209
3414,0.40569552016688315,0.0855724789312497,0.13612085007027985,0.37261115083158713,0.40569552016688315,0.6508205400608825
3415,0.4056955207729855,0.08557247608173009,0.1361208490294573,0.37261115411582685,0.4056955207729855,0.6508205378926442
3416,0.40569552137908804,0.08557247323221052,0.13612084798863497,0.3726111574000665,0.40569552137908804,0.6508205357244058
3417,0.40569552198519027,0.08557247038269102,0.13612084694781246,0.3726111606843059,0.40569552198519027,0.6508205335561668
3418,0.4056955225912927,0.08557246753317156,0.13612084590699003,0.3726111639685453,0.4056955225912927,0.6508205313879283
3419,0.4056955231973951,0.08557246468365223,0.1361208448661676,0.3726111672527848,0.4056955231973951,0.6508205292196902
3420,0.4056955238034973,0.08557246183413296,0.13612084382534545,0.37261117053702403,0.4056955238034973,0.6508205270514513
3421,0.40569552440959966,0.08557245898461378,0.136120842784523,0.3726111738212634,0.40569552440959966,0.6508205248832131
3422,0.40569552501570194,0.0855724561350945,0.13612084174370082,0.3726111771055027,0.40569552501570194,0.6508205227149748
3423,0.4056955256218039,0.08557245328557536,0.1361208407028787,0.3726111803897417,0.4056955256218039,0.6508205205467358
3424,0.4056955262279061,0.08557245043605609,0.13612083966205657,0.37261118367398105,0.4056955262279061,0.6508205183784981
3425,0.40569552683400817,0.08557244758653712,0.13612083862123453,0.37261118695822004,0.40569552683400817,0.6508205162102594
3426,0.4056955274401101,0.08557244473701824,0.13612083758041252,0.37261119024245914,0.4056955274401101,0.6508205140420209
3427,0.40569552804621206,0.08557244188749939,0.13612083653959045,0.37261119352669797,0.40569552804621206,0.6508205118737822
3428,0.4056955286523139,0.0855724390379806,0.13612083549876844,0.3726111968109369,0.4056955286523139,0.6508205097055438
3429,0.405695529258416,0.08557243618846161,0.13612083445794637,0.37261120009517584,0.405695529258416,0.6508205075373059
3430,0.40569552986451796,0.08557243333894292,0.13612083341712453,0.3726112033794146,0.40569552986451796,0.6508205053690672
3431,0.4056955304706196,0.08557243048942424,0.13612083237630254,0.3726112066636534,0.4056955304706196,0.650820503200829
3432,0.40569553107672135,0.0855724276399056,0.13612083133548053,0.3726112099478924,0.40569553107672135,0.6508205010325907
3433,0.40569553168282324,0.085572424790387,0.13612083029465863,0.3726112132321311,0.40569553168282324,0.6508204988643523
3434,0.40569553228892485,0.08557242194086853,0.13612082925383676,0.3726112165163698,0.40569553228892485,0.6508204966961141
3435,0.4056955328950264,0.08557241909135005,0.13612082821301497,0.3726112198006083,0.4056955328950264,0.6508204945278753
3436,0.405695533501128,0.08557241624183166,0.1361208271721932,0.372611223084847,0.405695533501128,0.650820492359637
3437,0.40569553410722964,0.08557241339231332,0.1361208261313714,0.37261122636908556,0.40569553410722964,0.6508204901913996
3438,0.4056955347133311,0.0855724105427952,0.13612082509054965,0.37261122965332405,0.4056955347133311,0.6508204880231607
3439,0.4056955353194326,0.08557240769327672,0.13612082404972808,0.3726112329375625,0.4056955353194326,0.6508204858549225
3440,0.40569553592553387,0.08557240484375864,0.1361208230089063,0.3726112362218009,0.40569553592553387,0.6508204836866842
3441,0.40569553653163537,0.08557240199424045,0.13612082196808473,0.37261123950603936,0.40569553653163537,0.6508204815184462
3442,0.4056955371377366,0.08557239914472244,0.13612082092726321,0.3726112427902775,0.4056955371377366,0.6508204793502071
3443,0.4056955377438382,0.08557239629520427,0.13612081988644167,0.37261124607451585,0.4056955377438382,0.6508204771819694
3444,0.40569553834993927,0.08557239344568647,0.13612081884562016,0.37261124935875395,0.40569553834993927,0.6508204750137307
3445,0.4056955389560406,0.08557239059616857,0.1361208178047986,0.3726112526429921,0.4056955389560406,0.6508204728454932
3446,0.40569553956214177,0.08557238774665066,0.13612081676397716,0.3726112559272304,0.40569553956214177,0.6508204706772548
3447,0.4056955401682427,0.08557238489713301,0.13612081572315574,0.3726112592114683,0.4056955401682427,0.6508204685090162
3448,0.40569554077434383,0.0855723820476151,0.13612081468233436,0.37261126249570653,0.40569554077434383,0.6508204663407778
3449,0.4056955413804449,0.08557237919809728,0.13612081364151304,0.3726112657799447,0.4056955413804449,0.6508204641725404
3450,0.40569554198654584,0.08557237634857978,0.13612081260069167,0.37261126906418246,0.40569554198654584,0.6508204620043014
3451,0.405695542592647,0.08557237349906213,0.13612081155987032,0.37261127234842045,0.405695542592647,0.6508204598360636
3452,0.4056955431987479,0.0855723706495446,0.13612081051904912,0.3726112756326583,0.4056955431987479,0.6508204576678253
3453,0.4056955438048487,0.08557236780002718,0.136120809478228,0.37261127891689594,0.4056955438048487,0.6508204554995869
3454,0.4056955444109495,0.08557236495050972,0.1361208084374068,0.37261128220113376,0.4056955444109495,0.6508204533313486
3455,0.4056955450170503,0.08557236210099231,0.13612080739658572,0.3726112854853715,0.4056955450170503,0.6508204511631107
3456,0.40569554562315097,0.08557235925147512,0.1361208063557645,0.37261128876960914,0.40569554562315097,0.650820448994872
3457,0.4056955462292518,0.08557235640195786,0.13612080531494344,0.3726112920538468,0.4056955462292518,0.6508204468266343
3458,0.40569554683535236,0.08557235355244071,0.13612080427412238,0.37261129533808435,0.40569554683535236,0.6508204446583961
3459,0.4056955474414531,0.08557235070292357,0.13612080323330125,0.37261129862232184,0.4056955474414531,0.650820442490158
3460,0.4056955480475537,0.08557234785340645,0.1361208021924802,0.3726113019065595,0.4056955480475537,0.6508204403219204
3461,0.4056955486536543,0.08557234500388926,0.13612080115165942,0.3726113051907968,0.4056955486536543,0.6508204381536824
3462,0.4056955492597549,0.0855723421543723,0.1361208001108385,0.3726113084750341,0.4056955492597549,0.6508204359854441
3463,0.40569554986585515,0.08557233930485547,0.13612079907001767,0.37261131175927154,0.40569554986585515,0.6508204338172057
3464,0.4056955504719557,0.08557233645533865,0.13612079802919666,0.37261131504350886,0.4056955504719557,0.6508204316489681
3465,0.40569555107805605,0.08557233360582174,0.13612079698837573,0.37261131832774613,0.40569555107805605,0.6508204294807298
3466,0.40569555168415644,0.08557233075630503,0.13612079594755502,0.37261132161198335,0.40569555168415644,0.650820427312492
3467,0.40569555229025683,0.0855723279067883,0.13612079490673432,0.3726113248962204,0.40569555229025683,0.6508204251442539
3468,0.4056955528963571,0.08557232505727161,0.13612079386591355,0.3726113281804576,0.4056955528963571,0.6508204229760157
3469,0.40569555350245734,0.08557232220775496,0.1361207928250928,0.3726113314646946,0.40569555350245734,0.6508204208077778
3470,0.40569555410855757,0.08557231935823831,0.13612079178427233,0.3726113347489317,0.40569555410855757,0.6508204186395399
3471,0.40569555471465757,0.08557231650872192,0.13612079074345157,0.37261133803316865,0.40569555471465757,0.6508204164713014
3472,0.40569555532075774,0.08557231365920535,0.13612078970263097,0.37261134131740564,0.40569555532075774,0.6508204143030634
3473,0.405695555926858,0.0855723108096889,0.1361207886618105,0.37261134460164236,0.405695555926858,0.6508204121348256
3474,0.40569555653295797,0.08557230796017257,0.13612078762098992,0.37261134788587924,0.40569555653295797,0.650820409966588
3475,0.405695557139058,0.08557230511065632,0.13612078658016954,0.3726113511701161,0.405695557139058,0.6508204077983497
3476,0.405695557745158,0.08557230226114011,0.13612078553934906,0.37261135445435284,0.405695557745158,0.6508204056301119
3477,0.405695558351258,0.08557229941162378,0.13612078449852877,0.37261135773858933,0.405695558351258,0.6508204034618738
3478,0.4056955589573576,0.08557229656210782,0.13612078345770834,0.37261136102282605,0.4056955589573576,0.6508204012936354
3479,0.4056955595634575,0.0855722937125916,0.13612078241688796,0.3726113643070627,0.4056955595634575,0.6508203991253978
3480,0.40569556016955727,0.08557229086307576,0.13612078137606762,0.37261136759129926,0.40569556016955727,0.6508203969571602
3481,0.40569556077565694,0.08557228801356004,0.13612078033524724,0.3726113708755357,0.40569556077565694,0.650820394788922
3482,0.4056955613817567,0.0855722851640439,0.1361207792944271,0.37261137415977225,0.4056955613817567,0.650820392620684
3483,0.4056955619878561,0.08557228231452826,0.13612077825360683,0.37261137744400846,0.4056955619878561,0.6508203904524453
3484,0.4056955625939559,0.08557227946501234,0.13612077721278665,0.37261138072824507,0.4056955625939559,0.6508203882842085
3485,0.4056955632000553,0.08557227661549652,0.13612077617196672,0.3726113840124813,0.4056955632000553,0.6508203861159702
3486,0.40569556380615474,0.08557227376598103,0.13612077513114657,0.37261138729671744,0.40569556380615474,0.6508203839477322
3487,0.4056955644122543,0.0855722709164653,0.13612077409032652,0.3726113905809539,0.4056955644122543,0.6508203817794951
3488,0.4056955650183538,0.08557226806694977,0.13612077304950648,0.3726113938651899,0.4056955650183538,0.6508203796112572
3489,0.4056955656244531,0.08557226521743425,0.13612077200868652,0.37261139714942587,0.4056955656244531,0.6508203774430189
3490,0.40569556623055253,0.08557226236791876,0.1361207709678665,0.372611400433662,0.40569556623055253,0.650820375274781
3491,0.40569556683665187,0.0855722595184033,0.1361207699270465,0.372611403717898,0.40569556683665187,0.6508203731065432
3492,0.40569556744275115,0.08557225666888792,0.13612076888622657,0.37261140700213413,0.40569556744275115,0.650820370938306
3493,0.40569556804885043,0.08557225381937258,0.1361207678454069,0.37261141028636996,0.40569556804885043,0.6508203687700677
3494,0.40569556865494955,0.08557225096985743,0.13612076680458712,0.3726114135706058,0.40569556865494955,0.65082036660183
3495,0.40569556926104866,0.08557224812034228,0.1361207657637672,0.37261141685484167,0.40569556926104866,0.6508203644335919
3496,0.4056955698671477,0.08557224527082695,0.1361207647229476,0.37261142013907744,0.4056955698671477,0.6508203622653543
3497,0.40569557047324695,0.08557224242131208,0.13612076368212775,0.3726114234233131,0.40569557047324695,0.6508203600971167
3498,0.40569557107934584,0.08557223957179703,0.1361207626413081,0.3726114267075488,0.40569557107934584,0.6508203579288788
3499,0.40569557168544484,0.085572236722282,0.13612076160048842,0.3726114299917846,0.40569557168544484,0.650820355760641
3500,0.40569557229154374,0.085572233872767,0.13612076055966899,0.37261143327602014,0.40569557229154374,0.6508203535924033
3501,0.4056955728976426,0.08557223102325219,0.13612075951884925,0.3726114365602557,0.4056955728976426,0.6508203514241654
3502,0.4056955735037414,0.08557222817373758,0.13612075847802962,0.37261143984449124,0.4056955735037414,0.6508203492559279
3503,0.4056955741098403,0.08557222532422264,0.13612075743721014,0.3726114431287266,0.4056955741098403,0.6508203470876903
3504,0.4056955747159392,0.08557222247470783,0.13612075639639074,0.37261144641296207,0.4056955747159392,0.650820344919453
3505,0.4056955753220379,0.08557221962519333,0.13612075535557128,0.3726114496971974,0.4056955753220379,0.6508203427512147
3506,0.4056955759281365,0.08557221677567874,0.13612075431475187,0.37261145298143267,0.4056955759281365,0.6508203405829769
3507,0.40569557653423527,0.08557221392616425,0.1361207532739324,0.3726114562656679,0.40569557653423527,0.6508203384147393
3508,0.40569557714033394,0.08557221107664982,0.13612075223311285,0.3726114595499032,0.40569557714033394,0.6508203362465019
3509,0.4056955777464325,0.08557220822713527,0.1361207511922934,0.3726114628341386,0.4056955777464325,0.6508203340782639
3510,0.405695578352531,0.08557220537762081,0.13612075015147415,0.37261146611837376,0.405695578352531,0.6508203319100265
3511,0.4056955789586296,0.08557220252810654,0.13612074911065492,0.37261146940260875,0.4056955789586296,0.6508203297417887
3512,0.4056955795647282,0.08557219967859227,0.13612074806983548,0.3726114726868438,0.4056955795647282,0.650820327573551
3513,0.4056955801708265,0.08557219682907806,0.13612074702901633,0.37261147597107874,0.4056955801708265,0.6508203254053135
3514,0.405695580776925,0.08557219397956388,0.13612074598819726,0.3726114792553138,0.405695580776925,0.650820323237076
3515,0.4056955813830232,0.0855721911300498,0.136120744947378,0.3726114825395486,0.4056955813830232,0.6508203210688385
3516,0.4056955819891214,0.08557218828053584,0.136120743906559,0.3726114858237834,0.4056955819891214,0.6508203189006
3517,0.40569558259521993,0.08557218543102173,0.1361207428657398,0.37261148910801845,0.40569558259521993,0.6508203167323633
3518,0.40569558320131793,0.08557218258150788,0.1361207418249208,0.37261149239225316,0.40569558320131793,0.6508203145641251
3519,0.40569558380741616,0.08557217973199394,0.13612074078410186,0.3726114956764878,0.40569558380741616,0.6508203123958878
3520,0.4056955844135143,0.08557217688248007,0.13612073974328281,0.37261149896072254,0.4056955844135143,0.6508203102276502
3521,0.4056955850196124,0.08557217403296635,0.13612073870246383,0.3726115022449573,0.4056955850196124,0.6508203080594127
3522,0.4056955856257104,0.08557217118345252,0.13612073766164498,0.3726115055291918,0.4056955856257104,0.6508203058911758
3523,0.4056955862318084,0.08557216833393883,0.1361207366208262,0.3726115088134264,0.4056955862318084,0.6508203037229379
3524,0.4056955868379062,0.08557216548442526,0.13612073558000723,0.372611512097661,0.4056955868379062,0.6508203015547
3525,0.4056955874440041,0.08557216263491167,0.13612073453918852,0.37261151538189563,0.4056955874440041,0.6508202993864629
3526,0.4056955880501018,0.08557215978539827,0.13612073349836984,0.37261151866612996,0.4056955880501018,0.6508202972182251
3527,0.40569558865619965,0.08557215693588488,0.13612073245755096,0.37261152195036434,0.40569558865619965,0.6508202950499877
3528,0.4056955892622974,0.08557215408637132,0.13612073141673217,0.37261152523459884,0.4056955892622974,0.6508202928817504
3529,0.40569558986839505,0.08557215123685807,0.1361207303759137,0.37261152851883306,0.40569558986839505,0.6508202907135128
3530,0.4056955904744927,0.08557214838734466,0.13612072933509511,0.3726115318030674,0.4056955904744927,0.6508202885452752
3531,0.4056955910805904,0.08557214553783156,0.13612072829427638,0.37261153508730144,0.4056955910805904,0.6508202863770376
3532,0.4056955916866881,0.08557214268831836,0.1361207272534577,0.37261153837153554,0.4056955916866881,0.6508202842088004
3533,0.4056955922927856,0.08557213983880538,0.13612072621263918,0.37261154165576965,0.4056955922927856,0.6508202820405626
3534,0.4056955928988833,0.08557213698929214,0.13612072517182067,0.3726115449400038,0.4056955928988833,0.6508202798723258
3535,0.4056955935049807,0.0855721341397793,0.13612072413100207,0.3726115482242377,0.4056955935049807,0.6508202777040881
3536,0.4056955941110783,0.08557213129026618,0.1361207230901836,0.37261155150847175,0.4056955941110783,0.6508202755358508
3537,0.40569559471717576,0.08557212844075339,0.13612072204936518,0.3726115547927056,0.40569559471717576,0.6508202733676137
3538,0.40569559532327293,0.08557212559124062,0.13612072100854683,0.37261155807693935,0.40569559532327293,0.6508202711993756
3539,0.40569559592937027,0.08557212274172789,0.13612071996772857,0.3726115613611732,0.40569559592937027,0.6508202690311383
3540,0.4056955965354676,0.08557211989221514,0.13612071892691022,0.37261156464540685,0.4056955965354676,0.6508202668629015
3541,0.4056955971415648,0.08557211704270253,0.13612071788609195,0.3726115679296406,0.4056955971415648,0.6508202646946639
3542,0.405695597747662,0.08557211419318984,0.13612071684527363,0.3726115712138744,0.405695597747662,0.6508202625264266
3543,0.4056955983537591,0.0855721113436774,0.13612071580445542,0.37261157449810806,0.4056955983537591,0.650820260358189
3544,0.40569559895985624,0.08557210849416479,0.13612071476363713,0.3726115777823418,0.40569559895985624,0.650820258189952
3545,0.4056955995659532,0.08557210564465241,0.13612071372281895,0.3726115810665753,0.4056955995659532,0.6508202560217144
3546,0.4056956001720502,0.0855721027951399,0.1361207126820009,0.37261158435080877,0.4056956001720502,0.6508202538534774
3547,0.4056956007781472,0.08557209994562784,0.13612071164118272,0.3726115876350422,0.4056956007781472,0.6508202516852399
3548,0.4056956013842441,0.0855720970961155,0.13612071060036462,0.37261159091927565,0.4056956013842441,0.6508202495170027
3549,0.4056956019903409,0.08557209424660316,0.1361207095595467,0.372611594203509,0.4056956019903409,0.6508202473487653
3550,0.4056956025964378,0.08557209139709095,0.13612070851872876,0.3726115974877423,0.4056956025964378,0.6508202451805281
3551,0.4056956032025345,0.08557208854757883,0.13612070747791077,0.3726116007719757,0.4056956032025345,0.6508202430122908
3552,0.4056956038086312,0.08557208569806686,0.13612070643709293,0.37261160405620897,0.4056956038086312,0.6508202408440532
3553,0.40569560441472785,0.08557208284855482,0.136120705396275,0.37261160734044213,0.40569560441472785,0.6508202386758156
3554,0.4056956050208246,0.08557207999904294,0.13612070435545712,0.3726116106246753,0.4056956050208246,0.6508202365075788
3555,0.4056956056269212,0.08557207714953105,0.13612070331463935,0.3726116139089083,0.4056956056269212,0.6508202343393412
3556,0.4056956062330178,0.08557207430001906,0.13612070227382161,0.3726116171931414,0.4056956062330178,0.6508202321711043
3557,0.4056956068391144,0.08557207145050717,0.1361207012330038,0.37261162047737423,0.4056956068391144,0.6508202300028667
3558,0.40569560744521105,0.08557206860099532,0.1361207001921861,0.37261162376160717,0.40569560744521105,0.6508202278346298
3559,0.4056956080513075,0.08557206575148364,0.1361206991513686,0.3726116270458401,0.4056956080513075,0.6508202256663929
3560,0.40569560865740395,0.08557206290197206,0.1361206981105509,0.3726116303300729,0.40569560865740395,0.6508202234981555
3561,0.4056956092635004,0.08557206005246051,0.13612069706973332,0.3726116336143057,0.4056956092635004,0.6508202213299186
3562,0.4056956098695967,0.08557205720294897,0.1361206960289157,0.3726116368985386,0.4056956098695967,0.6508202191616812
3563,0.40569561047569286,0.0855720543534375,0.1361206949880982,0.37261164018277126,0.40569561047569286,0.650820216993444
3564,0.40569561108178925,0.08557205150392604,0.13612069394728066,0.3726116434670038,0.40569561108178925,0.6508202148252068
3565,0.4056956116878854,0.0855720486544146,0.1361206929064632,0.37261164675123654,0.4056956116878854,0.6508202126569695
3566,0.4056956122939818,0.08557204580490334,0.13612069186564568,0.37261165003546903,0.4056956122939818,0.6508202104887326
3567,0.40569561290007794,0.08557204295539197,0.13612069082482825,0.3726116533197016,0.40569561290007794,0.6508202083204954
3568,0.4056956135061741,0.08557204010588078,0.13612068978401098,0.372611656603934,0.4056956135061741,0.6508202061522584
3569,0.40569561411227023,0.08557203725636968,0.1361206887431936,0.37261165988816647,0.40569561411227023,0.6508202039840212
3570,0.4056956147183663,0.08557203440685847,0.13612068770237634,0.3726116631723988,0.4056956147183663,0.6508202018157843
3571,0.40569561532446224,0.08557203155734751,0.13612068666155897,0.3726116664566312,0.40569561532446224,0.6508201996475471
3572,0.40569561593055825,0.0855720287078366,0.13612068562074156,0.37261166974086357,0.40569561593055825,0.6508201974793102
3573,0.40569561653665415,0.0855720258583255,0.13612068457992454,0.37261167302509585,0.40569561653665415,0.6508201953110729
3574,0.40569561714274976,0.08557202300881468,0.13612068353910736,0.3726116763093279,0.40569561714274976,0.6508201931428357
3575,0.4056956177488457,0.08557202015930385,0.1361206824982903,0.37261167959355995,0.4056956177488457,0.6508201909745988
3576,0.40569561835494145,0.0855720173097932,0.13612068145747314,0.3726116828777921,0.40569561835494145,0.6508201888063618
3577,0.40569561896103723,0.08557201446028254,0.13612068041665595,0.37261168616202417,0.40569561896103723,0.6508201866381247
3578,0.40569561956713285,0.08557201161077183,0.136120679375839,0.3726116894462561,0.40569561956713285,0.6508201844698875
3579,0.40569562017322863,0.08557200876126106,0.136120678335022,0.372611692730488,0.40569562017322863,0.6508201823016506
3580,0.40569562077932425,0.08557200591175065,0.13612067729420496,0.37261169601471994,0.40569562077932425,0.6508201801334137
3581,0.4056956213854198,0.08557200306224018,0.13612067625338797,0.3726116992989519,0.4056956213854198,0.6508201779651767
3582,0.4056956219915153,0.08557200021272979,0.13612067521257107,0.37261170258318366,0.4056956219915153,0.6508201757969396
3583,0.4056956225976106,0.08557199736321942,0.1361206741717542,0.37261170586741543,0.4056956225976106,0.6508201736287023
3584,0.4056956232037061,0.08557199451370916,0.1361206731309372,0.37261170915164726,0.4056956232037061,0.6508201714604656
3585,0.40569562380980156,0.08557199166419896,0.13612067209012038,0.37261171243587893,0.40569562380980156,0.650820169292229
3586,0.40569562441589685,0.08557198881468864,0.13612067104930362,0.37261171572011065,0.40569562441589685,0.6508201671239924
3587,0.4056956250219922,0.08557198596517858,0.13612067000848682,0.3726117190043423,0.4056956250219922,0.6508201649557551
3588,0.4056956256280875,0.0855719831156685,0.1361206689676701,0.3726117222885738,0.4056956256280875,0.6508201627875179
3589,0.4056956262341827,0.08557198026615843,0.13612066792685346,0.3726117255728052,0.4056956262341827,0.6508201606192809
3590,0.40569562684027793,0.08557197741664836,0.13612066688603683,0.3726117288570367,0.40569562684027793,0.6508201584510438
3591,0.40569562744637333,0.08557197456713843,0.13612066584522015,0.3726117321412681,0.40569562744637333,0.6508201562828075
3592,0.4056956280524684,0.08557197171762844,0.13612066480440363,0.3726117354254993,0.4056956280524684,0.6508201541145706
3593,0.4056956286585633,0.08557196886811874,0.13612066376358703,0.3726117387097307,0.4056956286585633,0.6508201519463332
3594,0.40569562926465846,0.08557196601860893,0.1361206627227705,0.37261174199396196,0.40569562926465846,0.6508201497780965
3595,0.40569562987075336,0.08557196316909912,0.13612066168195408,0.3726117452781932,0.40569562987075336,0.6508201476098596
3596,0.4056956304768483,0.08557196031958951,0.1361206606411376,0.37261174856242446,0.4056956304768483,0.6508201454416229
3597,0.4056956310829432,0.08557195747007994,0.1361206596003211,0.37261175184665557,0.4056956310829432,0.6508201432733861
3598,0.4056956316890381,0.08557195462057046,0.13612065855950461,0.3726117551308867,0.4056956316890381,0.6508201411051495
3599,0.40569563229513284,0.08557195177106088,0.1361206575186885,0.37261175841511784,0.40569563229513284,0.6508201389369126
3600,0.4056956329012275,0.08557194892155148,0.13612065647787222,0.3726117616993488,0.4056956329012275,0.6508201367686755
3601,0.4056956335073222,0.08557194607204212,0.13612065543705576,0.3726117649835797,0.4056956335073222,0.6508201346004389
3602,0.4056956341134169,0.08557194322253273,0.13612065439623952,0.37261176826781073,0.4056956341134169,0.650820132432202
3603,0.40569563471951153,0.08557194037302351,0.13612065335542337,0.37261177155204145,0.40569563471951153,0.6508201302639649
3604,0.40569563532560615,0.0855719375235142,0.13612065231460718,0.3726117748362724,0.40569563532560615,0.6508201280957282
3605,0.40569563593170077,0.08557193467400495,0.13612065127379105,0.37261177812050317,0.40569563593170077,0.6508201259274917
3606,0.4056956365377953,0.08557193182449602,0.13612065023297484,0.3726117814047338,0.4056956365377953,0.6508201237592549
3607,0.4056956371438896,0.08557192897498692,0.13612064919215874,0.37261178468896444,0.4056956371438896,0.6508201215910181
3608,0.4056956377499842,0.08557192612547782,0.13612064815134278,0.37261178797319516,0.4056956377499842,0.6508201194227818
3609,0.4056956383560787,0.08557192327596892,0.13612064711052677,0.3726117912574256,0.4056956383560787,0.6508201172545445
3610,0.40569563896217303,0.08557192042646003,0.13612064606971086,0.37261179454165605,0.40569563896217303,0.6508201150863075
3611,0.40569563956826726,0.08557191757695115,0.13612064502889487,0.3726117978258864,0.40569563956826726,0.6508201129180708
3612,0.40569564017436166,0.08557191472744242,0.13612064398807874,0.37261180111011677,0.40569564017436166,0.6508201107498344
3613,0.40569564078045595,0.08557191187793364,0.136120642947263,0.3726118043943472,0.40569564078045595,0.6508201085815974
3614,0.4056956413865503,0.08557190902842497,0.13612064190644718,0.37261180767857754,0.4056956413865503,0.650820106413361
3615,0.4056956419926443,0.08557190617891632,0.13612064086563141,0.3726118109628077,0.4056956419926443,0.650820104245124
3616,0.4056956425987385,0.08557190332940764,0.13612063982481562,0.3726118142470381,0.4056956425987385,0.6508201020768878
3617,0.4056956432048325,0.08557190047989927,0.13612063878399994,0.37261181753126804,0.4056956432048325,0.6508200999086508
3618,0.40569564381092654,0.08557189763039076,0.13612063774318414,0.3726118208154983,0.40569564381092654,0.6508200977404142
3619,0.4056956444170206,0.08557189478088242,0.13612063670236843,0.3726118240997285,0.4056956444170206,0.6508200955721781
3620,0.40569564502311445,0.08557189193137392,0.1361206356615529,0.3726118273839584,0.40569564502311445,0.650820093403941
3621,0.40569564562920846,0.08557188908186576,0.13612063462073726,0.3726118306681885,0.40569564562920846,0.6508200912357043
3622,0.40569564623530224,0.08557188623235755,0.13612063357992168,0.3726118339524183,0.40569564623530224,0.6508200890674676
3623,0.40569564684139614,0.08557188338284935,0.13612063253910625,0.37261183723664826,0.40569564684139614,0.6508200868992313
3624,0.40569564744748987,0.08557188053334117,0.13612063149829084,0.3726118405208781,0.40569564744748987,0.6508200847309948
3625,0.4056956480535837,0.08557187768383324,0.13612063045747524,0.3726118438051078,0.4056956480535837,0.650820082562758
3626,0.40569564865967717,0.0855718748343253,0.13612062941665976,0.3726118470893375,0.40569564865967717,0.6508200803945214
3627,0.4056956492657709,0.08557187198481743,0.1361206283758444,0.37261185037356714,0.4056956492657709,0.650820078226285
3628,0.40569564987186457,0.08557186913530948,0.13612062733502894,0.37261185365779675,0.40569564987186457,0.6508200760580481
3629,0.4056956504779581,0.08557186628580152,0.1361206262942137,0.37261185694202636,0.4056956504779581,0.6508200738898116
3630,0.40569565108405164,0.08557186343629379,0.13612062525339835,0.3726118602262559,0.40569565108405164,0.6508200717215754
3631,0.40569565169014515,0.08557186058678605,0.1361206242125832,0.3726118635104854,0.40569565169014515,0.6508200695533386
3632,0.4056956522962388,0.08557185773727823,0.13612062317176782,0.372611866794715,0.4056956522962388,0.6508200673851028
3633,0.4056956529023322,0.0855718548877706,0.13612062213095263,0.3726118700789444,0.4056956529023322,0.6508200652168662
3634,0.40569565350842557,0.08557185203826302,0.13612062109013756,0.3726118733631737,0.40569565350842557,0.6508200630486292
3635,0.40569565411451886,0.08557184918875549,0.13612062004932235,0.372611876647403,0.40569565411451886,0.6508200608803928
3636,0.40569565472061214,0.08557184633924812,0.13612061900850725,0.3726118799316324,0.40569565472061214,0.6508200587121564
3637,0.4056956553267053,0.0855718434897406,0.1361206179676922,0.3726118832158617,0.4056956553267053,0.65082005654392
3638,0.4056956559327985,0.08557184064023332,0.1361206169268772,0.37261188650009075,0.4056956559327985,0.6508200543756829
3639,0.40569565653889167,0.08557183779072597,0.13612061588606228,0.37261188978431997,0.40569565653889167,0.650820052207447
3640,0.4056956571449847,0.08557183494121869,0.13612061484524732,0.3726118930685491,0.4056956571449847,0.6508200500392106
3641,0.40569565775107774,0.08557183209171157,0.13612061380443224,0.37261189635277814,0.40569565775107774,0.6508200478709741
3642,0.40569565835717075,0.08557182924220451,0.13612061276361734,0.3726118996370072,0.40569565835717075,0.6508200457027374
3643,0.40569565896326376,0.08557182639269743,0.13612061172280254,0.37261190292123614,0.40569565896326376,0.6508200435345011
3644,0.40569565956935666,0.08557182354319036,0.1361206106819877,0.3726119062054652,0.40569565956935666,0.650820041366265
3645,0.40569566017544956,0.08557182069368356,0.13612060964117279,0.372611909489694,0.40569566017544956,0.6508200391980286
3646,0.40569566078154246,0.08557181784417654,0.13612060860035793,0.3726119127739228,0.40569566078154246,0.6508200370297921
3647,0.40569566138763524,0.08557181499466951,0.1361206075595432,0.3726119160581517,0.40569566138763524,0.6508200348615556
3648,0.405695661993728,0.08557181214516281,0.13612060651872857,0.37261191934238036,0.405695661993728,0.6508200326933193
3649,0.40569566259982076,0.08557180929565618,0.13612060547791371,0.3726119226266091,0.40569566259982076,0.6508200305250826
3650,0.4056956632059134,0.08557180644614948,0.13612060443709917,0.37261192591083775,0.4056956632059134,0.6508200283568462
3651,0.40569566381200617,0.08557180359664285,0.1361206033962845,0.3726119291950664,0.40569566381200617,0.6508200261886102
3652,0.4056956644180987,0.08557180074713615,0.13612060235546986,0.3726119324792951,0.4056956644180987,0.6508200240203742
3653,0.40569566502419113,0.08557179789762975,0.13612060131465542,0.3726119357635235,0.40569566502419113,0.6508200218521375
3654,0.4056956656302836,0.08557179504812318,0.13612060027384093,0.372611939047752,0.4056956656302836,0.6508200196839014
3655,0.40569566623637604,0.08557179219861687,0.13612059923302638,0.37261194233198053,0.40569566623637604,0.6508200175156647
3656,0.4056956668424686,0.08557178934911036,0.13612059819221195,0.372611945616209,0.4056956668424686,0.6508200153474288
3657,0.4056956674485609,0.08557178649960412,0.13612059715139752,0.37261194890043725,0.4056956674485609,0.6508200131791922
3658,0.4056956680546531,0.08557178365009774,0.1361205961105833,0.3726119521846656,0.4056956680546531,0.6508200110109558
3659,0.40569566866074547,0.08557178080059143,0.13612059506976887,0.372611955468894,0.40569566866074547,0.65082000884272
3660,0.4056956692668377,0.08557177795108528,0.1361205940289546,0.3726119587531222,0.4056956692668377,0.6508200066744836
3661,0.40569566987292993,0.08557177510157916,0.1361205929881404,0.37261196203735036,0.40569566987292993,0.6508200045062478
3662,0.40569567047902205,0.08557177225207323,0.13612059194732615,0.3726119653215785,0.40569567047902205,0.6508200023380113
3663,0.40569567108511406,0.08557176940256722,0.13612059090651193,0.37261196860580664,0.40569567108511406,0.6508200001697751
3664,0.4056956716912062,0.0855717665530613,0.1361205898656977,0.37261197189003475,0.4056956716912062,0.6508199980015386
3665,0.40569567229729825,0.08557176370355543,0.13612058882488348,0.3726119751742627,0.40569567229729825,0.6508199958333025
3666,0.40569567290339026,0.08557176085404963,0.1361205877840693,0.3726119784584906,0.40569567290339026,0.650819993665066
3667,0.4056956735094823,0.08557175800454385,0.13612058674325533,0.37261198174271853,0.4056956735094823,0.65081999149683
3668,0.4056956741155744,0.085571755155038,0.13612058570244118,0.37261198502694637,0.4056956741155744,0.6508199893285939
3669,0.40569567472166623,0.08557175230553224,0.13612058466162735,0.3726119883111741,0.40569567472166623,0.6508199871603574
3670,0.4056956753277581,0.08557174945602673,0.13612058362081325,0.37261199159540187,0.4056956753277581,0.6508199849921212
3671,0.40569567593384986,0.08557174660652106,0.13612058257999934,0.3726119948796294,0.40569567593384986,0.650819982823885
3672,0.40569567653994165,0.08557174375701572,0.13612058153918535,0.37261199816385704,0.40569567653994165,0.6508199806556492
3673,0.40569567714603355,0.08557174090751032,0.13612058049837147,0.3726120014480846,0.40569567714603355,0.6508199784874127
3674,0.4056956777521252,0.08557173805800486,0.1361205794575576,0.372612004732312,0.4056956777521252,0.650819976319177
3675,0.405695678358217,0.08557173520849956,0.13612057841674388,0.37261200801653943,0.405695678358217,0.6508199741509404
3676,0.4056956789643086,0.08557173235899418,0.13612057737593022,0.3726120113007669,0.4056956789643086,0.6508199719827044
3677,0.40569567957040015,0.0855717295094889,0.1361205763351164,0.37261201458499416,0.40569567957040015,0.6508199698144681
3678,0.40569568017649177,0.08557172665998375,0.13612057529430266,0.37261201786922166,0.40569568017649177,0.6508199676462323
3679,0.40569568078258306,0.08557172381047863,0.13612057425348897,0.37261202115344905,0.40569568078258306,0.650819965477996
3680,0.4056956813886745,0.08557172096097367,0.1361205732126754,0.37261202443767627,0.4056956813886745,0.6508199633097604
3681,0.40569568199476597,0.08557171811146863,0.13612057217186185,0.3726120277219035,0.40569568199476597,0.6508199611415245
3682,0.40569568260085714,0.08557171526196378,0.13612057113104828,0.37261203100613055,0.40569568260085714,0.6508199589732879
3683,0.4056956832069486,0.08557171241245883,0.13612057009023468,0.3726120342903577,0.4056956832069486,0.6508199568050519
3684,0.4056956838130399,0.08557170956295394,0.1361205690494212,0.37261203757458483,0.4056956838130399,0.650819954636816
3685,0.4056956844191311,0.08557170671344907,0.13612056800860778,0.37261204085881194,0.4056956844191311,0.6508199524685803
3686,0.40569568502522224,0.08557170386394437,0.13612056696779434,0.3726120441430388,0.40569568502522224,0.650819950300344
3687,0.4056956856313134,0.08557170101443963,0.13612056592698105,0.37261204742726567,0.4056956856313134,0.6508199481321076
3688,0.4056956862374046,0.08557169816493497,0.13612056488616758,0.3726120507114927,0.4056956862374046,0.6508199459638724
3689,0.4056956868434958,0.08557169531543052,0.13612056384535418,0.37261205399571945,0.4056956868434958,0.6508199437956359
3690,0.4056956874495869,0.08557169246592586,0.13612056280454107,0.3726120572799462,0.4056956874495869,0.6508199416274001
3691,0.4056956880556778,0.0855716896164215,0.1361205617637276,0.37261206056417284,0.4056956880556778,0.650819939459164
3692,0.4056956886617688,0.08557168676691719,0.13612056072291434,0.37261206384839946,0.4056956886617688,0.650819937290928
3693,0.40569568926785976,0.08557168391741277,0.1361205596821012,0.3726120671326261,0.40569568926785976,0.650819935122692
3694,0.4056956898739506,0.08557168106790847,0.13612055864128814,0.37261207041685257,0.4056956898739506,0.650819932954456
3695,0.40569569048004167,0.0855716782184042,0.13612055760047487,0.3726120737010791,0.40569569048004167,0.6508199307862206
3696,0.40569569108613246,0.0855716753689,0.13612055655966177,0.37261207698530563,0.40569569108613246,0.6508199286179842
3697,0.4056956916922232,0.08557167251939593,0.13612055551884866,0.37261208026953213,0.4056956916922232,0.6508199264497481
3698,0.405695692298314,0.08557166966989184,0.13612055447803553,0.3726120835537585,0.405695692298314,0.6508199242815123
3699,0.4056956929044046,0.08557166682038783,0.1361205534372225,0.37261208683798475,0.4056956929044046,0.6508199221132762
3700,0.4056956935104953,0.08557166397088382,0.13612055239640963,0.3726120901222112,0.4056956935104953,0.6508199199450404
3701,0.4056956941165858,0.08557166112137975,0.13612055135559667,0.3726120934064376,0.4056956941165858,0.6508199177768046
3702,0.4056956947226763,0.0855716582718759,0.13612055031478376,0.37261209669066375,0.4056956947226763,0.6508199156085686
3703,0.4056956953287668,0.08557165542237216,0.13612054927397088,0.37261209997489,0.4056956953287668,0.6508199134403332
3704,0.4056956959348572,0.0855716525728685,0.136120548233158,0.372612103259116,0.4056956959348572,0.6508199112720966
3705,0.40569569654094756,0.08557164972336483,0.1361205471923451,0.3726121065433422,0.40569569654094756,0.6508199091038609
3706,0.405695697147038,0.08557164687386125,0.13612054615153227,0.37261210982756826,0.405695697147038,0.6508199069356249
3707,0.40569569775312836,0.08557164402435753,0.13612054511071964,0.3726121131117943,0.40569569775312836,0.6508199047673894
3708,0.40569569835921876,0.08557164117485402,0.1361205440699068,0.37261211639602027,0.40569569835921876,0.6508199025991535
3709,0.40569569896530894,0.08557163832535071,0.13612054302909404,0.37261211968024616,0.40569569896530894,0.6508199004309175
3710,0.40569569957139906,0.08557163547584724,0.1361205419882815,0.3726121229644719,0.40569569957139906,0.6508198982626817
3711,0.4056957001774891,0.08557163262634394,0.1361205409474691,0.3726121262486976,0.4056957001774891,0.6508198960944459
3712,0.4056957007835794,0.08557162977684055,0.13612053990665635,0.3726121295329235,0.4056957007835794,0.6508198939262109
3713,0.4056957013896694,0.0855716269273374,0.13612053886584383,0.3726121328171492,0.4056957013896694,0.6508198917579746
3714,0.40569570199575955,0.08557162407783417,0.13612053782503122,0.37261213610137495,0.40569570199575955,0.6508198895897392
3715,0.40569570260184945,0.08557162122833104,0.13612053678421873,0.37261213938560056,0.40569570260184945,0.650819887421503
3716,0.40569570320793935,0.08557161837882792,0.1361205357434064,0.3726121426698261,0.40569570320793935,0.6508198852532672
3717,0.40569570381402925,0.08557161552932499,0.13612053470259397,0.3726121459540516,0.40569570381402925,0.6508198830850314
3718,0.40569570442011904,0.08557161267982197,0.13612053366178176,0.3726121492382771,0.40569570442011904,0.6508198809167962
3719,0.40569570502620894,0.08557160983031899,0.13612053262096943,0.37261215252250257,0.40569570502620894,0.6508198787485602
3720,0.4056957056322988,0.08557160698081612,0.136120531580157,0.3726121558067281,0.4056957056322988,0.6508198765803245
3721,0.4056957062383886,0.0855716041313133,0.13612053053934473,0.3726121590909534,0.4056957062383886,0.6508198744120891
3722,0.40569570684447825,0.08557160128181047,0.13612052949853234,0.37261216237517863,0.40569570684447825,0.6508198722438534
3723,0.4056957074505679,0.08557159843230785,0.13612052845772019,0.37261216565940386,0.4056957074505679,0.6508198700756174
3724,0.40569570805665756,0.0855715955828051,0.13612052741690808,0.3726121689436291,0.40569570805665756,0.6508198679073818
3725,0.4056957086627471,0.08557159273330259,0.13612052637609606,0.3726121722278541,0.4056957086627471,0.6508198657391462
3726,0.4056957092688367,0.08557158988379995,0.13612052533528388,0.37261217551207954,0.4056957092688367,0.6508198635709112
3727,0.405695709874926,0.08557158703429751,0.13612052429447183,0.37261217879630454,0.405695709874926,0.650819861402675
3728,0.4056957104810156,0.08557158418479512,0.1361205232536596,0.3726121820805296,0.4056957104810156,0.6508198592344397
3729,0.40569571108710484,0.08557158133529272,0.13612052221284768,0.3726121853647545,0.40569571108710484,0.6508198570662032
3730,0.4056957116931943,0.08557157848579042,0.13612052117203577,0.3726121886489795,0.4056957116931943,0.650819854897968
3731,0.4056957122992835,0.08557157563628817,0.13612052013122378,0.37261219193320433,0.4056957122992835,0.6508198527297322
3732,0.4056957129053729,0.08557157278678604,0.1361205190904118,0.37261219521742917,0.4056957129053729,0.6508198505614967
3733,0.4056957135114621,0.08557156993728386,0.13612051804960004,0.372612198501654,0.4056957135114621,0.6508198483932612
3734,0.4056957141175513,0.08557156708778176,0.13612051700878813,0.3726122017858787,0.4056957141175513,0.6508198462250255
3735,0.4056957147236404,0.08557156423827972,0.1361205159679762,0.3726122050701035,0.4056957147236404,0.6508198440567902
3736,0.40569571532972937,0.08557156138877789,0.13612051492716445,0.3726122083543281,0.40569571532972937,0.6508198418885545
3737,0.40569571593581844,0.08557155853927585,0.13612051388635266,0.37261221163855285,0.40569571593581844,0.650819839720319
3738,0.4056957165419076,0.08557155568977386,0.13612051284554097,0.37261221492277735,0.4056957165419076,0.6508198375520835
3739,0.4056957171479964,0.08557155284027214,0.1361205118047294,0.37261221820700174,0.4056957171479964,0.6508198353838476
3740,0.40569571775408536,0.08557154999077021,0.13612051076391782,0.37261222149122636,0.40569571775408536,0.6508198332156125
3741,0.4056957183601743,0.08557154714126863,0.13612050972310621,0.3726122247754507,0.4056957183601743,0.6508198310473774
3742,0.4056957189662633,0.08557154429176685,0.13612050868229464,0.37261222805967503,0.4056957189662633,0.6508198288791414
3743,0.40569571957235206,0.08557154144226517,0.13612050764148306,0.3726122313438995,0.40569571957235206,0.6508198267109059
3744,0.4056957201784408,0.08557153859276363,0.1361205066006716,0.37261223462812376,0.4056957201784408,0.6508198245426706
3745,0.4056957207845294,0.08557153574326223,0.13612050555986024,0.372612237912348,0.4056957207845294,0.6508198223744346
3746,0.40569572139061816,0.08557153289376053,0.13612050451904872,0.37261224119657244,0.40569572139061816,0.6508198202061999
3747,0.4056957219967068,0.08557153004425938,0.13612050347823743,0.3726122444807964,0.4056957219967068,0.6508198180379644
3748,0.4056957226027952,0.0855715271947582,0.13612050243742588,0.37261224776502055,0.4056957226027952,0.6508198158697287
3749,0.4056957232088838,0.08557152434525683,0.13612050139661466,0.3726122510492446,0.4056957232088838,0.6508198137014936
3750,0.4056957238149724,0.08557152149575557,0.13612050035580336,0.37261225433346856,0.4056957238149724,0.6508198115332577
3751,0.4056957244210609,0.08557151864625442,0.13612049931499212,0.37261225761769234,0.4056957244210609,0.650819809365022
3752,0.4056957250271494,0.08557151579675343,0.13612049827418063,0.3726122609019164,0.4056957250271494,0.650819807196787
3753,0.4056957256332377,0.08557151294725221,0.13612049723336955,0.37261226418614024,0.4056957256332377,0.6508198050285514
3754,0.40569572623932615,0.08557151009775132,0.13612049619255834,0.372612267470364,0.40569572623932615,0.6508198028603165
3755,0.4056957268454144,0.08557150724825023,0.13612049515174723,0.37261227075458786,0.4056957268454144,0.6508198006920809
3756,0.4056957274515028,0.08557150439874929,0.13612049411093613,0.37261227403881175,0.4056957274515028,0.6508197985238463
3757,0.4056957280575908,0.08557150154924854,0.13612049307012516,0.3726122773230353,0.4056957280575908,0.6508197963556102
3758,0.4056957286636789,0.08557149869974781,0.1361204920293142,0.3726122806072589,0.4056957286636789,0.6508197941873746
3759,0.4056957292697671,0.08557149585024702,0.13612049098850332,0.3726122838914825,0.4056957292697671,0.6508197920191392
3760,0.4056957298758554,0.08557149300074618,0.13612048994769224,0.372612287175706,0.4056957298758554,0.650819789850904
3761,0.40569573048194335,0.08557149015124571,0.1361204889068813,0.37261229045992944,0.40569573048194335,0.6508197876826682
3762,0.4056957310880315,0.08557148730174502,0.13612048786607037,0.37261229374415294,0.4056957310880315,0.6508197855144335
3763,0.4056957316941194,0.08557148445224463,0.13612048682525946,0.3726122970283763,0.4056957316941194,0.6508197833461977
3764,0.4056957323002074,0.08557148160274418,0.13612048578444866,0.37261230031259973,0.4056957323002074,0.6508197811779628
3765,0.40569573290629524,0.08557147875324364,0.13612048474363786,0.372612303596823,0.40569573290629524,0.6508197790097274
3766,0.40569573351238314,0.08557147590374328,0.13612048370282714,0.37261230688104635,0.40569573351238314,0.6508197768414923
3767,0.4056957341184709,0.0855714730542431,0.1361204826620163,0.3726123101652695,0.4056957341184709,0.6508197746732571
3768,0.4056957347245586,0.08557147020474273,0.1361204816212057,0.37261231344949275,0.4056957347245586,0.650819772505022
3769,0.40569573533064646,0.08557146735524244,0.13612048058039508,0.37261231673371614,0.40569573533064646,0.6508197703367873
3770,0.405695735936734,0.08557146450574238,0.1361204795395845,0.3726123200179391,0.405695735936734,0.6508197681685512
3771,0.40569573654282154,0.08557146165624231,0.13612047849877382,0.37261232330216226,0.40569573654282154,0.6508197660003161
3772,0.405695737148909,0.08557145880674236,0.13612047745796316,0.37261232658638516,0.405695737148909,0.6508197638320805
3773,0.4056957377549966,0.08557145595724219,0.13612047641715272,0.3726123298706082,0.4056957377549966,0.6508197616638454
3774,0.4056957383610843,0.0855714531077424,0.13612047537634203,0.3726123331548312,0.4056957383610843,0.6508197594956107
3775,0.40569573896717165,0.0855714502582425,0.13612047433553162,0.372612336439054,0.40569573896717165,0.6508197573273746
3776,0.4056957395732592,0.08557144740874255,0.13612047329472116,0.3726123397232769,0.4056957395732592,0.6508197551591398
3777,0.4056957401793466,0.08557144455924282,0.13612047225391072,0.37261234300749957,0.4056957401793466,0.650819752990905
3778,0.405695740785434,0.08557144170974326,0.13612047121310036,0.3726123462917222,0.405695740785434,0.6508197508226694
3779,0.4056957413915213,0.08557143886024346,0.13612047017229006,0.3726123495759449,0.4056957413915213,0.6508197486544341
3780,0.4056957419976087,0.08557143601074395,0.13612046913147982,0.3726123528601676,0.4056957419976087,0.6508197464861991
3781,0.4056957426036958,0.08557143316124446,0.13612046809066944,0.3726123561443901,0.4056957426036958,0.6508197443179637
3782,0.4056957432097831,0.08557143031174501,0.13612046704985906,0.3726123594286126,0.4056957432097831,0.6508197421497288
3783,0.4056957438158703,0.08557142746224539,0.13612046600904895,0.37261236271283515,0.4056957438158703,0.6508197399814937
3784,0.4056957444219574,0.085571424612746,0.1361204649682387,0.37261236599705766,0.4056957444219574,0.6508197378132587
3785,0.40569574502804445,0.08557142176324678,0.13612046392742874,0.37261236928128,0.40569574502804445,0.6508197356450237
3786,0.4056957456341316,0.08557141891374742,0.13612046288661853,0.37261237256550245,0.4056957456341316,0.6508197334767889
3787,0.4056957462402184,0.08557141606424823,0.13612046184580842,0.3726123758497248,0.4056957462402184,0.6508197313085531
3788,0.4056957468463053,0.08557141321474909,0.1361204608049984,0.3726123791339471,0.4056957468463053,0.650819729140318
3789,0.40569574745239223,0.08557141036525003,0.13612045976418846,0.3726123824181692,0.40569574745239223,0.6508197269720828
3790,0.40569574805847913,0.08557140751575087,0.1361204587233784,0.37261238570239136,0.40569574805847913,0.6508197248038481
3791,0.4056957486645659,0.0855714046662519,0.13612045768256847,0.37261238898661353,0.4056957486645659,0.6508197226356127
3792,0.4056957492706528,0.085571401816753,0.13612045664175856,0.3726123922708356,0.4056957492706528,0.6508197204673782
3793,0.4056957498767395,0.08557139896725412,0.13612045560094874,0.37261239555505754,0.4056957498767395,0.6508197182991428
3794,0.40569575048282636,0.08557139611775527,0.13612045456013877,0.3726123988392795,0.40569575048282636,0.6508197161309079
3795,0.405695751088913,0.08557139326825643,0.13612045351932914,0.3726124021235013,0.405695751088913,0.6508197139626724
3796,0.40569575169499955,0.0855713904187578,0.1361204524785193,0.37261240540772306,0.40569575169499955,0.6508197117944376
3797,0.4056957523010861,0.08557138756925924,0.1361204514377095,0.372612408691945,0.4056957523010861,0.6508197096262031
3798,0.40569575290717275,0.08557138471976053,0.13612045039689988,0.37261241197616674,0.40569575290717275,0.6508197074579682
3799,0.40569575351325926,0.08557138187026202,0.13612044935609016,0.3726124152603886,0.40569575351325926,0.6508197052897332
3800,0.40569575411934566,0.0855713790207635,0.13612044831528047,0.37261241854461025,0.40569575411934566,0.650819703121498
3801,0.40569575472543185,0.08557137617126509,0.13612044727447092,0.3726124218288319,0.40569575472543185,0.6508197009532628
3802,0.4056957553315183,0.08557137332176655,0.1361204462336614,0.37261242511305354,0.4056957553315183,0.650819698785028
3803,0.40569575593760465,0.08557137047226822,0.13612044519285177,0.37261242839727515,0.40569575593760465,0.6508196966167936
3804,0.40569575654369094,0.08557136762276991,0.13612044415204227,0.37261243168149666,0.40569575654369094,0.650819694448558
3805,0.40569575714977696,0.08557136477327179,0.13612044311123278,0.3726124349657181,0.40569575714977696,0.6508196922803231
3806,0.4056957577558634,0.08557136192377349,0.13612044207042343,0.3726124382499395,0.4056957577558634,0.6508196901120886
3807,0.40569575836194943,0.08557135907427536,0.13612044102961404,0.37261244153416095,0.40569575836194943,0.6508196879438533
3808,0.40569575896803556,0.08557135622477721,0.13612043998880471,0.37261244481838224,0.40569575896803556,0.6508196857756186
3809,0.40569575957412174,0.08557135337527932,0.13612043894799528,0.3726124481026036,0.40569575957412174,0.6508196836073834
3810,0.4056957601802078,0.0855713505257813,0.13612043790718595,0.37261245138682475,0.4056957601802078,0.6508196814391486
3811,0.4056957607862938,0.08557134767628344,0.1361204368663767,0.3726124546710459,0.4056957607862938,0.6508196792709133
3812,0.40569576139237973,0.08557134482678559,0.13612043582556738,0.37261245795526704,0.40569576139237973,0.6508196771026787
3813,0.40569576199846563,0.08557134197728779,0.13612043478475827,0.3726124612394881,0.40569576199846563,0.6508196749344443
3814,0.4056957626045515,0.08557133912778996,0.1361204337439491,0.3726124645237093,0.4056957626045515,0.6508196727662092
3815,0.4056957632106374,0.08557133627829237,0.13612043270314,0.37261246780793017,0.4056957632106374,0.6508196705979743
3816,0.40569576381672307,0.08557133342879472,0.13612043166233087,0.3726124710921512,0.40569576381672307,0.6508196684297395
3817,0.4056957644228088,0.08557133057929708,0.13612043062152177,0.37261247437637224,0.4056957644228088,0.650819666261505
3818,0.4056957650288944,0.0855713277297996,0.1361204295807128,0.37261247766059297,0.4056957650288944,0.6508196640932696
3819,0.40569576563498005,0.08557132488030202,0.13612042853990383,0.37261248094481386,0.40569576563498005,0.6508196619250349
3820,0.4056957662410657,0.08557132203080459,0.13612042749909495,0.37261248422903465,0.4056957662410657,0.6508196597568008
3821,0.40569576684715125,0.08557131918130731,0.13612042645828606,0.37261248751325526,0.40569576684715125,0.650819657588565
3822,0.40569576745323693,0.08557131633180994,0.13612042541747696,0.37261249079747605,0.40569576745323693,0.6508196554203312
3823,0.4056957680593223,0.08557131348231263,0.13612042437666824,0.37261249408169667,0.4056957680593223,0.6508196532520958
3824,0.40569576866540785,0.08557131063281545,0.13612042333585933,0.37261249736591723,0.40569576866540785,0.6508196510838613
3825,0.4056957692714932,0.08557130778331841,0.13612042229505056,0.3726125006501377,0.4056957692714932,0.6508196489156262
3826,0.4056957698775787,0.0855713049338213,0.13612042125424167,0.3726125039343583,0.4056957698775787,0.6508196467473919
3827,0.40569577048366384,0.0855713020843244,0.13612042021343282,0.3726125072185786,0.40569577048366384,0.6508196445791566
3828,0.4056957710897493,0.08557129923482745,0.13612041917262413,0.3726125105027989,0.4056957710897493,0.6508196424109223
3829,0.4056957716958345,0.08557129638533048,0.13612041813181555,0.37261251378701926,0.4056957716958345,0.6508196402426878
3830,0.4056957723019197,0.08557129353583358,0.13612041709100697,0.37261251707123944,0.4056957723019197,0.6508196380744528
3831,0.4056957729080049,0.08557129068633683,0.1361204160501985,0.37261252035545966,0.4056957729080049,0.6508196359062182
3832,0.40569577351409,0.08557128783684004,0.13612041500938996,0.3726125236396799,0.40569577351409,0.6508196337379835
3833,0.4056957741201751,0.08557128498734327,0.1361204139685812,0.37261252692389996,0.4056957741201751,0.650819631569749
3834,0.40569577472626034,0.08557128213784675,0.1361204129277727,0.37261253020812,0.40569577472626034,0.6508196294015142
3835,0.4056957753323452,0.08557127928835008,0.13612041188696436,0.37261253349234014,0.4056957753323452,0.6508196272332794
3836,0.40569577593843015,0.08557127643885369,0.136120410846156,0.37261253677656003,0.40569577593843015,0.6508196250650449
3837,0.40569577654451505,0.08557127358935715,0.1361204098053475,0.37261254006078004,0.40569577654451505,0.65081962289681
3838,0.4056957771505999,0.08557127073986068,0.1361204087645392,0.372612543345,0.4056957771505999,0.6508196207285754
3839,0.4056957777566846,0.08557126789036443,0.13612040772373085,0.3726125466292198,0.4056957777566846,0.650819618560341
3840,0.40569577836276943,0.08557126504086811,0.13612040668292255,0.3726125499134397,0.40569577836276943,0.6508196163921067
3841,0.40569577896885417,0.08557126219137184,0.13612040564211442,0.3726125531976595,0.40569577896885417,0.6508196142238721
3842,0.4056957795749389,0.08557125934187569,0.13612040460130598,0.37261255648187924,0.4056957795749389,0.6508196120556371
3843,0.4056957801810235,0.08557125649237947,0.136120403560498,0.3726125597660988,0.4056957801810235,0.6508196098874024
3844,0.4056957807871083,0.0855712536428833,0.1361204025196898,0.37261256305031853,0.4056957807871083,0.6508196077191686
3845,0.40569578139319273,0.08557125079338734,0.13612040147888163,0.37261256633453804,0.40569578139319273,0.6508196055509335
3846,0.4056957819992773,0.08557124794389125,0.13612040043807352,0.3726125696187578,0.4056957819992773,0.6508196033826992
3847,0.40569578260536177,0.08557124509439545,0.13612039939726533,0.3726125729029772,0.40569578260536177,0.6508196012144644
3848,0.4056957832114463,0.08557124224489954,0.13612039835645737,0.37261257618719673,0.4056957832114463,0.65081959904623
3849,0.4056957838175307,0.08557123939540359,0.13612039731564932,0.3726125794714161,0.4056957838175307,0.6508195968779957
3850,0.40569578442361504,0.08557123654590794,0.1361203962748414,0.3726125827556355,0.40569578442361504,0.6508195947097607
3851,0.4056957850296993,0.08557123369641212,0.13612039523403355,0.372612586039855,0.4056957850296993,0.6508195925415263
3852,0.4056957856357836,0.0855712308469165,0.1361203941932255,0.3726125893240742,0.4056957856357836,0.6508195903732921
3853,0.4056957862418678,0.08557122799742099,0.13612039315241753,0.3726125926082936,0.4056957862418678,0.6508195882050576
3854,0.405695786847952,0.08557122514792545,0.13612039211160973,0.3726125958925126,0.405695786847952,0.6508195860368227
3855,0.40569578745403606,0.08557122229843006,0.13612039107080195,0.3726125991767316,0.40569578745403606,0.6508195838685883
3856,0.4056957880601202,0.08557121944893464,0.13612039002999413,0.3726126024609508,0.4056957880601202,0.6508195817003538
3857,0.4056957886662042,0.08557121659943927,0.13612038898918633,0.37261260574517,0.4056957886662042,0.6508195795321198
3858,0.4056957892722882,0.08557121374994377,0.1361203879483787,0.37261260902938914,0.4056957892722882,0.6508195773638854
3859,0.4056957898783722,0.0855712109004488,0.13612038690757086,0.372612612313608,0.4056957898783722,0.6508195751956508
3860,0.4056957904844561,0.0855712080509535,0.13612038586676328,0.3726126155978268,0.4056957904844561,0.6508195730274164
3861,0.40569579109054,0.08557120520145822,0.13612038482595584,0.37261261888204583,0.40569579109054,0.6508195708591822
3862,0.4056957916966238,0.08557120235196317,0.1361203837851481,0.3726126221662648,0.4056957916966238,0.6508195686909477
3863,0.4056957923027076,0.08557119950246815,0.13612038274434052,0.37261262545048357,0.4056957923027076,0.6508195665227134
3864,0.4056957929087911,0.0855711966529732,0.13612038170353305,0.3726126287347024,0.4056957929087911,0.650819564354479
3865,0.40569579351487484,0.08557119380347819,0.13612038066272575,0.37261263201892114,0.40569579351487484,0.6508195621862444
3866,0.4056957941209585,0.08557119095398329,0.13612037962191817,0.37261263530313976,0.4056957941209585,0.6508195600180098
3867,0.40569579472704215,0.0855711881044884,0.1361203785811109,0.3726126385873582,0.40569579472704215,0.6508195578497756
3868,0.4056957953331257,0.08557118525499362,0.13612037754030343,0.37261264187157694,0.4056957953331257,0.6508195556815413
3869,0.4056957959392093,0.08557118240549888,0.13612037649949627,0.3726126451557954,0.4056957959392093,0.6508195535133068
3870,0.4056957965452929,0.08557117955600414,0.13612037545868896,0.3726126484400139,0.4056957965452929,0.650819551345073
3871,0.40569579715137616,0.08557117670650959,0.1361203744178817,0.3726126517242323,0.40569579715137616,0.6508195491768383
3872,0.40569579775745973,0.08557117385701501,0.13612037337707433,0.3726126550084507,0.40569579775745973,0.6508195470086042
3873,0.4056957983635429,0.08557117100752065,0.13612037233626711,0.372612658292669,0.4056957983635429,0.6508195448403693
3874,0.4056957989696263,0.08557116815802623,0.13612037129546006,0.3726126615768873,0.4056957989696263,0.6508195426721353
3875,0.4056957995757095,0.0855711653085318,0.136120370254653,0.3726126648611055,0.4056957995757095,0.6508195405039011
3876,0.40569580018179285,0.08557116245903747,0.1361203692138459,0.37261266814532357,0.40569580018179285,0.6508195383356667
3877,0.4056958007878761,0.08557115960954327,0.13612036817303869,0.37261267142954163,0.4056958007878761,0.6508195361674325
3878,0.4056958013939593,0.085571156760049,0.1361203671322317,0.3726126747137598,0.4056958013939593,0.6508195339991983
3879,0.40569580200004257,0.08557115391055486,0.1361203660914246,0.3726126779979779,0.40569580200004257,0.6508195318309646
3880,0.4056958026061257,0.08557115106106071,0.13612036505061767,0.37261268128219577,0.4056958026061257,0.6508195296627299
3881,0.40569580321220866,0.08557114821156668,0.1361203640098108,0.37261268456641383,0.40569580321220866,0.6508195274944958
3882,0.4056958038182916,0.08557114536207268,0.1361203629690038,0.3726126878506316,0.4056958038182916,0.6508195253262616
3883,0.40569580442437453,0.08557114251257883,0.13612036192819701,0.3726126911348495,0.40569580442437453,0.6508195231580274
3884,0.4056958050304575,0.0855711396630848,0.13612036088739013,0.37261269441906736,0.4056958050304575,0.6508195209897933
3885,0.40569580563654034,0.08557113681359096,0.13612035984658336,0.37261269770328503,0.40569580563654034,0.6508195188215589
3886,0.4056958062426232,0.08557113396409706,0.13612035880577678,0.3726127009875028,0.4056958062426232,0.6508195166533253
3887,0.40569580684870604,0.08557113111460339,0.13612035776496995,0.3726127042717206,0.40569580684870604,0.650819514485091
3888,0.40569580745478867,0.08557112826510974,0.13612035672416328,0.37261270755593806,0.40569580745478867,0.6508195123168564
3889,0.4056958080608713,0.08557112541561614,0.1361203556833566,0.3726127108401557,0.4056958080608713,0.6508195101486225
3890,0.4056958086669539,0.08557112256612254,0.13612035464254996,0.37261271412437325,0.4056958086669539,0.6508195079803883
3891,0.4056958092730365,0.08557111971662912,0.1361203536017435,0.37261271740859075,0.4056958092730365,0.6508195058121548
3892,0.405695809879119,0.08557111686713567,0.136120352560937,0.37261272069280815,0.405695809879119,0.6508195036439197
3893,0.4056958104852018,0.08557111401764214,0.13612035152013036,0.37261272397702566,0.4056958104852018,0.6508195014756866
3894,0.40569581109128416,0.08557111116814894,0.13612035047932375,0.37261272726124284,0.40569581109128416,0.6508194993074519
3895,0.4056958116973667,0.08557110831865564,0.1361203494385173,0.3726127305454602,0.4056958116973667,0.650819497139218
3896,0.40569581230344914,0.0855711054691626,0.13612034839771087,0.37261273382967725,0.40569581230344914,0.6508194949709838
3897,0.40569581290953144,0.08557110261966946,0.13612034735690448,0.37261273711389453,0.40569581290953144,0.6508194928027498
3898,0.4056958135156137,0.08557109977017634,0.13612034631609807,0.3726127403981116,0.4056958135156137,0.6508194906345156
3899,0.4056958141216961,0.08557109692068318,0.1361203452752917,0.37261274368232883,0.4056958141216961,0.6508194884662812
3900,0.4056958147277784,0.08557109407119007,0.13612034423448555,0.37261274696654595,0.4056958147277784,0.6508194862980479
3901,0.40569581533386057,0.08557109122169712,0.13612034319367913,0.372612750250763,0.40569581533386057,0.6508194841298137
3902,0.4056958159399427,0.0855710883722043,0.13612034215287294,0.37261275353497997,0.4056958159399427,0.6508194819615796
3903,0.4056958165460249,0.0855710855227113,0.13612034111206692,0.3726127568191969,0.4056958165460249,0.650819479793346
3904,0.40569581715210684,0.08557108267321846,0.13612034007126073,0.3726127601034137,0.40569581715210684,0.6508194776251115
3905,0.40569581775818897,0.08557107982372575,0.13612033903045456,0.37261276338763055,0.40569581775818897,0.6508194754568778
3906,0.4056958183642708,0.08557107697423309,0.1361203379896485,0.37261276667184734,0.4056958183642708,0.6508194732886432
3907,0.405695818970353,0.08557107412474038,0.13612033694884243,0.372612769956064,0.405695818970353,0.6508194711204099
3908,0.405695819576435,0.08557107127524785,0.13612033590803632,0.3726127732402807,0.405695819576435,0.6508194689521756
3909,0.4056958201825168,0.08557106842575529,0.13612033486723038,0.3726127765244973,0.4056958201825168,0.6508194667839412
3910,0.4056958207885987,0.08557106557626272,0.13612033382642444,0.37261277980871405,0.4056958207885987,0.6508194646157077
3911,0.40569582139468047,0.08557106272677044,0.13612033278561836,0.3726127830929305,0.40569582139468047,0.6508194624474732
3912,0.40569582200076243,0.08557105987727794,0.13612033174481245,0.3726127863771471,0.40569582200076243,0.6508194602792401
3913,0.4056958226068441,0.08557105702778565,0.13612033070400664,0.3726127896613635,0.4056958226068441,0.650819458111006
3914,0.40569582321292574,0.08557105417829347,0.13612032966320084,0.37261279294557986,0.40569582321292574,0.6508194559427718
3915,0.4056958238190076,0.08557105132880098,0.136120328622395,0.37261279622979626,0.4056958238190076,0.6508194537745381
3916,0.4056958244250892,0.08557104847930894,0.13612032758158926,0.37261279951401244,0.4056958244250892,0.6508194516063046
3917,0.40569582503117063,0.08557104562981693,0.13612032654078352,0.3726128027982287,0.40569582503117063,0.6508194494380704
3918,0.40569582563725215,0.08557104278032479,0.13612032549997793,0.37261280608244485,0.40569582563725215,0.6508194472698362
3919,0.4056958262433337,0.08557103993083295,0.13612032445917224,0.37261280936666097,0.4056958262433337,0.6508194451016027
3920,0.40569582684941513,0.08557103708134108,0.13612032341836666,0.372612812650877,0.40569582684941513,0.6508194429333687
3921,0.4056958274554966,0.08557103423184913,0.13612032237756105,0.37261281593509316,0.4056958274554966,0.6508194407651349
3922,0.4056958280615779,0.08557103138235737,0.13612032133675536,0.37261281921930917,0.4056958280615779,0.6508194385969011
3923,0.4056958286676592,0.08557102853286566,0.13612032029594975,0.372612822503525,0.4056958286676592,0.6508194364286667
3924,0.40569582927374054,0.08557102568337394,0.13612031925514428,0.37261282578774113,0.40569582927374054,0.6508194342604332
3925,0.4056958298798219,0.08557102283388218,0.13612031821433881,0.37261282907195703,0.4056958298798219,0.6508194320922
3926,0.4056958304859031,0.0855710199843905,0.13612031717353332,0.3726128323561729,0.4056958304859031,0.6508194299239656
3927,0.40569583109198426,0.08557101713489894,0.136120316132728,0.37261283564038855,0.40569583109198426,0.6508194277557324
3928,0.40569583169806556,0.0855710142854075,0.13612031509192263,0.37261283892460434,0.40569583169806556,0.650819425587498
3929,0.4056958323041466,0.08557101143591607,0.1361203140511172,0.37261284220881996,0.4056958323041466,0.6508194234192646
3930,0.4056958329102277,0.08557100858642475,0.13612031301031186,0.3726128454930356,0.4056958329102277,0.650819421251031
3931,0.4056958335163085,0.0855710057369335,0.1361203119695066,0.3726128487772512,0.4056958335163085,0.6508194190827966
3932,0.4056958341223895,0.08557100288744213,0.13612031092870133,0.3726128520614668,0.4056958341223895,0.6508194169145634
3933,0.4056958347284703,0.08557100003795105,0.13612030988789622,0.37261285534568234,0.4056958347284703,0.6508194147463293
3934,0.40569583533455117,0.08557099718845988,0.13612030884709103,0.37261285862989774,0.40569583533455117,0.6508194125780957
3935,0.405695835940632,0.08557099433896875,0.13612030780628592,0.37261286191411336,0.405695835940632,0.6508194104098624
3936,0.40569583654671265,0.08557099148947776,0.13612030676548073,0.3726128651983286,0.40569583654671265,0.6508194082416281
3937,0.4056958371527933,0.08557098863998673,0.13612030572467568,0.372612868482544,0.4056958371527933,0.6508194060733941
3938,0.4056958377588741,0.08557098579049571,0.13612030468387065,0.37261287176675933,0.4056958377588741,0.650819403905161
3939,0.4056958383649547,0.08557098294100488,0.13612030364306574,0.3726128750509745,0.4056958383649547,0.6508194017369272
3940,0.4056958389710354,0.08557098009151404,0.13612030260226082,0.3726128783351895,0.4056958389710354,0.6508193995686931
3941,0.40569583957711614,0.08557097724202314,0.13612030156145585,0.37261288161940487,0.40569583957711614,0.6508193974004601
3942,0.4056958401831966,0.0855709743925324,0.13612030052065094,0.3726128849036199,0.4056958401831966,0.6508193952322261
3943,0.4056958407892771,0.08557097154304169,0.1361202994798461,0.3726128881878349,0.4056958407892771,0.6508193930639927
3944,0.4056958413953575,0.08557096869355106,0.1361202984390414,0.37261289147204985,0.4056958413953575,0.6508193908957587
3945,0.40569584200143793,0.08557096584406071,0.1361202973982365,0.37261289475626486,0.40569584200143793,0.6508193887275252
3946,0.4056958426075182,0.08557096299457012,0.1361202963574318,0.37261289804047987,0.4056958426075182,0.6508193865592917
3947,0.4056958432135986,0.0855709601450797,0.13612029531662703,0.3726129013246947,0.4056958432135986,0.6508193843910577
3948,0.40569584381967894,0.08557095729558915,0.13612029427582234,0.3726129046089094,0.40569584381967894,0.6508193822228244
3949,0.4056958444257591,0.08557095444609901,0.1361202932350175,0.3726129078931243,0.4056958444257591,0.6508193800545907
3950,0.4056958450318393,0.08557095159660881,0.13612029219421282,0.3726129111773388,0.4056958450318393,0.6508193778863566
3951,0.40569584563791955,0.08557094874711854,0.13612029115340826,0.37261291446155353,0.40569584563791955,0.6508193757181235
3952,0.4056958462439998,0.0855709458976283,0.13612029011260374,0.372612917745768,0.4056958462439998,0.6508193735498898
3953,0.4056958468500799,0.08557094304813823,0.13612028907179913,0.37261292102998267,0.4056958468500799,0.650819371381657
3954,0.40569584745615994,0.08557094019864817,0.1361202880309946,0.37261292431419707,0.40569584745615994,0.6508193692134229
3955,0.4056958480622399,0.08557093734915826,0.13612028699019008,0.37261292759841147,0.4056958480622399,0.6508193670451893
3956,0.40569584866832004,0.08557093449966825,0.13612028594938563,0.37261293088262604,0.40569584866832004,0.6508193648769564
3957,0.4056958492743998,0.08557093165017837,0.1361202849085812,0.3726129341668403,0.4056958492743998,0.6508193627087221
3958,0.4056958498804797,0.08557092880068858,0.13612028386777694,0.3726129374510547,0.4056958498804797,0.6508193605404888
3959,0.40569585048655954,0.08557092595119875,0.13612028282697253,0.372612940735269,0.40569585048655954,0.6508193583722556
3960,0.4056958510926392,0.08557092310170897,0.1361202817861683,0.3726129440194832,0.4056958510926392,0.6508193562040218
3961,0.405695851698719,0.08557092025221923,0.13612028074536403,0.3726129473036975,0.405695851698719,0.6508193540357885
3962,0.4056958523047988,0.08557091740272961,0.1361202797045598,0.37261295058791166,0.4056958523047988,0.6508193518675549
3963,0.4056958529108783,0.08557091455324004,0.13612027866375564,0.37261295387212573,0.4056958529108783,0.6508193496993212
3964,0.405695853516958,0.08557091170375057,0.13612027762295145,0.3726129571563399,0.405695853516958,0.6508193475310884
3965,0.40569585412303744,0.08557090885426108,0.1361202765821472,0.37261296044055403,0.40569585412303744,0.6508193453628547
3966,0.40569585472911696,0.0855709060047718,0.13612027554134323,0.3726129637247678,0.40569585472911696,0.6508193431946212
3967,0.4056958553351963,0.08557090315528232,0.13612027450053918,0.3726129670089819,0.4056958553351963,0.650819341026387
3968,0.4056958559412759,0.08557090030579297,0.13612027345973507,0.3726129702931959,0.4056958559412759,0.6508193388581546
3969,0.4056958565473551,0.08557089745630388,0.13612027241893107,0.37261297357740975,0.4056958565473551,0.650819336689921
3970,0.4056958571534346,0.08557089460681462,0.13612027137812727,0.3726129768616235,0.4056958571534346,0.6508193345216879
3971,0.4056958577595139,0.08557089175732567,0.13612027033732316,0.3726129801458372,0.4056958577595139,0.6508193323534542
3972,0.4056958583655932,0.08557088890783626,0.1361202692965194,0.372612983430051,0.4056958583655932,0.650819330185221
3973,0.4056958589716723,0.08557088605834738,0.1361202682557154,0.3726129867142648,0.4056958589716723,0.6508193280169876
3974,0.4056958595777514,0.0855708832088585,0.13612026721491155,0.3726129899984782,0.4056958595777514,0.6508193258487539
3975,0.4056958601838306,0.08557088035936952,0.13612026617410786,0.37261299328269193,0.4056958601838306,0.6508193236805211
3976,0.4056958607899097,0.08557087750988059,0.13612026513330402,0.37261299656690533,0.4056958607899097,0.6508193215122873
3977,0.4056958613959887,0.08557087466039182,0.13612026409250036,0.37261299985111895,0.4056958613959887,0.6508193193440539
3978,0.40569586200206775,0.08557087181090312,0.13612026305169664,0.37261300313533235,0.40569586200206775,0.6508193171758206
3979,0.4056958626081469,0.08557086896141416,0.13612026201089297,0.37261300641954576,0.4056958626081469,0.6508193150075874
3980,0.4056958632142257,0.08557086611192559,0.13612026097008945,0.3726130097037591,0.4056958632142257,0.6508193128393542
3981,0.40569586382030465,0.08557086326243699,0.13612025992928575,0.3726130129879724,0.40569586382030465,0.6508193106711211
3982,0.40569586442638345,0.0855708604129484,0.1361202588884823,0.3726130162721857,0.40569586442638345,0.6508193085028875
3983,0.4056958650324623,0.08557085756345988,0.1361202578476788,0.3726130195563989,0.4056958650324623,0.6508193063346543
3984,0.40569586563854104,0.08557085471397134,0.13612025680687528,0.37261302284061215,0.40569586563854104,0.6508193041664212
3985,0.40569586624461984,0.08557085186448304,0.13612025576607187,0.3726130261248251,0.40569586624461984,0.650819301998188
3986,0.40569586685069847,0.08557084901499473,0.13612025472526845,0.3726130294090381,0.40569586685069847,0.6508192998299542
3987,0.4056958674567772,0.08557084616550649,0.13612025368446504,0.37261303269325113,0.4056958674567772,0.6508192976617211
3988,0.4056958680628558,0.08557084331601836,0.13612025264366157,0.37261303597746415,0.4056958680628558,0.6508192954934878
3989,0.4056958686689344,0.0855708404665301,0.13612025160285832,0.37261303926167694,0.4056958686689344,0.650819293325255
3990,0.4056958692750129,0.08557083761704205,0.13612025056205518,0.37261304254588967,0.4056958692750129,0.6508192911570212
3991,0.4056958698810914,0.08557083476755403,0.13612024952125187,0.37261304583010246,0.4056958698810914,0.6508192889887884
3992,0.4056958704871701,0.08557083191806611,0.13612024848044843,0.37261304911431536,0.4056958704871701,0.6508192868205557
3993,0.40569587109324834,0.08557082906857817,0.13612024743964532,0.37261305239852793,0.40569587109324834,0.6508192846523218
3994,0.4056958716993267,0.0855708262190902,0.13612024639884218,0.3726130556827406,0.4056958716993267,0.6508192824840884
3995,0.40569587230540505,0.08557082336960248,0.136120245358039,0.3726130589669534,0.40569587230540505,0.6508192803158559
3996,0.40569587291148324,0.0855708205201147,0.13612024431723604,0.37261306225116597,0.40569587291148324,0.6508192781476221
3997,0.4056958735175616,0.08557081767062685,0.13612024327643288,0.37261306553537854,0.4056958735175616,0.6508192759793894
3998,0.4056958741236398,0.08557081482113926,0.13612024223562977,0.37261306881959094,0.4056958741236398,0.6508192738111565
3999,0.4056958747297179,0.08557081197165156,0.13612024119482705,0.3726130721038034,0.4056958747297179,0.6508192716429231
4000,0.405695875335796,0.08557080912216403,0.136120240154024,0.37261307538801575,0.405695875335796,0.6508192694746904
4001,0.40569587594187395,0.08557080627267658,0.13612023911322116,0.37261307867222815,0.40569587594187395,0.6508192673064568
4002,0.405695876547952,0.08557080342318914,0.1361202380724182,0.3726130819564406,0.405695876547952,0.6508192651382239
4003,0.4056958771540299,0.08557080057370177,0.13612023703161533,0.3726130852406528,0.4056958771540299,0.6508192629699909
4004,0.4056958777601078,0.08557079772421441,0.13612023599081263,0.37261308852486497,0.4056958777601078,0.6508192608017576
4005,0.40569587836618587,0.0855707948747272,0.13612023495000977,0.37261309180907715,0.40569587836618587,0.6508192586335249
4006,0.4056958789722637,0.08557079202523982,0.13612023390920702,0.37261309509328916,0.4056958789722637,0.6508192564652915
4007,0.40569587957834147,0.08557078917575284,0.13612023286840438,0.3726130983775011,0.40569587957834147,0.6508192542970583
4008,0.4056958801844194,0.08557078632626554,0.13612023182760177,0.3726131016617133,0.4056958801844194,0.6508192521288261
4009,0.40569588079049707,0.08557078347677861,0.136120230786799,0.37261310494592526,0.40569588079049707,0.6508192499605925
4010,0.40569588139657464,0.08557078062729158,0.13612022974599639,0.3726131082301371,0.40569588139657464,0.6508192477923591
4011,0.4056958820026522,0.08557077777780471,0.1361202287051937,0.37261311151434906,0.4056958820026522,0.6508192456241263
4012,0.4056958826087298,0.08557077492831783,0.13612022766439127,0.372613114798561,0.4056958826087298,0.6508192434558939
4013,0.40569588321480726,0.08557077207883106,0.13612022662358866,0.3726131180827729,0.40569588321480726,0.6508192412876608
4014,0.4056958838208848,0.08557076922934415,0.13612022558278614,0.37261312136698466,0.4056958838208848,0.6508192391194281
4015,0.40569588442696225,0.08557076637985742,0.1361202245419839,0.3726131246511963,0.40569588442696225,0.6508192369511947
4016,0.4056958850330396,0.0855707635303708,0.1361202235011814,0.37261312793540796,0.4056958850330396,0.6508192347829616
4017,0.40569588563911707,0.08557076068088404,0.13612022246037903,0.3726131312196197,0.40569588563911707,0.6508192326147295
4018,0.40569588624519426,0.08557075783139777,0.13612022141957664,0.3726131345038311,0.40569588624519426,0.6508192304464959
4019,0.4056958868512716,0.08557075498191127,0.1361202203787742,0.37261313778804267,0.4056958868512716,0.6508192282782628
4020,0.4056958874573489,0.08557075213242478,0.13612021933797197,0.3726131410722542,0.4056958874573489,0.6508192261100298
4021,0.4056958880634261,0.08557074928293837,0.13612021829716986,0.3726131443564657,0.4056958880634261,0.6508192239417973
4022,0.4056958886695032,0.08557074643345199,0.13612021725636755,0.37261314764067704,0.4056958886695032,0.6508192217735641
4023,0.40569588927558026,0.08557074358396578,0.13612021621556528,0.37261315092488845,0.40569588927558026,0.650819219605331
4024,0.4056958898816573,0.08557074073447958,0.1361202151747632,0.37261315420909963,0.4056958898816573,0.6508192174370979
4025,0.4056958904877343,0.08557073788499345,0.13612021413396105,0.3726131574933109,0.4056958904877343,0.650819215268865
4026,0.4056958910938115,0.08557073503550718,0.13612021309315905,0.37261316077752216,0.4056958910938115,0.6508192131006327
4027,0.40569589169988846,0.08557073218602117,0.1361202120523569,0.3726131640617333,0.40569589169988846,0.6508192109323996
4028,0.40569589230596537,0.08557072933653521,0.1361202110115548,0.3726131673459444,0.40569589230596537,0.6508192087641662
4029,0.4056958929120425,0.08557072648704912,0.13612020997075275,0.3726131706301556,0.4056958929120425,0.6508192065959342
4030,0.40569589351811913,0.08557072363756327,0.13612020892995086,0.3726131739143666,0.40569589351811913,0.650819204427701
4031,0.40569589412419604,0.08557072078807736,0.13612020788914894,0.37261317719857756,0.40569589412419604,0.6508192022594685
4032,0.40569589473027273,0.08557071793859146,0.1361202068483471,0.37261318048278846,0.40569589473027273,0.6508192000912354
4033,0.4056958953363495,0.08557071508910585,0.1361202058075453,0.37261318376699926,0.4056958953363495,0.6508191979230025
4034,0.4056958959424262,0.08557071223962008,0.13612020476674339,0.37261318705121016,0.4056958959424262,0.6508191957547698
4035,0.4056958965485028,0.08557070939013438,0.13612020372594177,0.37261319033542095,0.4056958965485028,0.6508191935865371
4036,0.4056958971545792,0.08557070654064881,0.13612020268513988,0.37261319361963174,0.4056958971545792,0.6508191914183039
4037,0.40569589776065584,0.0855707036911633,0.13612020164433816,0.3726131969038425,0.40569589776065584,0.6508191892500712
4038,0.40569589836673237,0.08557070084167787,0.13612020060353652,0.3726132001880532,0.40569589836673237,0.6508191870818384
4039,0.4056958989728087,0.08557069799219248,0.13612019956273486,0.3726132034722637,0.4056958989728087,0.6508191849136058
4040,0.40569589957888536,0.08557069514270704,0.13612019852193327,0.3726132067564743,0.40569589957888536,0.6508191827453733
4041,0.4056959001849616,0.08557069229322176,0.1361201974811317,0.37261321004068476,0.4056959001849616,0.6508191805771403
4042,0.40569590079103796,0.08557068944373644,0.13612019644033016,0.3726132133248953,0.40569590079103796,0.6508191784089075
4043,0.4056959013971142,0.08557068659425128,0.13612019539952866,0.3726132166091056,0.4056959013971142,0.6508191762406748
4044,0.40569590200319045,0.08557068374476612,0.1361201943587271,0.3726132198933161,0.40569590200319045,0.650819174072442
4045,0.4056959026092668,0.08557068089528096,0.13612019331792566,0.37261322317752643,0.4056959026092668,0.65081917190421
4046,0.405695903215343,0.08557067804579593,0.13612019227712424,0.3726132264617367,0.405695903215343,0.650819169735977
4047,0.40569590382141923,0.0855706751963109,0.13612019123632293,0.37261322974594696,0.40569590382141923,0.6508191675677446
4048,0.4056959044274952,0.0855706723468262,0.13612019019552163,0.3726132330301569,0.4056959044274952,0.6508191653995115
4049,0.4056959050335714,0.08557066949734117,0.13612018915472027,0.3726132363143671,0.4056959050335714,0.6508191632312789
4050,0.40569590563964747,0.08557066664785633,0.13612018811391885,0.3726132395985773,0.40569590563964747,0.6508191610630465
4051,0.4056959062457233,0.08557066379837158,0.13612018707311763,0.37261324288278724,0.4056959062457233,0.6508191588948136
4052,0.4056959068517993,0.08557066094888681,0.1361201860323164,0.3726132461669972,0.4056959068517993,0.6508191567265803
4053,0.4056959074578753,0.08557065809940223,0.13612018499151518,0.3726132494512072,0.4056959074578753,0.6508191545583486
4054,0.4056959080639511,0.0855706552499176,0.1361201839507141,0.3726132527354171,0.4056959080639511,0.6508191523901157
4055,0.40569590867002686,0.085570652400433,0.13612018290991296,0.37261325601962686,0.40569590867002686,0.6508191502218825
4056,0.4056959092761027,0.08557064955094851,0.1361201818691119,0.37261325930383676,0.4056959092761027,0.6508191480536509
4057,0.40569590988217846,0.08557064670146414,0.1361201808283108,0.3726132625880464,0.40569590988217846,0.6508191458854182
4058,0.4056959104882541,0.08557064385197982,0.13612017978750976,0.37261326587225607,0.4056959104882541,0.6508191437171847
4059,0.4056959110943298,0.08557064100249555,0.13612017874670876,0.3726132691564658,0.4056959110943298,0.6508191415489526
4060,0.4056959117004054,0.08557063815301116,0.1361201777059078,0.3726132724406754,0.4056959117004054,0.6508191393807203
4061,0.40569591230648094,0.08557063530352693,0.136120176665107,0.372613275724885,0.40569591230648094,0.6508191372124874
4062,0.4056959129125564,0.08557063245404288,0.1361201756243061,0.3726132790090944,0.4056959129125564,0.6508191350442547
4063,0.405695913518632,0.08557062960455887,0.13612017458350514,0.3726132822933039,0.405695913518632,0.6508191328760226
4064,0.4056959141247074,0.08557062675507462,0.13612017354270445,0.37261328557751316,0.4056959141247074,0.6508191307077895
4065,0.405695914730783,0.08557062390559066,0.1361201725019037,0.3726132888617227,0.405695914730783,0.6508191285395575
4066,0.40569591533685856,0.08557062105610665,0.13612017146110278,0.37261329214593186,0.40569591533685856,0.6508191263713248
4067,0.40569591594293364,0.0855706182066229,0.13612017042030208,0.3726132954301411,0.40569591594293364,0.6508191242030925
4068,0.4056959165490091,0.085570615357139,0.13612016937950136,0.3726132987143505,0.4056959165490091,0.6508191220348603
4069,0.40569591715508424,0.08557061250765521,0.1361201683387007,0.3726133019985597,0.40569591715508424,0.6508191198666273
4070,0.4056959177611595,0.0855706096581714,0.13612016729790005,0.3726133052827689,0.4056959177611595,0.6508191176983951
4071,0.4056959183672347,0.08557060680868768,0.13612016625709947,0.3726133085669778,0.4056959183672347,0.6508191155301621
4072,0.4056959189733099,0.08557060395920411,0.13612016521629894,0.37261331185118696,0.4056959189733099,0.6508191133619299
4073,0.4056959195793848,0.08557060110972059,0.13612016417549844,0.37261331513539586,0.4056959195793848,0.6508191111936972
4074,0.40569592018546,0.08557059826023704,0.13612016313469796,0.3726133184196049,0.40569592018546,0.6508191090254655
4075,0.40569592079153494,0.08557059541075372,0.13612016209389757,0.3726133217038137,0.40569592079153494,0.6508191068572327
4076,0.40569592139760996,0.08557059256127021,0.13612016105309718,0.37261332498802274,0.40569592139760996,0.6508191046890006
4077,0.40569592200368476,0.0855705897117868,0.1361201600122967,0.3726133282722315,0.40569592200368476,0.6508191025207677
4078,0.4056959226097597,0.08557058686230354,0.13612015897149646,0.3726133315564402,0.4056959226097597,0.6508191003525355
4079,0.4056959232158345,0.08557058401282035,0.13612015793069615,0.37261333484064885,0.4056959232158345,0.650819098184303
4080,0.4056959238219093,0.08557058116333716,0.13612015688989584,0.37261333812485764,0.4056959238219093,0.6508190960160711
4081,0.4056959244279839,0.08557057831385403,0.13612015584909554,0.37261334140906627,0.4056959244279839,0.6508190938478382
4082,0.40569592503405866,0.08557057546437094,0.1361201548082953,0.37261334469327495,0.40569592503405866,0.6508190916796059
4083,0.4056959256401333,0.08557057261488794,0.13612015376749512,0.37261334797748347,0.4056959256401333,0.6508190895113735
4084,0.40569592624620787,0.08557056976540507,0.13612015272669492,0.3726133512616919,0.40569592624620787,0.650819087343141
4085,0.4056959268522824,0.08557056691592217,0.13612015168589472,0.3726133545459005,0.4056959268522824,0.6508190851749083
4086,0.4056959274583569,0.08557056406643927,0.13612015064509458,0.37261335783010907,0.4056959274583569,0.6508190830066767
4087,0.4056959280644312,0.08557056121695657,0.13612014960429464,0.37261336111431725,0.4056959280644312,0.6508190808384438
4088,0.40569592867050563,0.08557055836747392,0.13612014856349464,0.3726133643985256,0.40569592867050563,0.6508190786702114
4089,0.40569592927658005,0.08557055551799105,0.13612014752269472,0.3726133676827339,0.40569592927658005,0.6508190765019797
4090,0.40569592988265457,0.0855705526685084,0.13612014648189483,0.3726133709669421,0.40569592988265457,0.6508190743337472
4091,0.40569593048872893,0.08557054981902573,0.13612014544109483,0.3726133742511503,0.40569593048872893,0.6508190721655152
4092,0.4056959310948033,0.08557054696954322,0.13612014440029488,0.3726133775353585,0.4056959310948033,0.6508190699972829
4093,0.4056959317008775,0.08557054412006083,0.136120143359495,0.3726133808195665,0.4056959317008775,0.6508190678290509
4094,0.40569593230695156,0.08557054127057837,0.13612014231869518,0.3726133841037747,0.40569593230695156,0.6508190656608184
4095,0.40569593291302547,0.08557053842109603,0.13612014127789562,0.37261338738798255,0.40569593291302547,0.6508190634925859
4096,0.40569593351909977,0.08557053557161376,0.13612014023709582,0.37261339067219057,0.40569593351909977,0.6508190613243542
4097,0.4056959341251737,0.08557053272213158,0.13612013919629606,0.37261339395639836,0.4056959341251737,0.6508190591561216
4098,0.4056959347312478,0.0855705298726494,0.13612013815549645,0.37261339724060627,0.4056959347312478,0.6508190569878898
4099,0.4056959353373216,0.08557052702316724,0.13612013711469678,0.37261340052481406,0.4056959353373216,0.6508190548196573
4100,0.4056959359433955,0.08557052417368527,0.13612013607389714,0.37261340380902197,0.4056959359433955,0.650819052651425
4101,0.40569593654946945,0.08557052132420323,0.13612013503309753,0.37261340709322965,0.40569593654946945,0.6508190504831932
4102,0.40569593715554314,0.08557051847472127,0.13612013399229803,0.3726134103774373,0.40569593715554314,0.650819048314961
4103,0.40569593776161683,0.08557051562523933,0.1361201329514987,0.372613413661645,0.40569593776161683,0.6508190461467287
4104,0.40569593836769063,0.08557051277575754,0.1361201319106991,0.3726134169458524,0.40569593836769063,0.6508190439784964
4105,0.40569593897376444,0.08557050992627573,0.1361201308698996,0.3726134202300601,0.40569593897376444,0.6508190418102651
4106,0.40569593957983796,0.08557050707679391,0.13612012982910032,0.3726134235142675,0.40569593957983796,0.6508190396420328
4107,0.40569594018591165,0.0855705042273123,0.1361201287883009,0.37261342679847487,0.40569594018591165,0.6508190374738003
4108,0.40569594079198534,0.08557050137783072,0.13612012774750146,0.3726134300826824,0.40569594079198534,0.6508190353055686
4109,0.40569594139805876,0.08557049852834912,0.13612012670670223,0.37261343336688957,0.40569594139805876,0.650819033137336
4110,0.40569594200413234,0.08557049567886768,0.13612012566590306,0.3726134366510969,0.40569594200413234,0.6508190309691042
4111,0.40569594261020553,0.08557049282938622,0.13612012462510395,0.37261343993530405,0.40569594261020553,0.6508190288008717
4112,0.40569594321627916,0.08557048997990487,0.13612012358430456,0.37261344321951134,0.40569594321627916,0.6508190266326401
4113,0.4056959438223525,0.08557048713042358,0.13612012254350542,0.37261344650371836,0.4056959438223525,0.6508190244644078
4114,0.4056959444284258,0.08557048428094223,0.1361201215027063,0.3726134497879254,0.4056959444284258,0.6508190222961756
4115,0.40569594503449924,0.0855704814314609,0.13612012046190713,0.3726134530721324,0.40569594503449924,0.6508190201279431
4116,0.40569594564057254,0.0855704785819797,0.13612011942110802,0.3726134563563395,0.40569594564057254,0.650819017959712
4117,0.40569594624664573,0.08557047573249858,0.13612011838030894,0.3726134596405466,0.40569594624664573,0.6508190157914797
4118,0.40569594685271904,0.08557047288301754,0.1361201173395099,0.3726134629247535,0.40569594685271904,0.650819013623248
4119,0.40569594745879195,0.08557047003353647,0.13612011629871104,0.37261346620896024,0.40569594745879195,0.6508190114550154
4120,0.405695948064865,0.08557046718405556,0.13612011525791207,0.3726134694931672,0.405695948064865,0.6508190092867834
4121,0.405695948670938,0.0855704643345745,0.13612011421711315,0.3726134727773741,0.405695948670938,0.650819007118552
4122,0.40569594927701114,0.08557046148509362,0.13612011317631423,0.3726134760615809,0.40569594927701114,0.65081900495032
4123,0.4056959498830841,0.08557045863561277,0.13612011213551542,0.3726134793457875,0.4056959498830841,0.6508190027820876
4124,0.405695950489157,0.08557045578613214,0.13612011109471647,0.3726134826299942,0.405695950489157,0.6508190006138559
4125,0.40569595109522977,0.08557045293665143,0.1361201100539176,0.37261348591420096,0.40569595109522977,0.6508189984456234
4126,0.4056959517013028,0.08557045008717075,0.13612010901311883,0.37261348919840764,0.4056959517013028,0.6508189962773921
4127,0.40569595230737543,0.08557044723769013,0.1361201079723201,0.37261349248261405,0.40569595230737543,0.6508189941091598
4128,0.4056959529134483,0.0855704443882097,0.1361201069315215,0.3726134957668205,0.4056959529134483,0.650818991940928
4129,0.405695953519521,0.08557044153872911,0.1361201058907228,0.3726134990510269,0.405695953519521,0.6508189897726959
4130,0.4056959541255937,0.08557043868924868,0.13612010484992412,0.3726135023352334,0.4056959541255937,0.6508189876044643
4131,0.4056959547316665,0.08557043583976832,0.13612010380912556,0.3726135056194395,0.4056959547316665,0.6508189854362317
4132,0.4056959553377389,0.08557043299028798,0.13612010276832695,0.372613508903646,0.4056959553377389,0.6508189832680003
4133,0.40569595594381147,0.08557043014080777,0.13612010172752848,0.3726135121878522,0.40569595594381147,0.6508189810997683
4134,0.40569595654988394,0.08557042729132763,0.13612010068672997,0.37261351547205845,0.40569595654988394,0.650818978931537
4135,0.4056959571559563,0.08557042444184752,0.1361200996459315,0.3726135187562646,0.4056959571559563,0.6508189767633045
4136,0.4056959577620287,0.08557042159236736,0.1361200986051331,0.3726135220404707,0.4056959577620287,0.6508189745950729
4137,0.40569595836810113,0.08557041874288751,0.13612009756433457,0.3726135253246766,0.40569595836810113,0.6508189724268408
4138,0.40569595897417343,0.08557041589340733,0.13612009652353624,0.3726135286088827,0.40569595897417343,0.6508189702586091
4139,0.40569595958024585,0.08557041304392728,0.13612009548273796,0.37261353189308877,0.40569595958024585,0.650818968090377
4140,0.4056959601863181,0.08557041019444743,0.13612009444193973,0.3726135351772946,0.4056959601863181,0.6508189659221447
4141,0.4056959607923902,0.08557040734496763,0.13612009340114145,0.3726135384615004,0.4056959607923902,0.6508189637539132
4142,0.40569596139846237,0.08557040449548768,0.13612009236034325,0.37261354174570643,0.40569596139846237,0.6508189615856816
4143,0.4056959620045346,0.08557040164600796,0.1361200913195451,0.37261354502991223,0.4056959620045346,0.65081895941745
4144,0.4056959626106066,0.08557039879652847,0.13612009027874686,0.37261354831411786,0.4056959626106066,0.6508189572492182
4145,0.40569596321667867,0.08557039594704886,0.13612008923794885,0.3726135515983235,0.40569596321667867,0.6508189550809867
4146,0.4056959638227506,0.08557039309756921,0.13612008819715085,0.3726135548825291,0.4056959638227506,0.6508189529127544
4147,0.4056959644288226,0.08557039024808986,0.1361200871563526,0.37261355816673464,0.4056959644288226,0.6508189507445235
4148,0.40569596503489463,0.08557038739861039,0.13612008611555462,0.3726135614509402,0.40569596503489463,0.6508189485762914
4149,0.40569596564096644,0.08557038454913098,0.13612008507475667,0.3726135647351457,0.40569596564096644,0.6508189464080594
4150,0.4056959662470383,0.08557038169965168,0.13612008403395884,0.3726135680193511,0.4056959662470383,0.6508189442398278
4151,0.40569596685311005,0.08557037885017241,0.13612008299316086,0.37261357130355643,0.40569596685311005,0.6508189420715962
4152,0.40569596745918196,0.08557037600069298,0.13612008195236303,0.3726135745877619,0.40569596745918196,0.6508189399033645
4153,0.40569596806525376,0.08557037315121374,0.13612008091156502,0.37261357787196725,0.40569596806525376,0.650818937735133
4154,0.4056959686713252,0.08557037030173476,0.13612007987076744,0.37261358115617255,0.4056959686713252,0.6508189355669006
4155,0.4056959692773969,0.08557036745225563,0.13612007882996952,0.37261358444037784,0.4056959692773969,0.6508189333986691
4156,0.40569596988346857,0.08557036460277659,0.1361200777891717,0.3726135877245829,0.40569596988346857,0.6508189312304373
4157,0.40569597048954004,0.08557036175329777,0.13612007674837406,0.3726135910087881,0.40569597048954004,0.6508189290622057
4158,0.4056959710956114,0.08557035890381899,0.13612007570757637,0.37261359429299323,0.4056959710956114,0.6508189268939739
4159,0.405695971701683,0.08557035605433996,0.1361200746667786,0.3726135975771982,0.405695971701683,0.650818924725743
4160,0.4056959723077545,0.08557035320486124,0.13612007362598105,0.3726136008614031,0.4056959723077545,0.650818922557511
4161,0.4056959729138259,0.08557035035538241,0.1361200725851835,0.372613604145608,0.4056959729138259,0.6508189203892796
4162,0.40569597351989745,0.08557034750590362,0.13612007154438593,0.3726136074298129,0.40569597351989745,0.6508189182210481
4163,0.4056959741259686,0.08557034465642509,0.13612007050358851,0.37261361071401766,0.4056959741259686,0.6508189160528157
4164,0.4056959747320399,0.08557034180694646,0.13612006946279093,0.3726136139982226,0.4056959747320399,0.6508189138845846
4165,0.40569597533811114,0.08557033895746798,0.1361200684219936,0.37261361728242715,0.40569597533811114,0.650818911716353
4166,0.40569597594418233,0.0855703361079895,0.13612006738119603,0.372613620566632,0.40569597594418233,0.6508189095481216
4167,0.4056959765502535,0.08557033325851104,0.13612006634039864,0.3726136238508367,0.4056959765502535,0.6508189073798897
4168,0.4056959771563245,0.08557033040903268,0.13612006529960127,0.3726136271350413,0.4056959771563245,0.650818905211658
4169,0.40569597776239563,0.08557032755955436,0.1361200642588039,0.37261363041924594,0.40569597776239563,0.6508189030434269
4170,0.4056959783684666,0.08557032471007618,0.13612006321800663,0.37261363370345035,0.4056959783684666,0.6508189008751952
4171,0.4056959789745376,0.08557032186059794,0.13612006217720957,0.3726136369876548,0.4056959789745376,0.6508188987069639
4172,0.4056959795806084,0.08557031901111994,0.1361200611364122,0.3726136402718593,0.4056959795806084,0.6508188965387323
4173,0.4056959801866793,0.08557031616164187,0.136120060095615,0.3726136435560638,0.4056959801866793,0.6508188943705007
4174,0.4056959807927501,0.08557031331216386,0.13612005905481778,0.37261364684026815,0.4056959807927501,0.6508188922022694
4175,0.4056959813988209,0.08557031046268591,0.13612005801402066,0.37261365012447234,0.4056959813988209,0.6508188900340371
4176,0.4056959820048917,0.08557030761320786,0.13612005697322369,0.3726136534086767,0.4056959820048917,0.6508188878658061
4177,0.40569598261096246,0.08557030476373015,0.13612005593242663,0.37261365669288066,0.40569598261096246,0.6508188856975742
4178,0.40569598321703304,0.08557030191425229,0.13612005489162965,0.3726136599770848,0.40569598321703304,0.6508188835293431
4179,0.40569598382310373,0.08557029906477452,0.13612005385083256,0.372613663261289,0.40569598382310373,0.6508188813611113
4180,0.40569598442917437,0.08557029621529687,0.13612005281003564,0.372613666545493,0.40569598442917437,0.6508188791928801
4181,0.4056959850352449,0.08557029336581923,0.1361200517692387,0.37261366982969707,0.4056959850352449,0.6508188770246485
4182,0.40569598564131537,0.0855702905163417,0.13612005072844177,0.372613673113901,0.40569598564131537,0.6508188748564173
4183,0.40569598624738584,0.08557028766686418,0.13612004968764477,0.372613676398105,0.40569598624738584,0.6508188726881858
4184,0.40569598685345637,0.08557028481738654,0.136120048646848,0.3726136796823089,0.40569598685345637,0.6508188705199541
4185,0.4056959874595268,0.08557028196790911,0.13612004760605112,0.3726136829665128,0.4056959874595268,0.650818868351723
4186,0.4056959880655973,0.08557027911843171,0.13612004656525442,0.37261368625071656,0.4056959880655973,0.6508188661834919
4187,0.4056959886716676,0.08557027626895443,0.13612004552445778,0.3726136895349202,0.4056959886716676,0.6508188640152601
4188,0.40569598927773765,0.08557027341947725,0.13612004448366097,0.3726136928191239,0.40569598927773765,0.6508188618470292
4189,0.4056959898838078,0.08557027057000002,0.13612004344286446,0.37261369610332756,0.4056959898838078,0.6508188596787972
4190,0.4056959904898779,0.08557026772052298,0.13612004240206776,0.372613699387531,0.4056959904898779,0.650818857510566
4191,0.40569599109594806,0.0855702648710458,0.1361200413612713,0.37261370267173466,0.40569599109594806,0.6508188553423349
4192,0.40569599170201814,0.08557026202156878,0.13612004032047473,0.3726137059559381,0.40569599170201814,0.6508188531741034
4193,0.4056959923080883,0.08557025917209175,0.13612003927967828,0.3726137092401416,0.4056959923080883,0.6508188510058726
4194,0.4056959929141582,0.08557025632261485,0.13612003823888186,0.3726137125243449,0.4056959929141582,0.6508188488376405
4195,0.4056959935202284,0.08557025347313786,0.13612003719808527,0.3726137158085483,0.4056959935202284,0.6508188466694096
4196,0.40569599412629814,0.08557025062366115,0.1361200361572889,0.37261371909275154,0.40569599412629814,0.650818844501178
4197,0.4056959947323681,0.08557024777418437,0.13612003511649243,0.3726137223769549,0.4056959947323681,0.650818842332947
4198,0.40569599533843786,0.08557024492470772,0.13612003407569606,0.3726137256611582,0.40569599533843786,0.6508188401647157
4199,0.40569599594450767,0.08557024207523106,0.1361200330348998,0.3726137289453613,0.40569599594450767,0.6508188379964842
4200,0.4056959965505774,0.0855702392257543,0.1361200319941035,0.3726137322295645,0.4056959965505774,0.6508188358282531
4201,0.4056959971566472,0.08557023637627782,0.13612003095330713,0.3726137355137676,0.4056959971566472,0.6508188336600216
4202,0.40569599776271664,0.08557023352680139,0.13612002991251104,0.3726137387979706,0.40569599776271664,0.6508188314917902
4203,0.40569599836878645,0.0855702306773249,0.13612002887171484,0.37261374208217357,0.40569599836878645,0.6508188293235593
4204,0.40569599897485603,0.08557022782784868,0.13612002783091873,0.3726137453663766,0.40569599897485603,0.6508188271553283
4205,0.40569599958092556,0.08557022497837213,0.13612002679012258,0.37261374865057945,0.40569599958092556,0.6508188249870972
4206,0.40569600018699514,0.08557022212889591,0.13612002574932655,0.37261375193478236,0.40569600018699514,0.650818822818866
4207,0.4056960007930646,0.08557021927941962,0.13612002470853043,0.3726137552189852,0.4056960007930646,0.6508188206506349
4208,0.405696001399134,0.08557021642994357,0.13612002366773443,0.3726137585031879,0.405696001399134,0.6508188184824034
4209,0.4056960020052033,0.08557021358046736,0.13612002262693854,0.37261376178739064,0.4056960020052033,0.6508188163141724
4210,0.4056960026112728,0.08557021073099139,0.13612002158614245,0.3726137650715933,0.4056960026112728,0.650818814145941
4211,0.40569600321734206,0.0855702078815154,0.13612002054534664,0.37261376835579585,0.40569600321734206,0.6508188119777101
4212,0.4056960038234113,0.08557020503203945,0.1361200195045508,0.37261377163999826,0.4056960038234113,0.6508188098094786
4213,0.4056960044294806,0.08557020218256355,0.13612001846375493,0.3726137749242008,0.4056960044294806,0.6508188076412473
4214,0.4056960050355499,0.08557019933308758,0.1361200174229592,0.3726137782084033,0.4056960050355499,0.6508188054730166
4215,0.40569600564161906,0.08557019648361179,0.13612001638216334,0.37261378149260566,0.40569600564161906,0.6508188033047851
4216,0.40569600624768826,0.08557019363413601,0.13612001534136775,0.37261378477680784,0.40569600624768826,0.6508188011365539
4217,0.4056960068537574,0.08557019078466038,0.13612001430057188,0.3726137880610102,0.4056960068537574,0.6508187989683227
4218,0.4056960074598264,0.08557018793518475,0.13612001325977616,0.3726137913452126,0.4056960074598264,0.650818796800092
4219,0.4056960080658953,0.0855701850857094,0.1361200122189805,0.3726137946294146,0.4056960080658953,0.6508187946318608
4220,0.4056960086719642,0.08557018223623379,0.13612001117818504,0.3726137979136169,0.4056960086719642,0.6508187924636297
4221,0.4056960092780331,0.08557017938675839,0.13612001013738928,0.372613801197819,0.4056960092780331,0.6508187902953987
4222,0.40569600988410187,0.08557017653728298,0.13612000909659383,0.3726138044820211,0.40569600988410187,0.6508187881271672
4223,0.40569601049017073,0.08557017368780759,0.13612000805579838,0.3726138077662231,0.40569601049017073,0.6508187859589369
4224,0.40569601109623943,0.08557017083833232,0.13612000701500307,0.37261381105042507,0.40569601109623943,0.6508187837907052
4225,0.40569601170230823,0.08557016798885693,0.13612000597420765,0.3726138143346271,0.40569601170230823,0.6508187816224753
4226,0.40569601230837676,0.08557016513938176,0.1361200049334123,0.372613817618829,0.40569601230837676,0.6508187794542438
4227,0.40569601291444546,0.0855701622899065,0.13612000389261694,0.3726138209030309,0.40569601291444546,0.650818777286013
4228,0.40569601352051393,0.08557015944043155,0.13612000285182163,0.3726138241872327,0.40569601352051393,0.6508187751177816
4229,0.4056960141265824,0.0855701565909565,0.1361200018110264,0.3726138274714347,0.4056960141265824,0.6508187729495507
4230,0.4056960147326511,0.08557015374148152,0.13612000077023104,0.37261383075563625,0.4056960147326511,0.6508187707813198
4231,0.40569601533871946,0.08557015089200674,0.13611999972943575,0.37261383403983794,0.40569601533871946,0.6508187686130885
4232,0.40569601594478794,0.08557014804253184,0.13611999868864055,0.3726138373240395,0.40569601594478794,0.6508187664448576
4233,0.40569601655085613,0.08557014519305717,0.13611999764784538,0.3726138406082411,0.40569601655085613,0.6508187642766264
4234,0.40569601715692466,0.0855701423435823,0.13611999660705015,0.3726138438924428,0.40569601715692466,0.6508187621083961
4235,0.4056960177629929,0.08557013949410767,0.13611999556625487,0.37261384717664436,0.4056960177629929,0.6508187599401651
4236,0.4056960183690612,0.08557013664463305,0.13611999452545984,0.3726138504608458,0.4056960183690612,0.6508187577719338
4237,0.4056960189751294,0.0855701337951585,0.1361199934846648,0.3726138537450472,0.4056960189751294,0.6508187556037033
4238,0.40569601958119755,0.08557013094568389,0.13611999244386982,0.37261385702924854,0.40569601958119755,0.6508187534354716
4239,0.40569602018726575,0.08557012809620942,0.13611999140307476,0.37261386031344995,0.40569602018726575,0.650818751267241
4240,0.40569602079333394,0.08557012524673499,0.13611999036227992,0.37261386359765114,0.40569602079333394,0.6508187490990104
4241,0.405696021399402,0.08557012239726047,0.13611998932148497,0.37261386688185244,0.405696021399402,0.6508187469307796
4242,0.4056960220054698,0.08557011954778636,0.1361199882806902,0.37261387016605346,0.4056960220054698,0.6508187447625484
4243,0.4056960226115378,0.08557011669831208,0.13611998723989532,0.37261387345025454,0.4056960226115378,0.6508187425943175
4244,0.40569602321760556,0.0855701138488379,0.13611998619910054,0.3726138767344558,0.40569602321760556,0.6508187404260868
4245,0.40569602382367353,0.08557011099936371,0.13611998515830576,0.37261388001865675,0.40569602382367353,0.6508187382578561
4246,0.40569602442974134,0.08557010814988976,0.1361199841175111,0.3726138833028577,0.40569602442974134,0.6508187360896249
4247,0.4056960250358091,0.08557010530041556,0.13611998307671652,0.37261388658705874,0.4056960250358091,0.650818733921394
4248,0.40569602564187685,0.08557010245094163,0.13611998203592174,0.3726138898712597,0.40569602564187685,0.6508187317531635
4249,0.4056960262479444,0.08557009960146782,0.13611998099512707,0.3726138931554604,0.4056960262479444,0.6508187295849327
4250,0.4056960268540121,0.08557009675199395,0.13611997995433237,0.3726138964396613,0.4056960268540121,0.6508187274167021
4251,0.4056960274600798,0.08557009390252004,0.1361199789135379,0.3726138997238621,0.4056960274600798,0.6508187252484712
4252,0.40569602806614735,0.08557009105304628,0.1361199778727433,0.37261390300806285,0.40569602806614735,0.6508187230802402
4253,0.405696028672215,0.08557008820357254,0.1361199768319489,0.37261390629226343,0.405696028672215,0.6508187209120093
4254,0.40569602927828247,0.08557008535409875,0.13611997579115448,0.37261390957646406,0.40569602927828247,0.6508187187437788
4255,0.4056960298843499,0.08557008250462537,0.13611997475035992,0.37261391286066475,0.4056960298843499,0.6508187165755477
4256,0.4056960304904173,0.08557007965515169,0.13611997370956547,0.3726139161448654,0.4056960304904173,0.6508187144073171
4257,0.40569603109648467,0.0855700768056782,0.1361199726687712,0.3726139194290659,0.40569603109648467,0.6508187122390863
4258,0.4056960317025521,0.08557007395620474,0.13611997162797682,0.3726139227132662,0.4056960317025521,0.6508187100708558
4259,0.40569603230861934,0.08557007110673137,0.1361199705871825,0.3726139259974666,0.40569603230861934,0.650818707902625
4260,0.40569603291468653,0.08557006825725809,0.13611996954638825,0.37261392928166703,0.40569603291468653,0.6508187057343946
4261,0.40569603352075384,0.08557006540778486,0.136119968505594,0.3726139325658673,0.40569603352075384,0.6508187035661636
4262,0.4056960341268209,0.08557006255831166,0.13611996746479976,0.37261393585006747,0.4056960341268209,0.650818701397933
4263,0.4056960347328882,0.08557005970883849,0.13611996642400565,0.37261393913426766,0.4056960347328882,0.6508186992297021
4264,0.4056960353389552,0.08557005685936543,0.13611996538321136,0.3726139424184678,0.4056960353389552,0.6508186970614717
4265,0.4056960359450221,0.08557005400989243,0.1361199643424173,0.3726139457026679,0.4056960359450221,0.6508186948932406
4266,0.40569603655108916,0.08557005116041944,0.13611996330162318,0.37261394898686795,0.40569603655108916,0.6508186927250104
4267,0.40569603715715624,0.08557004831094644,0.1361199622608293,0.3726139522710679,0.40569603715715624,0.6508186905567799
4268,0.4056960377632231,0.08557004546147358,0.1361199612200351,0.3726139555552679,0.4056960377632231,0.650818688388549
4269,0.40569603836928986,0.08557004261200088,0.1361199601792411,0.3726139588394678,0.40569603836928986,0.6508186862203184
4270,0.405696038975357,0.08557003976252804,0.13611995913844724,0.37261396212366776,0.405696038975357,0.6508186840520883
4271,0.40569603958142364,0.08557003691305548,0.13611995809765332,0.37261396540786756,0.40569603958142364,0.6508186818838573
4272,0.40569604018749034,0.08557003406358288,0.13611995705685934,0.37261396869206737,0.40569604018749034,0.6508186797156268
4273,0.405696040793557,0.08557003121411022,0.1361199560160655,0.37261397197626706,0.405696040793557,0.6508186775473962
4274,0.4056960413996236,0.08557002836463767,0.13611995497527185,0.3726139752604668,0.4056960413996236,0.650818675379165
4275,0.40569604200569037,0.08557002551516517,0.13611995393447787,0.3726139785446665,0.40569604200569037,0.6508186732109351
4276,0.40569604261175696,0.0855700226656927,0.13611995289368423,0.3726139818288659,0.40569604261175696,0.6508186710427044
4277,0.4056960432178235,0.0855700198162204,0.13611995185289058,0.3726139851130653,0.4056960432178235,0.6508186688744734
4278,0.40569604382389024,0.0855700169667479,0.136119950812097,0.37261398839726484,0.40569604382389024,0.6508186667062433
4279,0.4056960444299566,0.08557001411727573,0.13611994977130332,0.37261399168146425,0.4056960444299566,0.6508186645380128
4280,0.40569604503602297,0.08557001126780342,0.13611994873050973,0.37261399496566366,0.40569604503602297,0.6508186623697818
4281,0.40569604564208944,0.08557000841833128,0.13611994768971614,0.3726139982498629,0.40569604564208944,0.6508186602015514
4282,0.405696046248156,0.0855700055688593,0.1361199466489224,0.3726140015340622,0.405696046248156,0.6508186580333212
4283,0.40569604685422217,0.085570002719387,0.13611994560812898,0.3726140048182616,0.40569604685422217,0.6508186558650908
4284,0.40569604746028837,0.08556999986991518,0.13611994456733562,0.3726140081024606,0.40569604746028837,0.6508186536968599
4285,0.40569604806635473,0.08556999702044313,0.13611994352654214,0.3726140113866598,0.40569604806635473,0.6508186515286297
4286,0.40569604867242093,0.08556999417097128,0.1361199424857488,0.37261401467085886,0.40569604867242093,0.6508186493603993
4287,0.40569604927848707,0.08556999132149962,0.1361199414449554,0.37261401795505783,0.40569604927848707,0.6508186471921689
4288,0.40569604988455304,0.08556998847202772,0.13611994040416217,0.37261402123925685,0.40569604988455304,0.6508186450239379
4289,0.40569605049061913,0.08556998562255594,0.13611993936336889,0.37261402452345593,0.40569605049061913,0.6508186428557077
4290,0.4056960510966852,0.08556998277308418,0.13611993832257563,0.3726140278076548,0.4056960510966852,0.6508186406874772
4291,0.40569605170275114,0.08556997992361261,0.13611993728178237,0.37261403109185376,0.40569605170275114,0.6508186385192467
4292,0.40569605230881717,0.0855699770741411,0.13611993624098906,0.3726140343760525,0.40569605230881717,0.6508186363510166
4293,0.40569605291488303,0.08556997422466955,0.13611993520019589,0.3726140376602514,0.40569605291488303,0.6508186341827864
4294,0.4056960535209489,0.08556997137519794,0.1361199341594028,0.3726140409444502,0.4056960535209489,0.6508186320145558
4295,0.40569605412701476,0.08556996852572665,0.13611993311860957,0.3726140442286488,0.40569605412701476,0.6508186298463251
4296,0.40569605473308057,0.08556996567625513,0.1361199320778165,0.3726140475128477,0.40569605473308057,0.6508186276780954
4297,0.40569605533914627,0.08556996282678384,0.1361199310370234,0.3726140507970464,0.40569605533914627,0.650818625509865
4298,0.4056960559452119,0.08556995997731266,0.13611992999623046,0.3726140540812447,0.4056960559452119,0.6508186233416342
4299,0.40569605655127755,0.08556995712784145,0.13611992895543748,0.37261405736544323,0.40569605655127755,0.6508186211734037
4300,0.40569605715734314,0.08556995427837036,0.1361199279146446,0.37261406064964187,0.40569605715734314,0.6508186190051737
4301,0.4056960577634087,0.08556995142889927,0.13611992687385152,0.37261406393384033,0.4056960577634087,0.6508186168369434
4302,0.4056960583694741,0.08556994857942823,0.13611992583305885,0.3726140672180386,0.4056960583694741,0.6508186146687127
4303,0.4056960589755396,0.08556994572995721,0.13611992479226592,0.372614070502237,0.4056960589755396,0.6508186125004829
4304,0.405696059581605,0.08556994288048632,0.13611992375147328,0.3726140737864353,0.405696059581605,0.650818610332252
4305,0.4056960601876704,0.08556994003101538,0.13611992271068046,0.3726140770706334,0.4056960601876704,0.6508186081640221
4306,0.40569606079373577,0.08556993718154474,0.13611992166988768,0.3726140803548316,0.40569606079373577,0.6508186059957916
4307,0.4056960613998011,0.08556993433207385,0.1361199206290951,0.37261408363902987,0.4056960613998011,0.6508186038275615
4308,0.4056960620058664,0.08556993148260307,0.13611991958830247,0.3726140869232279,0.4056960620058664,0.6508186016593314
4309,0.4056960626119314,0.0855699286331325,0.13611991854750977,0.3726140902074261,0.4056960626119314,0.6508185994911011
4310,0.4056960632179967,0.08556992578366188,0.13611991750671723,0.37261409349162405,0.4056960632179967,0.6508185973228713
4311,0.40569606382406165,0.08556992293419141,0.13611991646592475,0.37261409677582197,0.40569606382406165,0.6508185951546404
4312,0.40569606443012696,0.08556992008472092,0.13611991542513194,0.3726141000600202,0.40569606443012696,0.6508185929864106
4313,0.4056960650361919,0.08556991723525051,0.13611991438433949,0.37261410334421813,0.4056960650361919,0.6508185908181805
4314,0.40569606564225674,0.08556991438578018,0.13611991334354698,0.37261410662841593,0.40569606564225674,0.6508185886499498
4315,0.40569606624832166,0.08556991153630987,0.13611991230275447,0.37261410991261384,0.40569606624832166,0.6508185864817192
4316,0.4056960668543867,0.08556990868683957,0.1361199112619621,0.3726141131968115,0.4056960668543867,0.6508185843134894
4317,0.4056960674604515,0.08556990583736931,0.13611991022116987,0.3726141164810091,0.4056960674604515,0.6508185821452593
4318,0.40569606806651637,0.08556990298789924,0.13611990918037742,0.37261411976520675,0.40569606806651637,0.6508185799770287
4319,0.4056960686725811,0.08556990013842922,0.13611990813958508,0.3726141230494043,0.4056960686725811,0.6508185778087983
4320,0.4056960692786461,0.08556989728895902,0.13611990709879287,0.3726141263336019,0.4056960692786461,0.6508185756405689
4321,0.4056960698847108,0.08556989443948908,0.1361199060580006,0.37261412961779933,0.4056960698847108,0.6508185734723386
4322,0.40569607049077544,0.08556989159001914,0.13611990501720841,0.37261413290199674,0.40569607049077544,0.6508185713041084
4323,0.4056960710968402,0.0855698887405492,0.1361199039764163,0.3726141361861942,0.4056960710968402,0.6508185691358785
4324,0.40569607170290484,0.08556988589107938,0.13611990293562423,0.37261413947039135,0.40569607170290484,0.6508185669676484
4325,0.4056960723089693,0.08556988304160962,0.13611990189483206,0.37261414275458876,0.4056960723089693,0.6508185647994179
4326,0.40569607291503385,0.08556988019214005,0.13611990085404,0.37261414603878584,0.40569607291503385,0.650818562631188
4327,0.40569607352109827,0.08556987734267033,0.13611989981324804,0.3726141493229831,0.40569607352109827,0.6508185604629575
4328,0.40569607412716263,0.08556987449320085,0.1361198987724561,0.37261415260718034,0.40569607412716263,0.6508185582947271
4329,0.40569607473322694,0.08556987164373116,0.1361198977316641,0.37261415589137764,0.40569607473322694,0.6508185561264974
4330,0.4056960753392912,0.08556986879426168,0.13611989669087227,0.37261415917557456,0.4056960753392912,0.6508185539582674
4331,0.40569607594535567,0.0855698659447922,0.13611989565008026,0.3726141624597717,0.40569607594535567,0.650818551790038
4332,0.4056960765514198,0.08556986309532288,0.1361198946092884,0.37261416574396855,0.4056960765514198,0.6508185496218073
4333,0.40569607715748407,0.08556986024585356,0.1361198935684967,0.3726141690281655,0.40569607715748407,0.6508185474535775
4334,0.4056960777635484,0.08556985739638429,0.1361198925277048,0.3726141723123624,0.4056960777635484,0.6508185452853479
4335,0.4056960783696126,0.08556985454691499,0.136119891486913,0.3726141755965593,0.4056960783696126,0.6508185431171178
4336,0.4056960789756766,0.0855698516974458,0.13611989044612127,0.3726141788807561,0.4056960789756766,0.6508185409488879
4337,0.40569607958174053,0.08556984884797672,0.13611988940532965,0.3726141821649529,0.40569607958174053,0.6508185387806578
4338,0.4056960801878047,0.08556984599850773,0.13611988836453798,0.37261418544914954,0.4056960801878047,0.6508185366124278
4339,0.4056960807938686,0.08556984314903866,0.1361198873237464,0.3726141887333461,0.4056960807938686,0.6508185344441977
4340,0.40569608139993263,0.08556984029956975,0.13611988628295477,0.37261419201754264,0.40569608139993263,0.6508185322759676
4341,0.4056960820059966,0.08556983745010088,0.13611988524216306,0.37261419530173934,0.4056960820059966,0.6508185301077378
4342,0.4056960826120604,0.08556983460063226,0.1361198842013715,0.3726141985859358,0.4056960826120604,0.6508185279395078
4343,0.4056960832181242,0.08556983175116346,0.13611988316058,0.37261420187013217,0.4056960832181242,0.6508185257712781
4344,0.40569608382418815,0.08556982890169453,0.13611988211978857,0.3726142051543286,0.40569608382418815,0.6508185236030481
4345,0.4056960844302518,0.0855698260522259,0.13611988107899714,0.3726142084385251,0.4056960844302518,0.6508185214348182
4346,0.40569608503631555,0.08556982320275718,0.13611988003820574,0.37261421172272124,0.40569608503631555,0.6508185192665887
4347,0.4056960856423792,0.0855698203532887,0.13611987899741426,0.3726142150069177,0.4056960856423792,0.6508185170983588
4348,0.4056960862484426,0.08556981750382031,0.13611987795662306,0.37261421829111385,0.4056960862484426,0.6508185149301281
4349,0.4056960868545062,0.08556981465435179,0.13611987691583174,0.3726142215753101,0.4056960868545062,0.6508185127618986
4350,0.4056960874605697,0.08556981180488335,0.13611987587504049,0.37261422485950624,0.4056960874605697,0.6508185105936686
4351,0.4056960880666331,0.08556980895541505,0.13611987483424928,0.37261422814370243,0.4056960880666331,0.6508185084254388
4352,0.40569608867269646,0.0855698061059468,0.1361198737934579,0.3726142314278985,0.40569608867269646,0.6508185062572092
4353,0.40569608927875994,0.08556980325647862,0.1361198727526667,0.37261423471209454,0.40569608927875994,0.6508185040889791
4354,0.40569608988482325,0.08556980040701047,0.1361198717118756,0.37261423799629045,0.40569608988482325,0.6508185019207491
4355,0.40569609049088656,0.08556979755754238,0.13611987067108453,0.37261424128048637,0.40569609049088656,0.6508184997525192
4356,0.40569609109694976,0.08556979470807433,0.13611986963029338,0.37261424456468234,0.40569609109694976,0.6508184975842893
4357,0.40569609170301285,0.08556979185860636,0.13611986858950242,0.37261424784887814,0.40569609170301285,0.6508184954160596
4358,0.40569609230907616,0.08556978900913836,0.13611986754871133,0.37261425113307406,0.40569609230907616,0.6508184932478307
4359,0.40569609291513914,0.08556978615967067,0.13611986650792032,0.37261425441726975,0.40569609291513914,0.6508184910796
4360,0.4056960935212022,0.08556978331020273,0.1361198654671295,0.3726142577014654,0.4056960935212022,0.6508184889113702
4361,0.40569609412726515,0.08556978046073484,0.13611986442633855,0.37261426098566114,0.40569609412726515,0.6508184867431406
4362,0.4056960947333281,0.08556977761126722,0.1361198633855477,0.3726142642698568,0.4056960947333281,0.6508184845749109
4363,0.4056960953393911,0.08556977476179956,0.13611986234475684,0.3726142675540524,0.4056960953393911,0.6508184824066812
4364,0.4056960959454542,0.08556977191233191,0.13611986130396594,0.37261427083824783,0.4056960959454542,0.6508184802384518
4365,0.405696096551517,0.08556976906286423,0.13611986026317535,0.3726142741224434,0.405696096551517,0.650818478070222
4366,0.4056960971575798,0.08556976621339689,0.1361198592223844,0.37261427740663877,0.4056960971575798,0.6508184759019922
4367,0.40569609776364257,0.08556976336392919,0.13611985818159375,0.3726142806908342,0.40569609776364257,0.6508184737337623
4368,0.4056960983697052,0.08556976051446191,0.13611985714080307,0.3726142839750296,0.4056960983697052,0.6508184715655327
4369,0.40569609897576786,0.08556975766499449,0.13611985610001254,0.3726142872592248,0.40569609897576786,0.6508184693973025
4370,0.40569609958183067,0.08556975481552725,0.13611985505922192,0.37261429054342005,0.40569609958183067,0.6508184672290733
4371,0.4056961001878932,0.08556975196606005,0.1361198540184315,0.37261429382761513,0.4056961001878932,0.6508184650608433
4372,0.40569610079395596,0.08556974911659285,0.13611985297764087,0.3726142971118103,0.40569610079395596,0.6508184628926139
4373,0.40569610140001844,0.08556974626712566,0.13611985193685042,0.3726143003960053,0.40569610140001844,0.6508184607243841
4374,0.4056961020060809,0.0855697434176585,0.13611985089606,0.37261430368020054,0.4056961020060809,0.6508184585561548
4375,0.40569610261214334,0.08556974056819136,0.13611984985526956,0.37261430696439557,0.40569610261214334,0.6508184563879253
4376,0.40569610321820565,0.08556973771872453,0.13611984881447914,0.3726143102485906,0.40569610321820565,0.6508184542196954
4377,0.405696103824268,0.08556973486925772,0.13611984777368855,0.3726143135327855,0.405696103824268,0.6508184520514659
4378,0.4056961044303305,0.0855697320197908,0.13611984673289831,0.3726143168169804,0.4056961044303305,0.6508184498832363
4379,0.4056961050363928,0.0855697291703239,0.13611984569210786,0.37261432010117523,0.4056961050363928,0.6508184477150066
4380,0.405696105642455,0.0855697263208572,0.13611984465131774,0.37261432338537004,0.405696105642455,0.6508184455467767
4381,0.40569610624851743,0.08556972347139043,0.13611984361052729,0.3726143266695646,0.40569610624851743,0.650818443378547
4382,0.4056961068545797,0.08556972062192386,0.13611984256973722,0.3726143299537592,0.4056961068545797,0.6508184412103175
4383,0.40569610746064166,0.08556971777245721,0.13611984152894702,0.37261433323795384,0.40569610746064166,0.6508184390420877
4384,0.4056961080667038,0.08556971492299079,0.1361198404881568,0.3726143365221484,0.4056961080667038,0.6508184368738583
4385,0.4056961086727658,0.08556971207352433,0.13611983944736672,0.37261433980634306,0.4056961086727658,0.6508184347056292
4386,0.40569610927882765,0.08556970922405797,0.1361198384065768,0.37261434309053754,0.40569610927882765,0.6508184325373987
4387,0.4056961098848897,0.08556970637459145,0.13611983736578662,0.37261434637473195,0.4056961098848897,0.6508184303691693
4388,0.4056961104909519,0.08556970352512502,0.1361198363249967,0.3726143496589264,0.4056961104909519,0.6508184282009408
4389,0.40569611109701353,0.08556970067565882,0.1361198352842066,0.3726143529431208,0.40569611109701353,0.6508184260327106
4390,0.40569611170307546,0.08556969782619249,0.1361198342434169,0.3726143562273151,0.40569611170307546,0.650818423864481
4391,0.40569611230913727,0.08556969497672648,0.13611983320262686,0.37261435951150934,0.40569611230913727,0.6508184216962518
4392,0.40569611291519897,0.08556969212726037,0.13611983216183698,0.3726143627957035,0.40569611291519897,0.6508184195280222
4393,0.40569611352126067,0.08556968927779436,0.13611983112104709,0.37261436607989773,0.40569611352126067,0.6508184173597926
4394,0.4056961141273224,0.08556968642832834,0.13611983008025738,0.37261436936409187,0.4056961141273224,0.6508184151915635
4395,0.4056961147333839,0.08556968357886234,0.1361198290394676,0.3726143726482859,0.4056961147333839,0.6508184130233341
4396,0.4056961153394455,0.08556968072939648,0.1361198279986779,0.37261437593247987,0.4056961153394455,0.6508184108551037
4397,0.4056961159455071,0.08556967787993068,0.1361198269578882,0.3726143792166738,0.4056961159455071,0.6508184086868746
4398,0.40569611655156856,0.08556967503046495,0.13611982591709856,0.3726143825008678,0.40569611655156856,0.6508184065186458
4399,0.4056961171576301,0.08556967218099933,0.1361198248763088,0.3726143857850618,0.4056961171576301,0.6508184043504162
4400,0.4056961177636914,0.0855696693315335,0.13611982383551938,0.37261438906925554,0.4056961177636914,0.6508184021821863
4401,0.4056961183697529,0.08556966648206794,0.1361198227947297,0.3726143923534494,0.4056961183697529,0.6508184000139574
4402,0.4056961189758141,0.08556966363260243,0.1361198217539402,0.372614395637643,0.4056961189758141,0.6508183978457275
4403,0.4056961195818754,0.0855696607831369,0.13611982071315074,0.3726143989218367,0.4056961195818754,0.6508183956774984
4404,0.40569612018793666,0.08556965793367145,0.13611981967236128,0.3726144022060304,0.40569612018793666,0.6508183935092693
4405,0.405696120793998,0.08556965508420612,0.1361198186315717,0.3726144054902239,0.405696120793998,0.6508183913410397
4406,0.4056961214000592,0.08556965223474086,0.1361198175907823,0.37261440877441754,0.4056961214000592,0.6508183891728101
4407,0.40569612200612026,0.08556964938527556,0.13611981654999283,0.3726144120586111,0.40569612200612026,0.6508183870045805
4408,0.4056961226121815,0.0855696465358103,0.13611981550920332,0.3726144153428046,0.4056961226121815,0.6508183848363518
4409,0.4056961232182425,0.0855696436863452,0.13611981446841404,0.372614418626998,0.4056961232182425,0.6508183826681224
4410,0.4056961238243036,0.08556964083688007,0.13611981342762489,0.37261442191119126,0.4056961238243036,0.6508183804998927
4411,0.4056961244303645,0.08556963798741503,0.1361198123868357,0.37261442519538474,0.4056961244303645,0.6508183783316639
4412,0.4056961250364254,0.08556963513795003,0.13611981134604628,0.372614428479578,0.4056961250364254,0.6508183761634341
4413,0.4056961256424864,0.08556963228848509,0.13611981030525713,0.37261443176377124,0.4056961256424864,0.6508183739952051
4414,0.405696126248547,0.08556962943902022,0.13611980926446807,0.3726144350479645,0.405696126248547,0.6508183718269759
4415,0.40569612685460776,0.08556962658955541,0.13611980822367892,0.3726144383321577,0.40569612685460776,0.6508183696587466
4416,0.40569612746066863,0.08556962374009058,0.13611980718288988,0.37261444161635077,0.40569612746066863,0.6508183674905172
4417,0.40569612806672933,0.08556962089062582,0.13611980614210095,0.3726144449005438,0.40569612806672933,0.6508183653222879
4418,0.4056961286727899,0.08556961804116112,0.13611980510131183,0.3726144481847367,0.4056961286727899,0.6508183631540583
4419,0.40569612927885057,0.08556961519169645,0.13611980406052296,0.37261445146892974,0.40569612927885057,0.650818360985829
4420,0.4056961298849113,0.08556961234223183,0.13611980301973395,0.37261445475312266,0.4056961298849113,0.6508183588176004
4421,0.4056961304909719,0.08556960949276732,0.13611980197894505,0.37261445803731535,0.4056961304909719,0.6508183566493708
4422,0.40569613109703223,0.08556960664330301,0.13611980093815623,0.37261446132150816,0.40569613109703223,0.6508183544811413
4423,0.4056961317030928,0.08556960379383863,0.1361197998973673,0.3726144646057011,0.4056961317030928,0.6508183523129127
4424,0.4056961323091532,0.08556960094437416,0.1361197988565786,0.3726144678898937,0.4056961323091532,0.650818350144683
4425,0.40569613291521345,0.08556959809490985,0.13611979781578995,0.37261447117408647,0.40569613291521345,0.6508183479764538
4426,0.4056961335212738,0.08556959524544577,0.13611979677500116,0.372614474458279,0.4056961335212738,0.6508183458082246
4427,0.4056961341273341,0.08556959239598158,0.13611979573421248,0.37261447774247164,0.4056961341273341,0.6508183436399957
4428,0.4056961347333944,0.08556958954651742,0.1361197946934238,0.3726144810266643,0.4056961347333944,0.6508183414717666
4429,0.4056961353394546,0.08556958669705342,0.13611979365263516,0.3726144843108568,0.4056961353394546,0.6508183393035376
4430,0.4056961359455147,0.08556958384758934,0.1361197926118466,0.3726144875950491,0.4056961359455147,0.6508183371353082
4431,0.4056961365515749,0.08556958099812531,0.13611979157105802,0.3726144908792416,0.4056961365515749,0.6508183349670794
4432,0.4056961371576349,0.0855695781486614,0.1361197905302695,0.37261449416343395,0.4056961371576349,0.6508183327988502
4433,0.405696137763695,0.08556957529919755,0.13611978948948103,0.3726144974476263,0.405696137763695,0.6508183306306214
4434,0.4056961383697548,0.08556957244973372,0.13611978844869263,0.37261450073181857,0.4056961383697548,0.6508183284623918
4435,0.40569613897581486,0.08556956960027005,0.13611978740790417,0.3726145040160108,0.40569613897581486,0.6508183262941631
4436,0.4056961395818749,0.08556956675080629,0.13611978636711586,0.37261450730020296,0.4056961395818749,0.650818324125934
4437,0.4056961401879347,0.08556956390134265,0.13611978532632749,0.37261451058439504,0.4056961401879347,0.6508183219577051
4438,0.40569614079399474,0.08556956105187907,0.136119784285539,0.372614513868587,0.40569614079399474,0.6508183197894759
4439,0.40569614140005444,0.08556955820241562,0.13611978324475077,0.37261451715277905,0.40569614140005444,0.6508183176212464
4440,0.4056961420061143,0.08556955535295212,0.13611978220396237,0.37261452043697113,0.4056961420061143,0.650818315453018
4441,0.40569614261217407,0.08556955250348856,0.1361197811631742,0.37261452372116316,0.40569614261217407,0.6508183132847883
4442,0.4056961432182338,0.08556954965402523,0.13611978012238587,0.37261452700535497,0.4056961432182338,0.6508183111165595
4443,0.40569614382429325,0.08556954680456194,0.13611977908159772,0.37261453028954683,0.40569614382429325,0.6508183089483304
4444,0.40569614443035285,0.08556954395509873,0.13611977804080957,0.3726145335737388,0.40569614443035285,0.6508183067801017
4445,0.40569614503641227,0.08556954110563564,0.13611977700002148,0.3726145368579304,0.40569614503641227,0.6508183046118723
4446,0.4056961456424718,0.08556953825617246,0.13611977595923336,0.3726145401421221,0.4056961456424718,0.6508183024436431
4447,0.4056961462485313,0.08556953540670932,0.13611977491844532,0.3726145434263139,0.4056961462485313,0.6508183002754147
4448,0.4056961468545907,0.08556953255724638,0.1361197738776572,0.37261454671050553,0.4056961468545907,0.6508182981071859
4449,0.4056961474606501,0.08556952970778342,0.1361197728368692,0.37261454999469706,0.4056961474606501,0.6508182959389565
4450,0.4056961480667094,0.08556952685832059,0.13611977179608134,0.37261455327888865,0.4056961480667094,0.6508182937707273
4451,0.40569614867276865,0.08556952400885764,0.13611977075529352,0.37261455656308007,0.40569614867276865,0.6508182916024987
4452,0.40569614927882797,0.08556952115939485,0.13611976971450565,0.3726145598472715,0.40569614927882797,0.6508182894342698
4453,0.4056961498848871,0.0855695183099321,0.1361197686737177,0.3726145631314628,0.4056961498848871,0.6508182872660404
4454,0.4056961504909463,0.08556951546046931,0.13611976763293,0.3726145664156542,0.4056961504909463,0.6508182850978119
4455,0.4056961510970053,0.08556951261100676,0.13611976659214226,0.3726145696998454,0.4056961510970053,0.6508182829295824
4456,0.4056961517030644,0.08556950976154419,0.13611976555135438,0.3726145729840367,0.4056961517030644,0.6508182807613541
4457,0.40569615230912337,0.08556950691208175,0.1361197645105667,0.372614576268228,0.40569615230912337,0.650818278593125
4458,0.40569615291518235,0.08556950406261929,0.13611976346977914,0.3726145795524192,0.40569615291518235,0.6508182764248968
4459,0.4056961535212413,0.08556950121315694,0.1361197624289915,0.37261458283661025,0.4056961535212413,0.6508182742566672
4460,0.4056961541273002,0.0855694983636946,0.1361197613882037,0.3726145861208012,0.4056961541273002,0.6508182720884387
4461,0.4056961547333593,0.08556949551423212,0.1361197603474163,0.37261458940499226,0.4056961547333593,0.6508182699202102
4462,0.4056961553394181,0.08556949266476989,0.13611975930662865,0.37261459268918307,0.4056961553394181,0.650818267751981
4463,0.4056961559454769,0.08556948981530767,0.13611975826584116,0.3726145959733741,0.4056961559454769,0.6508182655837519
4464,0.4056961565515355,0.08556948696584564,0.1361197572250538,0.372614599257565,0.4056961565515355,0.6508182634155233
4465,0.4056961571575941,0.08556948411638352,0.1361197561842664,0.3726146025417558,0.4056961571575941,0.6508182612472947
4466,0.40569615776365286,0.0855694812669214,0.136119755143479,0.37261460582594663,0.40569615776365286,0.6508182590790657
4467,0.4056961583697115,0.08556947841745947,0.13611975410269161,0.37261460911013733,0.4056961583697115,0.6508182569108373
4468,0.4056961589757701,0.08556947556799749,0.13611975306190421,0.372614612394328,0.4056961589757701,0.6508182547426082
4469,0.40569615958182886,0.08556947271853549,0.1361197520211169,0.37261461567851867,0.40569615958182886,0.6508182525743798
4470,0.4056961601878873,0.08556946986907367,0.1361197509803297,0.3726146189627092,0.4056961601878873,0.6508182504061507
4471,0.4056961607939459,0.08556946701961193,0.13611974993954246,0.3726146222468996,0.4056961607939459,0.6508182482379222
4472,0.4056961614000042,0.08556946417015032,0.1361197488987553,0.3726146255310899,0.4056961614000042,0.6508182460696927
4473,0.4056961620060626,0.08556946132068854,0.1361197478579681,0.3726146288152804,0.4056961620060626,0.650818243901464
4474,0.4056961626121208,0.0855694584712269,0.1361197468171811,0.372614632099471,0.4056961626121208,0.6508182417332353
4475,0.4056961632181791,0.08556945562176564,0.13611974577639382,0.3726146353836613,0.4056961632181791,0.6508182395650068
4476,0.40569616382423734,0.08556945277230403,0.13611974473560684,0.37261463866785166,0.40569616382423734,0.6508182373967784
4477,0.40569616443029566,0.0855694499228425,0.13611974369481986,0.3726146419520418,0.40569616443029566,0.6508182352285492
4478,0.4056961650363537,0.0855694470733811,0.13611974265403276,0.372614645236232,0.4056961650363537,0.6508182330603205
4479,0.40569616564241195,0.0855694442239196,0.1361197416132459,0.37261464852042225,0.40569616564241195,0.6508182308920922
4480,0.4056961662484699,0.0855694413744585,0.13611974057245893,0.3726146518046124,0.4056961662484699,0.6508182287238627
4481,0.40569616685452814,0.08556943852499722,0.13611973953167192,0.37261465508880254,0.40569616685452814,0.650818226555635
4482,0.4056961674605862,0.08556943567553593,0.13611973849088518,0.3726146583729926,0.4056961674605862,0.6508182243874066
4483,0.40569616806664405,0.08556943282607483,0.13611973745009837,0.3726146616571825,0.40569616806664405,0.6508182222191775
4484,0.405696168672702,0.08556942997661379,0.13611973640931152,0.3726146649413725,0.405696168672702,0.650818220050949
4485,0.40569616927875984,0.08556942712715278,0.13611973536852479,0.3726146682255624,0.40569616927875984,0.6508182178827203
4486,0.4056961698848177,0.08556942427769182,0.13611973432773813,0.3726146715097522,0.4056961698848177,0.6508182157144916
4487,0.4056961704908754,0.08556942142823103,0.1361197332869514,0.37261467479394195,0.4056961704908754,0.6508182135462627
4488,0.4056961710969333,0.08556941857876996,0.13611973224616483,0.37261467807813187,0.4056961710969333,0.6508182113780347
4489,0.405696171702991,0.0855694157293091,0.13611973120537815,0.3726146813623216,0.405696171702991,0.6508182092098063
4490,0.4056961723090487,0.08556941287984848,0.13611973016459158,0.37261468464651115,0.4056961723090487,0.6508182070415773
4491,0.4056961729151063,0.08556941003038772,0.13611972912380513,0.3726146879307009,0.4056961729151063,0.6508182048733487
4492,0.4056961735211638,0.08556940718092708,0.13611972808301842,0.3726146912148904,0.4056961735211638,0.6508182027051199
4493,0.4056961741272215,0.08556940433146652,0.13611972704223196,0.37261469449907986,0.4056961741272215,0.6508182005368914
4494,0.405696174733279,0.0855694014820059,0.1361197260014455,0.3726146977832695,0.405696174733279,0.650818198368663
4495,0.4056961753393364,0.08556939863254537,0.136119724960659,0.37261470106745903,0.4056961753393364,0.6508181962004347
4496,0.4056961759453938,0.08556939578308514,0.13611972391987268,0.37261470435164845,0.4056961759453938,0.6508181940322064
4497,0.40569617655145107,0.08556939293362481,0.13611972287908622,0.3726147076358377,0.40569617655145107,0.650818191863977
4498,0.40569617715750844,0.0855693900841645,0.13611972183829987,0.37261471092002696,0.40569617715750844,0.6508181896957486
4499,0.40569617776356576,0.0855693872347041,0.13611972079751358,0.37261471420421627,0.40569617776356576,0.6508181875275204
4500,0.405696178369623,0.08556938438524396,0.13611971975672726,0.3726147174884055,0.405696178369623,0.6508181853592923
4501,0.4056961789756802,0.08556938153578388,0.1361197187159411,0.37261472077259467,0.4056961789756802,0.6508181831910635
4502,0.4056961795817374,0.08556937868632376,0.1361197176751549,0.3726147240567837,0.4056961795817374,0.6508181810228353
4503,0.40569618018779446,0.0855693758368637,0.13611971663436884,0.3726147273409728,0.40569618018779446,0.6508181788546064
4504,0.40569618079385167,0.08556937298740375,0.13611971559358266,0.37261473062516187,0.40569618079385167,0.6508181766863781
4505,0.4056961813999088,0.0855693701379438,0.13611971455279653,0.3726147339093508,0.4056961813999088,0.6508181745181498
4506,0.4056961820059657,0.08556936728848395,0.13611971351201052,0.3726147371935397,0.4056961820059657,0.6508181723499209
4507,0.4056961826120227,0.0855693644390242,0.1361197124712244,0.3726147404777286,0.4056961826120227,0.6508181701816932
4508,0.4056961832180796,0.08556936158956437,0.13611971143043855,0.37261474376191733,0.4056961832180796,0.650818168013464
4509,0.4056961838241365,0.08556935874010466,0.13611971038965262,0.37261474704610614,0.4056961838241365,0.6508181658452357
4510,0.40569618443019334,0.08556935589064502,0.1361197093488667,0.3726147503302949,0.40569618443019334,0.6508181636770078
4511,0.4056961850362502,0.08556935304118543,0.13611970830808076,0.3726147536144836,0.4056961850362502,0.6508181615087796
4512,0.405696185642307,0.08556935019172594,0.13611970726729483,0.3726147568986722,0.405696185642307,0.650818159340551
4513,0.4056961862483636,0.0855693473422664,0.1361197062265091,0.37261476018286077,0.4056961862483636,0.6508181571723226
4514,0.4056961868544204,0.08556934449280694,0.1361197051857233,0.37261476346704925,0.4056961868544204,0.6508181550040943
4515,0.40569618746047686,0.08556934164334758,0.13611970414493763,0.3726147667512378,0.40569618746047686,0.6508181528358659
4516,0.40569618806653346,0.08556933879388831,0.13611970310415192,0.3726147700354261,0.40569618806653346,0.6508181506676373
4517,0.40569618867258994,0.08556933594442898,0.1361197020633663,0.37261477331961446,0.40569618867258994,0.6508181484994089
4518,0.40569618927864654,0.08556933309496972,0.1361197010225806,0.37261477660380293,0.40569618927864654,0.6508181463311807
4519,0.40569618988470296,0.0855693302455107,0.1361196999817949,0.3726147798879913,0.40569618988470296,0.6508181441629526
4520,0.40569619049075933,0.08556932739605175,0.13611969894100925,0.3726147831721796,0.40569619049075933,0.6508181419947243
4521,0.40569619109681565,0.08556932454659265,0.13611969790022363,0.3726147864563678,0.40569619109681565,0.6508181398264958
4522,0.40569619170287197,0.08556932169713359,0.1361196968594381,0.372614789740556,0.40569619170287197,0.6508181376582673
4523,0.4056961923089282,0.08556931884767482,0.13611969581865252,0.3726147930247442,0.4056961923089282,0.6508181354900393
4524,0.40569619291498454,0.08556931599821581,0.13611969477786715,0.3726147963089322,0.40569619291498454,0.650818133321811
4525,0.4056961935210408,0.08556931314875708,0.13611969373708158,0.37261479959312027,0.4056961935210408,0.6508181311535828
4526,0.40569619412709707,0.08556931029929825,0.13611969269629634,0.3726148028773083,0.40569619412709707,0.6508181289853543
4527,0.4056961947331532,0.08556930744983961,0.13611969165551085,0.37261480616149606,0.4056961947331532,0.6508181268171263
4528,0.40569619533920936,0.08556930460038083,0.13611969061472562,0.37261480944568404,0.40569619533920936,0.650818124648898
4529,0.40569619594526546,0.08556930175092235,0.1361196895739403,0.3726148127298719,0.40569619594526546,0.65081812248067
4530,0.4056961965513214,0.0855692989014637,0.13611968853315518,0.3726148160140597,0.4056961965513214,0.650818120312442
4531,0.40569619715737726,0.08556929605200515,0.13611968749236986,0.3726148192982474,0.40569619715737726,0.6508181181442136
4532,0.40569619776343313,0.08556929320254685,0.13611968645158481,0.3726148225824352,0.40569619776343313,0.6508181159759852
4533,0.405696198369489,0.08556929035308825,0.1361196854107996,0.3726148258666229,0.405696198369489,0.6508181138077573
4534,0.40569619897554476,0.08556928750363016,0.13611968437001454,0.3726148291508104,0.40569619897554476,0.6508181116395291
4535,0.40569619958160064,0.08556928465417184,0.1361196833292294,0.372614832434998,0.40569619958160064,0.6508181094713006
4536,0.40569620018765645,0.08556928180471356,0.13611968228844434,0.3726148357191855,0.40569620018765645,0.6508181073030724
4537,0.405696200793712,0.08556927895525532,0.13611968124765944,0.37261483900337306,0.405696200793712,0.6508181051348443
4538,0.4056962013997678,0.08556927610579723,0.1361196802068743,0.37261484228756053,0.4056962013997678,0.6508181029666162
4539,0.40569620200582346,0.08556927325633915,0.1361196791660894,0.3726148455717479,0.40569620200582346,0.6508181007983884
4540,0.40569620261187905,0.0855692704068812,0.1361196781253044,0.37261484885593527,0.40569620261187905,0.65081809863016
4541,0.4056962032179345,0.08556926755742313,0.13611967708451966,0.3726148521401226,0.4056962032179345,0.6508180964619321
4542,0.40569620382399,0.08556926470796533,0.13611967604373462,0.37261485542430983,0.40569620382399,0.6508180942937039
4543,0.40569620443004556,0.0855692618585075,0.13611967500294975,0.37261485870849703,0.40569620443004556,0.6508180921254756
4544,0.405696205036101,0.08556925900904978,0.13611967396216496,0.3726148619926841,0.405696205036101,0.6508180899572475
4545,0.40569620564215636,0.08556925615959192,0.1361196729213803,0.37261486527687115,0.40569620564215636,0.6508180877890197
4546,0.40569620624821184,0.08556925331013433,0.13611967188059543,0.3726148685610583,0.40569620624821184,0.6508180856207914
4547,0.40569620685426727,0.08556925046067657,0.13611967083981086,0.37261487184524533,0.40569620685426727,0.6508180834525634
4548,0.4056962074603225,0.08556924761121906,0.13611966979902626,0.37261487512943214,0.4056962074603225,0.6508180812843354
4549,0.40569620806637763,0.08556924476176152,0.13611966875824164,0.37261487841361907,0.40569620806637763,0.6508180791161072
4550,0.4056962086724327,0.08556924191230418,0.13611966771745704,0.372614881697806,0.4056962086724327,0.6508180769478791
4551,0.4056962092784879,0.08556923906284683,0.13611966667667239,0.3726148849819928,0.4056962092784879,0.6508180747796513
4552,0.40569620988454286,0.08556923621338947,0.13611966563588793,0.37261488826617956,0.40569620988454286,0.6508180726114232
4553,0.40569621049059806,0.08556923336393216,0.13611966459510325,0.37261489155036637,0.40569621049059806,0.6508180704431955
4554,0.40569621109665294,0.08556923051447503,0.13611966355431881,0.372614894834553,0.40569621109665294,0.6508180682749667
4555,0.4056962117027079,0.08556922766501779,0.13611966251353436,0.37261489811873966,0.4056962117027079,0.6508180661067393
4556,0.40569621230876296,0.08556922481556052,0.13611966147275004,0.37261490140292636,0.40569621230876296,0.6508180639385112
4557,0.4056962129148178,0.08556922196610356,0.13611966043196566,0.37261490468711295,0.4056962129148178,0.6508180617702832
4558,0.40569621352087265,0.08556921911664657,0.13611965939118123,0.3726149079712994,0.40569621352087265,0.6508180596020553
4559,0.4056962141269274,0.08556921626718962,0.13611965835039685,0.3726149112554858,0.4056962141269274,0.6508180574338276
4560,0.405696214732982,0.08556921341773269,0.13611965730961267,0.3726149145396723,0.405696214732982,0.6508180552655995
4561,0.4056962153390367,0.08556921056827586,0.13611965626882852,0.37261491782385864,0.4056962153390367,0.6508180530973715
4562,0.4056962159450915,0.08556920771881917,0.13611965522804445,0.3726149211080449,0.4056962159450915,0.6508180509291439
4563,0.405696216551146,0.08556920486936238,0.13611965418726016,0.3726149243922311,0.405696216551146,0.6508180487609156
4564,0.4056962171572006,0.08556920201990566,0.13611965314647617,0.3726149276764174,0.4056962171572006,0.650818046592688
4565,0.40569621776325515,0.08556919917044917,0.136119652105692,0.37261493096060366,0.40569621776325515,0.6508180444244602
4566,0.4056962183693097,0.0855691963209926,0.13611965106490787,0.37261493424478964,0.4056962183693097,0.6508180422562321
4567,0.4056962189753642,0.08556919347153595,0.13611965002412382,0.3726149375289759,0.4056962189753642,0.6508180400880046
4568,0.4056962195814185,0.08556919062207953,0.1361196489833399,0.3726149408131619,0.4056962195814185,0.650818037919776
4569,0.4056962201874728,0.08556918777262316,0.13611964794255593,0.3726149440973479,0.4056962201874728,0.6508180357515485
4570,0.4056962207935273,0.08556918492316666,0.13611964690177203,0.37261494738153395,0.4056962207935273,0.6508180335833212
4571,0.4056962213995814,0.08556918207371056,0.13611964586098815,0.3726149506657197,0.4056962213995814,0.6508180314150929
4572,0.40569622200563565,0.08556917922425435,0.13611964482020425,0.3726149539499056,0.40569622200563565,0.6508180292468656
4573,0.40569622261168975,0.08556917637479818,0.13611964377942037,0.37261495723409155,0.40569622261168975,0.6508180270786368
4574,0.4056962232177441,0.08556917352534191,0.1361196427386365,0.37261496051827736,0.4056962232177441,0.6508180249104099
4575,0.40569622382379805,0.08556917067588593,0.13611964169785268,0.3726149638024631,0.40569622382379805,0.6508180227421814
4576,0.40569622442985215,0.08556916782642991,0.13611964065706889,0.3726149670866489,0.40569622442985215,0.6508180205739542
4577,0.40569622503590597,0.0855691649769739,0.13611963961628532,0.3726149703708346,0.40569622503590597,0.6508180184057258
4578,0.40569622564195995,0.08556916212751803,0.13611963857550166,0.37261497365502017,0.40569622564195995,0.6508180162374979
4579,0.405696226248014,0.08556915927806202,0.13611963753471787,0.3726149769392057,0.405696226248014,0.6508180140692702
4580,0.40569622685406803,0.08556915642860638,0.13611963649393427,0.37261498022339123,0.40569622685406803,0.6508180119010427
4581,0.4056962274601219,0.08556915357915054,0.13611963545315076,0.37261498350757677,0.4056962274601219,0.650818009732815
4582,0.40569622806617556,0.08556915072969487,0.13611963441236716,0.3726149867917622,0.40569622806617556,0.650818007564587
4583,0.40569622867222954,0.085569147880239,0.13611963337158375,0.3726149900759475,0.40569622867222954,0.6508180053963595
4584,0.4056962292782832,0.08556914503078357,0.13611963233080024,0.3726149933601327,0.4056962292782832,0.6508180032281317
4585,0.4056962298843369,0.08556914218132802,0.13611963129001678,0.37261499664431796,0.4056962298843369,0.6508180010599041
4586,0.40569623049039066,0.08556913933187252,0.13611963024923332,0.37261499992850333,0.40569623049039066,0.6508179988916767
4587,0.4056962310964442,0.08556913648241724,0.1361196292084499,0.37261500321268837,0.4056962310964442,0.6508179967234484
4588,0.40569623170249786,0.08556913363296169,0.13611962816766668,0.37261500649687357,0.40569623170249786,0.6508179945552213
4589,0.40569623230855123,0.08556913078350643,0.13611962712688344,0.37261500978105866,0.40569623230855123,0.6508179923869932
4590,0.40569623291460477,0.08556912793405128,0.1361196260861001,0.3726150130652437,0.40569623291460477,0.6508179902187655
4591,0.40569623352065826,0.08556912508459602,0.1361196250453169,0.3726150163494286,0.40569623352065826,0.6508179880505377
4592,0.4056962341267117,0.08556912223514092,0.13611962400453367,0.37261501963361343,0.4056962341267117,0.65081798588231
4593,0.40569623473276517,0.08556911938568593,0.13611962296375038,0.3726150229177983,0.40569623473276517,0.6508179837140827
4594,0.4056962353388185,0.0855691165362311,0.13611962192296737,0.372615026201983,0.4056962353388185,0.6508179815458548
4595,0.4056962359448718,0.08556911368677585,0.13611962088218432,0.3726150294861679,0.4056962359448718,0.6508179793776279
4596,0.4056962365509249,0.085569110837321,0.13611961984140133,0.3726150327703527,0.4056962365509249,0.6508179772093999
4597,0.4056962371569781,0.08556910798786617,0.1361196188006182,0.3726150360545373,0.4056962371569781,0.6508179750411727
4598,0.4056962377630314,0.08556910513841133,0.1361196177598353,0.3726150393387219,0.4056962377630314,0.6508179728729447
4599,0.4056962383690844,0.08556910228895656,0.1361196167190523,0.37261504262290635,0.4056962383690844,0.6508179707047173
4600,0.4056962389751375,0.08556909943950189,0.13611961567826955,0.37261504590709094,0.4056962389751375,0.6508179685364899
4601,0.40569623958119044,0.08556909659004724,0.13611961463748662,0.3726150491912755,0.40569623958119044,0.6508179663682621
4602,0.40569624018724365,0.0855690937405926,0.13611961359670371,0.37261505247545995,0.40569624018724365,0.6508179642000349
4603,0.40569624079329647,0.0855690908911381,0.13611961255592095,0.37261505575964426,0.40569624079329647,0.6508179620318071
4604,0.4056962413993493,0.08556908804168367,0.1361196115151381,0.37261505904382863,0.4056962413993493,0.6508179598635793
4605,0.4056962420054022,0.08556908519222917,0.13611961047435536,0.3726150623280131,0.4056962420054022,0.6508179576953526
4606,0.405696242611455,0.08556908234277472,0.13611960943357265,0.37261506561219754,0.405696242611455,0.6508179555271251
4607,0.4056962432175078,0.08556907949332043,0.13611960839278994,0.37261506889638163,0.4056962432175078,0.6508179533588974
4608,0.40569624382356057,0.08556907664386607,0.13611960735200732,0.3726150721805659,0.40569624382356057,0.6508179511906699
4609,0.4056962444296133,0.08556907379441182,0.13611960631122463,0.37261507546475003,0.4056962444296133,0.6508179490224426
4610,0.4056962450356661,0.08556907094495765,0.1361196052704421,0.3726150787489342,0.4056962450356661,0.6508179468542151
4611,0.4056962456417187,0.08556906809550358,0.1361196042296595,0.37261508203311816,0.4056962456417187,0.6508179446859876
4612,0.4056962462477712,0.08556906524604946,0.1361196031888771,0.37261508531730203,0.4056962462477712,0.6508179425177598
4613,0.4056962468538237,0.08556906239659545,0.1361196021480946,0.3726150886014862,0.4056962468538237,0.6508179403495324
4614,0.4056962474598762,0.08556905954714146,0.13611960110731222,0.37261509188567,0.4056962474598762,0.6508179381813052
4615,0.4056962480659286,0.08556905669768756,0.13611960006652982,0.37261509516985386,0.4056962480659286,0.6508179360130775
4616,0.4056962486719811,0.08556905384823366,0.13611959902574744,0.3726150984540377,0.4056962486719811,0.6508179338448505
4617,0.40569624927803355,0.08556905099877987,0.1361195979849652,0.37261510173822127,0.40569624927803355,0.6508179316766229
4618,0.40569624988408604,0.08556904814932607,0.1361195969441829,0.37261510502240486,0.40569624988408604,0.6508179295083956
4619,0.4056962504901381,0.08556904529987253,0.13611959590340048,0.37261510830658856,0.4056962504901381,0.6508179273401677
4620,0.4056962510961904,0.08556904245041884,0.13611959486261827,0.3726151115907722,0.4056962510961904,0.6508179251719404
4621,0.40569625170224277,0.08556903960096532,0.13611959382183614,0.3726151148749558,0.40569625170224277,0.6508179230037137
4622,0.40569625230829487,0.08556903675151185,0.13611959278105404,0.3726151181591393,0.40569625230829487,0.6508179208354858
4623,0.40569625291434697,0.08556903390205832,0.13611959174027172,0.37261512144332276,0.40569625291434697,0.6508179186672585
4624,0.40569625352039895,0.08556903105260483,0.1361195906994897,0.3726151247275062,0.40569625352039895,0.6508179164990309
4625,0.40569625412645105,0.0855690282031515,0.13611958965870763,0.3726151280116896,0.40569625412645105,0.6508179143308043
4626,0.40569625473250304,0.08556902535369826,0.13611958861792559,0.37261513129587287,0.40569625473250304,0.6508179121625765
4627,0.4056962553385549,0.08556902250424493,0.13611958757714368,0.37261513458005624,0.4056962553385549,0.6508179099943492
4628,0.4056962559446069,0.08556901965479183,0.1361195865363617,0.3726151378642395,0.4056962559446069,0.6508179078261218
4629,0.40569625655065883,0.08556901680533864,0.13611958549557973,0.37261514114842265,0.40569625655065883,0.650817905657895
4630,0.40569625715671065,0.08556901395588551,0.13611958445479783,0.3726151444326058,0.40569625715671065,0.6508179034896675
4631,0.40569625776276236,0.08556901110643246,0.13611958341401598,0.372615147716789,0.40569625776276236,0.6508179013214402
4632,0.4056962583688144,0.08556900825697956,0.13611958237323402,0.37261515100097203,0.4056962583688144,0.6508178991532135
4633,0.4056962589748659,0.08556900540752672,0.13611958133245217,0.37261515428515496,0.4056962589748659,0.6508178969849858
4634,0.4056962595809176,0.0855690025580738,0.1361195802916705,0.37261515756933783,0.4056962595809176,0.6508178948167583
4635,0.40569626018696925,0.08556899970862111,0.13611957925088863,0.37261516085352087,0.40569626018696925,0.650817892648531
4636,0.40569626079302074,0.08556899685916829,0.13611957821010687,0.3726151641377038,0.40569626079302074,0.6508178904803039
4637,0.40569626139907233,0.08556899400971547,0.1361195771693252,0.3726151674218866,0.40569626139907233,0.6508178883120768
4638,0.40569626200512393,0.0855689911602629,0.1361195761285436,0.3726151707060695,0.40569626200512393,0.65081788614385
4639,0.40569626261117536,0.08556898831081045,0.1361195750877619,0.3726151739902523,0.40569626261117536,0.6508178839756225
4640,0.4056962632172265,0.08556898546135779,0.13611957404698047,0.37261517727443505,0.4056962632172265,0.6508178818073949
4641,0.4056962638232778,0.08556898261190544,0.13611957300619884,0.37261518055861764,0.4056962638232778,0.6508178796391675
4642,0.4056962644293292,0.08556897976245291,0.13611957196541724,0.37261518384280046,0.4056962644293292,0.650817877470941
4643,0.4056962650353806,0.0855689769130005,0.13611957092463567,0.3726151871269829,0.4056962650353806,0.6508178753027135
4644,0.4056962656414318,0.08556897406354823,0.13611956988385426,0.3726151904111655,0.4056962656414318,0.6508178731344865
4645,0.405696266247483,0.08556897121409596,0.13611956884307286,0.37261519369534807,0.405696266247483,0.6508178709662594
4646,0.4056962668535342,0.08556896836464375,0.13611956780229137,0.37261519697953044,0.4056962668535342,0.6508178687980324
4647,0.40569626745958526,0.08556896551519173,0.13611956676151007,0.37261520026371275,0.40569626745958526,0.6508178666298052
4648,0.40569626806563625,0.08556896266573966,0.13611956572072878,0.3726152035478952,0.40569626806563625,0.6508178644615783
4649,0.4056962686716873,0.08556895981628761,0.13611956467994768,0.37261520683207744,0.4056962686716873,0.6508178622933509
4650,0.4056962692777383,0.0855689569668355,0.13611956363916644,0.37261521011625964,0.4056962692777383,0.6508178601251235
4651,0.4056962698837892,0.08556895411738363,0.13611956259838517,0.3726152134004419,0.4056962698837892,0.6508178579568966
4652,0.4056962704898401,0.08556895126793193,0.13611956155760394,0.37261521668462394,0.4056962704898401,0.6508178557886688
4653,0.4056962710958909,0.08556894841848002,0.13611956051682278,0.3726152199688061,0.4056962710958909,0.6508178536204425
4654,0.4056962717019416,0.08556894556902835,0.13611955947604157,0.3726152232529881,0.4056962717019416,0.6508178514522153
4655,0.40569627230799243,0.0855689427195767,0.13611955843526047,0.3726152265371703,0.40569627230799243,0.6508178492839887
4656,0.405696272914043,0.085568939870125,0.13611955739447956,0.37261522982135226,0.405696272914043,0.6508178471157615
4657,0.4056962735200937,0.08556893702067349,0.13611955635369843,0.3726152331055342,0.4056962735200937,0.6508178449475339
4658,0.4056962741261443,0.08556893417122191,0.13611955531291745,0.37261523638971605,0.4056962741261443,0.6508178427793073
4659,0.4056962747321949,0.08556893132177044,0.13611955427213654,0.3726152396738978,0.4056962747321949,0.6508178406110801
4660,0.4056962753382456,0.08556892847231903,0.13611955323135563,0.3726152429580796,0.4056962753382456,0.6508178384428533
4661,0.40569627594429614,0.08556892562286769,0.13611955219057478,0.3726152462422612,0.40569627594429614,0.6508178362746264
4662,0.40569627655034685,0.08556892277341624,0.1361195511497939,0.3726152495264429,0.40569627655034685,0.6508178341063999
4663,0.40569627715639733,0.08556891992396508,0.13611955010901314,0.3726152528106244,0.40569627715639733,0.6508178319381723
4664,0.4056962777624477,0.08556891707451376,0.1361195490682323,0.37261525609480595,0.4056962777624477,0.6508178297699452
4665,0.40569627836849814,0.08556891422506253,0.1361195480274515,0.3726152593789876,0.40569627836849814,0.6508178276017189
4666,0.4056962789745486,0.08556891137561168,0.13611954698667084,0.37261526266316897,0.4056962789745486,0.6508178254334911
4667,0.40569627958059873,0.08556890852616068,0.13611954594589015,0.37261526594735034,0.40569627958059873,0.6508178232652644
4668,0.405696280186649,0.08556890567670979,0.13611954490510944,0.37261526923153154,0.405696280186649,0.6508178210970375
4669,0.4056962807926992,0.0855689028272588,0.13611954386432887,0.37261527251571297,0.4056962807926992,0.6508178189288105
4670,0.4056962813987494,0.08556889997780787,0.13611954282354816,0.37261527579989445,0.4056962813987494,0.6508178167605843
4671,0.4056962820047994,0.08556889712835711,0.13611954178276772,0.3726152790840757,0.4056962820047994,0.6508178145923569
4672,0.4056962826108495,0.08556889427890628,0.13611954074198712,0.3726152823682568,0.4056962826108495,0.65081781242413
4673,0.4056962832168995,0.08556889142945553,0.13611953970120674,0.37261528565243796,0.4056962832168995,0.6508178102559032
4674,0.4056962838229495,0.08556888858000493,0.13611953866042628,0.37261528893661916,0.4056962838229495,0.6508178080876761
4675,0.40569628442899924,0.08556888573055432,0.13611953761964604,0.3726152922208002,0.40569628442899924,0.6508178059194492
4676,0.40569628503504923,0.08556888288110374,0.13611953657886552,0.3726152955049813,0.40569628503504923,0.6508178037512224
4677,0.40569628564109916,0.08556888003165329,0.13611953553808512,0.3726152987891622,0.40569628564109916,0.6508178015829957
4678,0.4056962862471491,0.08556887718220282,0.13611953449730477,0.3726153020733432,0.4056962862471491,0.650817799414769
4679,0.4056962868531989,0.08556887433275237,0.1361195334565244,0.37261530535752424,0.4056962868531989,0.650817797246543
4680,0.40569628745924846,0.08556887148330206,0.13611953241574426,0.37261530864170495,0.40569628745924846,0.6508177950783149
4681,0.40569628806529834,0.08556886863385178,0.13611953137496394,0.3726153119258857,0.40569628806529834,0.6508177929100885
4682,0.40569628867134794,0.08556886578440158,0.1361195303341837,0.37261531521006647,0.40569628867134794,0.6508177907418616
4683,0.40569628927739754,0.08556886293495147,0.13611952929340357,0.3726153184942472,0.40569628927739754,0.6508177885736348
4684,0.4056962898834472,0.08556886008550134,0.13611952825262347,0.3726153217784279,0.4056962898834472,0.650817786405408
4685,0.4056962904894966,0.08556885723605143,0.1361195272118434,0.3726153250626085,0.4056962904894966,0.6508177842371812
4686,0.40569629109554617,0.08556885438660118,0.13611952617106343,0.37261532834678907,0.40569629109554617,0.6508177820689545
4687,0.4056962917015957,0.08556885153715135,0.1361195251302834,0.37261533163096944,0.4056962917015957,0.6508177799007275
4688,0.4056962923076451,0.08556884868770133,0.13611952408950342,0.37261533491515003,0.4056962923076451,0.6508177777325012
4689,0.40569629291369447,0.08556884583825164,0.13611952304872346,0.3726153381993303,0.40569629291369447,0.650817775564274
4690,0.4056962935197439,0.08556884298880182,0.13611952200794347,0.3726153414835108,0.4056962935197439,0.6508177733960476
4691,0.40569629412579317,0.085568840139352,0.13611952096716368,0.37261534476769104,0.40569629412579317,0.6508177712278206
4692,0.40569629473184254,0.08556883728990228,0.13611951992638366,0.37261534805187146,0.40569629473184254,0.6508177690595943
4693,0.4056962953378918,0.08556883444045255,0.13611951888560392,0.3726153513360515,0.4056962953378918,0.6508177668913675
4694,0.4056962959439409,0.08556883159100306,0.13611951784482415,0.37261535462023165,0.4056962959439409,0.6508177647231403
4695,0.4056962965499901,0.08556882874155335,0.13611951680404452,0.3726153579044118,0.4056962965499901,0.6508177625549139
4696,0.4056962971560391,0.08556882589210402,0.13611951576326484,0.37261536118859173,0.4056962971560391,0.6508177603866867
4697,0.4056962977620882,0.08556882304265442,0.13611951472248512,0.37261536447277194,0.4056962977620882,0.6508177582184604
4698,0.4056962983681372,0.08556882019320491,0.13611951368170563,0.372615367756952,0.4056962983681372,0.6508177560502336
4699,0.40569629897418624,0.08556881734375567,0.13611951264092587,0.37261537104113207,0.40569629897418624,0.6508177538820072
4700,0.40569629958023506,0.08556881449430656,0.1361195116001463,0.3726153743253119,0.40569629958023506,0.6508177517137805
4701,0.40569630018628383,0.0855688116448573,0.13611951055936686,0.37261537760949176,0.40569630018628383,0.6508177495455538
4702,0.40569630079233276,0.08556880879540806,0.13611950951858717,0.3726153808936717,0.40569630079233276,0.6508177473773274
4703,0.4056963013983816,0.08556880594595902,0.13611950847780782,0.37261538417785145,0.4056963013983816,0.6508177452091013
4704,0.40569630200443035,0.08556880309650995,0.1361195074370283,0.37261538746203127,0.40569630200443035,0.6508177430408746
4705,0.40569630261047895,0.08556880024706126,0.13611950639624898,0.37261539074621075,0.40569630261047895,0.6508177408726477
4706,0.4056963032165276,0.08556879739761224,0.13611950535546954,0.37261539403039046,0.4056963032165276,0.6508177387044211
4707,0.4056963038225762,0.08556879454816332,0.1361195043146903,0.37261539731456994,0.4056963038225762,0.6508177365361942
4708,0.40569630442862475,0.0855687916987146,0.13611950327391076,0.3726154005987496,0.40569630442862475,0.6508177343679682
4709,0.4056963050346733,0.08556878884926583,0.1361195022331316,0.3726154038829291,0.4056963050346733,0.6508177321997413
4710,0.40569630564072173,0.08556878599981711,0.13611950119235244,0.3726154071671085,0.40569630564072173,0.6508177300315148
4711,0.40569630624677017,0.08556878315036856,0.13611950015157323,0.3726154104512879,0.40569630624677017,0.6508177278632883
4712,0.4056963068528186,0.0855687803009199,0.136119499110794,0.3726154137354674,0.4056963068528186,0.6508177256950622
4713,0.40569630745886687,0.08556877745147148,0.13611949807001483,0.3726154170196466,0.40569630745886687,0.6508177235268355
4714,0.4056963080649153,0.08556877460202299,0.13611949702923587,0.3726154203038258,0.4056963080649153,0.650817721358609
4715,0.4056963086709635,0.08556877175257444,0.1361194959884567,0.37261542358800515,0.4056963086709635,0.6508177191903826
4716,0.4056963092770118,0.0855687689031262,0.13611949494767767,0.37261542687218424,0.4056963092770118,0.6508177170221556
4717,0.4056963098830599,0.08556876605367797,0.13611949390689862,0.3726154301563634,0.4056963098830599,0.6508177148539293
4718,0.405696310489108,0.08556876320422972,0.1361194928661196,0.3726154334405425,0.405696310489108,0.6508177126857029
4719,0.4056963110951561,0.08556876035478148,0.13611949182534056,0.3726154367247216,0.4056963110951561,0.6508177105174763
4720,0.40569631170120435,0.08556875750533326,0.13611949078456165,0.3726154400089007,0.40569631170120435,0.65081770834925
4721,0.4056963123072523,0.08556875465588516,0.1361194897437828,0.37261544329307955,0.4056963123072523,0.6508177061810237
4722,0.40569631291330027,0.0855687518064371,0.13611948870300394,0.3726154465772584,0.40569631291330027,0.6508177040127975
4723,0.4056963135193483,0.0855687489569891,0.13611948766222515,0.37261544986143724,0.4056963135193483,0.6508177018445706
4724,0.4056963141253963,0.08556874610754123,0.13611948662144632,0.3726154531456159,0.4056963141253963,0.6508176996763442
4725,0.40569631473144413,0.08556874325809338,0.13611948558066753,0.3726154564297947,0.40569631473144413,0.6508176975081179
4726,0.40569631533749184,0.0855687404086455,0.13611948453988892,0.3726154597139734,0.40569631533749184,0.6508176953398914
4727,0.4056963159435396,0.0855687375591978,0.13611948349911018,0.37261546299815207,0.4056963159435396,0.6508176931716649
4728,0.40569631654958743,0.08556873470975017,0.13611948245833153,0.37261546628233067,0.40569631654958743,0.6508176910034387
4729,0.40569631715563526,0.08556873186030255,0.13611948141755303,0.3726154695665091,0.40569631715563526,0.6508176888352123
4730,0.40569631776168286,0.08556872901085481,0.13611948037677427,0.37261547285068763,0.40569631776168286,0.6508176866669861
4731,0.4056963183677305,0.08556872616140745,0.1361194793359957,0.37261547613486623,0.4056963183677305,0.65081768449876
4732,0.405696318973778,0.08556872331195996,0.13611947829521717,0.37261547941904477,0.405696318973778,0.6508176823305334
4733,0.40569631957982555,0.08556872046251256,0.13611947725443863,0.37261548270322314,0.40569631957982555,0.6508176801623072
4734,0.405696320185873,0.08556871761306513,0.1361194762136602,0.3726154859874015,0.405696320185873,0.650817677994081
4735,0.40569632079192036,0.08556871476361774,0.1361194751728818,0.3726154892715797,0.40569632079192036,0.6508176758258546
4736,0.40569632139796785,0.08556871191417052,0.1361194741321035,0.37261549255575793,0.40569632139796785,0.6508176736576281
4737,0.40569632200401523,0.08556870906472328,0.1361194730913252,0.3726154958399362,0.40569632200401523,0.6508176714894021
4738,0.40569632261006255,0.08556870621527612,0.13611947205054678,0.3726154991241143,0.40569632261006255,0.6508176693211751
4739,0.40569632321610977,0.085568703365829,0.13611947100976854,0.3726155024082923,0.40569632321610977,0.6508176671529492
4740,0.40569632382215715,0.08556870051638196,0.13611946996899021,0.3726155056924703,0.40569632382215715,0.6508176649847232
4741,0.40569632442820436,0.08556869766693509,0.1361194689282119,0.37261550897664847,0.40569632442820436,0.6508176628164966
4742,0.4056963250342517,0.08556869481748801,0.13611946788743384,0.3726155122608263,0.4056963250342517,0.6508176606482705
4743,0.4056963256402986,0.08556869196804116,0.13611946684665568,0.37261551554500416,0.4056963256402986,0.6508176584800438
4744,0.4056963262463457,0.08556868911859414,0.1361194658058776,0.3726155188291822,0.4056963262463457,0.6508176563118178
4745,0.40569632685239276,0.08556868626914765,0.1361194647650994,0.3726155221133601,0.40569632685239276,0.6508176541435909
4746,0.40569632745843975,0.08556868341970074,0.13611946372432132,0.3726155253975379,0.40569632745843975,0.6508176519753652
4747,0.4056963280644868,0.08556868057025413,0.13611946268354327,0.3726155286817156,0.4056963280644868,0.6508176498071394
4748,0.40569632867053373,0.08556867772080745,0.13611946164276528,0.37261553196589337,0.40569632867053373,0.6508176476389129
4749,0.4056963292765805,0.08556867487136094,0.13611946060198737,0.3726155352500709,0.4056963292765805,0.6508176454706865
4750,0.40569632988262727,0.08556867202191441,0.13611945956120955,0.3726155385342485,0.40569632988262727,0.6508176433024602
4751,0.4056963304886742,0.08556866917246785,0.13611945852043164,0.37261554181842604,0.4056963304886742,0.6508176411342343
4752,0.40569633109472086,0.0855686663230215,0.1361194574796537,0.37261554510260375,0.40569633109472086,0.6508176389660083
4753,0.40569633170076763,0.08556866347357504,0.1361194564388759,0.3726155483867813,0.40569633170076763,0.6508176367977825
4754,0.4056963323068141,0.08556866062412877,0.13611945539809814,0.37261555167095856,0.4056963323068141,0.650817634629556
4755,0.4056963329128608,0.0855686577746826,0.13611945435732037,0.37261555495513604,0.4056963329128608,0.65081763246133
4756,0.4056963335189075,0.08556865492523652,0.1361194533165424,0.37261555823931347,0.4056963335189075,0.6508176302931041
4757,0.40569633412495404,0.08556865207579041,0.13611945227576477,0.37261556152349085,0.40569633412495404,0.6508176281248773
4758,0.4056963347310005,0.0855686492263442,0.13611945123498723,0.37261556480766783,0.4056963347310005,0.6508176259566518
4759,0.40569633533704696,0.08556864637689829,0.13611945019420954,0.372615568091845,0.40569633533704696,0.6508176237884253
4760,0.4056963359430934,0.08556864352745222,0.13611944915343208,0.37261557137602214,0.4056963359430934,0.6508176216201995
4761,0.4056963365491397,0.08556864067800639,0.13611944811265447,0.3726155746601992,0.4056963365491397,0.6508176194519735
4762,0.4056963371551862,0.08556863782856045,0.13611944707187695,0.3726155779443764,0.4056963371551862,0.6508176172837479
4763,0.4056963377612323,0.08556863497911465,0.13611944603109952,0.37261558122855337,0.4056963377612323,0.6508176151155212
4764,0.4056963383672784,0.08556863212966878,0.13611944499032216,0.37261558451273036,0.4056963383672784,0.6508176129472953
4765,0.4056963389733248,0.08556862928022321,0.1361194439495446,0.3726155877969072,0.4056963389733248,0.6508176107790691
4766,0.405696339579371,0.08556862643077762,0.13611944290876724,0.37261559108108405,0.405696339579371,0.6508176086108428
4767,0.4056963401854172,0.08556862358133199,0.1361194418679898,0.37261559436526087,0.4056963401854172,0.650817606442617
4768,0.4056963407914634,0.08556862073188631,0.13611944082721245,0.37261559764943775,0.4056963407914634,0.6508176042743913
4769,0.4056963413975092,0.08556861788244104,0.13611943978643518,0.3726156009336144,0.4056963413975092,0.6508176021061647
4770,0.4056963420035551,0.08556861503299555,0.13611943874565802,0.37261560421779116,0.4056963420035551,0.6508175999379386
4771,0.4056963426096011,0.0855686121835501,0.13611943770488083,0.37261560750196787,0.4056963426096011,0.6508175977697126
4772,0.40569634321564696,0.0855686093341047,0.13611943666410362,0.37261561078614447,0.40569634321564696,0.6508175956014872
4773,0.40569634382169284,0.08556860648465961,0.13611943562332668,0.37261561407032096,0.40569634382169284,0.6508175934332608
4774,0.4056963444277386,0.08556860363521435,0.13611943458254946,0.3726156173544974,0.4056963444277386,0.6508175912650349
4775,0.4056963450337844,0.08556860078576933,0.13611943354177225,0.3726156206386738,0.4056963450337844,0.6508175890968092
4776,0.40569634563983015,0.0855685979363242,0.13611943250099515,0.3726156239228503,0.40569634563983015,0.6508175869285832
4777,0.4056963462458759,0.08556859508687924,0.1361194314602181,0.3726156272070266,0.4056963462458759,0.6508175847603573
4778,0.40569634685192163,0.08556859223743421,0.13611943041944108,0.372615630491203,0.40569634685192163,0.6508175825921314
4779,0.4056963474579672,0.08556858938798924,0.1361194293786641,0.3726156337753792,0.4056963474579672,0.6508175804239051
4780,0.4056963480640127,0.0855685865385444,0.13611942833788718,0.37261563705955547,0.4056963480640127,0.6508175782556794
4781,0.4056963486700582,0.08556858368909957,0.13611942729711043,0.3726156403437317,0.4056963486700582,0.6508175760874537
4782,0.4056963492761038,0.08556858083965489,0.13611942625633341,0.3726156436279078,0.4056963492761038,0.6508175739192279
4783,0.4056963498821492,0.08556857799021027,0.13611942521555662,0.37261564691208376,0.4056963498821492,0.6508175717510019
4784,0.40569635048819463,0.08556857514076563,0.13611942417477974,0.3726156501962598,0.40569635048819463,0.6508175695827758
4785,0.40569635109423996,0.08556857229132096,0.13611942313400302,0.3726156534804358,0.40569635109423996,0.6508175674145499
4786,0.40569635170028523,0.08556856944187652,0.13611942209322628,0.3726156567646117,0.40569635170028523,0.6508175652463244
4787,0.40569635230633055,0.08556856659243198,0.13611942105244956,0.37261566004878766,0.40569635230633055,0.6508175630780985
4788,0.4056963529123756,0.08556856374298745,0.13611942001167307,0.37261566333296353,0.4056963529123756,0.6508175609098729
4789,0.405696353518421,0.08556856089354313,0.13611941897089658,0.37261566661713924,0.405696353518421,0.6508175587416469
4790,0.405696354124466,0.08556855804409885,0.13611941793011986,0.37261566990131484,0.405696354124466,0.6508175565734207
4791,0.4056963547305112,0.08556855519465467,0.1361194168893434,0.37261567318549055,0.4056963547305112,0.6508175544051951
4792,0.40569635533655624,0.08556855234521038,0.1361194158485669,0.3726156764696661,0.40569635533655624,0.6508175522369692
4793,0.40569635594260145,0.08556854949576613,0.13611941480779027,0.37261567975384197,0.40569635594260145,0.6508175500687443
4794,0.4056963565486464,0.08556854664632195,0.13611941376701403,0.37261568303801745,0.4056963565486464,0.6508175479005178
4795,0.4056963571546914,0.08556854379687795,0.13611941272623762,0.37261568632219283,0.4056963571546914,0.6508175457322922
4796,0.40569635776073615,0.085568540947434,0.13611941168546118,0.37261568960636826,0.40569635776073615,0.6508175435640664
4797,0.4056963583667811,0.0855685380979902,0.13611941064468489,0.3726156928905437,0.4056963583667811,0.6508175413958409
4798,0.40569635897282597,0.08556853524854612,0.1361194096039086,0.3726156961747192,0.40569635897282597,0.6508175392276152
4799,0.4056963595788706,0.08556853239910232,0.13611940856313232,0.3726156994588945,0.4056963595788706,0.6508175370593894
4800,0.4056963601849154,0.0855685295496586,0.13611940752235618,0.3726157027430697,0.4056963601849154,0.6508175348911637
4801,0.4056963607909601,0.08556852670021484,0.13611940648157994,0.372615706027245,0.4056963607909601,0.6508175327229377
4802,0.40569636139700477,0.08556852385077113,0.13611940544080361,0.3726157093114203,0.40569636139700477,0.6508175305547125
4803,0.4056963620030493,0.08556852100132757,0.13611940440002765,0.3726157125955954,0.4056963620030493,0.6508175283864861
4804,0.4056963626090939,0.08556851815188393,0.13611940335925138,0.3726157158797705,0.4056963626090939,0.650817526218261
4805,0.40569636321513836,0.08556851530244061,0.13611940231847533,0.3726157191639456,0.40569636321513836,0.6508175240500349
4806,0.40569636382118274,0.08556851245299715,0.13611940127769925,0.3726157224481206,0.40569636382118274,0.6508175218818095
4807,0.4056963644272273,0.08556850960355378,0.1361194002369232,0.3726157257322956,0.4056963644272273,0.6508175197135841
4808,0.4056963650332716,0.08556850675411047,0.13611939919614716,0.3726157290164704,0.4056963650332716,0.6508175175453577
4809,0.40569636563931605,0.08556850390466722,0.13611939815537127,0.3726157323006453,0.40569636563931605,0.6508175153771327
4810,0.4056963662453603,0.08556850105522393,0.13611939711459536,0.3726157355848202,0.4056963662453603,0.6508175132089069
4811,0.4056963668514046,0.0855684982057808,0.13611939607381957,0.37261573886899474,0.4056963668514046,0.6508175110406813
4812,0.40569636745744886,0.08556849535633783,0.13611939503304366,0.37261574215316956,0.40569636745744886,0.6508175088724557
4813,0.40569636806349313,0.08556849250689466,0.13611939399226783,0.3726157454373442,0.40569636806349313,0.6508175067042306
4814,0.40569636866953707,0.0855684896574517,0.13611939295149214,0.3726157487215187,0.40569636866953707,0.6508175045360041
4815,0.40569636927558134,0.08556848680800876,0.1361193919107163,0.3726157520056934,0.40569636927558134,0.6508175023677791
4816,0.40569636988162544,0.08556848395856588,0.1361193908699407,0.37261575528986784,0.40569636988162544,0.650817500199554
4817,0.4056963704876695,0.08556848110912309,0.13611938982916486,0.3726157585740424,0.4056963704876695,0.6508174980313282
4818,0.40569637109371354,0.0855684782596802,0.13611938878838933,0.37261576185821665,0.40569637109371354,0.6508174958631028
4819,0.40569637169975736,0.08556847541023752,0.1361193877476138,0.3726157651423913,0.40569637169975736,0.6508174936948773
4820,0.40569637230580124,0.0855684725607949,0.13611938670683812,0.3726157684265655,0.40569637230580124,0.6508174915266512
4821,0.4056963729118451,0.08556846971135229,0.13611938566606258,0.37261577171073973,0.4056963729118451,0.6508174893584253
4822,0.40569637351788906,0.08556846686190955,0.1361193846252871,0.37261577499491405,0.40569637351788906,0.6508174871902
4823,0.40569637412393295,0.08556846401246705,0.13611938358451148,0.37261577827908837,0.40569637412393295,0.650817485021975
4824,0.40569637472997666,0.08556846116302468,0.13611938254373612,0.3726157815632624,0.40569637472997666,0.6508174828537494
4825,0.4056963753360203,0.08556845831358227,0.13611938150296063,0.3726157848474366,0.4056963753360203,0.6508174806855241
4826,0.40569637594206387,0.08556845546413996,0.13611938046218544,0.37261578813161067,0.40569637594206387,0.6508174785172983
4827,0.4056963765481074,0.08556845261469771,0.13611937942141003,0.3726157914157848,0.4056963765481074,0.6508174763490728
4828,0.4056963771541509,0.08556844976525542,0.13611937838063462,0.3726157946999587,0.4056963771541509,0.6508174741808472
4829,0.40569637776019457,0.08556844691581315,0.13611937733985935,0.3726157979841327,0.40569637776019457,0.6508174720126223
4830,0.4056963783662381,0.08556844406637101,0.136119376299084,0.3726158012683067,0.4056963783662381,0.6508174698443969
4831,0.40569637897228145,0.08556844121692901,0.13611937525830886,0.3726158045524805,0.40569637897228145,0.6508174676761713
4832,0.4056963795783249,0.08556843836748688,0.13611937421753367,0.3726158078366543,0.4056963795783249,0.6508174655079457
4833,0.4056963801843684,0.08556843551804491,0.13611937317675848,0.37261581112082814,0.4056963801843684,0.6508174633397209
4834,0.4056963807904116,0.08556843266860313,0.13611937213598332,0.3726158144050017,0.4056963807904116,0.6508174611714946
4835,0.4056963813964549,0.08556842981916118,0.13611937109520827,0.37261581768917545,0.4056963813964549,0.6508174590032698
4836,0.405696382002498,0.08556842696971939,0.13611937005443314,0.3726158209733491,0.405696382002498,0.6508174568350438
4837,0.4056963826085411,0.08556842412027775,0.1361193690136583,0.37261582425752265,0.4056963826085411,0.6508174546668186
4838,0.4056963832145844,0.08556842127083589,0.13611936797288335,0.3726158275416961,0.4056963832145844,0.6508174524985937
4839,0.4056963838206274,0.08556841842139434,0.13611936693210847,0.3726158308258696,0.4056963838206274,0.6508174503303679
4840,0.4056963844266703,0.08556841557195272,0.13611936589133347,0.372615834110043,0.4056963844266703,0.6508174481621423
4841,0.40569638503271366,0.08556841272251119,0.13611936485055867,0.3726158373942164,0.40569638503271366,0.6508174459939176
4842,0.4056963856387567,0.0855684098730698,0.13611936380978368,0.3726158406783897,0.4056963856387567,0.6508174438256926
4843,0.4056963862447996,0.08556840702362839,0.13611936276900888,0.3726158439625629,0.4056963862447996,0.6508174416574668
4844,0.40569638685084247,0.08556840417418704,0.13611936172823413,0.3726158472467363,0.40569638685084247,0.6508174394892416
4845,0.40569638745688535,0.08556840132474583,0.13611936068745925,0.37261585053090934,0.40569638745688535,0.6508174373210163
4846,0.405696388062928,0.08556839847530459,0.13611935964668465,0.3726158538150825,0.405696388062928,0.650817435152791
4847,0.4056963886689707,0.08556839562586352,0.13611935860590982,0.37261585709925565,0.4056963886689707,0.6508174329845657
4848,0.40569638927501334,0.0855683927764222,0.13611935756513524,0.37261586038342887,0.40569638927501334,0.6508174308163406
4849,0.40569638988105594,0.08556838992698115,0.1361193565243607,0.3726158636676019,0.40569638988105594,0.6508174286481152
4850,0.4056963904870986,0.08556838707754019,0.13611935548358617,0.37261586695177473,0.4056963904870986,0.6508174264798898
4851,0.4056963910931413,0.08556838422809913,0.1361193544428116,0.37261587023594783,0.4056963910931413,0.650817424311665
4852,0.40569639169918387,0.08556838137865816,0.1361193534020372,0.37261587352012066,0.40569639169918387,0.6508174221434397
4853,0.40569639230522636,0.08556837852921728,0.13611935236126277,0.37261587680429353,0.40569639230522636,0.6508174199752149
4854,0.40569639291126885,0.08556837567977657,0.13611935132048836,0.37261588008846613,0.40569639291126885,0.6508174178069897
4855,0.40569639351731124,0.08556837283033586,0.13611935027971392,0.3726158833726388,0.40569639351731124,0.6508174156387642
4856,0.4056963941233536,0.08556836998089508,0.13611934923893967,0.3726158866568115,0.4056963941233536,0.650817413470539
4857,0.405696394729396,0.08556836713145449,0.1361193481981652,0.3726158899409841,0.405696394729396,0.6508174113023135
4858,0.40569639533543833,0.08556836428201392,0.1361193471573908,0.37261589322515676,0.40569639533543833,0.650817409134089
4859,0.4056963959414806,0.08556836143257351,0.13611934611661644,0.3726158965093293,0.4056963959414806,0.6508174069658637
4860,0.40569639654752276,0.08556835858313296,0.13611934507584228,0.37261589979350174,0.40569639654752276,0.6508174047976382
4861,0.40569639715356504,0.08556835573369233,0.13611934403506806,0.3726159030776742,0.40569639715356504,0.6508174026294132
4862,0.4056963977596073,0.08556835288425212,0.13611934299429393,0.37261590636184655,0.4056963977596073,0.6508174004611881
4863,0.4056963983656494,0.08556835003481167,0.1361193419535198,0.37261590964601893,0.4056963983656494,0.6508173982929633
4864,0.4056963989716914,0.0855683471853713,0.1361193409127458,0.3726159129301913,0.4056963989716914,0.6508173961247379
4865,0.4056963995777335,0.08556834433593126,0.13611933987197167,0.3726159162143636,0.4056963995777335,0.6508173939565125
4866,0.40569640018377556,0.085568341486491,0.13611933883119756,0.3726159194985358,0.40569640018377556,0.6508173917882876
4867,0.4056964007898175,0.08556833863705086,0.13611933779042357,0.37261592278270794,0.4056964007898175,0.6508173896200625
4868,0.4056964013958595,0.08556833578761072,0.13611933674964968,0.37261592606688,0.4056964013958595,0.6508173874518373
4869,0.40569640200190127,0.08556833293817082,0.13611933570887577,0.37261592935105203,0.40569640200190127,0.6508173852836123
4870,0.4056964026079431,0.08556833008873074,0.1361193346681018,0.3726159326352241,0.4056964026079431,0.6508173831153872
4871,0.4056964032139849,0.08556832723929096,0.13611933362732792,0.37261593591939607,0.4056964032139849,0.650817380947162
4872,0.40569640382002653,0.08556832438985112,0.1361193325865541,0.37261593920356795,0.40569640382002653,0.6508173787789369
4873,0.4056964044260682,0.08556832154041147,0.1361193315457802,0.3726159424877398,0.4056964044260682,0.6508173766107117
4874,0.40569640503211,0.08556831869097153,0.13611933050500646,0.3726159457719119,0.40569640503211,0.6508173744424873
4875,0.4056964056381515,0.08556831584153203,0.13611932946423266,0.37261594905608353,0.4056964056381515,0.6508173722742618
4876,0.40569640624419306,0.08556831299209222,0.13611932842345909,0.3726159523402553,0.40569640624419306,0.6508173701060365
4877,0.4056964068502347,0.08556831014265268,0.1361193273826853,0.3726159556244271,0.4056964068502347,0.650817367937812
4878,0.40569640745627605,0.08556830729321321,0.13611932634191182,0.37261595890859867,0.40569640745627605,0.6508173657695866
4879,0.40569640806231744,0.08556830444377372,0.13611932530113813,0.3726159621927704,0.40569640806231744,0.6508173636013617
4880,0.40569640866835893,0.08556830159433416,0.13611932426036455,0.3726159654769419,0.40569640866835893,0.6508173614331367
4881,0.40569640927440026,0.08556829874489504,0.13611932321959103,0.37261596876111347,0.40569640927440026,0.6508173592649115
4882,0.4056964098804416,0.08556829589545568,0.13611932217881748,0.37261597204528507,0.4056964098804416,0.650817357096687
4883,0.4056964104864828,0.08556829304601654,0.13611932113804404,0.3726159753294565,0.4056964104864828,0.6508173549284618
4884,0.405696411092524,0.0855682901965772,0.13611932009727054,0.37261597861362794,0.405696411092524,0.6508173527602368
4885,0.40569641169856524,0.08556828734713819,0.1361193190564971,0.37261598189779915,0.40569641169856524,0.6508173505920116
4886,0.4056964123046065,0.08556828449769904,0.13611931801572358,0.37261598518197064,0.4056964123046065,0.6508173484237871
4887,0.4056964129106476,0.08556828164826005,0.13611931697495033,0.37261598846614175,0.4056964129106476,0.6508173462555622
4888,0.4056964135166888,0.08556827879882106,0.13611931593417703,0.37261599175031296,0.4056964135166888,0.6508173440873375
4889,0.4056964141227298,0.08556827594938218,0.13611931489340373,0.37261599503448406,0.4056964141227298,0.6508173419191126
4890,0.40569641472877077,0.08556827309994341,0.13611931385263049,0.3726159983186552,0.40569641472877077,0.6508173397508874
4891,0.40569641533481177,0.08556827025050454,0.13611931281185727,0.3726160016028261,0.40569641533481177,0.6508173375826628
4892,0.40569641594085265,0.0855682674010659,0.13611931177108408,0.372616004886997,0.40569641594085265,0.6508173354144376
4893,0.4056964165468935,0.08556826455162728,0.136119310730311,0.37261600817116797,0.4056964165468935,0.6508173332462129
4894,0.40569641715293453,0.08556826170218837,0.13611930968953784,0.3726160114553391,0.40569641715293453,0.6508173310779883
4895,0.40569641775897536,0.08556825885274981,0.13611930864876465,0.37261601473951,0.40569641775897536,0.6508173289097635
4896,0.405696418365016,0.08556825600331128,0.13611930760799182,0.3726160180236806,0.405696418365016,0.650817326741538
4897,0.40569641897105685,0.08556825315387281,0.13611930656721874,0.3726160213078513,0.40569641897105685,0.6508173245733133
4898,0.4056964195770975,0.08556825030443449,0.13611930552644566,0.37261602459202214,0.4056964195770975,0.6508173224050892
4899,0.4056964201831381,0.08556824745499599,0.13611930448567278,0.3726160278761928,0.4056964201831381,0.6508173202368642
4900,0.4056964207891788,0.0855682446055577,0.13611930344489986,0.37261603116036346,0.4056964207891788,0.650817318068639
4901,0.40569642139521933,0.08556824175611952,0.13611930240412703,0.3726160344445339,0.40569642139521933,0.6508173159004145
4902,0.4056964220012597,0.08556823890668122,0.1361193013633542,0.3726160377287045,0.4056964220012597,0.6508173137321895
4903,0.40569642260730027,0.08556823605724312,0.1361193003225815,0.3726160410128751,0.40569642260730027,0.6508173115639655
4904,0.4056964232133407,0.08556823320780495,0.13611929928180883,0.37261604429704553,0.4056964232133407,0.6508173093957406
4905,0.405696423819381,0.08556823035836691,0.13611929824103608,0.37261604758121586,0.405696423819381,0.6508173072275156
4906,0.4056964244254213,0.08556822750892891,0.13611929720026347,0.3726160508653861,0.4056964244254213,0.650817305059291
4907,0.4056964250314617,0.08556822465949109,0.13611929615949067,0.37261605414955634,0.4056964250314617,0.6508173028910659
4908,0.40569642563750213,0.08556822181005312,0.13611929511871798,0.3726160574337266,0.40569642563750213,0.6508173007228418
4909,0.4056964262435423,0.08556821896061532,0.13611929407794549,0.3726160607178967,0.4056964262435423,0.6508172985546168
4910,0.4056964268495824,0.08556821611117749,0.136119293037173,0.3726160640020668,0.4056964268495824,0.6508172963863923
4911,0.4056964274556226,0.0855682132617398,0.13611929199640047,0.3726160672862369,0.4056964274556226,0.6508172942181674
4912,0.4056964280616626,0.08556821041230221,0.13611929095562805,0.372616070570407,0.4056964280616626,0.6508172920499427
4913,0.4056964286677026,0.08556820756286478,0.13611928991485547,0.37261607385457707,0.4056964286677026,0.6508172898817179
4914,0.4056964292737425,0.08556820471342716,0.136119288874083,0.37261607713874695,0.4056964292737425,0.650817287713493
4915,0.4056964298797826,0.08556820186398954,0.13611928783331054,0.37261608042291705,0.4056964298797826,0.6508172855452686
4916,0.4056964304858224,0.08556819901455216,0.13611928679253812,0.372616083707087,0.4056964304858224,0.6508172833770438
4917,0.40569643109186215,0.08556819616511487,0.13611928575176585,0.37261608699125687,0.40569643109186215,0.6508172812088197
4918,0.40569643169790204,0.08556819331567751,0.1361192847109935,0.37261609027542675,0.40569643169790204,0.6508172790405946
4919,0.40569643230394187,0.08556819046624017,0.1361192836702212,0.37261609355959646,0.40569643230394187,0.6508172768723697
4920,0.4056964329099817,0.08556818761680297,0.13611928262944897,0.37261609684376606,0.4056964329099817,0.6508172747041454
4921,0.40569643351602136,0.08556818476736584,0.13611928158867675,0.37261610012793567,0.40569643351602136,0.6508172725359205
4922,0.40569643412206124,0.08556818191792864,0.1361192805479046,0.3726161034121053,0.40569643412206124,0.6508172703676967
4923,0.4056964347281007,0.0855681790684918,0.13611927950713243,0.3726161066962749,0.4056964347281007,0.6508172681994714
4924,0.4056964353341404,0.08556817621905481,0.13611927846636035,0.3726161099804443,0.4056964353341404,0.6508172660312471
4925,0.40569643594018007,0.08556817336961783,0.13611927742558813,0.37261611326461375,0.40569643594018007,0.6508172638630227
4926,0.40569643654621956,0.08556817052018102,0.13611927638481622,0.3726161165487831,0.40569643654621956,0.6508172616947983
4927,0.405696437152259,0.08556816767074403,0.13611927534404425,0.3726161198329525,0.405696437152259,0.6508172595265733
4928,0.4056964377582984,0.08556816482130745,0.13611927430327223,0.37261612311712183,0.4056964377582984,0.6508172573583488
4929,0.4056964383643378,0.08556816197187073,0.1361192732625002,0.37261612640129116,0.4056964383643378,0.6508172551901245
4930,0.40569643897037705,0.08556815912243414,0.1361192722217284,0.37261612968546026,0.40569643897037705,0.6508172530218997
4931,0.40569643957641643,0.08556815627299753,0.13611927118095649,0.3726161329696294,0.40569643957641643,0.6508172508536756
4932,0.4056964401824556,0.08556815342356097,0.1361192701401848,0.3726161362537985,0.4056964401824556,0.650817248685451
4933,0.4056964407884947,0.08556815057412465,0.13611926909941285,0.37261613953796746,0.4056964407884947,0.6508172465172262
4934,0.4056964413945339,0.0855681477246881,0.1361192680586411,0.3726161428221365,0.4056964413945339,0.6508172443490017
4935,0.405696442000573,0.08556814487525174,0.13611926701786953,0.37261614610630556,0.405696442000573,0.6508172421807773
4936,0.40569644260661225,0.08556814202581527,0.13611926597709773,0.37261614939047455,0.40569644260661225,0.6508172400125534
4937,0.40569644321265114,0.08556813917637908,0.13611926493632615,0.37261615267464343,0.40569644321265114,0.6508172378443285
4938,0.40569644381869024,0.08556813632694274,0.13611926389555437,0.3726161559588124,0.40569644381869024,0.6508172356761043
4939,0.40569644442472913,0.0855681334775067,0.13611926285478274,0.3726161592429812,0.40569644442472913,0.6508172335078797
4940,0.405696445030768,0.08556813062807046,0.13611926181401135,0.37261616252714996,0.405696445030768,0.6508172313396556
4941,0.40569644563680685,0.08556812777863461,0.1361192607732398,0.3726161658113186,0.40569644563680685,0.6508172291714313
4942,0.4056964462428458,0.08556812492919857,0.13611925973246833,0.3726161690954873,0.4056964462428458,0.6508172270032067
4943,0.4056964468488845,0.08556812207976254,0.1361192586916969,0.37261617237965583,0.4056964468488845,0.6508172248349826
4944,0.40569644745492334,0.08556811923032674,0.13611925765092536,0.37261617566382443,0.40569644745492334,0.6508172226667577
4945,0.40569644806096206,0.0855681163808909,0.136119256610154,0.3726161789479929,0.40569644806096206,0.6508172204985339
4946,0.4056964486670006,0.08556811353145509,0.1361192555693827,0.3726161822321616,0.4056964486670006,0.6508172183303095
4947,0.4056964492730391,0.08556811068201939,0.1361192545286112,0.37261618551632997,0.4056964492730391,0.6508172161620844
4948,0.4056964498790778,0.08556810783258371,0.13611925348783993,0.3726161888004984,0.4056964498790778,0.6508172139938608
4949,0.40569645048511616,0.08556810498314803,0.13611925244706874,0.37261619208466673,0.40569645048511616,0.6508172118256355
4950,0.40569645109115493,0.08556810213371253,0.1361192514062974,0.37261619536883506,0.40569645109115493,0.6508172096574117
4951,0.40569645169719337,0.08556809928427694,0.13611925036552613,0.3726161986530034,0.40569645169719337,0.6508172074891876
4952,0.4056964523032317,0.08556809643484152,0.1361192493247551,0.3726162019371715,0.4056964523032317,0.6508172053209633
4953,0.4056964529092702,0.08556809358540597,0.13611924828398397,0.3726162052213397,0.4056964529092702,0.6508172031527388
4954,0.4056964535153085,0.08556809073597076,0.13611924724321264,0.3726162085055078,0.4056964535153085,0.6508172009845143
4955,0.40569645412134675,0.08556808788653532,0.13611924620244178,0.3726162117896759,0.40569645412134675,0.6508171988162903
4956,0.40569645472738514,0.0855680850371002,0.13611924516167062,0.37261621507384396,0.40569645472738514,0.6508171966480658
4957,0.4056964553334233,0.08556808218766497,0.13611924412089974,0.3726162183580119,0.4056964553334233,0.6508171944798418
4958,0.4056964559394614,0.08556807933822982,0.13611924308012885,0.37261622164217983,0.4056964559394614,0.6508171923116175
4959,0.4056964565454995,0.08556807648879458,0.13611924203935796,0.3726162249263478,0.4056964565454995,0.6508171901433936
4960,0.4056964571515376,0.08556807363935962,0.13611924099858697,0.37261622821051565,0.4056964571515376,0.650817187975169
4961,0.40569645775757557,0.0855680707899249,0.13611923995781613,0.37261623149468326,0.40569645775757557,0.6508171858069445
4962,0.4056964583636135,0.08556806794048985,0.13611923891704525,0.372616234778851,0.4056964583636135,0.6508171836387199
4963,0.40569645896965156,0.08556806509105501,0.1361192378762745,0.37261623806301875,0.40569645896965156,0.6508171814704964
4964,0.40569645957568934,0.08556806224162024,0.13611923683550384,0.37261624134718635,0.40569645957568934,0.6508171793022721
4965,0.4056964601817272,0.08556805939218547,0.136119235794733,0.37261624463135407,0.4056964601817272,0.6508171771340483
4966,0.40569646078776517,0.08556805654275089,0.1361192347539623,0.3726162479155216,0.40569646078776517,0.650817174965824
4967,0.4056964613938029,0.08556805369331609,0.13611923371319176,0.37261625119968894,0.4056964613938029,0.6508171727975991
4968,0.40569646199984055,0.08556805084388151,0.1361192326724211,0.37261625448385666,0.40569646199984055,0.6508171706293757
4969,0.40569646260587827,0.0855680479944469,0.13611923163165057,0.37261625776802404,0.40569646260587827,0.650817168461151
4970,0.4056964632119158,0.08556804514501244,0.13611923059088002,0.3726162610521915,0.4056964632119158,0.6508171662929269
4971,0.4056964638179535,0.08556804229557799,0.13611922955010944,0.37261626433635886,0.4056964638179535,0.6508171641247033
4972,0.4056964644239912,0.08556803944614352,0.13611922850933894,0.37261626762052613,0.4056964644239912,0.6508171619564791
4973,0.4056964650300286,0.08556803659670935,0.13611922746856847,0.37261627090469335,0.4056964650300286,0.6508171597882546
4974,0.4056964656360661,0.08556803374727502,0.1361192264277982,0.3726162741888605,0.4056964656360661,0.6508171576200306
4975,0.4056964662421034,0.08556803089784093,0.1361192253870276,0.3726162774730277,0.4056964662421034,0.6508171554518064
4976,0.405696466848141,0.0855680280484068,0.13611922434625712,0.37261628075719483,0.405696466848141,0.6508171532835825
4977,0.4056964674541784,0.08556802519897276,0.13611922330548673,0.3726162840413618,0.4056964674541784,0.6508171511153584
4978,0.40569646806021575,0.08556802234953866,0.13611922226471654,0.37261628732552876,0.40569646806021575,0.6508171489471346
4979,0.40569646866625303,0.08556801950010479,0.13611922122394615,0.37261629060969575,0.40569646866625303,0.6508171467789103
4980,0.4056964692722904,0.08556801665067088,0.13611922018317588,0.37261629389386264,0.4056964692722904,0.6508171446106867
4981,0.4056964698783275,0.08556801380123709,0.13611921914240582,0.37261629717802947,0.4056964698783275,0.6508171424424617
4982,0.40569647048436486,0.08556801095180319,0.13611921810163566,0.3726163004621964,0.40569647048436486,0.6508171402742385
4983,0.4056964710904018,0.08556800810236943,0.13611921706086555,0.37261630374636306,0.4056964710904018,0.6508171381060142
4984,0.40569647169643874,0.08556800525293583,0.13611921602009522,0.37261630703053,0.40569647169643874,0.6508171359377903
4985,0.40569647230247574,0.08556800240350212,0.13611921497932516,0.3726163103146967,0.40569647230247574,0.650817133769566
4986,0.4056964729085128,0.08556799955406856,0.1361192139385551,0.37261631359886344,0.4056964729085128,0.6508171316013424
4987,0.40569647351454974,0.08556799670463487,0.1361192128977851,0.37261631688303,0.40569647351454974,0.6508171294331182
4988,0.4056964741205867,0.08556799385520146,0.13611921185701514,0.37261632016719637,0.4056964741205867,0.6508171272648939
4989,0.4056964747266237,0.08556799100576806,0.1361192108162452,0.372616323451363,0.4056964747266237,0.6508171250966703
4990,0.4056964753326605,0.08556798815633454,0.13611920977547537,0.37261632673552936,0.4056964753326605,0.6508171229284463
4991,0.4056964759386973,0.08556798530690143,0.13611920873470543,0.3726163300196958,0.4056964759386973,0.6508171207602225
4992,0.4056964765447342,0.08556798245746804,0.13611920769393557,0.37261633330386223,0.4056964765447342,0.6508171185919986
4993,0.40569647715077106,0.08556797960803483,0.13611920665316576,0.3726163365880284,0.40569647715077106,0.6508171164237748
4994,0.40569647775680767,0.08556797675860171,0.136119205612396,0.3726163398721946,0.40569647775680767,0.6508171142555508
4995,0.40569647836284417,0.08556797390916854,0.13611920457162624,0.37261634315636083,0.40569647836284417,0.650817112087327
4996,0.4056964789688807,0.0855679710597354,0.13611920353085655,0.37261634644052705,0.4056964789688807,0.6508171099191028
4997,0.4056964795749173,0.08556796821030245,0.1361192024900869,0.3726163497246932,0.4056964795749173,0.6508171077508791
4998,0.4056964801809537,0.08556796536086958,0.13611920144931736,0.3726163530088592,0.4056964801809537,0.650817105582655
4999,0.4056964807869903,0.08556796251143665,0.1361192004085477,0.37261635629302525,0.4056964807869903,0.6508171034144314
5000,0.40569648139302644,0.08556795966200398,0.13611919936777822,0.372616359577191,0.40569648139302644,0.6508171012462072
