state,family,observable,Delta_6Q,Delta_5Q,abs_error,C_XX,C_YY,C_XX_minus_Delta_5Q,C_YY_minus_Delta_5Q
bell_Phi+,A_pure_bell,II,0.9999999999999991,0.9999999999999993,2.220446049250313e-16,0.9999999999999991,0.0,-2.220446049250313e-16,-0.9999999999999993
bell_Phi+,A_pure_bell,IX,0.0,0.0,0.0,0.0,0.0,0.0,0.0
bell_Phi+,A_pure_bell,IY,0.0,0.0,0.0,0.0,0.0,0.0,0.0
bell_Phi+,A_pure_bell,IZ,0.0,0.0,0.0,0.0,0.0,0.0,0.0
bell_Phi+,A_pure_bell,XI,0.0,0.0,0.0,0.0,0.0,0.0,0.0
bell_Phi+,A_pure_bell,XX,0.9999999999999991,0.9999999999999993,2.220446049250313e-16,0.49999999999999956,-0.49999999999999956,-0.4999999999999998,-1.499999999999999
bell_Phi+,A_pure_bell,XY,0.0,0.0,0.0,0.0,0.0,0.0,0.0
bell_Phi+,A_pure_bell,XZ,0.0,0.0,0.0,0.0,0.0,0.0,0.0
bell_Phi+,A_pure_bell,YI,0.0,0.0,0.0,0.0,0.0,0.0,0.0
bell_Phi+,A_pure_bell,YX,0.0,0.0,0.0,0.0,0.0,0.0,0.0
bell_Phi+,A_pure_bell,YY,-0.9999999999999991,-0.9999999999999993,2.220446049250313e-16,-0.49999999999999956,0.49999999999999956,0.4999999999999998,1.499999999999999
bell_Phi+,A_pure_bell,YZ,0.0,0.0,0.0,0.0,0.0,0.0,0.0
bell_Phi+,A_pure_bell,ZI,0.0,0.0,0.0,0.0,0.0,0.0,0.0
bell_Phi+,A_pure_bell,ZX,0.0,0.0,0.0,0.0,0.0,0.0,0.0
bell_Phi+,A_pure_bell,ZY,0.0,0.0,0.0,0.0,0.0,0.0,0.0
bell_Phi+,A_pure_bell,ZZ,0.9999999999999991,0.9999999999999993,2.220446049250313e-16,0.49999999999999956,-0.49999999999999956,-0.4999999999999998,-1.499999999999999
bell_Phi-,A_pure_bell,II,0.9999999999999991,0.9999999999999993,2.220446049250313e-16,0.9999999999999991,0.0,-2.220446049250313e-16,-0.9999999999999993
bell_Phi-,A_pure_bell,IX,0.0,0.0,0.0,0.0,0.0,0.0,0.0
bell_Phi-,A_pure_bell,IY,0.0,0.0,0.0,0.0,0.0,0.0,0.0
bell_Phi-,A_pure_bell,IZ,0.0,0.0,0.0,0.0,0.0,0.0,0.0
bell_Phi-,A_pure_bell,XI,0.0,0.0,0.0,0.0,0.0,0.0,0.0
bell_Phi-,A_pure_bell,XX,-0.9999999999999991,-0.9999999999999993,2.220446049250313e-16,-0.49999999999999956,0.49999999999999956,0.4999999999999998,1.499999999999999
bell_Phi-,A_pure_bell,XY,0.0,0.0,0.0,0.0,0.0,0.0,0.0
bell_Phi-,A_pure_bell,XZ,0.0,0.0,0.0,0.0,0.0,0.0,0.0
bell_Phi-,A_pure_bell,YI,0.0,0.0,0.0,0.0,0.0,0.0,0.0
bell_Phi-,A_pure_bell,YX,0.0,0.0,0.0,0.0,0.0,0.0,0.0
bell_Phi-,A_pure_bell,YY,0.9999999999999991,0.9999999999999993,2.220446049250313e-16,0.49999999999999956,-0.49999999999999956,-0.4999999999999998,-1.499999999999999
bell_Phi-,A_pure_bell,YZ,0.0,0.0,0.0,0.0,0.0,0.0,0.0
bell_Phi-,A_pure_bell,ZI,0.0,0.0,0.0,0.0,0.0,0.0,0.0
bell_Phi-,A_pure_bell,ZX,0.0,0.0,0.0,0.0,0.0,0.0,0.0
bell_Phi-,A_pure_bell,ZY,0.0,0.0,0.0,0.0,0.0,0.0,0.0
bell_Phi-,A_pure_bell,ZZ,0.9999999999999991,0.9999999999999993,2.220446049250313e-16,0.49999999999999956,-0.49999999999999956,-0.4999999999999998,-1.499999999999999
bell_Psi+,A_pure_bell,II,0.9999999999999991,0.9999999999999993,2.220446049250313e-16,0.9999999999999991,0.0,-2.220446049250313e-16,-0.9999999999999993
bell_Psi+,A_pure_bell,IX,0.0,0.0,0.0,0.0,0.0,0.0,0.0
bell_Psi+,A_pure_bell,IY,0.0,0.0,0.0,0.0,0.0,0.0,0.0
bell_Psi+,A_pure_bell,IZ,0.0,0.0,0.0,0.0,0.0,0.0,0.0
bell_Psi+,A_pure_bell,XI,0.0,0.0,0.0,0.0,0.0,0.0,0.0
bell_Psi+,A_pure_bell,XX,0.9999999999999991,0.9999999999999993,2.220446049250313e-16,0.49999999999999956,-0.49999999999999956,-0.4999999999999998,-1.499999999999999
bell_Psi+,A_pure_bell,XY,0.0,0.0,0.0,0.0,0.0,0.0,0.0
bell_Psi+,A_pure_bell,XZ,0.0,0.0,0.0,0.0,0.0,0.0,0.0
bell_Psi+,A_pure_bell,YI,0.0,0.0,0.0,0.0,0.0,0.0,0.0
bell_Psi+,A_pure_bell,YX,0.0,0.0,0.0,0.0,0.0,0.0,0.0
bell_Psi+,A_pure_bell,YY,0.9999999999999991,0.9999999999999993,2.220446049250313e-16,0.49999999999999956,-0.49999999999999956,-0.4999999999999998,-1.499999999999999
bell_Psi+,A_pure_bell,YZ,0.0,0.0,0.0,0.0,0.0,0.0,0.0
bell_Psi+,A_pure_bell,ZI,0.0,0.0,0.0,0.0,0.0,0.0,0.0
bell_Psi+,A_pure_bell,ZX,0.0,0.0,0.0,0.0,0.0,0.0,0.0
bell_Psi+,A_pure_bell,ZY,0.0,0.0,0.0,0.0,0.0,0.0,0.0
bell_Psi+,A_pure_bell,ZZ,-0.9999999999999991,-0.9999999999999993,2.220446049250313e-16,-0.49999999999999956,0.49999999999999956,0.4999999999999998,1.499999999999999
bell_Psi-,A_pure_bell,II,0.9999999999999991,0.9999999999999993,2.220446049250313e-16,0.9999999999999991,0.0,-2.220446049250313e-16,-0.9999999999999993
bell_Psi-,A_pure_bell,IX,0.0,0.0,0.0,0.0,0.0,0.0,0.0
bell_Psi-,A_pure_bell,IY,0.0,0.0,0.0,0.0,0.0,0.0,0.0
bell_Psi-,A_pure_bell,IZ,0.0,0.0,0.0,0.0,0.0,0.0,0.0
bell_Psi-,A_pure_bell,XI,0.0,0.0,0.0,0.0,0.0,0.0,0.0
bell_Psi-,A_pure_bell,XX,-0.9999999999999991,-0.9999999999999993,2.220446049250313e-16,-0.49999999999999956,0.49999999999999956,0.4999999999999998,1.499999999999999
bell_Psi-,A_pure_bell,XY,0.0,0.0,0.0,0.0,0.0,0.0,0.0
bell_Psi-,A_pure_bell,XZ,0.0,0.0,0.0,0.0,0.0,0.0,0.0
bell_Psi-,A_pure_bell,YI,0.0,0.0,0.0,0.0,0.0,0.0,0.0
bell_Psi-,A_pure_bell,YX,0.0,0.0,0.0,0.0,0.0,0.0,0.0
bell_Psi-,A_pure_bell,YY,-0.9999999999999991,-0.9999999999999993,2.220446049250313e-16,-0.49999999999999956,0.49999999999999956,0.4999999999999998,1.499999999999999
bell_Psi-,A_pure_bell,YZ,0.0,0.0,0.0,0.0,0.0,0.0,0.0
bell_Psi-,A_pure_bell,ZI,0.0,0.0,0.0,0.0,0.0,0.0,0.0
bell_Psi-,A_pure_bell,ZX,0.0,0.0,0.0,0.0,0.0,0.0,0.0
bell_Psi-,A_pure_bell,ZY,0.0,0.0,0.0,0.0,0.0,0.0,0.0
bell_Psi-,A_pure_bell,ZZ,-0.9999999999999991,-0.9999999999999993,2.220446049250313e-16,-0.49999999999999956,0.49999999999999956,0.4999999999999998,1.499999999999999
isotropic_eps0.000000,B_isotropic,II,0.9999999999999991,0.9999999999999993,2.220446049250313e-16,0.9999999999999991,0.0,-2.220446049250313e-16,-0.9999999999999993
isotropic_eps0.000000,B_isotropic,IX,0.0,0.0,0.0,0.0,0.0,0.0,0.0
isotropic_eps0.000000,B_isotropic,IY,0.0,0.0,0.0,0.0,0.0,0.0,0.0
isotropic_eps0.000000,B_isotropic,IZ,0.0,0.0,0.0,0.0,0.0,0.0,0.0
isotropic_eps0.000000,B_isotropic,XI,0.0,0.0,0.0,0.0,0.0,0.0,0.0
isotropic_eps0.000000,B_isotropic,XX,0.9999999999999991,0.9999999999999993,2.220446049250313e-16,0.49999999999999956,-0.49999999999999956,-0.4999999999999998,-1.499999999999999
isotropic_eps0.000000,B_isotropic,XY,0.0,0.0,0.0,0.0,0.0,0.0,0.0
isotropic_eps0.000000,B_isotropic,XZ,0.0,0.0,0.0,0.0,0.0,0.0,0.0
isotropic_eps0.000000,B_isotropic,YI,0.0,0.0,0.0,0.0,0.0,0.0,0.0
isotropic_eps0.000000,B_isotropic,YX,0.0,0.0,0.0,0.0,0.0,0.0,0.0
isotropic_eps0.000000,B_isotropic,YY,-0.9999999999999991,-0.9999999999999993,2.220446049250313e-16,-0.49999999999999956,0.49999999999999956,0.4999999999999998,1.499999999999999
isotropic_eps0.000000,B_isotropic,YZ,0.0,0.0,0.0,0.0,0.0,0.0,0.0
isotropic_eps0.000000,B_isotropic,ZI,0.0,0.0,0.0,0.0,0.0,0.0,0.0
isotropic_eps0.000000,B_isotropic,ZX,0.0,0.0,0.0,0.0,0.0,0.0,0.0
isotropic_eps0.000000,B_isotropic,ZY,0.0,0.0,0.0,0.0,0.0,0.0,0.0
isotropic_eps0.000000,B_isotropic,ZZ,0.9999999999999991,0.9999999999999993,2.220446049250313e-16,0.49999999999999956,-0.49999999999999956,-0.4999999999999998,-1.499999999999999
isotropic_eps0.010000,B_isotropic,II,0.9850749999999991,0.9850749999999993,1.1102230246251565e-16,0.9850749999999991,0.0,-1.1102230246251565e-16,-0.9850749999999993
isotropic_eps0.010000,B_isotropic,IX,0.0,0.0,0.0,0.0,0.0,0.0,0.0
isotropic_eps0.010000,B_isotropic,IY,0.0,0.0,0.0,0.0,0.0,0.0,0.0
isotropic_eps0.010000,B_isotropic,IZ,0.0,0.0,0.0,2.7755575615628914e-17,2.7755575615628914e-17,2.7755575615628914e-17,2.7755575615628914e-17
isotropic_eps0.010000,B_isotropic,XI,0.0,0.0,0.0,0.0,0.0,0.0,0.0
isotropic_eps0.010000,B_isotropic,XX,0.9850499999999991,0.9850499999999993,2.220446049250313e-16,0.49499999999999955,-0.49004999999999954,-0.49004999999999976,-1.475099999999999
isotropic_eps0.010000,B_isotropic,XY,0.0,0.0,0.0,0.0,0.0,0.0,0.0
isotropic_eps0.010000,B_isotropic,XZ,0.0,0.0,0.0,0.0,0.0,0.0,0.0
isotropic_eps0.010000,B_isotropic,YI,0.0,0.0,0.0,0.0,0.0,0.0,0.0
isotropic_eps0.010000,B_isotropic,YX,0.0,0.0,0.0,0.0,0.0,0.0,0.0
isotropic_eps0.010000,B_isotropic,YY,-0.9850499999999991,-0.9850499999999993,2.220446049250313e-16,-0.49499999999999955,0.49004999999999954,0.49004999999999976,1.475099999999999
isotropic_eps0.010000,B_isotropic,YZ,0.0,0.0,0.0,0.0,0.0,0.0,0.0
isotropic_eps0.010000,B_isotropic,ZI,-1.3877787807814457e-17,0.0,1.3877787807814457e-17,1.3877787807814457e-17,2.7755575615628914e-17,1.3877787807814457e-17,2.7755575615628914e-17
isotropic_eps0.010000,B_isotropic,ZX,0.0,0.0,0.0,0.0,0.0,0.0,0.0
isotropic_eps0.010000,B_isotropic,ZY,0.0,0.0,0.0,0.0,0.0,0.0,0.0
isotropic_eps0.010000,B_isotropic,ZZ,0.9850499999999991,0.9850499999999993,2.220446049250313e-16,0.49499999999999955,-0.49004999999999954,-0.49004999999999976,-1.475099999999999
isotropic_eps0.100000,B_isotropic,II,0.8574999999999993,0.8574999999999995,2.220446049250313e-16,0.8574999999999993,0.0,-2.220446049250313e-16,-0.8574999999999995
isotropic_eps0.100000,B_isotropic,IX,0.0,0.0,0.0,0.0,0.0,0.0,0.0
isotropic_eps0.100000,B_isotropic,IY,0.0,0.0,0.0,0.0,0.0,0.0,0.0
isotropic_eps0.100000,B_isotropic,IZ,0.0,0.0,0.0,0.0,0.0,0.0,0.0
isotropic_eps0.100000,B_isotropic,XI,0.0,0.0,0.0,0.0,0.0,0.0,0.0
isotropic_eps0.100000,B_isotropic,XX,0.8549999999999992,0.8549999999999994,2.220446049250313e-16,0.44999999999999957,-0.40499999999999964,-0.40499999999999986,-1.2599999999999991
isotropic_eps0.100000,B_isotropic,XY,0.0,0.0,0.0,0.0,0.0,0.0,0.0
isotropic_eps0.100000,B_isotropic,XZ,0.0,0.0,0.0,0.0,0.0,0.0,0.0
isotropic_eps0.100000,B_isotropic,YI,0.0,0.0,0.0,0.0,0.0,0.0,0.0
isotropic_eps0.100000,B_isotropic,YX,0.0,0.0,0.0,0.0,0.0,0.0,0.0
isotropic_eps0.100000,B_isotropic,YY,-0.8549999999999992,-0.8549999999999994,2.220446049250313e-16,-0.44999999999999957,0.40499999999999964,0.40499999999999986,1.2599999999999991
isotropic_eps0.100000,B_isotropic,YZ,0.0,0.0,0.0,0.0,0.0,0.0,0.0
isotropic_eps0.100000,B_isotropic,ZI,0.0,0.0,0.0,0.0,0.0,0.0,0.0
isotropic_eps0.100000,B_isotropic,ZX,0.0,0.0,0.0,0.0,0.0,0.0,0.0
isotropic_eps0.100000,B_isotropic,ZY,0.0,0.0,0.0,0.0,0.0,0.0,0.0
isotropic_eps0.100000,B_isotropic,ZZ,0.8549999999999993,0.8549999999999995,2.220446049250313e-16,0.4499999999999997,-0.4049999999999996,-0.40499999999999986,-1.2599999999999991
isotropic_eps0.300000,B_isotropic,II,0.6174999999999995,0.6174999999999997,2.220446049250313e-16,0.6174999999999995,1.3877787807814457e-17,-2.220446049250313e-16,-0.6174999999999997
isotropic_eps0.300000,B_isotropic,IX,0.0,0.0,0.0,0.0,0.0,0.0,0.0
isotropic_eps0.300000,B_isotropic,IY,0.0,0.0,0.0,0.0,0.0,0.0,0.0
isotropic_eps0.300000,B_isotropic,IZ,0.0,0.0,0.0,0.0,0.0,0.0,0.0
isotropic_eps0.300000,B_isotropic,XI,0.0,0.0,0.0,0.0,0.0,0.0,0.0
isotropic_eps0.300000,B_isotropic,XX,0.5949999999999995,0.5949999999999996,1.1102230246251565e-16,0.3499999999999997,-0.2449999999999998,-0.24499999999999994,-0.8399999999999994
isotropic_eps0.300000,B_isotropic,XY,0.0,0.0,0.0,0.0,0.0,0.0,0.0
isotropic_eps0.300000,B_isotropic,XZ,0.0,0.0,0.0,0.0,0.0,0.0,0.0
isotropic_eps0.300000,B_isotropic,YI,0.0,0.0,0.0,0.0,0.0,0.0,0.0
isotropic_eps0.300000,B_isotropic,YX,0.0,0.0,0.0,0.0,0.0,0.0,0.0
isotropic_eps0.300000,B_isotropic,YY,-0.5949999999999995,-0.5949999999999996,1.1102230246251565e-16,-0.3499999999999997,0.2449999999999998,0.24499999999999994,0.8399999999999994
isotropic_eps0.300000,B_isotropic,YZ,0.0,0.0,0.0,0.0,0.0,0.0,0.0
isotropic_eps0.300000,B_isotropic,ZI,2.7755575615628914e-17,0.0,2.7755575615628914e-17,2.7755575615628914e-17,0.0,2.7755575615628914e-17,0.0
isotropic_eps0.300000,B_isotropic,ZX,0.0,0.0,0.0,0.0,0.0,0.0,0.0
isotropic_eps0.300000,B_isotropic,ZY,0.0,0.0,0.0,0.0,0.0,0.0,0.0
isotropic_eps0.300000,B_isotropic,ZZ,0.5949999999999996,0.5949999999999998,1.1102230246251565e-16,0.34999999999999987,-0.24499999999999977,-0.24499999999999988,-0.8399999999999995
isotropic_eps0.666667,B_isotropic,II,0.33333333333333315,0.3333333333333332,5.551115123125783e-17,0.33333333333333315,0.0,-5.551115123125783e-17,-0.3333333333333332
isotropic_eps0.666667,B_isotropic,IX,0.0,0.0,0.0,0.0,0.0,0.0,0.0
isotropic_eps0.666667,B_isotropic,IY,0.0,0.0,0.0,0.0,0.0,0.0,0.0
isotropic_eps0.666667,B_isotropic,IZ,0.0,0.0,0.0,0.0,0.0,0.0,0.0
isotropic_eps0.666667,B_isotropic,XI,0.0,0.0,0.0,0.0,0.0,0.0,0.0
isotropic_eps0.666667,B_isotropic,XX,0.2222222222222221,0.22222222222222215,5.551115123125783e-17,0.16666666666666657,-0.055555555555555525,-0.05555555555555558,-0.2777777777777777
isotropic_eps0.666667,B_isotropic,XY,0.0,0.0,0.0,0.0,0.0,0.0,0.0
isotropic_eps0.666667,B_isotropic,XZ,0.0,0.0,0.0,0.0,0.0,0.0,0.0
isotropic_eps0.666667,B_isotropic,YI,0.0,0.0,0.0,0.0,0.0,0.0,0.0
isotropic_eps0.666667,B_isotropic,YX,0.0,0.0,0.0,0.0,0.0,0.0,0.0
isotropic_eps0.666667,B_isotropic,YY,-0.2222222222222221,-0.22222222222222215,5.551115123125783e-17,-0.16666666666666657,0.055555555555555525,0.05555555555555558,0.2777777777777777
isotropic_eps0.666667,B_isotropic,YZ,0.0,0.0,0.0,0.0,0.0,0.0,0.0
isotropic_eps0.666667,B_isotropic,ZI,0.0,0.0,0.0,0.0,0.0,0.0,0.0
isotropic_eps0.666667,B_isotropic,ZX,0.0,0.0,0.0,0.0,0.0,0.0,0.0
isotropic_eps0.666667,B_isotropic,ZY,0.0,0.0,0.0,0.0,0.0,0.0,0.0
isotropic_eps0.666667,B_isotropic,ZZ,0.22222222222222213,0.22222222222222215,2.7755575615628914e-17,0.1666666666666666,-0.055555555555555525,-0.05555555555555555,-0.2777777777777777
isotropic_eps0.800000,B_isotropic,II,0.2799999999999998,0.27999999999999986,5.551115123125783e-17,0.2799999999999998,5.204170427930421e-18,-5.551115123125783e-17,-0.27999999999999986
isotropic_eps0.800000,B_isotropic,IX,0.0,0.0,0.0,0.0,0.0,0.0,0.0
isotropic_eps0.800000,B_isotropic,IY,0.0,0.0,0.0,0.0,0.0,0.0,0.0
isotropic_eps0.800000,B_isotropic,IZ,-1.5612511283791264e-17,0.0,1.5612511283791264e-17,-1.3877787807814457e-17,1.734723475976807e-18,-1.3877787807814457e-17,1.734723475976807e-18
isotropic_eps0.800000,B_isotropic,XI,0.0,0.0,0.0,0.0,0.0,0.0,0.0
isotropic_eps0.800000,B_isotropic,XX,0.11999999999999986,0.11999999999999988,2.7755575615628914e-17,0.0999999999999999,-0.019999999999999962,-0.01999999999999999,-0.13999999999999985
isotropic_eps0.800000,B_isotropic,XY,0.0,0.0,0.0,0.0,0.0,0.0,0.0
isotropic_eps0.800000,B_isotropic,XZ,0.0,0.0,0.0,0.0,0.0,0.0,0.0
isotropic_eps0.800000,B_isotropic,YI,0.0,0.0,0.0,0.0,0.0,0.0,0.0
isotropic_eps0.800000,B_isotropic,YX,0.0,0.0,0.0,0.0,0.0,0.0,0.0
isotropic_eps0.800000,B_isotropic,YY,-0.11999999999999986,-0.11999999999999988,2.7755575615628914e-17,-0.0999999999999999,0.019999999999999962,0.01999999999999999,0.13999999999999985
isotropic_eps0.800000,B_isotropic,YZ,0.0,0.0,0.0,0.0,0.0,0.0,0.0
isotropic_eps0.800000,B_isotropic,ZI,-1.5612511283791264e-17,0.0,1.5612511283791264e-17,-1.3877787807814457e-17,1.734723475976807e-18,-1.3877787807814457e-17,1.734723475976807e-18
isotropic_eps0.800000,B_isotropic,ZX,0.0,0.0,0.0,0.0,0.0,0.0,0.0
isotropic_eps0.800000,B_isotropic,ZY,0.0,0.0,0.0,0.0,0.0,0.0,0.0
isotropic_eps0.800000,B_isotropic,ZZ,0.11999999999999983,0.11999999999999984,1.3877787807814457e-17,0.09999999999999987,-0.01999999999999997,-0.019999999999999976,-0.13999999999999982
isotropic_eps1.000000,B_isotropic,II,0.2499999999999999,0.24999999999999994,5.551115123125783e-17,0.2499999999999999,0.0,-5.551115123125783e-17,-0.24999999999999994
isotropic_eps1.000000,B_isotropic,IX,0.0,0.0,0.0,0.0,0.0,0.0,0.0
isotropic_eps1.000000,B_isotropic,IY,0.0,0.0,0.0,0.0,0.0,0.0,0.0
isotropic_eps1.000000,B_isotropic,IZ,0.0,0.0,0.0,0.0,0.0,0.0,0.0
isotropic_eps1.000000,B_isotropic,XI,0.0,0.0,0.0,0.0,0.0,0.0,0.0
isotropic_eps1.000000,B_isotropic,XX,0.0,0.0,0.0,0.0,0.0,0.0,0.0
isotropic_eps1.000000,B_isotropic,XY,0.0,0.0,0.0,0.0,0.0,0.0,0.0
isotropic_eps1.000000,B_isotropic,XZ,0.0,0.0,0.0,0.0,0.0,0.0,0.0
isotropic_eps1.000000,B_isotropic,YI,0.0,0.0,0.0,0.0,0.0,0.0,0.0
isotropic_eps1.000000,B_isotropic,YX,0.0,0.0,0.0,0.0,0.0,0.0,0.0
isotropic_eps1.000000,B_isotropic,YY,0.0,0.0,0.0,0.0,0.0,0.0,0.0
isotropic_eps1.000000,B_isotropic,YZ,0.0,0.0,0.0,0.0,0.0,0.0,0.0
isotropic_eps1.000000,B_isotropic,ZI,0.0,0.0,0.0,0.0,0.0,0.0,0.0
isotropic_eps1.000000,B_isotropic,ZX,0.0,0.0,0.0,0.0,0.0,0.0,0.0
isotropic_eps1.000000,B_isotropic,ZY,0.0,0.0,0.0,0.0,0.0,0.0,0.0
isotropic_eps1.000000,B_isotropic,ZZ,0.0,0.0,0.0,0.0,0.0,0.0,0.0
belldiag_fixed_0,C_bell_diagonal,II,0.9999999999999991,0.9999999999999993,2.220446049250313e-16,0.9999999999999991,0.0,-2.220446049250313e-16,-0.9999999999999993
belldiag_fixed_0,C_bell_diagonal,IX,0.0,0.0,0.0,0.0,0.0,0.0,0.0
belldiag_fixed_0,C_bell_diagonal,IY,0.0,0.0,0.0,0.0,0.0,0.0,0.0
belldiag_fixed_0,C_bell_diagonal,IZ,0.0,0.0,0.0,0.0,0.0,0.0,0.0
belldiag_fixed_0,C_bell_diagonal,XI,0.0,0.0,0.0,0.0,0.0,0.0,0.0
belldiag_fixed_0,C_bell_diagonal,XX,0.9999999999999991,0.9999999999999993,2.220446049250313e-16,0.49999999999999956,-0.49999999999999956,-0.4999999999999998,-1.499999999999999
belldiag_fixed_0,C_bell_diagonal,XY,0.0,0.0,0.0,0.0,0.0,0.0,0.0
belldiag_fixed_0,C_bell_diagonal,XZ,0.0,0.0,0.0,0.0,0.0,0.0,0.0
belldiag_fixed_0,C_bell_diagonal,YI,0.0,0.0,0.0,0.0,0.0,0.0,0.0
belldiag_fixed_0,C_bell_diagonal,YX,0.0,0.0,0.0,0.0,0.0,0.0,0.0
belldiag_fixed_0,C_bell_diagonal,YY,-0.9999999999999991,-0.9999999999999993,2.220446049250313e-16,-0.49999999999999956,0.49999999999999956,0.4999999999999998,1.499999999999999
belldiag_fixed_0,C_bell_diagonal,YZ,0.0,0.0,0.0,0.0,0.0,0.0,0.0
belldiag_fixed_0,C_bell_diagonal,ZI,0.0,0.0,0.0,0.0,0.0,0.0,0.0
belldiag_fixed_0,C_bell_diagonal,ZX,0.0,0.0,0.0,0.0,0.0,0.0,0.0
belldiag_fixed_0,C_bell_diagonal,ZY,0.0,0.0,0.0,0.0,0.0,0.0,0.0
belldiag_fixed_0,C_bell_diagonal,ZZ,0.9999999999999991,0.9999999999999993,2.220446049250313e-16,0.49999999999999956,-0.49999999999999956,-0.4999999999999998,-1.499999999999999
belldiag_fixed_1,C_bell_diagonal,II,0.9999999999999991,0.9999999999999993,2.220446049250313e-16,0.9999999999999991,0.0,-2.220446049250313e-16,-0.9999999999999993
belldiag_fixed_1,C_bell_diagonal,IX,0.0,0.0,0.0,0.0,0.0,0.0,0.0
belldiag_fixed_1,C_bell_diagonal,IY,0.0,0.0,0.0,0.0,0.0,0.0,0.0
belldiag_fixed_1,C_bell_diagonal,IZ,0.0,0.0,0.0,0.0,0.0,0.0,0.0
belldiag_fixed_1,C_bell_diagonal,XI,0.0,0.0,0.0,0.0,0.0,0.0,0.0
belldiag_fixed_1,C_bell_diagonal,XX,-0.9999999999999991,-0.9999999999999993,2.220446049250313e-16,-0.49999999999999956,0.49999999999999956,0.4999999999999998,1.499999999999999
belldiag_fixed_1,C_bell_diagonal,XY,0.0,0.0,0.0,0.0,0.0,0.0,0.0
belldiag_fixed_1,C_bell_diagonal,XZ,0.0,0.0,0.0,0.0,0.0,0.0,0.0
belldiag_fixed_1,C_bell_diagonal,YI,0.0,0.0,0.0,0.0,0.0,0.0,0.0
belldiag_fixed_1,C_bell_diagonal,YX,0.0,0.0,0.0,0.0,0.0,0.0,0.0
belldiag_fixed_1,C_bell_diagonal,YY,0.9999999999999991,0.9999999999999993,2.220446049250313e-16,0.49999999999999956,-0.49999999999999956,-0.4999999999999998,-1.499999999999999
belldiag_fixed_1,C_bell_diagonal,YZ,0.0,0.0,0.0,0.0,0.0,0.0,0.0
belldiag_fixed_1,C_bell_diagonal,ZI,0.0,0.0,0.0,0.0,0.0,0.0,0.0
belldiag_fixed_1,C_bell_diagonal,ZX,0.0,0.0,0.0,0.0,0.0,0.0,0.0
belldiag_fixed_1,C_bell_diagonal,ZY,0.0,0.0,0.0,0.0,0.0,0.0,0.0
belldiag_fixed_1,C_bell_diagonal,ZZ,0.9999999999999991,0.9999999999999993,2.220446049250313e-16,0.49999999999999956,-0.49999999999999956,-0.4999999999999998,-1.499999999999999
belldiag_fixed_2,C_bell_diagonal,II,0.49999999999999956,0.49999999999999967,1.1102230246251565e-16,0.49999999999999956,0.0,-1.1102230246251565e-16,-0.49999999999999967
belldiag_fixed_2,C_bell_diagonal,IX,0.0,0.0,0.0,0.0,0.0,0.0,0.0
belldiag_fixed_2,C_bell_diagonal,IY,0.0,0.0,0.0,0.0,0.0,0.0,0.0
belldiag_fixed_2,C_bell_diagonal,IZ,0.0,0.0,0.0,0.0,0.0,0.0,0.0
belldiag_fixed_2,C_bell_diagonal,XI,0.0,0.0,0.0,0.0,0.0,0.0,0.0
belldiag_fixed_2,C_bell_diagonal,XX,0.0,0.0,0.0,0.0,0.0,0.0,0.0
belldiag_fixed_2,C_bell_diagonal,XY,0.0,0.0,0.0,0.0,0.0,0.0,0.0
belldiag_fixed_2,C_bell_diagonal,XZ,0.0,0.0,0.0,0.0,0.0,0.0,0.0
belldiag_fixed_2,C_bell_diagonal,YI,0.0,0.0,0.0,0.0,0.0,0.0,0.0
belldiag_fixed_2,C_bell_diagonal,YX,0.0,0.0,0.0,0.0,0.0,0.0,0.0
belldiag_fixed_2,C_bell_diagonal,YY,0.0,0.0,0.0,0.0,0.0,0.0,0.0
belldiag_fixed_2,C_bell_diagonal,YZ,0.0,0.0,0.0,0.0,0.0,0.0,0.0
belldiag_fixed_2,C_bell_diagonal,ZI,0.0,0.0,0.0,0.0,0.0,0.0,0.0
belldiag_fixed_2,C_bell_diagonal,ZX,0.0,0.0,0.0,0.0,0.0,0.0,0.0
belldiag_fixed_2,C_bell_diagonal,ZY,0.0,0.0,0.0,0.0,0.0,0.0,0.0
belldiag_fixed_2,C_bell_diagonal,ZZ,0.49999999999999956,0.49999999999999967,1.1102230246251565e-16,0.49999999999999956,0.0,-1.1102230246251565e-16,-0.49999999999999967
belldiag_fixed_3,C_bell_diagonal,II,0.49999999999999956,0.49999999999999967,1.1102230246251565e-16,0.49999999999999956,0.0,-1.1102230246251565e-16,-0.49999999999999967
belldiag_fixed_3,C_bell_diagonal,IX,0.0,0.0,0.0,0.0,0.0,0.0,0.0
belldiag_fixed_3,C_bell_diagonal,IY,0.0,0.0,0.0,0.0,0.0,0.0,0.0
belldiag_fixed_3,C_bell_diagonal,IZ,0.0,0.0,0.0,0.0,0.0,0.0,0.0
belldiag_fixed_3,C_bell_diagonal,XI,0.0,0.0,0.0,0.0,0.0,0.0,0.0
belldiag_fixed_3,C_bell_diagonal,XX,0.49999999999999956,0.49999999999999967,1.1102230246251565e-16,0.49999999999999956,0.0,-1.1102230246251565e-16,-0.49999999999999967
belldiag_fixed_3,C_bell_diagonal,XY,0.0,0.0,0.0,0.0,0.0,0.0,0.0
belldiag_fixed_3,C_bell_diagonal,XZ,0.0,0.0,0.0,0.0,0.0,0.0,0.0
belldiag_fixed_3,C_bell_diagonal,YI,0.0,0.0,0.0,0.0,0.0,0.0,0.0
belldiag_fixed_3,C_bell_diagonal,YX,0.0,0.0,0.0,0.0,0.0,0.0,0.0
belldiag_fixed_3,C_bell_diagonal,YY,0.0,0.0,0.0,0.0,0.0,0.0,0.0
belldiag_fixed_3,C_bell_diagonal,YZ,0.0,0.0,0.0,0.0,0.0,0.0,0.0
belldiag_fixed_3,C_bell_diagonal,ZI,0.0,0.0,0.0,0.0,0.0,0.0,0.0
belldiag_fixed_3,C_bell_diagonal,ZX,0.0,0.0,0.0,0.0,0.0,0.0,0.0
belldiag_fixed_3,C_bell_diagonal,ZY,0.0,0.0,0.0,0.0,0.0,0.0,0.0
belldiag_fixed_3,C_bell_diagonal,ZZ,0.0,0.0,0.0,0.0,0.0,0.0,0.0
belldiag_fixed_4,C_bell_diagonal,II,0.37499999999999967,0.3749999999999998,1.1102230246251565e-16,0.37499999999999967,0.0,-1.1102230246251565e-16,-0.3749999999999998
belldiag_fixed_4,C_bell_diagonal,IX,0.0,0.0,0.0,0.0,0.0,0.0,0.0
belldiag_fixed_4,C_bell_diagonal,IY,0.0,0.0,0.0,0.0,0.0,0.0,0.0
belldiag_fixed_4,C_bell_diagonal,IZ,0.0,0.0,0.0,0.0,0.0,0.0,0.0
belldiag_fixed_4,C_bell_diagonal,XI,0.0,0.0,0.0,0.0,0.0,0.0,0.0
belldiag_fixed_4,C_bell_diagonal,XX,-0.24999999999999978,-0.24999999999999983,5.551115123125783e-17,-0.24999999999999978,0.0,5.551115123125783e-17,0.24999999999999983
belldiag_fixed_4,C_bell_diagonal,XY,0.0,0.0,0.0,0.0,0.0,0.0,0.0
belldiag_fixed_4,C_bell_diagonal,XZ,0.0,0.0,0.0,0.0,0.0,0.0,0.0
belldiag_fixed_4,C_bell_diagonal,YI,0.0,0.0,0.0,0.0,0.0,0.0,0.0
belldiag_fixed_4,C_bell_diagonal,YX,0.0,0.0,0.0,0.0,0.0,0.0,0.0
belldiag_fixed_4,C_bell_diagonal,YY,0.24999999999999978,0.24999999999999983,5.551115123125783e-17,0.24999999999999978,0.0,-5.551115123125783e-17,-0.24999999999999983
belldiag_fixed_4,C_bell_diagonal,YZ,0.0,0.0,0.0,0.0,0.0,0.0,0.0
belldiag_fixed_4,C_bell_diagonal,ZI,0.0,0.0,0.0,0.0,0.0,0.0,0.0
belldiag_fixed_4,C_bell_diagonal,ZX,0.0,0.0,0.0,0.0,0.0,0.0,0.0
belldiag_fixed_4,C_bell_diagonal,ZY,0.0,0.0,0.0,0.0,0.0,0.0,0.0
belldiag_fixed_4,C_bell_diagonal,ZZ,0.12499999999999989,0.12499999999999992,2.7755575615628914e-17,0.0,-0.12499999999999989,-0.12499999999999992,-0.2499999999999998
belldiag_fixed_5,C_bell_diagonal,II,0.5399999999999996,0.5399999999999996,0.0,0.5399999999999996,0.0,0.0,-0.5399999999999996
belldiag_fixed_5,C_bell_diagonal,IX,0.0,0.0,0.0,0.0,0.0,0.0,0.0
belldiag_fixed_5,C_bell_diagonal,IY,0.0,0.0,0.0,0.0,0.0,0.0,0.0
belldiag_fixed_5,C_bell_diagonal,IZ,0.0,0.0,0.0,0.0,0.0,0.0,0.0
belldiag_fixed_5,C_bell_diagonal,XI,0.0,0.0,0.0,0.0,0.0,0.0,0.0
belldiag_fixed_5,C_bell_diagonal,XX,0.4599999999999995,0.4599999999999997,1.6653345369377348e-16,0.2999999999999997,-0.1599999999999998,-0.15999999999999998,-0.6199999999999994
belldiag_fixed_5,C_bell_diagonal,XY,0.0,0.0,0.0,0.0,0.0,0.0,0.0
belldiag_fixed_5,C_bell_diagonal,XZ,0.0,0.0,0.0,0.0,0.0,0.0,0.0
belldiag_fixed_5,C_bell_diagonal,YI,0.0,0.0,0.0,0.0,0.0,0.0,0.0
belldiag_fixed_5,C_bell_diagonal,YX,0.0,0.0,0.0,0.0,0.0,0.0,0.0
belldiag_fixed_5,C_bell_diagonal,YY,-0.43999999999999956,-0.43999999999999967,1.1102230246251565e-16,-0.1999999999999998,0.23999999999999977,0.23999999999999988,0.6799999999999995
belldiag_fixed_5,C_bell_diagonal,YZ,0.0,0.0,0.0,0.0,0.0,0.0,0.0
belldiag_fixed_5,C_bell_diagonal,ZI,3.469446951953614e-18,0.0,3.469446951953614e-18,0.0,-3.469446951953614e-18,0.0,-3.469446951953614e-18
belldiag_fixed_5,C_bell_diagonal,ZX,0.0,0.0,0.0,0.0,0.0,0.0,0.0
belldiag_fixed_5,C_bell_diagonal,ZY,0.0,0.0,0.0,0.0,0.0,0.0,0.0
belldiag_fixed_5,C_bell_diagonal,ZZ,0.5199999999999995,0.5199999999999996,1.1102230246251565e-16,0.3999999999999996,-0.11999999999999988,-0.12,-0.6399999999999995
belldiag_fixed_6,C_bell_diagonal,II,0.4549999999999995,0.4549999999999996,1.1102230246251565e-16,0.4549999999999995,-6.938893903907228e-18,-1.1102230246251565e-16,-0.4549999999999996
belldiag_fixed_6,C_bell_diagonal,IX,0.0,0.0,0.0,0.0,0.0,0.0,0.0
belldiag_fixed_6,C_bell_diagonal,IY,0.0,0.0,0.0,0.0,0.0,0.0,0.0
belldiag_fixed_6,C_bell_diagonal,IZ,0.0,2.7755575615628914e-17,2.7755575615628914e-17,0.0,0.0,-2.7755575615628914e-17,-2.7755575615628914e-17
belldiag_fixed_6,C_bell_diagonal,XI,0.0,0.0,0.0,0.0,0.0,0.0,0.0
belldiag_fixed_6,C_bell_diagonal,XX,0.2699999999999998,0.26999999999999985,5.551115123125783e-17,0.14999999999999988,-0.11999999999999991,-0.11999999999999997,-0.3899999999999998
belldiag_fixed_6,C_bell_diagonal,XY,0.0,0.0,0.0,0.0,0.0,0.0,0.0
belldiag_fixed_6,C_bell_diagonal,XZ,0.0,0.0,0.0,0.0,0.0,0.0,0.0
belldiag_fixed_6,C_bell_diagonal,YI,0.0,0.0,0.0,0.0,0.0,0.0,0.0
belldiag_fixed_6,C_bell_diagonal,YX,0.0,0.0,0.0,0.0,0.0,0.0,0.0
belldiag_fixed_6,C_bell_diagonal,YY,-0.2699999999999998,-0.26999999999999985,5.551115123125783e-17,-0.14999999999999988,0.11999999999999991,0.11999999999999997,0.3899999999999998
belldiag_fixed_6,C_bell_diagonal,YZ,0.0,0.0,0.0,0.0,0.0,0.0,0.0
belldiag_fixed_6,C_bell_diagonal,ZI,3.469446951953614e-18,2.7755575615628914e-17,2.42861286636753e-17,0.0,-3.469446951953614e-18,-2.7755575615628914e-17,-3.122502256758253e-17
belldiag_fixed_6,C_bell_diagonal,ZX,0.0,0.0,0.0,0.0,0.0,0.0,0.0
belldiag_fixed_6,C_bell_diagonal,ZY,0.0,0.0,0.0,0.0,0.0,0.0,0.0
belldiag_fixed_6,C_bell_diagonal,ZZ,0.44499999999999956,0.4449999999999996,5.551115123125783e-17,0.3999999999999996,-0.04499999999999997,-0.04500000000000004,-0.4899999999999996
belldiag_fixed_7,C_bell_diagonal,II,0.24999999999999978,0.24999999999999983,5.551115123125783e-17,0.24999999999999978,0.0,-5.551115123125783e-17,-0.24999999999999983
belldiag_fixed_7,C_bell_diagonal,IX,0.0,0.0,0.0,0.0,0.0,0.0,0.0
belldiag_fixed_7,C_bell_diagonal,IY,0.0,0.0,0.0,0.0,0.0,0.0,0.0
belldiag_fixed_7,C_bell_diagonal,IZ,0.0,0.0,0.0,0.0,0.0,0.0,0.0
belldiag_fixed_7,C_bell_diagonal,XI,0.0,0.0,0.0,0.0,0.0,0.0,0.0
belldiag_fixed_7,C_bell_diagonal,XX,0.0,0.0,0.0,0.0,0.0,0.0,0.0
belldiag_fixed_7,C_bell_diagonal,XY,0.0,0.0,0.0,0.0,0.0,0.0,0.0
belldiag_fixed_7,C_bell_diagonal,XZ,0.0,0.0,0.0,0.0,0.0,0.0,0.0
belldiag_fixed_7,C_bell_diagonal,YI,0.0,0.0,0.0,0.0,0.0,0.0,0.0
belldiag_fixed_7,C_bell_diagonal,YX,0.0,0.0,0.0,0.0,0.0,0.0,0.0
belldiag_fixed_7,C_bell_diagonal,YY,0.0,0.0,0.0,0.0,0.0,0.0,0.0
belldiag_fixed_7,C_bell_diagonal,YZ,0.0,0.0,0.0,0.0,0.0,0.0,0.0
belldiag_fixed_7,C_bell_diagonal,ZI,0.0,0.0,0.0,0.0,0.0,0.0,0.0
belldiag_fixed_7,C_bell_diagonal,ZX,0.0,0.0,0.0,0.0,0.0,0.0,0.0
belldiag_fixed_7,C_bell_diagonal,ZY,0.0,0.0,0.0,0.0,0.0,0.0,0.0
belldiag_fixed_7,C_bell_diagonal,ZZ,0.0,0.0,0.0,0.0,0.0,0.0,0.0
belldiag_fixed_8,C_bell_diagonal,II,0.8199999999999994,0.8199999999999994,0.0,0.8199999999999994,0.0,0.0,-0.8199999999999994
belldiag_fixed_8,C_bell_diagonal,IX,0.0,0.0,0.0,0.0,0.0,0.0,0.0
belldiag_fixed_8,C_bell_diagonal,IY,0.0,0.0,0.0,0.0,0.0,0.0,0.0
belldiag_fixed_8,C_bell_diagonal,IZ,0.0,-1.3877787807814457e-17,1.3877787807814457e-17,0.0,0.0,1.3877787807814457e-17,1.3877787807814457e-17
belldiag_fixed_8,C_bell_diagonal,XI,0.0,0.0,0.0,0.0,0.0,0.0,0.0
belldiag_fixed_8,C_bell_diagonal,XX,0.7999999999999992,0.7999999999999994,2.220446049250313e-16,0.3999999999999996,-0.3999999999999996,-0.3999999999999998,-1.1999999999999988
belldiag_fixed_8,C_bell_diagonal,XY,0.0,0.0,0.0,0.0,0.0,0.0,0.0
belldiag_fixed_8,C_bell_diagonal,XZ,0.0,0.0,0.0,0.0,0.0,0.0,0.0
belldiag_fixed_8,C_bell_diagonal,YI,0.0,0.0,0.0,0.0,0.0,0.0,0.0
belldiag_fixed_8,C_bell_diagonal,YX,0.0,0.0,0.0,0.0,0.0,0.0,0.0
belldiag_fixed_8,C_bell_diagonal,YY,-0.7999999999999992,-0.7999999999999994,2.220446049250313e-16,-0.3999999999999996,0.3999999999999996,0.3999999999999998,1.1999999999999988
belldiag_fixed_8,C_bell_diagonal,YZ,0.0,0.0,0.0,0.0,0.0,0.0,0.0
belldiag_fixed_8,C_bell_diagonal,ZI,0.0,-1.3877787807814457e-17,1.3877787807814457e-17,0.0,0.0,1.3877787807814457e-17,1.3877787807814457e-17
belldiag_fixed_8,C_bell_diagonal,ZX,0.0,0.0,0.0,0.0,0.0,0.0,0.0
belldiag_fixed_8,C_bell_diagonal,ZY,0.0,0.0,0.0,0.0,0.0,0.0,0.0
belldiag_fixed_8,C_bell_diagonal,ZZ,0.8199999999999994,0.8199999999999994,0.0,0.4999999999999996,-0.31999999999999973,-0.3199999999999998,-1.1399999999999992
belldiag_fixed_9,C_bell_diagonal,II,0.2999999999999997,0.2999999999999998,1.1102230246251565e-16,0.2999999999999997,1.3010426069826053e-18,-1.1102230246251565e-16,-0.2999999999999998
belldiag_fixed_9,C_bell_diagonal,IX,0.0,0.0,0.0,0.0,0.0,0.0,0.0
belldiag_fixed_9,C_bell_diagonal,IY,0.0,0.0,0.0,0.0,0.0,0.0,0.0
belldiag_fixed_9,C_bell_diagonal,IZ,8.673617379884035e-19,0.0,8.673617379884035e-19,0.0,-8.673617379884035e-19,0.0,-8.673617379884035e-19
belldiag_fixed_9,C_bell_diagonal,XI,0.0,0.0,0.0,0.0,0.0,0.0,0.0
belldiag_fixed_9,C_bell_diagonal,XX,0.09999999999999991,0.09999999999999992,1.3877787807814457e-17,0.09999999999999991,0.0,-1.3877787807814457e-17,-0.09999999999999992
belldiag_fixed_9,C_bell_diagonal,XY,0.0,0.0,0.0,0.0,0.0,0.0,0.0
belldiag_fixed_9,C_bell_diagonal,XZ,0.0,0.0,0.0,0.0,0.0,0.0,0.0
belldiag_fixed_9,C_bell_diagonal,YI,0.0,0.0,0.0,0.0,0.0,0.0,0.0
belldiag_fixed_9,C_bell_diagonal,YX,0.0,0.0,0.0,0.0,0.0,0.0,0.0
belldiag_fixed_9,C_bell_diagonal,YY,-0.039999999999999966,-0.03999999999999997,6.938893903907228e-18,0.0,0.039999999999999966,0.03999999999999997,0.07999999999999993
belldiag_fixed_9,C_bell_diagonal,YZ,0.0,0.0,0.0,0.0,0.0,0.0,0.0
belldiag_fixed_9,C_bell_diagonal,ZI,1.3010426069826053e-18,0.0,1.3010426069826053e-18,0.0,-1.3010426069826053e-18,0.0,-1.3010426069826053e-18
belldiag_fixed_9,C_bell_diagonal,ZX,0.0,0.0,0.0,0.0,0.0,0.0,0.0
belldiag_fixed_9,C_bell_diagonal,ZY,0.0,0.0,0.0,0.0,0.0,0.0,0.0
belldiag_fixed_9,C_bell_diagonal,ZZ,0.19999999999999982,0.19999999999999987,5.551115123125783e-17,0.19999999999999982,8.673617379884035e-19,-5.551115123125783e-17,-0.19999999999999987
belldiag_rand_0,C_bell_diagonal,II,0.32393770747485895,0.32393770747485895,0.0,0.32393770747485895,0.0,0.0,-0.32393770747485895
belldiag_rand_0,C_bell_diagonal,IX,0.0,0.0,0.0,0.0,0.0,0.0,0.0
belldiag_rand_0,C_bell_diagonal,IY,0.0,0.0,0.0,0.0,0.0,0.0,0.0
belldiag_rand_0,C_bell_diagonal,IZ,0.0,0.0,0.0,0.0,0.0,0.0,0.0
belldiag_rand_0,C_bell_diagonal,XI,0.0,0.0,0.0,0.0,0.0,0.0,0.0
belldiag_rand_0,C_bell_diagonal,XX,-0.22770880654281245,-0.2277088065428125,5.551115123125783e-17,-0.24272895839643796,-0.015020151853625513,-0.015020151853625457,0.212688654689187
belldiag_rand_0,C_bell_diagonal,XY,0.0,0.0,0.0,0.0,0.0,0.0,0.0
belldiag_rand_0,C_bell_diagonal,XZ,0.0,0.0,0.0,0.0,0.0,0.0,0.0
belldiag_rand_0,C_bell_diagonal,YI,0.0,0.0,0.0,0.0,0.0,0.0,0.0
belldiag_rand_0,C_bell_diagonal,YX,0.0,0.0,0.0,0.0,0.0,0.0,0.0
belldiag_rand_0,C_bell_diagonal,YY,0.0442516854266263,0.044251685426626344,4.163336342344337e-17,0.08643275315193655,0.042181067725310245,0.0421810677253102,-0.0020706177013160992
belldiag_rand_0,C_bell_diagonal,YZ,0.0,0.0,0.0,0.0,0.0,0.0,0.0
belldiag_rand_0,C_bell_diagonal,ZI,0.0,0.0,0.0,0.0,0.0,0.0,0.0
belldiag_rand_0,C_bell_diagonal,ZX,0.0,0.0,0.0,0.0,0.0,0.0,0.0
belldiag_rand_0,C_bell_diagonal,ZY,0.0,0.0,0.0,0.0,0.0,0.0,0.0
belldiag_rand_0,C_bell_diagonal,ZZ,-0.04492977217572075,-0.04492977217572072,2.7755575615628914e-17,-0.0868892364635328,-0.041959464287812054,-0.04195946428781208,0.0029703078879086686
belldiag_rand_1,C_bell_diagonal,II,0.30118675224353764,0.30118675224353775,1.1102230246251565e-16,0.30118675224353764,3.469446951953614e-18,-1.1102230246251565e-16,-0.30118675224353775
belldiag_rand_1,C_bell_diagonal,IX,0.0,0.0,0.0,0.0,0.0,0.0,0.0
belldiag_rand_1,C_bell_diagonal,IY,0.0,0.0,0.0,0.0,0.0,0.0,0.0
belldiag_rand_1,C_bell_diagonal,IZ,6.938893903907228e-18,-1.3877787807814457e-17,2.0816681711721685e-17,6.938893903907228e-18,0.0,2.0816681711721685e-17,1.3877787807814457e-17
belldiag_rand_1,C_bell_diagonal,XI,0.0,0.0,0.0,0.0,0.0,0.0,0.0
belldiag_rand_1,C_bell_diagonal,XX,-0.10484494177627851,-0.10484494177627851,0.0,-0.11881072924976577,-0.013965787473487257,-0.013965787473487257,0.09087915430279125
belldiag_rand_1,C_bell_diagonal,XY,0.0,0.0,0.0,0.0,0.0,0.0,0.0
belldiag_rand_1,C_bell_diagonal,XZ,0.0,0.0,0.0,0.0,0.0,0.0,0.0
belldiag_rand_1,C_bell_diagonal,YI,0.0,0.0,0.0,0.0,0.0,0.0,0.0
belldiag_rand_1,C_bell_diagonal,YX,0.0,0.0,0.0,0.0,0.0,0.0,0.0
belldiag_rand_1,C_bell_diagonal,YY,0.18017671559747567,0.18017671559747572,5.551115123125783e-17,0.18895795679228933,0.008781241194813653,0.008781241194813605,-0.17139547440266206
belldiag_rand_1,C_bell_diagonal,YZ,0.0,0.0,0.0,0.0,0.0,0.0,0.0
belldiag_rand_1,C_bell_diagonal,ZI,1.0408340855860843e-17,1.3877787807814457e-17,3.469446951953614e-18,1.3877787807814457e-17,3.469446951953614e-18,0.0,-1.0408340855860843e-17
belldiag_rand_1,C_bell_diagonal,ZX,0.0,0.0,0.0,0.0,0.0,0.0,0.0
belldiag_rand_1,C_bell_diagonal,ZY,0.0,0.0,0.0,0.0,0.0,0.0,0.0
belldiag_rand_1,C_bell_diagonal,ZZ,0.007945716965835889,0.007945716965835944,5.551115123125783e-17,-0.0369547483222394,-0.044900465288075286,-0.04490046528807534,-0.05284618225391123
belldiag_rand_2,C_bell_diagonal,II,0.28046467241396683,0.2804646724139669,5.551115123125783e-17,0.28046467241396683,-3.0357660829594124e-18,-5.551115123125783e-17,-0.2804646724139669
belldiag_rand_2,C_bell_diagonal,IX,0.0,0.0,0.0,0.0,0.0,0.0,0.0
belldiag_rand_2,C_bell_diagonal,IY,0.0,0.0,0.0,0.0,0.0,0.0,0.0
belldiag_rand_2,C_bell_diagonal,IZ,-1.5612511283791264e-17,0.0,1.5612511283791264e-17,-1.3877787807814457e-17,1.734723475976807e-18,-1.3877787807814457e-17,1.734723475976807e-18
belldiag_rand_2,C_bell_diagonal,XI,0.0,0.0,0.0,0.0,0.0,0.0,0.0
belldiag_rand_2,C_bell_diagonal,XX,0.038711824625449254,0.03871182462544927,1.3877787807814457e-17,0.06273769529057177,0.024025870665122517,0.024025870665122503,-0.01468595396032675
belldiag_rand_2,C_bell_diagonal,XY,0.0,0.0,0.0,0.0,0.0,0.0,0.0
belldiag_rand_2,C_bell_diagonal,XZ,0.0,0.0,0.0,0.0,0.0,0.0,0.0
belldiag_rand_2,C_bell_diagonal,YI,0.0,0.0,0.0,0.0,0.0,0.0,0.0
belldiag_rand_2,C_bell_diagonal,YX,0.0,0.0,0.0,0.0,0.0,0.0,0.0
belldiag_rand_2,C_bell_diagonal,YY,0.07016297095051342,0.07016297095051344,1.3877787807814457e-17,0.08740775398381549,0.017244783033302073,0.017244783033302055,-0.05291818791721137
belldiag_rand_2,C_bell_diagonal,YZ,0.0,0.0,0.0,0.0,0.0,0.0,0.0
belldiag_rand_2,C_bell_diagonal,ZI,2.211772431870429e-17,0.0,2.211772431870429e-17,2.7755575615628914e-17,5.637851296924623e-18,2.7755575615628914e-17,5.637851296924623e-18
belldiag_rand_2,C_bell_diagonal,ZX,0.0,0.0,0.0,0.0,0.0,0.0,0.0
belldiag_rand_2,C_bell_diagonal,ZY,0.0,0.0,0.0,0.0,0.0,0.0,0.0
belldiag_rand_2,C_bell_diagonal,ZZ,0.1264680575549315,0.12646805755493157,5.551115123125783e-17,0.13743557962587127,0.01096752207093977,0.010967522070939706,-0.11550053548399179
belldiag_rand_3,C_bell_diagonal,II,0.4582633057710218,0.4582633057710219,1.1102230246251565e-16,0.4582633057710218,0.0,-1.1102230246251565e-16,-0.4582633057710219
belldiag_rand_3,C_bell_diagonal,IX,0.0,0.0,0.0,0.0,0.0,0.0,0.0
belldiag_rand_3,C_bell_diagonal,IY,0.0,0.0,0.0,0.0,0.0,0.0,0.0
belldiag_rand_3,C_bell_diagonal,IZ,-1.3877787807814457e-17,1.3877787807814457e-17,2.7755575615628914e-17,-1.3877787807814457e-17,0.0,-2.7755575615628914e-17,-1.3877787807814457e-17
belldiag_rand_3,C_bell_diagonal,XI,0.0,0.0,0.0,0.0,0.0,0.0,0.0
belldiag_rand_3,C_bell_diagonal,XX,-0.43500417909997435,-0.4350041790999746,2.220446049250313e-16,-0.348940170182065,0.08606400891790936,0.08606400891790955,0.5210681880178839
belldiag_rand_3,C_bell_diagonal,XY,0.0,0.0,0.0,0.0,0.0,0.0,0.0
belldiag_rand_3,C_bell_diagonal,XZ,0.0,0.0,0.0,0.0,0.0,0.0,0.0
belldiag_rand_3,C_bell_diagonal,YI,0.0,0.0,0.0,0.0,0.0,0.0,0.0
belldiag_rand_3,C_bell_diagonal,YX,0.0,0.0,0.0,0.0,0.0,0.0,0.0
belldiag_rand_3,C_bell_diagonal,YY,0.34949204319747884,0.34949204319747895,1.1102230246251565e-16,0.19721782940810464,-0.15227421378937422,-0.1522742137893743,-0.5017662569868532
belldiag_rand_3,C_bell_diagonal,YZ,0.0,0.0,0.0,0.0,0.0,0.0,0.0
belldiag_rand_3,C_bell_diagonal,ZI,-2.0816681711721685e-17,0.0,2.0816681711721685e-17,-1.3877787807814457e-17,6.938893903907228e-18,-1.3877787807814457e-17,6.938893903907228e-18
belldiag_rand_3,C_bell_diagonal,ZX,0.0,0.0,0.0,0.0,0.0,0.0,0.0
belldiag_rand_3,C_bell_diagonal,ZY,0.0,0.0,0.0,0.0,0.0,0.0,0.0
belldiag_rand_3,C_bell_diagonal,ZZ,0.35582975101367736,0.3558297510136774,5.551115123125783e-17,0.2181953051004742,-0.13763444591320317,-0.13763444591320323,-0.4934641969268806
belldiag_rand_4,C_bell_diagonal,II,0.37589192750631367,0.3758919275063137,5.551115123125783e-17,0.37589192750631367,0.0,-5.551115123125783e-17,-0.3758919275063137
belldiag_rand_4,C_bell_diagonal,IX,0.0,0.0,0.0,0.0,0.0,0.0,0.0
belldiag_rand_4,C_bell_diagonal,IY,0.0,0.0,0.0,0.0,0.0,0.0,0.0
belldiag_rand_4,C_bell_diagonal,IZ,0.0,0.0,0.0,0.0,0.0,0.0,0.0
belldiag_rand_4,C_bell_diagonal,XI,0.0,0.0,0.0,0.0,0.0,0.0,0.0
belldiag_rand_4,C_bell_diagonal,XX,-0.3409574989322221,-0.34095749893222216,5.551115123125783e-17,-0.3460816084232736,-0.005124109491051521,-0.005124109491051465,0.33583338944117064
belldiag_rand_4,C_bell_diagonal,XY,0.0,0.0,0.0,0.0,0.0,0.0,0.0
belldiag_rand_4,C_bell_diagonal,XZ,0.0,0.0,0.0,0.0,0.0,0.0,0.0
belldiag_rand_4,C_bell_diagonal,YI,0.0,0.0,0.0,0.0,0.0,0.0,0.0
belldiag_rand_4,C_bell_diagonal,YX,0.0,0.0,0.0,0.0,0.0,0.0,0.0
belldiag_rand_4,C_bell_diagonal,YY,-0.04301384967378802,-0.043013849673788074,5.551115123125783e-17,-0.06879231232964783,-0.025778462655859813,-0.025778462655859757,0.01723538701792826
belldiag_rand_4,C_bell_diagonal,YZ,0.0,0.0,0.0,0.0,0.0,0.0,0.0
belldiag_rand_4,C_bell_diagonal,ZI,-5.204170427930421e-18,0.0,5.204170427930421e-18,0.0,5.204170427930421e-18,0.0,5.204170427930421e-18
belldiag_rand_4,C_bell_diagonal,ZX,0.0,0.0,0.0,0.0,0.0,0.0,0.0
belldiag_rand_4,C_bell_diagonal,ZY,0.0,0.0,0.0,0.0,0.0,0.0,0.0
belldiag_rand_4,C_bell_diagonal,ZZ,-0.010372178836449655,-0.010372178836449614,4.163336342344337e-17,0.03724332935995184,0.04761550819640149,0.04761550819640145,0.05798768703285111
belldiag_rand_5,C_bell_diagonal,II,0.4542768231029023,0.45427682310290235,5.551115123125783e-17,0.4542768231029023,0.0,-5.551115123125783e-17,-0.45427682310290235
belldiag_rand_5,C_bell_diagonal,IX,0.0,0.0,0.0,0.0,0.0,0.0,0.0
belldiag_rand_5,C_bell_diagonal,IY,0.0,0.0,0.0,0.0,0.0,0.0,0.0
belldiag_rand_5,C_bell_diagonal,IZ,3.469446951953614e-18,3.469446951953614e-18,0.0,3.469446951953614e-18,0.0,0.0,-3.469446951953614e-18
belldiag_rand_5,C_bell_diagonal,XI,0.0,0.0,0.0,0.0,0.0,0.0,0.0
belldiag_rand_5,C_bell_diagonal,XX,-0.4495466192681532,-0.4495466192681533,1.1102230246251565e-16,-0.4458942826551472,0.003652336613006027,0.003652336613006124,0.4531989558811593
belldiag_rand_5,C_bell_diagonal,XY,0.0,0.0,0.0,0.0,0.0,0.0,0.0
belldiag_rand_5,C_bell_diagonal,XZ,0.0,0.0,0.0,0.0,0.0,0.0,0.0
belldiag_rand_5,C_bell_diagonal,YI,0.0,0.0,0.0,0.0,0.0,0.0,0.0
belldiag_rand_5,C_bell_diagonal,YX,0.0,0.0,0.0,0.0,0.0,0.0,0.0
belldiag_rand_5,C_bell_diagonal,YY,-0.09256676416092822,-0.09256676416092824,1.3877787807814457e-17,-0.0689460262936795,0.02362073786724872,0.023620737867248734,0.11618750202817696
belldiag_rand_5,C_bell_diagonal,YZ,0.0,0.0,0.0,0.0,0.0,0.0,0.0
belldiag_rand_5,C_bell_diagonal,ZI,-3.469446951953614e-18,3.469446951953614e-18,6.938893903907228e-18,-3.469446951953614e-18,0.0,-6.938893903907228e-18,-3.469446951953614e-18
belldiag_rand_5,C_bell_diagonal,ZX,0.0,0.0,0.0,0.0,0.0,0.0,0.0
belldiag_rand_5,C_bell_diagonal,ZY,0.0,0.0,0.0,0.0,0.0,0.0,0.0
belldiag_rand_5,C_bell_diagonal,ZZ,-0.08797220401831735,-0.08797220401831735,0.0,-0.026486926146031,0.061485277872286345,0.061485277872286345,0.1494574818906037
belldiag_rand_6,C_bell_diagonal,II,0.2918596303340393,0.29185963033403933,5.551115123125783e-17,0.2918596303340393,5.421010862427522e-18,-5.551115123125783e-17,-0.29185963033403933
belldiag_rand_6,C_bell_diagonal,IX,0.0,0.0,0.0,0.0,0.0,0.0,0.0
belldiag_rand_6,C_bell_diagonal,IY,0.0,0.0,0.0,0.0,0.0,0.0,0.0
belldiag_rand_6,C_bell_diagonal,IZ,2.168404344971009e-17,0.0,2.168404344971009e-17,2.0816681711721685e-17,-8.673617379884035e-19,2.0816681711721685e-17,-8.673617379884035e-19
belldiag_rand_6,C_bell_diagonal,XI,0.0,0.0,0.0,0.0,0.0,0.0,0.0
belldiag_rand_6,C_bell_diagonal,XX,0.1794071693585135,0.17940716935851353,2.7755575615628914e-17,0.177073715126008,-0.002333454232505503,-0.0023334542325055274,-0.18174062359101903
belldiag_rand_6,C_bell_diagonal,XY,0.0,0.0,0.0,0.0,0.0,0.0,0.0
belldiag_rand_6,C_bell_diagonal,XZ,0.0,0.0,0.0,0.0,0.0,0.0,0.0
belldiag_rand_6,C_bell_diagonal,YI,0.0,0.0,0.0,0.0,0.0,0.0,0.0
belldiag_rand_6,C_bell_diagonal,YX,0.0,0.0,0.0,0.0,0.0,0.0,0.0
belldiag_rand_6,C_bell_diagonal,YY,0.047525121536557524,0.04752512153655754,1.3877787807814457e-17,0.011455413079237076,-0.03606970845732045,-0.036069708457320465,-0.08359482999387799
belldiag_rand_6,C_bell_diagonal,YZ,0.0,0.0,0.0,0.0,0.0,0.0,0.0
belldiag_rand_6,C_bell_diagonal,ZI,-1.5178830414797062e-18,0.0,1.5178830414797062e-18,0.0,1.5178830414797062e-18,0.0,1.5178830414797062e-18
belldiag_rand_6,C_bell_diagonal,ZX,0.0,0.0,0.0,0.0,0.0,0.0,0.0
belldiag_rand_6,C_bell_diagonal,ZY,0.0,0.0,0.0,0.0,0.0,0.0,0.0
belldiag_rand_6,C_bell_diagonal,ZZ,-0.10590631971594637,-0.10590631971594638,1.3877787807814457e-17,-0.10184941461145922,0.0040569051044871485,0.0040569051044871685,0.10996322482043354
belldiag_rand_7,C_bell_diagonal,II,0.4092210478127032,0.4092210478127033,1.1102230246251565e-16,0.4092210478127032,3.469446951953614e-18,-1.1102230246251565e-16,-0.4092210478127033
belldiag_rand_7,C_bell_diagonal,IX,0.0,0.0,0.0,0.0,0.0,0.0,0.0
belldiag_rand_7,C_bell_diagonal,IY,0.0,0.0,0.0,0.0,0.0,0.0,0.0
belldiag_rand_7,C_bell_diagonal,IZ,0.0,6.938893903907228e-18,6.938893903907228e-18,0.0,0.0,-6.938893903907228e-18,-6.938893903907228e-18
belldiag_rand_7,C_bell_diagonal,XI,0.0,0.0,0.0,0.0,0.0,0.0,0.0
belldiag_rand_7,C_bell_diagonal,XX,0.3759408495085012,0.3759408495085013,1.1102230246251565e-16,0.32580332686259084,-0.050137522645910385,-0.05013752264591048,-0.4260783721544117
belldiag_rand_7,C_bell_diagonal,XY,0.0,0.0,0.0,0.0,0.0,0.0,0.0
belldiag_rand_7,C_bell_diagonal,XZ,0.0,0.0,0.0,0.0,0.0,0.0,0.0
belldiag_rand_7,C_bell_diagonal,YI,0.0,0.0,0.0,0.0,0.0,0.0,0.0
belldiag_rand_7,C_bell_diagonal,YX,0.0,0.0,0.0,0.0,0.0,0.0,0.0
belldiag_rand_7,C_bell_diagonal,YY,-0.27473951298715854,-0.27473951298715854,0.0,-0.18772328983950415,0.08701622314765439,0.08701622314765439,0.36175573613481293
belldiag_rand_7,C_bell_diagonal,YZ,0.0,0.0,0.0,0.0,0.0,0.0,0.0
belldiag_rand_7,C_bell_diagonal,ZI,0.0,1.3877787807814457e-17,1.3877787807814457e-17,0.0,0.0,-1.3877787807814457e-17,-1.3877787807814457e-17
belldiag_rand_7,C_bell_diagonal,ZX,0.0,0.0,0.0,0.0,0.0,0.0,0.0
belldiag_rand_7,C_bell_diagonal,ZY,0.0,0.0,0.0,0.0,0.0,0.0,0.0
belldiag_rand_7,C_bell_diagonal,ZZ,0.25586277388119494,0.25586277388119505,1.1102230246251565e-16,0.13354102916259317,-0.1223217447186018,-0.12232174471860188,-0.37818451859979685
belldiag_rand_8,C_bell_diagonal,II,0.3078613088314781,0.30786130883147816,5.551115123125783e-17,0.3078613088314781,-3.469446951953614e-18,-5.551115123125783e-17,-0.30786130883147816
belldiag_rand_8,C_bell_diagonal,IX,0.0,0.0,0.0,0.0,0.0,0.0,0.0
belldiag_rand_8,C_bell_diagonal,IY,0.0,0.0,0.0,0.0,0.0,0.0,0.0
belldiag_rand_8,C_bell_diagonal,IZ,-6.938893903907228e-18,0.0,6.938893903907228e-18,0.0,6.938893903907228e-18,0.0,6.938893903907228e-18
belldiag_rand_8,C_bell_diagonal,XI,0.0,0.0,0.0,0.0,0.0,0.0,0.0
belldiag_rand_8,C_bell_diagonal,XX,0.1953816644181231,0.19538166441812313,2.7755575615628914e-17,0.17756848098387562,-0.017813183434247495,-0.01781318343424751,-0.21319484785237064
belldiag_rand_8,C_bell_diagonal,XY,0.0,0.0,0.0,0.0,0.0,0.0,0.0
belldiag_rand_8,C_bell_diagonal,XZ,0.0,0.0,0.0,0.0,0.0,0.0,0.0
belldiag_rand_8,C_bell_diagonal,YI,0.0,0.0,0.0,0.0,0.0,0.0,0.0
belldiag_rand_8,C_bell_diagonal,YX,0.0,0.0,0.0,0.0,0.0,0.0,0.0
belldiag_rand_8,C_bell_diagonal,YY,-0.17211763596115662,-0.17211763596115667,5.551115123125783e-17,-0.15119759466780086,0.020920041293355757,0.020920041293355812,0.19303767725451243
belldiag_rand_8,C_bell_diagonal,YZ,0.0,0.0,0.0,0.0,0.0,0.0,0.0
belldiag_rand_8,C_bell_diagonal,ZI,-1.734723475976807e-18,0.0,1.734723475976807e-18,0.0,1.734723475976807e-18,0.0,1.734723475976807e-18
belldiag_rand_8,C_bell_diagonal,ZX,0.0,0.0,0.0,0.0,0.0,0.0,0.0
belldiag_rand_8,C_bell_diagonal,ZY,0.0,0.0,0.0,0.0,0.0,0.0,0.0
belldiag_rand_8,C_bell_diagonal,ZZ,0.11260282141093855,0.11260282141093854,1.3877787807814457e-17,0.05890696698378425,-0.0536958544271543,-0.05369585442715429,-0.16629867583809282
belldiag_rand_9,C_bell_diagonal,II,0.42700691496603194,0.42700691496603205,1.1102230246251565e-16,0.42700691496603194,-1.3877787807814457e-17,-1.1102230246251565e-16,-0.42700691496603205
belldiag_rand_9,C_bell_diagonal,IX,0.0,0.0,0.0,0.0,0.0,0.0,0.0
belldiag_rand_9,C_bell_diagonal,IY,0.0,0.0,0.0,0.0,0.0,0.0,0.0
belldiag_rand_9,C_bell_diagonal,IZ,0.0,6.938893903907228e-18,6.938893903907228e-18,0.0,0.0,-6.938893903907228e-18,-6.938893903907228e-18
belldiag_rand_9,C_bell_diagonal,XI,0.0,0.0,0.0,0.0,0.0,0.0,0.0
belldiag_rand_9,C_bell_diagonal,XX,0.4015629125403112,0.40156291254031123,5.551115123125783e-17,0.37098320044611555,-0.030579712094195632,-0.030579712094195688,-0.43214262463450687
belldiag_rand_9,C_bell_diagonal,XY,0.0,0.0,0.0,0.0,0.0,0.0,0.0
belldiag_rand_9,C_bell_diagonal,XZ,0.0,0.0,0.0,0.0,0.0,0.0,0.0
belldiag_rand_9,C_bell_diagonal,YI,0.0,0.0,0.0,0.0,0.0,0.0,0.0
belldiag_rand_9,C_bell_diagonal,YX,0.0,0.0,0.0,0.0,0.0,0.0,0.0
belldiag_rand_9,C_bell_diagonal,YY,0.24247343598406335,0.2424734359840634,5.551115123125783e-17,0.17914856762622955,-0.0633248683578338,-0.06332486835783385,-0.3057983043418972
belldiag_rand_9,C_bell_diagonal,YZ,0.0,0.0,0.0,0.0,0.0,0.0,0.0
belldiag_rand_9,C_bell_diagonal,ZI,-6.938893903907228e-18,6.938893903907228e-18,1.3877787807814457e-17,0.0,6.938893903907228e-18,-6.938893903907228e-18,0.0
belldiag_rand_9,C_bell_diagonal,ZX,0.0,0.0,0.0,0.0,0.0,0.0,0.0
belldiag_rand_9,C_bell_diagonal,ZY,0.0,0.0,0.0,0.0,0.0,0.0,0.0
belldiag_rand_9,C_bell_diagonal,ZZ,-0.21826957098267816,-0.21826957098267818,2.7755575615628914e-17,-0.0853473530360461,0.13292221794663206,0.1329222179466321,0.35119178892931024
pure_0,D_random_pure,II,1.0,1.0000000000000002,2.220446049250313e-16,1.0,1.3877787807814457e-17,-2.220446049250313e-16,-1.0000000000000002
pure_0,D_random_pure,IX,0.11735711850836303,0.11735711850836307,4.163336342344337e-17,0.11735711850836304,1.3877787807814457e-17,-2.7755575615628914e-17,-0.11735711850836306
pure_0,D_random_pure,IY,-0.588858198069291,-0.5888581980692913,3.3306690738754696e-16,-0.588858198069291,0.0,3.3306690738754696e-16,0.5888581980692913
pure_0,D_random_pure,IZ,-0.25508534724826865,-0.2550853472482687,5.551115123125783e-17,-0.25508534724826865,0.0,5.551115123125783e-17,0.2550853472482687
pure_0,D_random_pure,XI,-0.25432014010202647,-0.2543201401020265,5.551115123125783e-17,-0.25432014010202647,-1.734723475976807e-18,5.551115123125783e-17,0.2543201401020265
pure_0,D_random_pure,XX,-0.6227592703958378,-0.622759270395838,2.220446049250313e-16,-0.3263027746084274,0.29645649578741046,0.2964564957874106,0.9192157661832485
pure_0,D_random_pure,XY,0.42375552834544006,0.42375552834544,5.551115123125783e-17,0.28675701388932456,-0.13699851445611547,-0.13699851445611544,-0.5607540428015555
pure_0,D_random_pure,XZ,-0.26774180083705057,-0.2677418008370506,5.551115123125783e-17,-0.10143422979344839,0.1663075710436022,0.16630757104360222,0.43404937188065285
pure_0,D_random_pure,YI,0.037747056592284625,0.0377470565922846,2.7755575615628914e-17,0.0377470565922846,-2.7755575615628914e-17,0.0,-0.037747056592284625
pure_0,D_random_pure,YX,0.437199059960826,0.43719905996082603,5.551115123125783e-17,0.22081447287733433,-0.21638458708349165,-0.2163845870834917,-0.6535836470443177
pure_0,D_random_pure,YY,0.2657861092157205,0.26578610921572055,5.551115123125783e-17,0.12177922274418411,-0.14400688647153637,-0.14400688647153642,-0.4097929956872569
pure_0,D_random_pure,YZ,-0.5603966107320351,-0.5603966107320353,2.220446049250313e-16,-0.28501266588523905,0.27538394484679607,0.27538394484679624,0.8357805555788314
pure_0,D_random_pure,ZI,-0.5995762096146519,-0.599576209614652,1.1102230246251565e-16,-0.5995762096146519,-2.0816681711721685e-17,1.1102230246251565e-16,0.599576209614652
pure_0,D_random_pure,ZX,0.09594457405831558,0.09594457405831561,2.7755575615628914e-17,0.012790018885886885,-0.08315455517242869,-0.08315455517242873,-0.17909912923074428
pure_0,D_random_pure,ZY,0.8191140144688591,0.8191140144688592,1.1102230246251565e-16,0.5860896904338793,-0.2330243240349798,-0.23302432403497997,-1.052138338503839
pure_0,D_random_pure,ZZ,0.5037293877337141,0.5037293877337142,1.1102230246251565e-16,0.32833624668253414,-0.17539314105117998,-0.1753931410511801,-0.6791225287848942
pure_1,D_random_pure,II,0.9999999999999999,1.0,1.1102230246251565e-16,0.9999999999999999,8.673617379884035e-18,-1.1102230246251565e-16,-1.0
pure_1,D_random_pure,IX,0.08228371610928015,0.08228371610928013,1.3877787807814457e-17,0.08228371610928013,-6.938893903907228e-18,0.0,-0.08228371610928015
pure_1,D_random_pure,IY,-0.880498556479597,-0.8804985564795973,3.3306690738754696e-16,-0.880498556479597,0.0,3.3306690738754696e-16,0.8804985564795973
pure_1,D_random_pure,IZ,-0.14403210737738248,-0.1440321073773825,2.7755575615628914e-17,-0.14403210737738248,3.469446951953614e-18,2.7755575615628914e-17,0.1440321073773825
pure_1,D_random_pure,XI,0.3650069877479588,0.3650069877479589,1.1102230246251565e-16,0.3650069877479588,1.3010426069826053e-17,-1.1102230246251565e-16,-0.3650069877479589
pure_1,D_random_pure,XX,-0.19527644944092862,-0.19527644944092867,5.551115123125783e-17,-0.08262115904158604,0.11265529039934258,0.11265529039934263,0.3079317398402712
pure_1,D_random_pure,XY,-0.36800442415509854,-0.3680044241550987,1.6653345369377348e-16,-0.34469627498607114,0.023308149169027424,0.02330814916902757,0.3913125733241261
pure_1,D_random_pure,XZ,-0.3960762393099094,-0.39607623930990954,1.6653345369377348e-16,-0.2243244824813592,0.17175175682855018,0.17175175682855034,0.5678279961384597
pure_1,D_random_pure,YI,0.20173029195734962,0.20173029195734968,5.551115123125783e-17,0.20173029195734962,-8.673617379884035e-18,-5.551115123125783e-17,-0.20173029195734968
pure_1,D_random_pure,YX,-0.30400047195456903,-0.3040004719545691,5.551115123125783e-17,-0.14370067694025415,0.1602997950143149,0.16029979501431493,0.464300266968884
pure_1,D_random_pure,YY,-0.2967232692541156,-0.2967232692541157,1.1102230246251565e-16,-0.23717325006038478,0.05955001919373079,0.0595500191937309,0.35627328844784645
pure_1,D_random_pure,YZ,0.23966760184215496,0.23966760184215502,5.551115123125783e-17,0.10530598138484165,-0.1343616204573133,-0.13436162045731337,-0.37402922229946833
pure_1,D_random_pure,ZI,0.7930122029684918,0.7930122029684918,0.0,0.7930122029684918,-1.214306433183765e-17,0.0,-0.7930122029684918
pure_1,D_random_pure,ZX,0.27097576538672163,0.27097576538672175,1.1102230246251565e-16,0.16811387818348794,-0.10286188720323372,-0.1028618872032338,-0.3738376525899555
pure_1,D_random_pure,ZY,-0.8654549019984237,-0.8654549019984239,2.220446049250313e-16,-0.7818505009914429,0.08360440100698074,0.08360440100698097,0.9490593030054046
pure_1,D_random_pure,ZZ,-0.06028876663146136,-0.0602887666314614,3.469446951953614e-17,-0.08725399270049689,-0.02696522606903552,-0.026965226069035488,0.03332354056242588
pure_2,D_random_pure,II,0.999999999999999,0.9999999999999992,2.220446049250313e-16,0.999999999999999,-3.469446951953614e-17,-2.220446049250313e-16,-0.9999999999999992
pure_2,D_random_pure,IX,0.5241513680953549,0.5241513680953549,0.0,0.5241513680953549,-2.0816681711721685e-17,0.0,-0.5241513680953549
pure_2,D_random_pure,IY,-0.7650330467432773,-0.7650330467432775,2.220446049250313e-16,-0.7650330467432773,-1.734723475976807e-17,2.220446049250313e-16,0.7650330467432775
pure_2,D_random_pure,IZ,-0.22101474879914718,-0.2210147487991472,2.7755575615628914e-17,-0.22101474879914715,1.3877787807814457e-17,5.551115123125783e-17,0.22101474879914723
pure_2,D_random_pure,XI,0.6399760935347907,0.6399760935347908,1.1102230246251565e-16,0.6399760935347907,0.0,-1.1102230246251565e-16,-0.6399760935347908
pure_2,D_random_pure,XX,0.20251941318611943,0.2025194131861195,5.551115123125783e-17,0.2689818790803505,0.06646246589423103,0.066462465894231,-0.13605694729188844
pure_2,D_random_pure,XY,-0.6722058112937289,-0.672205811293729,1.1102230246251565e-16,-0.5809043359867555,0.09130147530697341,0.09130147530697352,0.7635072866007024
pure_2,D_random_pure,XZ,-0.08852624678283297,-0.08852624678283298,1.3877787807814457e-17,-0.1149852011664422,-0.026458954383609234,-0.02645895438360922,0.06206729239922375
pure_2,D_random_pure,YI,-0.6096589128670596,-0.6096589128670598,1.1102230246251565e-16,-0.6096589128670596,6.938893903907228e-18,1.1102230246251565e-16,0.6096589128670598
pure_2,D_random_pure,YX,-0.5395985737371918,-0.5395985737371918,0.0,-0.4295760634939941,0.1100225102431977,0.1100225102431977,0.6496210839803895
pure_2,D_random_pure,YY,0.41002946881417895,0.410029468814179,5.551115123125783e-17,0.4382193421995302,0.02818987338535123,0.028189873385351172,-0.3818395954288278
pure_2,D_random_pure,YZ,0.05945978044619826,0.05945978044619824,2.0816681711721685e-17,0.09710169596333637,0.03764191551713811,0.03764191551713813,-0.021817864929060134
pure_2,D_random_pure,ZI,-0.3572175081627268,-0.3572175081627269,1.1102230246251565e-16,-0.3572175081627268,1.3877787807814457e-17,1.1102230246251565e-16,0.3572175081627269
pure_2,D_random_pure,ZX,-0.18356520560140127,-0.18356520560140127,0.0,-0.18540062560625414,-0.0018354200048528724,-0.0018354200048528724,0.1817297855965484
pure_2,D_random_pure,ZY,0.2375563219615889,0.23755632196158893,2.7755575615628914e-17,0.2554197602906808,0.0178634383290919,0.017863438329091874,-0.21969288363249703
pure_2,D_random_pure,ZZ,0.35863270745192677,0.3586327074519269,1.1102230246251565e-16,0.2187915226425846,-0.13984118480934218,-0.13984118480934227,-0.49847389226126904
pure_3,D_random_pure,II,0.9999999999999991,0.9999999999999992,1.1102230246251565e-16,0.9999999999999991,1.8648277366750676e-17,-1.1102230246251565e-16,-0.9999999999999992
pure_3,D_random_pure,IX,0.14673550733029683,0.14673550733029686,2.7755575615628914e-17,0.14673550733029683,0.0,-2.7755575615628914e-17,-0.14673550733029686
pure_3,D_random_pure,IY,0.4721477987487511,0.4721477987487512,5.551115123125783e-17,0.4721477987487511,-1.713039432527097e-17,-5.551115123125783e-17,-0.4721477987487512
pure_3,D_random_pure,IZ,0.8591287915786148,0.859128791578615,2.220446049250313e-16,0.8591287915786148,9.540979117872439e-18,-2.220446049250313e-16,-0.859128791578615
pure_3,D_random_pure,XI,0.924375324146933,0.924375324146933,0.0,0.924375324146933,5.204170427930421e-18,0.0,-0.924375324146933
pure_3,D_random_pure,XX,0.1257592702373645,0.1257592702373645,0.0,0.1306989761948362,0.004939705957471702,0.004939705957471702,-0.1208195642798928
pure_3,D_random_pure,XY,0.4047287472419484,0.4047287472419484,0.0,0.42058526087779324,0.015856513635844817,0.015856513635844838,-0.38887223360610357
pure_3,D_random_pure,XZ,0.8320407763463111,0.8320407763463116,4.440892098500626e-16,0.8130991157728782,-0.01894166057343291,-0.018941660573433383,-0.8509824369197445
pure_3,D_random_pure,YI,-0.32990794946407126,-0.3299079494640713,5.551115123125783e-17,-0.32990794946407126,2.6020852139652106e-18,5.551115123125783e-17,0.3299079494640713
pure_3,D_random_pure,YX,-0.029638327146899172,-0.029638327146899176,3.469446951953614e-18,-0.03902376874190384,-0.009385441595004667,-0.009385441595004661,0.020252885551894508
pure_3,D_random_pure,YY,-0.26769623343425863,-0.2676962334342587,5.551115123125783e-17,-0.2117307727817171,0.055965460652541515,0.0559654606525416,0.32366169408680023
pure_3,D_random_pure,YZ,-0.2318241096058152,-0.23182410960581523,2.7755575615628914e-17,-0.25762876378053085,-0.02580465417471564,-0.025804654174715613,0.2060194554310996
pure_3,D_random_pure,ZI,-0.13873766065047463,-0.13873766065047466,2.7755575615628914e-17,-0.13873766065047463,1.3010426069826053e-18,2.7755575615628914e-17,0.13873766065047466
pure_3,D_random_pure,ZX,-0.1492660414517483,-0.14926604145174832,2.7755575615628914e-17,-0.08481189123655714,0.06445415021519116,0.06445415021519119,0.21372019166693948
pure_3,D_random_pure,ZY,-0.06999841519821508,-0.06999841519821512,4.163336342344337e-17,-0.067751548138944,0.0022468670592710755,0.0022468670592711154,0.07224528225748619
pure_3,D_random_pure,ZZ,-0.09752371879561429,-0.0975237187956143,1.3877787807814457e-17,-0.10835861876835029,-0.010834899972736001,-0.010834899972735984,0.08668881882287831
pure_4,D_random_pure,II,0.9999999999999996,0.9999999999999998,2.220446049250313e-16,0.9999999999999996,1.3877787807814457e-17,-2.220446049250313e-16,-0.9999999999999998
pure_4,D_random_pure,IX,0.13445107239612641,0.13445107239612647,5.551115123125783e-17,0.13445107239612641,-3.469446951953614e-18,-5.551115123125783e-17,-0.13445107239612647
pure_4,D_random_pure,IY,0.23680564248054808,0.23680564248054814,5.551115123125783e-17,0.23680564248054808,0.0,-5.551115123125783e-17,-0.23680564248054814
pure_4,D_random_pure,IZ,0.703066776960783,0.703066776960783,0.0,0.703066776960783,0.0,0.0,-0.703066776960783
pure_4,D_random_pure,XI,0.206640645475293,0.20664064547529304,2.7755575615628914e-17,0.206640645475293,3.469446951953614e-18,-2.7755575615628914e-17,-0.20664064547529304
pure_4,D_random_pure,XX,-0.5221050242547872,-0.5221050242547873,1.1102230246251565e-16,-0.24716098393500316,0.27494404031978403,0.27494404031978414,0.7970490645745714
pure_4,D_random_pure,XY,0.3558474069456903,0.3558474069456904,1.1102230246251565e-16,0.20239053888003108,-0.15345686806565917,-0.1534568680656593,-0.5093042750113496
pure_4,D_random_pure,XZ,0.27390222148654453,0.27390222148654464,1.1102230246251565e-16,0.2095921970449773,-0.06431002444156722,-0.06431002444156733,-0.33821224592811183
pure_4,D_random_pure,YI,0.48345994536617215,0.4834599453661721,5.551115123125783e-17,0.48345994536617215,5.204170427930421e-18,5.551115123125783e-17,-0.4834599453661721
pure_4,D_random_pure,YX,0.4133248051420652,0.4133248051420653,1.1102230246251565e-16,0.2391632566285599,-0.17416154851350532,-0.17416154851350543,-0.5874863536555707
pure_4,D_random_pure,YY,0.5652821157575234,0.5652821157575236,2.220446049250313e-16,0.3398840793667853,-0.22539803639073813,-0.22539803639073835,-0.7906801521482618
pure_4,D_random_pure,YZ,0.4182049231983238,0.4182049231983238,0.0,0.3790547743882774,-0.03915014881004639,-0.039150148810046415,-0.4573550720083702
pure_4,D_random_pure,ZI,0.5403915440763385,0.5403915440763385,0.0,0.5403915440763385,-1.3877787807814457e-17,0.0,-0.5403915440763385
pure_4,D_random_pure,ZX,0.07867111239541702,0.07867111239541705,2.7755575615628914e-17,0.0756636675051397,-0.003007444890277328,-0.00300744489027735,-0.08167855728569437
pure_4,D_random_pure,ZY,-0.2035897071077844,-0.20358970710778446,5.551115123125783e-17,-0.037810970160865785,0.1657787369469186,0.16577873694691866,0.36936844405470304
pure_4,D_random_pure,ZZ,0.8221485340851284,0.8221485340851287,2.220446049250313e-16,0.6010399376378704,-0.221108596447258,-0.22110859644725822,-1.0432571305323868
pure_5,D_random_pure,II,0.9999999999999998,1.0,2.220446049250313e-16,0.9999999999999998,-5.551115123125783e-17,-2.220446049250313e-16,-1.0
pure_5,D_random_pure,IX,0.058368774128113414,0.05836877412811342,6.938893903907228e-18,0.05836877412811341,-4.336808689942018e-18,-1.3877787807814457e-17,-0.05836877412811343
pure_5,D_random_pure,IY,-0.3180491925475981,-0.31804919254759806,5.551115123125783e-17,-0.3180491925475981,6.938893903907228e-18,-5.551115123125783e-17,0.31804919254759806
pure_5,D_random_pure,IZ,-0.3136447456719117,-0.3136447456719118,1.1102230246251565e-16,-0.3136447456719117,0.0,1.1102230246251565e-16,0.3136447456719118
pure_5,D_random_pure,XI,-0.020668736726715167,-0.020668736726715174,6.938893903907228e-18,-0.020668736726715167,1.6805133673525319e-18,6.938893903907228e-18,0.020668736726715174
pure_5,D_random_pure,XX,-0.8894563443846343,-0.8894563443846345,2.220446049250313e-16,-0.4453313766050746,0.4441249677795597,0.4441249677795599,1.3335813121641942
pure_5,D_random_pure,XY,-0.07669114806921523,-0.07669114806921526,2.7755575615628914e-17,-0.035058736521152295,0.041632411548062936,0.041632411548062964,0.1183235596172782
pure_5,D_random_pure,XZ,-0.021859706279596783,-0.021859706279596783,0.0,-0.00768853280279325,0.014171173476803533,0.014171173476803533,0.03603087975640032
pure_5,D_random_pure,YI,-0.27035921443077593,-0.27035921443077604,1.1102230246251565e-16,-0.27035921443077593,-6.938893903907228e-18,1.1102230246251565e-16,0.27035921443077604
pure_5,D_random_pure,YX,-0.0837612226534939,-0.08376122265349394,4.163336342344337e-17,-0.04977087928702902,0.03399034336646488,0.03399034336646491,0.11775156601995881
pure_5,D_random_pure,YY,0.9245724649432207,0.9245724649432208,1.1102230246251565e-16,0.5052799973953659,-0.41929246754785476,-0.4192924675478549,-1.3438649324910754
pure_5,D_random_pure,YZ,-0.09115201761364777,-0.09115201761364779,1.3877787807814457e-17,-0.0031776352817246,0.08797438233192317,0.08797438233192319,0.17912639994557095
pure_5,D_random_pure,ZI,-0.35974147336037215,-0.3597414733603722,5.551115123125783e-17,-0.35974147336037215,-1.3877787807814457e-17,5.551115123125783e-17,0.3597414733603722
pure_5,D_random_pure,ZX,-0.04819910420056388,-0.04819910420056388,0.0,-0.03459838650182509,0.013600717698738787,0.013600717698738787,0.061799821899302665
pure_5,D_random_pure,ZY,0.1936602297732433,0.19366022977324338,8.326672684688674e-17,0.15403785745069645,-0.03962237232254684,-0.03962237232254692,-0.23328260209579021
pure_5,D_random_pure,ZZ,0.9416216120358181,0.9416216120358183,2.220446049250313e-16,0.5272263174777854,-0.41439529455803265,-0.4143952945580329,-1.356016906593851
pure_6,D_random_pure,II,0.9999999999999999,1.0,1.1102230246251565e-16,0.9999999999999999,2.0816681711721685e-17,-1.1102230246251565e-16,-1.0
pure_6,D_random_pure,IX,0.005192679551956889,0.005192679551956891,2.6020852139652106e-18,0.005192679551956889,0.0,-2.6020852139652106e-18,-0.005192679551956891
pure_6,D_random_pure,IY,-0.6075659487149412,-0.6075659487149416,4.440892098500626e-16,-0.6075659487149412,0.0,4.440892098500626e-16,0.6075659487149416
pure_6,D_random_pure,IZ,0.371167540970101,0.37116754097010113,1.1102230246251565e-16,0.371167540970101,0.0,-1.1102230246251565e-16,-0.37116754097010113
pure_6,D_random_pure,XI,-0.30693740361517974,-0.30693740361517985,1.1102230246251565e-16,-0.30693740361517974,1.4094628242311558e-17,1.1102230246251565e-16,0.30693740361517985
pure_6,D_random_pure,XX,-0.46813871657075706,-0.4681387165707572,1.1102230246251565e-16,-0.23486627207512017,0.2332724444956369,0.233272444495637,0.701411161066394
pure_6,D_random_pure,XY,0.5893316919594072,0.5893316919594073,1.1102230246251565e-16,0.3879082033914824,-0.20142348856792475,-0.20142348856792486,-0.7907551805273321
pure_6,D_random_pure,XZ,0.1442781314308116,0.14427813143081164,2.7755575615628914e-17,0.01517646504960896,-0.12910166638120266,-0.12910166638120268,-0.27337979781201427
pure_6,D_random_pure,YI,0.07463050703621392,0.07463050703621402,9.71445146547012e-17,0.07463050703621393,1.0408340855860843e-17,-8.326672684688674e-17,-0.074630507036214
pure_6,D_random_pure,YX,0.44866393281860883,0.44866393281860895,1.1102230246251565e-16,0.224525732563224,-0.22413820025538486,-0.22413820025538495,-0.6728021330739938
pure_6,D_random_pure,YY,0.19264141563150122,0.19264141563150128,5.551115123125783e-17,0.07364923041048338,-0.11899218522101783,-0.1189921852210179,-0.3116336008525191
pure_6,D_random_pure,YZ,0.5101283990556733,0.5101283990556735,2.220446049250313e-16,0.26891441041682834,-0.24121398863884502,-0.2412139886388452,-0.7513423876945186
pure_6,D_random_pure,ZI,0.6380818185077033,0.6380818185077035,2.220446049250313e-16,0.6380818185077033,3.469446951953614e-17,-2.220446049250313e-16,-0.6380818185077035
pure_6,D_random_pure,ZX,-0.2695275346370839,-0.26952753463708395,5.551115123125783e-17,-0.13310709011282176,0.13642044452426216,0.1364204445242622,0.4059479791613461
pure_6,D_random_pure,ZY,-0.6912200333070739,-0.691220033307074,1.1102230246251565e-16,-0.5394484093632309,0.15177162394384303,0.15177162394384314,0.8429916572509171
pure_6,D_random_pure,ZZ,0.5914300392344918,0.5914300392344919,1.1102230246251565e-16,0.41413264937386324,-0.1772973898606286,-0.17729738986062865,-0.7687274290951205
pure_7,D_random_pure,II,0.9999999999999993,0.9999999999999996,2.220446049250313e-16,0.9999999999999993,-8.673617379884035e-18,-2.220446049250313e-16,-0.9999999999999996
pure_7,D_random_pure,IX,-0.5822500685017196,-0.5822500685017198,2.220446049250313e-16,-0.5822500685017196,-7.806255641895632e-18,2.220446049250313e-16,0.5822500685017198
pure_7,D_random_pure,IY,0.01447442199119979,0.014474421991199759,3.122502256758253e-17,0.014474421991199762,-2.7755575615628914e-17,3.469446951953614e-18,-0.014474421991199787
pure_7,D_random_pure,IZ,-0.618134879864724,-0.6181348798647242,1.1102230246251565e-16,-0.618134879864724,3.122502256758253e-17,1.1102230246251565e-16,0.6181348798647242
pure_7,D_random_pure,XI,-0.7305982298620257,-0.7305982298620258,1.1102230246251565e-16,-0.7305982298620257,1.734723475976807e-17,1.1102230246251565e-16,0.7305982298620258
pure_7,D_random_pure,XX,0.7691342997948891,0.7691342997948891,0.0,0.5972625845896445,-0.17187171520524455,-0.17187171520524458,-0.9410060150001337
pure_7,D_random_pure,XY,-0.1190238811379715,-0.11902388113797152,2.7755575615628914e-17,-0.06479943411150899,0.05422444702646251,0.054224447026462536,0.17324832816443403
pure_7,D_random_pure,XZ,0.45466926134036195,0.454669261340362,5.551115123125783e-17,0.4531387551927528,-0.0015305061476091134,-0.0015305061476091897,-0.45619976748797114
pure_7,D_random_pure,YI,-0.36910869178295486,-0.3691086917829549,5.551115123125783e-17,-0.36910869178295486,2.0816681711721685e-17,5.551115123125783e-17,0.3691086917829549
pure_7,D_random_pure,YX,-0.04091016649553647,-0.040910166495536485,1.3877787807814457e-17,0.08700169728983465,0.12791186378537112,0.12791186378537112,0.1688220302809076
pure_7,D_random_pure,YY,-0.1118022165350869,-0.1118022165350869,0.0,-0.05857242575028653,0.05322979078480037,0.05322979078480037,0.16503200731988726
pure_7,D_random_pure,YZ,0.6330501308247702,0.6330501308247702,0.0,0.4306045438385263,-0.20244558698624388,-0.20244558698624393,-0.8354957178110141
pure_7,D_random_pure,ZI,-0.22649587422371253,-0.2264958742237126,5.551115123125783e-17,-0.22649587422371253,-8.673617379884035e-18,5.551115123125783e-17,0.2264958742237126
pure_7,D_random_pure,ZX,0.15639229059955523,0.15639229059955528,5.551115123125783e-17,0.14413476444083442,-0.012257526158720809,-0.01225752615872086,-0.1686498167582761
pure_7,D_random_pure,ZY,0.5022227674260299,0.50222276742603,1.1102230246251565e-16,0.24947218528162507,-0.2527505821444048,-0.25275058214440493,-0.7549733495704348
pure_7,D_random_pure,ZZ,0.23086520632766028,0.23086520632766036,8.326672684688674e-17,0.1854351031653953,-0.04543010316226498,-0.04543010316226506,-0.2762953094899253
pure_8,D_random_pure,II,0.9999999999999996,0.9999999999999996,0.0,0.9999999999999996,-1.9081958235744878e-17,0.0,-0.9999999999999996
pure_8,D_random_pure,IX,-0.15971879162598732,-0.15971879162598734,2.7755575615628914e-17,-0.15971879162598732,-2.6020852139652106e-18,2.7755575615628914e-17,0.15971879162598734
pure_8,D_random_pure,IY,-0.7613637782852076,-0.7613637782852076,0.0,-0.7613637782852076,1.3877787807814457e-17,0.0,0.7613637782852076
pure_8,D_random_pure,IZ,-0.39602657417673925,-0.39602657417673937,1.1102230246251565e-16,-0.39602657417673925,-3.469446951953614e-18,1.1102230246251565e-16,0.39602657417673937
pure_8,D_random_pure,XI,0.3934025509325732,0.39340255093257337,1.6653345369377348e-16,0.39340255093257326,4.5102810375396984e-17,-1.1102230246251565e-16,-0.3934025509325733
pure_8,D_random_pure,XX,-0.31974123587502895,-0.319741235875029,5.551115123125783e-17,-0.19128750796628027,0.12845372790874868,0.12845372790874873,0.44819496378377766
pure_8,D_random_pure,XY,-0.18661550654079218,-0.18661550654079226,8.326672684688674e-17,-0.24306897955292753,-0.05645347301213535,-0.05645347301213527,0.1301620335286569
pure_8,D_random_pure,XZ,-0.5056518754464687,-0.5056518754464687,0.0,-0.33072486998234296,0.1749270054641257,0.17492700546412576,0.6805788809105944
pure_8,D_random_pure,YI,0.1971557086555615,0.19715570865556148,2.7755575615628914e-17,0.19715570865556148,-1.734723475976807e-17,0.0,-0.1971557086555615
pure_8,D_random_pure,YX,0.37519227652397513,0.37519227652397524,1.1102230246251565e-16,0.1718514024876719,-0.20334087403630327,-0.20334087403630335,-0.5785331505602785
pure_8,D_random_pure,YY,-0.16641337695121955,-0.1664133769512196,5.551115123125783e-17,-0.1582602961018577,0.008153080849361831,0.008153080849361893,0.17456645780058144
pure_8,D_random_pure,YZ,-0.32921994825126777,-0.3292199482512678,5.551115123125783e-17,-0.20364942406475856,0.1255705241865092,0.12557052418650927,0.45479047243777704
pure_8,D_random_pure,ZI,-0.7539137896348788,-0.7539137896348787,1.1102230246251565e-16,-0.7539137896348788,0.0,-1.1102230246251565e-16,0.7539137896348787
pure_8,D_random_pure,ZX,0.14312388821917227,0.14312388821917227,0.0,0.13176904384491198,-0.011354844374260292,-0.011354844374260292,-0.15447873259343256
pure_8,D_random_pure,ZY,0.8689845227836821,0.8689845227836823,2.220446049250313e-16,0.7214935870807063,-0.14749093570297583,-0.147490935702976,-1.0164754584866582
pure_8,D_random_pure,ZZ,0.17534397978746938,0.17534397978746938,0.0,0.23695693756058672,0.061612957773117344,0.061612957773117344,-0.11373102201435203
pure_9,D_random_pure,II,0.9999999999999988,0.9999999999999991,3.3306690738754696e-16,0.9999999999999988,3.469446951953614e-17,-3.3306690738754696e-16,-0.9999999999999991
pure_9,D_random_pure,IX,0.38062125463449115,0.38062125463449115,0.0,0.38062125463449115,-3.469446951953614e-18,0.0,-0.38062125463449115
pure_9,D_random_pure,IY,0.18423041397525447,0.18423041397525447,0.0,0.18423041397525441,-5.551115123125783e-17,-5.551115123125783e-17,-0.18423041397525453
pure_9,D_random_pure,IZ,0.0011993906443915625,0.0011993906443915764,1.3877787807814457e-17,0.0011993906443915486,-1.3877787807814457e-17,-2.7755575615628914e-17,-0.0011993906443915903
pure_9,D_random_pure,XI,0.13332990532446742,0.13332990532446748,5.551115123125783e-17,0.13332990532446745,1.3877787807814457e-17,-2.7755575615628914e-17,-0.13332990532446748
pure_9,D_random_pure,XX,0.48185243810625833,0.48185243810625855,2.220446049250313e-16,0.26630031697557754,-0.2155521211306808,-0.215552121130681,-0.6974045592369393
pure_9,D_random_pure,XY,-0.2670335833027655,-0.26703358330276555,5.551115123125783e-17,-0.12123507982477866,0.14579850347798684,0.1457985034779869,0.4128320867807524
pure_9,D_random_pure,XZ,-0.7317604344882436,-0.7317604344882438,2.220446049250313e-16,-0.3658002599235899,0.3659601745646537,0.3659601745646539,1.0977206090528975
pure_9,D_random_pure,YI,-0.381386053537717,-0.38138605353771704,5.551115123125783e-17,-0.38138605353771693,3.8163916471489756e-17,1.1102230246251565e-16,0.3813860535377171
pure_9,D_random_pure,YX,-0.8535260136964425,-0.8535260136964429,3.3306690738754696e-16,-0.49934482594703283,0.3541811877494097,0.35418118774941004,1.2077072014458525
pure_9,D_random_pure,YY,-0.30428384755457466,-0.3042838475545747,5.551115123125783e-17,-0.18727337904110847,0.11701046851346619,0.11701046851346625,0.4212943160680409
pure_9,D_random_pure,YZ,-0.38150384328728704,-0.38150384328728715,1.1102230246251565e-16,-0.19098063707590082,0.19052320621138624,0.19052320621138633,0.5720270494986734
pure_9,D_random_pure,ZI,-0.12483043684951134,-0.12483043684951134,0.0,-0.12483043684951133,6.938893903907228e-18,1.3877787807814457e-17,0.12483043684951134
pure_9,D_random_pure,ZX,0.07327542468727657,0.07327542468727655,2.7755575615628914e-17,0.012881153598521955,-0.060394271088754614,-0.06039427108875459,-0.13366969577603116
pure_9,D_random_pure,ZY,-0.8314026867219129,-0.8314026867219131,2.220446049250313e-16,-0.427200124889705,0.4042025618322078,0.4042025618322081,1.235605248554121
pure_9,D_random_pure,ZZ,0.374390303241919,0.37439030324191913,1.1102230246251565e-16,0.1871202913919132,-0.18727001185000586,-0.18727001185000594,-0.561660315091925
pure_10,D_random_pure,II,0.9999999999999998,1.0,2.220446049250313e-16,0.9999999999999998,0.0,-2.220446049250313e-16,-1.0
pure_10,D_random_pure,IX,0.38412347356988075,0.38412347356988086,1.1102230246251565e-16,0.38412347356988075,3.469446951953614e-18,-1.1102230246251565e-16,-0.38412347356988086
pure_10,D_random_pure,IY,0.8114877250197037,0.8114877250197038,1.1102230246251565e-16,0.8114877250197037,1.3877787807814457e-17,-1.1102230246251565e-16,-0.8114877250197038
pure_10,D_random_pure,IZ,0.14930721879468803,0.14930721879468808,5.551115123125783e-17,0.14930721879468803,0.0,-5.551115123125783e-17,-0.14930721879468808
pure_10,D_random_pure,XI,0.862194599202498,0.862194599202498,0.0,0.862194599202498,-1.0408340855860843e-17,0.0,-0.862194599202498
pure_10,D_random_pure,XX,0.48711393049608387,0.487113930496084,1.1102230246251565e-16,0.4091515574174693,-0.0779623730786146,-0.0779623730786147,-0.5650763035746986
pure_10,D_random_pure,XY,0.7881463871676605,0.7881463871676607,2.220446049250313e-16,0.7439033604993855,-0.04424302666827498,-0.044243026668275176,-0.8323894138359357
pure_10,D_random_pure,XZ,0.23784238818159767,0.2378423881815977,2.7755575615628914e-17,0.1832871329241617,-0.05455525525743596,-0.054555255257435986,-0.2923976434390336
pure_10,D_random_pure,YI,0.13303517088243505,0.1330351708824351,5.551115123125783e-17,0.13303517088243505,-5.204170427930421e-18,-5.551115123125783e-17,-0.1330351708824351
pure_10,D_random_pure,YX,-0.2860828470484968,-0.28608284704849685,5.551115123125783e-17,-0.11749045755108657,0.16859238949741023,0.1685923894974103,0.4546752365459071
pure_10,D_random_pure,YY,0.26344810615679415,0.2634481061567942,5.551115123125783e-17,0.18570225716189448,-0.07774584899489967,-0.07774584899489972,-0.3411939551516939
pure_10,D_random_pure,YZ,0.19517745845638262,0.19517745845638262,0.0,0.10752028491135754,-0.08765717354502507,-0.08765717354502509,-0.2828346320014077
pure_10,D_random_pure,ZI,0.259379900538911,0.25937990053891113,1.1102230246251565e-16,0.259379900538911,0.0,-1.1102230246251565e-16,-0.25937990053891113
pure_10,D_random_pure,ZX,0.008464626360503609,0.008464626360503607,1.734723475976807e-18,0.05404926736486016,0.04558464100435655,0.04558464100435655,0.03712001464385294
pure_10,D_random_pure,ZY,0.37359989189688786,0.373599891896888,1.6653345369377348e-16,0.2920417486505229,-0.08155814324636496,-0.08155814324636512,-0.455158035143253
pure_10,D_random_pure,ZZ,-0.31507711324298926,-0.3150771132429893,5.551115123125783e-17,-0.13817491084114084,0.1769022024018484,0.17690220240184848,0.4919793156448377
pure_11,D_random_pure,II,0.9999999999999992,0.9999999999999993,1.1102230246251565e-16,0.9999999999999992,-3.2959746043559335e-17,-1.1102230246251565e-16,-0.9999999999999993
pure_11,D_random_pure,IX,0.1718763553901834,0.17187635539018345,5.551115123125783e-17,0.1718763553901834,0.0,-5.551115123125783e-17,-0.17187635539018345
pure_11,D_random_pure,IY,-0.07377717098079589,-0.07377717098079593,4.163336342344337e-17,-0.0737771709807959,-6.938893903907228e-18,2.7755575615628914e-17,0.07377717098079592
pure_11,D_random_pure,IZ,-0.6550956378323128,-0.6550956378323128,0.0,-0.6550956378323128,-8.673617379884035e-18,0.0,0.6550956378323128
pure_11,D_random_pure,XI,-0.5727801345569206,-0.5727801345569209,3.3306690738754696e-16,-0.5727801345569206,1.3877787807814457e-17,3.3306690738754696e-16,0.5727801345569209
pure_11,D_random_pure,XX,0.08340063661939415,0.08340063661939418,2.7755575615628914e-17,-0.007523362674074163,-0.09092399929346831,-0.09092399929346834,-0.17432463591286249
pure_11,D_random_pure,XY,0.35071414249719746,0.35071414249719757,1.1102230246251565e-16,0.19648612020940337,-0.1542280222877941,-0.1542280222877942,-0.5049421647849917
pure_11,D_random_pure,XZ,0.8567299220874167,0.8567299220874167,0.0,0.6159778448363304,-0.24075207725108624,-0.24075207725108627,-1.097481999338503
pure_11,D_random_pure,YI,0.27569640106821813,0.27569640106821824,1.1102230246251565e-16,0.27569640106821813,2.0816681711721685e-17,-1.1102230246251565e-16,-0.27569640106821824
pure_11,D_random_pure,YX,0.1451163063157313,0.1451163063157313,0.0,0.09625099946276348,-0.048865306852967805,-0.04886530685296782,-0.1939816131686991
pure_11,D_random_pure,YY,0.6211676449207698,0.6211676449207699,1.1102230246251565e-16,0.3004137722001849,-0.3207538727205849,-0.32075387272058503,-0.9419215176413549
pure_11,D_random_pure,YZ,-0.4527313473791744,-0.45273134737917453,1.1102230246251565e-16,-0.316669428542516,0.13606191883665839,0.13606191883665852,0.5887932662158329
pure_11,D_random_pure,ZI,0.24504950337034953,0.2450495033703496,5.551115123125783e-17,0.24504950337034953,3.469446951953614e-18,-5.551115123125783e-17,-0.2450495033703496
pure_11,D_random_pure,ZX,0.7330704098433539,0.733070409843354,1.1102230246251565e-16,0.3875943126864121,-0.34547609715694183,-0.34547609715694194,-1.0785465070002958
pure_11,D_random_pure,ZY,-0.18016262350138285,-0.1801626235013829,5.551115123125783e-17,-0.09912084130514812,0.08104178219623473,0.08104178219623479,0.2612044056976176
pure_11,D_random_pure,ZZ,-0.16144229681277042,-0.16144229681277045,2.7755575615628914e-17,-0.16098657876183056,0.0004557180509398486,0.00045571805093988504,0.1618980148637103
pure_12,D_random_pure,II,0.9999999999999989,0.9999999999999992,3.3306690738754696e-16,0.9999999999999989,2.949029909160572e-17,-3.3306690738754696e-16,-0.9999999999999992
pure_12,D_random_pure,IX,0.48309859682332057,0.4830985968233207,1.1102230246251565e-16,0.48309859682332057,-1.3877787807814457e-17,-1.1102230246251565e-16,-0.4830985968233207
pure_12,D_random_pure,IY,-0.5520863180354174,-0.5520863180354175,1.1102230246251565e-16,-0.5520863180354174,-1.3877787807814457e-17,1.1102230246251565e-16,0.5520863180354175
pure_12,D_random_pure,IZ,0.5560940851310313,0.5560940851310314,1.1102230246251565e-16,0.5560940851310313,-3.469446951953614e-18,-1.1102230246251565e-16,-0.5560940851310314
pure_12,D_random_pure,XI,-0.08838147416224396,-0.08838147416224397,1.3877787807814457e-17,-0.08838147416224396,0.0,1.3877787807814457e-17,0.08838147416224397
pure_12,D_random_pure,XX,0.010236893622369098,0.01023689362236912,2.2551405187698492e-17,-0.016230036265293804,-0.0264669298876629,-0.026466929887662922,-0.03670382351003202
pure_12,D_random_pure,XY,-0.1873405189440166,-0.18734051894401665,5.551115123125783e-17,-0.06927315814562046,0.11806736079839612,0.11806736079839619,0.3054078797424128
pure_12,D_random_pure,XZ,-0.3538160999920104,-0.3538160999920104,0.0,-0.2014822575043977,0.15233384248761273,0.15233384248761273,0.5061499424796232
pure_12,D_random_pure,YI,-0.6204471772360202,-0.6204471772360202,0.0,-0.6204471772360202,-2.3418766925686896e-17,0.0,0.6204471772360202
pure_12,D_random_pure,YX,-0.5982008930346113,-0.5982008930346115,2.220446049250313e-16,-0.4489690268801615,0.14923186615444986,0.14923186615445005,0.7474327591890614
pure_12,D_random_pure,YY,0.2783675235287632,0.27836752352876326,5.551115123125783e-17,0.31045396057223296,0.03208643704346977,0.032086437043469695,-0.24628108648529348
pure_12,D_random_pure,YZ,-0.3196837888053073,-0.3196837888053073,0.0,-0.33235539710125156,-0.012671608295944273,-0.01267160829594427,0.307012180509363
pure_12,D_random_pure,ZI,0.6742834742280485,0.6742834742280486,1.1102230246251565e-16,0.6742834742280485,1.734723475976807e-18,-1.1102230246251565e-16,-0.6742834742280486
pure_12,D_random_pure,ZX,0.16736476182856722,0.16736476182856724,2.7755575615628914e-17,0.2465550810446457,0.0791903192160785,0.07919031921607847,-0.08817444261248875
pure_12,D_random_pure,ZY,-0.5871883565227329,-0.587188356522733,1.1102230246251565e-16,-0.4797255185607129,0.10746283796202002,0.10746283796202016,0.6946511944847531
pure_12,D_random_pure,ZZ,0.4841826987274124,0.4841826987274125,1.1102230246251565e-16,0.42957387522361634,-0.054608823503796054,-0.054608823503796144,-0.5387915222312085
pure_13,D_random_pure,II,1.0,1.0000000000000002,2.220446049250313e-16,1.0,-3.8163916471489756e-17,-2.220446049250313e-16,-1.0000000000000002
pure_13,D_random_pure,IX,0.32089188931328216,0.32089188931328233,1.6653345369377348e-16,0.32089188931328216,-6.938893903907228e-18,-1.6653345369377348e-16,-0.32089188931328233
pure_13,D_random_pure,IY,0.40357681522261796,0.4035768152226181,1.6653345369377348e-16,0.40357681522261796,0.0,-1.6653345369377348e-16,-0.4035768152226181
pure_13,D_random_pure,IZ,0.6257963045312679,0.6257963045312679,0.0,0.6257963045312679,-2.0816681711721685e-17,0.0,-0.6257963045312679
pure_13,D_random_pure,XI,0.20156801063916413,0.20156801063916424,1.1102230246251565e-16,0.20156801063916416,2.7755575615628914e-17,-8.326672684688674e-17,-0.2015680106391642
pure_13,D_random_pure,XX,0.06413466476608748,0.06413466476608748,0.0,0.06440810226260432,0.00027343749651684984,0.0002734374965168429,-0.06386122726957064
pure_13,D_random_pure,XY,-0.3436534955119185,-0.34365349551191854,5.551115123125783e-17,-0.13115265986370292,0.2125008356482156,0.21250083564821562,0.5561543311601341
pure_13,D_random_pure,XZ,0.5108344326036971,0.5108344326036973,2.220446049250313e-16,0.31848747438670266,-0.1923469582169945,-0.19234695821699466,-0.7031813908206919
pure_13,D_random_pure,YI,-0.40173146131650206,-0.40173146131650206,0.0,-0.40173146131650206,6.938893903907228e-18,0.0,0.40173146131650206
pure_13,D_random_pure,YX,-0.6614163987374753,-0.6614163987374754,1.1102230246251565e-16,-0.3951643831779567,0.2662520155595186,0.26625201555951866,0.927668414296994
pure_13,D_random_pure,YY,-0.1725202529116193,-0.17252025291161927,2.7755575615628914e-17,-0.16732487832223078,0.005195374589388506,0.005195374589388485,0.17771562750100778
pure_13,D_random_pure,YZ,-0.191536972020239,-0.19153697202023903,2.7755575615628914e-17,-0.22146951796302597,-0.02993254594278697,-0.029932545942786937,0.16160442607745207
pure_13,D_random_pure,ZI,0.6748696431554377,0.674869643155438,2.220446049250313e-16,0.6748696431554377,3.469446951953614e-18,-2.220446049250313e-16,-0.674869643155438
pure_13,D_random_pure,ZX,0.06260855936905202,0.06260855936905203,1.3877787807814457e-17,0.13958437710069052,0.0769758177316385,0.07697581773163849,0.014367258362586469
pure_13,D_random_pure,ZY,0.5979518525481058,0.5979518525481059,1.1102230246251565e-16,0.4351567969116011,-0.16279505563650476,-0.16279505563650482,-0.7607469081846107
pure_13,D_random_pure,ZZ,0.660693514727894,0.6606935147278941,1.1102230246251565e-16,0.5415122217274512,-0.11918129300044278,-0.11918129300044289,-0.7798748077283368
pure_14,D_random_pure,II,0.9999999999999996,0.9999999999999998,2.220446049250313e-16,0.9999999999999996,2.7755575615628914e-17,-2.220446049250313e-16,-0.9999999999999998
pure_14,D_random_pure,IX,-0.23049291812251943,-0.23049291812251949,5.551115123125783e-17,-0.23049291812251946,-1.3877787807814457e-17,2.7755575615628914e-17,0.23049291812251949
pure_14,D_random_pure,IY,-0.5048026165503651,-0.5048026165503652,1.1102230246251565e-16,-0.5048026165503651,6.938893903907228e-18,1.1102230246251565e-16,0.5048026165503652
pure_14,D_random_pure,IZ,-0.3156007970810826,-0.31560079708108263,5.551115123125783e-17,-0.3156007970810826,0.0,5.551115123125783e-17,0.31560079708108263
pure_14,D_random_pure,XI,-0.5596290287244733,-0.5596290287244734,1.1102230246251565e-16,-0.5596290287244733,-6.938893903907228e-18,1.1102230246251565e-16,0.5596290287244734
pure_14,D_random_pure,XX,0.25574448117718074,0.25574448117718085,1.1102230246251565e-16,0.19236750453697796,-0.06337697664020281,-0.06337697664020289,-0.31912145781738366
pure_14,D_random_pure,XY,0.9063906527603375,0.9063906527603378,3.3306690738754696e-16,0.5944464253789956,-0.31194422738134187,-0.3119442273813422,-1.2183348801416796
pure_14,D_random_pure,XZ,0.13667064289106182,0.13667064289106184,2.7755575615628914e-17,0.15664500521310887,0.01997436232204705,0.019974362322047023,-0.1166962805690148
pure_14,D_random_pure,YI,0.03877260005877799,0.038772600058778035,4.85722573273506e-17,0.03877260005877799,0.0,-4.85722573273506e-17,-0.038772600058778035
pure_14,D_random_pure,YX,0.6650478671457194,0.6650478671457196,2.220446049250313e-16,0.3280555287074871,-0.3369923384382323,-0.3369923384382325,-1.002040205583952
pure_14,D_random_pure,YY,-0.1579103300048919,-0.15791033000489196,5.551115123125783e-17,-0.08874141998251196,0.06916891002237995,0.06916891002238,0.22707924002727192
pure_14,D_random_pure,YZ,-0.3559809636750938,-0.3559809636750938,0.0,-0.18410881357927505,0.17187215009581872,0.17187215009581874,0.5278531137709125
pure_14,D_random_pure,ZI,-0.3047434425751089,-0.30474344257510894,5.551115123125783e-17,-0.3047434425751089,2.7755575615628914e-17,5.551115123125783e-17,0.304743442575109
pure_14,D_random_pure,ZX,0.3713173170726534,0.3713173170726535,5.551115123125783e-17,0.22077926121524635,-0.15053805585740707,-0.15053805585740712,-0.5218553729300606
pure_14,D_random_pure,ZY,-0.028097399231693784,-0.028097399231693767,1.734723475976807e-17,0.0628689439783936,0.09096634321008738,0.09096634321008737,0.11906374244178115
pure_14,D_random_pure,ZZ,0.7393551392206353,0.7393551392206354,1.1102230246251565e-16,0.41776620630128636,-0.321588932919349,-0.3215889329193491,-1.0609440721399843
pure_15,D_random_pure,II,0.9999999999999991,0.9999999999999996,4.440892098500626e-16,0.9999999999999991,-2.862293735361732e-17,-4.440892098500626e-16,-0.9999999999999996
pure_15,D_random_pure,IX,-0.5586758814758483,-0.5586758814758483,0.0,-0.5586758814758483,1.3877787807814457e-17,0.0,0.5586758814758483
pure_15,D_random_pure,IY,-0.31709213671489667,-0.3170921367148967,5.551115123125783e-17,-0.31709213671489667,-3.469446951953614e-18,5.551115123125783e-17,0.3170921367148967
pure_15,D_random_pure,IZ,0.5178357530636307,0.5178357530636308,1.1102230246251565e-16,0.5178357530636307,-5.204170427930421e-18,-1.1102230246251565e-16,-0.5178357530636308
pure_15,D_random_pure,XI,0.3927321964957716,0.3927321964957716,0.0,0.39273219649577157,-5.377642775528102e-17,-5.551115123125783e-17,-0.3927321964957717
pure_15,D_random_pure,XX,0.03538647716887436,0.035386477168874324,3.469446951953614e-17,-0.09201176444617348,-0.12739824161504784,-0.1273982416150478,-0.16278471878392217
pure_15,D_random_pure,XY,-0.44281551418537535,-0.4428155141853754,5.551115123125783e-17,-0.2836739027644771,0.1591416114208982,0.15914161142089828,0.6019571256062736
pure_15,D_random_pure,XZ,0.5254338825527891,0.525433882552789,1.1102230246251565e-16,0.36440232763875546,-0.1610315549140336,-0.16103155491403354,-0.6864654374668226
pure_15,D_random_pure,YI,0.17954856139503028,0.17954856139503028,0.0,0.17954856139503028,-1.734723475976807e-18,0.0,-0.17954856139503028
pure_15,D_random_pure,YX,-0.11151986107631437,-0.11151986107631442,5.551115123125783e-17,-0.10591465594070171,0.005605205135612655,0.0056052051356127175,0.11712506621192709
pure_15,D_random_pure,YY,0.36759197932301213,0.36759197932301224,1.1102230246251565e-16,0.15532927117308812,-0.21226270814992404,-0.21226270814992412,-0.5798546874729362
pure_15,D_random_pure,YZ,0.451505384643108,0.45150538464310813,1.1102230246251565e-16,0.27224102457229754,-0.17926436007081048,-0.1792643600708106,-0.6307697447139187
pure_15,D_random_pure,ZI,-0.7030958446732523,-0.7030958446732524,1.1102230246251565e-16,-0.7030958446732523,-2.6020852139652106e-18,1.1102230246251565e-16,0.7030958446732524
pure_15,D_random_pure,ZX,0.7858815607339942,0.7858815607339944,2.220446049250313e-16,0.5893421257594148,-0.19653943497457932,-0.1965394349745796,-0.9824209957085737
pure_15,D_random_pure,ZY,0.29751966227517945,0.2975196622751796,1.6653345369377348e-16,0.26023291298899315,-0.03728674928618633,-0.03728674928618647,-0.3348064115613659
pure_15,D_random_pure,ZZ,-0.3277132267616686,-0.3277132267616687,1.1102230246251565e-16,-0.34590069648197597,-0.01818746972030736,-0.01818746972030727,0.3095257570413613
pure_16,D_random_pure,II,0.9999999999999999,1.0000000000000002,3.3306690738754696e-16,0.9999999999999999,-2.7755575615628914e-17,-3.3306690738754696e-16,-1.0000000000000002
pure_16,D_random_pure,IX,-0.49787330351651543,-0.4978733035165156,1.6653345369377348e-16,-0.49787330351651543,-6.938893903907228e-18,1.6653345369377348e-16,0.4978733035165156
pure_16,D_random_pure,IY,-0.18782750966384087,-0.18782750966384093,5.551115123125783e-17,-0.18782750966384087,0.0,5.551115123125783e-17,0.18782750966384093
pure_16,D_random_pure,IZ,0.5863259949002962,0.5863259949002964,1.1102230246251565e-16,0.5863259949002962,1.3877787807814457e-17,-1.1102230246251565e-16,-0.5863259949002964
pure_16,D_random_pure,XI,-0.011054832492675047,-0.01105483249267503,1.734723475976807e-17,-0.011054832492675045,1.734723475976807e-18,-1.5612511283791264e-17,0.011054832492675032
pure_16,D_random_pure,XX,-0.46593547855099726,-0.4659354785509974,1.1102230246251565e-16,-0.23021578628902373,0.23571969226197353,0.23571969226197365,0.7016551708129709
pure_16,D_random_pure,XY,0.1047183250292196,0.10471832502921966,5.551115123125783e-17,0.05339736334303484,-0.05132096168618476,-0.051320961686184816,-0.1560392867154044
pure_16,D_random_pure,XZ,-0.38095306733924383,-0.38095306733924394,1.1102230246251565e-16,-0.1937174014994838,0.18723566583976,0.18723566583976015,0.568188733179004
pure_16,D_random_pure,YI,0.334565471266221,0.33456547126622105,5.551115123125783e-17,0.334565471266221,2.0816681711721685e-17,-5.551115123125783e-17,-0.33456547126622105
pure_16,D_random_pure,YX,-0.2568680450703532,-0.25686804507035327,5.551115123125783e-17,-0.21171963074611325,0.045148414324239966,0.04514841432424002,0.3020164593945932
pure_16,D_random_pure,YY,-0.6294959573395934,-0.6294959573395937,3.3306690738754696e-16,-0.3461682783135185,0.2833276790260749,0.28332767902607525,0.9128236363656687
pure_16,D_random_pure,YZ,0.1508394167372761,0.15083941673727613,2.7755575615628914e-17,0.1735019247683648,0.022662508031088678,0.022662508031088657,-0.12817690870618745
pure_16,D_random_pure,ZI,-0.7175506310719552,-0.7175506310719553,1.1102230246251565e-16,-0.7175506310719552,0.0,1.1102230246251565e-16,0.7175506310719553
pure_16,D_random_pure,ZX,0.5812620678892146,0.5812620678892148,1.1102230246251565e-16,0.46925568551068475,-0.11200638237852995,-0.11200638237853,-0.6932684502677446
pure_16,D_random_pure,ZY,-0.033360357400859464,-0.03336035740085948,1.3877787807814457e-17,0.050707695345551654,0.08406805274641112,0.08406805274641113,0.1174284101472706
pure_16,D_random_pure,ZZ,-0.7409218792168384,-0.7409218792168387,3.3306690738754696e-16,-0.5808202334357189,0.16010164578111957,0.16010164578111985,0.9010235249979583
pure_17,D_random_pure,II,0.9999999999999991,0.9999999999999993,2.220446049250313e-16,0.9999999999999991,6.938893903907228e-18,-2.220446049250313e-16,-0.9999999999999993
pure_17,D_random_pure,IX,0.046284841444505564,0.04628484144450559,2.7755575615628914e-17,0.046284841444505564,0.0,-2.7755575615628914e-17,-0.04628484144450559
pure_17,D_random_pure,IY,0.6570328586263889,0.657032858626389,1.1102230246251565e-16,0.6570328586263889,0.0,-1.1102230246251565e-16,-0.657032858626389
pure_17,D_random_pure,IZ,0.023340286440837896,0.023340286440837882,1.3877787807814457e-17,0.02334028644083789,-6.938893903907228e-18,6.938893903907228e-18,-0.02334028644083789
pure_17,D_random_pure,XI,-0.5233732972355941,-0.5233732972355942,1.1102230246251565e-16,-0.5233732972355941,1.734723475976807e-17,1.1102230246251565e-16,0.5233732972355942
pure_17,D_random_pure,XX,-0.22047237853929996,-0.22047237853930005,8.326672684688674e-17,-0.12234831430906881,0.09812406423023115,0.09812406423023123,0.3185964427695312
pure_17,D_random_pure,XY,-0.7951873567611246,-0.7951873567611248,2.220446049250313e-16,-0.5695304051862731,0.22565695157485155,0.22565695157485177,1.0208443083359764
pure_17,D_random_pure,XZ,0.3982579231782939,0.398257923178294,1.1102230246251565e-16,0.19302112025266466,-0.20523680292562924,-0.20523680292562935,-0.6034947261039232
pure_17,D_random_pure,YI,0.3115945720006594,0.3115945720006595,1.1102230246251565e-16,0.3115945720006594,1.3877787807814457e-17,-1.1102230246251565e-16,-0.3115945720006595
pure_17,D_random_pure,YX,0.30543239336212946,0.3054323933621296,1.1102230246251565e-16,0.15992724936107433,-0.14550514400105516,-0.14550514400105524,-0.45093753736318476
pure_17,D_random_pure,YY,0.4307182277777321,0.43071822777773217,5.551115123125783e-17,0.31772305007589585,-0.11299517770183624,-0.11299517770183631,-0.5437134054795684
pure_17,D_random_pure,YZ,0.6196005211520693,0.6196005211520694,1.1102230246251565e-16,0.3134366138579875,-0.3061639072940818,-0.30616390729408194,-0.9257644284461513
pure_17,D_random_pure,ZI,-0.2517309025008967,-0.2517309025008968,1.1102230246251565e-16,-0.2517309025008967,1.0408340855860843e-17,1.1102230246251565e-16,0.2517309025008968
pure_17,D_random_pure,ZX,0.6525841226235884,0.6525841226235886,1.1102230246251565e-16,0.32046639885732603,-0.33211772376626236,-0.33211772376626253,-0.9847018463898509
pure_17,D_random_pure,ZY,-0.4236411457691293,-0.42364114576912937,5.551115123125783e-17,-0.2945183101219472,0.12912283564718213,0.1291228356471822,0.5527639814163114
pure_17,D_random_pure,ZZ,-0.15378997675884898,-0.15378997675884898,0.0,-0.07983272406461528,0.0739572526942337,0.0739572526942337,0.22774722945308268
pure_18,D_random_pure,II,0.9999999999999998,1.0,2.220446049250313e-16,0.9999999999999998,0.0,-2.220446049250313e-16,-1.0
pure_18,D_random_pure,IX,0.8569067143315697,0.8569067143315701,3.3306690738754696e-16,0.8569067143315697,-6.938893903907228e-18,-3.3306690738754696e-16,-0.8569067143315701
pure_18,D_random_pure,IY,-0.054111831324993795,-0.054111831324993795,0.0,-0.054111831324993795,3.469446951953614e-18,0.0,0.054111831324993795
pure_18,D_random_pure,IZ,0.46514840281554043,0.4651484028155405,5.551115123125783e-17,0.46514840281554043,3.469446951953614e-18,-5.551115123125783e-17,-0.4651484028155405
pure_18,D_random_pure,XI,-0.6007732708107636,-0.6007732708107639,3.3306690738754696e-16,-0.6007732708107636,-2.3852447794681098e-17,3.3306690738754696e-16,0.6007732708107639
pure_18,D_random_pure,XX,-0.5346722715202021,-0.5346722715202022,1.1102230246251565e-16,-0.5247394605344421,0.009932810985760047,0.009932810985760154,0.5446050825059623
pure_18,D_random_pure,XY,-0.13318156227672157,-0.13318156227672157,0.0,-0.050336310191022374,0.08284525208569918,0.08284525208569919,0.21602681436242074
pure_18,D_random_pure,XZ,-0.322081530764964,-0.32208153076496393,5.551115123125783e-17,-0.30076512906842945,0.021316401696534523,0.02131640169653448,0.34339793246149847
pure_18,D_random_pure,YI,-0.25863948509067347,-0.2586394850906736,1.1102230246251565e-16,-0.25863948509067347,1.3444106938820255e-17,1.1102230246251565e-16,0.2586394850906736
pure_18,D_random_pure,YX,-0.13666466348986012,-0.13666466348986014,2.7755575615628914e-17,-0.1791472874276591,-0.04248262393779898,-0.04248262393779895,0.09418203955206117
pure_18,D_random_pure,YY,0.09192379857855668,0.0919237985785567,2.7755575615628914e-17,0.05295962738488324,-0.038964171193673444,-0.038964171193673465,-0.13088796977223016
pure_18,D_random_pure,YZ,-0.2935760961971209,-0.2935760961971209,0.0,-0.2069409197960407,0.08663517640108016,0.08663517640108018,0.38021127259820103
pure_18,D_random_pure,ZI,-0.7250912617244035,-0.7250912617244036,1.1102230246251565e-16,-0.7250912617244035,2.949029909160572e-17,1.1102230246251565e-16,0.7250912617244036
pure_18,D_random_pure,ZX,-0.6900414515733366,-0.6900414515733366,0.0,-0.6556885111240639,0.03435294044927272,0.03435294044927273,0.7243943920226094
pure_18,D_random_pure,ZY,0.15218585024911307,0.1521858502491131,2.7755575615628914e-17,0.09571093314938545,-0.056474917099727615,-0.056474917099727656,-0.2086607673488407
pure_18,D_random_pure,ZZ,-0.2699247227022469,-0.269924722702247,1.1102230246251565e-16,-0.3035998824944291,-0.03367515979218224,-0.03367515979218211,0.23624956291006474
pure_19,D_random_pure,II,0.9999999999999998,1.0,2.220446049250313e-16,0.9999999999999998,1.9949319973733282e-17,-2.220446049250313e-16,-1.0
pure_19,D_random_pure,IX,-0.00579656775938249,-0.005796567759382513,2.3418766925686896e-17,-0.00579656775938249,0.0,2.3418766925686896e-17,0.005796567759382513
pure_19,D_random_pure,IY,-0.7898748856891508,-0.7898748856891509,1.1102230246251565e-16,-0.7898748856891508,-6.938893903907228e-18,1.1102230246251565e-16,0.7898748856891509
pure_19,D_random_pure,IZ,0.5195738335313418,0.519573833531342,2.220446049250313e-16,0.5195738335313418,0.0,-2.220446049250313e-16,-0.519573833531342
pure_19,D_random_pure,XI,0.673825508152246,0.6738255081522461,1.1102230246251565e-16,0.673825508152246,8.673617379884035e-18,-1.1102230246251565e-16,-0.6738255081522461
pure_19,D_random_pure,XX,0.08375144685553863,0.08375144685553865,1.3877787807814457e-17,0.039922785819766896,-0.04382866103577174,-0.04382866103577175,-0.12758010789131038
pure_19,D_random_pure,XY,-0.4800084640089843,-0.4800084640089844,1.1102230246251565e-16,-0.5061231551175868,-0.02611469110860248,-0.026114691108602373,0.4538937729003819
pure_19,D_random_pure,XZ,0.568089325137587,0.5680893251375873,2.220446049250313e-16,0.45909571376972697,-0.10899361136786007,-0.10899361136786029,-0.6770829365054474
pure_19,D_random_pure,YI,0.41579176426352804,0.41579176426352804,0.0,0.41579176426352804,-1.734723475976807e-17,0.0,-0.41579176426352804
pure_19,D_random_pure,YX,0.17531283039586779,0.17531283039586784,5.551115123125783e-17,0.08645133263026056,-0.08886149776560723,-0.08886149776560728,-0.26417432816147507
pure_19,D_random_pure,YY,-0.4959036323010884,-0.49590363230108847,5.551115123125783e-17,-0.4121635522846165,0.08374008001647192,0.08374008001647198,0.5796437123175604
pure_19,D_random_pure,YZ,0.048320662949312046,0.04832066294931203,1.3877787807814457e-17,0.13217759192923667,0.08385692897992462,0.08385692897992464,0.03553626603061259
pure_19,D_random_pure,ZI,0.5166907170297167,0.5166907170297168,1.1102230246251565e-16,0.5166907170297167,-2.3418766925686896e-17,-1.1102230246251565e-16,-0.5166907170297168
pure_19,D_random_pure,ZX,-0.261518265356915,-0.26151826535691514,1.1102230246251565e-16,-0.1322566490544109,0.12926161630250416,0.12926161630250424,0.3907798816594193
pure_19,D_random_pure,ZY,-0.5036674431230179,-0.503667443123018,1.1102230246251565e-16,-0.4558942320867554,0.047773211036262545,0.04777321103626264,0.5514406541592806
pure_19,D_random_pure,ZZ,0.22583998086393284,0.2258399808639329,5.551115123125783e-17,0.2471494787305603,0.021309497866627464,0.02130949786662742,-0.20453048299730542
pure_20,D_random_pure,II,0.9999999999999991,0.9999999999999993,2.220446049250313e-16,0.9999999999999991,1.3877787807814457e-17,-2.220446049250313e-16,-0.9999999999999993
pure_20,D_random_pure,IX,-0.32267674224064063,-0.3226767422406407,5.551115123125783e-17,-0.32267674224064063,0.0,5.551115123125783e-17,0.3226767422406407
pure_20,D_random_pure,IY,-0.3077904751985247,-0.30779047519852476,5.551115123125783e-17,-0.3077904751985247,-2.0816681711721685e-17,5.551115123125783e-17,0.30779047519852476
pure_20,D_random_pure,IZ,0.3939291988660576,0.3939291988660576,0.0,0.3939291988660576,3.469446951953614e-18,0.0,-0.3939291988660576
pure_20,D_random_pure,XI,-0.030949546634567983,-0.030949546634567997,1.3877787807814457e-17,-0.030949546634567983,0.0,1.3877787807814457e-17,0.030949546634567997
pure_20,D_random_pure,XX,0.1819126119504987,0.18191261195049874,2.7755575615628914e-17,0.09594965541618297,-0.08596295653431574,-0.08596295653431577,-0.2678755684848145
pure_20,D_random_pure,XY,-0.6499948487584273,-0.6499948487584275,2.220446049250313e-16,-0.3202344365462974,0.32976041221212987,0.3297604122121301,0.9797552609705573
pure_20,D_random_pure,XZ,-0.43742073832012096,-0.43742073832012107,1.1102230246251565e-16,-0.224806334215572,0.21261440410454896,0.21261440410454907,0.65003514242467
pure_20,D_random_pure,YI,0.39136267903217264,0.3913626790321728,1.6653345369377348e-16,0.39136267903217264,-1.3877787807814457e-17,-1.6653345369377348e-16,-0.3913626790321728
pure_20,D_random_pure,YX,0.14331623130854923,0.14331623130854917,5.551115123125783e-17,0.008516298501939079,-0.13479993280661015,-0.1347999328066101,-0.2781161641151593
pure_20,D_random_pure,YY,-0.4514547171595864,-0.45145471715958646,5.551115123125783e-17,-0.2859562110569333,0.1654985061026531,0.16549850610265315,0.6169532232622396
pure_20,D_random_pure,YZ,0.7581413934167489,0.7581413934167491,2.220446049250313e-16,0.45615529001698346,-0.3019861033997655,-0.30198610339976567,-1.0601274968165146
pure_20,D_random_pure,ZI,-0.44711614749312706,-0.4471161474931271,5.551115123125783e-17,-0.44711614749312706,2.6020852139652106e-17,5.551115123125783e-17,0.4471161474931271
pure_20,D_random_pure,ZX,0.8345376379257394,0.8345376379257397,2.220446049250313e-16,0.48940580990100374,-0.34513182802473563,-0.3451318280247359,-1.1796694659504752
pure_20,D_random_pure,ZY,0.3382230643223177,0.3382230643223178,1.1102230246251565e-16,0.2379205779140805,-0.1003024864082372,-0.1003024864082373,-0.438525550730555
pure_20,D_random_pure,ZZ,-0.1871616111001999,-0.1871616111001999,0.0,-0.18164685844112283,0.005514752659077077,0.005514752659077082,0.192676363759277
pure_21,D_random_pure,II,0.9999999999999998,1.0,2.220446049250313e-16,0.9999999999999998,4.163336342344337e-17,-2.220446049250313e-16,-1.0
pure_21,D_random_pure,IX,-0.07617291448249905,-0.07617291448249912,6.938893903907228e-17,-0.07617291448249908,-2.7755575615628914e-17,4.163336342344337e-17,0.07617291448249909
pure_21,D_random_pure,IY,-0.011827250853490179,-0.011827250853490208,2.949029909160572e-17,-0.011827250853490179,0.0,2.949029909160572e-17,0.011827250853490208
pure_21,D_random_pure,IZ,0.20157606674731027,0.20157606674731032,5.551115123125783e-17,0.20157606674731027,0.0,-5.551115123125783e-17,-0.20157606674731032
pure_21,D_random_pure,XI,-0.21347523241771738,-0.21347523241771746,8.326672684688674e-17,-0.21347523241771738,0.0,8.326672684688674e-17,0.21347523241771746
pure_21,D_random_pure,XX,0.23179124474081303,0.23179124474081303,0.0,0.12402613768194967,-0.10776510705886336,-0.10776510705886336,-0.33955635179967636
pure_21,D_random_pure,XY,0.12604997675506005,0.1260499767550601,5.551115123125783e-17,0.06428740093993576,-0.061762575815124295,-0.06176257581512434,-0.1878125525701844
pure_21,D_random_pure,XZ,-0.9640439770199934,-0.9640439770199938,3.3306690738754696e-16,-0.5035377373593624,0.4605062396606311,0.4605062396606314,1.424550216680625
pure_21,D_random_pure,YI,-0.028164979963158657,-0.02816497996315866,3.469446951953614e-18,-0.028164979963158657,8.673617379884035e-19,3.469446951953614e-18,0.02816497996315866
pure_21,D_random_pure,YX,0.5468244222174782,0.5468244222174783,1.1102230246251565e-16,0.2744849154138066,-0.2723395068036716,-0.2723395068036717,-0.8191639290211499
pure_21,D_random_pure,YY,-0.8092116655472426,-0.8092116655472427,1.1102230246251565e-16,-0.4044392756319674,0.40477238991527514,0.40477238991527525,1.2139840554625179
pure_21,D_random_pure,YZ,0.019434254713722024,0.019434254713722024,0.0,0.006878434416365857,-0.012555820297356166,-0.012555820297356166,-0.03199007501107819
pure_21,D_random_pure,ZI,-0.014497120289975251,-0.014497120289975234,1.734723475976807e-17,-0.014497120289975237,1.3877787807814457e-17,-3.469446951953614e-18,0.014497120289975247
pure_21,D_random_pure,ZX,0.7787702328543109,0.778770232854311,1.1102230246251565e-16,0.38993726037920085,-0.38883297247511,-0.3888329724751102,-1.167603205329421
pure_21,D_random_pure,ZY,0.5318389418952243,0.5318389418952245,2.220446049250313e-16,0.26600520148677353,-0.26583374040845076,-0.265833740408451,-0.7976726823036753
pure_21,D_random_pure,ZZ,0.2535731124383783,0.2535731124383784,5.551115123125783e-17,0.12532541997558128,-0.12824769246279705,-0.1282476924627971,-0.3818208049011754
pure_22,D_random_pure,II,0.9999999999999992,0.9999999999999993,1.1102230246251565e-16,0.9999999999999992,-2.0816681711721685e-17,-1.1102230246251565e-16,-0.9999999999999993
pure_22,D_random_pure,IX,0.4729236634623328,0.47292366346233283,5.551115123125783e-17,0.4729236634623328,0.0,-5.551115123125783e-17,-0.47292366346233283
pure_22,D_random_pure,IY,0.33419021780336994,0.3341902178033701,1.6653345369377348e-16,0.33419021780336994,0.0,-1.6653345369377348e-16,-0.3341902178033701
pure_22,D_random_pure,IZ,-0.08076887572615186,-0.08076887572615188,1.3877787807814457e-17,-0.08076887572615188,-1.3877787807814457e-17,0.0,0.08076887572615186
pure_22,D_random_pure,XI,-0.15793545160894537,-0.15793545160894543,5.551115123125783e-17,-0.15793545160894537,-8.673617379884035e-19,5.551115123125783e-17,0.15793545160894543
pure_22,D_random_pure,XX,-0.6706152459678442,-0.6706152459678442,0.0,-0.37265332916666233,0.29796191680118184,0.29796191680118184,0.9685771627690261
pure_22,D_random_pure,XY,0.41782328194561186,0.41782328194561197,1.1102230246251565e-16,0.18252139948677237,-0.23530188245883948,-0.2353018824588396,-0.6531251644044515
pure_22,D_random_pure,XZ,-0.24244380666546464,-0.24244380666546472,8.326672684688674e-17,-0.11484376890085404,0.1276000377646106,0.12760003776461068,0.3700438444300753
pure_22,D_random_pure,YI,-0.2385751521266936,-0.23857515212669367,5.551115123125783e-17,-0.2385751521266936,-6.938893903907228e-18,5.551115123125783e-17,0.23857515212669367
pure_22,D_random_pure,YX,-0.20021964326295544,-0.20021964326295544,0.0,-0.15652373910889744,0.04369590415405798,0.043695904154057996,0.24391554741701343
pure_22,D_random_pure,YY,-0.5728764215536554,-0.5728764215536555,1.1102230246251565e-16,-0.32630295180267366,0.2465734697509817,0.24657346975098182,0.8194498913046372
pure_22,D_random_pure,YZ,-0.58887969812827,-0.5888796981282702,2.220446049250313e-16,-0.2848051256574007,0.3040745724708694,0.30407457247086955,0.8929542705991396
pure_22,D_random_pure,ZI,0.5099037108483989,0.5099037108483991,2.220446049250313e-16,0.5099037108483989,2.0816681711721685e-17,-2.220446049250313e-16,-0.5099037108483991
pure_22,D_random_pure,ZX,0.626083519480916,0.6260835194809162,2.220446049250313e-16,0.4336145252141896,-0.19246899426672648,-0.19246899426672665,-0.8185525137476427
pure_22,D_random_pure,ZY,0.516774523311061,0.516774523311061,0.0,0.34358967774911714,-0.17318484556194386,-0.17318484556194386,-0.6899593688730048
pure_22,D_random_pure,ZZ,-0.5090204402613091,-0.5090204402613091,0.0,-0.2751023948575636,0.2339180454037455,0.2339180454037455,0.7429384856650546
pure_23,D_random_pure,II,0.9999999999999996,1.0,4.440892098500626e-16,0.9999999999999996,2.949029909160572e-17,-4.440892098500626e-16,-1.0
pure_23,D_random_pure,IX,-0.2242517924132968,-0.22425179241329687,8.326672684688674e-17,-0.2242517924132968,-6.938893903907228e-18,8.326672684688674e-17,0.22425179241329687
pure_23,D_random_pure,IY,0.6137790118788108,0.6137790118788109,1.1102230246251565e-16,0.6137790118788108,-1.3877787807814457e-17,-1.1102230246251565e-16,-0.6137790118788109
pure_23,D_random_pure,IZ,-0.41641578474004226,-0.4164157847400423,5.551115123125783e-17,-0.41641578474004226,0.0,5.551115123125783e-17,0.4164157847400423
pure_23,D_random_pure,XI,0.39814659124124063,0.39814659124124074,1.1102230246251565e-16,0.39814659124124063,-2.42861286636753e-17,-1.1102230246251565e-16,-0.39814659124124074
pure_23,D_random_pure,XX,-0.34541549110446174,-0.34541549110446174,0.0,-0.2173502889167771,0.12806520218768463,0.12806520218768463,0.47348069329214637
pure_23,D_random_pure,XY,0.07603698948608476,0.0760369894860848,4.163336342344337e-17,0.16020550542052517,0.08416851593444041,0.08416851593444037,0.008131526448355617
pure_23,D_random_pure,XZ,-0.6580361504110579,-0.6580361504110581,2.220446049250313e-16,-0.41191533782217593,0.24612081258888197,0.2461208125888822,0.9041569629999401
pure_23,D_random_pure,YI,-0.1798604252925962,-0.1798604252925962,0.0,-0.1798604252925962,1.214306433183765e-17,0.0,0.1798604252925962
pure_23,D_random_pure,YX,-0.5037623030480862,-0.5037623030480863,1.1102230246251565e-16,-0.23171414014600183,0.2720481629020844,0.2720481629020845,0.7758104659501708
pure_23,D_random_pure,YY,-0.24289956941534172,-0.2428995694153418,8.326672684688674e-17,-0.17664706176376702,0.0662525076515747,0.06625250765157478,0.3091520770669165
pure_23,D_random_pure,YZ,0.34519192659706244,0.34519192659706255,1.1102230246251565e-16,0.21004432336947831,-0.13514760322758415,-0.13514760322758423,-0.48033952982464667
pure_23,D_random_pure,ZI,-0.6399571602073983,-0.6399571602073986,2.220446049250313e-16,-0.6399571602073983,-1.734723475976807e-18,2.220446049250313e-16,0.6399571602073986
pure_23,D_random_pure,ZX,0.27710088294546537,0.2771008829454654,5.551115123125783e-17,0.2103062115948489,-0.06679467135061645,-0.06679467135061651,-0.3438955542960819
pure_23,D_random_pure,ZY,-0.843520718907658,-0.8435207189076582,2.220446049250313e-16,-0.6181564961722624,0.22536422273539558,0.2253642227353958,1.068884941643054
pure_23,D_random_pure,ZZ,0.14428242006875705,0.14428242006875705,0.0,0.20538534156826493,0.061102921499507884,0.061102921499507884,-0.08317949856924917
pure_24,D_random_pure,II,0.9999999999999988,0.999999999999999,2.220446049250313e-16,0.9999999999999988,1.6479873021779667e-17,-2.220446049250313e-16,-0.999999999999999
pure_24,D_random_pure,IX,-0.09738416984814083,-0.0973841698481408,2.7755575615628914e-17,-0.09738416984814083,0.0,-2.7755575615628914e-17,0.0973841698481408
pure_24,D_random_pure,IY,-0.39127489002483545,-0.3912748900248355,5.551115123125783e-17,-0.39127489002483545,0.0,5.551115123125783e-17,0.3912748900248355
pure_24,D_random_pure,IZ,0.5272286025118799,0.52722860251188,1.1102230246251565e-16,0.5272286025118799,6.938893903907228e-18,-1.1102230246251565e-16,-0.52722860251188
pure_24,D_random_pure,XI,-0.4953282167412679,-0.49532821674126803,1.1102230246251565e-16,-0.4953282167412679,-2.7755575615628914e-17,1.1102230246251565e-16,0.49532821674126803
pure_24,D_random_pure,XX,0.07541073860604355,0.0754107386060435,5.551115123125783e-17,0.06182393289787597,-0.013586805708167587,-0.013586805708167525,-0.08899754431421109
pure_24,D_random_pure,XY,0.04409118620445884,0.04409118620445881,3.469446951953614e-17,0.11895033986804829,0.07485915366358945,0.07485915366358947,0.030767967459130637
pure_24,D_random_pure,XZ,-0.8928434995532355,-0.8928434995532357,2.220446049250313e-16,-0.5769973515252179,0.3158461480280176,0.3158461480280178,1.2086896475812532
pure_24,D_random_pure,YI,-0.43040784763539747,-0.4304078476353975,5.551115123125783e-17,-0.43040784763539747,8.673617379884035e-19,5.551115123125783e-17,0.4304078476353975
pure_24,D_random_pure,YX,0.29899799391228404,0.2989979939122841,5.551115123125783e-17,0.17045645242519117,-0.12854154148709288,-0.12854154148709293,-0.42753953539937695
pure_24,D_random_pure,YY,0.790477440540075,0.7904774405400752,2.220446049250313e-16,0.4794426118947207,-0.3110348286453543,-0.3110348286453545,-1.1015122691854295
pure_24,D_random_pure,YZ,-0.1744901588405109,-0.17449015884051094,5.551115123125783e-17,-0.2007067434297339,-0.026216584589223012,-0.026216584589222963,0.14827357425128793
pure_24,D_random_pure,ZI,-0.09974345994283645,-0.09974345994283648,2.7755575615628914e-17,-0.09974345994283645,-4.336808689942018e-18,2.7755575615628914e-17,0.09974345994283648
pure_24,D_random_pure,ZX,-0.6883657322010892,-0.6883657322010893,1.1102230246251565e-16,-0.33932614907838743,0.3490395831227018,0.3490395831227019,1.0374053153237912
pure_24,D_random_pure,ZY,0.29282709480622215,0.29282709480622227,1.1102230246251565e-16,0.16592710306302605,-0.1268999917431961,-0.12689999174319622,-0.41972708654941837
pure_24,D_random_pure,ZZ,-0.09901491641355717,-0.09901491641355717,0.0,-0.07580126070445929,0.02321365570909787,0.023213655709097877,0.12222857212265503
pure_25,D_random_pure,II,0.9999999999999998,0.9999999999999999,1.1102230246251565e-16,0.9999999999999998,0.0,-1.1102230246251565e-16,-0.9999999999999999
pure_25,D_random_pure,IX,-0.23503940368295687,-0.2350394036829569,2.7755575615628914e-17,-0.23503940368295687,1.0408340855860843e-17,2.7755575615628914e-17,0.2350394036829569
pure_25,D_random_pure,IY,0.40033348202078634,0.40033348202078645,1.1102230246251565e-16,0.40033348202078634,-1.3877787807814457e-17,-1.1102230246251565e-16,-0.40033348202078645
pure_25,D_random_pure,IZ,0.17318160640844568,0.17318160640844568,0.0,0.17318160640844568,0.0,0.0,-0.17318160640844568
pure_25,D_random_pure,XI,-0.10894560032933084,-0.10894560032933084,0.0,-0.10894560032933084,6.071532165918825e-18,0.0,0.10894560032933084
pure_25,D_random_pure,XX,0.8484490725804691,0.8484490725804693,2.220446049250313e-16,0.4370277907578784,-0.4114212818225907,-0.4114212818225909,-1.25987035440306
pure_25,D_random_pure,XY,0.21378616118234994,0.21378616118234997,2.7755575615628914e-17,0.08508579482583199,-0.12870036635651794,-0.128700366356518,-0.3424865275388679
pure_25,D_random_pure,XZ,0.02822242807833679,0.028222428078336793,3.469446951953614e-18,0.0046775270010853895,-0.0235449010772514,-0.023544901077251403,-0.051767329155588196
pure_25,D_random_pure,YI,0.46959488011615536,0.4695948801161554,5.551115123125783e-17,0.46959488011615536,-1.3877787807814457e-17,-5.551115123125783e-17,-0.4695948801161554
pure_25,D_random_pure,YX,-0.29923989163142717,-0.29923989163142717,0.0,-0.20480659611324897,0.09443329551817817,0.0944332955181782,0.3936731871496053
pure_25,D_random_pure,YY,0.9267433430704672,0.9267433430704675,2.220446049250313e-16,0.5573689482832507,-0.3693743947872165,-0.3693743947872168,-1.296117737857684
pure_25,D_random_pure,YZ,0.16315430688018823,0.16315430688018825,2.7755575615628914e-17,0.12223975128994274,-0.04091455559024548,-0.04091455559024551,-0.20406886247043374
pure_25,D_random_pure,ZI,-0.11451546466007322,-0.11451546466007327,5.551115123125783e-17,-0.11451546466007323,-1.3877787807814457e-17,4.163336342344337e-17,0.11451546466007326
pure_25,D_random_pure,ZX,0.018190460924781483,0.01819046092478149,6.938893903907228e-18,0.02255305372548092,0.004362592800699436,0.004362592800699429,-0.013827868124082054
pure_25,D_random_pure,ZY,0.10102902196714676,0.1010290219671468,4.163336342344337e-17,0.02759232362727564,-0.07343669833987113,-0.07343669833987117,-0.17446572030701793
pure_25,D_random_pure,ZZ,-0.8700998497812079,-0.8700998497812081,2.220446049250313e-16,-0.4449659109548245,0.4251339388263834,0.4251339388263836,1.2952337886075915
pure_26,D_random_pure,II,1.0000000000000004,1.0000000000000004,0.0,1.0000000000000004,1.214306433183765e-17,0.0,-1.0000000000000004
pure_26,D_random_pure,IX,-0.5339719659427788,-0.5339719659427791,2.220446049250313e-16,-0.5339719659427788,-6.938893903907228e-18,2.220446049250313e-16,0.5339719659427791
pure_26,D_random_pure,IY,-0.18273191561321753,-0.1827319156132176,8.326672684688674e-17,-0.18273191561321755,-2.7755575615628914e-17,5.551115123125783e-17,0.18273191561321758
pure_26,D_random_pure,IZ,0.3768089544748219,0.3768089544748219,0.0,0.3768089544748219,-1.0408340855860843e-17,0.0,-0.3768089544748219
pure_26,D_random_pure,XI,0.10963627261526403,0.10963627261526411,8.326672684688674e-17,0.10963627261526404,1.3877787807814457e-17,-6.938893903907228e-17,-0.1096362726152641
pure_26,D_random_pure,XX,0.24692242593408542,0.24692242593408553,1.1102230246251565e-16,0.09418986495353719,-0.15273256098054824,-0.15273256098054833,-0.39965498691463375
pure_26,D_random_pure,XY,0.10607517642866848,0.10607517642866851,2.7755575615628914e-17,0.04302056515649417,-0.06305461127217432,-0.06305461127217435,-0.16912978770084283
pure_26,D_random_pure,XZ,0.6923116951348873,0.6923116951348876,2.220446049250313e-16,0.36681181219578074,-0.3254998829391066,-0.3254998829391068,-1.017811578073994
pure_26,D_random_pure,YI,0.6397936794601882,0.6397936794601883,1.1102230246251565e-16,0.6397936794601882,6.938893903907228e-18,-1.1102230246251565e-16,-0.6397936794601883
pure_26,D_random_pure,YX,-0.8738152011018396,-0.8738152011018397,1.1102230246251565e-16,-0.6077235449604802,0.26609165614135943,0.26609165614135954,1.1399068572431992
pure_26,D_random_pure,YY,-0.07313808599524588,-0.07313808599524595,6.938893903907228e-17,-0.0950244053201175,-0.021886319324871617,-0.021886319324871548,0.05125176667037433
pure_26,D_random_pure,YZ,0.4241836458523942,0.42418364585239443,2.220446049250313e-16,0.33263181664469343,-0.0915518292077008,-0.091551829207701,-0.5157354750600952
pure_26,D_random_pure,ZI,-0.19785332198046662,-0.19785332198046665,2.7755575615628914e-17,-0.19785332198046662,-3.469446951953614e-18,2.7755575615628914e-17,0.19785332198046665
pure_26,D_random_pure,ZX,0.010018419939980955,0.010018419939980946,8.673617379884035e-18,0.05783327362310016,0.047814853683119204,0.04781485368311921,0.03779643374313826
pure_26,D_random_pure,ZY,0.7458470545208145,0.7458470545208147,2.220446049250313e-16,0.3910005855283719,-0.35484646899244254,-0.35484646899244277,-1.1006935235132573
pure_26,D_random_pure,ZZ,-0.1491835713956381,-0.14918357139563812,2.7755575615628914e-17,-0.11186823739523398,0.03731533400040411,0.03731533400040414,0.18649890539604225
pure_27,D_random_pure,II,0.9999999999999993,0.9999999999999996,2.220446049250313e-16,0.9999999999999993,1.0408340855860843e-17,-2.220446049250313e-16,-0.9999999999999996
pure_27,D_random_pure,IX,-0.09855919835268942,-0.09855919835268948,5.551115123125783e-17,-0.09855919835268939,2.7755575615628914e-17,8.326672684688674e-17,0.0985591983526895
pure_27,D_random_pure,IY,-0.48807761731282556,-0.48807761731282573,1.6653345369377348e-16,-0.48807761731282556,0.0,1.6653345369377348e-16,0.48807761731282573
pure_27,D_random_pure,IZ,0.41610864635965306,0.41610864635965317,1.1102230246251565e-16,0.41610864635965306,-1.3877787807814457e-17,-1.1102230246251565e-16,-0.41610864635965317
pure_27,D_random_pure,XI,-0.5500202800052167,-0.5500202800052167,0.0,-0.5500202800052167,-6.938893903907228e-18,0.0,0.5500202800052167
pure_27,D_random_pure,XX,0.5097358236369907,0.5097358236369909,2.220446049250313e-16,0.2819726907560133,-0.22776313288097738,-0.2277631328809776,-0.7374989565179683
pure_27,D_random_pure,XY,0.6708666551687308,0.6708666551687309,1.1102230246251565e-16,0.4696596214537052,-0.20120703371502563,-0.20120703371502568,-0.8720736888837566
pure_27,D_random_pure,XZ,-0.41418540271706933,-0.4141854027170695,1.6653345369377348e-16,-0.3215267984501987,0.09265860426687063,0.09265860426687078,0.5068440069839402
pure_27,D_random_pure,YI,0.15334001645065412,0.1533400164506542,8.326672684688674e-17,0.15334001645065412,-6.938893903907228e-18,-8.326672684688674e-17,-0.1533400164506542
pure_27,D_random_pure,YX,0.034918989286505504,0.034918989286505525,2.0816681711721685e-17,0.009902960094870426,-0.025016029191635078,-0.0250160291916351,-0.0599350184781406
pure_27,D_random_pure,YY,0.2913745743842845,0.2913745743842846,1.1102230246251565e-16,0.10826637225816985,-0.18310820212611467,-0.18310820212611476,-0.4744827765103993
pure_27,D_random_pure,YZ,0.7185503465712886,0.7185503465712888,2.220446049250313e-16,0.3911782266246686,-0.32737211994661997,-0.3273721199466202,-1.0459224665179088
pure_27,D_random_pure,ZI,-0.30829306287175645,-0.3082930628717565,5.551115123125783e-17,-0.30829306287175645,-6.938893903907228e-18,5.551115123125783e-17,0.3082930628717565
pure_27,D_random_pure,ZX,-0.572349445873147,-0.5723494458731472,2.220446049250313e-16,-0.2709821643694057,0.30136728150374126,0.3013672815037415,0.8737167273768884
pure_27,D_random_pure,ZY,0.5312047319347857,0.5312047319347858,1.1102230246251565e-16,0.3408378377476529,-0.19036689418713276,-0.19036689418713287,-0.7215716261219185
pure_27,D_random_pure,ZZ,-0.2533814821897783,-0.2533814821897784,1.1102230246251565e-16,-0.1908324456317082,0.06254903655807012,0.0625490365580702,0.3159305187478485
pure_28,D_random_pure,II,0.9999999999999991,0.9999999999999992,1.1102230246251565e-16,0.9999999999999991,0.0,-1.1102230246251565e-16,-0.9999999999999992
pure_28,D_random_pure,IX,0.0728972805795394,0.07289728057953943,2.7755575615628914e-17,0.0728972805795394,3.469446951953614e-18,-2.7755575615628914e-17,-0.07289728057953943
pure_28,D_random_pure,IY,0.13579946159537934,0.13579946159537934,0.0,0.1357994615953793,-2.7755575615628914e-17,-2.7755575615628914e-17,-0.13579946159537937
pure_28,D_random_pure,IZ,0.04413840379616464,0.04413840379616463,1.3877787807814457e-17,0.04413840379616464,0.0,1.3877787807814457e-17,-0.04413840379616463
pure_28,D_random_pure,XI,-0.08570072902927472,-0.08570072902927475,2.7755575615628914e-17,-0.08570072902927474,-6.938893903907228e-18,1.3877787807814457e-17,0.08570072902927475
pure_28,D_random_pure,XX,-0.8932781642664809,-0.893278164266481,1.1102230246251565e-16,-0.4497627571781994,0.4435154070882814,0.4435154070882816,1.3367935713547623
pure_28,D_random_pure,XY,-0.26185343992066523,-0.26185343992066534,1.1102230246251565e-16,-0.1367457763905861,0.12510766353007916,0.12510766353007924,0.3869611034507445
pure_28,D_random_pure,XZ,0.3393048868310147,0.33930488683101473,5.551115123125783e-17,0.16776109672374745,-0.17154379010726725,-0.17154379010726728,-0.510848676938282
pure_28,D_random_pure,YI,0.006325023535541513,0.0063250235355414575,5.551115123125783e-17,0.006325023535541485,-2.7755575615628914e-17,2.7755575615628914e-17,-0.006325023535541485
pure_28,D_random_pure,YX,0.42364184554888984,0.4236418455488899,5.551115123125783e-17,0.21205146128211622,-0.21159038426677362,-0.21159038426677368,-0.6352322298156635
pure_28,D_random_pure,YY,-0.4339671232608553,-0.43396712326085535,5.551115123125783e-17,-0.21655409423507532,0.21741302902578,0.21741302902578002,0.6513801522866354
pure_28,D_random_pure,YZ,0.7788044828942571,0.7788044828942573,2.220446049250313e-16,0.38954182966854445,-0.3892626532257126,-0.38926265322571285,-1.16806713611997
pure_28,D_random_pure,ZI,-0.13534801474822583,-0.13534801474822586,2.7755575615628914e-17,-0.1353480147482258,2.7755575615628914e-17,5.551115123125783e-17,0.1353480147482259
pure_28,D_random_pure,ZX,0.04681896501810561,0.046818965018105625,1.3877787807814457e-17,0.018476231405560282,-0.02834273361254533,-0.028342733612545343,-0.07516169863065095
pure_28,D_random_pure,ZY,-0.8578129747939494,-0.8578129747939496,2.220446049250313e-16,-0.4380965811623808,0.41971639363156854,0.41971639363156876,1.277529368425518
pure_28,D_random_pure,ZZ,-0.5045594750977453,-0.5045594750977455,1.1102230246251565e-16,-0.2552667602128558,0.24929271488488947,0.24929271488488963,0.7538521899826349
pure_29,D_random_pure,II,1.0000000000000004,1.0000000000000007,2.220446049250313e-16,1.0000000000000004,-1.734723475976807e-17,-2.220446049250313e-16,-1.0000000000000007
pure_29,D_random_pure,IX,0.01316544370750447,0.013165443707504502,3.122502256758253e-17,0.01316544370750447,0.0,-3.122502256758253e-17,-0.013165443707504502
pure_29,D_random_pure,IY,0.29625963554474777,0.2962596355447478,5.551115123125783e-17,0.29625963554474777,6.938893903907228e-18,-5.551115123125783e-17,-0.2962596355447478
pure_29,D_random_pure,IZ,-0.22224254308001362,-0.22224254308001373,1.1102230246251565e-16,-0.22224254308001365,-2.7755575615628914e-17,8.326672684688674e-17,0.2222425430800137
pure_29,D_random_pure,XI,-0.2852661596206909,-0.285266159620691,1.1102230246251565e-16,-0.2852661596206909,-1.3877787807814457e-17,1.1102230246251565e-16,0.285266159620691
pure_29,D_random_pure,XX,-0.2662980924826297,-0.2662980924826298,1.1102230246251565e-16,-0.13502687402438596,0.13127121845824374,0.13127121845824385,0.39756931094087355
pure_29,D_random_pure,XY,-0.28302559434488894,-0.28302559434488894,0.0,-0.18376922141368232,0.09925637293120664,0.09925637293120662,0.3822819672760956
pure_29,D_random_pure,XZ,0.8905188219205585,0.8905188219205586,1.1102230246251565e-16,0.476958549344665,-0.41356027257589356,-0.4135602725758937,-1.3040790944964522
pure_29,D_random_pure,YI,0.20874147462152023,0.20874147462152026,2.7755575615628914e-17,0.20874147462152023,-1.0408340855860843e-17,-2.7755575615628914e-17,-0.20874147462152026
pure_29,D_random_pure,YX,0.16532870486174286,0.1653287048617429,2.7755575615628914e-17,0.08403843949764697,-0.08129026536409589,-0.08129026536409592,-0.24661897022583879
pure_29,D_random_pure,YY,0.898350811044032,0.8983508110440322,2.220446049250313e-16,0.4800962421192384,-0.4182545689247936,-0.41825456892479385,-1.3166053799688258
pure_29,D_random_pure,YZ,0.2680865426623315,0.26808654266233156,5.551115123125783e-17,0.11084765324808638,-0.15723888941424513,-0.1572388894142452,-0.4253254320765767
pure_29,D_random_pure,ZI,-0.11128820002089035,-0.11128820002089036,1.3877787807814457e-17,-0.11128820002089035,3.469446951953614e-18,1.3877787807814457e-17,0.11128820002089036
pure_29,D_random_pure,ZX,0.8744085004624975,0.8744085004624979,3.3306690738754696e-16,0.43647167096490647,-0.43793682949759105,-0.4379368294975914,-1.312345329960089
pure_29,D_random_pure,ZY,-0.25158945999299287,-0.2515894599929929,5.551115123125783e-17,-0.1422798307858064,0.10930962920718645,0.10930962920718654,0.3608990892001794
pure_29,D_random_pure,ZZ,0.21716982499292342,0.21716982499292348,5.551115123125783e-17,0.12095139879018166,-0.09621842620274176,-0.09621842620274182,-0.31338825119566527
pure_30,D_random_pure,II,0.9999999999999998,1.0,2.220446049250313e-16,0.9999999999999998,-2.42861286636753e-17,-2.220446049250313e-16,-1.0
pure_30,D_random_pure,IX,-0.49039546205076534,-0.49039546205076534,0.0,-0.49039546205076534,0.0,0.0,0.49039546205076534
pure_30,D_random_pure,IY,-0.6740835080598256,-0.6740835080598259,2.220446049250313e-16,-0.6740835080598256,-2.0816681711721685e-17,2.220446049250313e-16,0.6740835080598259
pure_30,D_random_pure,IZ,0.3525144099201154,0.3525144099201155,1.1102230246251565e-16,0.35251440992011546,2.7755575615628914e-17,-5.551115123125783e-17,-0.3525144099201155
pure_30,D_random_pure,XI,0.5288611250020415,0.5288611250020416,1.1102230246251565e-16,0.5288611250020415,-1.3010426069826053e-17,-1.1102230246251565e-16,-0.5288611250020416
pure_30,D_random_pure,XX,-0.5903736695429115,-0.5903736695429116,1.1102230246251565e-16,-0.4248623826494876,0.16551128689342387,0.16551128689342398,0.7558849564363355
pure_30,D_random_pure,XY,-0.2259542627770093,-0.22595426277700942,1.1102230246251565e-16,-0.2912254125974258,-0.06527114982041647,-0.06527114982041637,0.16068311295659293
pure_30,D_random_pure,XZ,0.24689065746238292,0.24689065746238298,5.551115123125783e-17,0.21666091243608307,-0.030229745026299867,-0.03022974502629991,-0.27712040248868286
pure_30,D_random_pure,YI,-0.16579433317483394,-0.165794333174834,5.551115123125783e-17,-0.16579433317483394,1.734723475976807e-18,5.551115123125783e-17,0.165794333174834
pure_30,D_random_pure,YX,0.1698525432548904,0.16985254325489046,5.551115123125783e-17,0.12557866593878084,-0.044273877316109586,-0.04427387731610963,-0.21412642057100006
pure_30,D_random_pure,YY,0.285896136718375,0.2858961367183751,1.1102230246251565e-16,0.1988276812206533,-0.08706845549772169,-0.0870684554977218,-0.3729645922160968
pure_30,D_random_pure,YZ,0.31266368390442945,0.3126636839044295,5.551115123125783e-17,0.1271093961886019,-0.18555428771582755,-0.1855542877158276,-0.49821797162025705
pure_30,D_random_pure,ZI,0.7155143910420245,0.7155143910420247,2.220446049250313e-16,0.7155143910420245,1.0408340855860843e-17,-2.220446049250313e-16,-0.7155143910420247
pure_30,D_random_pure,ZX,-0.2096522330449014,-0.2096522330449015,8.326672684688674e-17,-0.28026862172196354,-0.07061638867706213,-0.07061638867706205,0.13903584436783936
pure_30,D_random_pure,ZY,-0.7088398632562187,-0.708839863256219,2.220446049250313e-16,-0.5955781570185583,0.11326170623766041,0.11326170623766063,0.8221015694938794
pure_30,D_random_pure,ZZ,0.38263577849814023,0.3826357784981403,5.551115123125783e-17,0.31743245592283514,-0.06520332257530506,-0.06520332257530514,-0.4478391010734454
pure_31,D_random_pure,II,0.9999999999999996,0.9999999999999998,2.220446049250313e-16,0.9999999999999996,-2.0383000842727483e-17,-2.220446049250313e-16,-0.9999999999999998
pure_31,D_random_pure,IX,0.1999094821279597,0.19990948212795973,2.7755575615628914e-17,0.1999094821279597,3.469446951953614e-18,-2.7755575615628914e-17,-0.19990948212795973
pure_31,D_random_pure,IY,0.5375853252151117,0.5375853252151118,1.1102230246251565e-16,0.5375853252151117,5.204170427930421e-18,-1.1102230246251565e-16,-0.5375853252151118
pure_31,D_random_pure,IZ,0.7830033138392973,0.7830033138392974,1.1102230246251565e-16,0.7830033138392973,2.6020852139652106e-18,-1.1102230246251565e-16,-0.7830033138392974
pure_31,D_random_pure,XI,0.1539896120455135,0.15398961204551356,5.551115123125783e-17,0.1539896120455135,-3.3068166260807885e-18,-5.551115123125783e-17,-0.15398961204551356
pure_31,D_random_pure,XX,-0.15326486455267607,-0.1532648645526761,2.7755575615628914e-17,-0.06124044047778602,0.09202442407489006,0.09202442407489009,0.24528928862756616
pure_31,D_random_pure,XY,0.2277141515133352,0.22771415151333524,2.7755575615628914e-17,0.15524835359228575,-0.07246579792104946,-0.07246579792104949,-0.3001799494343847
pure_31,D_random_pure,XZ,0.07945423020526297,0.07945423020526299,1.3877787807814457e-17,0.10001430336686395,0.02056007316160098,0.020560073161600967,-0.05889415704366201
pure_31,D_random_pure,YI,-0.19731436344216144,-0.19731436344216144,0.0,-0.19731436344216144,-6.938893903907228e-18,0.0,0.19731436344216144
pure_31,D_random_pure,YX,0.09043227098153668,0.0904322709815367,1.3877787807814457e-17,0.02549362938470308,-0.0649386415968336,-0.06493864159683362,-0.1553709125783703
pure_31,D_random_pure,YY,0.030794102736663484,0.030794102736663484,0.0,-0.03763960175200182,-0.0684337044886653,-0.0684337044886653,-0.09922780722532878
pure_31,D_random_pure,YZ,-0.29622746869208905,-0.2962274686920891,5.551115123125783e-17,-0.22536263456769653,0.07086483412439253,0.07086483412439257,0.36709230281648164
pure_31,D_random_pure,ZI,0.9377687421620079,0.9377687421620081,2.220446049250313e-16,0.9377687421620079,4.7704895589362195e-18,-2.220446049250313e-16,-0.9377687421620081
pure_31,D_random_pure,ZX,0.2573707720173608,0.2573707720173608,0.0,0.22241981780937806,-0.03495095420798276,-0.03495095420798275,-0.2923217262253436
pure_31,D_random_pure,ZY,0.5423467506210531,0.542346750621053,1.1102230246251565e-16,0.5232387324263914,-0.019108018194661715,-0.01910801819466157,-0.5614547688157147
pure_31,D_random_pure,ZZ,0.7595883945687026,0.759588394568703,3.3306690738754696e-16,0.7469322136482324,-0.012656180920470297,-0.012656180920470605,-0.7722445754891732
pure_32,D_random_pure,II,0.9999999999999997,0.9999999999999999,2.220446049250313e-16,0.9999999999999997,-2.6020852139652106e-17,-2.220446049250313e-16,-0.9999999999999999
pure_32,D_random_pure,IX,0.03516643729026554,0.03516643729026554,0.0,0.03516643729026554,0.0,0.0,-0.03516643729026554
pure_32,D_random_pure,IY,0.9174061581440625,0.9174061581440627,2.220446049250313e-16,0.9174061581440625,-6.938893903907228e-18,-2.220446049250313e-16,-0.9174061581440627
pure_32,D_random_pure,IZ,-0.32685268562789593,-0.32685268562789604,1.1102230246251565e-16,-0.32685268562789593,0.0,1.1102230246251565e-16,0.32685268562789604
pure_32,D_random_pure,XI,-0.0797023826699152,-0.07970238266991518,1.3877787807814457e-17,-0.07970238266991518,1.3877787807814457e-17,0.0,0.0797023826699152
pure_32,D_random_pure,XX,-0.10493829614143171,-0.10493829614143177,5.551115123125783e-17,-0.05387057249173902,0.051067723649692684,0.051067723649692746,0.15600601979112444
pure_32,D_random_pure,XY,-0.006782520807478945,-0.006782520807478993,4.7704895589362195e-17,-0.03995098874380687,-0.033168467936327925,-0.033168467936327876,-0.02638594712884893
pure_32,D_random_pure,XZ,0.21352050440925713,0.21352050440925718,5.551115123125783e-17,0.1197857211179306,-0.09373478329132653,-0.09373478329132659,-0.30725528770058375
pure_32,D_random_pure,YI,0.919772223432511,0.9197722234325112,2.220446049250313e-16,0.919772223432511,-8.673617379884035e-18,-2.220446049250313e-16,-0.9197722234325112
pure_32,D_random_pure,YX,0.09019423964400988,0.09019423964400992,4.163336342344337e-17,0.06126967593033869,-0.0289245637136712,-0.028924563713671234,-0.11911880335768113
pure_32,D_random_pure,YY,0.9028106440131491,0.9028106440131494,2.220446049250313e-16,0.8733076729399957,-0.029502971073153472,-0.029502971073153694,-0.9323136150863028
pure_32,D_random_pure,YZ,-0.270324745029158,-0.270324745029158,0.0,-0.2854773832120078,-0.01515263818284978,-0.015152638182849787,0.2551721068463082
pure_32,D_random_pure,ZI,-0.31204166807216654,-0.3120416680721666,5.551115123125783e-17,-0.31204166807216654,2.6020852139652106e-17,5.551115123125783e-17,0.3120416680721666
pure_32,D_random_pure,ZX,0.17996170713558757,0.1799617071355876,2.7755575615628914e-17,0.08449415669168893,-0.09546755044389862,-0.09546755044389867,-0.2754292575794862
pure_32,D_random_pure,ZY,-0.2771598492823227,-0.27715984928232273,5.551115123125783e-17,-0.28171439858463687,-0.004554549302314212,-0.004554549302314137,0.27260529998000854
pure_32,D_random_pure,ZZ,0.19611932365118445,0.19611932365118454,8.326672684688674e-17,0.14905549044419028,-0.04706383320699418,-0.047063833206994254,-0.2431831568581787
pure_33,D_random_pure,II,1.0000000000000002,1.0000000000000004,2.220446049250313e-16,1.0000000000000002,-1.734723475976807e-17,-2.220446049250313e-16,-1.0000000000000004
pure_33,D_random_pure,IX,-0.6634764855025279,-0.6634764855025279,0.0,-0.6634764855025279,-1.3877787807814457e-17,0.0,0.6634764855025279
pure_33,D_random_pure,IY,-0.6630307292825521,-0.6630307292825524,2.220446049250313e-16,-0.6630307292825521,0.0,2.220446049250313e-16,0.6630307292825524
pure_33,D_random_pure,IZ,-0.13910631406990326,-0.13910631406990331,5.551115123125783e-17,-0.13910631406990326,-3.469446951953614e-18,5.551115123125783e-17,0.13910631406990331
pure_33,D_random_pure,XI,0.5128490749273503,0.5128490749273504,1.1102230246251565e-16,0.5128490749273503,-3.469446951953614e-18,-1.1102230246251565e-16,-0.5128490749273504
pure_33,D_random_pure,XX,-0.4916346637964758,-0.4916346637964759,1.1102230246251565e-16,-0.41594898281124837,0.07568568098522746,0.07568568098522754,0.5673203447817033
pure_33,D_random_pure,XY,-0.31380747203446796,-0.31380747203446807,1.1102230246251565e-16,-0.3269210840977156,-0.013113612063247636,-0.013113612063247515,0.30069385997122045
pure_33,D_random_pure,XZ,0.153860456586638,0.153860456586638,0.0,0.04125995604966734,-0.11260050053697064,-0.11260050053697065,-0.2664609571236086
pure_33,D_random_pure,YI,0.7856321073118219,0.785632107311822,1.1102230246251565e-16,0.7856321073118219,2.42861286636753e-17,-1.1102230246251565e-16,-0.785632107311822
pure_33,D_random_pure,YX,-0.5395056433157654,-0.5395056433157657,2.220446049250313e-16,-0.5303770363864788,0.009128606929286631,0.009128606929286853,0.5486342502450523
pure_33,D_random_pure,YY,-0.5832102629914625,-0.5832102629914628,3.3306690738754696e-16,-0.5520542460251039,0.031156016966358644,0.031156016966358946,0.6143662799578214
pure_33,D_random_pure,YZ,-0.29471324471294463,-0.2947132447129447,5.551115123125783e-17,-0.20199981568803144,0.0927134290249132,0.09271342902491325,0.3874266737378579
pure_33,D_random_pure,ZI,-0.13758408232350383,-0.13758408232350386,2.7755575615628914e-17,-0.13758408232350383,3.469446951953614e-18,2.7755575615628914e-17,0.13758408232350386
pure_33,D_random_pure,ZX,-0.09093241224723544,-0.0909324122472355,5.551115123125783e-17,0.00017569557692667312,0.09110810782416212,0.09110810782416218,0.18204052007139762
pure_33,D_random_pure,ZY,0.3191223060330719,0.319122306033072,1.1102230246251565e-16,0.20517239023684763,-0.11394991579622427,-0.11394991579622438,-0.4330722218292963
pure_33,D_random_pure,ZZ,-0.09828666492449945,-0.09828666492449945,0.0,-0.03957392517889335,0.05871273974560609,0.0587127397456061,0.15699940467010554
pure_34,D_random_pure,II,1.0000000000000002,1.0000000000000004,2.220446049250313e-16,1.0000000000000002,-2.7755575615628914e-17,-2.220446049250313e-16,-1.0000000000000004
pure_34,D_random_pure,IX,-0.21334118831858156,-0.21334118831858165,8.326672684688674e-17,-0.21334118831858156,0.0,8.326672684688674e-17,0.21334118831858165
pure_34,D_random_pure,IY,-0.5134693964090248,-0.5134693964090251,3.3306690738754696e-16,-0.5134693964090248,-2.7755575615628914e-17,3.3306690738754696e-16,0.5134693964090251
pure_34,D_random_pure,IZ,-0.23142068379484965,-0.23142068379484967,2.7755575615628914e-17,-0.23142068379484965,0.0,2.7755575615628914e-17,0.23142068379484967
pure_34,D_random_pure,XI,0.09765355242953361,0.09765355242953361,0.0,0.0976535524295336,-1.3877787807814457e-17,-1.3877787807814457e-17,-0.09765355242953362
pure_34,D_random_pure,XX,0.015176288479638304,0.015176288479638294,1.0408340855860843e-17,-0.002828618219604652,-0.018004906699242956,-0.018004906699242946,-0.033181195178881254
pure_34,D_random_pure,XY,-0.4854149625573513,-0.4854149625573514,1.1102230246251565e-16,-0.2677785365902705,0.2176364259670808,0.21763642596708088,0.7030513885244322
pure_34,D_random_pure,XZ,0.6410595870319913,0.6410595870319915,2.220446049250313e-16,0.3092302675768762,-0.33182931945511507,-0.3318293194551153,-0.9728889064871066
pure_34,D_random_pure,YI,-0.3087061797861411,-0.3087061797861412,5.551115123125783e-17,-0.3087061797861411,1.734723475976807e-18,5.551115123125783e-17,0.3087061797861412
pure_34,D_random_pure,YX,0.8225762458377089,0.8225762458377092,2.220446049250313e-16,0.44421799453728694,-0.378358251300422,-0.3783582513004222,-1.2009344971381313
pure_34,D_random_pure,YY,0.21577675994156847,0.21577675994156853,5.551115123125783e-17,0.18714396787204712,-0.02863279206952134,-0.028632792069521407,-0.24440955201108988
pure_34,D_random_pure,YZ,0.09688858818717824,0.09688858818717823,1.3877787807814457e-17,0.08416479170249139,-0.012723796484686849,-0.012723796484686842,-0.10961238467186507
pure_34,D_random_pure,ZI,0.5078238817047181,0.5078238817047184,2.220446049250313e-16,0.5078238817047181,-6.938893903907228e-18,-2.220446049250313e-16,-0.5078238817047184
pure_34,D_random_pure,ZX,0.07701718064691733,0.07701718064691734,1.3877787807814457e-17,-0.015661284866261043,-0.09267846551317838,-0.09267846551317839,-0.16969564616009572
pure_34,D_random_pure,ZY,-0.7866020013153436,-0.7866020013153437,1.1102230246251565e-16,-0.5236770116681767,0.26292498964716693,0.26292498964716704,1.0495269909625107
pure_34,D_random_pure,ZZ,-0.5200864578814136,-0.5200864578814138,2.220446049250313e-16,-0.31880370391643714,0.20128275396497647,0.2012827539649767,0.7213692118463904
pure_35,D_random_pure,II,0.9999999999999991,0.9999999999999993,2.220446049250313e-16,0.9999999999999991,-3.642919299551295e-17,-2.220446049250313e-16,-0.9999999999999993
pure_35,D_random_pure,IX,0.4366367353785082,0.4366367353785084,1.6653345369377348e-16,0.43663673537850817,-2.7755575615628914e-17,-2.220446049250313e-16,-0.43663673537850844
pure_35,D_random_pure,IY,0.3877034246558911,0.3877034246558912,1.1102230246251565e-16,0.3877034246558911,-6.938893903907228e-18,-1.1102230246251565e-16,-0.3877034246558912
pure_35,D_random_pure,IZ,-0.7064821249525437,-0.7064821249525439,2.220446049250313e-16,-0.7064821249525437,-5.204170427930421e-18,2.220446049250313e-16,0.7064821249525439
pure_35,D_random_pure,XI,-0.16966648058498307,-0.16966648058498318,1.1102230246251565e-16,-0.16966648058498307,-1.734723475976807e-18,1.1102230246251565e-16,0.16966648058498318
pure_35,D_random_pure,XX,-0.16270617937620035,-0.16270617937620044,8.326672684688674e-17,-0.11839439878099427,0.0443117805952061,0.04431178059520617,0.20701795997140654
pure_35,D_random_pure,XY,0.27753248239951445,0.27753248239951456,1.1102230246251565e-16,0.1058761034137021,-0.17165637898581235,-0.17165637898581246,-0.4491888613853269
pure_35,D_random_pure,XZ,0.2919016238233119,0.2919016238233119,0.0,0.20588397978010523,-0.0860176440432067,-0.08601764404320669,-0.37791926786651864
pure_35,D_random_pure,YI,-0.43620006231781505,-0.43620006231781505,0.0,-0.43620006231781505,-1.9949319973733282e-17,0.0,0.43620006231781505
pure_35,D_random_pure,YX,0.08046401340027606,0.0804640134002761,4.163336342344337e-17,-0.05499847889103834,-0.1354624922913144,-0.13546249229131443,-0.2159265056915905
pure_35,D_random_pure,YY,-0.24591691389626008,-0.24591691389626014,5.551115123125783e-17,-0.2075165859459951,0.03840032795026499,0.038400327950265045,0.2843172418465251
pure_35,D_random_pure,YZ,0.5322014010916866,0.5322014010916867,1.1102230246251565e-16,0.42018447401120435,-0.11201692708048218,-0.11201692708048233,-0.6442183281721688
pure_35,D_random_pure,ZI,-0.7880516277815872,-0.7880516277815874,2.220446049250313e-16,-0.7880516277815872,-1.214306433183765e-17,2.220446049250313e-16,0.7880516277815874
pure_35,D_random_pure,ZX,-0.5635790125376834,-0.5635790125376835,1.1102230246251565e-16,-0.4538356513009777,0.10974336123670575,0.1097433612367058,0.6733223737743892
pure_35,D_random_pure,ZY,-0.41561034769774163,-0.41561034769774186,2.220446049250313e-16,-0.3605703312971564,0.05504001640058526,0.05504001640058548,0.4706503640983271
pure_35,D_random_pure,ZZ,0.5390635644462073,0.5390635644462073,0.0,0.5479039765068273,0.00884041206062007,0.008840412060620029,-0.5302231523855873
pure_36,D_random_pure,II,0.9999999999999999,0.9999999999999999,0.0,0.9999999999999999,0.0,0.0,-0.9999999999999999
pure_36,D_random_pure,IX,-0.1469712232683384,-0.1469712232683384,0.0,-0.14697122326833836,2.7755575615628914e-17,2.7755575615628914e-17,0.14697122326833842
pure_36,D_random_pure,IY,0.3422982208427608,0.34229822084276096,1.6653345369377348e-16,0.3422982208427608,1.3877787807814457e-17,-1.6653345369377348e-16,-0.34229822084276096
pure_36,D_random_pure,IZ,0.20908496654120473,0.2090849665412048,5.551115123125783e-17,0.20908496654120473,3.469446951953614e-18,-5.551115123125783e-17,-0.2090849665412048
pure_36,D_random_pure,XI,-0.31115013123535995,-0.31115013123536006,1.1102230246251565e-16,-0.31115013123535995,6.938893903907228e-18,1.1102230246251565e-16,0.31115013123536006
pure_36,D_random_pure,XX,-0.32432030740022166,-0.3243203074002217,5.551115123125783e-17,-0.13929509599622839,0.18502521140399325,0.18502521140399333,0.509345518804215
pure_36,D_random_pure,XY,-0.7142684902380314,-0.7142684902380316,2.220446049250313e-16,-0.4103873132874433,0.3038811769505881,0.3038811769505883,1.0181496671886197
pure_36,D_random_pure,XZ,-0.5467779535918049,-0.546777953591805,1.1102230246251565e-16,-0.3059173841852208,0.24086056940658407,0.24086056940658424,0.7876385229983891
pure_36,D_random_pure,YI,-0.06750848418816424,-0.06750848418816432,8.326672684688674e-17,-0.06750848418816428,-4.163336342344337e-17,4.163336342344337e-17,0.06750848418816428
pure_36,D_random_pure,YX,0.3210553950184796,0.3210553950184797,1.1102230246251565e-16,0.16548859976030267,-0.1555667952581769,-0.15556679525817702,-0.4766221902766566
pure_36,D_random_pure,YY,0.3979784493289532,0.39797844932895327,5.551115123125783e-17,0.18743520764977645,-0.21054324167917676,-0.21054324167917682,-0.60852169100813
pure_36,D_random_pure,YZ,-0.7487381698177172,-0.7487381698177175,2.220446049250313e-16,-0.3814265894877235,0.3673115803299937,0.36731158032999395,1.1160497501477111
pure_36,D_random_pure,ZI,0.2848040310274462,0.28480403102744634,1.1102230246251565e-16,0.2848040310274462,-1.734723475976807e-18,-1.1102230246251565e-16,-0.28480403102744634
pure_36,D_random_pure,ZX,-0.7942639210688703,-0.7942639210688707,3.3306690738754696e-16,-0.418060958950364,0.37620296211850635,0.3762029621185067,1.170466883187377
pure_36,D_random_pure,ZY,0.5158649183849158,0.5158649183849158,0.0,0.3066764157472286,-0.20918850263768718,-0.20918850263768718,-0.725053421022603
pure_36,D_random_pure,ZZ,-0.04069901795942075,-0.04069901795942076,1.3877787807814457e-17,0.009424611669376531,0.05012362962879728,0.050123629628797295,0.09082264758821804
pure_37,D_random_pure,II,1.0000000000000004,1.0000000000000004,0.0,1.0000000000000004,2.7755575615628914e-17,0.0,-1.0000000000000004
pure_37,D_random_pure,IX,0.3850729595991648,0.3850729595991648,0.0,0.3850729595991648,-1.3877787807814457e-17,0.0,-0.3850729595991648
pure_37,D_random_pure,IY,0.20016066769189553,0.20016066769189558,5.551115123125783e-17,0.20016066769189553,-6.938893903907228e-18,-5.551115123125783e-17,-0.20016066769189558
pure_37,D_random_pure,IZ,-0.7818729657039759,-0.781872965703976,1.1102230246251565e-16,-0.7818729657039759,0.0,1.1102230246251565e-16,0.781872965703976
pure_37,D_random_pure,XI,0.285401717862931,0.2854017178629311,1.1102230246251565e-16,0.285401717862931,1.734723475976807e-18,-1.1102230246251565e-16,-0.2854017178629311
pure_37,D_random_pure,XX,-0.16224777984490998,-0.16224777984491,2.7755575615628914e-17,-0.026173647836372684,0.1360741320085373,0.13607413200853732,0.2983219118534473
pure_37,D_random_pure,XY,0.36260535039857983,0.3626053503985799,5.551115123125783e-17,0.20986577440321905,-0.15273957599536078,-0.15273957599536084,-0.5153449263939407
pure_37,D_random_pure,XZ,-0.35210275027721283,-0.35210275027721294,1.1102230246251565e-16,-0.287625318919856,0.06447743135735684,0.06447743135735695,0.4165801816345698
pure_37,D_random_pure,YI,0.25055206345240866,0.2505520634524087,5.551115123125783e-17,0.25055206345240866,0.0,-5.551115123125783e-17,-0.2505520634524087
pure_37,D_random_pure,YX,0.39062553149839396,0.3906255314983941,1.1102230246251565e-16,0.24355317805284532,-0.14707235344554867,-0.14707235344554875,-0.5376978849439428
pure_37,D_random_pure,YY,0.32955645480392204,0.32955645480392215,1.1102230246251565e-16,0.18985356155806915,-0.13970289324585286,-0.139702893245853,-0.469259348049775
pure_37,D_random_pure,YZ,-0.04370082533399011,-0.04370082533399017,5.551115123125783e-17,-0.11980035512438778,-0.07609952979039766,-0.07609952979039761,-0.032398704456407496
pure_37,D_random_pure,ZI,-0.8095926966967303,-0.8095926966967305,2.220446049250313e-16,-0.8095926966967303,-6.938893903907228e-18,2.220446049250313e-16,0.8095926966967305
pure_37,D_random_pure,ZX,-0.41194383681200913,-0.4119438368120092,5.551115123125783e-17,-0.361848046299444,0.050095790512565144,0.050095790512565186,0.4620396273245743
pure_37,D_random_pure,ZY,-0.01741792887238712,-0.01741792887238712,0.0,-0.08973327180084346,-0.07231534292845634,-0.07231534292845634,-0.054897414056069224
pure_37,D_random_pure,ZZ,0.8281113536276541,0.8281113536276543,2.220446049250313e-16,0.7305549982031029,-0.09755635542455116,-0.09755635542455143,-0.9256677090522054
pure_38,D_random_pure,II,0.9999999999999998,1.0,2.220446049250313e-16,0.9999999999999998,2.0816681711721685e-17,-2.220446049250313e-16,-1.0
pure_38,D_random_pure,IX,-0.36700702058754875,-0.36700702058754875,0.0,-0.36700702058754875,2.7755575615628914e-17,0.0,0.36700702058754875
pure_38,D_random_pure,IY,-0.8649623431011413,-0.8649623431011415,2.220446049250313e-16,-0.8649623431011413,2.7755575615628914e-17,2.220446049250313e-16,0.8649623431011415
pure_38,D_random_pure,IZ,0.030615792311622085,0.030615792311622078,6.938893903907228e-18,0.030615792311622092,6.938893903907228e-18,1.3877787807814457e-17,-0.03061579231162207
pure_38,D_random_pure,XI,-0.8227589902359445,-0.8227589902359447,2.220446049250313e-16,-0.8227589902359445,8.673617379884035e-18,2.220446049250313e-16,0.8227589902359447
pure_38,D_random_pure,XX,0.21559705239158322,0.21559705239158328,5.551115123125783e-17,0.25877768902984866,0.04318063663826545,0.04318063663826538,-0.17241641575331784
pure_38,D_random_pure,XY,0.8619049831765486,0.8619049831765487,1.1102230246251565e-16,0.7867802635892802,-0.07512471958726838,-0.07512471958726852,-0.9370297027638171
pure_38,D_random_pure,XZ,0.061471392591436816,0.0614713925914368,1.3877787807814457e-17,0.018140987111926667,-0.04333040547951015,-0.043330405479510135,-0.10480179807094694
pure_38,D_random_pure,YI,-0.4202385681215841,-0.4202385681215842,1.1102230246251565e-16,-0.4202385681215841,6.938893903907228e-18,1.1102230246251565e-16,0.4202385681215842
pure_38,D_random_pure,YX,0.31832109632046557,0.3183210963204657,1.1102230246251565e-16,0.2362758005713729,-0.08204529574909267,-0.08204529574909278,-0.4003663920695584
pure_38,D_random_pure,YY,0.3410782353757426,0.3410782353757427,1.1102230246251565e-16,0.35228438595982836,0.011206150584085726,0.011206150584085639,-0.32987208479165697
pure_38,D_random_pure,YZ,-0.2741285031600159,-0.2741285031600159,0.0,-0.1434972199414799,0.130631283218536,0.130631283218536,0.4047597863785519
pure_38,D_random_pure,ZI,-0.1739497764628745,-0.17394977646287457,8.326672684688674e-17,-0.17394977646287452,-2.7755575615628914e-17,5.551115123125783e-17,0.17394977646287454
pure_38,D_random_pure,ZX,0.32108006620703244,0.32108006620703256,1.1102230246251565e-16,0.19246042769927107,-0.12861963850776137,-0.12861963850776148,-0.4496997047147939
pure_38,D_random_pure,ZY,0.07179106789137962,0.07179106789137964,1.3877787807814457e-17,0.1111255370613137,0.03933446916993407,0.039334469169934064,-0.032456598721445566
pure_38,D_random_pure,ZZ,0.1955014667580583,0.19550146675805835,5.551115123125783e-17,0.09508792826460893,-0.10041353849344938,-0.10041353849344942,-0.2959150052515077
pure_39,D_random_pure,II,1.0000000000000004,1.0000000000000004,0.0,1.0000000000000004,0.0,0.0,-1.0000000000000004
pure_39,D_random_pure,IX,-0.5425734289356998,-0.5425734289356999,1.1102230246251565e-16,-0.5425734289356998,0.0,1.1102230246251565e-16,0.5425734289356999
pure_39,D_random_pure,IY,-0.5155899678541478,-0.5155899678541478,0.0,-0.5155899678541478,0.0,0.0,0.5155899678541478
pure_39,D_random_pure,IZ,-0.21551985986220937,-0.2155198598622094,2.7755575615628914e-17,-0.21551985986220937,-6.938893903907228e-18,2.7755575615628914e-17,0.2155198598622094
pure_39,D_random_pure,XI,0.4653906952604324,0.4653906952604327,2.7755575615628914e-16,0.4653906952604324,-2.0816681711721685e-17,-2.7755575615628914e-16,-0.4653906952604327
pure_39,D_random_pure,XX,-0.17672104677189374,-0.17672104677189382,8.326672684688674e-17,-0.21461483604705794,-0.03789378927516421,-0.037893789275164125,0.1388272574967296
pure_39,D_random_pure,XY,-0.4650093556545765,-0.4650093556545767,1.6653345369377348e-16,-0.3524800646317612,0.11252929102281535,0.1125292910228155,0.5775386466773921
pure_39,D_random_pure,XZ,-0.6020437851872904,-0.6020437851872906,2.220446049250313e-16,-0.3511723613054975,0.25087142388179295,0.2508714238817931,0.8529152090690836
pure_39,D_random_pure,YI,0.5813170035104491,0.5813170035104491,0.0,0.5813170035104491,-1.734723475976807e-17,0.0,-0.5813170035104491
pure_39,D_random_pure,YX,-0.5629565856373724,-0.5629565856373724,0.0,-0.4391818727653315,0.12377471287204089,0.12377471287204089,0.6867312985094133
pure_39,D_random_pure,YY,-0.6147871256474116,-0.6147871256474118,2.220446049250313e-16,-0.45725417040021676,0.15753295524719485,0.15753295524719502,0.7723200808946067
pure_39,D_random_pure,YZ,0.19073117380796223,0.19073117380796228,5.551115123125783e-17,0.03272290733793538,-0.15800826647002686,-0.15800826647002691,-0.34873944027798914
pure_39,D_random_pure,ZI,-0.22836329155219792,-0.22836329155219798,5.551115123125783e-17,-0.22836329155219792,-6.938893903907228e-18,5.551115123125783e-17,0.22836329155219798
pure_39,D_random_pure,ZX,0.5827244025853824,0.5827244025853826,2.220446049250313e-16,0.3533141283629507,-0.2294102742224317,-0.22941027422243193,-0.8121346768078144
pure_39,D_random_pure,ZY,-0.25488890425014676,-0.25488890425014676,0.0,-0.06857354104984084,0.1863153632003059,0.18631536320030592,0.44120426745045266
pure_39,D_random_pure,ZZ,0.20235107935544314,0.2023510793554432,5.551115123125783e-17,0.12578395197422282,-0.07656712738122032,-0.07656712738122037,-0.2789182067366635
mixed_full_0,E_random_full_rank,II,0.45709582068509336,0.45709582068509347,1.1102230246251565e-16,0.45709582068509336,6.938893903907228e-18,-1.1102230246251565e-16,-0.45709582068509347
mixed_full_0,E_random_full_rank,IX,0.04146650549353917,0.04146650549353917,0.0,0.04146650549353917,8.673617379884035e-19,0.0,-0.04146650549353917
mixed_full_0,E_random_full_rank,IY,0.3203021326629099,0.32030213266290997,5.551115123125783e-17,0.3203021326629099,-5.204170427930421e-18,-5.551115123125783e-17,-0.32030213266290997
mixed_full_0,E_random_full_rank,IZ,-0.037517045389935375,-0.0375170453899354,2.7755575615628914e-17,-0.037517045389935375,0.0,2.7755575615628914e-17,0.0375170453899354
mixed_full_0,E_random_full_rank,XI,0.08820143977292222,0.08820143977292222,0.0,0.0882014397729222,-1.734723475976807e-17,-1.3877787807814457e-17,-0.08820143977292223
mixed_full_0,E_random_full_rank,XX,-0.0218571980704325,-0.021857198070432512,1.0408340855860843e-17,-0.02034452639137898,0.001512671679053522,0.0015126716790535323,0.023369869749486034
mixed_full_0,E_random_full_rank,XY,0.09801552346558232,0.09801552346558234,2.7755575615628914e-17,0.10303858354692151,0.005023060081339188,0.005023060081339167,-0.09299246338424316
mixed_full_0,E_random_full_rank,XZ,0.09938311634868702,0.09938311634868703,1.3877787807814457e-17,0.03933165453206473,-0.060051461816622284,-0.0600514618166223,-0.15943457816530932
mixed_full_0,E_random_full_rank,YI,-0.21070299285756322,-0.21070299285756325,2.7755575615628914e-17,-0.21070299285756322,0.0,2.7755575615628914e-17,0.21070299285756325
mixed_full_0,E_random_full_rank,YX,-0.25777400572263737,-0.2577740057226374,5.551115123125783e-17,-0.25028635864751636,0.007487647075121022,0.007487647075121062,0.26526165279775843
mixed_full_0,E_random_full_rank,YY,-0.24459044573278435,-0.24459044573278435,0.0,-0.24214214874719342,0.002448296985590923,0.002448296985590931,0.24703874271837528
mixed_full_0,E_random_full_rank,YZ,-0.006246466819252514,-0.006246466819252512,1.734723475976807e-18,-0.007430079133809681,-0.0011836123145571673,-0.001183612314557169,0.005062854504695345
mixed_full_0,E_random_full_rank,ZI,0.11476145877996356,0.11476145877996358,1.3877787807814457e-17,0.11476145877996356,3.469446951953614e-18,-1.3877787807814457e-17,-0.11476145877996358
mixed_full_0,E_random_full_rank,ZX,-0.04566348108510819,-0.045663481085108204,1.3877787807814457e-17,-0.03345248592724201,0.012210995157866182,0.012210995157866195,0.057874476242974385
mixed_full_0,E_random_full_rank,ZY,0.1531006925274887,0.15310069252748873,2.7755575615628914e-17,0.1294760914514119,-0.023624601076076793,-0.023624601076076834,-0.17672529360356554
mixed_full_0,E_random_full_rank,ZZ,-0.04436865840896219,-0.044368658408962154,3.469446951953614e-17,0.0008965581903093225,0.04526521659927151,0.04526521659927148,0.08963387500823367
mixed_full_1,E_random_full_rank,II,0.5808256330888862,0.5808256330888865,2.220446049250313e-16,0.5808256330888862,3.903127820947816e-18,-2.220446049250313e-16,-0.5808256330888865
mixed_full_1,E_random_full_rank,IX,-0.04327696639936032,-0.04327696639936034,2.0816681711721685e-17,-0.04327696639936032,1.734723475976807e-18,2.0816681711721685e-17,0.04327696639936034
mixed_full_1,E_random_full_rank,IY,-0.1816731205849635,-0.18167312058496354,5.551115123125783e-17,-0.1816731205849635,0.0,5.551115123125783e-17,0.18167312058496354
mixed_full_1,E_random_full_rank,IZ,-0.39186884921011,-0.39186884921011006,5.551115123125783e-17,-0.39186884921011,1.0408340855860843e-17,5.551115123125783e-17,0.39186884921011006
mixed_full_1,E_random_full_rank,XI,0.38660916520619504,0.38660916520619515,1.1102230246251565e-16,0.38660916520619504,-1.0842021724855044e-18,-1.1102230246251565e-16,-0.38660916520619515
mixed_full_1,E_random_full_rank,XX,0.054708799909540265,0.05470879990954029,2.7755575615628914e-17,0.016348275471701767,-0.0383605244378385,-0.03836052443783852,-0.0930693243473788
mixed_full_1,E_random_full_rank,XY,-0.07149420130386781,-0.07149420130386785,4.163336342344337e-17,-0.09809464240049966,-0.026600441096631844,-0.026600441096631802,0.04489376020723601
mixed_full_1,E_random_full_rank,XZ,-0.4722891074222426,-0.47228910742224267,5.551115123125783e-17,-0.39696093967889023,0.07532816774335235,0.07532816774335244,0.547617275165595
mixed_full_1,E_random_full_rank,YI,-0.10982914697751871,-0.10982914697751871,0.0,-0.10982914697751871,-5.854691731421724e-18,0.0,0.10982914697751871
mixed_full_1,E_random_full_rank,YX,0.3325446049853391,0.3325446049853392,1.1102230246251565e-16,0.24547474808650055,-0.08706985689883859,-0.08706985689883867,-0.41961446188417784
mixed_full_1,E_random_full_rank,YY,-0.0002791349102890042,-0.0002791349102890077,3.469446951953614e-18,-0.016284067926182956,-0.016004933015893952,-0.01600493301589395,-0.015725798105604944
mixed_full_1,E_random_full_rank,YZ,0.14404741978325747,0.14404741978325747,0.0,0.13244685910098497,-0.011600560682272486,-0.011600560682272498,-0.15564798046552997
mixed_full_1,E_random_full_rank,ZI,-0.13299854273228953,-0.1329985427322895,2.7755575615628914e-17,-0.13299854273228953,-8.239936510889834e-18,-2.7755575615628914e-17,0.1329985427322895
mixed_full_1,E_random_full_rank,ZX,-0.006898776397045385,-0.006898776397045395,1.0408340855860843e-17,-0.027821280621428364,-0.02092250422438298,-0.02092250422438297,-0.014023727827337584
mixed_full_1,E_random_full_rank,ZY,0.3242275995065922,0.3242275995065923,1.1102230246251565e-16,0.18112263487542415,-0.14310496463116804,-0.14310496463116815,-0.46733256413776036
mixed_full_1,E_random_full_rank,ZZ,0.06368245782657463,0.06368245782657463,0.0,0.07195903034032598,0.008276572513751355,0.008276572513751357,-0.05540588531282327
mixed_full_2,E_random_full_rank,II,0.44016386816587694,0.44016386816587705,1.1102230246251565e-16,0.44016386816587694,-3.469446951953614e-18,-1.1102230246251565e-16,-0.44016386816587705
mixed_full_2,E_random_full_rank,IX,0.09381408920857512,0.09381408920857513,1.3877787807814457e-17,0.09381408920857512,-8.673617379884035e-19,-1.3877787807814457e-17,-0.09381408920857513
mixed_full_2,E_random_full_rank,IY,-0.19149155999369474,-0.19149155999369477,2.7755575615628914e-17,-0.19149155999369474,-3.469446951953614e-18,2.7755575615628914e-17,0.19149155999369477
mixed_full_2,E_random_full_rank,IZ,-0.0453215878297036,-0.04532158782970361,6.938893903907228e-18,-0.0453215878297036,-2.6020852139652106e-18,6.938893903907228e-18,0.04532158782970361
mixed_full_2,E_random_full_rank,XI,0.030782281108223383,0.03078228110822339,6.938893903907228e-18,0.030782281108223383,0.0,-6.938893903907228e-18,-0.03078228110822339
mixed_full_2,E_random_full_rank,XX,-0.10496622429264718,-0.10496622429264718,0.0,-0.10088121891316311,0.004085005379484072,0.004085005379484072,0.10905122967213125
mixed_full_2,E_random_full_rank,XY,-0.07891803486532603,-0.07891803486532609,5.551115123125783e-17,-0.026295181381263827,0.05262285348406221,0.05262285348406226,0.1315408883493883
mixed_full_2,E_random_full_rank,XZ,0.09971778146508524,0.09971778146508523,1.3877787807814457e-17,0.07490537493026234,-0.024812406534822903,-0.02481240653482289,-0.12453018799990813
mixed_full_2,E_random_full_rank,YI,-0.0680697380702682,-0.06806973807026823,2.7755575615628914e-17,-0.0680697380702682,-3.469446951953614e-18,2.7755575615628914e-17,0.06806973807026823
mixed_full_2,E_random_full_rank,YX,-0.30967917809382217,-0.3096791780938222,5.551115123125783e-17,-0.2987461860668239,0.010932992026998281,0.010932992026998323,0.3206121701208205
mixed_full_2,E_random_full_rank,YY,0.050756314599117454,0.05075631459911748,2.7755575615628914e-17,0.04549690490447951,-0.005259409694637944,-0.005259409694637972,-0.056015724293755426
mixed_full_2,E_random_full_rank,YZ,0.02592869254212347,0.025928692542123464,6.938893903907228e-18,0.04041904519512454,0.014490352653001071,0.014490352653001078,-0.011438339889122393
mixed_full_2,E_random_full_rank,ZI,-0.1699209104615187,-0.16992091046151875,5.551115123125783e-17,-0.1699209104615187,3.469446951953614e-18,5.551115123125783e-17,0.16992091046151875
mixed_full_2,E_random_full_rank,ZX,-0.11990813063489489,-0.11990813063489489,0.0,-0.12719408569500254,-0.007285955060107653,-0.007285955060107652,0.11262217557478724
mixed_full_2,E_random_full_rank,ZY,0.1398215216905987,0.1398215216905987,0.0,0.10248417008433804,-0.037337351606260644,-0.03733735160626066,-0.17715887329685934
mixed_full_2,E_random_full_rank,ZZ,0.12467941559296256,0.12467941559296264,8.326672684688674e-17,0.10959672636618284,-0.015082689226779713,-0.0150826892267798,-0.13976210481974236
mixed_full_3,E_random_full_rank,II,0.4124817672006357,0.4124817672006358,1.1102230246251565e-16,0.4124817672006357,-3.2526065174565133e-19,-1.1102230246251565e-16,-0.4124817672006358
mixed_full_3,E_random_full_rank,IX,0.10739641707082902,0.10739641707082902,0.0,0.10739641707082902,-3.469446951953614e-18,0.0,-0.10739641707082902
mixed_full_3,E_random_full_rank,IY,-0.12057748962426616,-0.1205774896242662,4.163336342344337e-17,-0.12057748962426616,8.673617379884035e-19,4.163336342344337e-17,0.1205774896242662
mixed_full_3,E_random_full_rank,IZ,0.14691549968952003,0.14691549968952006,2.7755575615628914e-17,0.14691549968952003,2.168404344971009e-18,-2.7755575615628914e-17,-0.14691549968952006
mixed_full_3,E_random_full_rank,XI,-0.1515015912401415,-0.15150159124014154,2.7755575615628914e-17,-0.1515015912401415,1.3010426069826053e-18,2.7755575615628914e-17,0.15150159124014154
mixed_full_3,E_random_full_rank,XX,-0.00967478756791993,-0.009674787567919948,1.734723475976807e-17,-0.03246861598740802,-0.022793828419488092,-0.022793828419488075,-0.013119040851568144
mixed_full_3,E_random_full_rank,XY,0.15206995562487613,0.15206995562487619,5.551115123125783e-17,0.10127614380456579,-0.050793811820310356,-0.0507938118203104,-0.20286376744518653
mixed_full_3,E_random_full_rank,XZ,0.07637555529563332,0.07637555529563334,1.3877787807814457e-17,0.06451377399655195,-0.011861781299081369,-0.011861781299081386,-0.08823733659471471
mixed_full_3,E_random_full_rank,YI,-0.21530130873010167,-0.21530130873010173,5.551115123125783e-17,-0.21530130873010167,1.1709383462843448e-17,5.551115123125783e-17,0.21530130873010173
mixed_full_3,E_random_full_rank,YX,-0.04572374617141033,-0.04572374617141033,0.0,-0.05335482055878721,-0.007631074387376877,-0.007631074387376875,0.03809267178403346
mixed_full_3,E_random_full_rank,YY,0.10607484135975824,0.10607484135975825,1.3877787807814457e-17,0.07691174885100747,-0.029163092508750762,-0.02916309250875078,-0.13523793386850902
mixed_full_3,E_random_full_rank,YZ,-0.24102615828047166,-0.24102615828047178,1.1102230246251565e-16,-0.22034048588658578,0.020685672393885895,0.020685672393885995,0.26171183067435766
mixed_full_3,E_random_full_rank,ZI,0.00640674453088764,0.0064067445308876175,2.2551405187698492e-17,0.006406744530887631,-8.348356728138384e-18,1.3877787807814457e-17,-0.006406744530887626
mixed_full_3,E_random_full_rank,ZX,0.1688709193108643,0.16887091931086437,8.326672684688674e-17,0.13144474662444502,-0.037426172686419276,-0.037426172686419346,-0.20629709199728363
mixed_full_3,E_random_full_rank,ZY,-0.048453434152377295,-0.048453434152377295,0.0,-0.05086461340780315,-0.002411179255425857,-0.0024111792554258535,0.046042254896951434
mixed_full_3,E_random_full_rank,ZZ,-0.03685024787635819,-0.036850247876358225,3.469446951953614e-17,-0.03370100603778173,0.0031492418385764645,0.003149241838576497,0.03999948971493469
mixed_full_4,E_random_full_rank,II,0.4665054223447427,0.46650542234474274,5.551115123125783e-17,0.4665054223447427,-1.734723475976807e-18,-5.551115123125783e-17,-0.46650542234474274
mixed_full_4,E_random_full_rank,IX,0.02700803526239285,0.027008035262392857,6.938893903907228e-18,0.027008035262392857,6.938893903907228e-18,0.0,-0.02700803526239285
mixed_full_4,E_random_full_rank,IY,-0.21663154296945297,-0.21663154296945303,5.551115123125783e-17,-0.21663154296945297,1.734723475976807e-18,5.551115123125783e-17,0.21663154296945303
mixed_full_4,E_random_full_rank,IZ,-0.08494993083012027,-0.0849499308301203,2.7755575615628914e-17,-0.08494993083012027,0.0,2.7755575615628914e-17,0.0849499308301203
mixed_full_4,E_random_full_rank,XI,0.048525972933672515,0.048525972933672515,0.0,0.04852597293367251,-6.938893903907228e-18,-6.938893903907228e-18,-0.04852597293367252
mixed_full_4,E_random_full_rank,XX,-0.04600845566169308,-0.0460084556616931,2.0816681711721685e-17,-0.07057128356579473,-0.02456282790410165,-0.02456282790410163,0.02144562775759145
mixed_full_4,E_random_full_rank,XY,-0.20149222657922242,-0.2014922265792225,8.326672684688674e-17,-0.13100030429858028,0.07049192228064213,0.07049192228064222,0.27198414885986466
mixed_full_4,E_random_full_rank,XZ,0.08505698075112048,0.08505698075112048,0.0,-0.0015795183581985874,-0.08663649910931906,-0.08663649910931906,-0.17169347986043954
mixed_full_4,E_random_full_rank,YI,-0.29002911774615575,-0.29002911774615575,0.0,-0.29002911774615575,1.734723475976807e-18,0.0,0.29002911774615575
mixed_full_4,E_random_full_rank,YX,0.035684225554807936,0.035684225554807956,2.0816681711721685e-17,0.027016945991843754,-0.008667279562964186,-0.008667279562964203,-0.04435150511777214
mixed_full_4,E_random_full_rank,YY,0.24022613387907626,0.24022613387907635,8.326672684688674e-17,0.24558573685278215,0.005359602973705895,0.0053596029737058015,-0.23486653090537046
mixed_full_4,E_random_full_rank,YZ,0.2014721067649763,0.20147210676497634,5.551115123125783e-17,0.14606615558745709,-0.055405951177519216,-0.05540595117751926,-0.2568780579424956
mixed_full_4,E_random_full_rank,ZI,0.05540454316758573,0.05540454316758578,4.85722573273506e-17,0.055404543167585724,-6.071532165918825e-18,-5.551115123125783e-17,-0.055404543167585786
mixed_full_4,E_random_full_rank,ZX,0.28113021930168564,0.2811302193016857,5.551115123125783e-17,0.24638819163706766,-0.03474202766461797,-0.034742027664618036,-0.31587224696630367
mixed_full_4,E_random_full_rank,ZY,0.009208757355346531,0.009208757355346524,6.938893903907228e-18,0.029001063579927183,0.019792306224580652,0.01979230622458066,0.010583548869234127
mixed_full_4,E_random_full_rank,ZZ,-0.018601939506261746,-0.018601939506261753,6.938893903907228e-18,-0.035582858788801394,-0.01698091928253965,-0.01698091928253964,0.0016210202237221041
mixed_full_5,E_random_full_rank,II,0.598465202356083,0.5984652023560832,2.220446049250313e-16,0.598465202356083,8.673617379884035e-19,-2.220446049250313e-16,-0.5984652023560832
mixed_full_5,E_random_full_rank,IX,0.2086403395486111,0.2086403395486111,0.0,0.2086403395486111,6.938893903907228e-18,0.0,-0.2086403395486111
mixed_full_5,E_random_full_rank,IY,0.3718700609803708,0.3718700609803709,1.1102230246251565e-16,0.3718700609803708,3.469446951953614e-18,-1.1102230246251565e-16,-0.3718700609803709
mixed_full_5,E_random_full_rank,IZ,-0.045441039313671334,-0.04544103931367132,1.3877787807814457e-17,-0.04544103931367133,5.204170427930421e-18,-6.938893903907228e-18,0.04544103931367133
mixed_full_5,E_random_full_rank,XI,-0.11601488509584398,-0.11601488509584396,2.7755575615628914e-17,-0.11601488509584398,6.7220534694101275e-18,-2.7755575615628914e-17,0.11601488509584396
mixed_full_5,E_random_full_rank,XX,0.06718521646076284,0.06718521646076284,0.0,0.024013034493039,-0.043172181967723836,-0.043172181967723836,-0.11035739842848667
mixed_full_5,E_random_full_rank,XY,-0.25161290024301963,-0.2516129002430197,5.551115123125783e-17,-0.18581765295937488,0.06579524728364473,0.0657952472836448,0.3174081475266644
mixed_full_5,E_random_full_rank,XZ,-0.2969416719394953,-0.29694167193949533,5.551115123125783e-17,-0.2134873227707394,0.0834543491687559,0.08345434916875594,0.3803960211082512
mixed_full_5,E_random_full_rank,YI,0.16924959137830214,0.16924959137830217,2.7755575615628914e-17,0.16924959137830214,-1.3010426069826053e-18,-2.7755575615628914e-17,-0.16924959137830217
mixed_full_5,E_random_full_rank,YX,-0.15593539477583296,-0.155935394775833,2.7755575615628914e-17,-0.03832212421374964,0.11761327056208333,0.11761327056208334,0.27354866533791633
mixed_full_5,E_random_full_rank,YY,0.26542183433081407,0.2654218343308141,5.551115123125783e-17,0.1958034289535181,-0.06961840537729598,-0.06961840537729602,-0.3350402397081101
mixed_full_5,E_random_full_rank,YZ,-0.22230802997538485,-0.2223080299753849,5.551115123125783e-17,-0.14673340682303862,0.07557462315234623,0.07557462315234628,0.2978826531277311
mixed_full_5,E_random_full_rank,ZI,-0.36919235428328057,-0.36919235428328057,0.0,-0.36919235428328057,-6.071532165918825e-18,0.0,0.36919235428328057
mixed_full_5,E_random_full_rank,ZX,-0.35245622308084135,-0.35245622308084146,1.1102230246251565e-16,-0.24713087236915512,0.10532535071168622,0.10532535071168633,0.4577815737925277
mixed_full_5,E_random_full_rank,ZY,-0.360543881629303,-0.36054388162930306,5.551115123125783e-17,-0.31369857023486114,0.04684531139444188,0.046845311394441924,0.40738919302374493
mixed_full_5,E_random_full_rank,ZZ,0.09105881088596651,0.09105881088596657,5.551115123125783e-17,0.07583879359458787,-0.01522001729137865,-0.015220017291378701,-0.10627882817734521
mixed_full_6,E_random_full_rank,II,0.42936050105973805,0.42936050105973816,1.1102230246251565e-16,0.42936050105973805,-7.37257477290143e-18,-1.1102230246251565e-16,-0.42936050105973816
mixed_full_6,E_random_full_rank,IX,-0.22587765594250847,-0.22587765594250853,5.551115123125783e-17,-0.22587765594250847,5.204170427930421e-18,5.551115123125783e-17,0.22587765594250853
mixed_full_6,E_random_full_rank,IY,-0.04565513898878719,-0.04565513898878722,2.7755575615628914e-17,-0.04565513898878719,3.469446951953614e-18,2.7755575615628914e-17,0.04565513898878722
mixed_full_6,E_random_full_rank,IZ,-0.13694235400877497,-0.13694235400877502,5.551115123125783e-17,-0.13694235400877497,-4.336808689942018e-18,5.551115123125783e-17,0.13694235400877502
mixed_full_6,E_random_full_rank,XI,0.16073582355964416,0.1607358235596442,2.7755575615628914e-17,0.16073582355964416,2.6698478497455547e-18,-2.7755575615628914e-17,-0.1607358235596442
mixed_full_6,E_random_full_rank,XX,-0.1597093583079118,-0.15970935830791183,2.7755575615628914e-17,-0.18258970251189827,-0.022880344203986464,-0.022880344203986436,0.13682901410392537
mixed_full_6,E_random_full_rank,XY,0.07328266989233319,0.0732826698923332,1.3877787807814457e-17,0.04311964051746807,-0.030163029374865116,-0.030163029374865133,-0.10344569926719832
mixed_full_6,E_random_full_rank,XZ,-0.029581321069244895,-0.029581321069244923,2.7755575615628914e-17,-0.014535214377478664,0.015046106691766231,0.015046106691766259,0.044627427761011154
mixed_full_6,E_random_full_rank,YI,0.08057734418147369,0.08057734418147372,2.7755575615628914e-17,0.08057734418147369,-4.336808689942018e-18,-2.7755575615628914e-17,-0.08057734418147372
mixed_full_6,E_random_full_rank,YX,0.003045709681138462,0.0030457096811384726,1.0408340855860843e-17,-0.02345935758532241,-0.02650506726646087,-0.02650506726646088,-0.029550776947599344
mixed_full_6,E_random_full_rank,YY,0.014388481294548165,0.014388481294548165,0.0,-0.055028259577308065,-0.06941674087185623,-0.06941674087185623,-0.0838052221664044
mixed_full_6,E_random_full_rank,YZ,-0.1330617718150235,-0.1330617718150235,0.0,-0.11543665763296274,0.017625114182060767,0.017625114182060753,0.15068688599708424
mixed_full_6,E_random_full_rank,ZI,-0.18308459477543734,-0.18308459477543737,2.7755575615628914e-17,-0.18308459477543734,6.071532165918825e-18,2.7755575615628914e-17,0.18308459477543737
mixed_full_6,E_random_full_rank,ZX,0.1956995985927412,0.19569959859274128,8.326672684688674e-17,0.18428725905189028,-0.011412339540850913,-0.011412339540850996,-0.2071119381335922
mixed_full_6,E_random_full_rank,ZY,0.04203562023712359,0.042035620237123594,6.938893903907228e-18,0.01149129810104748,-0.030544322136076107,-0.030544322136076114,-0.0725799423731997
mixed_full_6,E_random_full_rank,ZZ,0.23716251528332832,0.23716251528332838,5.551115123125783e-17,0.2518142564305613,0.014651741147233006,0.014651741147232944,-0.22251077413609538
mixed_full_7,E_random_full_rank,II,0.4523372582801803,0.45233725828018034,5.551115123125783e-17,0.4523372582801803,-3.0357660829594124e-18,-5.551115123125783e-17,-0.45233725828018034
mixed_full_7,E_random_full_rank,IX,-0.0946011895853395,-0.09460118958533952,1.3877787807814457e-17,-0.0946011895853395,-4.119968255444917e-18,1.3877787807814457e-17,0.09460118958533952
mixed_full_7,E_random_full_rank,IY,-0.1241245281482323,-0.12412452814823233,2.7755575615628914e-17,-0.1241245281482323,0.0,2.7755575615628914e-17,0.12412452814823233
mixed_full_7,E_random_full_rank,IZ,0.15275346286400318,0.15275346286400326,8.326672684688674e-17,0.15275346286400318,-5.204170427930421e-18,-8.326672684688674e-17,-0.15275346286400326
mixed_full_7,E_random_full_rank,XI,0.03426740119217567,0.03426740119217565,1.3877787807814457e-17,0.03426740119217567,-1.3010426069826053e-18,1.3877787807814457e-17,-0.03426740119217565
mixed_full_7,E_random_full_rank,XX,-0.25864822840981605,-0.2586482284098161,5.551115123125783e-17,-0.21755489746062184,0.04109333094919419,0.04109333094919426,0.2997415593590103
mixed_full_7,E_random_full_rank,XY,-0.06401983701823041,-0.06401983701823043,1.3877787807814457e-17,0.0016662690438503781,0.06568610606208079,0.0656861060620808,0.12970594308031122
mixed_full_7,E_random_full_rank,XZ,0.07174154657858975,0.07174154657858975,0.0,0.04601937173392122,-0.02572217484466853,-0.02572217484466853,-0.09746372142325828
mixed_full_7,E_random_full_rank,YI,-0.0839019323847578,-0.08390193238475781,1.3877787807814457e-17,-0.0839019323847578,2.6020852139652106e-18,1.3877787807814457e-17,0.08390193238475781
mixed_full_7,E_random_full_rank,YX,-0.11516446052522222,-0.11516446052522222,0.0,-0.10432563665623196,0.010838823868990263,0.010838823868990266,0.1260032843942125
mixed_full_7,E_random_full_rank,YY,0.028517150781442346,0.028517150781442326,2.0816681711721685e-17,0.018593944211658858,-0.009923206569783488,-0.009923206569783467,-0.038440357351225814
mixed_full_7,E_random_full_rank,YZ,-0.24033396085469225,-0.2403339608546923,5.551115123125783e-17,-0.18983677372344848,0.05049718713124377,0.05049718713124382,0.29083114798593607
mixed_full_7,E_random_full_rank,ZI,0.1479426211465663,0.1479426211465663,0.0,0.1479426211465663,-4.336808689942018e-19,0.0,-0.1479426211465663
mixed_full_7,E_random_full_rank,ZX,-0.1700144240516822,-0.17001442405168224,2.7755575615628914e-17,-0.17022846840302952,-0.00021404435134731174,-0.00021404435134728117,0.16980037970033493
mixed_full_7,E_random_full_rank,ZY,0.15466662058219433,0.15466662058219435,2.7755575615628914e-17,0.0671775729576129,-0.08748904762458143,-0.08748904762458146,-0.24215566820677578
mixed_full_7,E_random_full_rank,ZZ,0.09097537878920003,0.09097537878920003,0.0,0.09085765302484317,-0.00011772576435686594,-0.00011772576435686855,-0.0910931045535569
mixed_full_8,E_random_full_rank,II,0.4022077216192943,0.40220772161929436,5.551115123125783e-17,0.4022077216192943,3.469446951953614e-18,-5.551115123125783e-17,-0.40220772161929436
mixed_full_8,E_random_full_rank,IX,0.07573947541361709,0.07573947541361711,2.7755575615628914e-17,0.07573947541361709,-5.854691731421724e-18,-2.7755575615628914e-17,-0.07573947541361711
mixed_full_8,E_random_full_rank,IY,-0.14609030165127262,-0.14609030165127265,2.7755575615628914e-17,-0.14609030165127262,-1.0408340855860843e-17,2.7755575615628914e-17,0.14609030165127265
mixed_full_8,E_random_full_rank,IZ,0.20190651022541284,0.2019065102254129,5.551115123125783e-17,0.20190651022541284,0.0,-5.551115123125783e-17,-0.2019065102254129
mixed_full_8,E_random_full_rank,XI,-0.022411193795579466,-0.02241119379557947,3.469446951953614e-18,-0.022411193795579463,3.469446951953614e-18,6.938893903907228e-18,0.022411193795579473
mixed_full_8,E_random_full_rank,XX,-0.07524285144843337,-0.07524285144843339,1.3877787807814457e-17,-0.08178750695659048,-0.006544655508157115,-0.006544655508157096,0.06869819594027628
mixed_full_8,E_random_full_rank,XY,-0.07862688640866664,-0.07862688640866666,2.7755575615628914e-17,-0.046583029031044866,0.032043857377621776,0.0320438573776218,0.11067074378628844
mixed_full_8,E_random_full_rank,XZ,-0.023575871452307343,-0.02357587145230735,6.938893903907228e-18,0.007022577870786192,0.030598449323093534,0.03059844932309354,0.05417432077540088
mixed_full_8,E_random_full_rank,YI,-0.010120763806631617,-0.010120763806631619,1.734723475976807e-18,-0.010120763806631615,8.673617379884035e-19,3.469446951953614e-18,0.01012076380663162
mixed_full_8,E_random_full_rank,YX,0.08416534654625085,0.08416534654625085,0.0,0.07610735935640565,-0.00805798718984519,-0.008057987189845198,-0.09222333373609604
mixed_full_8,E_random_full_rank,YY,-0.01681721418356475,-0.01681721418356477,2.0816681711721685e-17,-0.0037077116768153805,0.013109502506749372,0.013109502506749391,0.029926716690314145
mixed_full_8,E_random_full_rank,YZ,0.011635570373880928,0.011635570373880941,1.3877787807814457e-17,0.017458336149907182,0.005822765776026254,0.00582276577602624,-0.005812804597854687
mixed_full_8,E_random_full_rank,ZI,-0.10277642105500678,-0.10277642105500678,0.0,-0.10277642105500678,5.204170427930421e-18,0.0,0.10277642105500678
mixed_full_8,E_random_full_rank,ZX,0.15344022130591603,0.15344022130591606,2.7755575615628914e-17,0.15024056489418025,-0.00319965641173577,-0.0031996564117358073,-0.15663987771765184
mixed_full_8,E_random_full_rank,ZY,0.15523941202506228,0.15523941202506236,8.326672684688674e-17,0.16373733454480208,0.008497922519739808,0.008497922519739715,-0.14674148950532256
mixed_full_8,E_random_full_rank,ZZ,-0.15347393384412256,-0.1534739338441226,5.551115123125783e-17,-0.1417878396312841,0.01168609421283846,0.011686094212838505,0.16516002805696106
mixed_full_9,E_random_full_rank,II,0.4653413190073475,0.4653413190073476,1.1102230246251565e-16,0.4653413190073475,1.3877787807814457e-17,-1.1102230246251565e-16,-0.4653413190073476
mixed_full_9,E_random_full_rank,IX,-0.017523305421779455,-0.01752330542177947,1.3877787807814457e-17,-0.017523305421779458,-5.204170427930421e-18,1.0408340855860843e-17,0.01752330542177946
mixed_full_9,E_random_full_rank,IY,-0.10347279223501478,-0.10347279223501477,1.3877787807814457e-17,-0.10347279223501477,1.0408340855860843e-17,0.0,0.10347279223501478
mixed_full_9,E_random_full_rank,IZ,-0.19307832370638112,-0.19307832370638117,5.551115123125783e-17,-0.19307832370638112,0.0,5.551115123125783e-17,0.19307832370638117
mixed_full_9,E_random_full_rank,XI,0.20659523979725042,0.20659523979725047,5.551115123125783e-17,0.20659523979725042,-3.469446951953614e-18,-5.551115123125783e-17,-0.20659523979725047
mixed_full_9,E_random_full_rank,XX,-0.08570697386491734,-0.08570697386491735,1.3877787807814457e-17,-0.058452695756508966,0.02725427810840837,0.027254278108408386,0.11296125197332572
mixed_full_9,E_random_full_rank,XY,-0.21600082600972548,-0.21600082600972548,0.0,-0.1717470952839334,0.04425373072579207,0.044253730725792084,0.26025455673551756
mixed_full_9,E_random_full_rank,XZ,-0.19322817024285116,-0.19322817024285116,0.0,-0.14301123302318886,0.05021693721966231,0.050216937219662305,0.24344510746251347
mixed_full_9,E_random_full_rank,YI,0.17461278966370836,0.1746127896637084,5.551115123125783e-17,0.17461278966370836,4.336808689942018e-19,-5.551115123125783e-17,-0.1746127896637084
mixed_full_9,E_random_full_rank,YX,0.22128597750112633,0.22128597750112633,0.0,0.12521151928176716,-0.09607445821935916,-0.09607445821935917,-0.3173604357204855
mixed_full_9,E_random_full_rank,YY,-0.04137394630731318,-0.041373946307313184,6.938893903907228e-18,-0.011439525085728486,0.02993442122158469,0.029934421221584698,0.07130836752889788
mixed_full_9,E_random_full_rank,YZ,-0.12489611526246717,-0.12489611526246722,4.163336342344337e-17,-0.1306384235291711,-0.005742308266703925,-0.005742308266703883,0.11915380699576329
mixed_full_9,E_random_full_rank,ZI,0.035612607712771444,0.0356126077127714,4.163336342344337e-17,0.03561260771277143,-1.0408340855860843e-17,2.7755575615628914e-17,-0.035612607712771416
mixed_full_9,E_random_full_rank,ZX,0.0358568568431211,0.03585685684312109,6.938893903907228e-18,0.06508180489442929,0.029224948051308187,0.029224948051308194,-0.006631908791812906
mixed_full_9,E_random_full_rank,ZY,0.21382741287110493,0.21382741287110496,2.7755575615628914e-17,0.17623853292512345,-0.03758887994598147,-0.03758887994598151,-0.25141629281708644
mixed_full_9,E_random_full_rank,ZZ,-0.2418092543203485,-0.24180925432034855,5.551115123125783e-17,-0.19916005053986915,0.04264920378047935,0.0426492037804794,0.2844584581008279
mixed_full_10,E_random_full_rank,II,0.4487168609819494,0.44871686098194946,5.551115123125783e-17,0.4487168609819494,1.734723475976807e-18,-5.551115123125783e-17,-0.44871686098194946
mixed_full_10,E_random_full_rank,IX,-0.039767257470496524,-0.03976725747049653,6.938893903907228e-18,-0.039767257470496524,0.0,6.938893903907228e-18,0.03976725747049653
mixed_full_10,E_random_full_rank,IY,0.14467838912370665,0.14467838912370673,8.326672684688674e-17,0.14467838912370665,-6.938893903907228e-18,-8.326672684688674e-17,-0.14467838912370673
mixed_full_10,E_random_full_rank,IZ,0.00825728520367654,0.008257285203676565,2.42861286636753e-17,0.008257285203676544,3.469446951953614e-18,-2.0816681711721685e-17,-0.008257285203676561
mixed_full_10,E_random_full_rank,XI,0.012857055908862002,0.01285705590886201,6.938893903907228e-18,0.012857055908862004,1.734723475976807e-18,-5.204170427930421e-18,-0.012857055908862007
mixed_full_10,E_random_full_rank,XX,-0.2064745993289551,-0.20647459932895515,5.551115123125783e-17,-0.18489392637130497,0.021580672957650125,0.021580672957650177,0.22805527228660527
mixed_full_10,E_random_full_rank,XY,0.0739746126645776,0.07397461266457761,1.3877787807814457e-17,0.05425752938173209,-0.019717083282845507,-0.01971708328284552,-0.09369169594742312
mixed_full_10,E_random_full_rank,XZ,-0.14387178862029587,-0.1438717886202959,2.7755575615628914e-17,-0.06952268063096416,0.07434910798933173,0.07434910798933174,0.21822089660962762
mixed_full_10,E_random_full_rank,YI,-0.07525224554932193,-0.07525224554932199,5.551115123125783e-17,-0.07525224554932194,-8.673617379884035e-18,4.163336342344337e-17,0.07525224554932197
mixed_full_10,E_random_full_rank,YX,0.22791254741152484,0.22791254741152486,2.7755575615628914e-17,0.18398580288482147,-0.04392674452670335,-0.04392674452670339,-0.2718392919382282
mixed_full_10,E_random_full_rank,YY,-0.11400592948317441,-0.11400592948317448,6.938893903907228e-17,-0.153285103816176,-0.039279174333001585,-0.039279174333001515,0.0747267551501729
mixed_full_10,E_random_full_rank,YZ,-0.17557427042359272,-0.17557427042359275,2.7755575615628914e-17,-0.08951485079520685,0.08605941962838587,0.0860594196283859,0.2616336900519786
mixed_full_10,E_random_full_rank,ZI,0.142217694408857,0.14221769440885706,5.551115123125783e-17,0.142217694408857,-5.204170427930421e-18,-5.551115123125783e-17,-0.14221769440885706
mixed_full_10,E_random_full_rank,ZX,-0.03121840346526013,-0.03121840346526014,1.0408340855860843e-17,-0.0613718648149785,-0.03015346134971837,-0.030153461349718358,0.0010649421155417733
mixed_full_10,E_random_full_rank,ZY,0.32581157410456674,0.3258115741045668,5.551115123125783e-17,0.26643701034027806,-0.059374563764288665,-0.059374563764288735,-0.38518613786885547
mixed_full_10,E_random_full_rank,ZZ,0.045793897788098545,0.045793897788098545,0.0,0.07952578763383565,0.033731889845737106,0.033731889845737106,-0.012062007942361438
mixed_full_11,E_random_full_rank,II,0.3711602509336739,0.37116025093367394,5.551115123125783e-17,0.3711602509336739,-6.938893903907228e-18,-5.551115123125783e-17,-0.37116025093367394
mixed_full_11,E_random_full_rank,IX,-0.09854371443461778,-0.09854371443461779,1.3877787807814457e-17,-0.09854371443461778,5.204170427930421e-18,1.3877787807814457e-17,0.09854371443461779
mixed_full_11,E_random_full_rank,IY,-0.12093920796756516,-0.12093920796756519,2.7755575615628914e-17,-0.12093920796756516,1.6263032587282567e-18,2.7755575615628914e-17,0.12093920796756519
mixed_full_11,E_random_full_rank,IZ,-0.15697921592603375,-0.15697921592603384,8.326672684688674e-17,-0.15697921592603375,5.204170427930421e-18,8.326672684688674e-17,0.15697921592603384
mixed_full_11,E_random_full_rank,XI,-0.11744634687374735,-0.11744634687374736,1.3877787807814457e-17,-0.11744634687374735,4.7704895589362195e-18,1.3877787807814457e-17,0.11744634687374736
mixed_full_11,E_random_full_rank,XX,0.09479055054903701,0.09479055054903704,2.7755575615628914e-17,0.10202117794494578,0.007230627395908762,0.00723062739590874,-0.08755992315312827
mixed_full_11,E_random_full_rank,XY,0.13974567785855851,0.13974567785855851,0.0,0.12348315852981198,-0.016262519328746526,-0.016262519328746533,-0.15600819718730505
mixed_full_11,E_random_full_rank,XZ,0.12128617892386355,0.12128617892386359,4.163336342344337e-17,0.08617340103533985,-0.0351127778885237,-0.03511277788852374,-0.1563989568123873
mixed_full_11,E_random_full_rank,YI,0.02401463234143399,0.024014632341433986,3.469446951953614e-18,0.02401463234143399,8.673617379884035e-19,3.469446951953614e-18,-0.024014632341433986
mixed_full_11,E_random_full_rank,YX,-0.07006476226310494,-0.07006476226310496,1.3877787807814457e-17,-0.055816539534595436,0.014248222728509508,0.014248222728509521,0.08431298499161446
mixed_full_11,E_random_full_rank,YY,0.09489721800196564,0.09489721800196566,1.3877787807814457e-17,0.0693450843693049,-0.025552133632660748,-0.025552133632660762,-0.1204493516346264
mixed_full_11,E_random_full_rank,YZ,-0.07189041079243425,-0.07189041079243427,2.7755575615628914e-17,-0.05011443578566047,0.021775975006773772,0.0217759750067738,0.09366638579920805
mixed_full_11,E_random_full_rank,ZI,-0.036108870978173425,-0.036108870978173474,4.85722573273506e-17,-0.03610887097817342,4.336808689942018e-18,5.551115123125783e-17,0.03610887097817348
mixed_full_11,E_random_full_rank,ZX,0.1912983313956873,0.19129833139568736,5.551115123125783e-17,0.17105084169487425,-0.020247489700813047,-0.02024748970081311,-0.2115458210965004
mixed_full_11,E_random_full_rank,ZY,0.08708619859337219,0.0870861985933722,1.3877787807814457e-17,0.08797339130335693,0.0008871927099847397,0.0008871927099847327,-0.08619900588338746
mixed_full_11,E_random_full_rank,ZZ,-0.036033889733645366,-0.03603388973364535,1.3877787807814457e-17,-0.01085456190772112,0.02517932782592425,0.025179327825924233,0.0612132175595696
mixed_full_12,E_random_full_rank,II,0.44542666559429317,0.4454266655942932,5.551115123125783e-17,0.44542666559429317,-5.204170427930421e-18,-5.551115123125783e-17,-0.4454266655942932
mixed_full_12,E_random_full_rank,IX,-0.13479317089044465,-0.13479317089044468,2.7755575615628914e-17,-0.13479317089044465,6.938893903907228e-18,2.7755575615628914e-17,0.13479317089044468
mixed_full_12,E_random_full_rank,IY,0.1733302179474919,0.17333021794749198,8.326672684688674e-17,0.1733302179474919,1.734723475976807e-18,-8.326672684688674e-17,-0.17333021794749198
mixed_full_12,E_random_full_rank,IZ,-0.10480026796290473,-0.10480026796290476,2.7755575615628914e-17,-0.10480026796290473,-6.938893903907228e-18,2.7755575615628914e-17,0.10480026796290476
mixed_full_12,E_random_full_rank,XI,-0.08798509482675275,-0.08798509482675279,4.163336342344337e-17,-0.08798509482675275,-3.469446951953614e-18,4.163336342344337e-17,0.08798509482675279
mixed_full_12,E_random_full_rank,XX,-0.035773766353571504,-0.03577376635357152,1.3877787807814457e-17,-0.0059539283225379,0.029819838031033608,0.029819838031033618,0.06559360438460513
mixed_full_12,E_random_full_rank,XY,0.03810362185704443,0.038103621857044453,2.0816681711721685e-17,0.0018924592659998333,-0.0362111625910446,-0.03621116259104462,-0.07431478444808906
mixed_full_12,E_random_full_rank,XZ,0.1691978974723628,0.1691978974723628,0.0,0.08654975185276265,-0.08264814561960014,-0.08264814561960016,-0.25184604309196296
mixed_full_12,E_random_full_rank,YI,0.016548757387286075,0.016548757387286082,6.938893903907228e-18,0.016548757387286075,0.0,-6.938893903907228e-18,-0.016548757387286082
mixed_full_12,E_random_full_rank,YX,0.1377174965322971,0.13771749653229712,2.7755575615628914e-17,0.11661536678669945,-0.021102129745597636,-0.021102129745597664,-0.15881962627789475
mixed_full_12,E_random_full_rank,YY,0.1617632247775571,0.16176322477755717,5.551115123125783e-17,0.11725149729975763,-0.04451172747779948,-0.04451172747779954,-0.20627495225535664
mixed_full_12,E_random_full_rank,YZ,-0.023201928936931116,-0.02320192893693112,3.469446951953614e-18,-0.01016205366295233,0.013039875273978787,0.01303987527397879,0.0362418042109099
mixed_full_12,E_random_full_rank,ZI,-0.23962197558242898,-0.23962197558242904,5.551115123125783e-17,-0.23962197558242898,-2.6020852139652106e-18,5.551115123125783e-17,0.23962197558242904
mixed_full_12,E_random_full_rank,ZX,0.294772484369224,0.29477248436922415,1.6653345369377348e-16,0.2751046248347513,-0.019667859534472712,-0.019667859534472865,-0.31444034390369685
mixed_full_12,E_random_full_rank,ZY,-0.15784667252255258,-0.15784667252255263,5.551115123125783e-17,-0.1399201122139601,0.017926560308592465,0.01792656030859252,0.1757732328311451
mixed_full_12,E_random_full_rank,ZZ,0.15692589536664162,0.15692589536664162,0.0,0.14696705019781275,-0.009958845168828855,-0.009958845168828862,-0.16688474053547048
mixed_full_13,E_random_full_rank,II,0.5971518593495407,0.5971518593495408,1.1102230246251565e-16,0.5971518593495407,-5.204170427930421e-18,-1.1102230246251565e-16,-0.5971518593495408
mixed_full_13,E_random_full_rank,IX,-0.23510273449383506,-0.23510273449383512,5.551115123125783e-17,-0.23510273449383506,-3.469446951953614e-18,5.551115123125783e-17,0.23510273449383512
mixed_full_13,E_random_full_rank,IY,0.2153853646795877,0.21538536467958772,2.7755575615628914e-17,0.2153853646795877,1.3877787807814457e-17,-2.7755575615628914e-17,-0.2153853646795877
mixed_full_13,E_random_full_rank,IZ,0.22437420185712828,0.2243742018571283,2.7755575615628914e-17,0.22437420185712828,1.0408340855860843e-17,-2.7755575615628914e-17,-0.2243742018571283
mixed_full_13,E_random_full_rank,XI,0.09729338011083025,0.09729338011083027,2.7755575615628914e-17,0.09729338011083025,5.204170427930421e-18,-2.7755575615628914e-17,-0.09729338011083027
mixed_full_13,E_random_full_rank,XX,-0.28911736746542693,-0.289117367465427,5.551115123125783e-17,-0.20762711445490994,0.08149025301051696,0.08149025301051704,0.370607620475944
mixed_full_13,E_random_full_rank,XY,0.1863100165652634,0.18631001656526347,8.326672684688674e-17,0.08966621977537773,-0.09664379678988566,-0.09664379678988574,-0.28295381335514913
mixed_full_13,E_random_full_rank,XZ,-0.23474011629016578,-0.23474011629016583,5.551115123125783e-17,-0.12414411614922755,0.11059600014093823,0.11059600014093829,0.34533611643110407
mixed_full_13,E_random_full_rank,YI,0.29615456429350384,0.29615456429350384,0.0,0.29615456429350384,0.0,0.0,-0.29615456429350384
mixed_full_13,E_random_full_rank,YX,-0.36877633901814966,-0.3687763390181497,5.551115123125783e-17,-0.27328742064576217,0.09548891837238747,0.09548891837238754,0.4642652573905372
mixed_full_13,E_random_full_rank,YY,0.010926032677443687,0.010926032677443683,3.469446951953614e-18,0.06112076919565408,0.050194736518210395,0.050194736518210395,0.03926870384076671
mixed_full_13,E_random_full_rank,YZ,0.32276144113041416,0.3227614411304143,1.1102230246251565e-16,0.22067670020737468,-0.10208474092303951,-0.1020847409230396,-0.4248461820534538
mixed_full_13,E_random_full_rank,ZI,-0.21174209600200591,-0.21174209600200597,5.551115123125783e-17,-0.21174209600200591,-1.734723475976807e-18,5.551115123125783e-17,0.21174209600200597
mixed_full_13,E_random_full_rank,ZX,-0.05335524043957826,-0.05335524043957826,0.0,-0.029078856933319526,0.024276383506258735,0.024276383506258735,0.077631623945837
mixed_full_13,E_random_full_rank,ZY,-0.405858625305458,-0.40585862530545813,1.1102230246251565e-16,-0.2792393449508918,0.12661928035456624,0.12661928035456632,0.5324779056600244
mixed_full_13,E_random_full_rank,ZZ,-0.23368169100395855,-0.2336816910039586,5.551115123125783e-17,-0.2042779204227409,0.02940377058121766,0.02940377058121771,0.26308546158517626
mixed_full_14,E_random_full_rank,II,0.45537230891994107,0.45537230891994107,0.0,0.45537230891994107,-5.583641188300348e-18,0.0,-0.45537230891994107
mixed_full_14,E_random_full_rank,IX,0.050585940081801006,0.05058594008180101,6.938893903907228e-18,0.050585940081801006,-8.673617379884035e-19,-6.938893903907228e-18,-0.05058594008180101
mixed_full_14,E_random_full_rank,IY,-0.3420940587666648,-0.3420940587666648,0.0,-0.3420940587666648,3.469446951953614e-18,0.0,0.3420940587666648
mixed_full_14,E_random_full_rank,IZ,0.09630756477971902,0.09630756477971904,1.3877787807814457e-17,0.09630756477971902,-2.2768245622195593e-18,-1.3877787807814457e-17,-0.09630756477971904
mixed_full_14,E_random_full_rank,XI,-0.023575701084586526,-0.02357570108458653,3.469446951953614e-18,-0.023575701084586526,-8.673617379884035e-19,3.469446951953614e-18,0.02357570108458653
mixed_full_14,E_random_full_rank,XX,-0.011233066429746516,-0.011233066429746516,0.0,-0.042637982311354544,-0.03140491588160803,-0.03140491588160803,-0.020171849451861512
mixed_full_14,E_random_full_rank,XY,0.02602495110166285,0.026024951101662863,1.3877787807814457e-17,0.030479098524048308,0.004454147422385457,0.004454147422385445,-0.021570803679277405
mixed_full_14,E_random_full_rank,XZ,0.0454036559211541,0.04540365592115411,1.3877787807814457e-17,0.05984125051649861,0.014437594595344511,0.014437594595344501,-0.0309660613258096
mixed_full_14,E_random_full_rank,YI,-0.15625177179139169,-0.1562517717913917,2.7755575615628914e-17,-0.15625177179139169,-1.5178830414797062e-18,2.7755575615628914e-17,0.1562517717913917
mixed_full_14,E_random_full_rank,YX,-0.00453786562106407,-0.00453786562106406,1.0408340855860843e-17,-0.03670335875105439,-0.03216549312999032,-0.03216549312999033,-0.02762762750892626
mixed_full_14,E_random_full_rank,YY,0.08294897199726156,0.08294897199726158,1.3877787807814457e-17,0.09312568163471194,0.010176709637450376,0.010176709637450362,-0.0727722623598112
mixed_full_14,E_random_full_rank,YZ,-0.05689487301063004,-0.05689487301063005,1.3877787807814457e-17,-0.08006370116789467,-0.02316882815726463,-0.02316882815726462,0.03372604485336542
mixed_full_14,E_random_full_rank,ZI,0.29778755131594564,0.2977875513159457,5.551115123125783e-17,0.29778755131594564,3.7947076036992655e-19,-5.551115123125783e-17,-0.2977875513159457
mixed_full_14,E_random_full_rank,ZX,-0.02385827477722068,-0.023858274777220686,6.938893903907228e-18,-0.030475340999846688,-0.006617066222626009,-0.006617066222626002,0.017241208554594677
mixed_full_14,E_random_full_rank,ZY,-0.3444012278262024,-0.34440122782620236,5.551115123125783e-17,-0.35136203958376827,-0.0069608117575658286,-0.00696081175756591,0.3374404160686365
mixed_full_14,E_random_full_rank,ZZ,0.0011607142053722676,0.0011607142053722264,4.119968255444917e-17,-0.0007374066959378034,-0.001898120901310071,-0.0018981209013100298,-0.0030588351066822973
mixed_full_15,E_random_full_rank,II,0.6242171486662904,0.6242171486662905,1.1102230246251565e-16,0.6242171486662904,2.0816681711721685e-17,-1.1102230246251565e-16,-0.6242171486662905
mixed_full_15,E_random_full_rank,IX,0.12983262017698413,0.12983262017698416,2.7755575615628914e-17,0.12983262017698413,0.0,-2.7755575615628914e-17,-0.12983262017698416
mixed_full_15,E_random_full_rank,IY,-0.3401882663246519,-0.3401882663246519,0.0,-0.3401882663246519,3.469446951953614e-18,0.0,0.3401882663246519
mixed_full_15,E_random_full_rank,IZ,-0.2753870633861877,-0.2753870633861878,1.1102230246251565e-16,-0.2753870633861877,-1.3877787807814457e-17,1.1102230246251565e-16,0.2753870633861878
mixed_full_15,E_random_full_rank,XI,0.026988329970892483,0.02698832997089249,6.938893903907228e-18,0.026988329970892483,0.0,-6.938893903907228e-18,-0.02698832997089249
mixed_full_15,E_random_full_rank,XX,0.325416366967006,0.3254163669670061,1.1102230246251565e-16,0.14409107085286765,-0.18132529611413833,-0.18132529611413845,-0.5067416630811444
mixed_full_15,E_random_full_rank,XY,0.018101499295831547,0.018101499295831554,6.938893903907228e-18,-0.018088256454906144,-0.03618975575073769,-0.0361897557507377,-0.054291255046569245
mixed_full_15,E_random_full_rank,XZ,0.09749649031664556,0.09749649031664559,2.7755575615628914e-17,0.06005706874233818,-0.03743942157430738,-0.03743942157430741,-0.13493591189095297
mixed_full_15,E_random_full_rank,YI,0.16633794310091993,0.16633794310091995,2.7755575615628914e-17,0.16633794310091993,1.734723475976807e-18,-2.7755575615628914e-17,-0.16633794310091995
mixed_full_15,E_random_full_rank,YX,0.015958057869485197,0.015958057869485204,6.938893903907228e-18,0.035215196367917485,0.01925713849843229,0.01925713849843228,0.0032990806289470848
mixed_full_15,E_random_full_rank,YY,-0.3953942830265271,-0.3953942830265272,5.551115123125783e-17,-0.3068664416883116,0.08852784133821548,0.08852784133821556,0.4839221243647427
mixed_full_15,E_random_full_rank,YZ,0.15475045818667646,0.1547504581866765,2.7755575615628914e-17,0.12322652497714513,-0.03152393320953133,-0.031523933209531355,-0.18627439139620783
mixed_full_15,E_random_full_rank,ZI,-0.40416068641508907,-0.4041606864150892,1.1102230246251565e-16,-0.40416068641508907,1.0408340855860843e-17,1.1102230246251565e-16,0.4041606864150892
mixed_full_15,E_random_full_rank,ZX,-0.15318188000421332,-0.15318188000421334,2.7755575615628914e-17,-0.11862085543767162,0.0345610245665417,0.034561024566541726,0.18774290457075504
mixed_full_15,E_random_full_rank,ZY,0.26905644097913717,0.2690564409791373,1.1102230246251565e-16,0.2277534233624089,-0.04130301761672829,-0.04130301761672839,-0.31035945859586556
mixed_full_15,E_random_full_rank,ZZ,0.4343439641389783,0.4343439641389783,0.0,0.3613841463416573,-0.07295981779732102,-0.07295981779732102,-0.5073037819362993
mixed_full_16,E_random_full_rank,II,0.41954590730909713,0.4195459073090972,5.551115123125783e-17,0.41954590730909713,-3.469446951953614e-18,-5.551115123125783e-17,-0.4195459073090972
mixed_full_16,E_random_full_rank,IX,-0.04876754677858243,-0.04876754677858245,2.0816681711721685e-17,-0.04876754677858243,-3.469446951953614e-18,2.0816681711721685e-17,0.04876754677858244
mixed_full_16,E_random_full_rank,IY,-0.10133109593567902,-0.10133109593567902,0.0,-0.10133109593567902,3.469446951953614e-18,0.0,0.10133109593567902
mixed_full_16,E_random_full_rank,IZ,-0.23542063548529704,-0.23542063548529707,2.7755575615628914e-17,-0.23542063548529704,-8.673617379884035e-19,2.7755575615628914e-17,0.23542063548529707
mixed_full_16,E_random_full_rank,XI,-0.015716907523324303,-0.015716907523324324,2.0816681711721685e-17,-0.015716907523324303,-1.734723475976807e-18,2.0816681711721685e-17,0.015716907523324324
mixed_full_16,E_random_full_rank,XX,0.0017660324696661955,0.0017660324696661955,0.0,0.050099228131528964,0.04833319566186277,0.04833319566186277,0.04656716319219657
mixed_full_16,E_random_full_rank,XY,-0.09403490013320374,-0.09403490013320376,1.3877787807814457e-17,-0.10220410574864539,-0.008169205615441637,-0.008169205615441627,0.08586569451776212
mixed_full_16,E_random_full_rank,XZ,0.17376812466521652,0.17376812466521657,5.551115123125783e-17,0.13704225432801848,-0.036725870337198055,-0.0367258703371981,-0.2104939950024146
mixed_full_16,E_random_full_rank,YI,0.13766611775317839,0.13766611775317844,5.551115123125783e-17,0.13766611775317839,8.673617379884035e-19,-5.551115123125783e-17,-0.13766611775317844
mixed_full_16,E_random_full_rank,YX,-0.14805253998757995,-0.14805253998757997,2.7755575615628914e-17,-0.08484342211709983,0.06320911787048011,0.06320911787048014,0.2112616578580601
mixed_full_16,E_random_full_rank,YY,0.06771597959462296,0.06771597959462297,1.3877787807814457e-17,0.05316603412529155,-0.014549945469331403,-0.014549945469331423,-0.08226592506395437
mixed_full_16,E_random_full_rank,YZ,-0.12929926331761826,-0.12929926331761826,0.0,-0.1597359502731993,-0.030436686955581063,-0.03043668695558105,0.0988625763620372
mixed_full_16,E_random_full_rank,ZI,-0.12088104240365778,-0.1208810424036578,1.3877787807814457e-17,-0.12088104240365778,-5.204170427930421e-18,1.3877787807814457e-17,0.1208810424036578
mixed_full_16,E_random_full_rank,ZX,0.06275468286342599,0.062754682863426,1.3877787807814457e-17,0.0646398982333092,0.0018852153698832152,0.001885215369883203,-0.060869467493542787
mixed_full_16,E_random_full_rank,ZY,0.20315821501265585,0.2031582150126559,5.551115123125783e-17,0.19113610468619513,-0.012022110326460719,-0.012022110326460778,-0.21518032533911663
mixed_full_16,E_random_full_rank,ZZ,0.07884452919698483,0.07884452919698481,1.3877787807814457e-17,0.07077229266696253,-0.008072236530022295,-0.008072236530022286,-0.08691676572700711
mixed_full_17,E_random_full_rank,II,0.4134540158661459,0.41345401586614594,5.551115123125783e-17,0.4134540158661459,3.903127820947816e-18,-5.551115123125783e-17,-0.41345401586614594
mixed_full_17,E_random_full_rank,IX,-0.14486051195893324,-0.14486051195893324,0.0,-0.14486051195893324,-3.469446951953614e-18,0.0,0.14486051195893324
mixed_full_17,E_random_full_rank,IY,0.049633608524296435,0.04963360852429646,2.7755575615628914e-17,0.049633608524296435,-3.469446951953614e-18,-2.7755575615628914e-17,-0.04963360852429646
mixed_full_17,E_random_full_rank,IZ,0.06520344912684849,0.0652034491268485,1.3877787807814457e-17,0.06520344912684849,-5.204170427930421e-18,-1.3877787807814457e-17,-0.0652034491268485
mixed_full_17,E_random_full_rank,XI,-0.0492457014555491,-0.0492457014555491,0.0,-0.0492457014555491,8.673617379884035e-19,0.0,0.0492457014555491
mixed_full_17,E_random_full_rank,XX,-0.11822714109666002,-0.11822714109666004,1.3877787807814457e-17,-0.05760754025600771,0.06061960084065232,0.06061960084065233,0.17884674193731237
mixed_full_17,E_random_full_rank,XY,-0.2264183168639649,-0.22641831686396496,5.551115123125783e-17,-0.21554526916211575,0.010873047701849166,0.010873047701849214,0.23729136456581412
mixed_full_17,E_random_full_rank,XZ,0.02953911734909287,0.02953911734909287,0.0,0.036055842028144075,0.006516724679051206,0.006516724679051206,-0.023022392670041664
mixed_full_17,E_random_full_rank,YI,-0.0877199114180074,-0.08771991141800739,1.3877787807814457e-17,-0.08771991141800739,1.3010426069826053e-17,0.0,0.0877199114180074
mixed_full_17,E_random_full_rank,YX,0.0676100378584176,0.0676100378584176,0.0,0.03993546739685387,-0.027674570461563727,-0.027674570461563727,-0.09528460831998133
mixed_full_17,E_random_full_rank,YY,-0.05207133903936329,-0.052071339039363285,6.938893903907228e-18,-0.03311543995182308,0.01895589908754021,0.018955899087540203,0.0710272381269035
mixed_full_17,E_random_full_rank,YZ,-0.17921211099122586,-0.17921211099122591,5.551115123125783e-17,-0.13524720126982703,0.04396490972139884,0.04396490972139888,0.22317702071262474
mixed_full_17,E_random_full_rank,ZI,-0.01346008466568377,-0.013460084665683741,2.7755575615628914e-17,-0.01346008466568377,-4.336808689942018e-19,-2.7755575615628914e-17,0.013460084665683741
mixed_full_17,E_random_full_rank,ZX,-0.07635725849975283,-0.07635725849975288,4.163336342344337e-17,-0.019315547281923043,0.0570417112178298,0.05704171121782983,0.13339896971758267
mixed_full_17,E_random_full_rank,ZY,0.22813443556524762,0.22813443556524765,2.7755575615628914e-17,0.2097361125758126,-0.01839832298943503,-0.018398322989435056,-0.24653275855468268
mixed_full_17,E_random_full_rank,ZZ,-0.12238210404181943,-0.12238210404181946,2.7755575615628914e-17,-0.10970796625022314,0.01267413779159629,0.012674137791596318,0.13505624183341575
mixed_full_18,E_random_full_rank,II,0.45916698941793177,0.4591669894179319,1.1102230246251565e-16,0.45916698941793177,-1.1709383462843448e-17,-1.1102230246251565e-16,-0.4591669894179319
mixed_full_18,E_random_full_rank,IX,0.14766058864040982,0.14766058864040987,5.551115123125783e-17,0.14766058864040982,0.0,-5.551115123125783e-17,-0.14766058864040987
mixed_full_18,E_random_full_rank,IY,-0.12664731877383584,-0.12664731877383587,2.7755575615628914e-17,-0.12664731877383584,-3.469446951953614e-18,2.7755575615628914e-17,0.12664731877383587
mixed_full_18,E_random_full_rank,IZ,-0.04081591946791815,-0.040815919467918176,2.7755575615628914e-17,-0.04081591946791815,8.673617379884035e-19,2.7755575615628914e-17,0.040815919467918176
mixed_full_18,E_random_full_rank,XI,0.017343770293233085,0.01734377029323311,2.42861286636753e-17,0.017343770293233085,0.0,-2.42861286636753e-17,-0.01734377029323311
mixed_full_18,E_random_full_rank,XX,0.14635929912470452,0.14635929912470458,5.551115123125783e-17,0.1013170028345132,-0.04504229629019133,-0.04504229629019138,-0.1914015954148959
mixed_full_18,E_random_full_rank,XY,0.13089457687256748,0.1308945768725675,2.7755575615628914e-17,0.10675409176448519,-0.024140485108082293,-0.02414048510808231,-0.15503506198064979
mixed_full_18,E_random_full_rank,XZ,-0.2563054244975168,-0.2563054244975169,1.1102230246251565e-16,-0.2098516791099979,0.046453745387518924,0.04645374538751901,0.3027591698850358
mixed_full_18,E_random_full_rank,YI,0.09909401905099702,0.09909401905099705,2.7755575615628914e-17,0.09909401905099702,-6.071532165918825e-18,-2.7755575615628914e-17,-0.09909401905099705
mixed_full_18,E_random_full_rank,YX,-0.14529589200992496,-0.145295892009925,2.7755575615628914e-17,-0.051397293771851614,0.09389859823807334,0.09389859823807337,0.23919449024799833
mixed_full_18,E_random_full_rank,YY,-0.10800016076853325,-0.10800016076853328,2.7755575615628914e-17,-0.041258621239659496,0.06674153952887375,0.06674153952887378,0.17474170029740704
mixed_full_18,E_random_full_rank,YZ,-0.1790541622893459,-0.1790541622893459,0.0,-0.09955661806448847,0.07949754422485741,0.07949754422485743,0.25855170651420334
mixed_full_18,E_random_full_rank,ZI,0.1496546769878629,0.1496546769878629,0.0,0.1496546769878629,1.3010426069826053e-18,0.0,-0.1496546769878629
mixed_full_18,E_random_full_rank,ZX,0.19551872981380353,0.19551872981380358,5.551115123125783e-17,0.16721207967529605,-0.02830665013850748,-0.028306650138507528,-0.22382537995231105
mixed_full_18,E_random_full_rank,ZY,-0.3017767926977576,-0.3017767926977577,1.1102230246251565e-16,-0.24616590595147295,0.05561088674628464,0.055610886746284754,0.35738767944404237
mixed_full_18,E_random_full_rank,ZZ,0.00463077007689033,0.00463077007689033,0.0,0.018921893743112327,0.014291123666221997,0.014291123666221997,0.009660353589331667
mixed_full_19,E_random_full_rank,II,0.4659553517379966,0.46595535173799674,1.1102230246251565e-16,0.4659553517379966,3.0357660829594124e-18,-1.1102230246251565e-16,-0.46595535173799674
mixed_full_19,E_random_full_rank,IX,0.153920141531939,0.15392014153193906,5.551115123125783e-17,0.153920141531939,3.469446951953614e-18,-5.551115123125783e-17,-0.15392014153193906
mixed_full_19,E_random_full_rank,IY,0.09298516498582172,0.09298516498582175,2.7755575615628914e-17,0.09298516498582172,-2.6020852139652106e-18,-2.7755575615628914e-17,-0.09298516498582175
mixed_full_19,E_random_full_rank,IZ,0.2242451992561615,0.22424519925616154,5.551115123125783e-17,0.2242451992561615,1.734723475976807e-18,-5.551115123125783e-17,-0.22424519925616154
mixed_full_19,E_random_full_rank,XI,-0.25140171722584137,-0.2514017172258415,1.1102230246251565e-16,-0.25140171722584137,4.119968255444917e-18,1.1102230246251565e-16,0.2514017172258415
mixed_full_19,E_random_full_rank,XX,-0.10434389892485531,-0.10434389892485535,4.163336342344337e-17,-0.0959355597017723,0.008408339223083015,0.008408339223083053,0.11275223814793836
mixed_full_19,E_random_full_rank,XY,0.004113069090933747,0.004113069090933744,3.469446951953614e-18,-0.005065272563241055,-0.009178341654174802,-0.009178341654174799,-0.013291410745108546
mixed_full_19,E_random_full_rank,XZ,-0.26241819901714636,-0.26241819901714647,1.1102230246251565e-16,-0.26126190700980123,0.0011562920073451357,0.0011562920073452387,0.2635744910244916
mixed_full_19,E_random_full_rank,YI,0.18102444785439636,0.18102444785439642,5.551115123125783e-17,0.18102444785439636,2.168404344971009e-19,-5.551115123125783e-17,-0.18102444785439642
mixed_full_19,E_random_full_rank,YX,0.050086754041686124,0.050086754041686124,0.0,0.07094481219278906,0.020858058151102938,0.020858058151102934,-0.029228695890583186
mixed_full_19,E_random_full_rank,YY,0.09216004504989672,0.09216004504989672,0.0,0.06923910239995021,-0.022920942649946506,-0.022920942649946513,-0.11508098769984323
mixed_full_19,E_random_full_rank,YZ,0.12830607731080654,0.1283060773108066,5.551115123125783e-17,0.12050758886440599,-0.007798488446400552,-0.007798488446400603,-0.13610456575720714
mixed_full_19,E_random_full_rank,ZI,-0.2680449889437398,-0.26804498894373985,5.551115123125783e-17,-0.2680449889437398,-9.974659986866641e-18,5.551115123125783e-17,0.26804498894373985
mixed_full_19,E_random_full_rank,ZX,-0.12407346664065386,-0.1240734666406539,4.163336342344337e-17,-0.09861014290684435,0.025463323733809516,0.02546332373380955,0.1495367903744634
mixed_full_19,E_random_full_rank,ZY,-0.07014220875817552,-0.07014220875817556,4.163336342344337e-17,-0.07878577339699541,-0.008643564638819892,-0.00864356463881985,0.06149864411935567
mixed_full_19,E_random_full_rank,ZZ,-0.04999651686013026,-0.04999651686013025,1.3877787807814457e-17,-0.05789149401579779,-0.007894977155667528,-0.007894977155667539,0.04210153970446272
mixed_full_20,E_random_full_rank,II,0.5245408885625599,0.5245408885625599,0.0,0.5245408885625599,5.204170427930421e-18,0.0,-0.5245408885625599
mixed_full_20,E_random_full_rank,IX,0.26015543259159035,0.26015543259159035,0.0,0.26015543259159035,1.734723475976807e-18,0.0,-0.26015543259159035
mixed_full_20,E_random_full_rank,IY,0.21061224759084024,0.21061224759084024,0.0,0.21061224759084024,3.469446951953614e-18,0.0,-0.21061224759084024
mixed_full_20,E_random_full_rank,IZ,-0.057298978072237994,-0.05729897807223797,2.0816681711721685e-17,-0.05729897807223798,1.0408340855860843e-17,-6.938893903907228e-18,0.05729897807223798
mixed_full_20,E_random_full_rank,XI,0.24570158384491717,0.2457015838449172,2.7755575615628914e-17,0.24570158384491717,-1.0408340855860843e-17,-2.7755575615628914e-17,-0.2457015838449172
mixed_full_20,E_random_full_rank,XX,0.3375510359137867,0.33755103591378677,5.551115123125783e-17,0.24481998308343272,-0.092731052830354,-0.09273105283035404,-0.43028208874414076
mixed_full_20,E_random_full_rank,XY,0.18681190968911082,0.18681190968911082,0.0,0.14347616891956344,-0.04333574076954737,-0.04333574076954738,-0.2301476504586582
mixed_full_20,E_random_full_rank,XZ,-0.058003399399176585,-0.058003399399176606,2.0816681711721685e-17,-0.026940106654469637,0.031063292744706948,0.03106329274470697,0.08906669214388355
mixed_full_20,E_random_full_rank,YI,0.04367636962135449,0.04367636962135449,0.0,0.043676369621354474,-1.3877787807814457e-17,-1.3877787807814457e-17,-0.0436763696213545
mixed_full_20,E_random_full_rank,YX,-0.021737170907697737,-0.02173717090769775,1.3877787807814457e-17,0.014357685106950369,0.036094856014648104,0.03609485601464812,0.057832026922345854
mixed_full_20,E_random_full_rank,YY,0.1897739190383028,0.18977391903830287,8.326672684688674e-17,0.10802058536204692,-0.08175333367625587,-0.08175333367625595,-0.27152725271455874
mixed_full_20,E_random_full_rank,YZ,0.23986190007729813,0.23986190007729818,5.551115123125783e-17,0.14361393035946246,-0.09624796971783565,-0.09624796971783572,-0.33610986979513385
mixed_full_20,E_random_full_rank,ZI,0.012869814757896664,0.012869814757896614,5.0306980803327406e-17,0.01286981475789667,5.204170427930421e-18,5.551115123125783e-17,-0.012869814757896609
mixed_full_20,E_random_full_rank,ZX,-0.19016615987093083,-0.19016615987093086,2.7755575615628914e-17,-0.16089852809932573,0.02926763177160509,0.02926763177160513,0.21943379164253596
mixed_full_20,E_random_full_rank,ZY,0.22501396552686032,0.22501396552686037,5.551115123125783e-17,0.16849420195618692,-0.05651976357067341,-0.056519763570673454,-0.28153372909753377
mixed_full_20,E_random_full_rank,ZZ,-0.24084179586612509,-0.24084179586612514,5.551115123125783e-17,-0.203979787506647,0.0368620083594781,0.03686200835947814,0.27770380422560326
mixed_full_21,E_random_full_rank,II,0.48573799745970525,0.48573799745970536,1.1102230246251565e-16,0.48573799745970525,4.336808689942018e-18,-1.1102230246251565e-16,-0.48573799745970536
mixed_full_21,E_random_full_rank,IX,-0.2557526849905106,-0.2557526849905107,5.551115123125783e-17,-0.2557526849905106,3.469446951953614e-18,5.551115123125783e-17,0.2557526849905107
mixed_full_21,E_random_full_rank,IY,0.044568325182773316,0.0445683251827733,1.3877787807814457e-17,0.044568325182773316,0.0,1.3877787807814457e-17,-0.0445683251827733
mixed_full_21,E_random_full_rank,IZ,-0.18798675580184177,-0.18798675580184182,5.551115123125783e-17,-0.18798675580184177,1.734723475976807e-18,5.551115123125783e-17,0.18798675580184182
mixed_full_21,E_random_full_rank,XI,-0.24139333697131177,-0.2413933369713118,2.7755575615628914e-17,-0.24139333697131177,6.938893903907228e-18,2.7755575615628914e-17,0.2413933369713118
mixed_full_21,E_random_full_rank,XX,0.16983015709409224,0.1698301570940923,5.551115123125783e-17,0.18115000165387607,0.011319844559783835,0.01131984455978377,-0.15851031253430847
mixed_full_21,E_random_full_rank,XY,-0.24534935039297123,-0.24534935039297123,0.0,-0.23051811730278554,0.014831233090185685,0.014831233090185691,0.2601805834831569
mixed_full_21,E_random_full_rank,XZ,0.24175994631484002,0.2417599463148401,8.326672684688674e-17,0.2309331029063973,-0.010826843408442725,-0.01082684340844281,-0.2525867897232828
mixed_full_21,E_random_full_rank,YI,0.03267078438260498,0.03267078438260497,6.938893903907228e-18,0.03267078438260497,-6.938893903907228e-18,0.0,-0.03267078438260498
mixed_full_21,E_random_full_rank,YX,0.13925351501314776,0.13925351501314784,8.326672684688674e-17,0.04196807416458909,-0.09728544084855867,-0.09728544084855875,-0.2365389558617065
mixed_full_21,E_random_full_rank,YY,-0.040939942156168384,-0.040939942156168405,2.0816681711721685e-17,-0.07603763936915775,-0.035097697212989366,-0.035097697212989346,0.005842244943179038
mixed_full_21,E_random_full_rank,YZ,-0.060138811441870076,-0.06013881144187008,6.938893903907228e-18,-0.0458742183467,0.014264593095170072,0.01426459309517008,0.07440340453704015
mixed_full_21,E_random_full_rank,ZI,0.038368969289574964,0.03836896928957495,1.3877787807814457e-17,0.038368969289574964,2.6020852139652106e-18,1.3877787807814457e-17,-0.03836896928957495
mixed_full_21,E_random_full_rank,ZX,-0.03146448272521337,-0.03146448272521339,2.0816681711721685e-17,0.012911454789385365,0.044375937514598736,0.04437593751459876,0.07584042023981213
mixed_full_21,E_random_full_rank,ZY,-0.1372204953666679,-0.13722049536666792,2.7755575615628914e-17,-0.10401002619530023,0.03321046917136766,0.03321046917136769,0.17043096453803558
mixed_full_21,E_random_full_rank,ZZ,-0.13929731679030108,-0.1392973167903011,2.7755575615628914e-17,-0.12504329172873838,0.014254025061562706,0.01425402506156273,0.1535513418518638
mixed_full_22,E_random_full_rank,II,0.4911357932842554,0.4911357932842555,1.1102230246251565e-16,0.4911357932842554,4.9873299934333204e-18,-1.1102230246251565e-16,-0.4911357932842555
mixed_full_22,E_random_full_rank,IX,-0.23789415688934337,-0.23789415688934334,2.7755575615628914e-17,-0.23789415688934337,0.0,-2.7755575615628914e-17,0.23789415688934334
mixed_full_22,E_random_full_rank,IY,-0.16204416005252587,-0.16204416005252587,0.0,-0.16204416005252587,-3.903127820947816e-18,0.0,0.16204416005252587
mixed_full_22,E_random_full_rank,IZ,-0.2109600416073827,-0.21096004160738274,5.551115123125783e-17,-0.2109600416073827,2.168404344971009e-18,5.551115123125783e-17,0.21096004160738274
mixed_full_22,E_random_full_rank,XI,0.11521107135057074,0.11521107135057074,0.0,0.11521107135057074,-6.938893903907228e-18,0.0,-0.11521107135057074
mixed_full_22,E_random_full_rank,XX,0.00853004203315545,0.008530042033155428,2.2551405187698492e-17,0.0015452114525817458,-0.006984830580573705,-0.006984830580573682,-0.015514872613729132
mixed_full_22,E_random_full_rank,XY,0.016292236210597326,0.016292236210597326,0.0,-0.004357947982002048,-0.020650184192599372,-0.020650184192599376,-0.0369424204031967
mixed_full_22,E_random_full_rank,XZ,-0.3162889758766077,-0.31628897587660776,5.551115123125783e-17,-0.2569611397604282,0.05932783611617948,0.05932783611617953,0.37561681199278724
mixed_full_22,E_random_full_rank,YI,-0.20009679036822164,-0.2000967903682217,5.551115123125783e-17,-0.20009679036822164,-3.144186300207963e-18,5.551115123125783e-17,0.2000967903682217
mixed_full_22,E_random_full_rank,YX,0.07639601618696928,0.07639601618696928,0.0,0.057616010524970625,-0.01878000566199866,-0.01878000566199866,-0.09517602184896795
mixed_full_22,E_random_full_rank,YY,0.29122213875300645,0.2912221387530065,5.551115123125783e-17,0.20871905105967736,-0.08250308769332909,-0.08250308769332915,-0.3737252264463356
mixed_full_22,E_random_full_rank,YZ,0.11219784242311201,0.11219784242311202,1.3877787807814457e-17,0.10891663295071038,-0.00328120947240162,-0.003281209472401639,-0.11547905189551365
mixed_full_22,E_random_full_rank,ZI,0.13177133477455286,0.1317713347745529,5.551115123125783e-17,0.13177133477455286,5.421010862427522e-18,-5.551115123125783e-17,-0.1317713347745529
mixed_full_22,E_random_full_rank,ZX,-0.28368941938605763,-0.2836894193860577,5.551115123125783e-17,-0.19763608007408978,0.08605333931196782,0.0860533393119679,0.36974275869802553
mixed_full_22,E_random_full_rank,ZY,0.024371549977319506,0.024371549977319502,3.469446951953614e-18,0.02338932731320439,-0.0009822226641151154,-0.0009822226641151115,-0.025353772641434617
mixed_full_22,E_random_full_rank,ZZ,-0.03573815385165679,-0.03573815385165678,6.938893903907228e-18,-0.02894083509815206,0.006797318753504729,0.0067973187535047205,0.04253547260516151
mixed_full_23,E_random_full_rank,II,0.49035466197729305,0.49035466197729305,0.0,0.49035466197729305,-1.0408340855860843e-17,0.0,-0.49035466197729305
mixed_full_23,E_random_full_rank,IX,-0.3080955744070576,-0.30809557440705765,5.551115123125783e-17,-0.3080955744070576,0.0,5.551115123125783e-17,0.30809557440705765
mixed_full_23,E_random_full_rank,IY,-0.02343299848305368,-0.023432998483053684,3.469446951953614e-18,-0.02343299848305368,0.0,3.469446951953614e-18,0.023432998483053684
mixed_full_23,E_random_full_rank,IZ,0.20516609210006015,0.2051660921000602,5.551115123125783e-17,0.20516609210006015,-1.214306433183765e-17,-5.551115123125783e-17,-0.2051660921000602
mixed_full_23,E_random_full_rank,XI,0.19803415151840764,0.19803415151840773,8.326672684688674e-17,0.19803415151840764,6.938893903907228e-18,-8.326672684688674e-17,-0.19803415151840773
mixed_full_23,E_random_full_rank,XX,-0.10337596278813685,-0.10337596278813685,0.0,-0.09255807657222834,0.010817886215908516,0.010817886215908512,0.11419384900404536
mixed_full_23,E_random_full_rank,XY,0.05693949778385364,0.05693949778385365,6.938893903907228e-18,0.042235890997320336,-0.014703606786533301,-0.014703606786533312,-0.07164310457038695
mixed_full_23,E_random_full_rank,XZ,0.33489044003630475,0.3348904400363048,5.551115123125783e-17,0.3242510251737075,-0.010639414862597257,-0.010639414862597285,-0.3455298548989021
mixed_full_23,E_random_full_rank,YI,0.07884234004492563,0.07884234004492564,1.3877787807814457e-17,0.07884234004492563,-1.734723475976807e-18,-1.3877787807814457e-17,-0.07884234004492564
mixed_full_23,E_random_full_rank,YX,-0.09768937039043507,-0.09768937039043508,1.3877787807814457e-17,-0.07211506191520228,0.025574308475232795,0.0255743084752328,0.12326367886566789
mixed_full_23,E_random_full_rank,YY,-0.11990863680461333,-0.11990863680461335,1.3877787807814457e-17,-0.09219430404748641,0.027714332757126925,0.02771433275712694,0.14762296956174026
mixed_full_23,E_random_full_rank,YZ,0.07256756551379617,0.07256756551379617,0.0,0.07064187228823136,-0.0019256932255648056,-0.001925693225564809,-0.07449325873936098
mixed_full_23,E_random_full_rank,ZI,-0.04992132879126085,-0.04992132879126085,0.0,-0.04992132879126085,3.469446951953614e-18,0.0,0.04992132879126085
mixed_full_23,E_random_full_rank,ZX,-0.06842289130055584,-0.06842289130055587,2.7755575615628914e-17,-0.008138429708066525,0.060284461592489326,0.06028446159248935,0.1287073528930452
mixed_full_23,E_random_full_rank,ZY,0.06433370427528576,0.06433370427528576,0.0,0.032755706417347194,-0.031577997857938564,-0.031577997857938564,-0.09591170213322432
mixed_full_23,E_random_full_rank,ZZ,-0.10531789739916653,-0.1053178973991665,2.7755575615628914e-17,-0.0942515756949581,0.01106632170420843,0.011066321704208404,0.11638421910337493
mixed_full_24,E_random_full_rank,II,0.46937350405321915,0.46937350405321926,1.1102230246251565e-16,0.46937350405321915,0.0,-1.1102230246251565e-16,-0.46937350405321926
mixed_full_24,E_random_full_rank,IX,-0.24061607654038136,-0.24061607654038147,1.1102230246251565e-16,-0.24061607654038136,3.469446951953614e-18,1.1102230246251565e-16,0.24061607654038147
mixed_full_24,E_random_full_rank,IY,0.18342207632495167,0.18342207632495167,0.0,0.18342207632495167,0.0,0.0,-0.18342207632495167
mixed_full_24,E_random_full_rank,IZ,0.10211170412189793,0.10211170412189796,2.7755575615628914e-17,0.10211170412189793,6.938893903907228e-18,-2.7755575615628914e-17,-0.10211170412189796
mixed_full_24,E_random_full_rank,XI,0.33497568220161167,0.3349756822016118,1.1102230246251565e-16,0.33497568220161167,1.734723475976807e-17,-1.1102230246251565e-16,-0.3349756822016118
mixed_full_24,E_random_full_rank,XX,-0.2234799863011396,-0.2234799863011397,8.326672684688674e-17,-0.21927485606257024,0.004205130238569372,0.004205130238569443,0.22768511653970905
mixed_full_24,E_random_full_rank,XY,0.2791463865515519,0.279146386551552,1.1102230246251565e-16,0.25319043925740425,-0.025955947294147644,-0.02595594729414774,-0.3051023338456996
mixed_full_24,E_random_full_rank,XZ,0.12934206101638912,0.12934206101638915,2.7755575615628914e-17,0.1293402927408655,-1.7682755236100856e-06,-1.76827552364478e-06,-0.12934382929191277
mixed_full_24,E_random_full_rank,YI,-0.010649889782909124,-0.01064988978290915,2.6020852139652106e-17,-0.010649889782909122,1.734723475976807e-18,2.7755575615628914e-17,0.010649889782909152
mixed_full_24,E_random_full_rank,YX,-0.15089630142230326,-0.15089630142230331,5.551115123125783e-17,-0.09379368459615195,0.05710261682615131,0.057102616826151364,0.20799891824845462
mixed_full_24,E_random_full_rank,YY,-0.06038522524153428,-0.060385225241534286,6.938893903907228e-18,-0.023181493013625144,0.03720373222790914,0.03720373222790914,0.09758895746944343
mixed_full_24,E_random_full_rank,YZ,-0.10406993983368709,-0.1040699398336871,1.3877787807814457e-17,-0.11020294767188371,-0.006133007838196612,-0.006133007838196605,0.0979369319954905
mixed_full_24,E_random_full_rank,ZI,0.015694463399228153,0.01569446339922817,1.734723475976807e-17,0.015694463399228156,3.469446951953614e-18,-1.3877787807814457e-17,-0.015694463399228167
mixed_full_24,E_random_full_rank,ZX,0.020246257744340454,0.020246257744340426,2.7755575615628914e-17,-0.02200986581070174,-0.04225612355504219,-0.042256123555042165,-0.06250238129938263
mixed_full_24,E_random_full_rank,ZY,0.051844327737374976,0.05184432773737499,1.3877787807814457e-17,0.0016800945043408243,-0.05016423323303415,-0.050164233233034164,-0.10200856097040914
mixed_full_24,E_random_full_rank,ZZ,-0.18194026260499116,-0.18194026260499124,8.326672684688674e-17,-0.13105420944998136,0.050886053155009804,0.05088605315500988,0.23282631576000104
mixed_full_25,E_random_full_rank,II,0.4885463264075695,0.48854632640756956,5.551115123125783e-17,0.4885463264075695,5.204170427930421e-18,-5.551115123125783e-17,-0.48854632640756956
mixed_full_25,E_random_full_rank,IX,-0.049983013735318146,-0.04998301373531815,6.938893903907228e-18,-0.049983013735318146,0.0,6.938893903907228e-18,0.04998301373531815
mixed_full_25,E_random_full_rank,IY,0.14572161986767615,0.1457216198676762,5.551115123125783e-17,0.14572161986767615,-6.938893903907228e-18,-5.551115123125783e-17,-0.1457216198676762
mixed_full_25,E_random_full_rank,IZ,0.04425322500904677,0.04425322500904677,0.0,0.04425322500904678,3.469446951953614e-18,6.938893903907228e-18,-0.04425322500904677
mixed_full_25,E_random_full_rank,XI,-0.0013940754729498675,-0.001394075472949877,9.540979117872439e-18,-0.0013940754729498683,-8.673617379884035e-19,8.673617379884035e-18,0.0013940754729498761
mixed_full_25,E_random_full_rank,XX,0.266990271573197,0.2669902715731971,1.1102230246251565e-16,0.13178355777387551,-0.1352067137993215,-0.1352067137993216,-0.4021969853725186
mixed_full_25,E_random_full_rank,XY,0.08611602073114406,0.08611602073114408,1.3877787807814457e-17,0.013572634955850512,-0.07254338577529355,-0.07254338577529357,-0.15865940650643762
mixed_full_25,E_random_full_rank,XZ,0.08413493078769266,0.08413493078769267,1.3877787807814457e-17,0.04590196040999289,-0.038232970377699765,-0.03823297037769978,-0.12236790116539244
mixed_full_25,E_random_full_rank,YI,0.004106159505708952,0.004106159505708952,0.0,0.004106159505708952,0.0,0.0,-0.004106159505708952
mixed_full_25,E_random_full_rank,YX,0.026958018691151525,0.026958018691151525,0.0,0.0027981078783221886,-0.024159910812829335,-0.02415991081282934,-0.05111792950398086
mixed_full_25,E_random_full_rank,YY,0.15293871194633607,0.1529387119463361,2.7755575615628914e-17,0.1566742525666314,0.003735540620295321,0.0037355406202952968,-0.14920317132604077
mixed_full_25,E_random_full_rank,YZ,-0.37681330631683635,-0.37681330631683646,1.1102230246251565e-16,-0.3083762193050025,0.06843708701183387,0.06843708701183399,0.44525039332867034
mixed_full_25,E_random_full_rank,ZI,-0.1176580626430244,-0.11765806264302445,4.163336342344337e-17,-0.11765806264302442,-1.0408340855860843e-17,2.7755575615628914e-17,0.11765806264302443
mixed_full_25,E_random_full_rank,ZX,0.14409822656436966,0.1440982265643697,5.551115123125783e-17,0.12142051570789754,-0.022677710856472133,-0.022677710856472175,-0.16677593742084185
mixed_full_25,E_random_full_rank,ZY,-0.34220447499481055,-0.34220447499481055,0.0,-0.2607638904852795,0.08144058450953104,0.08144058450953107,0.4236450595043416
mixed_full_25,E_random_full_rank,ZZ,0.008214090210871966,0.008214090210871966,0.0,0.04972961653003109,0.04151552631915913,0.04151552631915913,0.03330143610828716
mixed_full_26,E_random_full_rank,II,0.4159875088123225,0.4159875088123226,1.1102230246251565e-16,0.4159875088123225,1.734723475976807e-18,-1.1102230246251565e-16,-0.4159875088123226
mixed_full_26,E_random_full_rank,IX,-0.06670382956803551,-0.06670382956803551,0.0,-0.0667038295680355,1.0408340855860843e-17,1.3877787807814457e-17,0.06670382956803553
mixed_full_26,E_random_full_rank,IY,-0.12563911686223755,-0.1256391168622376,5.551115123125783e-17,-0.12563911686223755,8.673617379884035e-19,5.551115123125783e-17,0.1256391168622376
mixed_full_26,E_random_full_rank,IZ,-0.1554746786913672,-0.15547467869136722,2.7755575615628914e-17,-0.1554746786913672,3.469446951953614e-18,2.7755575615628914e-17,0.15547467869136722
mixed_full_26,E_random_full_rank,XI,0.208189295099319,0.20818929509931905,5.551115123125783e-17,0.208189295099319,-1.1709383462843448e-17,-5.551115123125783e-17,-0.20818929509931905
mixed_full_26,E_random_full_rank,XX,0.06673304450502088,0.0667330445050209,2.7755575615628914e-17,0.03913624516187107,-0.027596799343149805,-0.027596799343149833,-0.09432984384817071
mixed_full_26,E_random_full_rank,XY,-0.025980883717999073,-0.02598088371799909,1.734723475976807e-17,-0.06255332792667641,-0.036572444208677335,-0.03657244420867732,-0.010591560490678244
mixed_full_26,E_random_full_rank,XZ,-0.2225081603474691,-0.22250816034746912,2.7755575615628914e-17,-0.1837128794280652,0.038795280919403895,0.03879528091940393,0.261303441266873
mixed_full_26,E_random_full_rank,YI,0.030781406646026275,0.030781406646026285,1.0408340855860843e-17,0.030781406646026275,-8.673617379884035e-19,-1.0408340855860843e-17,-0.030781406646026285
mixed_full_26,E_random_full_rank,YX,0.006041386860444503,0.0060413868604445205,1.734723475976807e-17,0.02641532068917553,0.02037393382873103,0.02037393382873101,0.014332546968286508
mixed_full_26,E_random_full_rank,YY,-0.18804683640106848,-0.1880468364010685,2.7755575615628914e-17,-0.14614777154498093,0.04189906485608755,0.041899064856087576,0.22994590125715605
mixed_full_26,E_random_full_rank,YZ,-0.1315043354050142,-0.13150433540501424,5.551115123125783e-17,-0.12493029775722085,0.006574037647793345,0.006574037647793393,0.1380783730528076
mixed_full_26,E_random_full_rank,ZI,-0.03311949242323497,-0.03311949242323495,2.0816681711721685e-17,-0.03311949242323496,6.071532165918825e-18,-1.3877787807814457e-17,0.033119492423234954
mixed_full_26,E_random_full_rank,ZX,0.17789146294845887,0.17789146294845887,0.0,0.13652460732955002,-0.041366855618908835,-0.04136685561890885,-0.21925831856736772
mixed_full_26,E_random_full_rank,ZY,-0.07609501015253717,-0.0760950101525372,2.7755575615628914e-17,-0.06286673420364502,0.013228275948892148,0.01322827594889217,0.08932328610142934
mixed_full_26,E_random_full_rank,ZZ,0.055992278398058884,0.055992278398058884,0.0,0.03431553694398458,-0.021676741454074302,-0.021676741454074305,-0.07766901985213319
mixed_full_27,E_random_full_rank,II,0.4881213064885046,0.4881213064885047,1.1102230246251565e-16,0.4881213064885046,0.0,-1.1102230246251565e-16,-0.4881213064885047
mixed_full_27,E_random_full_rank,IX,-0.29606037151797365,-0.29606037151797365,0.0,-0.29606037151797365,-2.6020852139652106e-18,0.0,0.29606037151797365
mixed_full_27,E_random_full_rank,IY,-0.1487076140000713,-0.14870761400007132,2.7755575615628914e-17,-0.1487076140000713,1.214306433183765e-17,2.7755575615628914e-17,0.14870761400007132
mixed_full_27,E_random_full_rank,IZ,-0.16900269741783613,-0.1690026974178362,5.551115123125783e-17,-0.16900269741783613,0.0,5.551115123125783e-17,0.1690026974178362
mixed_full_27,E_random_full_rank,XI,0.19876330457806932,0.1987633045780694,8.326672684688674e-17,0.19876330457806932,8.673617379884035e-18,-8.326672684688674e-17,-0.1987633045780694
mixed_full_27,E_random_full_rank,XX,-0.2223305832174653,-0.22233058321746532,2.7755575615628914e-17,-0.21909761223430593,0.0032329709831593473,0.003232970983159389,0.22556355420062468
mixed_full_27,E_random_full_rank,XY,-0.04600436330983023,-0.046004363309830223,6.938893903907228e-18,-0.04109353726128294,0.004910826048547291,0.004910826048547284,0.050915189358377515
mixed_full_27,E_random_full_rank,XZ,-0.09886031556276034,-0.09886031556276034,0.0,-0.05786285584980467,0.04099745971295567,0.040997459712955674,0.13985777527571602
mixed_full_27,E_random_full_rank,YI,-0.21247354575224647,-0.2124735457522465,2.7755575615628914e-17,-0.21247354575224647,-3.469446951953614e-18,2.7755575615628914e-17,0.2124735457522465
mixed_full_27,E_random_full_rank,YX,0.15626453565633266,0.1562645356563327,2.7755575615628914e-17,0.14688952737980712,-0.009375008276525546,-0.00937500827652557,-0.16563954393285824
mixed_full_27,E_random_full_rank,YY,0.19206731659332402,0.19206731659332407,5.551115123125783e-17,0.19819887217862342,0.00613155558529941,0.0061315555852993475,-0.18593576100802467
mixed_full_27,E_random_full_rank,YZ,-0.04286146175902432,-0.042861461759024375,5.551115123125783e-17,0.02766178670187394,0.07052324846089826,0.07052324846089832,0.11338471021992264
mixed_full_27,E_random_full_rank,ZI,-0.013733141888750602,-0.013733141888750605,3.469446951953614e-18,-0.013733141888750605,-3.469446951953614e-18,0.0,0.013733141888750602
mixed_full_27,E_random_full_rank,ZX,-0.04064484318186111,-0.04064484318186111,0.0,-0.0325988848614298,0.00804595832043131,0.008045958320431312,0.04869080150229242
mixed_full_27,E_random_full_rank,ZY,0.21762396981693777,0.21762396981693782,5.551115123125783e-17,0.20587759816907952,-0.011746371647858259,-0.0117463716478583,-0.22937034146479607
mixed_full_27,E_random_full_rank,ZZ,0.03117606519467208,0.0311760651946721,2.0816681711721685e-17,-0.02263489737158511,-0.05381096256625719,-0.05381096256625721,-0.08498702776092928
mixed_full_28,E_random_full_rank,II,0.4114809937924633,0.4114809937924634,1.1102230246251565e-16,0.4114809937924633,0.0,-1.1102230246251565e-16,-0.4114809937924634
mixed_full_28,E_random_full_rank,IX,0.17328750036065196,0.17328750036065202,5.551115123125783e-17,0.17328750036065196,3.469446951953614e-18,-5.551115123125783e-17,-0.17328750036065202
mixed_full_28,E_random_full_rank,IY,-0.1645194142897482,-0.16451941428974823,2.7755575615628914e-17,-0.1645194142897482,3.469446951953614e-18,2.7755575615628914e-17,0.16451941428974823
mixed_full_28,E_random_full_rank,IZ,0.08056318815715055,0.08056318815715059,4.163336342344337e-17,0.08056318815715055,-2.6020852139652106e-18,-4.163336342344337e-17,-0.08056318815715059
mixed_full_28,E_random_full_rank,XI,0.012057918039897903,0.012057918039897919,1.5612511283791264e-17,0.012057918039897902,-1.734723475976807e-18,-1.734723475976807e-17,-0.01205791803989792
mixed_full_28,E_random_full_rank,XX,0.012805700659532702,0.01280570065953271,6.938893903907228e-18,-0.017222325111598158,-0.03002802577113086,-0.030028025771130867,-0.04283372643066357
mixed_full_28,E_random_full_rank,XY,-0.0458210364991455,-0.04582103649914549,6.938893903907228e-18,-0.035328304779286196,0.010492731719859299,0.010492731719859295,0.05631376821900479
mixed_full_28,E_random_full_rank,XZ,0.18449685916666153,0.18449685916666153,0.0,0.15439642028088135,-0.030100438885780165,-0.03010043888578018,-0.2145972980524417
mixed_full_28,E_random_full_rank,YI,0.15970781350293983,0.15970781350293986,2.7755575615628914e-17,0.15970781350293983,4.7704895589362195e-18,-2.7755575615628914e-17,-0.15970781350293986
mixed_full_28,E_random_full_rank,YX,0.09418060844176498,0.09418060844176498,0.0,0.09295999262002724,-0.0012206158217377382,-0.0012206158217377416,-0.09540122426350273
mixed_full_28,E_random_full_rank,YY,-0.21865517867174045,-0.2186551786717405,5.551115123125783e-17,-0.19230548650658624,0.02634969216515421,0.02634969216515426,0.2450048708368947
mixed_full_28,E_random_full_rank,YZ,-0.08695451136781698,-0.086954511367817,1.3877787807814457e-17,-0.08004718724966922,0.006907324118147764,0.006907324118147776,0.09386183548596476
mixed_full_28,E_random_full_rank,ZI,0.07932489471808694,0.07932489471808699,4.163336342344337e-17,0.07932489471808694,5.204170427930421e-18,-4.163336342344337e-17,-0.07932489471808699
mixed_full_28,E_random_full_rank,ZX,-0.11564809371295456,-0.11564809371295458,1.3877787807814457e-17,-0.054832649617342494,0.06081544409561207,0.060815444095612084,0.17646353780856666
mixed_full_28,E_random_full_rank,ZY,-0.05991115785638622,-0.05991115785638623,1.3877787807814457e-17,-0.045633649048735535,0.014277508807650682,0.014277508807650698,0.07418866666403691
mixed_full_28,E_random_full_rank,ZZ,0.08850844353202654,0.08850844353202653,1.3877787807814457e-17,0.09499631348523226,0.0064878699532057126,0.00648786995320573,-0.08202057357882081
mixed_full_29,E_random_full_rank,II,0.3701301411801552,0.3701301411801552,0.0,0.3701301411801552,-1.734723475976807e-18,0.0,-0.3701301411801552
mixed_full_29,E_random_full_rank,IX,-0.07500018899560337,-0.0750001889956034,2.7755575615628914e-17,-0.07500018899560337,-1.734723475976807e-18,2.7755575615628914e-17,0.0750001889956034
mixed_full_29,E_random_full_rank,IY,-0.11413132288668615,-0.11413132288668615,0.0,-0.11413132288668615,6.938893903907228e-18,0.0,0.11413132288668615
mixed_full_29,E_random_full_rank,IZ,0.05101919331578409,0.051019193315784084,6.938893903907228e-18,0.051019193315784084,-6.938893903907228e-18,0.0,-0.05101919331578409
mixed_full_29,E_random_full_rank,XI,-0.0010853451118724884,-0.0010853451118724919,3.469446951953614e-18,-0.0010853451118724919,-3.469446951953614e-18,0.0,0.0010853451118724884
mixed_full_29,E_random_full_rank,XX,0.14489205222319249,0.14489205222319254,5.551115123125783e-17,0.13471637621059607,-0.010175676012596415,-0.010175676012596474,-0.15506772823578896
mixed_full_29,E_random_full_rank,XY,0.035985176586355444,0.035985176586355444,0.0,0.02330488145786606,-0.012680295128489387,-0.012680295128489383,-0.04866547171484483
mixed_full_29,E_random_full_rank,XZ,0.2236377186637912,0.22363771866379126,5.551115123125783e-17,0.2129142073219807,-0.010723511341810522,-0.010723511341810571,-0.23436123000560177
mixed_full_29,E_random_full_rank,YI,-0.050400105655665786,-0.05040010565566579,6.938893903907228e-18,-0.050400105655665786,1.734723475976807e-18,6.938893903907228e-18,0.05040010565566579
mixed_full_29,E_random_full_rank,YX,-0.12610030200042285,-0.12610030200042285,0.0,-0.10344957642019456,0.022650725580228286,0.022650725580228293,0.14875102758065115
mixed_full_29,E_random_full_rank,YY,0.07197713588465028,0.07197713588465031,2.7755575615628914e-17,0.05896574693115789,-0.013011388953492388,-0.013011388953492416,-0.0849885248381427
mixed_full_29,E_random_full_rank,YZ,0.06307473411242524,0.06307473411242526,1.3877787807814457e-17,0.05014113857175706,-0.01293359554066818,-0.012933595540668197,-0.07600832965309344
mixed_full_29,E_random_full_rank,ZI,0.031198323469744244,0.031198323469744257,1.3877787807814457e-17,0.031198323469744244,0.0,-1.3877787807814457e-17,-0.031198323469744257
mixed_full_29,E_random_full_rank,ZX,0.0037644330349893423,0.0037644330349893146,2.7755575615628914e-17,-0.011867655651153643,-0.015632088686142985,-0.015632088686142957,-0.0193965217211323
mixed_full_29,E_random_full_rank,ZY,0.10180577020623968,0.1018057702062397,1.3877787807814457e-17,0.03649846055088019,-0.06530730965535948,-0.0653073096553595,-0.16711307986159918
mixed_full_29,E_random_full_rank,ZZ,-0.06415824109505647,-0.06415824109505648,1.3877787807814457e-17,-0.046937857058693445,0.017220384036363022,0.017220384036363036,0.0813786251314195
mixed_full_30,E_random_full_rank,II,0.4405839627260934,0.4405839627260935,1.1102230246251565e-16,0.4405839627260934,-1.0408340855860843e-17,-1.1102230246251565e-16,-0.4405839627260935
mixed_full_30,E_random_full_rank,IX,0.114440794974107,0.11444079497410697,2.7755575615628914e-17,0.11444079497410699,-6.938893903907228e-18,1.3877787807814457e-17,-0.11444079497410697
mixed_full_30,E_random_full_rank,IY,-0.0819551426979766,-0.08195514269797662,1.3877787807814457e-17,-0.0819551426979766,-8.673617379884035e-19,1.3877787807814457e-17,0.08195514269797662
mixed_full_30,E_random_full_rank,IZ,-0.06694449994861038,-0.0669444999486104,2.7755575615628914e-17,-0.06694449994861038,-5.204170427930421e-18,2.7755575615628914e-17,0.0669444999486104
mixed_full_30,E_random_full_rank,XI,0.10120139230002652,0.10120139230002655,2.7755575615628914e-17,0.10120139230002652,5.204170427930421e-18,-2.7755575615628914e-17,-0.10120139230002655
mixed_full_30,E_random_full_rank,XX,-0.03210143394939363,-0.03210143394939362,1.3877787807814457e-17,-0.04210567566063413,-0.010004241711240498,-0.010004241711240515,0.02209719223815312
mixed_full_30,E_random_full_rank,XY,-0.07204719975332084,-0.07204719975332087,2.7755575615628914e-17,-0.041067057463805665,0.030980142289515178,0.030980142289515206,0.10302734204283605
mixed_full_30,E_random_full_rank,XZ,-0.18685609276948695,-0.18685609276948703,8.326672684688674e-17,-0.11555708013300939,0.07129901263647757,0.07129901263647764,0.2581551054059646
mixed_full_30,E_random_full_rank,YI,0.1303943943581301,0.13039439435813016,5.551115123125783e-17,0.1303943943581301,2.168404344971009e-18,-5.551115123125783e-17,-0.13039439435813016
mixed_full_30,E_random_full_rank,YX,0.09305591613620859,0.0930559161362086,1.3877787807814457e-17,0.10082752956550615,0.007771613429297572,0.0077716134292975525,-0.08528430270691104
mixed_full_30,E_random_full_rank,YY,-0.1855333677905318,-0.18553336779053187,5.551115123125783e-17,-0.1245714592990247,0.06096190849150712,0.060961908491507164,0.246495276282039
mixed_full_30,E_random_full_rank,YZ,0.07020191678843413,0.07020191678843414,1.3877787807814457e-17,0.047281379337268295,-0.022920537451165835,-0.022920537451165846,-0.09312245423959997
mixed_full_30,E_random_full_rank,ZI,0.0659717206870781,0.0659717206870781,0.0,0.0659717206870781,5.204170427930421e-18,0.0,-0.0659717206870781
mixed_full_30,E_random_full_rank,ZX,0.35456488491826593,0.354564884918266,5.551115123125783e-17,0.3273404500775467,-0.027224434840719215,-0.02722443484071929,-0.3817893197589852
mixed_full_30,E_random_full_rank,ZY,-0.012630872794162716,-0.01263087279416272,3.469446951953614e-18,-0.020609662027614065,-0.007978789233451349,-0.007978789233451345,0.004652083560711371
mixed_full_30,E_random_full_rank,ZZ,0.03635534686607753,0.03635534686607754,6.938893903907228e-18,0.05580188933481578,0.019446542468738247,0.01944654246873824,-0.016908804397339293
mixed_full_31,E_random_full_rank,II,0.44758575497112396,0.4475857549711241,1.1102230246251565e-16,0.44758575497112396,-3.469446951953614e-18,-1.1102230246251565e-16,-0.4475857549711241
mixed_full_31,E_random_full_rank,IX,-0.03365002353733977,-0.03365002353733978,6.938893903907228e-18,-0.03365002353733977,1.734723475976807e-18,6.938893903907228e-18,0.03365002353733978
mixed_full_31,E_random_full_rank,IY,0.1584112370509795,0.15841123705097956,5.551115123125783e-17,0.1584112370509795,-6.938893903907228e-18,-5.551115123125783e-17,-0.15841123705097956
mixed_full_31,E_random_full_rank,IZ,0.16020555370505773,0.1602055537050577,2.7755575615628914e-17,0.16020555370505773,-6.938893903907228e-18,2.7755575615628914e-17,-0.1602055537050577
mixed_full_31,E_random_full_rank,XI,0.06511161823984299,0.065111618239843,1.3877787807814457e-17,0.06511161823984299,-5.421010862427522e-18,-1.3877787807814457e-17,-0.065111618239843
mixed_full_31,E_random_full_rank,XX,-0.01835850843364422,-0.018358508433644227,6.938893903907228e-18,-0.031433890039161576,-0.013075381605517357,-0.013075381605517349,0.00528312682812687
mixed_full_31,E_random_full_rank,XY,0.20556660229347906,0.20556660229347912,5.551115123125783e-17,0.14020333491941436,-0.0653632673740647,-0.06536326737406475,-0.27092986966754384
mixed_full_31,E_random_full_rank,XZ,-0.13781933611900238,-0.13781933611900238,0.0,-0.07650314752431192,0.06131618859469044,0.06131618859469046,0.19913552471369284
mixed_full_31,E_random_full_rank,YI,0.06949807105406222,0.06949807105406224,1.3877787807814457e-17,0.06949807105406222,-1.734723475976807e-18,-1.3877787807814457e-17,-0.06949807105406224
mixed_full_31,E_random_full_rank,YX,0.2997542649724665,0.29975426497246654,5.551115123125783e-17,0.23908504782836118,-0.060669217144105336,-0.060669217144105364,-0.3604234821165719
mixed_full_31,E_random_full_rank,YY,0.03307660252242865,0.03307660252242865,0.0,0.04012655055959251,0.007049948037163854,0.007049948037163856,-0.026026654485264797
mixed_full_31,E_random_full_rank,YZ,0.07368545353837835,0.07368545353837835,0.0,0.09792500504132497,0.024239551502946613,0.024239551502946613,-0.04944590203543174
mixed_full_31,E_random_full_rank,ZI,0.1368339760543413,0.13683397605434128,2.7755575615628914e-17,0.1368339760543413,-1.0408340855860843e-17,2.7755575615628914e-17,-0.13683397605434128
mixed_full_31,E_random_full_rank,ZX,0.0377578515374641,0.03775785153746412,1.3877787807814457e-17,0.05970830965775853,0.021950458120294426,0.021950458120294412,-0.01580739341716969
mixed_full_31,E_random_full_rank,ZY,0.18793270940603352,0.18793270940603357,5.551115123125783e-17,0.1445979813007075,-0.043334728105326,-0.04333472810532607,-0.23126743751135959
mixed_full_31,E_random_full_rank,ZZ,0.23620212935056734,0.23620212935056742,8.326672684688674e-17,0.17052266093105892,-0.0656794684195084,-0.0656794684195085,-0.30188159777007584
mixed_full_32,E_random_full_rank,II,0.4634492305369423,0.4634492305369424,1.1102230246251565e-16,0.4634492305369423,-1.734723475976807e-18,-1.1102230246251565e-16,-0.4634492305369424
mixed_full_32,E_random_full_rank,IX,0.19658598792589246,0.1965859879258925,2.7755575615628914e-17,0.19658598792589246,3.469446951953614e-18,-2.7755575615628914e-17,-0.1965859879258925
mixed_full_32,E_random_full_rank,IY,-0.03052929342803406,-0.030529293428034066,6.938893903907228e-18,-0.03052929342803406,0.0,6.938893903907228e-18,0.030529293428034066
mixed_full_32,E_random_full_rank,IZ,0.15196891198830595,0.151968911988306,5.551115123125783e-17,0.15196891198830595,-6.938893903907228e-18,-5.551115123125783e-17,-0.151968911988306
mixed_full_32,E_random_full_rank,XI,-0.22779948707185244,-0.2277994870718525,5.551115123125783e-17,-0.22779948707185244,1.734723475976807e-18,5.551115123125783e-17,0.2277994870718525
mixed_full_32,E_random_full_rank,XX,-0.32003270228246394,-0.32003270228246394,0.0,-0.28273794982011025,0.037294752462353684,0.0372947524623537,0.35732745474481764
mixed_full_32,E_random_full_rank,XY,0.0571751583206483,0.0571751583206483,0.0,0.0728246098951224,0.015649451574474102,0.015649451574474102,-0.0415257067461742
mixed_full_32,E_random_full_rank,XZ,0.011189512070760355,0.011189512070760375,2.0816681711721685e-17,-0.007485103681227644,-0.018674615751987998,-0.01867461575198802,-0.029864127822748374
mixed_full_32,E_random_full_rank,YI,-0.080801562775588,-0.08080156277558805,4.163336342344337e-17,-0.080801562775588,-5.204170427930421e-18,4.163336342344337e-17,0.08080156277558805
mixed_full_32,E_random_full_rank,YX,-0.0488404098341032,-0.048840409834103204,6.938893903907228e-18,-0.06856103538406554,-0.019720625549962338,-0.01972062554996233,0.029119784284140866
mixed_full_32,E_random_full_rank,YY,0.1798896629331815,0.17988966293318154,2.7755575615628914e-17,0.08111272806357714,-0.09877693486960437,-0.0987769348696044,-0.2786665978027859
mixed_full_32,E_random_full_rank,YZ,-0.11172246769214245,-0.11172246769214247,2.7755575615628914e-17,-0.06602663700490626,0.045695830687236184,0.04569583068723622,0.15741829837937865
mixed_full_32,E_random_full_rank,ZI,0.21512476443456838,0.21512476443456843,5.551115123125783e-17,0.21512476443456838,-8.673617379884035e-18,-5.551115123125783e-17,-0.21512476443456843
mixed_full_32,E_random_full_rank,ZX,0.0973451711637045,0.09734517116370452,1.3877787807814457e-17,0.085836146516995,-0.011509024646709502,-0.011509024646709512,-0.10885419581041401
mixed_full_32,E_random_full_rank,ZY,0.09751506330481596,0.09751506330481599,2.7755575615628914e-17,0.06576033090409289,-0.031754732400723074,-0.0317547324007231,-0.12926979570553906
mixed_full_32,E_random_full_rank,ZZ,0.25030606747771333,0.2503060674777134,5.551115123125783e-17,0.21782222961634728,-0.03248383786136602,-0.032483837861366105,-0.28278990533907944
mixed_full_33,E_random_full_rank,II,0.4228037865119123,0.4228037865119124,1.1102230246251565e-16,0.4228037865119123,-1.734723475976807e-18,-1.1102230246251565e-16,-0.4228037865119124
mixed_full_33,E_random_full_rank,IX,0.16297724961996987,0.1629772496199699,2.7755575615628914e-17,0.16297724961996987,0.0,-2.7755575615628914e-17,-0.1629772496199699
mixed_full_33,E_random_full_rank,IY,0.0597288518464112,0.059728851846411204,6.938893903907228e-18,0.0597288518464112,-1.734723475976807e-18,-6.938893903907228e-18,-0.059728851846411204
mixed_full_33,E_random_full_rank,IZ,-0.049038021170970295,-0.049038021170970274,2.0816681711721685e-17,-0.0490380211709703,-3.469446951953614e-18,-2.7755575615628914e-17,0.04903802117097027
mixed_full_33,E_random_full_rank,XI,-0.08769020696729542,-0.08769020696729543,1.3877787807814457e-17,-0.08769020696729542,-2.439454888092385e-18,1.3877787807814457e-17,0.08769020696729543
mixed_full_33,E_random_full_rank,XX,-0.00021270052184570176,-0.0002127005218456931,8.673617379884035e-18,-0.042915488777417486,-0.042702788255571784,-0.04270278825557179,-0.04249008773372609
mixed_full_33,E_random_full_rank,XY,-0.1190652125341299,-0.11906521253412991,1.3877787807814457e-17,-0.03708165398610909,0.08198355854802081,0.08198355854802082,0.20104877108215072
mixed_full_33,E_random_full_rank,XZ,-0.07116284363192552,-0.07116284363192552,0.0,-0.05660461688879749,0.014558226743128025,0.014558226743128025,0.08572107037505354
mixed_full_33,E_random_full_rank,YI,-0.11362936721200895,-0.11362936721200892,2.7755575615628914e-17,-0.11362936721200895,-1.2197274440461925e-18,-2.7755575615628914e-17,0.11362936721200892
mixed_full_33,E_random_full_rank,YX,-0.05652623277852892,-0.056526232778528925,6.938893903907228e-18,-0.06111606844273963,-0.004589835664210717,-0.004589835664210708,0.05193639711431821
mixed_full_33,E_random_full_rank,YY,-0.09197054505820026,-0.09197054505820032,5.551115123125783e-17,-0.07840366253725209,0.013566882520948176,0.013566882520948231,0.1055374275791485
mixed_full_33,E_random_full_rank,YZ,0.30868058206899196,0.308680582068992,5.551115123125783e-17,0.30290211480642215,-0.005778467262569784,-0.005778467262569864,-0.3144590493315618
mixed_full_33,E_random_full_rank,ZI,0.1675069064934824,0.16750690649348246,5.551115123125783e-17,0.1675069064934824,-5.204170427930421e-18,-5.551115123125783e-17,-0.16750690649348246
mixed_full_33,E_random_full_rank,ZX,0.19128656565825544,0.19128656565825547,2.7755575615628914e-17,0.16267484270439023,-0.028611722953865215,-0.028611722953865243,-0.21989828861212068
mixed_full_33,E_random_full_rank,ZY,0.04884581257860551,0.04884581257860553,1.3877787807814457e-17,0.067807156682257,0.01896134410365148,0.018961344103651467,-0.029884468474954046
mixed_full_33,E_random_full_rank,ZZ,0.03506009324727568,0.03506009324727567,6.938893903907228e-18,0.03595698170117641,0.0008968884539007297,0.0008968884539007349,-0.034163204793374945
mixed_full_34,E_random_full_rank,II,0.4413718147340699,0.44137181473406994,5.551115123125783e-17,0.4413718147340699,-8.239936510889834e-18,-5.551115123125783e-17,-0.44137181473406994
mixed_full_34,E_random_full_rank,IX,0.12199306262417389,0.1219930626241739,1.3877787807814457e-17,0.12199306262417389,1.734723475976807e-18,-1.3877787807814457e-17,-0.1219930626241739
mixed_full_34,E_random_full_rank,IY,0.08269212926638755,0.08269212926638758,2.7755575615628914e-17,0.08269212926638755,6.938893903907228e-18,-2.7755575615628914e-17,-0.08269212926638758
mixed_full_34,E_random_full_rank,IZ,-0.024034829152932643,-0.024034829152932674,3.122502256758253e-17,-0.024034829152932646,-4.336808689942018e-18,2.7755575615628914e-17,0.02403482915293267
mixed_full_34,E_random_full_rank,XI,0.0036255465162218703,0.0036255465162218573,1.3010426069826053e-17,0.003625546516221864,-6.071532165918825e-18,6.938893903907228e-18,-0.0036255465162218633
mixed_full_34,E_random_full_rank,XX,0.061710923795011835,0.06171092379501185,1.3877787807814457e-17,0.0720259485634922,0.010315024768480372,0.010315024768480355,-0.05139589902653148
mixed_full_34,E_random_full_rank,XY,0.07607318138548128,0.07607318138548128,0.0,0.06075725861500096,-0.01531592277048031,-0.015315922770480314,-0.09138910415596159
mixed_full_34,E_random_full_rank,XZ,-0.11502408503584825,-0.11502408503584825,0.0,-0.09611393514681232,0.018910149889035926,0.01891014988903593,0.13393423492488418
mixed_full_34,E_random_full_rank,YI,-0.2192658890965644,-0.21926588909656447,8.326672684688674e-17,-0.2192658890965644,-1.734723475976807e-18,8.326672684688674e-17,0.21926588909656447
mixed_full_34,E_random_full_rank,YX,-0.19440951509560148,-0.1944095150956015,2.7755575615628914e-17,-0.18082197303654718,0.0135875420590543,0.013587542059054325,0.2079970571546558
mixed_full_34,E_random_full_rank,YY,-0.012066221277538945,-0.012066221277538935,1.0408340855860843e-17,-0.05696247276904166,-0.04489625149150271,-0.044896251491502726,-0.03283003021396377
mixed_full_34,E_random_full_rank,YZ,0.08244824653506005,0.08244824653506004,1.3877787807814457e-17,0.06337890057469414,-0.019069345960365913,-0.0190693459603659,-0.10151759249542595
mixed_full_34,E_random_full_rank,ZI,-0.04807552569204505,-0.04807552569204501,3.469446951953614e-17,-0.048075525692045054,-7.37257477290143e-18,-4.163336342344337e-17,0.048075525692045006
mixed_full_34,E_random_full_rank,ZX,-0.2830245176999223,-0.28302451769992243,1.1102230246251565e-16,-0.28051592787259383,0.0025085898273284673,0.0025085898273286,0.2855331075272509
mixed_full_34,E_random_full_rank,ZY,-0.13098313716547139,-0.13098313716547144,5.551115123125783e-17,-0.11058660287441185,0.020396534291059535,0.020396534291059587,0.15137967145653097
mixed_full_34,E_random_full_rank,ZZ,0.04751737865626755,0.047517378656267525,2.7755575615628914e-17,0.06289984224303836,0.015382463586770813,0.01538246358677084,-0.032134915069496714
mixed_full_35,E_random_full_rank,II,0.6274059361342864,0.6274059361342865,1.1102230246251565e-16,0.6274059361342864,1.3877787807814457e-17,-1.1102230246251565e-16,-0.6274059361342865
mixed_full_35,E_random_full_rank,IX,0.34504806750523076,0.34504806750523076,0.0,0.34504806750523076,6.938893903907228e-18,0.0,-0.34504806750523076
mixed_full_35,E_random_full_rank,IY,0.44953373443421873,0.4495337344342188,5.551115123125783e-17,0.44953373443421873,-3.469446951953614e-18,-5.551115123125783e-17,-0.4495337344342188
mixed_full_35,E_random_full_rank,IZ,-0.11036689140001751,-0.11036689140001749,2.7755575615628914e-17,-0.11036689140001751,-6.938893903907228e-18,-2.7755575615628914e-17,0.11036689140001749
mixed_full_35,E_random_full_rank,XI,0.42918241682590014,0.42918241682590025,1.1102230246251565e-16,0.42918241682590014,8.673617379884035e-18,-1.1102230246251565e-16,-0.42918241682590025
mixed_full_35,E_random_full_rank,XX,0.19646945781412117,0.1964694578141212,2.7755575615628914e-17,0.19829791763861804,0.0018284598244968603,0.0018284598244968364,-0.19464099798962434
mixed_full_35,E_random_full_rank,XY,0.39536426321247625,0.3953642632124763,5.551115123125783e-17,0.39396108552030074,-0.0014031776921755272,-0.0014031776921755723,-0.3967674409046518
mixed_full_35,E_random_full_rank,XZ,-0.1628084574394754,-0.16280845743947542,2.7755575615628914e-17,-0.1288172701195855,0.03399118731988989,0.033991187319889926,0.19679964475936532
mixed_full_35,E_random_full_rank,YI,0.24641280360418444,0.2464128036041845,5.551115123125783e-17,0.24641280360418444,-1.734723475976807e-18,-5.551115123125783e-17,-0.2464128036041845
mixed_full_35,E_random_full_rank,YX,0.2542568284971748,0.2542568284971748,0.0,0.2263411094593744,-0.027915719037800366,-0.02791571903780038,-0.28217254753497517
mixed_full_35,E_random_full_rank,YY,0.10997088337045695,0.10997088337045702,6.938893903907228e-17,0.13053328956428772,0.020562406193830773,0.020562406193830707,-0.08940847717662624
mixed_full_35,E_random_full_rank,YZ,-0.0538605744410539,-0.05386057444105391,6.938893903907228e-18,-0.024593751155031155,0.029266823286022748,0.029266823286022755,0.08312739772707665
mixed_full_35,E_random_full_rank,ZI,0.29179899876531207,0.29179899876531223,1.6653345369377348e-16,0.29179899876531207,1.0408340855860843e-17,-1.6653345369377348e-16,-0.29179899876531223
mixed_full_35,E_random_full_rank,ZX,0.1712040099766356,0.17120400997663565,5.551115123125783e-17,0.17872217259295975,0.007518162616324164,0.007518162616324098,-0.1636858473603115
mixed_full_35,E_random_full_rank,ZY,0.26059444972065493,0.260594449720655,5.551115123125783e-17,0.2292979978932348,-0.03129645182742012,-0.03129645182742019,-0.2918909015480751
mixed_full_35,E_random_full_rank,ZZ,0.057013869013982414,0.057013869013982456,4.163336342344337e-17,-0.021510250236178384,-0.0785241192501608,-0.07852411925016084,-0.13553798826414326
mixed_full_36,E_random_full_rank,II,0.42967147640690445,0.42967147640690456,1.1102230246251565e-16,0.42967147640690445,-3.2526065174565133e-18,-1.1102230246251565e-16,-0.42967147640690456
mixed_full_36,E_random_full_rank,IX,-0.17882479674754886,-0.17882479674754886,0.0,-0.17882479674754886,-3.469446951953614e-18,0.0,0.17882479674754886
mixed_full_36,E_random_full_rank,IY,-0.09140293678225642,-0.09140293678225643,1.3877787807814457e-17,-0.09140293678225642,-1.951563910473908e-18,1.3877787807814457e-17,0.09140293678225643
mixed_full_36,E_random_full_rank,IZ,0.21912910126800558,0.21912910126800564,5.551115123125783e-17,0.21912910126800558,-6.505213034913027e-19,-5.551115123125783e-17,-0.21912910126800564
mixed_full_36,E_random_full_rank,XI,-0.11444277212786703,-0.11444277212786702,1.3877787807814457e-17,-0.11444277212786702,8.023096076392733e-18,0.0,0.11444277212786703
mixed_full_36,E_random_full_rank,XX,0.009617883239527128,0.009617883239527114,1.3877787807814457e-17,0.036088819108183165,0.026470935868656037,0.02647093586865605,0.016853052629128923
mixed_full_36,E_random_full_rank,XY,0.027852243996601366,0.027852243996601377,1.0408340855860843e-17,-0.004836195213585689,-0.032688439210187055,-0.03268843921018706,-0.06054068320678843
mixed_full_36,E_random_full_rank,XZ,-0.007836086616575009,-0.007836086616575005,3.469446951953614e-18,-0.038461572139115524,-0.030625485522540515,-0.03062548552254052,-0.02278939890596551
mixed_full_36,E_random_full_rank,YI,0.22272510562126552,0.22272510562126555,2.7755575615628914e-17,0.22272510562126552,1.3010426069826053e-18,-2.7755575615628914e-17,-0.22272510562126555
mixed_full_36,E_random_full_rank,YX,-0.07527046740463093,-0.07527046740463098,4.163336342344337e-17,-0.07458549894509053,0.0006849684595403964,0.0006849684595404415,0.07595543586417138
mixed_full_36,E_random_full_rank,YY,-0.14468485465229175,-0.14468485465229178,2.7755575615628914e-17,-0.14440110488643404,0.00028374976585772427,0.00028374976585773815,0.14496860441814952
mixed_full_36,E_random_full_rank,YZ,0.17839785455378093,0.17839785455378096,2.7755575615628914e-17,0.18204203931675605,0.0036441847629751106,0.0036441847629750945,-0.17475366979080584
mixed_full_36,E_random_full_rank,ZI,0.1644304115973555,0.16443041159735555,5.551115123125783e-17,0.1644304115973555,1.5178830414797062e-18,-5.551115123125783e-17,-0.16443041159735555
mixed_full_36,E_random_full_rank,ZX,-0.16721453038803294,-0.16721453038803302,8.326672684688674e-17,-0.16927584191060618,-0.0020613115225732396,-0.0020613115225731615,0.16515321886545978
mixed_full_36,E_random_full_rank,ZY,-0.14971754237434212,-0.14971754237434215,2.7755575615628914e-17,-0.15092189326444888,-0.0012043508901067631,-0.0012043508901067312,0.1485131914842354
mixed_full_36,E_random_full_rank,ZZ,0.07634538539420342,0.07634538539420342,0.0,0.07453759228007277,-0.0018077931141306537,-0.0018077931141306514,-0.07815317850833407
mixed_full_37,E_random_full_rank,II,0.4611909849468745,0.46119098494687466,1.6653345369377348e-16,0.4611909849468745,-8.673617379884035e-18,-1.6653345369377348e-16,-0.46119098494687466
mixed_full_37,E_random_full_rank,IX,-0.05173842893018196,-0.05173842893018195,1.3877787807814457e-17,-0.05173842893018196,0.0,-1.3877787807814457e-17,0.05173842893018195
mixed_full_37,E_random_full_rank,IY,-0.11879510126970974,-0.11879510126970978,4.163336342344337e-17,-0.11879510126970974,1.734723475976807e-18,4.163336342344337e-17,0.11879510126970978
mixed_full_37,E_random_full_rank,IZ,0.1387865856404129,0.13878658564041288,2.7755575615628914e-17,0.1387865856404129,-1.734723475976807e-18,2.7755575615628914e-17,-0.13878658564041288
mixed_full_37,E_random_full_rank,XI,-0.08407905255711096,-0.08407905255711097,1.3877787807814457e-17,-0.08407905255711096,-8.673617379884035e-19,1.3877787807814457e-17,0.08407905255711097
mixed_full_37,E_random_full_rank,XX,-0.13820044579658447,-0.13820044579658453,5.551115123125783e-17,-0.07860102659039131,0.059599419206193174,0.059599419206193216,0.1977998650027777
mixed_full_37,E_random_full_rank,XY,0.2925712941095132,0.29257129410951327,5.551115123125783e-17,0.20830361872039263,-0.08426767538912058,-0.08426767538912064,-0.3768389694986338
mixed_full_37,E_random_full_rank,XZ,-0.0067728858183977,-0.006772885818397696,3.469446951953614e-18,-0.029853766292469046,-0.023080880474071346,-0.02308088047407135,-0.01630799465567365
mixed_full_37,E_random_full_rank,YI,-0.15568371381261428,-0.15568371381261428,0.0,-0.15568371381261428,-6.938893903907228e-18,0.0,0.15568371381261428
mixed_full_37,E_random_full_rank,YX,0.12420635459125126,0.12420635459125125,1.3877787807814457e-17,0.04034677925183153,-0.08385957533941973,-0.08385957533941972,-0.20806592993067097
mixed_full_37,E_random_full_rank,YY,0.1108571920750435,0.11085719207504352,1.3877787807814457e-17,0.08437682919921097,-0.026480362875832535,-0.026480362875832553,-0.13733755495087605
mixed_full_37,E_random_full_rank,YZ,-0.29286897586207594,-0.29286897586207594,0.0,-0.19214656789002071,0.1007224079720552,0.10072240797205523,0.39359138383413117
mixed_full_37,E_random_full_rank,ZI,-0.010774449718263109,-0.010774449718263163,5.377642775528102e-17,-0.010774449718263107,1.734723475976807e-18,5.551115123125783e-17,0.010774449718263164
mixed_full_37,E_random_full_rank,ZX,0.27955211342260267,0.2795521134226027,5.551115123125783e-17,0.21446951478434223,-0.06508259863826044,-0.06508259863826049,-0.34463471206086316
mixed_full_37,E_random_full_rank,ZY,0.12766001790751344,0.12766001790751344,0.0,0.09823991045158453,-0.029420107455928896,-0.029420107455928907,-0.15708012536344235
mixed_full_37,E_random_full_rank,ZZ,0.2210639334957581,0.2210639334957582,1.1102230246251565e-16,0.19743414380800783,-0.02362978968775027,-0.02362978968775037,-0.24469372318350846
mixed_full_38,E_random_full_rank,II,0.46980053091361584,0.4698005309136159,5.551115123125783e-17,0.46980053091361584,-5.204170427930421e-18,-5.551115123125783e-17,-0.4698005309136159
mixed_full_38,E_random_full_rank,IX,0.30546450221705335,0.30546450221705346,1.1102230246251565e-16,0.30546450221705335,1.1275702593849246e-17,-1.1102230246251565e-16,-0.30546450221705346
mixed_full_38,E_random_full_rank,IY,-0.14898490143692916,-0.14898490143692916,0.0,-0.14898490143692916,-1.3010426069826053e-18,0.0,0.14898490143692916
mixed_full_38,E_random_full_rank,IZ,-0.19785584949891594,-0.19785584949891594,0.0,-0.19785584949891594,1.214306433183765e-17,0.0,0.19785584949891594
mixed_full_38,E_random_full_rank,XI,0.02737136318173368,0.027371363181733662,1.734723475976807e-17,0.027371363181733666,-1.3877787807814457e-17,3.469446951953614e-18,-0.027371363181733676
mixed_full_38,E_random_full_rank,XX,0.0526793368135196,0.05267933681351959,6.938893903907228e-18,0.04481635076329137,-0.007862986050228227,-0.00786298605022822,-0.06054232286374782
mixed_full_38,E_random_full_rank,XY,0.055663388021996295,0.0556633880219963,6.938893903907228e-18,0.053897597323800936,-0.0017657906981953572,-0.0017657906981953658,-0.05742917872019166
mixed_full_38,E_random_full_rank,XZ,0.018589563385194432,0.01858956338519443,3.469446951953614e-18,-0.020157164364759953,-0.038746727749954385,-0.038746727749954385,-0.05733629113514881
mixed_full_38,E_random_full_rank,YI,-0.25359136009294875,-0.2535913600929488,5.551115123125783e-17,-0.25359136009294875,-5.204170427930421e-18,5.551115123125783e-17,0.2535913600929488
mixed_full_38,E_random_full_rank,YX,-0.17136971788109598,-0.17136971788109606,8.326672684688674e-17,-0.17348203431255788,-0.002112316431461897,-0.0021123164314618137,0.16925740144963417
mixed_full_38,E_random_full_rank,YY,0.23045106300212342,0.23045106300212345,2.7755575615628914e-17,0.23078604806801062,0.00033498506588718665,0.0003349850658871667,-0.23011607793623626
mixed_full_38,E_random_full_rank,YZ,0.07624306984401011,0.07624306984401014,2.7755575615628914e-17,0.07226257740705959,-0.0039804924369505265,-0.003980492436950547,-0.08022356228096067
mixed_full_38,E_random_full_rank,ZI,0.06467247999234242,0.06467247999234242,0.0,0.06467247999234242,-4.336808689942018e-18,0.0,-0.06467247999234242
mixed_full_38,E_random_full_rank,ZX,0.07105881439596437,0.07105881439596437,0.0,0.07821474416665833,0.007155929770693957,0.007155929770693958,-0.06390288462527041
mixed_full_38,E_random_full_rank,ZY,0.10706791138175464,0.10706791138175467,2.7755575615628914e-17,0.10909115618244064,0.002023244800685998,0.0020232448006859693,-0.10504466658106867
mixed_full_38,E_random_full_rank,ZZ,-0.06159492066396778,-0.06159492066396777,1.3877787807814457e-17,-0.03693933761060565,0.024655583053362132,0.024655583053362115,0.0862505037173299
mixed_full_39,E_random_full_rank,II,0.3993344902021473,0.39933449020214734,5.551115123125783e-17,0.3993344902021473,8.023096076392733e-18,-5.551115123125783e-17,-0.39933449020214734
mixed_full_39,E_random_full_rank,IX,-0.051880562509570655,-0.05188056250957066,6.938893903907228e-18,-0.051880562509570655,-8.673617379884035e-19,6.938893903907228e-18,0.05188056250957066
mixed_full_39,E_random_full_rank,IY,0.042777122043723,0.04277712204372301,1.3877787807814457e-17,0.042777122043723,2.6020852139652106e-18,-1.3877787807814457e-17,-0.04277712204372301
mixed_full_39,E_random_full_rank,IZ,0.07091290087532368,0.07091290087532366,1.3877787807814457e-17,0.07091290087532368,-6.071532165918825e-18,1.3877787807814457e-17,-0.07091290087532366
mixed_full_39,E_random_full_rank,XI,0.015586900018218091,0.015586900018218101,1.0408340855860843e-17,0.015586900018218088,-3.469446951953614e-18,-1.3877787807814457e-17,-0.015586900018218105
mixed_full_39,E_random_full_rank,XX,0.04012189069519351,0.04012189069519352,1.3877787807814457e-17,0.07552060666760764,0.03539871597241413,0.03539871597241412,-0.0047231747227793885
mixed_full_39,E_random_full_rank,XY,-0.23580856050950577,-0.2358085605095058,2.7755575615628914e-17,-0.22273967250203675,0.013068888007469017,0.013068888007469054,0.24887744851697483
mixed_full_39,E_random_full_rank,XZ,0.09588742958108483,0.09588742958108486,2.7755575615628914e-17,0.08036095908295415,-0.015526470498130678,-0.015526470498130704,-0.11141390007921553
mixed_full_39,E_random_full_rank,YI,-0.09196527832016252,-0.09196527832016255,2.7755575615628914e-17,-0.09196527832016252,2.3852447794681098e-18,2.7755575615628914e-17,0.09196527832016255
mixed_full_39,E_random_full_rank,YX,0.1361392496595235,0.13613924965952354,2.7755575615628914e-17,0.07661943602893048,-0.05951981363059303,-0.059519813630593055,-0.19565906329011656
mixed_full_39,E_random_full_rank,YY,-0.1411000264238651,-0.1411000264238651,0.0,-0.1552248352934656,-0.014124808869600504,-0.014124808869600491,0.1269752175542646
mixed_full_39,E_random_full_rank,YZ,-0.0018301271106669417,-0.0018301271106669383,3.469446951953614e-18,0.01558793734940479,0.01741806446007173,0.017418064460071728,0.01924819157073867
mixed_full_39,E_random_full_rank,ZI,-0.16006058762572697,-0.160060587625727,2.7755575615628914e-17,-0.16006058762572697,4.119968255444917e-18,2.7755575615628914e-17,0.160060587625727
mixed_full_39,E_random_full_rank,ZX,-0.004736724667776599,-0.004736724667776608,8.673617379884035e-18,0.009856732422341953,0.014593457090118552,0.01459345709011856,0.019330181757895158
mixed_full_39,E_random_full_rank,ZY,-0.10823180395825492,-0.10823180395825495,2.7755575615628914e-17,-0.10088371503966251,0.007348088918592408,0.007348088918592441,0.11557989287684736
mixed_full_39,E_random_full_rank,ZZ,-0.11616299820709396,-0.11616299820709397,1.3877787807814457e-17,-0.10958895965062163,0.006574038556472332,0.006574038556472345,0.1227370367635663
mixed_rank2_0,F_rank_deficient,II,0.7508430045457493,0.7508430045457493,0.0,0.7508430045457493,-1.214306433183765e-17,0.0,-0.7508430045457493
mixed_rank2_0,F_rank_deficient,IX,0.027905242827202283,0.02790524282720229,6.938893903907228e-18,0.027905242827202283,0.0,-6.938893903907228e-18,-0.02790524282720229
mixed_rank2_0,F_rank_deficient,IY,0.04920708020222393,0.049207080202224016,8.326672684688674e-17,0.049207080202223946,1.3877787807814457e-17,-6.938893903907228e-17,-0.049207080202224
mixed_rank2_0,F_rank_deficient,IZ,0.3719916740860816,0.3719916740860817,1.1102230246251565e-16,0.3719916740860816,0.0,-1.1102230246251565e-16,-0.3719916740860817
mixed_rank2_0,F_rank_deficient,XI,0.3769095724411321,0.3769095724411322,1.1102230246251565e-16,0.3769095724411321,0.0,-1.1102230246251565e-16,-0.3769095724411322
mixed_rank2_0,F_rank_deficient,XX,-0.16619862288677584,-0.16619862288677587,2.7755575615628914e-17,-0.05508569855253109,0.11111292433424473,0.11111292433424477,0.2773115472210206
mixed_rank2_0,F_rank_deficient,XY,0.09111611815880992,0.09111611815880992,0.0,0.04475702246884694,-0.04635909568996298,-0.04635909568996298,-0.1374752138487729
mixed_rank2_0,F_rank_deficient,XZ,0.6846249884295349,0.684624988429535,1.1102230246251565e-16,0.470036422642986,-0.21458856578654886,-0.214588565786549,-0.8992135542160838
mixed_rank2_0,F_rank_deficient,YI,0.10371568971468216,0.10371568971468217,1.3877787807814457e-17,0.10371568971468216,3.469446951953614e-18,-1.3877787807814457e-17,-0.10371568971468217
mixed_rank2_0,F_rank_deficient,YX,0.5632245582648605,0.5632245582648607,2.220446049250313e-16,0.3003814492075908,-0.26284310905726976,-0.26284310905726993,-0.8260676673221305
mixed_rank2_0,F_rank_deficient,YY,0.19327546147359365,0.1932754614735937,5.551115123125783e-17,0.13708762927516854,-0.05618783219842509,-0.05618783219842516,-0.2494632936720188
mixed_rank2_0,F_rank_deficient,YZ,0.18474724281740768,0.18474724281740768,0.0,0.13204185334850552,-0.052705389468902145,-0.05270538946890216,-0.2374526322863098
mixed_rank2_0,F_rank_deficient,ZI,0.013258307351497656,0.013258307351497634,2.2551405187698492e-17,0.013258307351497647,-8.673617379884035e-18,1.3877787807814457e-17,-0.013258307351497642
mixed_rank2_0,F_rank_deficient,ZX,0.1417275234321959,0.1417275234321959,0.0,0.04866894074867678,-0.09305858268351912,-0.09305858268351913,-0.23478610611571504
mixed_rank2_0,F_rank_deficient,ZY,-0.5831821792126628,-0.583182179212663,2.220446049250313e-16,-0.33647181190370096,0.24671036730896184,0.24671036730896206,0.8298925465216249
mixed_rank2_0,F_rank_deficient,ZZ,0.1379613645430214,0.13796136454302144,2.7755575615628914e-17,0.08953918668678928,-0.048422177856232124,-0.04842217785623215,-0.18638354239925356
mixed_rank2_1,F_rank_deficient,II,0.7401231619846882,0.7401231619846883,1.1102230246251565e-16,0.7401231619846882,2.0816681711721685e-17,-1.1102230246251565e-16,-0.7401231619846883
mixed_rank2_1,F_rank_deficient,IX,0.21227534765434955,0.21227534765434966,1.1102230246251565e-16,0.21227534765434958,2.7755575615628914e-17,-8.326672684688674e-17,-0.21227534765434963
mixed_rank2_1,F_rank_deficient,IY,0.10245479375221406,0.10245479375221411,5.551115123125783e-17,0.10245479375221404,-1.3877787807814457e-17,-6.938893903907228e-17,-0.10245479375221413
mixed_rank2_1,F_rank_deficient,IZ,-0.07066778271566018,-0.07066778271566015,2.7755575615628914e-17,-0.07066778271566018,0.0,-2.7755575615628914e-17,0.07066778271566015
mixed_rank2_1,F_rank_deficient,XI,-0.010504474888843877,-0.010504474888843894,1.734723475976807e-17,-0.01050447488884388,-3.469446951953614e-18,1.3877787807814457e-17,0.01050447488884389
mixed_rank2_1,F_rank_deficient,XX,-0.2886830995307966,-0.2886830995307966,0.0,-0.1547954970358435,0.13388760249495313,0.13388760249495313,0.42257070202574976
mixed_rank2_1,F_rank_deficient,XY,0.5569279360780246,0.5569279360780247,1.1102230246251565e-16,0.27787396514918905,-0.2790539709288356,-0.27905397092883566,-0.8359819070068604
mixed_rank2_1,F_rank_deficient,XZ,-0.17438441662393928,-0.1743844166239393,2.7755575615628914e-17,-0.10037804859802979,0.07400636802590949,0.07400636802590951,0.2483907846498488
mixed_rank2_1,F_rank_deficient,YI,0.2192274901183337,0.21922749011833376,5.551115123125783e-17,0.2192274901183337,-6.938893903907228e-18,-5.551115123125783e-17,-0.21922749011833376
mixed_rank2_1,F_rank_deficient,YX,0.46625004986948126,0.46625004986948143,1.6653345369377348e-16,0.31287050467106436,-0.1533795451984169,-0.15337954519841707,-0.6196295950678983
mixed_rank2_1,F_rank_deficient,YY,0.08645247532897876,0.08645247532897879,2.7755575615628914e-17,0.09287499223396449,0.006422516904985728,0.006422516904985701,-0.08002995842399306
mixed_rank2_1,F_rank_deficient,YZ,-0.5084376585613477,-0.5084376585613479,2.220446049250313e-16,-0.2669679560200704,0.24146970254127736,0.24146970254127753,0.7499073611026252
mixed_rank2_1,F_rank_deficient,ZI,0.12818974086306792,0.128189740863068,8.326672684688674e-17,0.12818974086306792,-6.938893903907228e-18,-8.326672684688674e-17,-0.128189740863068
mixed_rank2_1,F_rank_deficient,ZX,0.4606837235564787,0.4606837235564788,1.1102230246251565e-16,0.3258257415043476,-0.13485798205213106,-0.13485798205213118,-0.5955417056086099
mixed_rank2_1,F_rank_deficient,ZY,0.3476771214218678,0.3476771214218679,1.1102230246251565e-16,0.21194637776866354,-0.13573074365320426,-0.13573074365320437,-0.48340786507507216
mixed_rank2_1,F_rank_deficient,ZZ,0.377785791845467,0.3777857918454671,1.1102230246251565e-16,0.1951647103564534,-0.18262108148901363,-0.1826210814890137,-0.5604068733344807
mixed_rank2_2,F_rank_deficient,II,0.6321711066409931,0.6321711066409932,1.1102230246251565e-16,0.6321711066409931,-1.3877787807814457e-17,-1.1102230246251565e-16,-0.6321711066409932
mixed_rank2_2,F_rank_deficient,IX,0.11659926325872702,0.11659926325872702,0.0,0.11659926325872702,0.0,0.0,-0.11659926325872702
mixed_rank2_2,F_rank_deficient,IY,0.512514205727395,0.5125142057273951,1.1102230246251565e-16,0.512514205727395,0.0,-1.1102230246251565e-16,-0.5125142057273951
mixed_rank2_2,F_rank_deficient,IZ,0.08939915953895142,0.08939915953895142,0.0,0.08939915953895142,-1.734723475976807e-18,0.0,-0.08939915953895142
mixed_rank2_2,F_rank_deficient,XI,-0.05151819586197234,-0.05151819586197234,0.0,-0.05151819586197234,3.469446951953614e-18,0.0,0.05151819586197234
mixed_rank2_2,F_rank_deficient,XX,0.045245220090239235,0.04524522009023928,4.163336342344337e-17,0.0174909199669582,-0.027754300123281034,-0.027754300123281075,-0.07299952021352031
mixed_rank2_2,F_rank_deficient,XY,-0.0833697433601349,-0.08336974336013495,4.163336342344337e-17,-0.06497124518648437,0.018398498173650538,0.01839849817365058,0.10176824153378548
mixed_rank2_2,F_rank_deficient,XZ,0.1854499647869182,0.18544996478691825,5.551115123125783e-17,0.06762758356356649,-0.1178223812233517,-0.11782238122335176,-0.30327234601027
mixed_rank2_2,F_rank_deficient,YI,0.37867642077753483,0.37867642077753494,1.1102230246251565e-16,0.37867642077753483,9.974659986866641e-18,-1.1102230246251565e-16,-0.37867642077753494
mixed_rank2_2,F_rank_deficient,YX,0.3172441888584416,0.31724418885844163,5.551115123125783e-17,0.2901172079990817,-0.027126980859359863,-0.02712698085935994,-0.3443711697178015
mixed_rank2_2,F_rank_deficient,YY,0.39060675973545256,0.39060675973545267,1.1102230246251565e-16,0.38041210950917914,-0.010194650226273434,-0.010194650226273527,-0.4008014099617261
mixed_rank2_2,F_rank_deficient,YZ,0.005399084055458145,0.00539908405545814,5.204170427930421e-18,0.007916211896072028,0.0025171278406138833,0.0025171278406138885,-0.0028819562148442567
mixed_rank2_2,F_rank_deficient,ZI,-0.2838511745009642,-0.2838511745009643,1.1102230246251565e-16,-0.2838511745009642,-5.204170427930421e-18,1.1102230246251565e-16,0.2838511745009643
mixed_rank2_2,F_rank_deficient,ZX,0.08193110218474237,0.0819311021847424,2.7755575615628914e-17,0.04758544902980637,-0.034345653154936,-0.034345653154936026,-0.11627675533967839
mixed_rank2_2,F_rank_deficient,ZY,-0.3232421772315133,-0.3232421772315133,0.0,-0.28007447000227725,0.04316770722923599,0.04316770722923602,0.3664098844607493
mixed_rank2_2,F_rank_deficient,ZZ,-0.09803402400235184,-0.09803402400235181,2.7755575615628914e-17,-0.06916354528884369,0.02887047871350814,0.02887047871350812,0.12690450271585996
mixed_rank2_3,F_rank_deficient,II,0.7193774813422863,0.7193774813422864,1.1102230246251565e-16,0.7193774813422863,0.0,-1.1102230246251565e-16,-0.7193774813422864
mixed_rank2_3,F_rank_deficient,IX,0.19414599834863866,0.19414599834863872,5.551115123125783e-17,0.19414599834863866,-3.469446951953614e-18,-5.551115123125783e-17,-0.19414599834863872
mixed_rank2_3,F_rank_deficient,IY,0.3307866666705538,0.33078666667055384,5.551115123125783e-17,0.3307866666705538,1.734723475976807e-17,-5.551115123125783e-17,-0.33078666667055384
mixed_rank2_3,F_rank_deficient,IZ,-0.3624201225888052,-0.3624201225888053,1.1102230246251565e-16,-0.3624201225888052,2.7755575615628914e-17,1.1102230246251565e-16,0.3624201225888053
mixed_rank2_3,F_rank_deficient,XI,0.30103624904747317,0.3010362490474733,1.1102230246251565e-16,0.30103624904747317,0.0,-1.1102230246251565e-16,-0.3010362490474733
mixed_rank2_3,F_rank_deficient,XX,0.523541046110702,0.5235410461107022,2.220446049250313e-16,0.3972460909587131,-0.12629495515198888,-0.12629495515198907,-0.649836001262691
mixed_rank2_3,F_rank_deficient,XY,0.17011801709053986,0.17011801709053984,2.7755575615628914e-17,0.15956799539887762,-0.010550021691662248,-0.01055002169166222,-0.18066803878220208
mixed_rank2_3,F_rank_deficient,XZ,-0.16187868250428963,-0.1618786825042897,5.551115123125783e-17,-0.16051004009823663,0.001368642406052993,0.0013686424060530555,0.1632473249103427
mixed_rank2_3,F_rank_deficient,YI,-0.18606905048448552,-0.18606905048448558,5.551115123125783e-17,-0.18606905048448552,-1.0408340855860843e-17,5.551115123125783e-17,0.18606905048448558
mixed_rank2_3,F_rank_deficient,YX,0.03563493904647398,0.035634939046473996,1.3877787807814457e-17,0.0029345667302734767,-0.03270037231620051,-0.032700372316200516,-0.06833531136267451
mixed_rank2_3,F_rank_deficient,YY,-0.47251860337115886,-0.4725186033711589,5.551115123125783e-17,-0.27347514315961535,0.1990434602115435,0.19904346021154357,0.6715620635827024
mixed_rank2_3,F_rank_deficient,YZ,-0.03889087617982066,-0.03889087617982069,2.7755575615628914e-17,0.02859214458210148,0.06748302076192214,0.06748302076192217,0.10637389694174283
mixed_rank2_3,F_rank_deficient,ZI,-0.3499404624461731,-0.3499404624461732,1.1102230246251565e-16,-0.3499404624461731,0.0,1.1102230246251565e-16,0.3499404624461732
mixed_rank2_3,F_rank_deficient,ZX,0.02094300077975684,0.020943000779756825,1.3877787807814457e-17,-0.022551040813908046,-0.043494041593664885,-0.04349404159366487,-0.06443704237342171
mixed_rank2_3,F_rank_deficient,ZY,-0.18009315883006893,-0.18009315883006907,1.3877787807814457e-16,-0.17228697474184507,0.007806184088223877,0.007806184088224005,0.18789934291829294
mixed_rank2_3,F_rank_deficient,ZZ,0.5297941127023036,0.5297941127023036,0.0,0.3545528499775559,-0.17524126272474766,-0.17524126272474772,-0.7050353754270513
mixed_rank2_4,F_rank_deficient,II,0.6697705966506681,0.6697705966506683,2.220446049250313e-16,0.6697705966506681,1.3877787807814457e-17,-2.220446049250313e-16,-0.6697705966506683
mixed_rank2_4,F_rank_deficient,IX,0.3583553479926339,0.358355347992634,1.1102230246251565e-16,0.3583553479926339,-5.204170427930421e-18,-1.1102230246251565e-16,-0.358355347992634
mixed_rank2_4,F_rank_deficient,IY,0.2612299606384832,0.26122996063848325,5.551115123125783e-17,0.2612299606384832,0.0,-5.551115123125783e-17,-0.26122996063848325
mixed_rank2_4,F_rank_deficient,IZ,-0.14159982010480934,-0.14159982010480943,8.326672684688674e-17,-0.14159982010480934,0.0,8.326672684688674e-17,0.14159982010480943
mixed_rank2_4,F_rank_deficient,XI,0.1393730059449565,0.13937300594495655,5.551115123125783e-17,0.1393730059449565,-3.469446951953614e-18,-5.551115123125783e-17,-0.13937300594495655
mixed_rank2_4,F_rank_deficient,XX,0.3749990685508887,0.37499906855088877,5.551115123125783e-17,0.22613960102171432,-0.1488594675291744,-0.14885946752917445,-0.5238585360800632
mixed_rank2_4,F_rank_deficient,XY,-0.16414688353451523,-0.16414688353451526,2.7755575615628914e-17,-0.04715479542071348,0.11699208811380175,0.11699208811380178,0.281138971648317
mixed_rank2_4,F_rank_deficient,XZ,-0.10615374751635293,-0.10615374751635294,1.3877787807814457e-17,-0.12279977406500839,-0.01664602654865546,-0.01664602654865545,0.08950772096769748
mixed_rank2_4,F_rank_deficient,YI,-0.21585371447818055,-0.21585371447818058,2.7755575615628914e-17,-0.21585371447818058,-1.734723475976807e-17,0.0,0.21585371447818055
mixed_rank2_4,F_rank_deficient,YX,-0.24140560815974876,-0.24140560815974876,0.0,-0.16527862270776061,0.07612698545198815,0.07612698545198815,0.3175325936117369
mixed_rank2_4,F_rank_deficient,YY,-0.2766460992254799,-0.2766460992254799,0.0,-0.193276724293417,0.08336937493206292,0.0833693749320629,0.3600154741575428
mixed_rank2_4,F_rank_deficient,YZ,-0.25194218422290643,-0.2519421842229065,5.551115123125783e-17,-0.16551938878377376,0.08642279543913267,0.08642279543913273,0.33836497966203916
mixed_rank2_4,F_rank_deficient,ZI,-0.3754839113553592,-0.37548391135535925,5.551115123125783e-17,-0.3754839113553592,1.3877787807814457e-17,5.551115123125783e-17,0.37548391135535925
mixed_rank2_4,F_rank_deficient,ZX,-0.25364300407376417,-0.2536430040737642,5.551115123125783e-17,-0.26655033261125743,-0.012907328537493287,-0.012907328537493212,0.24073567553627093
mixed_rank2_4,F_rank_deficient,ZY,-0.326212576361952,-0.326212576361952,0.0,-0.2305692974837092,0.09564327887824278,0.09564327887824281,0.42185585524019475
mixed_rank2_4,F_rank_deficient,ZZ,0.39507963746432784,0.39507963746432795,1.1102230246251565e-16,0.3222113764149952,-0.07286826104933267,-0.07286826104933275,-0.4679478985136606
mixed_rank2_5,F_rank_deficient,II,0.7246667144518676,0.7246667144518679,3.3306690738754696e-16,0.7246667144518676,2.6020852139652106e-18,-3.3306690738754696e-16,-0.7246667144518679
mixed_rank2_5,F_rank_deficient,IX,-0.0022064745930732692,-0.002206474593073267,2.168404344971009e-18,-0.0022064745930732658,3.469446951953614e-18,1.3010426069826053e-18,0.0022064745930732706
mixed_rank2_5,F_rank_deficient,IY,-0.03182981752534702,-0.03182981752534701,6.938893903907228e-18,-0.03182981752534702,0.0,-6.938893903907228e-18,0.03182981752534701
mixed_rank2_5,F_rank_deficient,IZ,-0.6684779267135975,-0.6684779267135977,2.220446049250313e-16,-0.6684779267135975,-3.469446951953614e-18,2.220446049250313e-16,0.6684779267135977
mixed_rank2_5,F_rank_deficient,XI,-0.11018032371024687,-0.11018032371024687,0.0,-0.11018032371024687,0.0,0.0,0.11018032371024687
mixed_rank2_5,F_rank_deficient,XX,0.10441971113553082,0.10441971113553083,1.3877787807814457e-17,0.11961820198273708,0.015198490847206259,0.015198490847206245,-0.08922122028832458
mixed_rank2_5,F_rank_deficient,XY,0.18155418310331184,0.18155418310331184,0.0,0.12248425664466589,-0.05906992645864594,-0.05906992645864595,-0.2406241095619578
mixed_rank2_5,F_rank_deficient,XZ,0.12530519475545138,0.1253051947554514,2.7755575615628914e-17,0.12241014368892955,-0.0028950510665218124,-0.002895051066521853,-0.12820024582197323
mixed_rank2_5,F_rank_deficient,YI,-0.12996584989697418,-0.12996584989697424,5.551115123125783e-17,-0.12996584989697418,4.336808689942018e-19,5.551115123125783e-17,0.12996584989697424
mixed_rank2_5,F_rank_deficient,YX,-0.16205555027764473,-0.16205555027764473,0.0,-0.08042181317976857,0.08163373709787616,0.08163373709787616,0.2436892873755209
mixed_rank2_5,F_rank_deficient,YY,0.05308697817463999,0.05308697817463999,0.0,-0.020432269414513014,-0.073519247589153,-0.073519247589153,-0.126606225763793
mixed_rank2_5,F_rank_deficient,YZ,0.1439047115189387,0.14390471151893872,2.7755575615628914e-17,0.13193969480076478,-0.011965016718173896,-0.011965016718173932,-0.15586972823711262
mixed_rank2_5,F_rank_deficient,ZI,0.6429149152439884,0.6429149152439882,1.1102230246251565e-16,0.6429149152439884,-3.0357660829594124e-18,1.1102230246251565e-16,-0.6429149152439882
mixed_rank2_5,F_rank_deficient,ZX,-0.04552307526568216,-0.045523075265682174,1.3877787807814457e-17,-0.020573889258948347,0.024949186006733813,0.024949186006733827,0.07047226127241599
mixed_rank2_5,F_rank_deficient,ZY,0.01758587706624946,0.017585877066249464,3.469446951953614e-18,-0.0174656490624886,-0.03505152612873806,-0.03505152612873806,-0.052637403194987525
mixed_rank2_5,F_rank_deficient,ZZ,-0.6494769811332419,-0.6494769811332421,2.220446049250313e-16,-0.6368602086629691,0.012616772470272826,0.012616772470273041,0.662093753603515
mixed_rank2_6,F_rank_deficient,II,0.6917974746465416,0.6917974746465418,2.220446049250313e-16,0.6917974746465416,-3.469446951953614e-18,-2.220446049250313e-16,-0.6917974746465418
mixed_rank2_6,F_rank_deficient,IX,0.2112936823731149,0.2112936823731149,0.0,0.2112936823731149,1.3877787807814457e-17,0.0,-0.2112936823731149
mixed_rank2_6,F_rank_deficient,IY,-0.1709159879936595,-0.1709159879936595,0.0,-0.1709159879936595,4.336808689942018e-18,0.0,0.1709159879936595
mixed_rank2_6,F_rank_deficient,IZ,0.02995789127547607,0.02995789127547608,1.0408340855860843e-17,0.029957891275476062,-6.938893903907228e-18,-1.734723475976807e-17,-0.029957891275476087
mixed_rank2_6,F_rank_deficient,XI,0.2079269990243467,0.20792699902434675,5.551115123125783e-17,0.2079269990243467,-1.3877787807814457e-17,-5.551115123125783e-17,-0.20792699902434675
mixed_rank2_6,F_rank_deficient,XX,0.05540487159263276,0.055404871592632715,4.163336342344337e-17,0.09609360220782712,0.04068873061519436,0.0406887306151944,-0.014716140977438355
mixed_rank2_6,F_rank_deficient,XY,-0.5119324683255903,-0.5119324683255904,1.1102230246251565e-16,-0.28959647077294054,0.22233599755264974,0.22233599755264982,0.7342684658782401
mixed_rank2_6,F_rank_deficient,XZ,0.3025277278912457,0.30252772789124577,5.551115123125783e-17,0.18620961057323093,-0.11631811731801481,-0.11631811731801484,-0.4188458452092606
mixed_rank2_6,F_rank_deficient,YI,0.06596641424831513,0.06596641424831513,0.0,0.06596641424831512,-1.3877787807814457e-17,-1.3877787807814457e-17,-0.06596641424831515
mixed_rank2_6,F_rank_deficient,YX,-0.10611641862106069,-0.10611641862106075,5.551115123125783e-17,-0.04720489441205229,0.05891152420900841,0.058911524209008456,0.16502794283006916
mixed_rank2_6,F_rank_deficient,YY,-0.28251671985473115,-0.2825167198547312,5.551115123125783e-17,-0.1327635680548868,0.14975315179984433,0.14975315179984441,0.43226987165457553
mixed_rank2_6,F_rank_deficient,YZ,-0.47488334141861016,-0.4748833414186103,1.6653345369377348e-16,-0.2595729778786605,0.21531036353994965,0.2153103635399498,0.69019370495856
mixed_rank2_6,F_rank_deficient,ZI,-0.20561529942091458,-0.2056152994209146,2.7755575615628914e-17,-0.20561529942091458,0.0,2.7755575615628914e-17,0.2056152994209146
mixed_rank2_6,F_rank_deficient,ZX,-0.624021303755542,-0.6240213037555421,1.1102230246251565e-16,-0.43326659772054427,0.19075470603499772,0.19075470603499783,0.8147760097905399
mixed_rank2_6,F_rank_deficient,ZY,0.10119696804944074,0.10119696804944074,0.0,0.10556060220927135,0.004363634159830614,0.004363634159830612,-0.09683333388961013
mixed_rank2_6,F_rank_deficient,ZZ,0.0908539862059423,0.09085398620594232,1.3877787807814457e-17,0.038545986390915526,-0.052307999815026776,-0.05230799981502679,-0.14316198602096908
mixed_rank2_7,F_rank_deficient,II,0.7173854674483017,0.7173854674483018,1.1102230246251565e-16,0.7173854674483017,0.0,-1.1102230246251565e-16,-0.7173854674483018
mixed_rank2_7,F_rank_deficient,IX,-0.39971980368397014,-0.3997198036839702,5.551115123125783e-17,-0.39971980368397014,-2.2551405187698492e-17,5.551115123125783e-17,0.3997198036839702
mixed_rank2_7,F_rank_deficient,IY,0.27832820249315743,0.2783282024931575,5.551115123125783e-17,0.27832820249315743,-1.734723475976807e-18,-5.551115123125783e-17,-0.2783282024931575
mixed_rank2_7,F_rank_deficient,IZ,0.38105215383359853,0.38105215383359875,2.220446049250313e-16,0.38105215383359853,0.0,-2.220446049250313e-16,-0.38105215383359875
mixed_rank2_7,F_rank_deficient,XI,-0.2520569146746589,-0.252056914674659,1.1102230246251565e-16,-0.2520569146746589,-7.806255641895632e-18,1.1102230246251565e-16,0.252056914674659
mixed_rank2_7,F_rank_deficient,XX,0.3425988223197704,0.34259882231977057,1.6653345369377348e-16,0.24077562527851465,-0.10182319704125577,-0.10182319704125592,-0.4444220193610263
mixed_rank2_7,F_rank_deficient,XY,-0.143683333513054,-0.14368333351305407,5.551115123125783e-17,-0.14803393532555995,-0.004350601812505923,-0.004350601812505878,0.13933273170054813
mixed_rank2_7,F_rank_deficient,XZ,-0.039193425258101086,-0.039193425258101114,2.7755575615628914e-17,-0.1063710961845456,-0.06717767092644451,-0.06717767092644449,-0.0279842456683434
mixed_rank2_7,F_rank_deficient,YI,0.10542366416656342,0.10542366416656344,2.7755575615628914e-17,0.10542366416656342,3.0357660829594124e-18,-2.7755575615628914e-17,-0.10542366416656344
mixed_rank2_7,F_rank_deficient,YX,0.0035538340871007212,0.003553834087100716,5.204170427930421e-18,-0.0354422965281483,-0.03899613061524902,-0.038996130615249015,-0.04254996470234974
mixed_rank2_7,F_rank_deficient,YY,0.2979431570050043,0.2979431570050044,1.1102230246251565e-16,0.2273836887221977,-0.0705594682828066,-0.07055946828280671,-0.36850262528781097
mixed_rank2_7,F_rank_deficient,YZ,0.011960296713986018,0.011960296713986022,3.469446951953614e-18,0.027960907824543642,0.016000611110557623,0.01600061111055762,0.004040314396571602
mixed_rank2_7,F_rank_deficient,ZI,-0.5757115274415243,-0.5757115274415243,0.0,-0.5757115274415243,3.469446951953614e-18,0.0,0.5757115274415243
mixed_rank2_7,F_rank_deficient,ZX,0.3144116163300883,0.31441161633008835,5.551115123125783e-17,0.3398832634012683,0.025471647071180006,0.025471647071179937,-0.28893996925890836
mixed_rank2_7,F_rank_deficient,ZY,-0.23925931798573621,-0.2392593179857363,8.326672684688674e-17,-0.24247246318796872,-0.0032131452022324987,-0.003213145202232426,0.2360461727835038
mixed_rank2_7,F_rank_deficient,ZZ,-0.45942296202162153,-0.4594229620216217,1.6653345369377348e-16,-0.3807089799433774,0.07871398207824416,0.07871398207824432,0.5381369440998659
mixed_rank2_8,F_rank_deficient,II,0.5565256530135785,0.5565256530135787,2.220446049250313e-16,0.5565256530135785,6.938893903907228e-18,-2.220446049250313e-16,-0.5565256530135787
mixed_rank2_8,F_rank_deficient,IX,0.07710354342542317,0.07710354342542315,1.3877787807814457e-17,0.07710354342542315,-6.938893903907228e-18,0.0,-0.07710354342542317
mixed_rank2_8,F_rank_deficient,IY,0.3329966061570997,0.33299660615709975,5.551115123125783e-17,0.3329966061570997,1.734723475976807e-18,-5.551115123125783e-17,-0.33299660615709975
mixed_rank2_8,F_rank_deficient,IZ,-0.07296264836102116,-0.07296264836102118,1.3877787807814457e-17,-0.07296264836102116,-1.734723475976807e-18,1.3877787807814457e-17,0.07296264836102118
mixed_rank2_8,F_rank_deficient,XI,-0.04659049281141266,-0.046590492811412657,6.938893903907228e-18,-0.04659049281141266,3.0357660829594124e-18,-6.938893903907228e-18,0.046590492811412657
mixed_rank2_8,F_rank_deficient,XX,-0.07233221642398058,-0.07233221642398062,4.163336342344337e-17,-0.04424217266118712,0.028090043762793462,0.028090043762793497,0.10042226018677408
mixed_rank2_8,F_rank_deficient,XY,0.06103135069765322,0.0610313506976532,2.0816681711721685e-17,0.052497421389940555,-0.008533929307712662,-0.008533929307712643,-0.06956528000536585
mixed_rank2_8,F_rank_deficient,XZ,0.39099579395586953,0.3909957939558696,5.551115123125783e-17,0.36928913369898675,-0.02170666025688276,-0.021706660256882837,-0.41270245421275237
mixed_rank2_8,F_rank_deficient,YI,-0.25380949188434737,-0.2538094918843474,5.551115123125783e-17,-0.25380949188434737,2.6020852139652106e-18,5.551115123125783e-17,0.2538094918843474
mixed_rank2_8,F_rank_deficient,YX,-0.024316382704657885,-0.0243163827046579,1.3877787807814457e-17,-0.054112874680673134,-0.02979649197601525,-0.029796491976015235,-0.00548010927135735
mixed_rank2_8,F_rank_deficient,YY,-0.3155337817951385,-0.3155337817951386,5.551115123125783e-17,-0.24859408013027895,0.06693970166485956,0.06693970166485963,0.38247348345999815
mixed_rank2_8,F_rank_deficient,YZ,0.047257659472787414,0.04725765947278743,1.3877787807814457e-17,0.030550342415337654,-0.01670731705744976,-0.016707317057449773,-0.0639649765302372
mixed_rank2_8,F_rank_deficient,ZI,-0.14788943381396463,-0.14788943381396466,2.7755575615628914e-17,-0.14788943381396463,3.469446951953614e-18,2.7755575615628914e-17,0.14788943381396466
mixed_rank2_8,F_rank_deficient,ZX,-0.21066436231412802,-0.21066436231412805,2.7755575615628914e-17,-0.0921848680173927,0.11847949429673532,0.11847949429673535,0.3291438566108634
mixed_rank2_8,F_rank_deficient,ZY,-0.09422238685400805,-0.09422238685400806,1.3877787807814457e-17,-0.12316266032141426,-0.02894027346740621,-0.0289402734674062,0.06528211338660185
mixed_rank2_8,F_rank_deficient,ZZ,-0.08791470462132238,-0.08791470462132238,0.0,-0.06875868415196724,0.019156020469355134,0.019156020469355134,0.10707072509067751
mixed_rank2_9,F_rank_deficient,II,0.6028337315668258,0.602833731566826,1.1102230246251565e-16,0.6028337315668258,3.469446951953614e-18,-1.1102230246251565e-16,-0.602833731566826
mixed_rank2_9,F_rank_deficient,IX,0.26285952495882836,0.2628595249588284,5.551115123125783e-17,0.26285952495882836,0.0,-5.551115123125783e-17,-0.2628595249588284
mixed_rank2_9,F_rank_deficient,IY,-0.3439701635367357,-0.34397016353673576,5.551115123125783e-17,-0.3439701635367357,3.469446951953614e-18,5.551115123125783e-17,0.34397016353673576
mixed_rank2_9,F_rank_deficient,IZ,-0.06831572243288735,-0.06831572243288742,6.938893903907228e-17,-0.06831572243288736,-1.3877787807814457e-17,5.551115123125783e-17,0.0683157224328874
mixed_rank2_9,F_rank_deficient,XI,-0.27335795294327825,-0.2733579529432783,5.551115123125783e-17,-0.27335795294327825,-1.5612511283791264e-17,5.551115123125783e-17,0.2733579529432783
mixed_rank2_9,F_rank_deficient,XX,0.004358169233696432,0.004358169233696415,1.734723475976807e-17,-0.06925074287339746,-0.07360891210709389,-0.07360891210709387,-0.0779670813407903
mixed_rank2_9,F_rank_deficient,XY,0.3271940027163913,0.3271940027163915,1.6653345369377348e-16,0.2747447911316907,-0.05244921158470062,-0.05244921158470078,-0.3796432143010921
mixed_rank2_9,F_rank_deficient,XZ,0.15358895778345777,0.15358895778345777,0.0,0.0871094646577757,-0.06647949312568205,-0.06647949312568206,-0.22006845090913982
mixed_rank2_9,F_rank_deficient,YI,0.1671145985554493,0.16711459855544936,5.551115123125783e-17,0.1671145985554493,1.3010426069826053e-17,-5.551115123125783e-17,-0.16711459855544936
mixed_rank2_9,F_rank_deficient,YX,0.25852195459723265,0.25852195459723265,0.0,0.25110505092823937,-0.007416903668993256,-0.00741690366899328,-0.26593885826622593
mixed_rank2_9,F_rank_deficient,YY,-0.015862015766353023,-0.015862015766353016,6.938893903907228e-18,-0.04887338036786165,-0.03301136460150863,-0.033011364601508636,-0.017149348835155613
mixed_rank2_9,F_rank_deficient,YZ,-0.29382343437021186,-0.29382343437021197,1.1102230246251565e-16,-0.2312313167315494,0.06259211763866249,0.06259211763866257,0.3564155520088744
mixed_rank2_9,F_rank_deficient,ZI,0.22953576735777168,0.22953576735777168,0.0,0.22953576735777168,-1.0408340855860843e-17,0.0,-0.22953576735777168
mixed_rank2_9,F_rank_deficient,ZX,0.28806798694328994,0.28806798694329,5.551115123125783e-17,0.20352160253846974,-0.08454638440482018,-0.08454638440482026,-0.37261437134811015
mixed_rank2_9,F_rank_deficient,ZY,-0.2447445289493832,-0.2447445289493832,0.0,-0.201118040547155,0.04362648840222817,0.043626488402228186,0.28837101735161136
mixed_rank2_9,F_rank_deficient,ZZ,0.019034791970549594,0.019034791970549594,0.0,-0.058733393254924396,-0.07776818522547399,-0.07776818522547399,-0.09680297719602358
mixed_rank2_10,F_rank_deficient,II,0.5280255095802222,0.5280255095802224,2.220446049250313e-16,0.5280255095802222,-1.474514954580286e-17,-2.220446049250313e-16,-0.5280255095802224
mixed_rank2_10,F_rank_deficient,IX,-0.1722275807277675,-0.17222758072776756,5.551115123125783e-17,-0.1722275807277675,-5.204170427930421e-18,5.551115123125783e-17,0.17222758072776756
mixed_rank2_10,F_rank_deficient,IY,0.15532385040202226,0.1553238504020223,2.7755575615628914e-17,0.15532385040202226,3.469446951953614e-18,-2.7755575615628914e-17,-0.1553238504020223
mixed_rank2_10,F_rank_deficient,IZ,-0.01810410022950809,-0.018104100229508105,1.3877787807814457e-17,-0.01810410022950809,8.673617379884035e-19,1.3877787807814457e-17,0.018104100229508105
mixed_rank2_10,F_rank_deficient,XI,0.0635236953516551,0.06352369535165514,4.163336342344337e-17,0.0635236953516551,-8.673617379884035e-19,-4.163336342344337e-17,-0.06352369535165514
mixed_rank2_10,F_rank_deficient,XX,0.12239055831542629,0.1223905583154263,1.3877787807814457e-17,0.12084405073391655,-0.001546507581509744,-0.0015465075815097595,-0.12393706589693605
mixed_rank2_10,F_rank_deficient,XY,-0.04592635476463434,-0.045926354764634324,1.3877787807814457e-17,-0.05081284911920245,-0.004886494354568109,-0.004886494354568123,0.041039860410066215
mixed_rank2_10,F_rank_deficient,XZ,0.047625209191854326,0.04762520919185431,1.3877787807814457e-17,0.024839643675026345,-0.022785565516827984,-0.022785565516827967,-0.07041077470868229
mixed_rank2_10,F_rank_deficient,YI,0.32110634841646435,0.3211063484164644,5.551115123125783e-17,0.32110634841646435,6.505213034913027e-19,-5.551115123125783e-17,-0.3211063484164644
mixed_rank2_10,F_rank_deficient,YX,-0.09640792210241958,-0.0964079221024196,1.3877787807814457e-17,-0.10328711323049208,-0.0068791911280725055,-0.00687919112807249,0.08952873097434709
mixed_rank2_10,F_rank_deficient,YY,0.1287415964996485,0.1287415964996485,0.0,0.11696855748875457,-0.011773039010893941,-0.011773039010893938,-0.14051463551054244
mixed_rank2_10,F_rank_deficient,YZ,-0.024467735485678016,-0.024467735485678058,4.163336342344337e-17,-0.01859259658782489,0.005875138897853125,0.005875138897853169,0.030342874383531185
mixed_rank2_10,F_rank_deficient,ZI,-0.21852122822742645,-0.21852122822742656,1.1102230246251565e-16,-0.21852122822742645,-6.071532165918825e-18,1.1102230246251565e-16,0.21852122822742656
mixed_rank2_10,F_rank_deficient,ZX,0.3183169569715379,0.318316956971538,1.1102230246251565e-16,0.31606426817474215,-0.002252688796795731,-0.002252688796795854,-0.32056964576833374
mixed_rank2_10,F_rank_deficient,ZY,-0.18628793589366202,-0.18628793589366208,5.551115123125783e-17,-0.18611026234312839,0.00017767355053362535,0.00017767355053369127,0.1864656094441957
mixed_rank2_10,F_rank_deficient,ZZ,0.006930425675695573,0.0069304256756955625,1.0408340855860843e-17,0.01870609777094115,0.011775672095245576,0.011775672095245587,0.004845246419550014
mixed_rank2_11,F_rank_deficient,II,0.5542662735739837,0.5542662735739837,0.0,0.5542662735739837,-1.431146867680866e-17,0.0,-0.5542662735739837
mixed_rank2_11,F_rank_deficient,IX,0.2432714845556612,0.24327148455566128,8.326672684688674e-17,0.2432714845556612,-2.168404344971009e-18,-8.326672684688674e-17,-0.24327148455566128
mixed_rank2_11,F_rank_deficient,IY,0.10843967250316433,0.10843967250316439,5.551115123125783e-17,0.10843967250316433,3.469446951953614e-18,-5.551115123125783e-17,-0.10843967250316439
mixed_rank2_11,F_rank_deficient,IZ,-0.29856115948850415,-0.29856115948850426,1.1102230246251565e-16,-0.29856115948850415,2.6020852139652106e-18,1.1102230246251565e-16,0.29856115948850426
mixed_rank2_11,F_rank_deficient,XI,0.11846840911864238,0.11846840911864243,4.163336342344337e-17,0.1184684091186424,8.673617379884035e-18,-2.7755575615628914e-17,-0.11846840911864241
mixed_rank2_11,F_rank_deficient,XX,0.006213541826934208,0.006213541826934205,3.469446951953614e-18,0.013748894335144656,0.007535352508210448,0.0075353525082104515,0.0013218106812762434
mixed_rank2_11,F_rank_deficient,XY,-0.05865069116478894,-0.05865069116478894,0.0,0.023397961471387115,0.08204865263617606,0.08204865263617606,0.140699343800965
mixed_rank2_11,F_rank_deficient,XZ,-0.0792681112013093,-0.0792681112013093,0.0,-0.09539484918506592,-0.016126737983756623,-0.01612673798375662,0.06314137321755268
mixed_rank2_11,F_rank_deficient,YI,-0.3462885086310532,-0.3462885086310533,1.1102230246251565e-16,-0.3462885086310532,1.734723475976807e-18,1.1102230246251565e-16,0.3462885086310533
mixed_rank2_11,F_rank_deficient,YX,-0.1959268688047,-0.19592686880470006,5.551115123125783e-17,-0.19667686160162326,-0.0007499927969232441,-0.000749992796923199,0.1951768760077768
mixed_rank2_11,F_rank_deficient,YY,0.01776585444725743,0.01776585444725743,0.0,0.014030863303541185,-0.0037349911437162438,-0.0037349911437162455,-0.021500845590973674
mixed_rank2_11,F_rank_deficient,YZ,0.38164126108973073,0.38164126108973084,1.1102230246251565e-16,0.3825182706622636,0.0008770095725328794,0.0008770095725327831,-0.38076425151719795
mixed_rank2_11,F_rank_deficient,ZI,0.031258459606001404,0.031258459606001376,2.7755575615628914e-17,0.031258459606001404,3.469446951953614e-18,2.7755575615628914e-17,-0.031258459606001376
mixed_rank2_11,F_rank_deficient,ZX,0.08604211213144473,0.08604211213144476,2.7755575615628914e-17,0.08953969025058547,0.003497578119140741,0.0034975781191407124,-0.08254453401230402
mixed_rank2_11,F_rank_deficient,ZY,0.017119891037386266,0.01711989103738623,3.469446951953614e-17,0.04780860320450893,0.030688712167122663,0.030688712167122698,0.013568821129736432
mixed_rank2_11,F_rank_deficient,ZZ,0.16570567159026897,0.165705671590269,2.7755575615628914e-17,0.1599307131597758,-0.005774958430493171,-0.005774958430493193,-0.17148063002076216
mixed_rank2_12,F_rank_deficient,II,0.7399036174813317,0.7399036174813318,1.1102230246251565e-16,0.7399036174813317,-5.204170427930421e-18,-1.1102230246251565e-16,-0.7399036174813318
mixed_rank2_12,F_rank_deficient,IX,-0.5223930083249596,-0.5223930083249597,1.1102230246251565e-16,-0.5223930083249596,-2.0816681711721685e-17,1.1102230246251565e-16,0.5223930083249597
mixed_rank2_12,F_rank_deficient,IY,-0.07664836968904518,-0.0766483696890452,2.7755575615628914e-17,-0.07664836968904518,0.0,2.7755575615628914e-17,0.0766483696890452
mixed_rank2_12,F_rank_deficient,IZ,-0.4466736207963269,-0.44667362079632705,1.6653345369377348e-16,-0.4466736207963269,-1.3877787807814457e-17,1.6653345369377348e-16,0.44667362079632705
mixed_rank2_12,F_rank_deficient,XI,0.057460614004922875,0.05746061400492288,6.938893903907228e-18,0.057460614004922875,1.734723475976807e-18,-6.938893903907228e-18,-0.05746061400492288
mixed_rank2_12,F_rank_deficient,XX,-0.06624223350185515,-0.06624223350185517,1.3877787807814457e-17,-0.04627030943900641,0.019971924062848746,0.019971924062848756,0.08621415756470391
mixed_rank2_12,F_rank_deficient,XY,-0.09709008771608468,-0.09709008771608471,2.7755575615628914e-17,-0.08237718477261738,0.014712902943467311,0.014712902943467332,0.11180299065955202
mixed_rank2_12,F_rank_deficient,XZ,0.044944875936816654,0.04494487593681666,6.938893903907228e-18,0.025893580188557915,-0.01905129574825874,-0.019051295748258746,-0.0639961716850754
mixed_rank2_12,F_rank_deficient,YI,0.6730189857584945,0.6730189857584947,2.220446049250313e-16,0.6730189857584945,-1.734723475976807e-18,-2.220446049250313e-16,-0.6730189857584947
mixed_rank2_12,F_rank_deficient,YX,-0.5276353382219261,-0.5276353382219261,0.0,-0.5157065664912182,0.011928771730707964,0.011928771730707943,0.539564109952634
mixed_rank2_12,F_rank_deficient,YY,-0.03542728894673045,-0.035427288946730466,1.3877787807814457e-17,-0.03970632969255008,-0.004279040745819626,-0.004279040745819612,0.03114824820091084
mixed_rank2_12,F_rank_deficient,YZ,-0.46281578188873934,-0.46281578188873934,0.0,-0.4672345812319323,-0.004418799343192968,-0.004418799343192947,0.4583969825455464
mixed_rank2_12,F_rank_deficient,ZI,-0.16905551499041144,-0.16905551499041155,1.1102230246251565e-16,-0.16905551499041147,-1.3877787807814457e-17,8.326672684688674e-17,0.16905551499041155
mixed_rank2_12,F_rank_deficient,ZX,0.05868739038474412,0.058687390384744124,6.938893903907228e-18,0.10399050791885452,0.0453031175341104,0.04530311753411039,-0.013384272850633726
mixed_rank2_12,F_rank_deficient,ZY,0.08336308891331706,0.08336308891331708,1.3877787807814457e-17,0.046248719807356266,-0.037114369105960804,-0.03711436910596081,-0.12047745801927788
mixed_rank2_12,F_rank_deficient,ZZ,0.15449359711973099,0.15449359711973104,5.551115123125783e-17,0.10985191514926827,-0.04464168197046271,-0.04464168197046277,-0.19913527909019374
mixed_rank2_13,F_rank_deficient,II,0.7366223278190321,0.7366223278190323,1.1102230246251565e-16,0.7366223278190321,-1.734723475976807e-17,-1.1102230246251565e-16,-0.7366223278190323
mixed_rank2_13,F_rank_deficient,IX,-0.48594250267084144,-0.4859425026708415,5.551115123125783e-17,-0.48594250267084144,-1.3877787807814457e-17,5.551115123125783e-17,0.4859425026708415
mixed_rank2_13,F_rank_deficient,IY,-0.034958848124358254,-0.034958848124358295,4.163336342344337e-17,-0.03495884812435826,-6.938893903907228e-18,3.469446951953614e-17,0.03495884812435829
mixed_rank2_13,F_rank_deficient,IZ,0.07197593668076949,0.07197593668076949,0.0,0.07197593668076949,-6.938893903907228e-18,0.0,-0.07197593668076949
mixed_rank2_13,F_rank_deficient,XI,0.11211260269678473,0.11211260269678475,1.3877787807814457e-17,0.11211260269678473,0.0,-1.3877787807814457e-17,-0.11211260269678475
mixed_rank2_13,F_rank_deficient,XX,-0.2678768204907874,-0.26787682049078754,1.1102230246251565e-16,-0.16144702183641257,0.10642979865437485,0.10642979865437496,0.3743066191451624
mixed_rank2_13,F_rank_deficient,XY,-0.14660067752555636,-0.1466006775255564,2.7755575615628914e-17,-0.05125670531597969,0.09534397220957666,0.09534397220957669,0.24194464973513305
mixed_rank2_13,F_rank_deficient,XZ,-0.4130588741882918,-0.4130588741882918,0.0,-0.19853484093444831,0.21452403325384345,0.21452403325384348,0.6275829074421353
mixed_rank2_13,F_rank_deficient,YI,0.22543833378543737,0.22543833378543743,5.551115123125783e-17,0.22543833378543737,-3.469446951953614e-18,-5.551115123125783e-17,-0.22543833378543743
mixed_rank2_13,F_rank_deficient,YX,-0.2716099319381786,-0.2716099319381787,5.551115123125783e-17,-0.2161918080645395,0.05541812387363911,0.055418123873639175,0.32702805581181776
mixed_rank2_13,F_rank_deficient,YY,-0.42481337515819234,-0.42481337515819245,1.1102230246251565e-16,-0.2705488485658777,0.15426452659231465,0.15426452659231477,0.5790779017505071
mixed_rank2_13,F_rank_deficient,YZ,0.26955894349811393,0.26955894349811405,1.1102230246251565e-16,0.18765731839259292,-0.08190162510552104,-0.08190162510552113,-0.35146056860363506
mixed_rank2_13,F_rank_deficient,ZI,-0.40751594656019813,-0.40751594656019824,1.1102230246251565e-16,-0.40751594656019813,-3.469446951953614e-18,1.1102230246251565e-16,0.40751594656019824
mixed_rank2_13,F_rank_deficient,ZX,0.5820961696432131,0.5820961696432132,1.1102230246251565e-16,0.4603872494908575,-0.12170892015235554,-0.12170892015235568,-0.7038050897955688
mixed_rank2_13,F_rank_deficient,ZY,-0.2553286213890989,-0.255328621389099,1.1102230246251565e-16,-0.13796735535976762,0.1173612660293313,0.11736126602933139,0.3726898874184303
mixed_rank2_13,F_rank_deficient,ZZ,-0.14933735748601978,-0.14933735748601978,0.0,-0.08441936786021098,0.0649179896258088,0.0649179896258088,0.2142553471118286
mixed_rank2_14,F_rank_deficient,II,0.577778260540872,0.5777782605408721,1.1102230246251565e-16,0.577778260540872,-7.806255641895632e-18,-1.1102230246251565e-16,-0.5777782605408721
mixed_rank2_14,F_rank_deficient,IX,-0.3243865173557695,-0.3243865173557696,1.1102230246251565e-16,-0.3243865173557695,-5.204170427930421e-18,1.1102230246251565e-16,0.3243865173557696
mixed_rank2_14,F_rank_deficient,IY,0.10600380970946452,0.10600380970946456,4.163336342344337e-17,0.10600380970946452,1.734723475976807e-18,-4.163336342344337e-17,-0.10600380970946456
mixed_rank2_14,F_rank_deficient,IZ,-0.32927754644351215,-0.32927754644351226,1.1102230246251565e-16,-0.32927754644351215,2.6020852139652106e-18,1.1102230246251565e-16,0.32927754644351226
mixed_rank2_14,F_rank_deficient,XI,-0.23082946163084067,-0.23082946163084073,5.551115123125783e-17,-0.23082946163084067,-6.938893903907228e-18,5.551115123125783e-17,0.23082946163084073
mixed_rank2_14,F_rank_deficient,XX,0.11173564421029152,0.11173564421029156,4.163336342344337e-17,0.1807229392281277,0.0689872950178362,0.06898729501783615,-0.04274834919245536
mixed_rank2_14,F_rank_deficient,XY,-0.19692856487596982,-0.19692856487596988,5.551115123125783e-17,-0.1591836742193991,0.03774489065657073,0.03774489065657077,0.2346734555325406
mixed_rank2_14,F_rank_deficient,XZ,0.13423630438983658,0.13423630438983658,0.0,0.10604003595331073,-0.028196268436525843,-0.028196268436525854,-0.16243257282636242
mixed_rank2_14,F_rank_deficient,YI,-0.32678307850292554,-0.32678307850292565,1.1102230246251565e-16,-0.32678307850292554,5.204170427930421e-18,1.1102230246251565e-16,0.32678307850292565
mixed_rank2_14,F_rank_deficient,YX,0.2666832336940233,0.26668323369402336,5.551115123125783e-17,0.2265449458061683,-0.040138287887854986,-0.04013828788785506,-0.30682152158187836
mixed_rank2_14,F_rank_deficient,YY,-0.14157681813595369,-0.14157681813595374,5.551115123125783e-17,-0.1658219033484878,-0.024245085212534094,-0.024245085212534045,0.11733173292341964
mixed_rank2_14,F_rank_deficient,YZ,0.19161281785133683,0.19161281785133688,5.551115123125783e-17,0.2115761403162306,0.019963322464893758,0.019963322464893712,-0.1716494953864431
mixed_rank2_14,F_rank_deficient,ZI,0.12438539777228827,0.12438539777228828,1.3877787807814457e-17,0.12438539777228827,-5.204170427930421e-18,-1.3877787807814457e-17,-0.12438539777228828
mixed_rank2_14,F_rank_deficient,ZX,0.01768428402476359,0.017684284024763602,1.3877787807814457e-17,-0.007464193401585606,-0.025148477426349194,-0.02514847742634921,-0.0428327614511128
mixed_rank2_14,F_rank_deficient,ZY,-0.13924053041773102,-0.13924053041773105,2.7755575615628914e-17,-0.15547674070822004,-0.01623621029048902,-0.016236210290488995,0.12300432012724202
mixed_rank2_14,F_rank_deficient,ZZ,-0.16627482270833044,-0.16627482270833052,8.326672684688674e-17,-0.15929276470588694,0.006982058002443501,0.006982058002443586,0.17325688071077402
mixed_rank2_15,F_rank_deficient,II,0.5200864258255852,0.5200864258255853,1.1102230246251565e-16,0.5200864258255852,4.336808689942018e-19,-1.1102230246251565e-16,-0.5200864258255853
mixed_rank2_15,F_rank_deficient,IX,-0.19727601137043255,-0.1972760113704327,1.6653345369377348e-16,-0.19727601137043255,-2.6020852139652106e-18,1.6653345369377348e-16,0.1972760113704327
mixed_rank2_15,F_rank_deficient,IY,-0.07741606924745505,-0.07741606924745509,4.163336342344337e-17,-0.07741606924745506,-8.673617379884035e-18,2.7755575615628914e-17,0.07741606924745507
mixed_rank2_15,F_rank_deficient,IZ,-0.06628756093270025,-0.06628756093270027,2.7755575615628914e-17,-0.06628756093270025,4.336808689942018e-19,2.7755575615628914e-17,0.06628756093270027
mixed_rank2_15,F_rank_deficient,XI,0.00908502258491068,0.00908502258491068,0.0,0.00908502258491068,-8.673617379884035e-19,0.0,-0.00908502258491068
mixed_rank2_15,F_rank_deficient,XX,0.09597432191151926,0.09597432191151928,1.3877787807814457e-17,0.0928742599334417,-0.003100061978077561,-0.0031000619780775784,-0.09907438388959684
mixed_rank2_15,F_rank_deficient,XY,0.0772601121221173,0.07726011212211731,1.3877787807814457e-17,0.07962223152066346,0.002362119398546159,0.0023621193985461503,-0.07489799272357114
mixed_rank2_15,F_rank_deficient,XZ,0.018083353726646476,0.018083353726646482,6.938893903907228e-18,-0.004255501175182823,-0.0223388549018293,-0.022338854901829304,-0.040422208628475786
mixed_rank2_15,F_rank_deficient,YI,0.10310754587916106,0.1031075458791611,4.163336342344337e-17,0.10310754587916106,1.3010426069826053e-18,-4.163336342344337e-17,-0.1031075458791611
mixed_rank2_15,F_rank_deficient,YX,-0.11668262130186431,-0.11668262130186437,5.551115123125783e-17,-0.11349875814448036,0.0031838631573839543,0.0031838631573840037,0.11986648445924832
mixed_rank2_15,F_rank_deficient,YY,-0.0472614394780117,-0.04726143947801173,2.7755575615628914e-17,-0.05121420403228523,-0.003952764554273527,-0.0039527645542735,0.0433086749237382
mixed_rank2_15,F_rank_deficient,YZ,0.001398946377016176,0.0013989463770161803,4.336808689942018e-18,-0.0033705491031332862,-0.004769495480149462,-0.0047694954801494665,-0.0061684418571656425
mixed_rank2_15,F_rank_deficient,ZI,-0.19042600112736946,-0.19042600112736957,1.1102230246251565e-16,-0.19042600112736946,2.168404344971009e-18,1.1102230246251565e-16,0.19042600112736957
mixed_rank2_15,F_rank_deficient,ZX,0.36477001752381766,0.3647700175238179,2.220446049250313e-16,0.3661435311154604,0.0013735135916427069,0.0013735135916425056,-0.36339650393217515
mixed_rank2_15,F_rank_deficient,ZY,0.30014048933584214,0.30014048933584225,1.1102230246251565e-16,0.29834913167304355,-0.001791357662798615,-0.0017913576627986982,-0.30193184699864084
mixed_rank2_15,F_rank_deficient,ZZ,-0.007456404971613621,-0.00745640497161363,8.673617379884035e-18,-0.0021188128636712225,0.0053375921079423985,0.005337592107942407,0.012793997079556028
mixed_rank2_16,F_rank_deficient,II,0.5314963751627892,0.5314963751627892,0.0,0.5314963751627892,2.0599841277224584e-18,0.0,-0.5314963751627892
mixed_rank2_16,F_rank_deficient,IX,0.1662270995873456,0.16622709958734563,2.7755575615628914e-17,0.1662270995873456,-8.673617379884035e-18,-2.7755575615628914e-17,-0.16622709958734563
mixed_rank2_16,F_rank_deficient,IY,-0.3028754049738973,-0.3028754049738973,0.0,-0.3028754049738973,6.938893903907228e-18,0.0,0.3028754049738973
mixed_rank2_16,F_rank_deficient,IZ,0.24761226390194674,0.2476122639019467,2.7755575615628914e-17,0.24761226390194674,-1.734723475976807e-18,2.7755575615628914e-17,-0.2476122639019467
mixed_rank2_16,F_rank_deficient,XI,-0.12830778056607325,-0.12830778056607323,2.7755575615628914e-17,-0.12830778056607325,2.6020852139652106e-18,-2.7755575615628914e-17,0.12830778056607323
mixed_rank2_16,F_rank_deficient,XX,-0.06826027831524589,-0.06826027831524592,2.7755575615628914e-17,-0.04352322266183266,0.024737055653413227,0.024737055653413262,0.09299733396865914
mixed_rank2_16,F_rank_deficient,XY,0.07975038543590064,0.07975038543590068,4.163336342344337e-17,0.06457927744416697,-0.01517110799173367,-0.015171107991733712,-0.09492149342763435
mixed_rank2_16,F_rank_deficient,XZ,-0.15288936837078776,-0.15288936837078776,0.0,-0.1515333287605723,0.0013560396102154561,0.0013560396102154648,0.15424540798100322
mixed_rank2_16,F_rank_deficient,YI,-0.15317401048917909,-0.15317401048917909,0.0,-0.15317401048917909,7.914675859144182e-18,0.0,0.15317401048917909
mixed_rank2_16,F_rank_deficient,YX,0.023166833497573175,0.02316683349757316,1.3877787807814457e-17,0.001255794173181413,-0.02191103932439176,-0.02191103932439175,-0.04507787282196492
mixed_rank2_16,F_rank_deficient,YY,0.08663549673731362,0.08663549673731363,1.3877787807814457e-17,0.07562941137079512,-0.011006085366518491,-0.011006085366518509,-0.09764158210383213
mixed_rank2_16,F_rank_deficient,YZ,-0.2261070153522773,-0.2261070153522774,8.326672684688674e-17,-0.22460605244994558,0.0015009629023317234,0.001500962902331815,0.22760797825460913
mixed_rank2_16,F_rank_deficient,ZI,0.13549625388963488,0.135496253889635,1.1102230246251565e-16,0.13549625388963488,-8.998878031629687e-18,-1.1102230246251565e-16,-0.135496253889635
mixed_rank2_16,F_rank_deficient,ZX,0.030327747743056202,0.030327747743056216,1.3877787807814457e-17,0.026003582961941468,-0.0043241647811147355,-0.004324164781114748,-0.03465191252417095
mixed_rank2_16,F_rank_deficient,ZY,0.0036476925735576503,0.003647692573557626,2.42861286636753e-17,-0.013197269352790975,-0.016844961926348625,-0.0168449619263486,-0.02049265449990625
mixed_rank2_16,F_rank_deficient,ZZ,0.2738942961297849,0.27389429612978494,5.551115123125783e-17,0.27090540800173074,-0.002988888128054145,-0.0029888881280542012,-0.2768831842578391
mixed_rank2_17,F_rank_deficient,II,0.9179077035695776,0.917907703569578,3.3306690738754696e-16,0.9179077035695776,0.0,-3.3306690738754696e-16,-0.917907703569578
mixed_rank2_17,F_rank_deficient,IX,-0.6237429425675595,-0.6237429425675597,2.220446049250313e-16,-0.6237429425675595,-1.3877787807814457e-17,2.220446049250313e-16,0.6237429425675597
mixed_rank2_17,F_rank_deficient,IY,-0.5301220289827999,-0.5301220289827999,0.0,-0.5301220289827999,3.469446951953614e-18,0.0,0.5301220289827999
mixed_rank2_17,F_rank_deficient,IZ,-0.32908918583916785,-0.32908918583916796,1.1102230246251565e-16,-0.32908918583916785,1.3877787807814457e-17,1.1102230246251565e-16,0.32908918583916796
mixed_rank2_17,F_rank_deficient,XI,-0.2785888890785819,-0.27858888907858204,1.1102230246251565e-16,-0.2785888890785819,-8.673617379884035e-18,1.1102230246251565e-16,0.27858888907858204
mixed_rank2_17,F_rank_deficient,XX,0.2181451569521906,0.21814515695219067,5.551115123125783e-17,0.21133790608576844,-0.006807250866422164,-0.006807250866422226,-0.22495240781861284
mixed_rank2_17,F_rank_deficient,XY,0.0440736574243119,0.04407365742431191,6.938893903907228e-18,0.0963470033682492,0.052273345943937295,0.05227334594393729,0.008199688519625388
mixed_rank2_17,F_rank_deficient,XZ,0.29612122097830224,0.2961212209783023,5.551115123125783e-17,0.20434962057718306,-0.09177160040111917,-0.09177160040111923,-0.3878928213794215
mixed_rank2_17,F_rank_deficient,YI,0.7904290709746209,0.7904290709746212,3.3306690738754696e-16,0.7904290709746209,1.3877787807814457e-17,-3.3306690738754696e-16,-0.7904290709746212
mixed_rank2_17,F_rank_deficient,YX,-0.5172816650171231,-0.5172816650171235,3.3306690738754696e-16,-0.528963397861786,-0.011681732844662882,-0.011681732844662562,0.5055999321724606
mixed_rank2_17,F_rank_deficient,YY,-0.5768123930922051,-0.5768123930922054,3.3306690738754696e-16,-0.5164260936325809,0.06038629945962429,0.06038629945962459,0.6371986925518297
mixed_rank2_17,F_rank_deficient,YZ,-0.2817239009316207,-0.2817239009316207,0.0,-0.2818971047178546,-0.00017320378623393237,-0.00017320378623392196,0.2815506971453868
mixed_rank2_17,F_rank_deficient,ZI,0.2810591911323823,0.28105919113238226,5.551115123125783e-17,0.2810591911323823,-6.938893903907228e-18,5.551115123125783e-17,-0.28105919113238226
mixed_rank2_17,F_rank_deficient,ZX,-0.36528318364637613,-0.3652831836463762,5.551115123125783e-17,-0.2790122983299305,0.08627088531644561,0.08627088531644567,0.4515540689628218
mixed_rank2_17,F_rank_deficient,ZY,-0.06338762664974912,-0.06338762664974912,0.0,-0.11152397957029736,-0.048136352920548235,-0.04813635292054824,0.015251273729200883
mixed_rank2_17,F_rank_deficient,ZZ,0.009397452520029076,0.009397452520029098,2.2551405187698492e-17,-0.051668742768633216,-0.06106619528866229,-0.06106619528866231,-0.0704636478086914
mixed_rank2_18,F_rank_deficient,II,0.6476770125604754,0.6476770125604754,0.0,0.6476770125604754,-1.6479873021779667e-17,0.0,-0.6476770125604754
mixed_rank2_18,F_rank_deficient,IX,-0.20655652221496554,-0.2065565222149656,5.551115123125783e-17,-0.20655652221496554,-3.469446951953614e-18,5.551115123125783e-17,0.2065565222149656
mixed_rank2_18,F_rank_deficient,IY,0.16789586172186954,0.16789586172186957,2.7755575615628914e-17,0.16789586172186954,0.0,-2.7755575615628914e-17,-0.16789586172186957
mixed_rank2_18,F_rank_deficient,IZ,-0.3613270176448672,-0.3613270176448672,0.0,-0.3613270176448672,8.673617379884035e-19,0.0,0.3613270176448672
mixed_rank2_18,F_rank_deficient,XI,0.16144376214621325,0.16144376214621328,2.7755575615628914e-17,0.16144376214621325,6.938893903907228e-18,-2.7755575615628914e-17,-0.16144376214621328
mixed_rank2_18,F_rank_deficient,XX,0.015202947677632389,0.015202947677632405,1.5612511283791264e-17,-0.03242026539514812,-0.04762321307278051,-0.04762321307278052,-0.06282616075041292
mixed_rank2_18,F_rank_deficient,XY,-0.08309511919013679,-0.08309511919013683,4.163336342344337e-17,0.0033145819818671523,0.08640970117200394,0.08640970117200399,0.16950482036214076
mixed_rank2_18,F_rank_deficient,XZ,-0.37668948375112654,-0.37668948375112665,1.1102230246251565e-16,-0.22298399205310376,0.1537054916980228,0.1537054916980229,0.5303949754491495
mixed_rank2_18,F_rank_deficient,YI,-0.4152277820786895,-0.4152277820786895,0.0,-0.4152277820786895,5.637851296924623e-18,0.0,0.4152277820786895
mixed_rank2_18,F_rank_deficient,YX,0.38230781360625343,0.38230781360625354,1.1102230246251565e-16,0.3067152086750522,-0.07559260493120126,-0.07559260493120135,-0.4579004185374548
mixed_rank2_18,F_rank_deficient,YY,-0.251722952864871,-0.2517229528648711,1.1102230246251565e-16,-0.15698497108104723,0.09473798178382381,0.0947379817838239,0.34646093464869493
mixed_rank2_18,F_rank_deficient,YZ,0.2773611844409923,0.27736118444099234,5.551115123125783e-17,0.28235916052535254,0.00499797608436027,0.004997976084360201,-0.2723632083566321
mixed_rank2_18,F_rank_deficient,ZI,0.06961409398958489,0.06961409398958483,5.551115123125783e-17,0.06961409398958489,-8.673617379884035e-19,5.551115123125783e-17,-0.06961409398958483
mixed_rank2_18,F_rank_deficient,ZX,0.27450985181875454,0.27450985181875454,0.0,0.2292012246053084,-0.04530862721344612,-0.04530862721344614,-0.3198184790322007
mixed_rank2_18,F_rank_deficient,ZY,0.29766516222240835,0.2976651622224084,5.551115123125783e-17,0.2063994908190229,-0.09126567140338546,-0.09126567140338551,-0.38893083362579384
mixed_rank2_18,F_rank_deficient,ZZ,-0.07754593049215233,-0.07754593049215237,4.163336342344337e-17,-0.06972358750872631,0.00782234298342601,0.007822342983426059,0.08536827347557838
mixed_rank2_19,F_rank_deficient,II,0.7564821240194727,0.7564821240194729,2.220446049250313e-16,0.7564821240194727,6.938893903907228e-18,-2.220446049250313e-16,-0.7564821240194729
mixed_rank2_19,F_rank_deficient,IX,-0.22203369615750204,-0.22203369615750213,8.326672684688674e-17,-0.22203369615750204,-1.734723475976807e-18,8.326672684688674e-17,0.22203369615750213
mixed_rank2_19,F_rank_deficient,IY,-0.0887375472301972,-0.08873754723019721,1.3877787807814457e-17,-0.0887375472301972,0.0,1.3877787807814457e-17,0.08873754723019721
mixed_rank2_19,F_rank_deficient,IZ,0.4094054412784835,0.4094054412784837,2.220446049250313e-16,0.40940544127848355,4.163336342344337e-17,-1.6653345369377348e-16,-0.40940544127848366
mixed_rank2_19,F_rank_deficient,XI,0.06158730550933263,0.061587305509332634,6.938893903907228e-18,0.06158730550933262,-6.938893903907228e-18,-1.3877787807814457e-17,-0.06158730550933264
mixed_rank2_19,F_rank_deficient,XX,-0.43494031387266785,-0.43494031387266785,0.0,-0.2867012322491999,0.1482390816234679,0.14823908162346794,0.5831793954961357
mixed_rank2_19,F_rank_deficient,XY,-0.31023783666150573,-0.31023783666150573,0.0,-0.20358919296284705,0.1066486436986587,0.10664864369865867,0.4168864803601644
mixed_rank2_19,F_rank_deficient,XZ,-0.18517267930177306,-0.18517267930177306,0.0,-0.10170888318924923,0.08346379611252384,0.08346379611252383,0.2686364754142969
mixed_rank2_19,F_rank_deficient,YI,0.15769350611211638,0.15769350611211638,0.0,0.15769350611211638,2.6020852139652106e-18,0.0,-0.15769350611211638
mixed_rank2_19,F_rank_deficient,YX,-0.3596795134515092,-0.3596795134515093,5.551115123125783e-17,-0.20059594855494234,0.1590835648965669,0.15908356489656694,0.5187630783480761
mixed_rank2_19,F_rank_deficient,YY,0.4014863877427608,0.4014863877427609,1.1102230246251565e-16,0.19190596469594778,-0.209580423046813,-0.20958042304681312,-0.6110668107895739
mixed_rank2_19,F_rank_deficient,YZ,0.12246017782221301,0.12246017782221304,2.7755575615628914e-17,0.09782015432882149,-0.024640023493391516,-0.024640023493391547,-0.14710020131560456
mixed_rank2_19,F_rank_deficient,ZI,0.47305265830063803,0.4730526583006381,5.551115123125783e-17,0.47305265830063803,-2.7755575615628914e-17,-5.551115123125783e-17,-0.47305265830063814
mixed_rank2_19,F_rank_deficient,ZX,-0.19133504302680837,-0.1913350430268084,2.7755575615628914e-17,-0.16272349699950484,0.028611546027303526,0.028611546027303564,0.21994658905411194
mixed_rank2_19,F_rank_deficient,ZY,-0.21873367838742472,-0.21873367838742475,2.7755575615628914e-17,-0.15373701557961023,0.06499666280781449,0.06499666280781452,0.2837303411952392
mixed_rank2_19,F_rank_deficient,ZZ,0.6412864521000181,0.6412864521000183,2.220446049250313e-16,0.4543769121923379,-0.18690953990768022,-0.18690953990768044,-0.8281959920076986
mixed_rank3_0,F_rank_deficient,II,0.5400714068674763,0.5400714068674765,1.1102230246251565e-16,0.5400714068674763,6.938893903907228e-18,-1.1102230246251565e-16,-0.5400714068674765
mixed_rank3_0,F_rank_deficient,IX,0.2404600554351594,0.24046005543515947,8.326672684688674e-17,0.2404600554351594,-1.0408340855860843e-17,-8.326672684688674e-17,-0.24046005543515947
mixed_rank3_0,F_rank_deficient,IY,-0.1900775826746255,-0.19007758267462552,2.7755575615628914e-17,-0.1900775826746255,1.3877787807814457e-17,2.7755575615628914e-17,0.19007758267462554
mixed_rank3_0,F_rank_deficient,IZ,0.3170049922718936,0.3170049922718937,1.1102230246251565e-16,0.3170049922718936,-6.938893903907228e-18,-1.1102230246251565e-16,-0.3170049922718937
mixed_rank3_0,F_rank_deficient,XI,0.3377813394875712,0.3377813394875713,5.551115123125783e-17,0.3377813394875712,6.288372600415926e-18,-5.551115123125783e-17,-0.3377813394875713
mixed_rank3_0,F_rank_deficient,XX,0.29754166451881225,0.2975416645188124,1.6653345369377348e-16,0.26413803021443427,-0.033403634304377976,-0.03340363430437815,-0.3309452988231904
mixed_rank3_0,F_rank_deficient,XY,-0.1434015477298946,-0.14340154772989464,2.7755575615628914e-17,-0.12713378374041423,0.016267763989480363,0.016267763989480405,0.15966931171937498
mixed_rank3_0,F_rank_deficient,XZ,0.24656317811769182,0.24656317811769193,1.1102230246251565e-16,0.22648110793277365,-0.020082070184918165,-0.020082070184918283,-0.2666452483026101
mixed_rank3_0,F_rank_deficient,YI,0.06048894291602002,0.06048894291602003,6.938893903907228e-18,0.06048894291602002,-1.734723475976807e-18,-6.938893903907228e-18,-0.06048894291602003
mixed_rank3_0,F_rank_deficient,YX,-0.05495447462699851,-0.05495447462699851,0.0,-0.05207988714225323,0.0028745874847452817,0.0028745874847452835,0.057829062111743795
mixed_rank3_0,F_rank_deficient,YY,0.15754558709194172,0.15754558709194172,0.0,0.11309597443611705,-0.04444961265582466,-0.04444961265582467,-0.20199519974776636
mixed_rank3_0,F_rank_deficient,YZ,0.23039532132540522,0.2303953213254053,8.326672684688674e-17,0.20377919484024185,-0.02661612648516338,-0.026616126485163455,-0.25701144781056867
mixed_rank3_0,F_rank_deficient,ZI,-0.013570971582948657,-0.013570971582948621,3.642919299551295e-17,-0.013570971582948649,8.673617379884035e-18,-2.7755575615628914e-17,0.01357097158294863
mixed_rank3_0,F_rank_deficient,ZX,0.12595844449051044,0.12595844449051044,0.0,0.0678945734918065,-0.05806387099870395,-0.05806387099870394,-0.18402231548921438
mixed_rank3_0,F_rank_deficient,ZY,0.1340308719941879,0.13403087199418792,2.7755575615628914e-17,0.038760450268346694,-0.09527042172584119,-0.09527042172584123,-0.2293012937200291
mixed_rank3_0,F_rank_deficient,ZZ,-0.1000096780151919,-0.10000967801519192,2.7755575615628914e-17,-0.05876687850298726,0.041242799512204636,0.041242799512204664,0.14125247752739656
mixed_rank3_1,F_rank_deficient,II,0.4812860400712168,0.4812860400712169,1.1102230246251565e-16,0.4812860400712168,1.3444106938820255e-17,-1.1102230246251565e-16,-0.4812860400712169
mixed_rank3_1,F_rank_deficient,IX,-0.1776668017406712,-0.17766680174067123,2.7755575615628914e-17,-0.1776668017406712,-3.469446951953614e-18,2.7755575615628914e-17,0.17766680174067123
mixed_rank3_1,F_rank_deficient,IY,-0.18473586870977807,-0.1847358687097781,2.7755575615628914e-17,-0.18473586870977807,1.734723475976807e-18,2.7755575615628914e-17,0.1847358687097781
mixed_rank3_1,F_rank_deficient,IZ,0.02294965560739019,0.022949655607390186,3.469446951953614e-18,0.022949655607390186,-3.0357660829594124e-18,0.0,-0.02294965560739019
mixed_rank3_1,F_rank_deficient,XI,-0.20915529008637057,-0.20915529008637063,5.551115123125783e-17,-0.20915529008637057,-3.469446951953614e-18,5.551115123125783e-17,0.20915529008637063
mixed_rank3_1,F_rank_deficient,XX,0.17368088625330025,0.17368088625330025,0.0,0.15564490687903887,-0.018035979374261372,-0.01803597937426138,-0.19171686562756163
mixed_rank3_1,F_rank_deficient,XY,0.28349052167320843,0.2834905216732085,5.551115123125783e-17,0.25944925662176105,-0.024041265051447366,-0.024041265051447436,-0.30753178672465586
mixed_rank3_1,F_rank_deficient,XZ,-0.11219323153543867,-0.11219323153543871,4.163336342344337e-17,-0.0657772414523502,0.04641599008308848,0.04641599008308851,0.1586092216185272
mixed_rank3_1,F_rank_deficient,YI,-0.19931992608691632,-0.19931992608691643,1.1102230246251565e-16,-0.19931992608691634,-2.0816681711721685e-17,8.326672684688674e-17,0.1993199260869164
mixed_rank3_1,F_rank_deficient,YX,0.08760063040842515,0.08760063040842514,1.3877787807814457e-17,0.08476892647279416,-0.002831703935630994,-0.0028317039356309803,-0.09043233434405613
mixed_rank3_1,F_rank_deficient,YY,0.14634154903032537,0.1463415490303254,2.7755575615628914e-17,0.11199769972030595,-0.03434384931001942,-0.03434384931001945,-0.1806853983403448
mixed_rank3_1,F_rank_deficient,YZ,0.18780820600233397,0.18780820600233403,5.551115123125783e-17,0.045033069106334346,-0.14277513689599963,-0.1427751368959997,-0.3305833428983337
mixed_rank3_1,F_rank_deficient,ZI,0.06012286439813619,0.060122864398136217,2.7755575615628914e-17,0.06012286439813619,2.168404344971009e-18,-2.7755575615628914e-17,-0.060122864398136217
mixed_rank3_1,F_rank_deficient,ZX,-0.2801690231763681,-0.28016902317636816,5.551115123125783e-17,-0.24589163777294595,0.03427738540342215,0.034277385403422206,0.31444640857979034
mixed_rank3_1,F_rank_deficient,ZY,0.13942779447451148,0.13942779447451148,0.0,0.12003466263200815,-0.019393131842503318,-0.019393131842503325,-0.1588209263170148
mixed_rank3_1,F_rank_deficient,ZZ,-0.02165461320678352,-0.02165461320678355,3.122502256758253e-17,-0.023916019003460527,-0.002261405796677007,-0.0022614057966769754,0.019393207410106545
mixed_rank3_2,F_rank_deficient,II,0.4749925127538706,0.47499251275387067,5.551115123125783e-17,0.4749925127538706,7.589415207398531e-18,-5.551115123125783e-17,-0.47499251275387067
mixed_rank3_2,F_rank_deficient,IX,0.03956809229313832,0.03956809229313829,2.7755575615628914e-17,0.03956809229313832,-3.469446951953614e-18,2.7755575615628914e-17,-0.03956809229313829
mixed_rank3_2,F_rank_deficient,IY,0.17733932129983415,0.1773393212998342,5.551115123125783e-17,0.17733932129983415,-5.204170427930421e-18,-5.551115123125783e-17,-0.1773393212998342
mixed_rank3_2,F_rank_deficient,IZ,0.09028935427956014,0.09028935427956016,1.3877787807814457e-17,0.09028935427956014,1.734723475976807e-18,-1.3877787807814457e-17,-0.09028935427956016
mixed_rank3_2,F_rank_deficient,XI,0.2809357722759399,0.28093577227594,1.1102230246251565e-16,0.2809357722759399,0.0,-1.1102230246251565e-16,-0.28093577227594
mixed_rank3_2,F_rank_deficient,XX,0.028451836939126236,0.028451836939126236,0.0,0.03767581541478561,0.009223978475659374,0.009223978475659374,-0.019227858463466863
mixed_rank3_2,F_rank_deficient,XY,0.020573858677738803,0.020573858677738796,6.938893903907228e-18,0.05175834883950807,0.031184490161769267,0.031184490161769274,0.01061063148403047
mixed_rank3_2,F_rank_deficient,XZ,0.08569883682217823,0.0856988368221783,6.938893903907228e-17,0.12372131501961645,0.03802247819743822,0.03802247819743815,-0.04767635862474008
mixed_rank3_2,F_rank_deficient,YI,-0.24588119735954128,-0.24588119735954128,0.0,-0.24588119735954128,4.119968255444917e-18,0.0,0.24588119735954128
mixed_rank3_2,F_rank_deficient,YX,-0.008360585601007586,-0.008360585601007622,3.642919299551295e-17,-0.01895101229872464,-0.010590426697717053,-0.010590426697717016,-0.00222984109670943
mixed_rank3_2,F_rank_deficient,YY,-0.13535792471938785,-0.13535792471938785,0.0,-0.16438992975714697,-0.029032005037759136,-0.02903200503775913,0.10632591968162872
mixed_rank3_2,F_rank_deficient,YZ,0.048875464843943096,0.04887546484394313,3.469446951953614e-17,0.04076910594149522,-0.008106358902447876,-0.008106358902447909,-0.056981823746391005
mixed_rank3_2,F_rank_deficient,ZI,-0.020693433706612956,-0.020693433706612946,1.0408340855860843e-17,-0.02069343370661296,-4.119968255444917e-18,-1.3877787807814457e-17,0.020693433706612942
mixed_rank3_2,F_rank_deficient,ZX,0.18220379528441147,0.18220379528441155,8.326672684688674e-17,0.19239471289839882,0.010190917613987348,0.010190917613987271,-0.1720128776704242
mixed_rank3_2,F_rank_deficient,ZY,-0.07451094826544032,-0.07451094826544033,1.3877787807814457e-17,-0.07842778347071987,-0.003916835205279547,-0.003916835205279537,0.07059411306016078
mixed_rank3_2,F_rank_deficient,ZZ,0.016027218102493423,0.016027218102493426,3.469446951953614e-18,0.011860691099314535,-0.004166527003178887,-0.004166527003178891,-0.020193745105672314
mixed_rank3_3,F_rank_deficient,II,0.5912067271825345,0.5912067271825348,2.220446049250313e-16,0.5912067271825345,-1.1275702593849246e-17,-2.220446049250313e-16,-0.5912067271825348
mixed_rank3_3,F_rank_deficient,IX,0.08668085486043486,0.08668085486043493,6.938893903907228e-17,0.08668085486043489,2.7755575615628914e-17,-4.163336342344337e-17,-0.0866808548604349
mixed_rank3_3,F_rank_deficient,IY,-0.08800523387794301,-0.08800523387794305,4.163336342344337e-17,-0.08800523387794301,1.734723475976807e-18,4.163336342344337e-17,0.08800523387794305
mixed_rank3_3,F_rank_deficient,IZ,0.31622487810597255,0.3162248781059726,5.551115123125783e-17,0.31622487810597255,-1.0408340855860843e-17,-5.551115123125783e-17,-0.3162248781059726
mixed_rank3_3,F_rank_deficient,XI,0.17501362812161492,0.1750136281216149,2.7755575615628914e-17,0.17501362812161492,3.469446951953614e-18,2.7755575615628914e-17,-0.1750136281216149
mixed_rank3_3,F_rank_deficient,XX,0.05630596904362441,0.05630596904362439,1.3877787807814457e-17,0.05426087228877789,-0.002045096754846515,-0.002045096754846501,-0.05835106579847091
mixed_rank3_3,F_rank_deficient,XY,0.2691025848737574,0.2691025848737574,0.0,0.11621057938097615,-0.1528920054927812,-0.15289200549278123,-0.4219945903665386
mixed_rank3_3,F_rank_deficient,XZ,0.2734802193563961,0.27348021935639616,5.551115123125783e-17,0.19122655009348793,-0.08225366926290817,-0.08225366926290822,-0.35573388861930433
mixed_rank3_3,F_rank_deficient,YI,0.2764551851909519,0.27645518519095197,5.551115123125783e-17,0.2764551851909519,-8.673617379884035e-18,-5.551115123125783e-17,-0.27645518519095197
mixed_rank3_3,F_rank_deficient,YX,0.03154793056424854,0.031547930564248525,1.3877787807814457e-17,-0.013682067644509806,-0.045229998208758344,-0.04522999820875833,-0.07677792877300688
mixed_rank3_3,F_rank_deficient,YY,-0.2564730745036684,-0.2564730745036684,0.0,-0.16224156103256032,0.09423151347110806,0.09423151347110809,0.35070458797477644
mixed_rank3_3,F_rank_deficient,YZ,0.40299131703352764,0.40299131703352764,0.0,0.3164732434269071,-0.08651807360662056,-0.08651807360662056,-0.4895093906401482
mixed_rank3_3,F_rank_deficient,ZI,-0.008463178937147962,-0.008463178937147958,3.469446951953614e-18,-0.008463178937147972,-1.0408340855860843e-17,-1.3877787807814457e-17,0.008463178937147948
mixed_rank3_3,F_rank_deficient,ZX,-0.42916168178504976,-0.4291616817850499,1.1102230246251565e-16,-0.321882516071353,0.10727916571369676,0.10727916571369689,0.5364408474987467
mixed_rank3_3,F_rank_deficient,ZY,-0.02797004850075821,-0.027970048500758217,6.938893903907228e-18,-0.054354055963971436,-0.026384007463213226,-0.02638400746321322,0.0015860410375449913
mixed_rank3_3,F_rank_deficient,ZZ,0.1043838617153919,0.10438386171539189,1.3877787807814457e-17,0.10902973361768815,0.0046458719022962475,0.004645871902296261,-0.09973798981309565
mixed_rank3_4,F_rank_deficient,II,0.6411319843638318,0.6411319843638319,1.1102230246251565e-16,0.6411319843638318,1.3877787807814457e-17,-1.1102230246251565e-16,-0.6411319843638319
mixed_rank3_4,F_rank_deficient,IX,0.08703035879561889,0.0870303587956189,1.3877787807814457e-17,0.0870303587956189,1.3877787807814457e-17,0.0,-0.08703035879561889
mixed_rank3_4,F_rank_deficient,IY,0.004056279022214443,0.004056279022214424,1.9081958235744878e-17,0.004056279022214438,-5.204170427930421e-18,1.3877787807814457e-17,-0.004056279022214429
mixed_rank3_4,F_rank_deficient,IZ,0.30629381495392183,0.30629381495392183,0.0,0.30629381495392183,0.0,0.0,-0.30629381495392183
mixed_rank3_4,F_rank_deficient,XI,-0.006356974401586788,-0.006356974401586803,1.5612511283791264e-17,-0.0063569744015867895,-1.3010426069826053e-18,1.3877787807814457e-17,0.006356974401586802
mixed_rank3_4,F_rank_deficient,XX,-0.013608828270293194,-0.013608828270293194,0.0,-0.04685199193824909,-0.0332431636679559,-0.0332431636679559,-0.019634335397662704
mixed_rank3_4,F_rank_deficient,XY,0.46498023797490856,0.4649802379749086,5.551115123125783e-17,0.24926415863924317,-0.2157160793356654,-0.21571607933566544,-0.680696317310574
mixed_rank3_4,F_rank_deficient,XZ,-0.11379133526926641,-0.11379133526926644,2.7755575615628914e-17,-0.09843431190540668,0.01535702336385973,0.01535702336385976,0.12914835863312615
mixed_rank3_4,F_rank_deficient,YI,0.3007815348984144,0.3007815348984144,0.0,0.3007815348984144,1.0408340855860843e-17,0.0,-0.3007815348984144
mixed_rank3_4,F_rank_deficient,YX,0.39014286954574373,0.39014286954574384,1.1102230246251565e-16,0.28137192456073246,-0.1087709449850113,-0.10877094498501139,-0.4989138145307551
mixed_rank3_4,F_rank_deficient,YY,0.03464563515802074,0.03464563515802075,6.938893903907228e-18,-0.028557885134879113,-0.06320352029289986,-0.06320352029289986,-0.0978491554509206
mixed_rank3_4,F_rank_deficient,YZ,0.439789052650556,0.4397890526505561,1.1102230246251565e-16,0.3475602304985418,-0.09222882215201425,-0.09222882215201433,-0.5320178748025703
mixed_rank3_4,F_rank_deficient,ZI,0.1740461662943632,0.1740461662943632,0.0,0.1740461662943632,-1.3877787807814457e-17,0.0,-0.1740461662943632
mixed_rank3_4,F_rank_deficient,ZX,-0.3217964469243905,-0.3217964469243906,5.551115123125783e-17,-0.181153333894556,0.1406431130298345,0.14064311302983457,0.4624395599542251
mixed_rank3_4,F_rank_deficient,ZY,0.06826915728187208,0.06826915728187209,1.3877787807814457e-17,0.03789105647469053,-0.030378100807181556,-0.030378100807181563,-0.09864725808905364
mixed_rank3_4,F_rank_deficient,ZZ,0.369280349983846,0.3692803499838461,1.1102230246251565e-16,0.2379942251321175,-0.13128612485172853,-0.13128612485172864,-0.5005664748355747
mixed_rank3_5,F_rank_deficient,II,0.5170769347909575,0.5170769347909576,1.1102230246251565e-16,0.5170769347909575,-1.1275702593849246e-17,-1.1102230246251565e-16,-0.5170769347909576
mixed_rank3_5,F_rank_deficient,IX,0.05317844635675145,0.05317844635675146,6.938893903907228e-18,0.05317844635675145,3.469446951953614e-18,-6.938893903907228e-18,-0.05317844635675145
mixed_rank3_5,F_rank_deficient,IY,0.3084027596289868,0.30840275962898683,5.551115123125783e-17,0.3084027596289868,-4.336808689942018e-19,-5.551115123125783e-17,-0.30840275962898683
mixed_rank3_5,F_rank_deficient,IZ,0.2953503701689078,0.29535037016890786,5.551115123125783e-17,0.2953503701689078,1.0408340855860843e-17,-5.551115123125783e-17,-0.29535037016890786
mixed_rank3_5,F_rank_deficient,XI,0.3801123949795917,0.3801123949795918,1.1102230246251565e-16,0.3801123949795917,-1.2576745200831851e-17,-1.1102230246251565e-16,-0.3801123949795918
mixed_rank3_5,F_rank_deficient,XX,0.02332807058796277,0.02332807058796277,0.0,0.011268959459191291,-0.01205911112877148,-0.01205911112877148,-0.03538718171673425
mixed_rank3_5,F_rank_deficient,XY,0.2481572004825666,0.24815720048256665,5.551115123125783e-17,0.2589815928037164,0.010824392321149817,0.010824392321149762,-0.23733280816141683
mixed_rank3_5,F_rank_deficient,XZ,0.2664223924997964,0.2664223924997965,1.1102230246251565e-16,0.24275390378583145,-0.023668488713964927,-0.02366848871396504,-0.2900908812137614
mixed_rank3_5,F_rank_deficient,YI,0.2102360590559118,0.21023605905591183,2.7755575615628914e-17,0.2102360590559118,1.1926223897340549e-18,-2.7755575615628914e-17,-0.21023605905591183
mixed_rank3_5,F_rank_deficient,YX,-0.009438835776027065,-0.009438835776027074,8.673617379884035e-18,0.01978047988027404,0.029219315656301106,0.029219315656301113,0.03865815143232818
mixed_rank3_5,F_rank_deficient,YY,0.21623727670510418,0.21623727670510423,5.551115123125783e-17,0.19345764037483265,-0.022779636330271514,-0.02277963633027158,-0.23901691303537576
mixed_rank3_5,F_rank_deficient,YZ,0.08520024968407683,0.08520024968407686,2.7755575615628914e-17,0.11836055686981448,0.033160307185737654,0.03316030718573762,-0.0520399424983392
mixed_rank3_5,F_rank_deficient,ZI,0.0578608493690808,0.057860849369080786,1.3877787807814457e-17,0.0578608493690808,-1.734723475976807e-18,1.3877787807814457e-17,-0.057860849369080786
mixed_rank3_5,F_rank_deficient,ZX,0.09928518692545886,0.09928518692545885,1.3877787807814457e-17,0.08196438306860801,-0.017320803856850846,-0.017320803856850836,-0.1166059907823097
mixed_rank3_5,F_rank_deficient,ZY,0.12653453866139797,0.126534538661398,2.7755575615628914e-17,0.13048462741242806,0.003950088751030094,0.003950088751030062,-0.1225844499103679
mixed_rank3_5,F_rank_deficient,ZZ,0.021817670042494026,0.021817670042494033,6.938893903907228e-18,0.013625530580520073,-0.008192139461973951,-0.00819213946197396,-0.030009809504467987
mixed_rank3_6,F_rank_deficient,II,0.5134285756934579,0.513428575693458,1.1102230246251565e-16,0.5134285756934579,-8.673617379884035e-18,-1.1102230246251565e-16,-0.513428575693458
mixed_rank3_6,F_rank_deficient,IX,0.02758784800750719,0.027587848007507194,3.469446951953614e-18,0.027587848007507187,-3.469446951953614e-18,-6.938893903907228e-18,-0.027587848007507198
mixed_rank3_6,F_rank_deficient,IY,0.17466103310125367,0.1746610331012537,2.7755575615628914e-17,0.17466103310125367,0.0,-2.7755575615628914e-17,-0.1746610331012537
mixed_rank3_6,F_rank_deficient,IZ,-0.12099030722174142,-0.12099030722174145,2.7755575615628914e-17,-0.12099030722174142,3.469446951953614e-18,2.7755575615628914e-17,0.12099030722174145
mixed_rank3_6,F_rank_deficient,XI,0.14318786457521435,0.14318786457521437,2.7755575615628914e-17,0.14318786457521435,-3.7947076036992655e-18,-2.7755575615628914e-17,-0.14318786457521437
mixed_rank3_6,F_rank_deficient,XX,0.27354812326581346,0.2735481232658135,5.551115123125783e-17,0.17646815971619997,-0.09707996354961348,-0.09707996354961354,-0.370628086815427
mixed_rank3_6,F_rank_deficient,XY,0.1787653894407544,0.17876538944075443,2.7755575615628914e-17,0.1790380625176401,0.0002726730768856881,0.00027267307688566556,-0.17849271636386874
mixed_rank3_6,F_rank_deficient,XZ,-0.1442201925170335,-0.14422019251703355,5.551115123125783e-17,-0.1443732254272188,-0.00015303291018531947,-0.0001530329101852579,0.14406715960684824
mixed_rank3_6,F_rank_deficient,YI,-0.16590135271614226,-0.16590135271614226,0.0,-0.16590135271614223,1.9081958235744878e-17,2.7755575615628914e-17,0.1659013527161423
mixed_rank3_6,F_rank_deficient,YX,0.04148253729708891,0.041482537297088895,1.3877787807814457e-17,0.0012984913824870196,-0.04018404591460189,-0.040184045914601875,-0.08166658321169079
mixed_rank3_6,F_rank_deficient,YY,-0.18077829731176784,-0.18077829731176787,2.7755575615628914e-17,-0.19239120472360763,-0.011612907411839797,-0.011612907411839762,0.16916538989992808
mixed_rank3_6,F_rank_deficient,YZ,0.3682268313128308,0.36822683131283096,1.6653345369377348e-16,0.303562594384622,-0.06466423692820877,-0.06466423692820894,-0.43289106824103973
mixed_rank3_6,F_rank_deficient,ZI,0.020970074805912564,0.020970074805912578,1.3877787807814457e-17,0.02097007480591257,5.204170427930421e-18,-6.938893903907228e-18,-0.02097007480591257
mixed_rank3_6,F_rank_deficient,ZX,-0.04521361321170678,-0.0452136132117068,2.0816681711721685e-17,0.0009888479539234933,0.046202461165630274,0.04620246116563029,0.09141607437733706
mixed_rank3_6,F_rank_deficient,ZY,0.28276986505886353,0.2827698650588636,5.551115123125783e-17,0.1767474530316022,-0.10602241202726134,-0.1060224120272614,-0.38879227708612496
mixed_rank3_6,F_rank_deficient,ZZ,0.027534630820184335,0.02753463082018435,1.3877787807814457e-17,-0.03182931050132239,-0.05936394132150673,-0.05936394132150674,-0.08689857214169108
mixed_rank3_7,F_rank_deficient,II,0.510832685670557,0.5108326856705571,1.1102230246251565e-16,0.510832685670557,1.0408340855860843e-17,-1.1102230246251565e-16,-0.5108326856705571
mixed_rank3_7,F_rank_deficient,IX,0.26589339793496947,0.2658933979349696,1.1102230246251565e-16,0.26589339793496947,0.0,-1.1102230246251565e-16,-0.2658933979349696
mixed_rank3_7,F_rank_deficient,IY,0.044720900393730445,0.044720900393730445,0.0,0.044720900393730445,3.469446951953614e-18,0.0,-0.044720900393730445
mixed_rank3_7,F_rank_deficient,IZ,0.016437070408699274,0.016437070408699274,0.0,0.016437070408699274,0.0,0.0,-0.016437070408699274
mixed_rank3_7,F_rank_deficient,XI,-0.1710714067255266,-0.17107140672552665,5.551115123125783e-17,-0.1710714067255266,1.734723475976807e-18,5.551115123125783e-17,0.17107140672552665
mixed_rank3_7,F_rank_deficient,XX,-0.2619608735422818,-0.2619608735422818,0.0,-0.16308146470613677,0.09887940883614502,0.09887940883614504,0.3608402823784268
mixed_rank3_7,F_rank_deficient,XY,-0.2436674958232083,-0.24366749582320837,8.326672684688674e-17,-0.16135207666245302,0.08231541916075527,0.08231541916075535,0.32598291498396365
mixed_rank3_7,F_rank_deficient,XZ,-0.13141721986118268,-0.1314172198611827,2.7755575615628914e-17,-0.07344558907230979,0.057971630788872894,0.05797163078887292,0.18938885065005562
mixed_rank3_7,F_rank_deficient,YI,-0.01307391661860119,-0.013073916618601217,2.6020852139652106e-17,-0.013073916618601189,1.0842021724855044e-18,2.7755575615628914e-17,0.013073916618601219
mixed_rank3_7,F_rank_deficient,YX,0.02150782708058073,0.02150782708058074,1.0408340855860843e-17,-0.009355749574962595,-0.030863576655543325,-0.030863576655543335,-0.05237140373612406
mixed_rank3_7,F_rank_deficient,YY,-0.22644420957969053,-0.22644420957969058,5.551115123125783e-17,-0.1723504498002822,0.05409375977940835,0.05409375977940839,0.2805379693590989
mixed_rank3_7,F_rank_deficient,YZ,0.3217787845880058,0.3217787845880058,0.0,0.24596347680335723,-0.07581530778464855,-0.07581530778464857,-0.39759409237265436
mixed_rank3_7,F_rank_deficient,ZI,0.09056673969774583,0.0905667396977459,6.938893903907228e-17,0.09056673969774581,-8.673617379884035e-18,-8.326672684688674e-17,-0.09056673969774591
mixed_rank3_7,F_rank_deficient,ZX,0.27860299200950533,0.27860299200950533,0.0,0.17537892818924572,-0.10322406382025959,-0.10322406382025962,-0.38182705582976495
mixed_rank3_7,F_rank_deficient,ZY,-0.15534767354671203,-0.15534767354671206,2.7755575615628914e-17,-0.10190418974916512,0.05344348379754692,0.05344348379754693,0.20879115734425896
mixed_rank3_7,F_rank_deficient,ZZ,-0.17750523592656742,-0.17750523592656747,5.551115123125783e-17,-0.14063522425947236,0.036870011667095054,0.03687001166709511,0.21437524759366253
mixed_rank3_8,F_rank_deficient,II,0.6641284394894409,0.6641284394894409,0.0,0.6641284394894409,-1.734723475976807e-18,0.0,-0.6641284394894409
mixed_rank3_8,F_rank_deficient,IX,0.3769973306106578,0.3769973306106579,5.551115123125783e-17,0.3769973306106578,0.0,-5.551115123125783e-17,-0.3769973306106579
mixed_rank3_8,F_rank_deficient,IY,0.3700727653454373,0.3700727653454374,1.1102230246251565e-16,0.3700727653454373,-6.938893903907228e-18,-1.1102230246251565e-16,-0.3700727653454374
mixed_rank3_8,F_rank_deficient,IZ,-0.23219944551558175,-0.23219944551558175,0.0,-0.23219944551558175,0.0,0.0,0.23219944551558175
mixed_rank3_8,F_rank_deficient,XI,-0.24023267111320903,-0.24023267111320912,8.326672684688674e-17,-0.24023267111320903,-8.673617379884035e-18,8.326672684688674e-17,0.24023267111320912
mixed_rank3_8,F_rank_deficient,XX,-0.24966511602554642,-0.24966511602554647,5.551115123125783e-17,-0.16436353168833032,0.0853015843372161,0.08530158433721616,0.33496670036276255
mixed_rank3_8,F_rank_deficient,XY,-0.2295846111482333,-0.22958461114823336,5.551115123125783e-17,-0.21904686324663133,0.010537747901601988,0.01053774790160203,0.24012235904983537
mixed_rank3_8,F_rank_deficient,XZ,-0.10170850969729384,-0.10170850969729386,2.7755575615628914e-17,-0.0346925765134363,0.06701593318385754,0.06701593318385757,0.1687244428811514
mixed_rank3_8,F_rank_deficient,YI,-0.45933625574963305,-0.4593362557496332,1.6653345369377348e-16,-0.45933625574963305,1.5612511283791264e-17,1.6653345369377348e-16,0.4593362557496332
mixed_rank3_8,F_rank_deficient,YX,-0.3138280297700364,-0.31382802977003643,5.551115123125783e-17,-0.3123991042781706,0.0014289254918658165,0.0014289254918658512,0.3152569552619022
mixed_rank3_8,F_rank_deficient,YY,-0.245202034367341,-0.2452020343673411,8.326672684688674e-17,-0.22252525792221614,0.022676776445124867,0.022676776445124947,0.26787881081246595
mixed_rank3_8,F_rank_deficient,YZ,0.35844369992171915,0.3584436999217192,5.551115123125783e-17,0.30747687528133666,-0.0509668246403825,-0.050966824640382546,-0.4094105245621017
mixed_rank3_8,F_rank_deficient,ZI,-0.08576685193405259,-0.08576685193405262,2.7755575615628914e-17,-0.0857668519340526,-1.214306433183765e-17,1.3877787807814457e-17,0.0857668519340526
mixed_rank3_8,F_rank_deficient,ZX,0.12266353420725114,0.12266353420725118,4.163336342344337e-17,0.03831894540997992,-0.08434458879727122,-0.08434458879727126,-0.2070081230045224
mixed_rank3_8,F_rank_deficient,ZY,-0.2567994057509023,-0.2567994057509023,0.0,-0.18684276384062204,0.06995664191028025,0.06995664191028028,0.3267560476611826
mixed_rank3_8,F_rank_deficient,ZZ,-0.013456136038108649,-0.013456136038108649,0.0,-0.04980198697498926,-0.036345850936880614,-0.036345850936880614,-0.022889714898771965
mixed_rank3_9,F_rank_deficient,II,0.48265248115229176,0.4826524811522919,1.6653345369377348e-16,0.48265248115229176,-8.239936510889834e-18,-1.6653345369377348e-16,-0.4826524811522919
mixed_rank3_9,F_rank_deficient,IX,0.11624469048173294,0.11624469048173297,2.7755575615628914e-17,0.11624469048173294,3.469446951953614e-18,-2.7755575615628914e-17,-0.11624469048173297
mixed_rank3_9,F_rank_deficient,IY,0.015978040419536883,0.01597804041953689,6.938893903907228e-18,0.015978040419536883,1.734723475976807e-18,-6.938893903907228e-18,-0.01597804041953689
mixed_rank3_9,F_rank_deficient,IZ,0.23539662331554093,0.23539662331554106,1.3877787807814457e-16,0.23539662331554093,8.673617379884035e-19,-1.3877787807814457e-16,-0.23539662331554106
mixed_rank3_9,F_rank_deficient,XI,-0.2754439335140144,-0.2754439335140144,0.0,-0.2754439335140144,4.7704895589362195e-18,0.0,0.2754439335140144
mixed_rank3_9,F_rank_deficient,XX,-0.15979604157906754,-0.15979604157906757,2.7755575615628914e-17,-0.11020132579357275,0.049594715785494785,0.04959471578549482,0.20939075736456236
mixed_rank3_9,F_rank_deficient,XY,-0.10246139394372229,-0.10246139394372233,4.163336342344337e-17,-0.07841704153183655,0.02404435241188574,0.02404435241188578,0.12650574635560807
mixed_rank3_9,F_rank_deficient,XZ,-0.2647122234945039,-0.264712223494504,1.1102230246251565e-16,-0.2639999163772425,0.0007123071172613835,0.0007123071172615014,0.2654245306117654
mixed_rank3_9,F_rank_deficient,YI,-0.10393867578180323,-0.10393867578180326,2.7755575615628914e-17,-0.10393867578180323,6.505213034913027e-19,2.7755575615628914e-17,0.10393867578180326
mixed_rank3_9,F_rank_deficient,YX,-0.06222646437395443,-0.06222646437395445,2.0816681711721685e-17,-0.03973133096702165,0.02249513340693278,0.0224951334069328,0.08472159778088723
mixed_rank3_9,F_rank_deficient,YY,0.12292165250986155,0.12292165250986159,4.163336342344337e-17,0.06511216975367043,-0.05780948275619112,-0.05780948275619116,-0.18073113526605272
mixed_rank3_9,F_rank_deficient,YZ,-0.14451872701713675,-0.1445187270171368,5.551115123125783e-17,-0.13027985854033353,0.01423886847680323,0.01423886847680328,0.15875759549394003
mixed_rank3_9,F_rank_deficient,ZI,0.05176519636133758,0.0517651963613376,2.0816681711721685e-17,0.05176519636133757,-5.637851296924623e-18,-2.7755575615628914e-17,-0.051765196361337605
mixed_rank3_9,F_rank_deficient,ZX,-0.08102870104681983,-0.08102870104681983,0.0,-0.03772326243782372,0.043305438608996105,0.04330543860899611,0.12433413965581594
mixed_rank3_9,F_rank_deficient,ZY,0.06346908228371306,0.06346908228371309,2.7755575615628914e-17,0.05803251616534958,-0.005436566118363476,-0.00543656611836351,-0.06890564840207657
mixed_rank3_9,F_rank_deficient,ZZ,0.28873277382391904,0.2887327738239191,5.551115123125783e-17,0.2737800104631024,-0.014952763360816645,-0.01495276336081669,-0.30368553718473573
mixed_rank3_10,F_rank_deficient,II,0.43320157180245733,0.43320157180245744,1.1102230246251565e-16,0.43320157180245733,-1.3877787807814457e-17,-1.1102230246251565e-16,-0.43320157180245744
mixed_rank3_10,F_rank_deficient,IX,-0.0017369572669327892,-0.0017369572669327857,3.469446951953614e-18,-0.0017369572669327857,3.469446951953614e-18,0.0,0.0017369572669327892
mixed_rank3_10,F_rank_deficient,IY,-0.11046693104979058,-0.11046693104979058,0.0,-0.11046693104979056,6.938893903907228e-18,1.3877787807814457e-17,0.11046693104979058
mixed_rank3_10,F_rank_deficient,IZ,0.016303767078179807,0.016303767078179814,6.938893903907228e-18,0.016303767078179807,0.0,-6.938893903907228e-18,-0.016303767078179814
mixed_rank3_10,F_rank_deficient,XI,0.18433712153873813,0.18433712153873816,2.7755575615628914e-17,0.18433712153873813,1.3010426069826053e-18,-2.7755575615628914e-17,-0.18433712153873816
mixed_rank3_10,F_rank_deficient,XX,0.08825989789410371,0.08825989789410374,2.7755575615628914e-17,0.08886015134768652,0.0006002534535828018,0.0006002534535827775,-0.08765964444052093
mixed_rank3_10,F_rank_deficient,XY,-0.234173400014886,-0.23417340001488612,1.1102230246251565e-16,-0.16839217867408862,0.06578122134079739,0.0657812213407975,0.2999546213556835
mixed_rank3_10,F_rank_deficient,XZ,0.0803073163863919,0.08030731638639191,1.3877787807814457e-17,0.05599358743840297,-0.024313728947988927,-0.024313728947988937,-0.10462104533438084
mixed_rank3_10,F_rank_deficient,YI,0.14262797489377033,0.14262797489377038,5.551115123125783e-17,0.14262797489377033,-5.637851296924623e-18,-5.551115123125783e-17,-0.14262797489377038
mixed_rank3_10,F_rank_deficient,YX,-0.2100030316264982,-0.21000303162649822,2.7755575615628914e-17,-0.17111138201097836,0.038891649615519816,0.03889164961551986,0.24889468124201802
mixed_rank3_10,F_rank_deficient,YY,-0.08785500431908354,-0.08785500431908355,1.3877787807814457e-17,-0.062267130600263926,0.025587873718819612,0.025587873718819626,0.11344287803790316
mixed_rank3_10,F_rank_deficient,YZ,-0.13728148632650178,-0.13728148632650183,5.551115123125783e-17,-0.11600561267300968,0.021275873653492098,0.02127587365349215,0.15855735997999393
mixed_rank3_10,F_rank_deficient,ZI,0.11859849078570503,0.11859849078570504,1.3877787807814457e-17,0.11859849078570502,-6.938893903907228e-18,-2.7755575615628914e-17,-0.11859849078570506
mixed_rank3_10,F_rank_deficient,ZX,-0.11395793150669101,-0.11395793150669105,4.163336342344337e-17,-0.07410477940964419,0.03985315209704682,0.03985315209704686,0.15381108360373785
mixed_rank3_10,F_rank_deficient,ZY,0.031066750343770613,0.031066750343770627,1.3877787807814457e-17,0.026769267557853787,-0.0042974827859168264,-0.00429748278591684,-0.03536423312968745
mixed_rank3_10,F_rank_deficient,ZZ,0.179991660949967,0.17999166094996702,2.7755575615628914e-17,0.1168950923518844,-0.0630965685980826,-0.06309656859808262,-0.24308822954804962
mixed_rank3_11,F_rank_deficient,II,0.7625991769704308,0.7625991769704309,1.1102230246251565e-16,0.7625991769704308,6.938893903907228e-18,-1.1102230246251565e-16,-0.7625991769704309
mixed_rank3_11,F_rank_deficient,IX,-0.2950038007324148,-0.29500380073241483,5.551115123125783e-17,-0.2950038007324148,-1.3877787807814457e-17,5.551115123125783e-17,0.29500380073241483
mixed_rank3_11,F_rank_deficient,IY,-0.21242771950237355,-0.21242771950237366,1.1102230246251565e-16,-0.21242771950237357,-1.3877787807814457e-17,8.326672684688674e-17,0.21242771950237366
mixed_rank3_11,F_rank_deficient,IZ,-0.239657286487306,-0.23965728648730608,8.326672684688674e-17,-0.239657286487306,-1.3877787807814457e-17,8.326672684688674e-17,0.23965728648730605
mixed_rank3_11,F_rank_deficient,XI,-0.07544301437925457,-0.07544301437925455,2.7755575615628914e-17,-0.07544301437925457,3.469446951953614e-18,-2.7755575615628914e-17,0.07544301437925455
mixed_rank3_11,F_rank_deficient,XX,0.3061482605875876,0.3061482605875876,0.0,0.15397824332371024,-0.15217001726387733,-0.15217001726387736,-0.45831827785146495
mixed_rank3_11,F_rank_deficient,XY,0.29048822169492006,0.29048822169492017,1.1102230246251565e-16,0.19301984662910518,-0.0974683750658149,-0.09746837506581499,-0.3879565967607351
mixed_rank3_11,F_rank_deficient,XZ,-0.43393578327208376,-0.4339357832720838,5.551115123125783e-17,-0.24686875411031778,0.18706702916176599,0.18706702916176604,0.6210028124338498
mixed_rank3_11,F_rank_deficient,YI,0.010857488200973639,0.010857488200973642,3.469446951953614e-18,0.010857488200973642,3.469446951953614e-18,0.0,-0.010857488200973639
mixed_rank3_11,F_rank_deficient,YX,0.36114220365279615,0.36114220365279615,0.0,0.1913328146642744,-0.16980938898852171,-0.16980938898852174,-0.5309515926413179
mixed_rank3_11,F_rank_deficient,YY,-0.47622247387428934,-0.4762224738742895,1.6653345369377348e-16,-0.26472149416781826,0.21150097970647108,0.21150097970647125,0.6877234535807606
mixed_rank3_11,F_rank_deficient,YZ,-0.037241015609460186,-0.037241015609460214,2.7755575615628914e-17,0.019520514941161728,0.056761530550621914,0.05676153055062194,0.09400254616008213
mixed_rank3_11,F_rank_deficient,ZI,-0.43990453819686587,-0.43990453819686587,0.0,-0.4399045381968658,3.469446951953614e-17,5.551115123125783e-17,0.4399045381968659
mixed_rank3_11,F_rank_deficient,ZX,0.46521141607441385,0.46521141607441385,0.0,0.33710895238542377,-0.1281024636889901,-0.1281024636889901,-0.5933138797634039
mixed_rank3_11,F_rank_deficient,ZY,0.3011244890072336,0.30112448900723365,5.551115123125783e-17,0.1920973588207687,-0.10902713018646491,-0.10902713018646495,-0.4101516191936986
mixed_rank3_11,F_rank_deficient,ZZ,0.48655596400522066,0.4865559640052209,2.220446049250313e-16,0.3448683708651968,-0.14168759314002388,-0.1416875931400241,-0.6282435571452447
mixed_rank3_12,F_rank_deficient,II,0.5088651641841292,0.5088651641841294,2.220446049250313e-16,0.5088651641841292,6.938893903907228e-18,-2.220446049250313e-16,-0.5088651641841294
mixed_rank3_12,F_rank_deficient,IX,0.201447572425676,0.20144757242567607,5.551115123125783e-17,0.201447572425676,1.3877787807814457e-17,-5.551115123125783e-17,-0.20144757242567607
mixed_rank3_12,F_rank_deficient,IY,-0.04268868771363926,-0.042688687713639276,1.3877787807814457e-17,-0.04268868771363926,0.0,1.3877787807814457e-17,0.042688687713639276
mixed_rank3_12,F_rank_deficient,IZ,0.21943105315904182,0.21943105315904193,1.1102230246251565e-16,0.21943105315904182,-3.469446951953614e-18,-1.1102230246251565e-16,-0.21943105315904193
mixed_rank3_12,F_rank_deficient,XI,0.23342436243872447,0.23342436243872453,5.551115123125783e-17,0.23342436243872447,5.204170427930421e-18,-5.551115123125783e-17,-0.23342436243872453
mixed_rank3_12,F_rank_deficient,XX,0.16086012249523968,0.16086012249523973,5.551115123125783e-17,0.16595955055595585,0.0050994280607161695,0.005099428060716116,-0.15576069443452356
mixed_rank3_12,F_rank_deficient,XY,-0.26563408344111755,-0.2656340834411176,5.551115123125783e-17,-0.22273634695244918,0.04289773648866837,0.04289773648866843,0.30853181992978596
mixed_rank3_12,F_rank_deficient,XZ,0.1849234899871811,0.1849234899871812,8.326672684688674e-17,0.18399617571473703,-0.0009273142724440927,-0.000927314272444163,-0.18585080425962527
mixed_rank3_12,F_rank_deficient,YI,0.02671378981354515,0.02671378981354511,3.8163916471489756e-17,0.02671378981354515,0.0,3.8163916471489756e-17,-0.02671378981354511
mixed_rank3_12,F_rank_deficient,YX,-0.048911510313416326,-0.04891151031341637,4.163336342344337e-17,-0.08398802723936458,-0.03507651692594825,-0.03507651692594821,0.013834993387468117
mixed_rank3_12,F_rank_deficient,YY,0.05893371535257931,0.05893371535257933,2.0816681711721685e-17,0.01292679698905011,-0.0460069183635292,-0.04600691836352922,-0.10494063371610854
mixed_rank3_12,F_rank_deficient,YZ,0.2609372091585112,0.26093720915851126,5.551115123125783e-17,0.20530706843972302,-0.0556301407187882,-0.055630140718788246,-0.31656734987729945
mixed_rank3_12,F_rank_deficient,ZI,-0.08476548205368475,-0.08476548205368473,2.7755575615628914e-17,-0.08476548205368475,0.0,-2.7755575615628914e-17,0.08476548205368473
mixed_rank3_12,F_rank_deficient,ZX,0.18548444401340547,0.18548444401340547,0.0,0.08393314896722144,-0.10155129504618401,-0.10155129504618403,-0.28703573905958946
mixed_rank3_12,F_rank_deficient,ZY,0.039700422803444484,0.03970042280344449,6.938893903907228e-18,-0.023328237381353596,-0.06302866018479808,-0.06302866018479808,-0.10272908298824257
mixed_rank3_12,F_rank_deficient,ZZ,-0.06981036086331696,-0.06981036086331696,0.0,-0.10344142936084944,-0.03363106849753248,-0.033631068497532474,0.03617929236578448
mixed_rank3_13,F_rank_deficient,II,0.5362582145161019,0.5362582145161019,0.0,0.5362582145161019,-6.5052130349130266e-18,0.0,-0.5362582145161019
mixed_rank3_13,F_rank_deficient,IX,0.33618735490988627,0.3361873549098864,1.1102230246251565e-16,0.33618735490988627,-6.938893903907228e-18,-1.1102230246251565e-16,-0.3361873549098864
mixed_rank3_13,F_rank_deficient,IY,0.06748167449018491,0.06748167449018493,1.3877787807814457e-17,0.06748167449018491,-3.469446951953614e-18,-1.3877787807814457e-17,-0.06748167449018493
mixed_rank3_13,F_rank_deficient,IZ,0.13779631451902413,0.13779631451902413,0.0,0.13779631451902413,8.673617379884035e-19,0.0,-0.13779631451902413
mixed_rank3_13,F_rank_deficient,XI,-0.11552745184729049,-0.11552745184729052,2.7755575615628914e-17,-0.11552745184729049,-2.710505431213761e-18,2.7755575615628914e-17,0.11552745184729052
mixed_rank3_13,F_rank_deficient,XX,-0.1502405119638482,-0.15024051196384822,2.7755575615628914e-17,-0.16548505148735468,-0.015244539523506491,-0.015244539523506462,0.13499597244034173
mixed_rank3_13,F_rank_deficient,XY,-0.13241316514636176,-0.13241316514636178,2.7755575615628914e-17,-0.04503554338013653,0.08737762176622524,0.08737762176622525,0.21979078691258702
mixed_rank3_13,F_rank_deficient,XZ,0.15798481417621643,0.15798481417621646,2.7755575615628914e-17,0.14749952119388499,-0.010485292982331444,-0.010485292982331473,-0.1684701071585479
mixed_rank3_13,F_rank_deficient,YI,0.24703537559823627,0.2470353755982363,2.7755575615628914e-17,0.24703537559823627,1.0299920638612292e-17,-2.7755575615628914e-17,-0.2470353755982363
mixed_rank3_13,F_rank_deficient,YX,0.11770870863139798,0.11770870863139798,0.0,0.11430646230670868,-0.0034022463246892957,-0.003402246324689301,-0.12111095495608729
mixed_rank3_13,F_rank_deficient,YY,0.07953905286851387,0.07953905286851388,1.3877787807814457e-17,0.0469286384244209,-0.032610414444092975,-0.03261041444409298,-0.11214946731260686
mixed_rank3_13,F_rank_deficient,YZ,0.2773293029310152,0.2773293029310153,1.1102230246251565e-16,0.26790416316739685,-0.009425139763618341,-0.009425139763618473,-0.2867544426946337
mixed_rank3_13,F_rank_deficient,ZI,0.19490061797879984,0.19490061797879998,1.3877787807814457e-16,0.19490061797879984,1.3227266504323154e-17,-1.3877787807814457e-16,-0.19490061797879998
mixed_rank3_13,F_rank_deficient,ZX,0.27632530392522014,0.2763253039252202,5.551115123125783e-17,0.24943084651648126,-0.026894457408738897,-0.026894457408738942,-0.3032197613339591
mixed_rank3_13,F_rank_deficient,ZY,-0.03150187343846614,-0.03150187343846616,2.0816681711721685e-17,0.028580067744658832,0.06008194118312497,0.06008194118312499,0.09158381462159113
mixed_rank3_13,F_rank_deficient,ZZ,-0.08803444020513432,-0.08803444020513436,4.163336342344337e-17,-0.0937106794246873,-0.005676239219552985,-0.005676239219552945,0.08235820098558137
mixed_rank3_14,F_rank_deficient,II,0.49619264168601784,0.496192641686018,1.6653345369377348e-16,0.49619264168601784,1.214306433183765e-17,-1.6653345369377348e-16,-0.496192641686018
mixed_rank3_14,F_rank_deficient,IX,0.1427182978310384,0.14271829783103843,2.7755575615628914e-17,0.1427182978310384,-3.469446951953614e-18,-2.7755575615628914e-17,-0.14271829783103843
mixed_rank3_14,F_rank_deficient,IY,-0.14327813276643164,-0.14327813276643164,0.0,-0.14327813276643164,0.0,0.0,0.14327813276643164
mixed_rank3_14,F_rank_deficient,IZ,-0.08464855314265268,-0.08464855314265267,1.3877787807814457e-17,-0.08464855314265268,0.0,-1.3877787807814457e-17,0.08464855314265267
mixed_rank3_14,F_rank_deficient,XI,0.08027113336644527,0.08027113336644529,1.3877787807814457e-17,0.08027113336644527,-4.336808689942018e-18,-1.3877787807814457e-17,-0.08027113336644529
mixed_rank3_14,F_rank_deficient,XX,0.18770613182335408,0.18770613182335408,0.0,0.17683661403166134,-0.010869517791692727,-0.010869517791692734,-0.1985756496150468
mixed_rank3_14,F_rank_deficient,XY,-0.13337148810014293,-0.13337148810014296,2.7755575615628914e-17,-0.0760347412670999,0.05733674683304302,0.05733674683304306,0.19070823493318598
mixed_rank3_14,F_rank_deficient,XZ,0.15777840644232588,0.15777840644232588,0.0,0.13386602015352558,-0.023912386288800304,-0.023912386288800297,-0.18169079273112618
mixed_rank3_14,F_rank_deficient,YI,-0.08889413994872125,-0.08889413994872128,2.7755575615628914e-17,-0.08889413994872125,0.0,2.7755575615628914e-17,0.08889413994872128
mixed_rank3_14,F_rank_deficient,YX,-0.1520001873292267,-0.15200018732922674,2.7755575615628914e-17,-0.11820759936939552,0.03379258795983118,0.03379258795983121,0.1857927752890579
mixed_rank3_14,F_rank_deficient,YY,-0.12964730334766558,-0.12964730334766564,5.551115123125783e-17,-0.052280180974288264,0.07736712237337733,0.07736712237337737,0.20701442572104295
mixed_rank3_14,F_rank_deficient,YZ,-0.12493660878381557,-0.1249366087838156,2.7755575615628914e-17,-0.13209662993090668,-0.0071600211470911074,-0.007160021147091078,0.1177765876367245
mixed_rank3_14,F_rank_deficient,ZI,-0.3293445098107295,-0.32934450981072955,5.551115123125783e-17,-0.3293445098107295,-5.204170427930421e-18,5.551115123125783e-17,0.32934450981072955
mixed_rank3_14,F_rank_deficient,ZX,-0.15191940677575558,-0.1519194067757556,2.7755575615628914e-17,-0.11291800295784021,0.03900140381791537,0.03900140381791539,0.19092081059367097
mixed_rank3_14,F_rank_deficient,ZY,0.10563555623962251,0.10563555623962254,2.7755575615628914e-17,0.12382314463245692,0.018187588392834415,0.01818758839283438,-0.08744796784678813
mixed_rank3_14,F_rank_deficient,ZZ,0.22093344673346443,0.22093344673346446,2.7755575615628914e-17,0.1807635496592322,-0.04016989707423224,-0.04016989707423227,-0.26110334380769673
mixed_rank3_15,F_rank_deficient,II,0.5143119519661594,0.5143119519661596,2.220446049250313e-16,0.5143119519661594,-4.336808689942018e-18,-2.220446049250313e-16,-0.5143119519661596
mixed_rank3_15,F_rank_deficient,IX,0.04745135380629227,0.047451353806292264,6.938893903907228e-18,0.04745135380629226,-1.3877787807814457e-17,-6.938893903907228e-18,-0.04745135380629228
mixed_rank3_15,F_rank_deficient,IY,-0.10308172406913309,-0.1030817240691331,1.3877787807814457e-17,-0.10308172406913309,-8.673617379884035e-19,1.3877787807814457e-17,0.1030817240691331
mixed_rank3_15,F_rank_deficient,IZ,-0.13604528092048812,-0.13604528092048818,5.551115123125783e-17,-0.13604528092048812,-8.673617379884035e-19,5.551115123125783e-17,0.13604528092048818
mixed_rank3_15,F_rank_deficient,XI,-0.22573736598202931,-0.22573736598202937,5.551115123125783e-17,-0.22573736598202931,6.938893903907228e-18,5.551115123125783e-17,0.22573736598202937
mixed_rank3_15,F_rank_deficient,XX,-0.057922932143162714,-0.057922932143162686,2.7755575615628914e-17,-0.020307446169978115,0.0376154859731846,0.03761548597318457,0.09553841811634728
mixed_rank3_15,F_rank_deficient,XY,0.2756048804282937,0.27560488042829373,5.551115123125783e-17,0.20958330457819424,-0.06602157585009943,-0.06602157585009949,-0.34162645627839316
mixed_rank3_15,F_rank_deficient,XZ,0.3196453647301562,0.31964536473015626,5.551115123125783e-17,0.2018589050875887,-0.1177864596425675,-0.11778645964256756,-0.43743182437272377
mixed_rank3_15,F_rank_deficient,YI,-0.0018838015282023196,-0.0018838015282023057,1.3877787807814457e-17,-0.0018838015282023196,0.0,-1.3877787807814457e-17,0.0018838015282023057
mixed_rank3_15,F_rank_deficient,YX,-0.05015399354399716,-0.05015399354399718,2.0816681711721685e-17,0.005066821305159517,0.055220814849156676,0.055220814849156696,0.10537480839315386
mixed_rank3_15,F_rank_deficient,YY,-0.32723459777526326,-0.3272345977752633,5.551115123125783e-17,-0.24078320950725918,0.08645138826800408,0.08645138826800414,0.4136859860432674
mixed_rank3_15,F_rank_deficient,YZ,0.23389749462693707,0.2338974946269371,2.7755575615628914e-17,0.13570862158819447,-0.0981888730387426,-0.09818887303874263,-0.33208636766567967
mixed_rank3_15,F_rank_deficient,ZI,-0.006253573595540248,-0.006253573595540199,4.9439619065339e-17,-0.0062535735955402405,7.806255641895632e-18,-4.163336342344337e-17,0.006253573595540207
mixed_rank3_15,F_rank_deficient,ZX,-0.383964004458626,-0.3839640044586261,1.1102230246251565e-16,-0.24495763032042822,0.13900637413819775,0.13900637413819789,0.5229703785968238
mixed_rank3_15,F_rank_deficient,ZY,0.03918641984925823,0.03918641984925825,1.3877787807814457e-17,0.04110277596904548,0.0019163561197872443,0.0019163561197872298,-0.037270063729471004
mixed_rank3_15,F_rank_deficient,ZZ,-0.10121645306728551,-0.10121645306728551,0.0,-0.10254823854994821,-0.0013317854826626991,-0.0013317854826627035,0.0998846675846228
mixed_rank3_16,F_rank_deficient,II,0.5535820181460822,0.5535820181460824,2.220446049250313e-16,0.5535820181460822,1.734723475976807e-18,-2.220446049250313e-16,-0.5535820181460824
mixed_rank3_16,F_rank_deficient,IX,-0.14813776922184776,-0.1481377692218478,2.7755575615628914e-17,-0.14813776922184776,1.734723475976807e-18,2.7755575615628914e-17,0.1481377692218478
mixed_rank3_16,F_rank_deficient,IY,0.4265779324887893,0.42657793248878934,5.551115123125783e-17,0.4265779324887893,3.469446951953614e-18,-5.551115123125783e-17,-0.42657793248878934
mixed_rank3_16,F_rank_deficient,IZ,-0.22837720687063823,-0.22837720687063826,2.7755575615628914e-17,-0.22837720687063823,-1.0408340855860843e-17,2.7755575615628914e-17,0.22837720687063826
mixed_rank3_16,F_rank_deficient,XI,0.29815597903502444,0.2981559790350245,5.551115123125783e-17,0.29815597903502444,-8.673617379884035e-19,-5.551115123125783e-17,-0.2981559790350245
mixed_rank3_16,F_rank_deficient,XX,-0.023864140477496614,-0.023864140477496604,1.0408340855860843e-17,-0.03096467904004345,-0.0071005385625468355,-0.007100538562546846,0.016763601914949768
mixed_rank3_16,F_rank_deficient,XY,0.2714335902610684,0.2714335902610684,0.0,0.2606444244603089,-0.010789165800759504,-0.010789165800759504,-0.2822227560618279
mixed_rank3_16,F_rank_deficient,XZ,-0.21238343679036956,-0.21238343679036958,2.7755575615628914e-17,-0.1705875372778801,0.041795899512489465,0.04179589951248949,0.25417933630285905
mixed_rank3_16,F_rank_deficient,YI,-0.26800651577600754,-0.26800651577600754,0.0,-0.26800651577600754,-8.673617379884035e-18,0.0,0.26800651577600754
mixed_rank3_16,F_rank_deficient,YX,0.1986822080638603,0.1986822080638604,8.326672684688674e-17,0.16454039793991948,-0.03414181012394083,-0.03414181012394091,-0.2328240181878012
mixed_rank3_16,F_rank_deficient,YY,-0.2393128866975894,-0.2393128866975895,8.326672684688674e-17,-0.22148613732489864,0.017826749372690777,0.017826749372690853,0.2571396360702803
mixed_rank3_16,F_rank_deficient,YZ,0.03583893220298208,0.03583893220298211,2.7755575615628914e-17,0.06115472244488496,0.025315790241902874,0.02531579024190285,-0.010523141961079233
mixed_rank3_16,F_rank_deficient,ZI,0.1135671185712433,0.1135671185712433,0.0,0.1135671185712433,-1.734723475976807e-18,0.0,-0.1135671185712433
mixed_rank3_16,F_rank_deficient,ZX,0.085798186455605,0.08579818645560501,1.3877787807814457e-17,0.05832318571580124,-0.027475000739803752,-0.027475000739803773,-0.11327318719540877
mixed_rank3_16,F_rank_deficient,ZY,0.17971649130022682,0.1797164913002268,2.7755575615628914e-17,0.1525366394030346,-0.027179851897192207,-0.027179851897192187,-0.206896343197419
mixed_rank3_16,F_rank_deficient,ZZ,0.045235871344867784,0.0452358713448678,1.3877787807814457e-17,0.0032271056576288065,-0.04200876568723898,-0.04200876568723899,-0.08724463703210678
mixed_rank3_17,F_rank_deficient,II,0.6964770672042434,0.6964770672042437,3.3306690738754696e-16,0.6964770672042434,1.3877787807814457e-17,-3.3306690738754696e-16,-0.6964770672042437
mixed_rank3_17,F_rank_deficient,IX,0.16342512877214205,0.16342512877214205,0.0,0.16342512877214205,6.938893903907228e-18,0.0,-0.16342512877214205
mixed_rank3_17,F_rank_deficient,IY,0.41406080563560677,0.4140608056356068,5.551115123125783e-17,0.41406080563560677,6.938893903907228e-18,-5.551115123125783e-17,-0.4140608056356068
mixed_rank3_17,F_rank_deficient,IZ,-0.10585113652411231,-0.10585113652411231,0.0,-0.10585113652411231,0.0,0.0,0.10585113652411231
mixed_rank3_17,F_rank_deficient,XI,-0.12894781815917822,-0.12894781815917822,0.0,-0.12894781815917822,5.204170427930421e-18,0.0,0.12894781815917822
mixed_rank3_17,F_rank_deficient,XX,-0.49693325754141315,-0.49693325754141304,1.1102230246251565e-16,-0.3270160608665079,0.1699171966749052,0.16991719667490512,0.6668504542163183
mixed_rank3_17,F_rank_deficient,XY,0.03679457592032896,0.036794575920328976,1.3877787807814457e-17,-0.010664012085974022,-0.04745858800630298,-0.047458588006302996,-0.08425316392663196
mixed_rank3_17,F_rank_deficient,XZ,0.15195365819371143,0.15195365819371145,2.7755575615628914e-17,0.1324842717808411,-0.019469386412870316,-0.019469386412870354,-0.17142304460658178
mixed_rank3_17,F_rank_deficient,YI,-0.4263522488939634,-0.4263522488939635,1.1102230246251565e-16,-0.4263522488939634,0.0,1.1102230246251565e-16,0.4263522488939635
mixed_rank3_17,F_rank_deficient,YX,-0.12477928167015534,-0.1247792816701554,5.551115123125783e-17,-0.11847732731404678,0.006301954356108551,0.006301954356108613,0.13108123602626395
mixed_rank3_17,F_rank_deficient,YY,-0.6200417688119337,-0.620041768811934,2.220446049250313e-16,-0.44991216709000786,0.1701296017219259,0.1701296017219261,0.7901713705338599
mixed_rank3_17,F_rank_deficient,YZ,0.1177145187451796,0.11771451874517964,4.163336342344337e-17,0.09114075737666896,-0.02657376136851064,-0.02657376136851068,-0.14428828011369027
mixed_rank3_17,F_rank_deficient,ZI,-0.03835888469635394,-0.038358884696353956,1.3877787807814457e-17,-0.038358884696353915,2.7755575615628914e-17,4.163336342344337e-17,0.038358884696353984
mixed_rank3_17,F_rank_deficient,ZX,-0.12775113379057,-0.12775113379057002,2.7755575615628914e-17,-0.04840821894124011,0.07934291484932987,0.0793429148493299,0.20709404863989989
mixed_rank3_17,F_rank_deficient,ZY,-0.07905710829999553,-0.07905710829999558,5.551115123125783e-17,-0.07103293218765028,0.008024176112345252,0.008024176112345308,0.08708128441234084
mixed_rank3_17,F_rank_deficient,ZZ,-0.4541210102055562,-0.45412101020555634,1.6653345369377348e-16,-0.24170529491268106,0.21241571529287512,0.21241571529287528,0.6665367254984315
mixed_rank3_18,F_rank_deficient,II,0.4488307545226362,0.4488307545226363,1.1102230246251565e-16,0.4488307545226362,4.336808689942018e-18,-1.1102230246251565e-16,-0.4488307545226363
mixed_rank3_18,F_rank_deficient,IX,0.2772567508031297,0.2772567508031298,5.551115123125783e-17,0.2772567508031297,6.938893903907228e-18,-5.551115123125783e-17,-0.2772567508031298
mixed_rank3_18,F_rank_deficient,IY,-0.14638869591655593,-0.14638869591655596,2.7755575615628914e-17,-0.14638869591655593,2.168404344971009e-19,2.7755575615628914e-17,0.14638869591655596
mixed_rank3_18,F_rank_deficient,IZ,0.02768658082278326,0.027686580822783247,1.3877787807814457e-17,0.027686580822783264,4.336808689942018e-18,1.734723475976807e-17,-0.027686580822783243
mixed_rank3_18,F_rank_deficient,XI,-0.0012634883983004448,-0.001263488398300443,1.734723475976807e-18,-0.0012634883983004448,0.0,-1.734723475976807e-18,0.001263488398300443
mixed_rank3_18,F_rank_deficient,XX,-0.0029284735652432316,-0.002928473565243228,3.469446951953614e-18,-0.025995276407404493,-0.02306680284216126,-0.023066802842161265,-0.020138329276918034
mixed_rank3_18,F_rank_deficient,XY,-0.10010016099300277,-0.10010016099300278,1.3877787807814457e-17,-0.04106064374628507,0.0590395172467177,0.059039517246717715,0.15913967823972047
mixed_rank3_18,F_rank_deficient,XZ,0.047095148912572445,0.04709514891257245,6.938893903907228e-18,0.02803340763534857,-0.019061741277223876,-0.019061741277223883,-0.06615689018979633
mixed_rank3_18,F_rank_deficient,YI,-0.09971041674064669,-0.0997104167406467,1.3877787807814457e-17,-0.09971041674064669,-8.673617379884035e-19,1.3877787807814457e-17,0.0997104167406467
mixed_rank3_18,F_rank_deficient,YX,-0.16495910063797412,-0.16495910063797417,5.551115123125783e-17,-0.16111361018429626,0.003845490453677854,0.0038454904536779078,0.16880459109165202
mixed_rank3_18,F_rank_deficient,YY,0.044639541520081004,0.044639541520081025,2.0816681711721685e-17,0.03690240336767366,-0.0077371381524073395,-0.007737138152407362,-0.052376679672488366
mixed_rank3_18,F_rank_deficient,YZ,0.22612413614143367,0.22612413614143367,0.0,0.21732715876076272,-0.008796977380670944,-0.00879697738067095,-0.23492111352210462
mixed_rank3_18,F_rank_deficient,ZI,0.20592453359333868,0.20592453359333868,0.0,0.20592453359333868,7.806255641895632e-18,0.0,-0.20592453359333868
mixed_rank3_18,F_rank_deficient,ZX,0.22042630972225113,0.22042630972225125,1.1102230246251565e-16,0.19977724111161282,-0.020649068610638324,-0.02064906861063842,-0.24107537833288956
mixed_rank3_18,F_rank_deficient,ZY,-0.0036087646549668624,-0.003608764654966859,3.469446951953614e-18,-0.001609768311546661,0.0019989963434202014,0.001998996343420198,0.00560776099838706
mixed_rank3_18,F_rank_deficient,ZZ,0.03873306927965624,0.03873306927965627,3.469446951953614e-17,0.025924676318246367,-0.01280839296140987,-0.012808392961409905,-0.05154146224106614
mixed_rank3_19,F_rank_deficient,II,0.5768246975800388,0.576824697580039,1.1102230246251565e-16,0.5768246975800388,-3.469446951953614e-18,-1.1102230246251565e-16,-0.576824697580039
mixed_rank3_19,F_rank_deficient,IX,-0.19858563342507013,-0.19858563342507018,5.551115123125783e-17,-0.19858563342507013,-3.0357660829594124e-18,5.551115123125783e-17,0.19858563342507018
mixed_rank3_19,F_rank_deficient,IY,0.2609030226111697,0.2609030226111697,0.0,0.2609030226111697,-6.938893903907228e-18,0.0,-0.2609030226111697
mixed_rank3_19,F_rank_deficient,IZ,0.14151580746293418,0.14151580746293418,0.0,0.14151580746293416,-1.3877787807814457e-17,-2.7755575615628914e-17,-0.14151580746293418
mixed_rank3_19,F_rank_deficient,XI,-0.16267764528582124,-0.16267764528582127,2.7755575615628914e-17,-0.16267764528582124,-3.469446951953614e-18,2.7755575615628914e-17,0.16267764528582127
mixed_rank3_19,F_rank_deficient,XX,-0.13013363999873773,-0.13013363999873775,2.7755575615628914e-17,-0.045809492468841376,0.08432414752989634,0.08432414752989638,0.2144577875286341
mixed_rank3_19,F_rank_deficient,XY,-0.3118149388076976,-0.31181493880769773,1.1102230246251565e-16,-0.17754499284713735,0.13426994596056024,0.13426994596056038,0.44608488476825797
mixed_rank3_19,F_rank_deficient,XZ,0.012738856043400568,0.012738856043400582,1.3877787807814457e-17,-0.01259327936063806,-0.025332135404038628,-0.02533213540403864,-0.03807099144743921
mixed_rank3_19,F_rank_deficient,YI,0.3000645864595885,0.30006458645958856,5.551115123125783e-17,0.3000645864595885,6.938893903907228e-18,-5.551115123125783e-17,-0.30006458645958856
mixed_rank3_19,F_rank_deficient,YX,-0.42458192187961885,-0.42458192187961885,0.0,-0.36925623831237636,0.05532568356724248,0.05532568356724249,0.47990760544686134
mixed_rank3_19,F_rank_deficient,YY,0.2880234291608695,0.2880234291608696,1.1102230246251565e-16,0.25449163686643295,-0.03353179229443654,-0.033531792294436646,-0.32155522145530613
mixed_rank3_19,F_rank_deficient,YZ,0.027867139816149956,0.027867139816149952,3.469446951953614e-18,0.027756779769206905,-0.00011036004694305046,-0.00011036004694304699,-0.027977499863093003
mixed_rank3_19,F_rank_deficient,ZI,0.1633353059437167,0.16333530594371679,8.326672684688674e-17,0.1633353059437167,1.3877787807814457e-17,-8.326672684688674e-17,-0.16333530594371676
mixed_rank3_19,F_rank_deficient,ZX,-0.006047917110949995,-0.0060479171109500095,1.474514954580286e-17,-0.011797133663806495,-0.005749216552856501,-0.005749216552856486,0.00029870055809350874
mixed_rank3_19,F_rank_deficient,ZY,0.07454003972713041,0.07454003972713041,0.0,0.063222616429377,-0.011317423297753412,-0.011317423297753412,-0.08585746302488383
mixed_rank3_19,F_rank_deficient,ZZ,0.34895398414429757,0.34895398414429757,0.0,0.2267217716868274,-0.12223221245747015,-0.12223221245747018,-0.47118619660176775
